variant,simulation_id,time_s,flow_lpm,model_T8_K,observed_T8_K,model_T12_K,observed_T12_K,model_T11_K,observed_T11_K,model_T9_K,observed_T9_K,model_T10_K,observed_T10_K,model_T3_K,observed_T3_K,model_T2_K,observed_T2_K,model_dp1_mbar,observed_dp1_mbar
apparent_prescribed_v9,E67,0.0,15.279999999999998,293.3685,296.62199999999996,293.3685,296.25,293.3685,296.35299999999995,293.3685,296.22499999999997,293.3685,296.43399999999997,293.3684999999999,296.686,293.3685,293.39799999999997,0.07655399940180319,0.146
apparent_prescribed_v9,E67,50.0,15.271,644.4104306041925,383.55999999999995,411.51951288610337,341.47999999999996,344.02333946870914,308.99899999999997,412.1621636057104,316.138,344.2750421683457,300.25399999999996,384.71263826797565,299.786,293.36996444251236,293.414,0.823221502597078,0.316
apparent_prescribed_v9,E67,100.0,15.279,771.3124180168252,540.75,509.6778447858708,473.256,398.4567438346446,376.486,510.6855578394009,420.83,398.8791320310322,346.76099999999997,443.2915554649925,327.39099999999996,293.3818848869361,293.438,1.2717942302781022,0.6
apparent_prescribed_v9,E67,150.0,15.276,834.3251379357255,664.299,581.0615577334221,589.1769999999999,447.0217928785287,445.365,582.3175747932863,529.854,447.5870425563087,403.433,483.6933770620649,354.489,293.42244382136477,293.471,1.5656597308680351,0.864
apparent_prescribed_v9,E67,200.0,15.274999999999999,869.770214682788,748.8409999999999,632.3220464313706,676.7909999999999,487.83922871093625,499.078,633.7305282750702,618.247,488.5153186276673,448.715,512.6394882835992,378.13699999999994,293.52169987660267,293.50899999999996,1.768377951176146,1.033
apparent_prescribed_v9,E67,250.0,15.288000000000002,891.3072745619957,809.804,669.452838680641,746.2349999999999,521.500341565184,544.2439999999999,670.9479266828355,691.87,522.2588241268262,487.053,534.0356263271967,398.99399999999997,293.7156540365123,293.53999999999996,1.9164494014705378,1.192
apparent_prescribed_v9,E67,300.0,15.274000000000001,905.5087243197759,854.7379999999999,696.8093414099902,803.725,549.1211955342633,584.703,698.3491725422994,752.739,549.9389550470983,521.4689999999999,550.2012328280784,420.99299999999994,294.0383457745128,293.59299999999996,2.0200764962003963,1.326
apparent_prescribed_v9,E67,350.0,15.269,915.4407779532637,882.3009999999999,717.4322295931665,844.107,571.8433792168995,616.0509999999999,718.9913332913129,795.891,572.7028707648401,548.444,562.7923006923899,442.34799999999996,294.5161021780148,293.645,2.1003525124091946,1.439
apparent_prescribed_v9,E67,400.0,15.283999999999999,922.3746694910508,903.242,733.2712568332496,877.372,590.6517415464411,644.2819999999999,734.8338654317168,831.799,591.5399420552532,572.938,572.805067899209,461.29599999999994,295.16460621551755,293.70799999999997,2.1676406433495963,1.538
apparent_prescribed_v9,E67,450.0,15.280000000000001,927.5393286372395,918.233,745.6680686886687,900.886,606.3138341066058,666.63,747.2249122014553,857.492,607.2209730695847,592.479,580.8128287770835,478.52299999999997,295.98846673160807,293.78099999999995,2.216728973130776,1.614
apparent_prescribed_v9,E67,500.0,15.284,931.5272733240026,930.434,755.5867365695691,919.933,619.4569276331666,685.787,757.1326538280738,878.2909999999999,620.3759419658481,609.479,587.3967482581788,494.013,296.9824040333227,293.83799999999997,2.2585090390469897,1.707
apparent_prescribed_v9,E67,550.0,15.283,934.6795856530205,938.485,763.660640878082,935.644,630.5738064639685,703.467,765.1928759915818,895.824,631.4995328464552,625.688,592.8466461513069,510.158,298.13325535362617,293.935,2.291683351969561,1.761
apparent_prescribed_v9,E67,600.0,15.276000000000002,937.3412524503267,945.481,770.3687118521623,947.425,640.0544869725754,718.056,771.8862009598299,908.976,640.9832125200743,639.185,597.4263525015347,522.261,299.42230979018206,294.03099999999995,2.317826764722194,1.819
apparent_prescribed_v9,E67,650.0,15.271,939.6122752462508,950.697,776.0428468463678,957.418,648.2107185758633,730.835,777.5453927951454,919.996,649.1398269095662,651.1659999999999,601.3442158856678,536.413,300.8276271294309,294.145,2.3403934415388608,1.877
apparent_prescribed_v9,E67,700.0,15.281,941.3582340182141,955.255,780.8612807652755,966.3199999999999,655.2787145757399,743.392,782.3486728921159,930.026,656.2063202601703,663.016,604.756010132835,550.509,302.3258876334621,294.32599999999996,2.3638323266548076,1.934
apparent_prescribed_v9,E67,750.0,15.285999999999998,942.7314798023752,955.7379999999999,784.9598157245665,972.053,661.4315017699366,753.972,786.4320858319119,936.941,662.3561285983492,673.497,607.6665282558694,562.942,303.8939962439727,294.496,2.3827270502159292,1.981
apparent_prescribed_v9,E67,800.0,15.292000000000002,943.8707220905824,959.4789999999999,788.4857300640448,977.4549999999999,666.8145820331109,763.094,789.943208481385,942.962,667.7351609944326,682.845,610.1954369295827,574.229,305.51004313566534,294.692,2.399540368410273,2.029
apparent_prescribed_v9,E67,850.0,15.281,945.0449220732964,961.689,791.5936692661429,982.935,671.5564958900179,772.385,793.0373654892874,949.114,672.4723135810032,692.27,612.381076188146,586.5219999999999,307.15402509998603,294.95399999999995,2.409763489684175,2.07
apparent_prescribed_v9,E67,900.0,15.277,946.1871553655836,962.116,794.3965071935518,986.364,675.7732193252845,780.284,795.8275224409458,953.384,676.6839282527525,700.508,614.3689627514307,596.6769999999999,308.8083640785824,295.22999999999996,2.4208288355887144,2.108
apparent_prescribed_v9,E67,950.0,15.287999999999998,947.0019118255328,963.689,796.8754233947751,989.629,679.5361879103918,787.754,798.2940987682427,957.206,680.4415129670442,708.5129999999999,616.1715048487011,606.607,310.45790796338804,295.532,2.43479810270494,2.139
apparent_prescribed_v9,E67,1000.0,15.282,947.7518401948108,965.2819999999999,799.0684261635638,994.1569999999999,682.8973882300104,794.189,800.4753592438138,961.788,683.7970606015824,715.48,617.6931940211346,614.825,312.0898755624505,295.83,2.4422042164757816,2.183
apparent_prescribed_v9,E67,1050.0,15.291,948.3478783968469,963.408,801.025439619262,997.732,685.9131893726748,801.0699999999999,802.4210911086423,964.0079999999999,686.8071067253959,723.037,619.1088492186166,622.938,313.6937674612509,296.166,2.4531617834796764,2.222
apparent_prescribed_v9,E67,1100.0,15.279,949.007134243112,963.127,802.7945862721572,998.2529999999999,688.6274613345923,807.693,804.1797985467059,966.021,689.5155561578895,730.351,620.29985842326,631.546,315.26125494571744,296.543,2.456867857972841,2.238
apparent_prescribed_v9,E67,1150.0,15.279,949.6437527247103,960.8299999999999,804.4326727359145,997.732,691.0912635941966,812.467,805.8082618801316,966.443,691.9736526624538,735.948,621.4397363629402,638.8399999999999,316.78592861006877,296.935,2.463720671557989,2.272
apparent_prescribed_v9,E67,1200.0,15.278999999999998,950.1541286424551,959.7379999999999,805.9162792404825,997.293,693.329567763887,816.3919999999999,807.2827013397184,966.6179999999999,694.206322787736,740.795,622.4606961948764,645.547,318.26305609893325,297.36499999999995,2.469787537762249,2.3
apparent_prescribed_v9,E67,1250.0,15.276,950.6449796916795,959.459,807.2723020530261,998.155,695.3706881317308,820.221,808.6301379832906,967.732,696.2419337233288,745.568,623.3963394661848,651.79,319.6893996643511,297.842,2.474629051641048,2.315
apparent_prescribed_v9,E67,1300.0,15.281999999999998,951.0243858446067,958.593,808.506761474519,999.324,697.2385243589757,824.156,809.8564060937638,969.259,698.1044140509454,750.065,624.2881618016629,657.969,321.06311483040344,298.337,2.4817756501851616,2.35
apparent_prescribed_v9,E67,1350.0,15.272,951.4884517987275,959.971,809.6526480697834,1000.691,698.9530129121893,827.909,810.9948218095103,970.793,699.813704025083,754.442,625.0516539961377,663.902,322.38337556687145,298.86499999999995,2.4836563919327506,2.365
apparent_prescribed_v9,E67,1400.0,15.267000000000001,952.0249520642997,961.14,810.760001498216,1001.857,700.5451908209225,831.9259999999999,812.0955415151805,972.268,701.4009732923662,758.939,625.8140081921877,670.017,323.65011576206075,299.448,2.4871390686736867,2.39
apparent_prescribed_v9,E67,1450.0,15.278,952.323035357917,959.132,811.7663509540946,1002.353,702.0182315305924,835.31,813.0953068747219,973.086,702.8692836115862,763.0429999999999,626.5593940726116,675.245,324.8639211517685,300.01399999999995,2.4949265812792887,2.412
apparent_prescribed_v9,E67,1500.0,15.276,952.5839172434119,960.8729999999999,812.6642253776732,1003.879,703.372040875995,838.6809999999999,813.9868428925207,974.5799999999999,704.2184541969148,767.0519999999999,627.1840358518558,680.717,326.02579803027135,300.644,2.498246036562614,2.425
apparent_prescribed_v9,E67,1550.0,15.28,952.8313996006448,960.36,813.4922606143127,1003.5219999999999,704.6228702186769,841.977,814.8088967916331,974.894,705.4648125727255,770.9179999999999,627.7872148862205,685.712,327.13714202085424,301.243,2.5031549105993354,2.445
apparent_prescribed_v9,E67,1600.0,15.272,953.1643843891065,958.961,814.2759691617682,1003.0849999999999,705.7831646311103,844.481,815.5872311027463,974.788,706.6208179517555,774.1279999999999,628.3061033489241,690.2339999999999,328.19955782434465,301.84999999999997,2.5041555760803345,2.462
apparent_prescribed_v9,E67,1650.0,15.286,953.3003183755907,957.069,814.9860511977429,1002.448,706.8567824230763,846.79,816.2919374059495,974.446,707.6902954166761,777.208,628.8442058875958,694.6769999999999,329.2147394603965,302.51099999999997,2.5113654105381213,2.46
apparent_prescribed_v9,E67,1700.0,15.264000000000001,953.6639152709471,955.092,815.6603576226472,1000.703,707.8498214940167,848.728,816.9616192598218,973.215,708.6793261352973,779.741,629.20658352236,698.333,330.1843333077785,303.11699999999996,2.5072583765023624,2.482
apparent_prescribed_v9,E67,1750.0,15.289999999999997,953.7169235830592,954.569,816.272811142474,999.749,708.7735573981739,850.108,817.5692305739212,972.321,709.5992498530918,781.96,629.7232895188865,701.8389999999999,331.1101025531421,303.736,2.5177644269543005,2.48
apparent_prescribed_v9,E67,1800.0,15.275,953.8410397583743,954.257,816.7950160795663,999.802,709.613091888159,851.733,818.0868311058117,972.346,710.434966728058,784.309,629.9992595486649,705.354,331.99385236252124,304.39799999999997,2.514891686796072,2.489
apparent_prescribed_v9,E67,1850.0,15.280000000000001,954.014760845529,955.423,817.3103302223502,1000.2869999999999,710.3975497163608,853.41,818.5980137183208,972.794,711.215848146514,786.5849999999999,630.3683486983465,708.4549999999999,332.83740977139456,305.012,2.5185120884797283,2.507
apparent_prescribed_v9,E67,1900.0,15.271,954.2453798268753,956.5889999999999,817.8062016092878,1001.2049999999999,711.131835434199,855.321,819.0902436604006,973.619,711.9467488970944,788.891,630.6724192168138,711.199,333.6427159288368,305.64099999999996,2.5178242920211438,2.519
apparent_prescribed_v9,E67,1950.0,15.286,954.2973983532538,955.79,818.2584098268236,1002.038,711.8209630801854,857.5169999999999,819.5387536976433,974.564,712.6326842792995,791.4449999999999,631.0597331595516,714.434,334.4118271712267,306.32899999999995,2.5245844494234393,2.529
apparent_prescribed_v9,E67,2000.0,15.283000000000001,954.3460370740202,954.0029999999999,818.6475435147609,1001.9,712.4561354568195,859.3389999999999,819.9242931057436,974.6419999999999,713.2647330169533,793.648,631.3252761037836,717.367,335.14684237742665,306.96999999999997,2.5253210889975053,2.552
apparent_prescribed_v9,E67,2050.0,15.283999999999999,954.4716637242611,952.7099999999999,819.0301987016724,1001.518,713.0539937859808,860.814,820.3037737330164,974.4119999999999,713.859667774133,795.635,631.6197327999608,720.104,335.84972858250535,307.613,2.5275555686654023,2.55
apparent_prescribed_v9,E67,2100.0,15.279,954.6670885646818,953.5169999999999,819.4164073146951,1001.712,713.6223797654623,862.091,820.6872736399787,974.4929999999999,714.4253312245714,797.485,631.88284730086,722.6320000000001,336.5224102506203,308.293,2.5278940752298134,2.578
apparent_prescribed_v9,E67,2150.0,15.281000000000002,954.8356452511192,954.617,819.7971710976856,1001.542,714.1643506755846,863.542,821.0655510439035,974.592,714.9647683814419,799.309,632.1653297448235,724.988,337.1665780694947,308.94,2.530366886261364,2.574
apparent_prescribed_v9,E67,2200.0,15.283000000000001,954.9327939201826,952.0889999999999,820.1429058712855,1001.03,714.6733609000047,864.771,821.4088012570855,974.2049999999999,715.4713450786227,801.012,632.4128687248958,727.544,337.78385730164905,309.602,2.5325112740704068,2.588
apparent_prescribed_v9,E67,2250.0,15.278999999999998,955.0735598604958,952.5509999999999,820.4693959118244,1000.208,715.1512326143339,865.6659999999999,821.7330140757932,973.494,715.9468895891221,802.425,632.6183179244774,729.6089999999999,338.37569903045437,310.21799999999996,2.5326463305261036,2.595
apparent_prescribed_v9,E67,2300.0,15.283999999999999,955.1525813395851,950.836,820.7724515141344,999.5509999999999,715.6005574448691,866.4019999999999,822.0338286981709,972.929,716.3940023003729,803.709,632.8521475717625,731.569,338.9434698125037,310.83,2.5355802170704753,2.595
apparent_prescribed_v9,E67,2350.0,15.271,955.3773505731061,950.7719999999999,821.0799231885837,999.535,716.0273912874869,867.215,822.3395234490101,972.891,716.8187570826966,805.009,633.0076186086224,733.453,339.4885444585513,311.46799999999996,2.532869990589995,2.61
apparent_prescribed_v9,E67,2400.0,15.277,955.5272768521156,949.99,821.3896609777704,999.3349999999999,716.4388331569631,868.174,822.6475649853093,972.744,717.2282907903723,806.313,633.2433480040913,735.324,340.01220530768484,312.058,2.536164506884503,2.606
apparent_prescribed_v9,E67,2450.0,15.291,955.4068807221906,948.415,821.6109289678695,998.304,716.811306937554,868.793,822.8665429859911,971.823,717.5988080555527,807.472,633.4483619542309,736.95,340.5156673560771,312.635,2.54135271368982,2.619
apparent_prescribed_v9,E67,2500.0,15.286999999999999,955.3647330723064,949.93,821.781394685577,998.3,717.1448685870763,869.323,823.0347842913801,971.576,717.9303962573046,808.4359999999999,633.556276580312,738.574,341.00005273624276,313.253,2.5407496126675597,2.623
apparent_prescribed_v9,E67,2550.0,15.281,955.5003486578236,950.8629999999999,821.9823029686538,999.054,717.463348863729,870.217,823.2340571624844,972.1469999999999,718.2470750948947,809.571,633.6851740748541,740.123,341.46647804967154,313.80899999999997,2.5398831931905907,2.644
apparent_prescribed_v9,E67,2600.0,15.280000000000001,955.6512636175343,951.547,822.2057432769043,999.8829999999999,717.7736062756219,871.331,823.456180213493,972.901,718.555704744538,810.9,633.8444140515047,741.78,341.9159698590701,314.41499999999996,2.5407033545910696,2.646
apparent_prescribed_v9,E67,2650.0,15.276,955.8138797351475,952.322,822.4368406074068,1000.2049999999999,718.075749867161,872.4159999999999,823.686171101656,973.263,718.8563586464244,812.178,633.9919932938849,743.4369999999999,342.34947210460746,314.96799999999996,2.540606992803621,2.646
apparent_prescribed_v9,E67,2700.0,15.293,955.7249312685633,950.365,822.6132738368291,999.963,718.3567149615101,873.252,823.8609758286193,973.2049999999999,719.1358515856509,813.3249999999999,634.189676613141,744.865,342.76790992912765,315.508,2.546748728515847,2.64
apparent_prescribed_v9,E67,2750.0,15.277,955.8318344088125,949.35,822.7733523660775,999.095,718.6156968370555,873.845,824.0197792127374,972.489,719.3933797299916,814.295,634.2418567776815,746.278,343.1721306546312,316.078,2.542480900296033,2.654
apparent_prescribed_v9,E67,2800.0,15.27,956.1266073742996,947.946,823.0055695276243,998.558,718.8829441410404,874.2049999999999,824.25142550852,971.971,719.6594341886948,815.009,634.3883140298078,747.461,343.5629690956976,316.616,2.541658525394183,2.661
apparent_prescribed_v9,E67,2850.0,15.289000000000001,956.0704005860414,948.2139999999999,823.1883641670249,998.358,719.1354074543403,874.54,824.4330136335541,971.699,719.9107132652405,815.673,634.5853597594096,748.614,343.9411965539923,317.13199999999995,2.548371413822387,2.663
apparent_prescribed_v9,E67,2900.0,15.284,956.0073181240974,948.404,823.3015722941243,998.432,719.3547233583986,875.098,824.5447852899988,971.762,720.1287315682937,816.438,634.6325628041948,749.8820000000001,344.3073884888781,317.662,2.547054760812368,2.666
apparent_prescribed_v9,E67,2950.0,15.281,956.0757970686554,946.838,823.4264111938999,998.067,719.5591908000307,875.509,824.6684970809599,971.437,720.3319715188071,817.115,634.694509923741,751.028,344.6620178043487,318.145,2.546452477862502,2.686
apparent_prescribed_v9,E67,3000.0,15.28,956.1507783393124,945.62,823.5586436797342,998.304,719.7541022940484,876.05,824.7997874483066,971.6329999999999,720.5257469528616,817.889,634.7865722054119,751.943,345.0055272133787,318.652,2.546778942591269,2.695
apparent_prescribed_v9,E67,3050.0,15.282,956.1942873660195,947.942,823.686142117434,998.97,719.9417671702765,876.524,824.9263809711407,972.026,720.7123570782092,818.6089999999999,634.8945018715294,752.847,345.33854652118254,319.13399999999996,2.548119979711754,2.697
apparent_prescribed_v9,E67,3100.0,15.278,956.2824097962446,946.183,823.8173761521653,999.471,720.1242492431995,877.3389999999999,825.0568742379577,972.59,720.8938648750587,819.4929999999999,634.9776868110391,753.822,345.6617028553061,319.59799999999996,2.5475841455004913,2.71
apparent_prescribed_v9,E67,3150.0,15.289,956.2437570622458,947.278,823.9268050049387,999.0939999999999,720.2979834673608,877.976,825.165345951137,972.338,721.0666697648121,820.345,635.1207627158005,755.016,345.9756331116185,320.12399999999997,2.5517869339191215,2.709
apparent_prescribed_v9,E67,3200.0,15.281,956.2935202961108,946.712,824.0248813900713,998.256,720.4597858249828,878.293,825.2626226891387,971.739,721.2275498507258,820.92,635.1630634968562,755.913,346.28092118107577,320.575,2.549766692672294,2.716
apparent_prescribed_v9,E67,3250.0,15.283,956.3748778864076,946.56,824.142191822815,997.847,720.6197482739676,878.362,825.3793084907205,971.3,721.386688499343,821.3059999999999,635.2621937280319,756.631,346.5779777097075,321.03999999999996,2.551065726885337,2.732
apparent_prescribed_v9,E67,3300.0,15.279,956.4705941378178,947.1229999999999,824.263028889173,997.579,720.7755886282615,878.6089999999999,825.4996389411631,971.0,721.5417592505144,821.7379999999999,635.3342053447543,757.373,346.8671536764124,321.50699999999995,2.5504572058832298,2.721
apparent_prescribed_v9,E67,3350.0,15.272,956.6505018167671,945.468,824.4097179470167,997.482,720.9341117037255,878.8199999999999,825.6460922545776,970.9019999999999,721.699612406759,822.167,635.401954608546,758.0419999999999,347.1487914639486,321.94399999999996,2.548969490196344,2.715
apparent_prescribed_v9,E67,3400.0,15.289,956.565800902212,942.838,824.5121491195346,996.877,721.0807902602868,879.087,825.7477238962109,970.444,721.8455926821795,822.624,635.5377923552246,758.7639999999999,347.42316803577296,322.38899999999995,2.554716367071518,2.726
apparent_prescribed_v9,E67,3450.0,15.284,956.4883948122648,944.692,824.557143000176,996.117,721.2010370095406,879.1039999999999,825.7917153189628,969.77,721.9650129565091,822.9069999999999,635.5333959887719,759.396,347.6905170578809,322.77299999999997,2.553033405551342,2.719
apparent_prescribed_v9,E67,3500.0,15.283000000000001,956.5158075744126,943.771,824.6156404182016,996.322,721.312556487911,879.177,825.849468679157,969.855,722.0757592398357,823.1519999999999,635.5685392517186,759.736,347.95099820729234,323.16999999999996,2.5528986838867,2.721
apparent_prescribed_v9,E67,3550.0,15.276000000000002,956.6327071441638,944.607,824.7017914766107,996.293,721.4247653196134,879.411,825.935233083929,969.709,722.1872969022512,823.495,635.6061116639214,760.3009999999999,348.20485146247825,323.56399999999996,2.5511960149791797,2.732
apparent_prescribed_v9,E67,3600.0,15.290000000000003,956.5700740795119,944.8389999999999,824.7702540441942,997.088,721.5335577949384,879.794,826.0030093068837,970.3489999999999,722.2954578308488,823.967,635.7259078408513,760.7919999999999,348.4524492608497,323.986,2.5560787150835313,2.744
apparent_prescribed_v9,E67,3650.0,15.286000000000001,956.5285804624908,943.7909999999999,824.8074739239875,997.481,721.6292207630286,880.332,826.0394946665134,970.731,722.3904471709476,824.55,635.7483721507007,761.45,348.69418786628216,324.371,2.5550712283435923,2.744
apparent_prescribed_v9,E67,3700.0,15.273,956.7421143996705,944.542,824.9053267956648,996.97,721.7351466989339,880.832,826.1372793691918,970.539,722.495857614708,825.101,635.7779980258072,762.155,348.9304012978522,324.76599999999996,2.5516968202049877,2.751
apparent_prescribed_v9,E67,3750.0,15.275999999999998,956.8973689332969,943.56,825.0374839680504,995.617,721.8532602326602,880.688,826.2694735713978,969.3439999999999,722.6135828514598,825.312,635.8812546381884,762.6869999999999,349.1613520969351,325.17199999999997,2.5533869813394774,2.74
apparent_prescribed_v9,E67,3800.0,15.282,956.8764199753858,944.3199999999999,825.1277760878556,995.655,721.9628741319084,880.5079999999999,826.3593591586957,969.244,722.7227544311653,825.357,635.9634460987388,763.005,349.3871997291478,325.522,2.555671288060269,2.744
apparent_prescribed_v9,E67,3850.0,15.290000000000001,956.7514954626816,940.545,825.1627563412353,994.0799999999999,722.0546900258522,880.6419999999999,826.3935275785739,968.088,722.8140347029016,825.591,636.0302368983874,763.524,349.60813793645,325.881,2.5583893007184715,2.75
apparent_prescribed_v9,E67,3900.0,15.283000000000001,956.7557332983789,939.569,825.1926567205226,992.978,722.1354099725626,879.994,826.4228225652356,966.722,722.8942005077073,825.341,636.0278058495538,763.718,349.82440069683764,326.238,2.556310931519543,2.742
apparent_prescribed_v9,E67,3929.0,15.295,956.6874077588427,931.6279999999999,825.2034122590856,991.103,722.1779158542997,878.055,826.4330916267396,966.6659999999999,722.9363880139498,824.995,636.0902758719731,763.414,349.94774822052545,326.43699999999995,2.560145974101332,2.712
apparent_prescribed_v9,E72,0.0,19.503,294.0745,295.56,294.0745,294.102,294.0745,294.015,294.0745,294.229,294.0745,294.226,294.07449999999994,294.17999999999995,294.0745,294.07599999999996,0.27385610377872327,0.255
apparent_prescribed_v9,E72,50.0,19.479,502.4219804830262,373.46,373.94725432585574,362.34299999999996,330.6444451033605,324.21099999999996,374.3583719135316,328.62899999999996,330.82212791661595,307.11899999999997,355.4214102975358,304.986,294.0754468430767,294.07399999999996,0.9734244633198473,0.471
apparent_prescribed_v9,E72,100.0,19.45,564.8387296498566,453.884,435.4220510038373,454.865,369.53908067272465,387.39599999999996,436.0159478518725,404.428,369.8281693792888,351.84299999999996,393.5593644687924,338.248,294.0832478208024,294.046,1.3606007284362014,0.724
apparent_prescribed_v9,E72,150.0,19.411,593.5620450155119,515.521,475.4594101137644,527.652,401.907842344225,439.84399999999994,476.14727956603724,472.907,402.27615516462686,393.721,418.5902141877368,364.9,294.10982253780537,294.043,1.5959435184246762,0.932
apparent_prescribed_v9,E72,200.0,19.372,609.2020134597282,566.458,501.6258313512132,587.3820000000001,427.0584648513799,484.692,502.35334205091823,532.14,427.47707144566675,430.62699999999995,435.6570758583014,387.02099999999996,294.1740797639604,294.056,1.7471055476199684,1.118
apparent_prescribed_v9,E72,250.0,19.331,618.7804155494533,600.6179999999999,519.3291344123834,631.105,446.3403112778551,519.356,520.0676778498612,576.909,446.78834261845594,459.476,447.7452640253432,407.085,294.29715310138295,294.08,1.8482232911246794,1.266
apparent_prescribed_v9,E72,300.0,19.286,625.2451223371795,625.5519999999999,531.8123575425009,662.649,461.2286026099302,546.762,532.5481149209278,610.781,461.6923991011327,483.17499999999995,456.623002618757,423.78,294.4970959287041,294.12,1.9178998386010004,1.382
apparent_prescribed_v9,E72,350.0,19.266000000000002,629.7531664146366,644.915,540.9471276928037,688.435,472.8982892053725,570.3979999999999,541.6737670060936,638.979,473.36936810887187,503.76099999999997,463.3602098837032,441.294,294.7856500834252,294.154,1.972087598959785,1.482
apparent_prescribed_v9,E72,400.0,19.227999999999998,633.1638425026028,660.424,547.8516761514747,707.871,482.1858331378592,588.377,548.5667576879571,660.075,482.6589375914098,519.235,468.581190795608,455.501,295.1672560846343,294.215,2.009342364920885,1.563
apparent_prescribed_v9,E72,450.0,19.202,635.8540719993921,671.613,553.2525459571523,722.509,489.7029147074964,603.733,553.9555781949522,676.726,490.1749632259731,532.96,472.7586022901098,470.66999999999996,295.6398417034828,294.27099999999996,2.039602804004066,1.636
apparent_prescribed_v9,E72,500.0,19.173,638.0464091810045,681.039,557.5855946373044,734.97,495.8811514930367,617.3599999999999,558.2769176484007,690.972,496.3503324146725,545.644,476.1572264113882,484.707,296.19621942744794,294.344,2.0625619896649634,1.717
apparent_prescribed_v9,E72,550.0,19.139,639.9595734203468,687.9459999999999,561.1627957330588,744.2629999999999,501.0339263430548,628.391,561.843219471059,701.685,501.4992389710044,556.144,478.97667659345495,496.54499999999996,296.82580977274733,294.423,2.0796297019981482,1.762
apparent_prescribed_v9,E72,600.0,19.088,641.8081255236018,693.515,564.221205904581,751.25,505.39811986617065,637.449,564.8918826506901,709.749,505.8590987693026,565.315,481.36222229919395,507.08,297.5161833431676,294.52099999999996,2.089846039803778,1.8
apparent_prescribed_v9,E72,650.0,19.037000000000003,643.6150672375882,698.5070000000001,566.9254842359809,756.723,509.1595663904526,645.352,567.5876185648711,716.5409999999999,509.6161326288959,573.3820000000001,483.4481069557149,516.4449999999999,298.2543412271081,294.62699999999995,2.097653620818248,1.857
apparent_prescribed_v9,E72,700.0,18.988999999999997,645.3307434590835,704.932,569.3554876738913,763.856,512.4509277873337,653.028,570.0100868595733,724.288,512.9031863077078,581.29,485.30632322219935,525.539,299.02766119983494,294.76,2.1042557028680453,1.908
apparent_prescribed_v9,E72,750.0,18.967000000000002,646.7460456725569,707.6379999999999,571.5170923660387,768.467,515.3568372620123,659.949,572.1646550850708,729.995,515.804918375411,588.575,486.9704154137647,533.712,299.82456664329936,294.892,2.1142039809888207,1.938
apparent_prescribed_v9,E72,800.0,18.92,648.0982938408122,708.393,573.4427011773827,770.241,517.927296188803,665.681,574.0837688583467,733.479,518.371255074718,594.95,488.3971172496193,541.6469999999999,300.63477483690815,295.019,2.117097292587525,1.972
apparent_prescribed_v9,E72,850.0,18.894000000000002,649.3148212986147,710.553,575.1883139565946,770.93,520.2211580019856,669.906,575.8233603597932,735.2629999999999,520.661147394872,600.3009999999999,489.7000090632084,548.774,301.44935498712664,295.178,2.1230711090009327,2.006
apparent_prescribed_v9,E72,900.0,18.884999999999998,650.2123293238943,711.989,576.7134313617846,772.8779999999999,522.2633303789703,673.469,577.3425054830429,737.701,522.6994032599099,604.787,490.8493529963867,554.634,302.26077400693583,295.34499999999997,2.1309226254364857,2.044
apparent_prescribed_v9,E72,950.0,18.852999999999998,651.0777577645025,713.896,578.0577301671008,774.5039999999999,524.0771122792834,677.169,578.6811329584017,740.002,524.5092890242714,609.28,491.8207672508412,560.228,303.0628721524254,295.501,2.132587498997363,2.057
apparent_prescribed_v9,E72,1000.0,18.839000000000002,651.8527648060096,717.2090000000001,579.2750543925769,777.149,525.7031766455432,680.702,579.8931357202858,742.7159999999999,526.131591011808,613.44,492.72220240059414,565.664,303.8507496885141,295.67699999999996,2.1373135620751174,2.066
apparent_prescribed_v9,E72,1050.0,18.809,652.6177861504256,719.933,580.3820470509472,779.527,527.1657419516324,684.7829999999999,580.9952077893857,745.646,527.5905083155559,617.928,493.50275092519155,571.3489999999999,304.6206117210229,295.899,2.1377653945594313,2.109
apparent_prescribed_v9,E72,1100.0,18.796,653.3054334455019,721.0909999999999,581.4050692042821,781.153,528.4954886546168,688.1279999999999,582.0136558712841,747.813,528.9168004462092,621.819,494.25437097114053,576.26,305.3696284884691,296.114,2.14153442931766,2.121
apparent_prescribed_v9,E72,1150.0,18.768,654.0211962241019,721.613,582.36013223435,782.594,529.7127167479917,691.095,582.9645794060677,749.6769999999999,530.1307562434836,625.4449999999999,494.93476757197783,580.81,306.0959350692728,296.35299999999995,2.1417920840180478,2.155
apparent_prescribed_v9,E72,1200.0,18.742,654.7957464818297,724.1769999999999,583.2902266516248,784.7249999999999,530.8451355149269,694.277,583.8910515492782,752.06,531.2601535464881,629.142,495.5926334391804,585.413,306.79842633823966,296.628,2.142374438220814,2.167
apparent_prescribed_v9,E72,1250.0,18.707,655.6435928915887,724.68,584.2098500555535,785.3199999999999,531.9108684946852,696.92,584.8075719222734,753.2339999999999,532.3231178873993,632.577,496.217126448457,589.245,307.4764816313948,296.89799999999997,2.140940754992295,2.183
apparent_prescribed_v9,E72,1300.0,18.69,656.4111818552274,726.819,585.1039596679481,787.651,532.9213631449643,699.364,585.698844636105,755.362,533.3310860173387,635.622,496.8482250499676,592.576,308.1298864544983,297.17699999999996,2.1432594820897295,2.205
apparent_prescribed_v9,E72,1350.0,18.669,657.1041675431076,727.116,585.941711816613,788.184,533.8716705913166,702.315,586.5338859565123,756.825,534.2790069091354,639.1569999999999,497.42609486549475,596.443,308.75879962709104,297.508,2.1442463318113316,2.224
apparent_prescribed_v9,E72,1400.0,18.66,657.6756367686406,728.573,586.7118611790968,788.674,534.759075073312,704.068,587.3013279268717,757.512,535.1641218887122,641.707,497.9686113864281,599.887,309.36360252309885,297.82,2.147254697824553,2.248
apparent_prescribed_v9,E72,1450.0,18.651,658.1374259371551,728.538,587.3981322071617,789.1759999999999,535.5766510513242,705.915,587.9848523357718,758.3820000000001,535.9794414397567,644.1569999999999,498.4512150939098,603.03,309.94478660925967,298.133,2.1496530753584153,2.28
apparent_prescribed_v9,E72,1500.0,18.63,658.6426298540952,728.813,588.0358436422414,789.994,536.3316295947925,707.636,588.6200210264221,759.3489999999999,536.7322264792441,646.391,498.87620604409375,605.987,310.5029730380729,298.455,2.1490930242737956,2.286
apparent_prescribed_v9,E72,1550.0,18.62,659.1033147863134,727.467,588.6375564401866,789.542,537.0344427974745,709.221,589.219342663457,759.517,537.4329471938081,648.729,499.28717344030485,608.8340000000001,311.0388099195105,298.787,2.1506250106905225,2.296
apparent_prescribed_v9,E72,1600.0,18.608,659.4996533847751,729.074,589.186601420562,790.153,537.6840900177274,710.519,589.7660590587282,760.25,538.0805602335367,650.604,499.65132062700286,611.5360000000001,311.55297312606376,299.101,2.151272844434311,2.301
apparent_prescribed_v9,E72,1650.0,18.59,659.9320157025446,730.12,589.7071173896575,791.237,538.2894450928776,711.967,590.2844625734812,761.266,538.6839782372381,652.578,499.99187360523933,613.903,312.04618166046566,299.429,2.1505736165148663,2.314
apparent_prescribed_v9,E72,1700.0,18.575,660.3807184853526,732.126,590.2172049398007,792.5409999999999,538.8629913150992,713.583,590.7926777527076,762.447,539.2557253069447,654.608,500.3312008811211,616.208,312.51930209116705,299.74399999999997,2.150544250962133,2.328
apparent_prescribed_v9,E72,1750.0,18.559,660.840665928715,732.5619999999999,590.7191288159236,794.53,539.4122767017836,715.7349999999999,591.2929547735521,764.4749999999999,539.8033565417894,656.919,500.67139434717416,618.807,312.9733055055152,300.11699999999996,2.150431736744275,2.34
apparent_prescribed_v9,E72,1800.0,18.548000000000002,661.2775445331749,732.9849999999999,591.2094130416665,795.189,539.9411630642328,717.537,591.7817393167059,765.51,540.3307224879547,659.105,501.01134372343114,621.269,313.4092066621639,300.47799999999995,2.1513587536565484,2.365
apparent_prescribed_v9,E72,1850.0,18.535,661.6957726407919,734.403,591.6805627839522,795.4979999999999,540.4479153968019,718.905,592.2514954633226,766.16,540.8360519321204,660.9369999999999,501.3308473331094,623.499,313.8280262363729,300.83299999999997,2.1516734347027717,2.371
apparent_prescribed_v9,E72,1900.0,18.526,662.0801028507886,734.14,592.1290311169412,795.5319999999999,540.9314904501778,720.0519999999999,592.6986318125558,766.502,541.3182837413016,662.6289999999999,501.6394993656628,625.679,314.2307044824799,301.222,2.152688692824995,2.37
apparent_prescribed_v9,E72,1950.0,18.503,662.5403876486658,733.7,592.5733712388569,794.035,541.3950665640998,720.483,593.1418592996496,765.506,541.7806012684267,663.8209999999999,501.91570328145826,627.38,314.61807443514647,301.58099999999996,2.150552765633998,2.377
apparent_prescribed_v9,E72,2000.0,18.49,662.9988878156063,733.575,593.0229810956828,793.433,541.8466500225169,720.825,593.5905140237835,765.1479999999999,542.2310467491809,664.652,502.2100245197133,628.9359999999999,314.99091099401915,301.926,2.1506549817122367,2.394
apparent_prescribed_v9,E72,2050.0,18.481,663.3728990904311,732.991,593.4456335605719,793.621,542.2796788121523,721.1679999999999,594.0121823401519,765.134,542.6629936188573,665.575,502.4884350510405,630.194,315.349937721774,302.30899999999997,2.15137760890622,2.415
apparent_prescribed_v9,E72,2100.0,18.483,663.60458594551,734.7139999999999,593.8115330555563,794.953,542.6830174477572,722.213,594.3768984468048,766.25,543.0652414877724,666.806,502.7438899065826,631.659,315.69585221660606,302.666,2.15403565640825,2.408
apparent_prescribed_v9,E72,2150.0,18.469,663.8602747032791,733.3019999999999,594.1347652068949,794.398,543.052458984762,723.239,594.698964703247,766.3199999999999,543.433571193202,668.218,502.94433819258427,633.285,316.02929218017937,303.01599999999996,2.152895734500967,2.399
apparent_prescribed_v9,E72,2200.0,18.455000000000002,664.1745768539149,733.1679999999999,594.4563945643795,794.2869999999999,543.4003709876985,723.602,595.0196065104544,766.189,543.7804279752344,669.0409999999999,503.13544389064526,634.535,316.35083028526276,303.335,2.1516607443481153,2.421
apparent_prescribed_v9,E72,2250.0,18.452,664.4128897689675,735.1659999999999,594.7574398862025,794.446,543.7279133822866,724.135,595.3196644588364,766.367,544.106962362484,669.9839999999999,503.334596518436,635.7929999999999,316.660929419867,303.69399999999996,2.1527760090014065,2.418
apparent_prescribed_v9,E72,2300.0,18.436999999999998,664.6804644007517,733.492,595.0418296877081,794.7429999999999,544.0361173304109,724.8309999999999,595.6031648213615,766.693,544.4141969871986,670.951,503.50297399480075,636.846,316.9601050499209,304.03799999999995,2.1511710965310034,2.427
apparent_prescribed_v9,E72,2350.0,18.442999999999998,664.8514029860401,733.7049999999999,595.3047371044602,795.1229999999999,544.329430758976,725.515,595.8651362812493,767.067,544.7066056587392,671.909,503.7086664222861,637.978,317.24893543523365,304.387,2.154300545316336,2.423
apparent_prescribed_v9,E72,2400.0,18.413,665.2058388049438,736.6579999999999,595.5784322457644,797.554,544.6124582521686,726.708,596.1382223805113,768.949,544.9887935667028,673.086,503.85707450985353,639.1479999999999,317.5281072869674,304.75399999999996,2.1495737731480857,2.45
apparent_prescribed_v9,E72,2450.0,18.409999999999997,665.5622446448148,737.174,595.889769773497,798.584,544.9037422428352,728.173,596.4491585283124,770.162,545.2794056949684,674.603,504.0829424535268,640.54,317.79825413500726,305.11499999999995,2.1512073943573062,2.461
apparent_prescribed_v9,E72,2500.0,18.398,665.8704965164295,736.799,596.189628278974,799.538,545.1909870435821,729.2909999999999,596.7486136104392,771.131,545.5660255390136,675.887,504.27434539404555,641.728,318.05994507253445,305.453,2.1505936833149972,2.455
apparent_prescribed_v9,E72,2550.0,18.381,666.241180429263,739.3199999999999,596.4980330960677,801.947,545.4759251442317,730.723,597.0567445468687,773.044,545.8504055355442,677.304,504.4592906185456,642.983,318.3136521248181,305.817,2.1488966205459645,2.478
apparent_prescribed_v9,E72,2600.0,18.38,666.5124694049858,740.728,596.7924925462396,804.242,545.7546326786328,732.555,597.3508394349243,775.211,546.1285918856864,678.999,504.65901478146463,644.3340000000001,318.55976536955404,306.13,2.150570622481394,2.477
apparent_prescribed_v9,E72,2650.0,18.372,666.7366152629972,741.0319999999999,597.0518340348643,806.232,546.0165435320475,734.44,597.6097159956748,777.3489999999999,546.3899572266357,680.779,504.823763638993,645.885,318.7986402809521,306.436,2.1504444358995545,2.489
apparent_prescribed_v9,E72,2700.0,18.361,666.9948888546955,741.152,597.3014527813637,806.536,546.2656116305745,735.674,597.8589240989504,777.942,546.6384936392599,682.222,504.9762346907171,647.29,319.0306357421952,306.74199999999996,2.1495881083643895,2.49
apparent_prescribed_v9,E72,2750.0,18.373,667.0764088097665,740.226,597.5078947703912,805.154,546.4953563621117,736.626,598.0647118749716,777.7729999999999,546.8676808972576,683.434,505.1390877105826,648.9849999999999,319.25606438416645,307.067,2.153480520977018,2.496
apparent_prescribed_v9,E72,2800.0,18.361,667.1910777882193,738.3969999999999,597.67299916601,802.654,546.6978096233196,735.736,598.2291361872736,775.578,547.069511777953,683.4179999999999,505.2324884831029,649.6479999999999,319.47519971640884,307.366,2.1517675589761596,2.499
apparent_prescribed_v9,E72,2850.0,18.361,667.3308614240458,738.203,597.8399238374117,801.524,546.8888196134037,734.971,598.3954896783871,774.443,547.2599478501459,683.172,505.3620790262721,649.997,319.68833302481573,307.69,2.1529792419826452,2.493
apparent_prescribed_v9,E72,2900.0,18.352,667.4948063462172,736.2349999999999,598.0057091707511,799.307,547.0707527284255,734.3399999999999,598.5608073041614,772.739,547.4413382638686,683.092,505.46700111517504,650.498,319.89579487602765,308.01,2.1520847640187526,2.479
apparent_prescribed_v9,E72,2950.0,18.353,667.6294068398992,738.183,598.1686672639607,799.3729999999999,547.2467588736432,733.822,598.7233217961003,772.392,547.6168488149301,682.8879999999999,505.5937057427036,650.567,320.0978496038712,308.32099999999997,2.1534988995531377,2.483
apparent_prescribed_v9,E72,3000.0,18.344,667.7915023571944,739.169,598.3275846717293,800.636,547.4157785744752,734.064,598.8818641708963,773.082,547.7853965288778,683.1859999999999,505.69448398236665,650.887,320.29476451344397,308.628,2.152590280383965,2.49
apparent_prescribed_v9,E72,3050.0,18.339,667.9735112981377,737.7919999999999,598.4949802552518,800.3919999999999,547.5829669493171,734.894,599.0489743085024,773.443,547.9521677460375,684.045,505.8100119381149,651.824,320.4867593672211,308.926,2.1526813521496226,2.482
apparent_prescribed_v9,E72,3100.0,18.333000000000002,668.1509611566603,737.963,598.6629957680328,798.812,547.747719500076,734.5989999999999,599.2167440559829,772.135,548.1165389174131,684.2049999999999,505.9209461228998,652.367,320.6740382616498,309.24199999999996,2.1525138406857365,2.491
apparent_prescribed_v9,E72,3150.0,18.326999999999998,668.327825143794,737.231,598.8295486977256,798.288,547.9090049123255,734.231,599.3830737108843,771.567,548.2774685450025,684.15,506.0256606659924,652.662,320.8567764311943,309.55499999999995,2.1522589456579233,2.487
apparent_prescribed_v9,E72,3200.0,18.317999999999998,668.5295317530973,738.578,599.0002896079764,797.723,548.0686264128344,733.992,599.5536620160639,771.04,548.4367704623447,684.18,506.1323054492747,652.896,321.03513386105396,309.84499999999997,2.1514516986817442,2.497
apparent_prescribed_v9,E72,3214.0,18.316,668.588885906739,737.656,599.0494297385025,797.899,548.1133495433636,733.977,599.6027696669321,771.112,548.4814112542921,684.1869999999999,506.16158102142134,652.9549999999999,321.0843123830356,309.928,2.151313930848431,2.485
apparent_prescribed_v9,E77,0.0,13.844999999999999,295.3565,310.26,295.3565,317.86199999999997,295.3565,319.984,295.3565,318.99399999999997,295.3565,321.865,295.3564999999999,322.57,295.3565,308.08399999999995,0.024552983450166432,0.062
apparent_prescribed_v9,E77,50.0,13.834,413.14660358177616,346.686,335.62298370511587,346.442,312.0959733248861,329.808,335.8168132631737,333.02299999999997,312.1749923162027,325.60999999999996,326.7813450954388,325.294,295.35694650288605,307.83299999999997,0.24094129783733265,0.137
apparent_prescribed_v9,E77,100.0,13.829,458.66110601795754,383.27,370.922100775575,392.364,331.02499565282733,358.804,371.207758691621,369.07599999999996,331.1537652862538,344.88699999999994,348.11999268616364,339.876,295.36069660612964,307.59499999999997,0.3736403174245463,0.21
apparent_prescribed_v9,E77,150.0,13.834,483.6661059037841,414.554,396.99227119925297,431.01599999999996,348.7684517491203,386.082,397.3328212384633,403.24199999999996,348.9370064719567,365.55199999999996,363.53489694564604,355.041,295.37384137013976,307.33099999999996,0.46468143675809037,0.291
apparent_prescribed_v9,E77,200.0,13.843,499.06434001139496,442.467,415.9891085317434,465.436,364.13203794821356,410.928,416.35935592345874,435.465,364.32977346014826,385.241,375.0088815671744,368.95899999999995,295.40652772494695,307.09,0.5302955934530517,0.358
apparent_prescribed_v9,E77,250.0,13.844999999999999,509.2733042650283,462.21899999999994,430.075077077689,490.384,377.0423052704731,429.941,430.4598320021212,459.856,377.2603727853897,400.849,383.7543413377074,380.08099999999996,295.4707181011909,306.88199999999995,0.5783575558184822,0.409
apparent_prescribed_v9,E77,300.0,13.846,516.4265044772003,477.556,440.7622100434664,510.346,387.8039089265563,445.645,441.15271056574613,480.022,388.0356721924107,414.16599999999994,390.58558539935825,389.953,295.57727257473846,306.68399999999997,0.6150184520527887,0.447
apparent_prescribed_v9,E77,350.0,13.841,521.6763574131539,490.54099999999994,449.05758757499973,526.992,396.78587720614917,459.188,449.448898230448,496.95399999999995,397.02656979443907,425.93499999999995,396.01906976848954,399.06899999999996,295.73407787792854,306.491,0.6430089013672974,0.497
apparent_prescribed_v9,E77,400.0,13.834,525.6791967990014,501.03,455.6358324518584,540.175,404.3219954980568,470.032,456.0252450022866,510.437,404.56827013480716,435.388,400.42226322032855,406.751,295.9451547390717,306.32399999999996,0.6650191447411163,0.527
apparent_prescribed_v9,E77,450.0,13.847999999999999,528.7125128230401,508.92099999999994,460.9342355177855,550.858,410.69056453646795,479.489,461.32020635050003,521.6949999999999,410.94010649378083,443.79699999999997,404.0665480514201,414.01699999999994,296.21079820029206,306.176,0.6853299482944523,0.556
apparent_prescribed_v9,E77,500.0,13.854000000000001,531.0564480754102,514.259,465.24810610342865,558.2059999999999,416.1028518235323,487.24899999999997,465.6297771892813,529.991,416.35398881168777,450.95899999999995,407.07635518415674,420.655,296.5282474208765,306.046,0.7012895071338819,0.593
apparent_prescribed_v9,E77,550.0,13.848999999999998,532.9942586313239,518.91,468.82295866723314,564.922,420.72881092051273,494.068,469.20002075639877,537.476,420.9803624702482,457.34399999999994,409.60044736770897,426.92099999999994,296.892462285453,305.91499999999996,0.7134166429824053,0.608
apparent_prescribed_v9,E77,600.0,13.842,534.6358230228838,523.649,471.8370427654153,569.947,424.7093203688906,499.437,472.2094701010499,542.8979999999999,424.9604705120586,462.501,411.7316770459143,432.272,297.29695736271503,305.804,0.7231828787216238,0.627
apparent_prescribed_v9,E77,650.0,13.847,535.9597902127208,527.077,474.3935958044585,574.2919999999999,428.1545965360404,504.38199999999995,474.7614004018504,547.8,428.40477945745425,467.24299999999994,413.56075539952474,437.23299999999995,297.7343762416733,305.66299999999995,0.7328075957484544,0.654
apparent_prescribed_v9,E77,700.0,13.85,537.0185045116317,529.94,476.5637265941101,578.4,431.1474923322663,509.13599999999997,476.92694561699136,552.3,431.3962850839856,471.86899999999997,415.1145850271007,442.205,298.19720197400187,305.532,0.7407241161430532,0.666
apparent_prescribed_v9,E77,750.0,13.839,537.9693866588157,533.538,478.43459988184946,582.267,433.7585484296921,513.152,478.79343995914815,556.271,434.0056574079322,475.80499999999995,416.4426108063855,446.45099999999996,298.67825083000554,305.417,0.7457872152595576,0.684
apparent_prescribed_v9,E77,800.0,13.841999999999999,538.7803828071353,536.864,480.06775206312125,585.899,436.0520899718639,517.064,480.42242598845115,560.086,436.29735549307884,479.61899999999997,417.62747227029206,450.566,299.17101605000147,305.33599999999996,0.7519125732036683,0.698
apparent_prescribed_v9,E77,850.0,13.846,539.4392135684409,539.5899999999999,481.48873901700154,589.371,438.075143097744,521.0219999999999,481.8394113123279,563.746,438.3184550826328,483.495,418.66787502554985,454.772,299.66979902913135,305.239,0.7574613723269928,0.719
apparent_prescribed_v9,E77,900.0,13.834999999999999,540.0819388178273,541.467,482.7498169624397,592.191,439.86929430739826,524.429,483.0967767189028,566.861,440.1106010107523,486.91999999999996,419.5805573487461,458.514,300.1697869309862,305.17499999999995,0.7605673739924196,0.726
apparent_prescribed_v9,E77,950.0,13.853000000000002,540.5801067183095,543.962,483.8701495901472,594.925,441.4712517096129,527.632,484.21355837607894,569.804,441.7105646042201,490.109,420.44160556238955,462.131,300.6670286999703,305.12899999999996,0.7671178548247183,0.754
apparent_prescribed_v9,E77,1000.0,13.838,541.0842631789076,545.738,484.87104561729757,597.69,442.90457561031076,530.8820000000001,485.2111679985346,572.7159999999999,443.14188992199706,493.335,421.1689742462405,465.86,301.15832246888124,305.114,0.768861417366573,0.769
apparent_prescribed_v9,E77,1050.0,13.849999999999998,541.5265991465265,547.813,485.7841930912531,599.99,444.1976283113182,533.663,486.1212382336585,575.2149999999999,444.43300573065056,496.254,421.8714368833266,469.158,301.64115190104775,305.09799999999996,0.7739341276272457,0.777
apparent_prescribed_v9,E77,1100.0,13.842,541.939632925196,549.265,486.6080689135391,601.858,445.3650311559746,536.363,486.94223789208746,577.422,445.5985037709624,499.04699999999997,422.47497071539567,472.299,302.11346634937144,305.09,0.7759661284896985,0.792
apparent_prescribed_v9,E77,1150.0,13.852,542.2918768296342,550.64,487.3588460600664,603.692,446.4244892719383,538.886,487.6902902193568,579.404,446.65612151400046,501.71399999999994,423.05243289137627,475.356,302.57374347795735,305.08799999999997,0.7801782446783344,0.803
apparent_prescribed_v9,E77,1200.0,13.845999999999998,542.6309690888339,552.3119999999999,488.040399504725,605.905,447.3866061342952,541.256,488.36929641772343,581.675,447.6164433839489,504.18499999999995,423.553647106733,478.144,303.02084726168306,305.118,0.781967615031325,0.819
apparent_prescribed_v9,E77,1250.0,13.835999999999999,543.01410435692,553.281,488.68358258514706,608.0989999999999,448.26698025162773,543.655,489.01017513657155,583.961,448.4950969689526,506.75699999999995,424.0069136119676,480.84399999999994,303.4539996532705,305.12699999999995,0.7829834762535218,0.831
apparent_prescribed_v9,E77,1300.0,13.853000000000002,543.261774763188,554.211,489.2654766059053,609.337,449.07244234674823,546.117,489.58979869718513,585.675,449.298903800999,509.361,424.45699303086195,483.784,303.8726076757305,305.13599999999997,0.7874349285247358,0.837
apparent_prescribed_v9,E77,1350.0,13.835999999999999,543.5421651120738,554.9449999999999,489.7920717943029,609.958,449.8062256776298,547.703,490.1142801577554,586.491,450.0310631709978,511.41999999999996,424.8083162092712,486.116,304.2763479962791,305.15799999999996,0.7869862443968819,0.844
apparent_prescribed_v9,E77,1400.0,13.853000000000002,543.751345343978,557.683,490.27888115667884,612.011,450.48149600917264,549.48,490.5990572987004,588.281,450.70479465219626,513.4269999999999,425.1988423672065,488.327,304.6651489253157,305.2,0.7911960872134501,0.864
apparent_prescribed_v9,E77,1450.0,13.847999999999999,543.9358730120691,557.866,490.713367820734,613.553,451.09906060867826,551.573,491.0316048962607,590.072,451.32085652501183,515.559,425.5119178850641,490.70799999999997,305.03920476032494,305.25399999999996,0.79213430787466,0.865
apparent_prescribed_v9,E77,1500.0,13.841000000000001,544.1877777037848,558.941,491.1327329025798,614.476,451.6711854952682,553.358,491.4492462408758,591.191,451.89156158099735,517.5999999999999,425.8157786030367,493.08299999999997,305.3988221410698,305.30499999999995,0.7928353785869201,0.869
apparent_prescribed_v9,E77,1550.0,13.850000000000001,544.3760108484777,559.9749999999999,491.5257276779861,615.863,452.2033585812578,554.922,491.84059797013526,592.5799999999999,452.4223918885738,519.39,426.1214923603435,495.04499999999996,305.74439187876914,305.36199999999997,0.7956024606064168,0.889
apparent_prescribed_v9,E77,1600.0,13.845999999999998,544.5501625150425,561.0419999999999,491.8841573705206,617.093,452.6953749329513,556.576,492.19746875652976,593.9449999999999,452.9131130486346,521.174,426.37916456437506,497.06899999999996,306.0763357529286,305.428,0.7964225053935318,0.897
apparent_prescribed_v9,E77,1650.0,13.855999999999998,544.6814736928204,561.144,492.21297963395193,617.952,453.15162875341576,558.0909999999999,492.5247826128414,594.977,453.3681318596266,522.9069999999999,426.6434668407344,498.981,306.39512286919967,305.49699999999996,0.7991115978968714,0.886
apparent_prescribed_v9,E77,1700.0,13.850000000000001,544.8343501975806,561.457,492.5179471657498,617.8979999999999,453.574999338975,559.275,492.828361960366,595.328,453.7903184923393,524.468,426.8690702637582,500.855,306.7012952395917,305.587,0.7995528252841163,0.9
apparent_prescribed_v9,E77,1750.0,13.854,544.9909254063775,563.345,492.81263294643145,619.623,453.9726645840411,560.526,493.12177332531655,596.703,454.1868737757413,525.814,427.10426813388136,502.43899999999996,306.99545781590064,305.678,0.8013669591620295,0.905
apparent_prescribed_v9,E77,1800.0,13.857,545.1126447654252,564.684,493.08472202362015,621.171,454.34396720542645,561.986,493.392640105873,598.15,454.5571144342146,527.405,427.3144138630998,504.14,307.2781736062563,305.75,0.8028819498906342,0.918
apparent_prescribed_v9,E77,1850.0,13.847999999999999,545.283393071369,564.384,493.34830205954825,621.938,454.69243009099694,563.633,493.65513384193406,599.223,454.9045705223772,529.1479999999999,427.49832459682216,505.99199999999996,307.54994474898564,305.84299999999996,0.8027177929120918,0.926
apparent_prescribed_v9,E77,1900.0,13.852,545.4395200333543,564.555,493.6064346696206,622.2929999999999,455.02311151376745,564.703,493.91226202407825,599.843,455.23431460757615,530.434,427.7004881292506,507.56999999999994,307.81127583542286,305.938,0.8043647887989293,0.928
apparent_prescribed_v9,E77,1950.0,13.856000000000002,545.5447539988197,563.377,493.8409982233194,621.825,455.33346646914225,565.5039999999999,494.1458301553315,599.8299999999999,455.5437712592679,531.531,427.8840171092894,508.938,308.0626713017945,306.043,0.8058908325778157,0.933
apparent_prescribed_v9,E77,2000.0,13.854999999999997,545.6480807913416,565.2729999999999,494.0560653602714,622.4079999999999,455.6231339511416,566.039,494.3599425552295,600.18,455.83257161106275,532.3399999999999,428.04053311698704,510.157,308.3046296511486,306.145,0.8065898578240854,0.927
apparent_prescribed_v9,E77,2050.0,13.855,545.7546583979122,564.99,494.25857251770094,622.999,455.89401686076667,566.983,494.56155445053673,600.88,456.10262459383614,533.3879999999999,428.1897127428756,511.35299999999995,308.53757806984527,306.236,0.8073839852731078,0.946
apparent_prescribed_v9,E77,2100.0,13.852,545.8702023262609,566.31,494.4528021074975,624.136,456.1487637682837,567.951,494.75496335797277,601.8889999999999,456.3565830125503,534.421,428.32797686944633,512.5409999999999,308.7619145411614,306.32899999999995,0.8077390927945874,0.943
apparent_prescribed_v9,E77,2150.0,13.855999999999998,545.9539885526099,567.174,494.63286017367784,625.0999999999999,456.38749073085165,569.04,494.9342169236362,602.8409999999999,456.5945548506915,535.575,428.46113461135894,513.778,308.9780270338475,306.42199999999997,0.8089443267741548,0.94
apparent_prescribed_v9,E77,2200.0,13.835,546.1328210316083,569.21,494.81800133590525,626.6659999999999,456.61354902824564,570.26,495.1187178815767,604.1959999999999,456.8198980342052,536.845,428.55106371649805,515.015,309.18624502529985,306.53,0.8066635805183874,0.955
apparent_prescribed_v9,E77,2250.0,13.838000000000001,546.2971915868584,565.941,495.01350584501915,626.047,456.83392746700633,571.569,495.3136511958096,604.622,457.0396338121003,538.1949999999999,428.69043947114557,516.501,309.3868730078198,306.614,0.8078236639130024,0.952
apparent_prescribed_v9,E77,2300.0,13.854,546.3060611715588,565.2049999999999,495.1684091937329,624.823,457.0385558260736,571.486,495.46783059727875,603.524,457.24362493149744,538.607,428.82277622787626,517.4209999999999,309.58025799855545,306.71,0.8105888646304281,0.952
apparent_prescribed_v9,E77,2350.0,13.855,546.2916124172333,564.169,495.2831711870435,623.087,457.2215007962166,571.276,495.5818106808059,602.28,457.425913800819,538.771,428.90514169149094,518.208,309.76677662500725,306.804,0.8110906360907767,0.945
apparent_prescribed_v9,E77,2400.0,13.852,546.3326059944329,562.924,495.3917426458661,621.699,457.3890584228365,570.789,495.6896897341942,601.092,457.5928362986997,538.7249999999999,428.98174921447276,518.7,309.9467884558781,306.92499999999995,0.8110726146817925,0.961
apparent_prescribed_v9,E77,2450.0,13.850999999999999,546.3966643757306,563.449,495.5038778151701,620.726,457.54723190430224,570.3009999999999,495.8012273079226,600.025,457.7504166266034,538.616,429.0670973091004,519.0219999999999,310.12065349495526,307.008,0.8114018305550589,0.951
apparent_prescribed_v9,E77,2500.0,13.85,546.469798817449,563.232,495.6184463421049,620.777,457.69910513202245,570.396,495.91527359944627,600.068,457.9017415562441,538.838,429.1571124908676,519.463,310.2887143844384,307.13199999999995,0.8117893702935043,0.952
apparent_prescribed_v9,E77,2550.0,13.843,546.5758438730694,564.861,495.73976773210006,621.981,457.84683856711007,570.861,496.0361614661757,600.8789999999999,458.04896997956496,539.303,429.23321564638155,520.029,310.4513043303464,307.239,0.811297871183169,0.95
apparent_prescribed_v9,E77,2600.0,13.85,546.6425751728385,564.656,495.8581703865875,622.438,457.99086547864465,571.612,496.1541332385379,601.412,458.19253524372397,540.056,429.34089358479764,520.787,310.60871844332775,307.35699999999997,0.8128607473159449,0.96
apparent_prescribed_v9,E77,2650.0,13.852,546.6768151347662,564.4639999999999,495.9603305076745,622.393,458.1271729191868,572.0709999999999,496.25583752188095,601.489,458.3283927286933,540.654,429.42333149324344,521.481,310.7612953281176,307.48499999999996,0.81358667642121,0.959
apparent_prescribed_v9,E77,2700.0,13.852,546.7381330391269,565.156,496.0607026813534,623.011,458.2590081217362,572.5229999999999,496.355812229711,601.952,458.4598133680622,541.159,429.5232868489444,522.125,310.90937648800553,307.618,0.8142568972170147,0.964
apparent_prescribed_v9,E77,2750.0,13.852,546.8204324615407,565.7139999999999,496.1671709891084,623.1479999999999,458.38968316664017,572.94,496.4619488524029,602.056,458.59011229906383,541.7139999999999,429.62006494000246,522.7249999999999,311.05339618143694,307.738,0.8148882418184106,0.969
apparent_prescribed_v9,E77,2800.0,13.847000000000001,546.9252350618098,565.164,496.27973649033095,623.199,458.5183454023714,573.414,496.57424314779337,602.29,458.7184260408253,542.271,429.69995220102203,523.362,311.19366288413056,307.85799999999995,0.8147274558024776,0.969
apparent_prescribed_v9,E77,2850.0,13.857000000000001,546.9577374100444,565.313,496.3786602996104,623.4359999999999,458.64001854261943,573.673,496.67282029606804,602.511,458.83975408168476,542.645,429.78344724640283,523.848,311.33028443176426,307.94399999999996,0.8164779392733995,0.981
apparent_prescribed_v9,E77,2900.0,13.850999999999999,547.0043891891132,565.319,496.4632132419958,623.03,458.7524108810735,573.904,496.7570389146168,602.276,458.95179916763567,543.0,429.84300618240775,524.3299999999999,311.4632938995693,308.06899999999996,0.8160497306729492,0.981
apparent_prescribed_v9,E77,2950.0,13.864999999999998,546.9970857342709,564.928,496.5359058922081,623.1379999999999,458.85778193214173,574.0519999999999,496.82934324732736,602.3879999999999,459.05683414390137,543.287,429.9270085956697,524.739,311.59288029488096,308.18499999999995,0.8183591921356598,0.976
apparent_prescribed_v9,E77,3000.0,13.852,547.0467751756804,564.679,496.60194316702996,622.6669999999999,458.9539621111855,574.156,496.89506007579047,602.0139999999999,459.1526716094295,543.528,429.9540809237139,525.13,311.7191960422174,308.27599999999995,0.8167835427751123,0.984
apparent_prescribed_v9,E77,3041.0,13.85,547.1238487480787,565.544,496.6693254773327,623.3499999999999,459.03155522403256,574.299,496.9622481508028,602.429,459.23001118140263,543.727,429.9951827030965,525.356,311.82038089468494,308.37,0.8167348250065282,0.978
graetz_fd361_prescribed,E67,0.0,15.279999999999998,293.3685,296.62199999999996,293.3685,296.25,293.3685,296.35299999999995,293.3685,296.22499999999997,293.3685,296.43399999999997,293.3684999999999,296.686,293.3685,293.39799999999997,0.07929279957602786,0.146
graetz_fd361_prescribed,E67,50.0,15.271,475.57207731836684,383.55999999999995,468.0726958184532,341.47999999999996,370.630085140435,308.99899999999997,469.029120566484,316.138,371.01705168641865,300.25399999999996,340.9356426526988,299.786,293.3700047860807,293.414,0.7918827553960405,0.316
graetz_fd361_prescribed,E67,100.0,15.279,490.7352782112733,540.75,583.4489217004275,473.256,498.0465749016046,376.486,584.8114512159137,420.83,498.9447805149823,346.76099999999997,435.15565491004503,327.39099999999996,293.38368395282896,293.438,1.3144894823821045,0.6
graetz_fd361_prescribed,E67,150.0,15.276,493.9284119283365,664.299,622.0192591185948,589.1769999999999,589.7558903169129,445.365,623.4015784716003,529.854,590.9728547572596,403.433,527.0227955505825,354.489,293.43485958857804,293.471,1.6071360736333018,0.864
graetz_fd361_prescribed,E67,200.0,15.274999999999999,495.0913778632247,748.8409999999999,635.0318438442789,676.7909999999999,633.5294270543877,499.078,636.3413278183967,618.247,634.8150953293582,448.715,586.2861059010934,378.13699999999994,293.56212773472157,293.50899999999996,1.7452683674563612,1.033
graetz_fd361_prescribed,E67,250.0,15.288000000000002,495.60799093748096,809.804,640.6413965229817,746.2349999999999,652.9564219026814,544.2439999999999,641.8750914113461,691.87,654.2071524367843,487.053,618.8372699565664,398.99399999999997,293.80301815774465,293.53999999999996,1.8121970189446133,1.192
graetz_fd361_prescribed,E67,300.0,15.274000000000001,496.10364213424384,854.7379999999999,643.8151858149783,803.725,662.7243615699831,584.703,644.9868496166896,752.739,663.9178653436302,521.4689999999999,637.1328406004159,420.99299999999994,294.18285334076654,293.59299999999996,1.8450967195847938,1.326
graetz_fd361_prescribed,E67,350.0,15.269,496.5081442162509,882.3009999999999,646.1244512141598,844.107,668.6761893567837,616.0509999999999,647.2478286217652,795.891,669.8161957710371,548.444,648.6173338450346,442.34799999999996,294.71124752831633,293.645,1.8671634423894248,1.439
graetz_fd361_prescribed,E67,400.0,15.283999999999999,496.6664427338408,903.242,647.7956790439059,877.372,672.8729268459643,644.2819999999999,648.8796069865929,831.799,673.9677378046202,572.938,656.6838619463354,461.29599999999994,295.38375463906254,293.70799999999997,1.885649756196747,1.538
graetz_fd361_prescribed,E67,450.0,15.280000000000001,496.8865034410731,918.233,649.006449538451,900.886,675.96915339812,666.63,650.0577924868064,857.492,677.0256688756992,592.479,662.6911223991128,478.52299999999997,296.1857930923099,293.78099999999995,1.897008865087904,1.614
graetz_fd361_prescribed,E67,500.0,15.284,497.0598398146269,930.434,650.0504012645441,919.933,678.3817721119691,685.787,651.0749698849473,878.2909999999999,679.4060178331338,609.479,667.3407858738533,494.013,297.09682390526,293.83799999999997,1.907316789985141,1.707
graetz_fd361_prescribed,E67,550.0,15.283,497.2321162291333,938.485,650.917512620927,935.644,680.361817110586,703.467,651.9193219365864,895.824,681.3586928796792,625.688,671.081556195823,510.158,298.0938276009243,293.935,1.9151369926034203,1.761
graetz_fd361_prescribed,E67,600.0,15.276000000000002,497.45741956312247,945.481,651.7162006121132,947.425,682.034574200735,718.056,652.6988834250785,908.976,683.0079731771167,639.185,674.1663239675202,522.261,299.1538221858315,294.03099999999995,1.9210383396351718,1.819
graetz_fd361_prescribed,E67,650.0,15.271,497.6726216648932,950.697,652.4837603744857,957.418,683.5173143865683,730.835,653.4499474141771,919.996,684.4705811925023,651.1659999999999,676.7862773455136,536.413,300.2555183168289,294.145,1.9266254099343785,1.877
graetz_fd361_prescribed,E67,700.0,15.281,497.760232305495,955.255,653.1135837455456,966.3199999999999,684.8357856705791,743.392,654.0645640528688,930.026,685.7713089188012,663.016,679.0616837607196,550.509,301.3803213809176,294.32599999999996,1.9336202104433422,1.934
graetz_fd361_prescribed,E67,750.0,15.285999999999998,497.82957556863823,955.7379999999999,653.5647368434152,972.053,685.9355952544624,753.972,654.5015577213134,936.941,686.8547532279749,673.497,681.0059302226929,562.942,302.5125159470543,294.496,1.9387039904988974,1.981
graetz_fd361_prescribed,E67,800.0,15.292000000000002,497.8854778897868,959.4789999999999,653.9472050642178,977.4549999999999,686.8463872944424,763.094,654.8712889494739,942.962,687.7504580435715,682.845,682.6415960908922,574.229,303.6392894216457,294.692,1.9432566081522666,2.029
graetz_fd361_prescribed,E67,850.0,15.281,498.08794608270534,961.689,654.3550676007314,982.935,687.6520546194959,772.385,655.2682769806449,949.114,688.5426068056144,692.27,684.0421935373101,586.5219999999999,304.75046897842105,294.95399999999995,1.94502758584543,2.07
graetz_fd361_prescribed,E67,900.0,15.277,498.27693889120184,962.116,654.8613336028882,986.364,688.456149533924,780.284,655.7653516451315,953.384,689.3350246762269,700.508,685.3124586829497,596.6769999999999,305.8383244965684,295.22999999999996,1.9481734407899434,2.108
graetz_fd361_prescribed,E67,950.0,15.287999999999998,498.30353978228584,963.689,655.2603078087543,989.629,689.2421453583336,787.754,656.1550931148311,957.206,690.1105072664185,708.5129999999999,686.5089008341911,606.607,306.8971564693345,295.532,1.953159400207495,2.139
graetz_fd361_prescribed,E67,1000.0,15.282,498.386544197405,965.2819999999999,655.5414004969118,994.1569999999999,689.9038291663694,794.189,656.4274088551073,961.788,690.7620478636853,715.48,687.5695660969532,614.825,307.9228178112414,295.83,1.9547955137187758,2.183
graetz_fd361_prescribed,E67,1050.0,15.291,498.37687923392207,963.408,655.8092597878976,997.732,690.4783799250303,801.0699999999999,656.6871347177744,964.0079999999999,691.3270873521147,723.037,688.4899598302277,622.938,308.9124889734411,296.166,1.9585077418821975,2.222
graetz_fd361_prescribed,E67,1100.0,15.279,498.4779895128941,963.127,656.0415047140913,998.2529999999999,690.9868940632986,807.693,656.9120873665386,966.021,691.8267491105064,730.351,689.3003276859497,631.546,309.8644662890663,296.543,1.9586482422292697,2.238
graetz_fd361_prescribed,E67,1150.0,15.279,498.531628960489,960.8299999999999,656.344856164016,997.732,691.4872775833559,812.467,657.2091043504025,966.443,692.319245451581,735.948,690.0403400091806,638.8399999999999,310.7779053539208,296.935,1.960871982061613,2.272
graetz_fd361_prescribed,E67,1200.0,15.278999999999998,498.5424368191393,959.7379999999999,656.5735827603105,997.293,691.972417462352,816.3919999999999,657.4315200406029,966.6179999999999,692.797119788109,740.795,690.7427902902748,645.547,311.6526410974302,297.36499999999995,1.9627622739436879,2.3
graetz_fd361_prescribed,E67,1250.0,15.276,498.60553257250365,959.459,656.7717799387034,998.155,692.3967725762808,820.221,657.6238806897379,967.732,693.2145164345935,745.568,691.3764436553379,651.79,312.48909001547935,297.842,1.9640005944600727,2.315
graetz_fd361_prescribed,E67,1300.0,15.281999999999998,498.6247759347267,958.593,656.9578955352899,999.324,692.7813554531148,824.156,657.8044955045923,969.259,693.5925775467246,750.065,691.9450398205203,657.969,313.2882467185793,298.337,1.9665248494578411,2.35
graetz_fd361_prescribed,E67,1350.0,15.272,498.7525901293134,959.971,657.1453664562664,1000.691,693.1333917084991,827.909,657.9871729273707,970.793,693.9385472630371,754.442,692.4590042500041,663.902,314.05140140163843,298.86499999999995,1.9664850374477059,2.365
graetz_fd361_prescribed,E67,1400.0,15.267000000000001,498.90540927122174,961.14,657.4326528372027,1001.857,693.5115194961318,831.9259999999999,658.2706309248176,972.268,694.3114423465096,758.939,692.9520697498486,670.017,314.7800028564738,299.448,1.9676530677478739,2.39
graetz_fd361_prescribed,E67,1450.0,15.278,498.90873829162246,959.132,657.6511134918126,1002.353,693.9075836825654,835.31,658.484810612571,973.086,694.7027367356144,763.0429999999999,693.4558248060844,675.245,315.47563761090754,300.01399999999995,1.971079829196488,2.412
graetz_fd361_prescribed,E67,1500.0,15.276,498.97296742301296,960.8729999999999,657.761473269711,1003.879,694.2227017890651,838.6809999999999,658.5907916042577,974.5799999999999,695.0128944957659,767.0519999999999,693.9091717504933,680.717,316.1399074090698,300.644,1.9719435658994997,2.425
graetz_fd361_prescribed,E67,1550.0,15.28,499.0200728292746,960.36,657.9029949528605,1003.5219999999999,694.4849445261541,841.977,658.7285142134454,974.894,695.2703817110424,770.9179999999999,694.29065947153,685.712,316.7744445282732,301.243,1.9737459232761414,2.445
graetz_fd361_prescribed,E67,1600.0,15.272,499.1409208974144,958.961,658.0638709500712,1003.0849999999999,694.7451789068424,844.481,658.8861671202862,974.788,695.5263519066382,774.1279999999999,694.641844204805,690.2339999999999,317.3808270976069,301.84999999999997,1.9737082162311315,2.462
graetz_fd361_prescribed,E67,1650.0,15.286,499.0715297893399,957.069,658.2048505224516,1002.448,695.0120454961789,846.79,659.0236994117698,974.446,695.7893313380185,777.208,694.9870055348116,694.6769999999999,317.96048259554584,302.51099999999997,1.9769956312759045,2.46
graetz_fd361_prescribed,E67,1700.0,15.264000000000001,499.22109477253224,955.092,658.3094551815811,1000.703,695.2359730709123,848.728,659.1254264553556,973.215,696.0094458664082,779.741,695.3000549876781,698.333,318.5146463723373,303.11699999999996,1.974422527758295,2.482
graetz_fd361_prescribed,E67,1750.0,15.289999999999997,499.06401894445287,954.569,658.4403519831737,999.749,695.469691094496,850.108,659.2531777774459,972.321,696.2397413340461,781.96,695.5969169412369,701.8389999999999,319.04453929496464,303.736,1.979465623769591,2.48
graetz_fd361_prescribed,E67,1800.0,15.275,499.0895552631272,954.257,658.3984275841092,999.802,695.6192708304887,851.733,659.2078293061314,972.346,696.3855445658966,784.309,695.851069425446,705.354,319.5513361642767,304.39799999999997,1.9772614726711835,2.489
graetz_fd361_prescribed,E67,1850.0,15.280000000000001,499.0722335702337,955.423,658.4902855733837,1000.2869999999999,695.7433397755896,853.41,659.2972666726635,972.794,696.5061913736572,786.5849999999999,696.0435874461812,708.4549999999999,320.03615770407,305.012,1.9786565383933605,2.507
graetz_fd361_prescribed,E67,1900.0,15.271,499.1476167737784,956.5889999999999,658.5719850845933,1001.2049999999999,695.896686540379,855.321,659.3767635306165,973.619,696.6566133398167,788.891,696.2422881128173,711.199,320.50018706970314,305.64099999999996,1.9778817292084891,2.519
graetz_fd361_prescribed,E67,1950.0,15.286,499.0986089222295,955.79,658.6493575563666,1002.038,696.0551038592715,857.5169999999999,659.4517530874223,974.564,696.8123202664067,791.4449999999999,696.4461979026859,714.434,320.94470943132296,306.32899999999995,1.9809133992422598,2.529
graetz_fd361_prescribed,E67,2000.0,15.283000000000001,499.12751057083847,954.0029999999999,658.6401366007422,1001.9,696.1627888079287,859.3389999999999,659.4400362158406,974.6419999999999,696.917126296453,793.648,696.622364921617,717.367,321.3710339380217,306.96999999999997,1.9806972170373194,2.552
graetz_fd361_prescribed,E67,2050.0,15.283999999999999,499.1938870897236,952.7099999999999,658.7112439152463,1001.518,696.255775328225,860.814,659.509381366611,974.4119999999999,697.0074955802912,795.635,696.7623601382536,720.104,321.7803421910884,307.613,1.9814043149694927,2.55
graetz_fd361_prescribed,E67,2100.0,15.279,499.3002689795549,953.5169999999999,658.8295733904755,1001.712,696.3889743912822,862.091,659.6263717852945,974.4929999999999,697.1386001001382,797.485,696.9150817324,722.6320000000001,322.17376541995657,308.293,1.9813965733075425,2.578
graetz_fd361_prescribed,E67,2150.0,15.281000000000002,499.35853125645014,954.617,658.9686229593045,1001.542,696.5595120622684,863.542,659.7641406518042,974.592,697.3074095417294,799.309,697.0975487642678,724.988,322.5522969439216,308.94,1.982629265436771,2.574
graetz_fd361_prescribed,E67,2200.0,15.283000000000001,499.37752089917126,952.0889999999999,659.0526599053344,1001.03,696.7235088390175,864.771,659.8465923420433,974.2049999999999,697.469669022637,801.012,697.2896570148371,727.544,322.91682678447074,309.602,1.983629554712886,2.588
graetz_fd361_prescribed,E67,2250.0,15.278999999999998,499.4260995105469,952.5509999999999,659.1269472554704,1000.208,696.8575301302634,865.6659999999999,659.9194682038168,973.494,697.6018943952139,802.425,697.46037759669,729.6089999999999,323.268100026876,310.21799999999996,1.9835814988108744,2.595
graetz_fd361_prescribed,E67,2300.0,15.283999999999999,499.4263128831419,950.836,659.1971676249618,999.5509999999999,696.982146105343,866.4019999999999,659.9882479550108,972.929,697.7248066267715,803.709,697.6151675274381,731.569,323.60681494681677,310.83,1.984921830544431,2.595
graetz_fd361_prescribed,E67,2350.0,15.271,499.5424961537884,950.7719999999999,659.2851996336121,999.535,697.0984876018523,867.215,660.0753186950652,972.891,697.8395792622237,805.009,697.7577360116047,733.453,323.933695379588,311.46799999999996,1.9834714542246537,2.61
graetz_fd361_prescribed,E67,2400.0,15.277,499.5525425522726,949.99,659.4232755145106,999.3349999999999,697.2491140903521,868.174,660.2125221293206,972.744,697.9890074037581,806.313,697.9129556912153,735.324,324.2493995577896,312.058,1.9852517620120427,2.606
graetz_fd361_prescribed,E67,2450.0,15.291,499.4337039906285,948.415,659.3952749144115,998.304,697.3636225715167,868.793,660.1824943819987,971.823,698.1019798737283,807.472,698.0685864891842,736.95,324.5545328243839,312.635,1.987598274511996,2.619
graetz_fd361_prescribed,E67,2500.0,15.286999999999999,499.439018548091,949.93,659.3106056025938,998.3,697.3694060784827,869.323,660.0960311785839,971.576,698.1056820183182,808.4359999999999,698.1466610028583,738.574,324.8496555955788,313.253,1.986722818420132,2.623
graetz_fd361_prescribed,E67,2550.0,15.281,499.5251850391519,950.8629999999999,659.3651757835842,999.054,697.3819350314341,870.217,660.1499313525062,972.1469999999999,698.1165919495083,809.571,698.1823264214652,740.123,325.13532597597026,313.80899999999997,1.9860525402637852,2.644
graetz_fd361_prescribed,E67,2600.0,15.280000000000001,499.5861245571291,951.547,659.4796227972743,999.8829999999999,697.4739150192951,871.331,660.263927436956,972.901,698.2076344982803,810.9,698.2606034634632,741.78,325.4120625580665,314.41499999999996,1.9865253462549415,2.646
graetz_fd361_prescribed,E67,2650.0,15.276,499.66067000350483,952.322,659.5861620702264,1000.2049999999999,697.6012986804652,872.4159999999999,660.3699474724536,973.263,698.3342830542856,812.178,698.3829296027116,743.4369999999999,325.68035621950503,314.96799999999996,1.9865798125421121,2.646
graetz_fd361_prescribed,E67,2700.0,15.293,499.5676524997896,950.365,659.6098575025869,999.963,697.7090319031493,873.252,660.3923230965281,973.2049999999999,698.4410509967884,813.3249999999999,698.5110978208572,744.865,325.9406815189936,315.508,1.9896011600293484,2.64
graetz_fd361_prescribed,E67,2750.0,15.277,499.6827322626099,949.35,659.5932653929722,999.095,697.7451942446995,873.845,660.3748012206233,972.489,698.4758838277648,814.295,698.5917615927835,746.278,326.1934850251298,316.078,1.987151623926327,2.654
graetz_fd361_prescribed,E67,2800.0,15.27,499.83606445270425,947.946,659.777788705241,998.558,697.8343155127912,874.2049999999999,660.5596545976637,971.971,698.5643570981006,815.009,698.6664588670219,747.461,326.43921241901415,316.616,1.9869708398280013,2.661
graetz_fd361_prescribed,E67,2850.0,15.289000000000001,499.72354569523014,948.2139999999999,659.8607495353901,998.358,697.988042728039,874.54,660.641669788995,971.699,698.7177010093334,815.673,698.8054891591727,748.614,326.6782729543058,317.13199999999995,1.9905702283732385,2.663
graetz_fd361_prescribed,E67,2900.0,15.284,499.7049201843967,948.404,659.7772428582938,998.432,698.0365009733945,875.098,660.5566653000363,971.762,698.7649527111989,816.438,698.9101286207369,749.8820000000001,326.9108959095164,317.662,1.9895870354913496,2.666
graetz_fd361_prescribed,E67,2950.0,15.281,499.71172991800506,946.838,659.7941858275244,998.067,698.0400019731436,875.509,660.5729769793747,971.437,698.7672537545753,817.115,698.9460880269178,751.028,327.137236770929,318.145,1.9891732354904348,2.686
graetz_fd361_prescribed,E67,3000.0,15.28,499.73201668289533,945.62,659.8323195514238,998.304,698.0819675724961,876.05,660.6105703262973,971.6329999999999,698.8084240541996,817.889,698.9896480629291,751.943,327.35741457404515,318.652,1.989244602129384,2.695
graetz_fd361_prescribed,E67,3050.0,15.282,499.751510198322,947.942,659.864541553254,998.97,698.1335142846904,876.524,660.6422052837465,972.026,698.8592554395282,818.6089999999999,699.0485451864565,752.847,327.5717718574791,319.13399999999996,1.9898239447214525,2.697
graetz_fd361_prescribed,E67,3100.0,15.278,499.81687610139494,946.183,659.9115612480664,999.471,698.1857877729557,877.3389999999999,660.688848159825,972.59,698.9108775165853,819.4929999999999,699.1082624521432,753.822,327.78070044438897,319.59799999999996,1.9895171490277672,2.71
graetz_fd361_prescribed,E67,3150.0,15.289,499.79597265824594,947.278,659.9432407663121,999.0939999999999,698.2439899308289,877.976,660.7198517722263,972.338,698.9684667225689,820.345,699.1732594999291,755.016,327.984568804923,320.12399999999997,1.991550326525514,2.709
graetz_fd361_prescribed,E67,3200.0,15.281,499.8672754093426,946.712,659.9485472485094,998.256,698.2758373385757,878.293,660.7246277475068,971.739,698.9995679526455,820.92,699.22486210298,755.913,328.18373745724534,320.575,1.9904168123940589,2.716
graetz_fd361_prescribed,E67,3250.0,15.283,499.90420866578876,946.56,660.0287029840533,997.847,698.3278644167876,878.362,660.8046349312863,971.3,699.0511121678464,821.3059999999999,699.2742375635796,756.631,328.3784017841053,321.03999999999996,1.991166956975,2.732
graetz_fd361_prescribed,E67,3300.0,15.279,499.96333855473165,947.1229999999999,660.092346704105,997.579,698.4050110537894,878.6089999999999,660.8680338806748,971.0,699.1279301558741,821.7379999999999,699.3465715364912,757.373,328.5687216353766,321.50699999999995,1.9909524055862517,2.721
graetz_fd361_prescribed,E67,3350.0,15.272,500.0498192054761,945.468,660.2018965927914,997.482,698.4973804568826,878.8199999999999,660.9776783697125,970.9019999999999,699.2201031864138,822.167,699.4317881780539,758.0419999999999,328.75486128443237,321.94399999999996,1.9904548055103066,2.715
graetz_fd361_prescribed,E67,3400.0,15.289,499.9376528950766,942.838,660.2331040518131,996.877,698.5939579893792,879.087,661.008068672332,970.444,699.3163863708951,822.624,699.5319280782637,758.7639999999999,328.93692935304824,322.38899999999995,1.993444942397792,2.726
graetz_fd361_prescribed,E67,3450.0,15.284,499.90662778043924,944.692,660.1389401556478,996.117,698.5999217391319,879.1039999999999,660.9127340394753,969.77,699.3214096129886,822.9069999999999,699.5866697527765,759.396,329.1149960037896,322.77299999999997,1.9923113777710642,2.719
graetz_fd361_prescribed,E67,3500.0,15.283000000000001,499.9086908264484,943.771,660.1331712953869,996.322,698.574398520964,879.177,660.9065330444009,969.855,699.2950003380436,823.1519999999999,699.5860489191161,759.736,329.28906024564253,323.16999999999996,1.9920825891316878,2.721
graetz_fd361_prescribed,E67,3550.0,15.276000000000002,499.9816276227019,944.607,660.180469716649,996.293,698.5930395772152,879.411,660.9537885116381,969.709,699.31319916638,823.495,699.5976350420822,760.3009999999999,329.4592093997961,323.56399999999996,1.9912020712218101,2.732
graetz_fd361_prescribed,E67,3600.0,15.290000000000003,499.9217548695721,944.8389999999999,660.2061568991672,997.088,698.6402283649225,879.794,660.9789442792325,970.3489999999999,699.3600667806686,823.967,699.6399918255954,760.7919999999999,329.62567293805495,323.986,1.9936336617321029,2.744
graetz_fd361_prescribed,E67,3650.0,15.286000000000001,499.9532797663302,943.7909999999999,660.153766339266,997.481,698.6419571785436,880.332,660.9258349368383,970.731,699.3611220103868,824.55,699.6683197863833,761.45,329.7887194765508,324.371,1.9928644201886652,2.744
graetz_fd361_prescribed,E67,3700.0,15.273,500.1128550345826,944.542,660.2524099834749,996.97,698.6593937748564,880.832,661.0249575308353,970.539,699.3782269503912,825.101,699.6798246555197,762.155,329.9485692824396,324.76599999999996,1.99126720204982,2.751
graetz_fd361_prescribed,E67,3750.0,15.275999999999998,500.1574631559496,943.56,660.4139349792322,995.617,698.7735964828003,880.688,661.1869198729889,969.3439999999999,699.4927385917172,825.312,699.751860272036,762.6869999999999,330.10537915144357,325.17199999999997,1.9925696855070472,2.74
graetz_fd361_prescribed,E67,3800.0,15.282,500.12032218559807,944.3199999999999,660.4435512111402,995.655,698.8840457975765,880.5079999999999,661.2159585333652,969.244,699.6031989075817,825.357,699.862058883801,763.005,330.2592131479873,325.522,1.993858848794225,2.744
graetz_fd361_prescribed,E67,3850.0,15.290000000000001,500.0638358654003,940.545,660.379216579553,994.0799999999999,698.9046403895118,880.6419999999999,661.1505958467466,968.088,699.623126845738,825.591,699.9246601421128,763.524,330.4101716670474,325.881,1.9949794821590716,2.75
graetz_fd361_prescribed,E67,3900.0,15.283000000000001,500.11229655480673,939.569,660.3446015327715,992.978,698.8716495893307,879.994,661.1155405711397,966.722,699.58932499276,825.341,699.9240866026205,763.718,330.5584071694346,326.238,1.9937138727252188,2.742
graetz_fd361_prescribed,E67,3929.0,15.295,500.0486203971727,931.6279999999999,660.3476567939103,991.103,698.8615462254897,878.055,661.1183101323935,966.6659999999999,699.5788722064292,824.995,699.9181635898566,763.414,330.6431541018924,326.43699999999995,1.9956207301364,2.712
graetz_fd361_prescribed,E72,0.0,19.503,294.0745,295.56,294.0745,294.102,294.0745,294.015,294.0745,294.229,294.0745,294.226,294.07449999999994,294.17999999999995,294.0745,294.07599999999996,0.2747444275503551,0.255
graetz_fd361_prescribed,E72,50.0,19.479,398.26810451438604,373.46,408.5168103446571,362.34299999999996,353.45975772961276,324.21099999999996,409.0741776944245,328.62899999999996,353.74200029289875,307.11899999999997,334.494280877069,304.986,294.0754785457,294.07399999999996,0.8301879312782875,0.471
graetz_fd361_prescribed,E72,100.0,19.45,404.62528913485784,453.884,463.4961716910776,454.865,433.42327701084855,387.39599999999996,464.1661081100723,404.428,433.956852515592,351.84299999999996,402.5331254975034,338.248,294.0844464662097,294.046,1.1495745924492065,0.724
graetz_fd361_prescribed,E72,150.0,19.411,405.9944803902004,515.521,477.8546100659515,527.652,473.9807345738658,439.84399999999994,478.4928529029981,472.907,474.5864259531425,393.721,449.3498355175007,364.9,294.1170226905176,294.043,1.2816437034724175,0.932
graetz_fd361_prescribed,E72,200.0,19.372,406.64477861968794,566.458,482.57719611505905,587.3820000000001,489.4143863625542,484.692,483.16998487131036,532.14,490.0012662530411,430.62699999999995,472.204263060171,387.02099999999996,294.1947469605974,294.056,1.331003501576581,1.118
graetz_fd361_prescribed,E72,250.0,19.331,407.1313515739615,600.6179999999999,484.9742178105808,631.105,496.11275328882556,519.356,485.53026863000343,576.909,496.6641337162488,459.476,483.5443586691266,407.085,294.33647115190905,294.08,1.3522535580664452,1.266
graetz_fd361_prescribed,E72,300.0,19.286,407.5755707813922,625.5519999999999,486.63681329862834,662.649,499.9361603662127,546.762,487.16525989543607,610.781,500.45585308862684,483.17499999999995,490.21367523199683,423.78,294.5532625718535,294.12,1.3635452995113386,1.382
graetz_fd361_prescribed,E72,350.0,19.266000000000002,407.88137986672,644.915,487.90501080849253,688.435,502.6015962684507,570.3979999999999,488.41210282556045,638.979,503.0958540353401,503.76099999999997,494.79848028879013,441.294,294.847637522628,294.154,1.3728747119896325,1.482
graetz_fd361_prescribed,E72,400.0,19.227999999999998,408.21394705735537,660.424,488.90593332119045,707.871,504.603289060368,588.377,489.3962512594645,660.075,505.07709111470047,519.235,498.2046807824978,455.501,295.215135542553,294.215,1.377876839886404,1.563
graetz_fd361_prescribed,E72,450.0,19.202,408.502013033915,671.613,489.7946788529655,722.509,506.22617100203917,603.733,490.2715822718384,676.726,506.6835057030708,532.96,500.88096366058994,470.66999999999996,295.646812638337,294.27099999999996,1.3826588750869533,1.636
graetz_fd361_prescribed,E72,500.0,19.173,408.7867132542545,681.039,490.5604925297943,734.97,507.5882684908871,617.3599999999999,491.0262934031639,690.972,508.0320203655765,545.644,503.06676639215107,484.707,296.1313251462943,294.344,1.3860489450435414,1.717
graetz_fd361_prescribed,E72,550.0,19.139,409.08403456989174,687.9459999999999,491.27837042093347,744.2629999999999,508.7699247227215,628.391,491.7350076013448,701.685,509.2023466483417,556.144,504.8962799342387,496.54499999999996,296.6566737969881,294.423,1.3883118345674732,1.762
graetz_fd361_prescribed,E72,600.0,19.088,409.4458083658269,693.515,492.0146016689244,751.25,509.8584076281761,637.449,492.4638451399714,709.749,510.28144816488617,565.315,506.4861513622212,507.08,297.211342262269,294.52099999999996,1.3887217757824608,1.8
graetz_fd361_prescribed,E72,650.0,19.037000000000003,409.82208367575385,698.5070000000001,492.7942100598861,756.723,510.9275842725067,645.352,493.23740336403404,716.5409999999999,511.3429442249544,573.3820000000001,507.93983236063235,516.4449999999999,297.78489864835717,294.62699999999995,1.389185526515639,1.857
graetz_fd361_prescribed,E72,700.0,18.988999999999997,410.2040393936999,704.932,493.56264655326333,763.856,511.9736180194361,653.028,494.0006084012638,724.288,512.3824966854452,581.29,509.2994884905079,525.539,298.36838070215674,294.76,1.3898309679246355,1.908
graetz_fd361_prescribed,E72,750.0,18.967000000000002,410.4735912414522,707.6379999999999,494.2402920211323,768.467,512.9524585006872,659.949,494.67318418345985,729.995,513.3555170756744,588.575,510.55659659387265,533.712,298.95445357979406,294.892,1.3924984049733498,1.938
graetz_fd361_prescribed,E72,800.0,18.92,410.7792662822452,708.393,494.83421439517474,770.241,513.8110678138028,665.681,495.26255023752043,733.479,514.2086717829201,594.95,511.66840099589274,541.6469999999999,299.53718378750705,295.019,1.3920830342951551,1.972
graetz_fd361_prescribed,E72,850.0,18.894000000000002,411.0045217679248,710.553,495.41269988345704,770.93,514.6145054284635,669.906,495.8368649117638,735.2629999999999,515.0072319754846,600.3009999999999,512.6756909981752,548.774,300.11186667455917,295.178,1.3935024095364423,2.006
graetz_fd361_prescribed,E72,900.0,18.884999999999998,411.1160429985969,711.989,495.83527748227044,772.8779999999999,515.3146482259159,673.469,496.2549984187032,737.701,515.7026016410447,604.787,513.5780475452458,554.634,300.6748353598957,295.34499999999997,1.3957587930567947,2.044
graetz_fd361_prescribed,E72,950.0,18.852999999999998,411.27163389878666,713.896,496.18693579098334,774.5039999999999,515.8800882628866,677.169,496.60265975738605,740.002,516.2633593865013,609.28,514.3318955183522,560.228,301.2233556366628,295.501,1.3951579570231147,2.057
graetz_fd361_prescribed,E72,1000.0,18.839000000000002,411.3784048299,717.2090000000001,496.5391579534897,777.149,516.4017966442319,680.702,496.951247286868,742.7159999999999,516.7808414107695,613.44,514.9987013216753,565.664,301.7554687238245,295.67699999999996,1.3962305132832737,2.066
graetz_fd361_prescribed,E72,1050.0,18.809,411.51132871206727,719.933,496.85764429537704,779.527,516.8791711787716,684.7829999999999,497.26645884983134,745.646,517.2543237389335,617.928,515.6032065058664,571.3489999999999,302.2698413952629,295.899,1.3954604598767428,2.109
graetz_fd361_prescribed,E72,1100.0,18.796,411.62404566655204,721.0909999999999,497.1715291413483,781.153,517.3348742158208,688.1279999999999,497.5773095805352,747.813,517.7064974842556,621.819,516.1635364972451,576.26,302.7656649269459,296.114,1.3963541191253386,2.121
graetz_fd361_prescribed,E72,1150.0,18.768,411.81053761046905,721.613,497.4814504909496,782.594,517.7612325078177,691.095,497.88462056212586,749.6769999999999,518.1296175677293,625.4449999999999,516.6818604224163,580.81,303.2427000628822,296.35299999999995,1.3957170124300107,2.155
graetz_fd361_prescribed,E72,1200.0,18.742,412.01818542112755,724.1769999999999,497.8554395207515,784.7249999999999,518.210006275195,694.277,498.25651807846333,752.06,518.5756667919497,629.142,517.1905216121633,585.413,303.70112634124143,296.628,1.3955614192906989,2.167
graetz_fd361_prescribed,E72,1250.0,18.707,412.2634354776157,724.68,498.2660315020938,785.3199999999999,518.6947512320986,696.92,498.66540105446387,753.2339999999999,519.0581427754912,632.577,517.7176670713434,589.245,304.1413080830819,296.89799999999997,1.3947099123610496,2.183
graetz_fd361_prescribed,E72,1300.0,18.69,412.46385482288366,726.819,498.672810050428,787.651,519.1999676459719,699.364,499.07046970487755,755.362,519.5613574699873,635.622,518.2613909835259,592.576,304.5637660788107,297.17699999999996,1.395698209298354,2.205
graetz_fd361_prescribed,E72,1350.0,18.669,412.6580133971935,727.116,499.0237616550061,788.184,519.6689987030772,702.315,499.4196619768313,756.825,520.0283730704946,639.1569999999999,518.782780274264,596.443,304.96917537791575,297.508,1.3960002373920104,2.224
graetz_fd361_prescribed,E72,1400.0,18.66,412.7914935441346,728.573,499.3318036974884,788.674,520.0927416681927,704.068,499.72586781279836,757.512,520.4500876279991,641.707,519.2614225558843,599.887,305.35825294302,297.82,1.3972237934897063,2.248
graetz_fd361_prescribed,E72,1450.0,18.651,412.89809438439215,728.538,499.5669853976523,789.1759999999999,520.4522159598907,705.915,499.9591105230516,758.3820000000001,520.8074362076093,644.1569999999999,519.6842890350771,603.03,305.7316699896511,298.133,1.398029056547121,2.28
graetz_fd361_prescribed,E72,1500.0,18.63,413.0347367367288,728.813,499.802791994591,789.994,520.7671528376128,707.636,500.193300253697,759.3489999999999,521.120344040157,646.391,520.0521502657773,605.987,306.09009557104423,298.455,1.3975157032379992,2.286
graetz_fd361_prescribed,E72,1550.0,18.62,413.1224561965808,727.467,500.0417986165909,789.542,521.0827211812109,709.221,500.4307774105017,759.517,521.4341191275781,648.729,520.4046506065465,608.8340000000001,306.4341350503069,298.787,1.3980842236297493,2.296
graetz_fd361_prescribed,E72,1600.0,18.608,413.19025080518577,729.074,500.2287381095494,790.153,521.3676005062258,710.519,500.6161255039104,760.25,521.7172183769923,650.604,520.7342764219745,611.5360000000001,306.7643305718759,299.101,1.3981764661737826,2.301
graetz_fd361_prescribed,E72,1650.0,18.59,413.2934326297812,730.12,500.41758057100657,791.237,521.6238330186774,711.967,500.8036204941973,761.266,521.9717626423277,652.578,521.0298290691728,613.903,307.08123830019855,299.429,1.3976313005574532,2.314
graetz_fd361_prescribed,E72,1700.0,18.575,413.4074052802853,732.126,500.6327812559049,792.5409999999999,521.8863677191243,713.583,501.0177094861583,762.447,522.2328435047945,654.608,521.3172045871584,616.208,307.3854969259123,299.74399999999997,1.3975111205361923,2.328
graetz_fd361_prescribed,E72,1750.0,18.559,413.5516935056734,732.5619999999999,500.85713702813257,794.53,522.1588716799644,715.7349999999999,501.2411089287514,764.4749999999999,522.5040809651174,656.919,521.6091462347283,618.807,307.67782252054536,300.11699999999996,1.3973825288617263,2.34
graetz_fd361_prescribed,E72,1800.0,18.548000000000002,413.69186043532324,732.9849999999999,501.0913975406659,795.189,522.4378280607951,717.537,501.47451002366915,765.51,522.7819181272943,659.105,521.9043404884362,621.269,307.9590043839424,300.47799999999995,1.397820054112883,2.365
graetz_fd361_prescribed,E72,1850.0,18.535,413.83020994677366,734.403,501.3152694242424,795.4979999999999,522.7136005347007,718.905,501.6975610756656,766.16,523.0566496322252,660.9369999999999,522.197730968926,623.499,308.2298008316549,300.83299999999997,1.3980020306791432,2.371
graetz_fd361_prescribed,E72,1900.0,18.526,413.9507664895818,734.14,501.52869486516187,795.5319999999999,522.9795483016718,720.0519999999999,501.9101742239736,766.502,523.3216048059846,662.6289999999999,522.4823086983482,625.679,308.4908636515657,301.222,1.398522658742546,2.37
graetz_fd361_prescribed,E72,1950.0,18.503,414.1071375782638,733.7,501.7554603830089,794.035,523.2411514520617,720.483,502.1363594080309,765.506,523.5823269534892,663.8209999999999,522.7580580539026,627.38,308.7427420425015,301.58099999999996,1.3976455699723047,2.377
graetz_fd361_prescribed,E72,2000.0,18.49,414.2368514230107,733.575,502.0044913671617,793.433,523.5233084251831,720.825,502.38488419974993,765.1479999999999,523.8637893783196,664.652,523.0446459772584,628.9359999999999,308.9859425418015,301.926,1.3978967071972317,2.394
graetz_fd361_prescribed,E72,2050.0,18.481,414.33349918780857,732.991,502.2067375381831,793.621,523.7934359523341,721.1679999999999,502.58642878487,765.134,524.1331800321526,665.575,523.3308130172977,630.194,309.2209168737786,302.30899999999997,1.3983470966201033,2.415
graetz_fd361_prescribed,E72,2100.0,18.483,414.3656536406134,734.7139999999999,502.3396917849667,794.953,524.0115951501737,722.213,502.7183949505337,766.25,524.3503949458233,666.806,523.5813876935895,631.659,309.4480968484941,302.666,1.399533164458557,2.408
graetz_fd361_prescribed,E72,2150.0,18.469,414.43947370542446,733.3019999999999,502.4443288849167,794.398,524.1719668915816,723.239,502.8221882932353,766.3199999999999,524.5097087877747,668.218,523.7778408820632,633.285,309.66784827762837,303.01599999999996,1.3988671100414316,2.399
graetz_fd361_prescribed,E72,2200.0,18.455000000000002,414.5064612903518,733.1679999999999,502.59465718644446,794.2869999999999,524.3400431429966,723.602,502.971960596753,766.189,524.6769563430348,669.0409999999999,523.9591590361904,634.535,309.88048119998746,303.335,1.3983410498353281,2.421
graetz_fd361_prescribed,E72,2250.0,18.452,414.5348122458235,735.1659999999999,502.71440430289306,794.446,524.5141446064878,724.135,503.0909818923891,766.367,524.8502971050041,669.9839999999999,524.147837128357,635.7929999999999,310.08619816246824,303.69399999999996,1.3988389893299344,2.418
graetz_fd361_prescribed,E72,2300.0,18.436999999999998,414.6046268566499,733.492,502.8205860228301,794.7429999999999,524.6611832912229,724.8309999999999,503.1965585619059,766.693,524.9965412526478,670.951,524.3163197293817,636.846,310.28527147341254,304.03799999999995,1.3980260682120522,2.427
graetz_fd361_prescribed,E72,2350.0,18.442999999999998,414.6415612997184,733.7049999999999,502.92104136908785,795.1229999999999,524.8010084298705,725.515,503.2963282121549,767.067,525.1356083406073,671.909,524.4729906833838,637.978,310.4780587312494,304.387,1.3993610549009987,2.423
graetz_fd361_prescribed,E72,2400.0,18.413,414.8076075850343,736.6579999999999,503.0613675615744,797.554,524.935915432769,726.708,503.4364835382722,768.949,525.2698963083101,673.086,524.6177507240182,639.1479999999999,310.665021455069,304.75399999999996,1.3971793440162226,2.45
graetz_fd361_prescribed,E72,2450.0,18.409999999999997,414.92347466626376,737.174,503.2812201567169,798.584,525.1420899561607,728.173,503.6563004571609,770.162,525.475853499523,674.603,524.8054838828896,640.54,310.8465906403099,305.11499999999995,1.3981937736490266,2.461
graetz_fd361_prescribed,E72,2500.0,18.398,415.03650136235905,736.799,503.45075823685715,799.538,525.3537536608221,729.2909999999999,503.82560240476704,771.131,525.6872555364712,675.887,525.0187870899724,641.728,311.0231525921422,305.453,1.3981040738802695,2.455
graetz_fd361_prescribed,E72,2550.0,18.381,415.16548584747153,739.3199999999999,503.6429484693665,801.947,525.5600410360122,730.723,504.0177214906238,773.044,525.8933054208115,677.304,525.2262852516839,642.983,311.19501600868097,305.817,1.3975643557911663,2.478
graetz_fd361_prescribed,E72,2600.0,18.38,415.22698773436156,740.728,503.8098299137109,804.242,525.769256553683,732.555,504.1842992092695,775.211,526.1022763380556,678.999,525.4388168571393,644.3340000000001,311.362400605118,306.13,1.3985512871483539,2.477
graetz_fd361_prescribed,E72,2650.0,18.372,415.29453383819214,741.0319999999999,503.91892418746323,806.232,525.9345443945515,734.44,504.29294494202736,777.3489999999999,526.2671165771967,680.779,525.6250973483158,645.885,311.52550515375617,306.436,1.3985262222869679,2.489
graetz_fd361_prescribed,E72,2700.0,18.361,415.3743183508931,741.152,504.04507891524855,806.536,526.079362970659,735.674,504.4188300134564,777.942,526.4115045048301,682.222,525.7831228620108,647.29,311.6845403353661,306.74199999999996,1.3982043085476392,2.49
graetz_fd361_prescribed,E72,2750.0,18.373,415.35672409977906,740.226,504.1172328299608,805.154,526.2106031396822,736.626,504.4903358051155,777.7729999999999,526.5422445591237,683.434,525.9316767675155,648.9849999999999,311.8396653328663,307.067,1.39998676403625,2.496
graetz_fd361_prescribed,E72,2800.0,18.361,415.4020900534695,738.3969999999999,504.1443167713944,802.654,526.2808246209705,735.736,504.5168602456755,775.578,526.6117687389345,683.4179999999999,526.0337172292341,649.6479999999999,311.9910032492028,307.366,1.3990299068629652,2.499
graetz_fd361_prescribed,E72,2850.0,18.361,415.45133411188533,738.203,504.22163058249504,801.524,526.3568941359323,734.971,504.5938487946579,774.443,526.6873172343758,683.172,526.1191798235261,649.997,312.1387041299461,307.69,1.3995259395872939,2.493
graetz_fd361_prescribed,E72,2900.0,18.352,415.51659295607135,736.2349999999999,504.3054256904154,799.307,526.44922789935,734.3399999999999,504.6774126640905,772.739,526.7792664587523,683.092,526.2153491897635,650.498,312.28296862218826,308.01,1.3991383941030118,2.479
graetz_fd361_prescribed,E72,2950.0,18.353,415.56489801474453,738.183,504.3922058874466,799.3729999999999,526.5508802746974,733.822,504.7639279927881,772.392,526.8805965846103,682.8879999999999,526.320398075346,650.567,312.42394633957207,308.32099999999997,1.3998248752569413,2.483
graetz_fd361_prescribed,E72,3000.0,18.344,415.6352849930309,739.169,504.47545469318834,800.636,526.6481763884866,734.064,504.84698192021983,773.082,526.9775815681103,683.1859999999999,526.4238077752902,650.887,312.5618060127294,308.628,1.3994556324250396,2.49
graetz_fd361_prescribed,E72,3050.0,18.339,415.7042774460567,737.7919999999999,504.58091185466367,800.3919999999999,526.7564562695468,734.894,504.9523318521457,773.443,527.0856427030715,684.045,526.5317530640704,651.824,312.6966768697272,308.926,1.3996046459250486,2.482
graetz_fd361_prescribed,E72,3100.0,18.333000000000002,415.7700653161199,737.963,504.68220807302396,798.812,526.8725249000989,734.5989999999999,505.05350133000104,772.135,527.2015312819442,684.2049999999999,526.6482533942585,652.367,312.82868476474346,309.24199999999996,1.3996455210753482,2.491
graetz_fd361_prescribed,E72,3150.0,18.326999999999998,415.825823744608,737.231,504.78056764273117,798.288,526.9869322808665,734.231,505.15172654426635,771.567,527.3157602551481,684.15,526.7653143529262,652.662,312.9579353256812,309.55499999999995,1.3996577608310021,2.487
graetz_fd361_prescribed,E72,3200.0,18.317999999999998,415.9010605069727,738.578,504.8828552034023,797.723,527.1008736288196,733.992,505.2539374519448,771.04,527.4295434211282,684.18,526.8813169939965,652.896,313.08450269691974,309.84499999999997,1.3993900068960206,2.497
graetz_fd361_prescribed,E72,3214.0,18.316,415.9199022172031,737.656,504.91504939939455,797.899,527.1339966971284,733.977,505.2861256391902,771.112,527.4626332047217,684.1869999999999,526.9143027676118,652.9549999999999,313.1194777851722,309.928,1.3993814631031767,2.485
graetz_fd361_prescribed,E77,0.0,13.844999999999999,295.3565,310.26,295.3565,317.86199999999997,295.3565,319.984,295.3565,318.99399999999997,295.3565,321.865,295.3564999999999,322.57,295.3565,308.08399999999995,0.021730517832921237,0.062
graetz_fd361_prescribed,E77,50.0,13.834,362.295958348885,346.686,352.9775683104389,346.442,320.1225949836305,329.808,353.24469334052856,333.02299999999997,320.2375386150256,325.60999999999996,310.4052877097537,325.294,295.35695883993947,307.83299999999997,0.21951223042273704,0.137
graetz_fd361_prescribed,E77,100.0,13.829,370.8528747518422,383.27,394.4087001766119,392.364,361.33316881911446,358.804,394.7713931683468,369.07599999999996,361.57096685002944,344.88699999999994,341.23578927691756,339.876,295.3612426930449,307.59499999999997,0.3589395173044304,0.21
graetz_fd361_prescribed,E77,150.0,13.834,373.2127882150904,414.554,411.9558432835464,431.01599999999996,393.48535535917813,386.082,412.32753858963497,403.24199999999996,393.7958044243098,365.55199999999996,372.0198669354375,355.041,295.37756926101827,307.33099999999996,0.4417449319437191,0.291
graetz_fd361_prescribed,E77,200.0,13.843,374.09349401348027,442.467,419.38015953262084,465.436,411.996053406461,410.928,419.7346233109015,435.465,412.327040345977,385.241,393.66659533587773,368.95899999999995,295.418606821724,307.09,0.48665141589285177,0.358
graetz_fd361_prescribed,E77,250.0,13.844999999999999,374.5280198031941,462.21899999999994,422.9175519783017,490.384,421.96017524139006,429.941,423.2514222635309,459.856,422.2860411063077,400.849,407.2037443118119,380.08099999999996,295.4968569583033,306.88199999999995,0.5105868018852456,0.409
graetz_fd361_prescribed,E77,300.0,13.846,374.8118651013999,477.556,424.8883083148901,510.346,427.5725206991497,445.645,425.2042305937712,480.022,427.8850815374338,414.16599999999994,415.6642616216451,389.953,295.62089524620603,306.68399999999997,0.5244194977375481,0.447
graetz_fd361_prescribed,E77,350.0,13.841,375.04036712883976,490.54099999999994,426.16506370480107,526.992,431.03757070756427,459.188,426.4664915220051,496.95399999999995,431.33598645582873,425.93499999999995,421.2305631205696,399.06899999999996,295.7941841210939,306.491,0.5328255941183401,0.497
graetz_fd361_prescribed,E77,400.0,13.834,375.23968593800305,501.03,427.0990083446056,540.175,433.39591570175554,470.032,427.3888742605238,510.437,433.68167953793267,435.388,425.13788303240784,406.751,296.0154646303753,306.32399999999996,0.5384855021052429,0.527
graetz_fd361_prescribed,E77,450.0,13.847999999999999,375.35854453971325,508.92099999999994,427.8026501820117,550.858,435.12919617190465,479.489,428.08297811112647,521.6949999999999,435.4041538523202,443.79699999999997,428.04934561484424,414.01699999999994,296.2800570185884,306.176,0.544249331198443,0.556
graetz_fd361_prescribed,E77,500.0,13.854000000000001,375.45287461902336,514.259,428.31754664407254,558.2059999999999,436.44431589977194,487.24899999999997,428.5898087751398,529.991,436.70999393485636,450.95899999999995,430.2909608021189,420.655,296.58128955984074,306.046,0.5482228585011263,0.593
graetz_fd361_prescribed,E77,550.0,13.848999999999998,375.5814377335557,518.91,428.75124190866666,564.922,437.4724840427559,494.068,429.0168221848129,537.476,437.7301921517135,457.34399999999994,432.0507213909291,426.92099999999994,296.9116054145967,305.91499999999996,0.5506605256726788,0.608
graetz_fd361_prescribed,E77,600.0,13.842,375.6882880994094,523.649,429.15776382945126,569.947,438.32908899338963,499.437,429.4177736440413,542.8979999999999,438.5800279981867,462.501,433.4794692207068,432.272,297.26340333387594,305.804,0.5525442839616562,0.627
graetz_fd361_prescribed,E77,650.0,13.847,375.721452627558,527.077,429.49477949639163,574.2919999999999,439.0668381282461,504.38199999999995,429.7498043168731,547.8,439.3119367295671,467.24299999999994,434.6793485064389,437.23299999999995,297.62945717934747,305.66299999999995,0.5549822394893794,0.654
graetz_fd361_prescribed,E77,700.0,13.85,375.7156975887168,529.94,429.7367637083924,578.4,439.67963261720206,509.13599999999997,429.98719522063925,552.3,439.9194813949381,471.86899999999997,435.6848237861153,442.205,298.0033054963692,305.532,0.5567966242264152,0.666
graetz_fd361_prescribed,E77,750.0,13.839,375.746761831763,533.538,429.9409778733698,582.267,440.18173859715876,513.152,430.187385834908,556.271,440.41683338293643,475.80499999999995,436.51545786136603,446.45099999999996,298.37950592095945,305.417,0.5572150422676271,0.684
graetz_fd361_prescribed,E77,800.0,13.841999999999999,375.75600697398863,536.864,430.13772182705657,585.899,440.6183580307525,517.064,430.3805581934588,560.086,440.8492189899051,479.61899999999997,437.21932683201817,450.566,298.7536561347877,305.33599999999996,0.5586450461897746,0.698
graetz_fd361_prescribed,E77,850.0,13.846,375.75772574404743,539.5899999999999,430.2876993806799,589.371,440.99816931063367,521.0219999999999,430.5272073149659,563.746,441.2251877931689,483.495,437.82572295005775,454.772,299.12236573084857,305.239,0.5599499852890414,0.719
graetz_fd361_prescribed,E77,900.0,13.834999999999999,375.826410073351,541.467,430.43852326493413,592.191,441.3263703359009,524.429,430.6751580300494,566.861,441.549896295802,486.91999999999996,438.3429967724203,458.514,299.48312334615116,305.17499999999995,0.559987140834988,0.726
graetz_fd361_prescribed,E77,950.0,13.853000000000002,375.8415099653433,543.962,430.59146281774986,594.925,441.63230947868345,527.632,430.82544064858496,569.804,441.8527081187633,490.109,438.80375759944945,462.131,299.834208321448,305.12899999999996,0.5623552410711244,0.754
graetz_fd361_prescribed,E77,1000.0,13.838,375.9428490101835,545.738,430.7246183317821,597.69,441.90727858403653,530.8820000000001,430.9562434018145,572.7159999999999,442.1248146245392,493.335,439.21050816228166,465.86,300.17446149491525,305.114,0.5619553497290158,0.769
graetz_fd361_prescribed,E77,1050.0,13.849999999999998,375.99799315828244,547.813,430.894240596455,599.99,442.1756513911564,533.663,431.12379637651503,575.2149999999999,442.39064571175595,496.254,439.5831130180687,469.158,300.5031843070661,305.09799999999996,0.563832503784414,0.777
graetz_fd361_prescribed,E77,1100.0,13.842,376.08332675681567,549.265,431.03683038261823,601.858,442.43436246053983,536.363,431.2644421475794,577.422,442.64704382763733,499.04699999999997,439.9305369833917,472.299,300.81995226649883,305.09,0.563984732966211,0.792
graetz_fd361_prescribed,E77,1150.0,13.852,376.1325179543052,550.64,431.18353517702167,603.692,442.6783151597342,538.886,431.40934420604117,579.404,442.8888651874304,501.71399999999994,440.2528910905978,475.356,301.1246070767504,305.08799999999997,0.5655944874401381,0.803
graetz_fd361_prescribed,E77,1200.0,13.845999999999998,376.2108216741464,552.3119999999999,431.30785095209166,605.905,442.9033928979784,541.256,431.53197750058183,581.675,443.11195206010296,504.18499999999995,440.5479672960929,478.144,301.4171855765664,305.118,0.5658110193219535,0.819
graetz_fd361_prescribed,E77,1250.0,13.835999999999999,376.3007809434904,553.281,431.46522419676484,608.0989999999999,443.1225380374454,543.655,431.6879649118094,583.961,443.32930822273227,506.75699999999995,440.82104010306307,480.84399999999994,301.69786471263546,305.12699999999995,0.5657639902925206,0.831
graetz_fd361_prescribed,E77,1300.0,13.853000000000002,376.29687809318284,554.211,431.5907483569029,609.337,443.3423708202355,546.117,431.81196909245307,585.675,443.5474943953461,509.361,441.0896071019864,483.784,301.9668278408671,305.13599999999997,0.5678137966182147,0.837
graetz_fd361_prescribed,E77,1350.0,13.835999999999999,376.3606009412884,554.9449999999999,431.67568081216973,609.958,443.5255834668349,547.703,431.8954912218787,586.491,443.7290685070162,511.41999999999996,441.32766181087436,486.116,302.22436291393683,305.15799999999996,0.5669335008692725,0.844
graetz_fd361_prescribed,E77,1400.0,13.853000000000002,376.37253613939424,557.683,431.77520184926817,612.011,443.6923850096994,549.48,431.99368838083825,588.281,443.8943326770491,513.4269999999999,441.54148357543954,488.327,302.47086102880263,305.2,0.5688651829242458,0.864
graetz_fd361_prescribed,E77,1450.0,13.847999999999999,376.41637886148885,557.866,431.83629669040135,613.553,443.8367064374807,551.573,432.0534943637745,590.072,444.03716929987024,515.559,441.73199849211414,490.70799999999997,302.7068530837081,305.25399999999996,0.5688588626764685,0.865
graetz_fd361_prescribed,E77,1500.0,13.841000000000001,376.49898644339976,558.941,431.9379800953363,614.476,443.9732988402028,553.358,432.15418854807984,591.191,444.1724209160697,517.5999999999999,441.902413919634,493.08299999999997,302.9328802127263,305.30499999999995,0.568801490488504,0.869
graetz_fd361_prescribed,E77,1550.0,13.850000000000001,376.53227552343367,559.9749999999999,432.04267540365464,615.863,444.12285705383607,554.922,432.25790347303496,592.5799999999999,444.3208034976185,519.39,442.0755671397493,495.04499999999996,303.1494745009403,305.36199999999997,0.5700612121009662,0.889
graetz_fd361_prescribed,E77,1600.0,13.845999999999998,376.5808346096396,561.0419999999999,432.119235742849,617.093,444.26223895119847,556.576,432.33348718403283,593.9449999999999,444.4590549966589,521.174,442.24253845849046,497.06899999999996,303.3571300133944,305.428,0.5701653094119542,0.897
graetz_fd361_prescribed,E77,1650.0,13.855999999999998,376.6052210350926,561.144,432.19011491380707,617.952,444.3860508554172,558.0909999999999,432.40341775637864,594.977,444.5817695352321,522.9069999999999,442.39565617265146,498.981,303.5563290812394,305.49699999999996,0.5713894210462352,0.886
graetz_fd361_prescribed,E77,1700.0,13.850000000000001,376.6747446875934,561.457,432.25356128646735,617.8979999999999,444.4956146392517,559.275,432.4660251808964,595.328,444.69028567307,524.468,442.5320493789078,500.855,303.7475848540203,305.587,0.5712736375556097,0.9
graetz_fd361_prescribed,E77,1750.0,13.854,376.7368084022839,563.345,432.3435893556433,619.623,444.6075966517533,560.526,432.5553585725012,596.703,444.8013372849127,525.814,442.66211890829084,502.43899999999996,303.93144302128167,305.678,0.5720542752133072,0.905
graetz_fd361_prescribed,E77,1800.0,13.857,376.7792432041024,564.684,432.4207423534833,621.171,444.7234937963417,561.986,432.63179897235466,598.15,444.9163877723975,527.405,442.7934579635787,504.14,304.1083699542987,305.75,0.5727047911363746,0.918
graetz_fd361_prescribed,E77,1850.0,13.847999999999999,376.8562653944746,564.384,432.5040752372583,621.938,444.8349475564357,563.633,432.7145477698327,599.223,445.02705439635355,529.1479999999999,442.9194575663144,505.99199999999996,304.2787583004296,305.84299999999996,0.5723868237243294,0.926
graetz_fd361_prescribed,E77,1900.0,13.852,376.9092649675839,564.555,432.60167978299046,622.2929999999999,444.95346776995723,564.703,432.8116162323351,599.843,445.1448802781078,530.434,443.0473156631555,507.56999999999994,304.44298364994944,305.938,0.573182007418758,0.928
graetz_fd361_prescribed,E77,1950.0,13.856000000000002,376.94412517404135,563.377,432.67038150034807,621.825,445.06700796963264,565.5039999999999,432.87969682294806,599.8299999999999,445.25774084133604,531.531,443.1747438771383,508.938,304.6014122244178,306.043,0.5738867772480217,0.933
graetz_fd361_prescribed,E77,2000.0,13.854999999999997,376.98089184822163,565.2729999999999,432.72756213503146,622.4079999999999,445.16279348827294,566.039,432.9362909744033,600.18,445.3528339402351,532.3399999999999,443.28878715316245,510.157,304.75438882233084,306.145,0.5741207505561673,0.927
graetz_fd361_prescribed,E77,2050.0,13.855,377.01414149369475,564.99,432.7861999164823,622.999,445.2503337387859,566.983,432.99439825435144,600.88,445.4397184010496,533.3879999999999,443.39152800836337,511.35299999999995,304.9021916342284,306.236,0.5744248098037922,0.946
graetz_fd361_prescribed,E77,2100.0,13.852,377.055281175483,566.31,432.8461762706616,624.136,445.3352800450791,567.951,433.05390204658295,601.8889999999999,445.5240614821168,534.421,443.4884085285647,512.5409999999999,305.04506034096806,306.32899999999995,0.5744813908182976,0.943
graetz_fd361_prescribed,E77,2150.0,13.855999999999998,377.06366488467256,567.174,432.89924476741123,625.0999999999999,445.4177524498459,569.04,433.10647690201495,602.8409999999999,445.6059662673803,535.575,443.58253593342374,513.778,305.1832285632874,306.42199999999997,0.5750758646476767,0.94
graetz_fd361_prescribed,E77,2200.0,13.835,377.13374428081926,569.21,432.9641304435262,626.6659999999999,445.4975928232646,570.26,433.17104652599295,604.1959999999999,445.68529708339076,536.845,443.66992826047294,515.015,305.3168636421809,306.53,0.573641849915335,0.955
graetz_fd361_prescribed,E77,2250.0,13.838000000000001,377.160193897818,565.941,433.0593218409093,626.047,445.59630196071527,571.569,433.2659668448308,604.622,445.7836142303752,538.1949999999999,443.76728687664047,516.501,305.4461116263493,306.614,0.574285210673514,0.952
graetz_fd361_prescribed,E77,2300.0,13.854,377.1168689029586,565.2049999999999,433.0816554696538,624.823,445.6831561413,571.486,433.2876966673757,603.524,445.8700010532262,538.607,443.86818370385856,517.4209999999999,305.5711661354663,306.71,0.575778238686662,0.952
graetz_fd361_prescribed,E77,2350.0,13.855,377.09904067022205,564.169,433.054492784963,623.087,445.7194184466607,571.276,433.2598826300381,602.28,445.9056299237558,538.771,443.9356596083693,518.208,305.6922487199139,306.804,0.5758486654081224,0.945
graetz_fd361_prescribed,E77,2400.0,13.852,377.11573500510383,562.924,433.05612439665595,621.699,445.7340163750837,570.789,433.26108489783803,601.092,445.9196174129877,538.7249999999999,443.97213429064874,518.7,305.80957433420224,306.92499999999995,0.5756458181209437,0.961
graetz_fd361_prescribed,E77,2450.0,13.850999999999999,377.14207168556106,563.449,433.08474857106563,620.726,445.7617214641368,570.3009999999999,433.2894040198155,600.025,445.94684402851635,538.616,444.00685433158145,519.0219999999999,305.9233366758379,307.008,0.5756969355943936,0.951
graetz_fd361_prescribed,E77,2500.0,13.85,377.17869212966514,563.232,433.1237201617672,620.777,445.80465791484716,570.396,433.3281183414369,600.068,445.98939849328923,538.838,444.0517661184646,519.463,306.03375106382236,307.13199999999995,0.5758038768885217,0.952
graetz_fd361_prescribed,E77,2550.0,13.843,377.2258448236304,564.861,433.1786741892181,621.981,445.8591897817613,570.861,433.3829001539694,600.8789999999999,446.043622428713,539.303,444.105405397931,520.029,306.14103412759164,307.239,0.5754668752099913,0.95
graetz_fd361_prescribed,E77,2600.0,13.85,377.2519049073051,564.656,433.23134255959167,622.438,445.92336818465327,571.612,433.43533449499773,601.412,446.1075304038388,540.056,444.1693587881194,520.787,306.2453502558706,307.35699999999997,0.5763024368583759,0.96
graetz_fd361_prescribed,E77,2650.0,13.852,377.27276761090747,564.4639999999999,433.25982204574643,622.393,445.9779123053768,572.0709999999999,433.46351544878905,601.489,446.1617659538675,540.654,444.2313017308486,521.481,306.3469271089558,307.48499999999996,0.5766433100505916,0.959
graetz_fd361_prescribed,E77,2700.0,13.852,377.342982324296,565.156,433.2950126642522,623.011,446.0218708751838,572.5229999999999,433.4984918086459,601.952,446.2054052635347,541.159,444.28360319839663,522.125,306.44599259225697,307.618,0.5768676003177969,0.964
graetz_fd361_prescribed,E77,2750.0,13.852,377.4187736049121,565.7139999999999,433.360787763267,623.1479999999999,446.0744439997951,572.94,433.56418412306795,602.056,446.2577378727177,541.7139999999999,444.3359957150517,522.7249999999999,306.54290991289156,307.738,0.5771767325909828,0.969
graetz_fd361_prescribed,E77,2800.0,13.847000000000001,377.4853668109881,565.164,433.4406629499699,623.199,446.1464133345755,573.414,433.64401795504136,602.29,446.3295609034994,542.271,444.4009111930769,523.362,306.63788171277935,307.85799999999995,0.5771099479295084,0.969
graetz_fd361_prescribed,E77,2850.0,13.857000000000001,377.4783668861181,565.313,433.4976458969669,623.4359999999999,446.224395091672,573.673,433.70079204847696,602.511,446.4073945121969,542.645,444.47752211822353,523.848,306.7309266842693,307.94399999999996,0.5781954253956582,0.981
graetz_fd361_prescribed,E77,2900.0,13.850999999999999,377.51460418944583,565.319,433.5167759324637,623.03,446.27955322908593,573.904,433.71965256943116,602.276,446.46230726070473,543.0,444.54335868129465,524.3299999999999,306.82200590284094,308.06899999999996,0.5778555460880529,0.981
graetz_fd361_prescribed,E77,2950.0,13.864999999999998,377.50762163101336,564.928,433.53879827113235,623.1379999999999,446.3178057226319,574.0519999999999,433.74139667634904,602.3879999999999,446.50027500438875,543.287,444.5939001085354,524.739,306.91123249614145,308.18499999999995,0.5791479743756037,0.976
graetz_fd361_prescribed,E77,3000.0,13.852,377.5489665345287,564.679,433.5524725563319,622.6669999999999,446.3456799460703,574.156,433.7548752328241,602.0139999999999,446.5278691691979,543.528,444.6311081940364,525.13,306.9986837180506,308.27599999999995,0.578165169968304,0.984
graetz_fd361_prescribed,E77,3041.0,13.85,377.5711236003093,565.544,433.59786135107987,623.3499999999999,446.3774788785766,574.299,433.80022574363375,602.429,446.55951248228047,543.727,444.6621341232825,525.356,307.06906273729976,308.37,0.5781695086190511,0.978
graetz_fd298_prescribed,E67,0.0,15.279999999999998,293.3685,296.62199999999996,293.3685,296.25,293.3685,296.35299999999995,293.3685,296.22499999999997,293.3685,296.43399999999997,293.3684999999999,296.686,293.3685,293.39799999999997,0.07929279957602786,0.146
graetz_fd298_prescribed,E67,50.0,15.271,477.8188268145609,383.55999999999995,466.1256932367632,341.47999999999996,370.9377455786943,308.99899999999997,467.06561340246816,316.138,371.3250843711766,300.25399999999996,343.5908378286101,299.786,293.3700048624288,293.414,0.7935778618644717,0.316
graetz_fd298_prescribed,E67,100.0,15.279,494.1048933652755,540.75,581.0372294297988,473.256,495.464264040124,376.486,582.3840454105374,420.83,496.34502146067643,346.76099999999997,437.3901841181945,327.39099999999996,293.3836433321886,293.438,1.3076131291005106,0.6
graetz_fd298_prescribed,E67,150.0,15.276,497.65018855253317,664.299,621.1013826573749,589.1769999999999,585.960117973951,445.365,622.4788540105264,529.854,587.1552306810177,403.433,526.6694625836512,354.489,293.43449705862366,293.471,1.5968967642850451,0.864
graetz_fd298_prescribed,E67,200.0,15.274999999999999,498.9375754859844,748.8409999999999,635.0563558226182,676.7909999999999,630.6474340851947,499.078,636.3661370378034,618.247,631.9193433956224,448.715,584.8634798308497,378.13699999999994,293.56087402004675,293.50899999999996,1.7364004393774937,1.033
graetz_fd298_prescribed,E67,250.0,15.288000000000002,499.5075853182049,809.804,641.0996693827005,746.2349999999999,651.0849564979069,544.2439999999999,642.3352474135952,691.87,652.32866267708,487.053,617.5125736668822,398.99399999999997,293.80026750870144,293.53999999999996,1.8053016742485695,1.192
graetz_fd298_prescribed,E67,300.0,15.274000000000001,500.03104647416376,854.7379999999999,644.4772811565114,803.725,661.4738732658789,584.703,645.6511041685983,752.739,662.66376650924,521.4689999999999,636.1190050717761,420.99299999999994,294.178240114411,293.59299999999996,1.8395285817033993,1.326
graetz_fd298_prescribed,E67,350.0,15.269,500.4532002905722,882.3009999999999,646.8912535365442,844.107,667.7733219792437,616.0509999999999,648.0166502203011,795.891,668.9112028535004,548.444,647.8392195896843,442.34799999999996,294.70477978201166,293.645,1.8623375645728761,1.439
graetz_fd298_prescribed,E67,400.0,15.283999999999999,500.62798027600843,903.242,648.6271666277062,877.372,672.1697170466088,644.2819999999999,649.71290189396,831.799,673.2629985233049,572.938,656.0488972750836,461.29599999999994,295.3757993337978,293.70799999999997,1.881224795866311,1.538
graetz_fd298_prescribed,E67,450.0,15.280000000000001,500.8566293462376,918.233,649.8867723865353,900.886,675.3959292788584,666.63,650.939767716853,857.492,676.4511960356756,592.479,662.1407240760518,478.52299999999997,296.1769969527792,293.78099999999995,1.892856506051388,1.614
graetz_fd298_prescribed,E67,500.0,15.284,501.0378945193553,930.434,650.9634395334372,919.933,677.9030420347478,685.787,651.9894791015269,878.2909999999999,678.9261827509554,609.479,666.8496607592933,494.013,297.08800248478394,293.83799999999997,1.9033467674259859,1.707
graetz_fd298_prescribed,E67,550.0,15.283,501.2166645997512,938.485,651.8569233410012,935.644,679.9515963832345,703.467,652.8601169479371,895.824,680.9474170688148,625.688,670.6322987482795,510.158,298.0858204293983,293.935,1.9113022811289722,1.761
graetz_fd298_prescribed,E67,600.0,15.276000000000002,501.4458011773239,945.481,652.6767662590763,947.425,681.6786436309665,718.056,653.6606992465468,908.976,682.6509927563618,639.185,673.7487169390675,522.261,299.1474460737127,294.03099999999995,1.9173135762665612,1.819
graetz_fd298_prescribed,E67,650.0,15.271,501.6637731520496,950.697,653.459171550312,957.418,683.2041840266246,730.835,654.426412051058,919.996,684.1564755319331,651.1659999999999,676.3942927204566,536.413,300.2515470137182,294.145,1.9229768174621547,1.877
graetz_fd298_prescribed,E67,700.0,15.281,501.75700515557446,955.255,654.1020208790694,966.3199999999999,684.554736236601,743.392,655.0540543389914,930.026,685.489241076871,663.016,678.6878708987726,550.509,301.37934377078176,294.32599999999996,1.930015512672698,1.934
graetz_fd298_prescribed,E67,750.0,15.285999999999998,501.8302575033564,955.7379999999999,654.5676793817339,972.053,685.6816872338202,753.972,655.5054312380115,936.941,686.5998104071824,673.497,680.6437140636583,562.942,302.51501715506606,294.496,1.9351455770492594,1.981
graetz_fd298_prescribed,E67,800.0,15.292000000000002,501.89082649554445,959.4789999999999,654.9628460317742,977.4549999999999,686.6184648714038,763.094,655.8877752280307,942.962,687.521529569365,682.845,682.2909120944958,574.229,303.645638069585,294.692,1.9397461647798817,2.029
graetz_fd298_prescribed,E67,850.0,15.281,502.09183047296744,961.689,655.381017146905,982.935,687.4475070940534,772.385,656.2950388512688,949.114,688.3370654953795,692.27,683.7036689310802,586.5219999999999,304.76094530742733,294.95399999999995,1.9415708839223011,2.07
graetz_fd298_prescribed,E67,900.0,15.277,502.28318326573645,962.116,655.8934095095958,986.364,688.2712282289378,780.284,656.7981610138404,953.384,689.1491137195115,700.508,684.9868320878261,596.6769999999999,305.85311573516856,295.22999999999996,1.9447533181107306,2.108
graetz_fd298_prescribed,E67,950.0,15.287999999999998,502.31404866016857,963.689,656.2980650879531,989.629,689.0698653209864,787.754,657.1935199114121,957.206,689.9372046844351,708.5129999999999,686.1911446589692,606.607,306.9163365856238,295.532,1.9497440720652213,2.139
graetz_fd298_prescribed,E67,1000.0,15.282,502.3963204014024,965.2819999999999,656.5877282614567,994.1569999999999,689.7438239236319,794.189,657.474378171839,961.788,690.6010011360877,715.48,687.2552470015271,614.825,307.9464067024877,295.83,1.9514035623879744,2.183
graetz_fd298_prescribed,E67,1050.0,15.291,502.3905927250732,963.408,656.8611320102964,997.732,690.3310031796808,801.0699999999999,657.7396069153883,964.0079999999999,691.1786637842076,723.037,688.1810385447271,622.938,308.9404562138953,296.166,1.9551278766191462,2.222
graetz_fd298_prescribed,E67,1100.0,15.279,502.49214134847927,963.127,657.1015106799935,998.2529999999999,690.8512240439579,807.693,657.9726732001238,966.021,691.6900349584953,730.351,688.9962333484226,631.546,309.8967374263687,296.543,1.9553042010480608,2.238
graetz_fd298_prescribed,E67,1150.0,15.279,502.54738292570596,960.8299999999999,657.4078016079186,997.732,691.3631652343425,812.467,658.2725769918184,966.443,692.1940849858887,735.948,689.7435056120643,638.8399999999999,310.814373067722,296.935,1.9575425515584044,2.272
graetz_fd298_prescribed,E67,1200.0,15.278999999999998,502.55990783840497,959.7379999999999,657.6410424852238,997.293,691.8552652718811,816.3919999999999,658.4994773188282,966.6179999999999,692.6788948794516,740.795,690.4498041592442,645.547,311.69317557828435,297.36499999999995,1.9594399585483195,2.3
graetz_fd298_prescribed,E67,1250.0,15.276,502.6233427712203,959.459,657.8444320763901,998.155,692.2871683235003,820.221,658.6970081827592,967.732,693.1038324054504,745.568,691.0859006463543,651.79,312.5335447115352,297.842,1.960693336472176,2.315
graetz_fd298_prescribed,E67,1300.0,15.281999999999998,502.64426071535286,958.593,658.0339184273628,999.324,692.6793587941278,824.156,658.8809614702136,969.259,693.4894852301329,750.065,691.6579402265533,657.969,313.3364661383879,298.337,1.9632231957766426,2.35
graetz_fd298_prescribed,E67,1350.0,15.272,502.7720775738361,959.971,658.2264890233752,1000.691,693.0385631504212,827.909,659.0687303195488,970.793,693.8426249666384,754.442,692.1750177761157,663.902,314.1032247062633,298.86499999999995,1.9632087525105062,2.365
graetz_fd298_prescribed,E67,1400.0,15.267000000000001,502.92563647913016,961.14,658.5147574056721,1001.857,693.4234663515595,831.9259999999999,659.3531258384958,972.268,694.2222851103965,758.939,692.6733518273452,670.017,314.8352707229935,299.448,1.9643892327102837,2.39
graetz_fd298_prescribed,E67,1450.0,15.278,502.93000731284087,959.132,658.7354538166742,1002.353,693.8231201951443,835.31,659.5695056259644,973.086,694.6171367248131,763.0429999999999,693.1795714977984,675.245,315.5341812299892,300.01399999999995,1.9678059988377838,2.412
graetz_fd298_prescribed,E67,1500.0,15.276,502.99483408350557,960.8729999999999,658.850815528142,1003.879,694.1419368601166,838.6809999999999,659.6804952235506,974.5799999999999,694.9309821624605,767.0519999999999,693.6322705097309,680.717,316.20156633973016,300.644,1.9686797577528257,2.425
graetz_fd298_prescribed,E67,1550.0,15.28,503.0430411650774,960.36,658.9938059030915,1003.5219999999999,694.4099607678111,841.977,659.8196605014557,974.894,695.1942501922381,770.9179999999999,694.0159773270789,685.712,316.8390694653575,301.243,1.9704866830668424,2.445
graetz_fd298_prescribed,E67,1600.0,15.272,503.1632555763584,958.961,659.1584602055441,1003.0849999999999,694.6745430781759,844.481,659.9810821571954,974.788,695.4545628582443,774.1279999999999,694.3692793812133,690.2339999999999,317.44824792015027,301.84999999999997,1.9704675261793136,2.462
graetz_fd298_prescribed,E67,1650.0,15.286,503.0965443029332,957.069,659.2997038086505,1002.448,694.9452047342141,846.79,660.1188445180447,974.446,695.7213177160195,777.208,694.7169606222152,694.6769999999999,318.0305605403961,302.51099999999997,1.973741312930327,2.46
graetz_fd298_prescribed,E67,1700.0,15.264000000000001,503.2438424094536,955.092,659.4085355274067,1000.703,695.1722355218623,848.728,660.224804401867,973.215,695.9445348758011,779.741,695.0301693830755,698.333,318.5872426574811,303.11699999999996,1.97119459345388,2.482
graetz_fd298_prescribed,E67,1750.0,15.289999999999997,503.0919717993598,954.569,659.5380620931574,999.749,695.409581533671,850.108,660.3511431286692,972.321,696.1784369157058,781.96,695.3298629475013,701.8389999999999,319.1195196600514,303.736,1.976212465700066,2.48
graetz_fd298_prescribed,E67,1800.0,15.275,503.1141555011968,954.257,659.503196416528,999.802,695.560233324237,851.733,660.3128800318887,972.346,696.3253030262474,784.309,695.5814015068465,705.354,319.62857431907327,304.39799999999997,1.9740280882503662,2.489
graetz_fd298_prescribed,E67,1850.0,15.280000000000001,503.0992318387646,955.423,659.5953948389855,1000.2869999999999,695.6909031244904,853.41,660.4026260501003,972.794,696.4525664181817,786.5849999999999,695.7772982970196,708.4549999999999,320.11553452118613,305.012,1.975431035535105,2.507
graetz_fd298_prescribed,E67,1900.0,15.271,503.1734488793017,956.5889999999999,659.6786781810546,1001.2049999999999,695.8465549322151,855.321,660.4836995298101,973.619,696.6052802887858,788.891,695.9783832405643,711.199,320.5815883509663,305.64099999999996,1.9746669955370395,2.519
graetz_fd298_prescribed,E67,1950.0,15.286,503.1267007316725,955.79,659.7561930835648,1002.038,696.0068973213502,857.5169999999999,660.5588120934259,974.564,696.7628932609491,791.4449999999999,696.1835048969588,714.434,321.0280299062082,306.32899999999995,1.9776859827563817,2.529
graetz_fd298_prescribed,E67,2000.0,15.283000000000001,503.15466085807003,954.0029999999999,659.7510936179616,1001.9,696.1158882241548,859.3389999999999,660.5512232190661,974.6419999999999,696.8689973147711,793.648,696.3584348547206,717.367,321.45617373849893,306.96999999999997,1.9774794130462032,2.552
graetz_fd298_prescribed,E67,2050.0,15.283999999999999,503.2212210346492,952.7099999999999,659.8232072020944,1001.518,696.2132776305937,860.814,660.6215582210043,974.4119999999999,696.963777873352,795.635,696.5005507496164,720.104,321.8672091691085,307.613,1.9781968746635865,2.55
graetz_fd298_prescribed,E67,2100.0,15.279,503.32607047699196,953.5169999999999,659.9418486912302,1001.712,696.348848301337,862.091,660.7388483471461,974.4929999999999,697.0972471333048,797.485,696.6560389228805,722.6320000000001,322.26227101303226,308.293,1.978196464483085,2.578
graetz_fd298_prescribed,E67,2150.0,15.281000000000002,503.38585996354743,954.617,660.0807038044238,1001.542,696.520293933967,863.542,660.8764099065869,974.592,697.2669481344269,799.309,696.8400775087614,724.988,322.64235706834444,308.94,1.9794271575501274,2.574
graetz_fd298_prescribed,E67,2200.0,15.283000000000001,503.40516005736873,952.0889999999999,660.1658049825983,1001.03,696.684494685312,864.771,660.959918841128,974.2049999999999,697.4293940621486,801.012,697.031730342441,727.544,323.0083683378862,309.602,1.980422757538634,2.588
graetz_fd298_prescribed,E67,2250.0,15.278999999999998,503.45384606336296,952.5509999999999,660.2414186965559,1000.208,696.8200224677524,865.6659999999999,661.0341182533285,973.494,697.5631240231669,802.425,697.2023151558722,729.6089999999999,323.36104430680587,310.21799999999996,1.9803801835973793,2.595
graetz_fd298_prescribed,E67,2300.0,15.283999999999999,503.45504680845943,950.836,660.3122460491043,999.5509999999999,696.9463619263064,866.4019999999999,661.1034942432269,972.929,697.6877534292687,803.709,697.3578577697621,731.569,323.701094584779,310.83,1.9817178346164956,2.595
graetz_fd298_prescribed,E67,2350.0,15.271,503.5701157932055,950.7719999999999,660.4022916263855,999.535,697.064611252378,867.215,661.1925834203262,972.891,697.8044385365102,805.009,697.5011911012805,733.453,324.02924554797494,311.46799999999996,1.9802850017173812,2.61
graetz_fd298_prescribed,E67,2400.0,15.277,503.58150805981415,949.99,660.5393014315412,999.3349999999999,697.2171525672018,868.174,661.3286993287934,972.744,697.955772952628,806.313,697.6588451616208,735.324,324.3461596632169,312.058,1.982059017372706,2.606
graetz_fd298_prescribed,E67,2450.0,15.291,503.46409437818284,948.415,660.5125840518576,998.304,697.3302386715185,868.793,661.299955526714,971.823,698.0672946054318,807.472,697.8124614318248,736.95,324.65244551277203,312.635,1.984385815678709,2.619
graetz_fd298_prescribed,E67,2500.0,15.286999999999999,503.46862853459174,949.93,660.4319658857477,998.3,697.3378123155262,869.323,661.217562194204,971.576,698.0727995669333,808.4359999999999,697.887933422291,738.574,324.94866730231576,313.253,1.9835239955570745,2.623
graetz_fd298_prescribed,E67,2550.0,15.281,503.5536612231611,950.8629999999999,660.4868389184528,999.054,697.3547910440122,870.217,661.2717494746041,972.1469999999999,698.088178942325,809.571,697.9264936447994,740.123,325.2353850903064,313.80899999999997,1.9828708074664627,2.644
graetz_fd298_prescribed,E67,2600.0,15.280000000000001,503.6147617586875,951.547,660.5999963742868,999.8829999999999,697.448275849321,871.331,661.3844379855198,972.901,698.1807160335959,810.9,698.0083316618812,741.78,325.51312145632096,314.41499999999996,1.9833447104328719,2.646
graetz_fd298_prescribed,E67,2650.0,15.276,503.6881607803784,952.322,660.7057124599495,1000.2049999999999,697.574877055058,872.4159999999999,661.4896225222088,973.263,698.3065637071799,812.178,698.1313199932366,743.4369999999999,325.78237369477023,314.96799999999996,1.9833951124565168,2.646
graetz_fd298_prescribed,E67,2700.0,15.293,503.5973521623334,950.365,660.729150802461,999.963,697.6813876205654,873.252,661.511733344119,973.2049999999999,698.4120848470188,813.3249999999999,698.2579182920206,744.865,326.0436164694263,315.508,1.9863941367290927,2.64
graetz_fd298_prescribed,E67,2750.0,15.277,503.71163821462585,949.35,660.716769586044,999.095,697.7187413571867,873.845,661.4984504928462,972.489,698.4481236260135,814.295,698.3365012835154,746.278,326.29729921097885,316.078,1.9839710320065218,2.654
graetz_fd298_prescribed,E67,2800.0,15.27,503.86513709927397,947.946,660.8995200789918,998.558,697.811939277105,874.2049999999999,661.6815076057692,971.971,698.5406927645357,815.009,698.4155186893057,747.461,326.5438684323501,316.616,1.9838042171668637,2.661
graetz_fd298_prescribed,E67,2850.0,15.289000000000001,503.7548315769323,948.2139999999999,660.9803156323034,998.358,697.9630925178037,874.54,661.7613393194035,971.699,698.6914194070508,815.673,698.5553116506478,748.614,326.7837365600482,317.13199999999995,1.9873704260200702,2.663
graetz_fd298_prescribed,E67,2900.0,15.284,503.7354662653583,948.404,660.901163850555,998.432,698.0103087115782,875.098,661.6807160942091,971.762,698.7374241236538,816.438,698.6552843463293,749.8820000000001,327.0171341494282,317.662,1.9863936723503541,2.666
graetz_fd298_prescribed,E67,2950.0,15.281,503.7418853216231,946.838,660.9185950394362,998.067,698.0176344614513,875.509,661.6975090999131,971.437,698.7435752021469,817.115,698.6923041976588,751.028,327.2442183096023,318.145,1.9859903327169603,2.686
graetz_fd298_prescribed,E67,3000.0,15.28,503.76211853215455,945.62,660.9564327473271,998.304,698.0605327207975,876.05,661.7348004444785,971.6329999999999,698.7856720955606,817.889,698.7379713927081,751.943,327.46511180679374,318.652,1.9860635743209007,2.695
graetz_fd298_prescribed,E67,3050.0,15.282,503.78183278111845,947.942,660.9887727872501,998.97,698.1123085989174,876.524,661.7665484897386,972.026,698.8367256445381,818.6089999999999,698.7970812858212,752.847,327.680158109768,319.13399999999996,1.9866411264947788,2.697
graetz_fd298_prescribed,E67,3100.0,15.278,503.84683361106977,946.183,661.036419055036,999.471,698.165234823419,877.3389999999999,661.813819864881,972.59,698.8890011484032,819.4929999999999,698.857100645276,753.822,327.8897492734578,319.59799999999996,1.9863405580486901,2.71
graetz_fd298_prescribed,E67,3150.0,15.289,503.8273950780594,947.278,661.0679327216288,999.0939999999999,698.2235399656871,877.976,661.8446480724524,972.338,698.9466820269904,820.345,698.9223588598534,755.016,328.0942569569467,320.12399999999997,1.988364492291936,2.709
graetz_fd298_prescribed,E67,3200.0,15.281,503.8977269511966,946.712,661.0752062801846,998.256,698.2556521057744,878.293,661.8514023244938,971.739,698.9780506593554,820.92,698.9730441378802,755.913,328.2940406912763,320.575,1.9872421470469699,2.716
graetz_fd298_prescribed,E67,3250.0,15.283,503.93405806617824,946.56,661.1539857991421,997.847,698.3100698170724,878.362,661.9300149997082,971.3,699.0319932917608,821.3059999999999,699.0244773144279,756.631,328.4892985491551,321.03999999999996,1.9879911138049464,2.732
graetz_fd298_prescribed,E67,3300.0,15.279,503.9929675222087,947.1229999999999,661.217713772624,997.579,698.3863263290934,878.6089999999999,661.9935000190898,971.0,699.1079088772121,821.7379999999999,699.0972955439806,757.373,328.68019272760034,321.50699999999995,1.987777653894248,2.721
graetz_fd298_prescribed,E67,3350.0,15.272,504.07986927369467,945.468,661.3268434637562,997.482,698.479036948782,878.8199999999999,662.1027213798361,970.9019999999999,699.2004239066927,822.167,699.1829449519555,758.0419999999999,328.86688684309195,321.94399999999996,1.9872859055531809,2.715
graetz_fd298_prescribed,E67,3400.0,15.289,503.9693348171679,942.838,661.3568948207924,996.877,698.5745786652064,879.087,662.1319410050116,970.444,699.2956492045656,822.624,699.2826869435871,758.7639999999999,329.04949157232176,322.38899999999995,1.9902513059212077,2.726
graetz_fd298_prescribed,E67,3450.0,15.284,503.9379094751289,944.692,661.2662175938704,996.117,698.5790261407217,879.1039999999999,662.0401212722882,969.77,699.2991525646672,822.9069999999999,699.3335156822545,759.396,329.2280775548643,322.77299999999997,1.9891228337119413,2.719
graetz_fd298_prescribed,E67,3500.0,15.283000000000001,503.93854395049743,943.771,661.2606556484527,996.322,698.5572187966544,879.177,662.0341181759754,969.855,699.2764848136476,823.1519999999999,699.3340334719039,759.736,329.4026437488776,323.16999999999996,1.988902253501751,2.721
graetz_fd298_prescribed,E67,3550.0,15.276000000000002,504.01062298489677,944.607,661.307049258944,996.293,698.5765799477314,879.411,662.0804585919419,969.709,699.295401280534,823.495,699.347713139737,760.3009999999999,329.5732761249209,323.56399999999996,1.988028329731188,2.732
graetz_fd298_prescribed,E67,3600.0,15.290000000000003,503.9531623259569,944.8389999999999,661.3315222149001,997.088,698.622456774356,879.794,662.1043905771238,970.3489999999999,699.3409357952579,823.967,699.3900090584611,760.7919999999999,329.7402103115594,323.986,1.9904423120131565,2.744
graetz_fd298_prescribed,E67,3650.0,15.286000000000001,503.9844049211956,943.7909999999999,661.2824130351993,997.481,698.6240294770043,880.332,662.0545849891666,970.731,699.3418392889976,824.55,699.4161900668786,761.45,329.9037128069029,324.371,1.9896838466915807,2.744
graetz_fd298_prescribed,E67,3700.0,15.273,504.14250334581436,944.542,661.3810479518818,996.97,698.6450404114848,880.832,662.1536938483439,970.539,699.3625452331702,825.101,699.4304223479917,762.155,330.0640050218806,324.76599999999996,1.9881093728894181,2.751
graetz_fd298_prescribed,E67,3750.0,15.275999999999998,504.18778559111,943.56,661.5390223702833,995.617,698.7588984344285,880.688,662.3120767069967,969.3439999999999,699.4766929474118,825.312,699.5057797183374,762.6869999999999,330.2212446461625,325.17199999999997,1.9893999415272958,2.74
graetz_fd298_prescribed,E67,3800.0,15.282,504.1512998865575,944.3199999999999,661.5689218621349,995.655,698.8666496222548,880.5079999999999,662.3414063864968,969.244,699.584431281813,825.357,699.6143023893452,763.005,330.3754959165972,325.522,1.99067339371656,2.744
graetz_fd298_prescribed,E67,3850.0,15.290000000000001,504.09593386162777,940.545,661.5069847456907,994.0799999999999,698.8863490081294,880.6419999999999,662.2784557717395,968.088,699.6034615884539,825.591,699.6728661113752,763.524,330.52686133045097,325.881,1.991788704782448,2.75
graetz_fd298_prescribed,E67,3900.0,15.283000000000001,504.1429401993974,939.569,661.4748439724558,992.978,698.8564245058923,879.994,662.2458864250615,966.722,699.5727541355552,825.341,699.6725408318948,763.718,330.6754917456103,326.238,1.990542234486051,2.742
graetz_fd298_prescribed,E67,3929.0,15.295,504.08065085441535,931.6279999999999,661.4764878939138,991.103,698.8477317051262,878.055,662.2472210943636,966.6659999999999,699.5637125143331,824.995,699.667988784006,763.414,330.76046261908016,326.43699999999995,1.9924383391035354,2.712
graetz_fd298_prescribed,E72,0.0,19.503,294.0745,295.56,294.0745,294.102,294.0745,294.015,294.0745,294.229,294.0745,294.226,294.07449999999994,294.17999999999995,294.0745,294.07599999999996,0.2747444275503551,0.255
graetz_fd298_prescribed,E72,50.0,19.479,400.1751937802835,373.46,406.755324556922,362.34299999999996,353.14440081863887,324.21099999999996,407.3012590987675,328.62899999999996,353.4229687922518,307.11899999999997,336.5627574575346,304.986,294.0754779260074,294.07399999999996,0.8296797948842282,0.471
graetz_fd298_prescribed,E72,100.0,19.45,407.1986476190436,453.884,462.4248722953584,454.865,430.78226013433346,387.39599999999996,463.08993886841597,404.428,431.3023180162793,351.84299999999996,402.9170126932988,338.248,294.08439880909407,294.046,1.142295202330455,0.724
graetz_fd298_prescribed,E72,150.0,19.411,408.7468336163039,515.521,477.91153684326616,527.652,471.63120525968645,439.84399999999994,478.5503286538993,472.907,472.2274396952253,393.721,448.3820446718373,364.9,294.1167097132849,294.043,1.2745924575046654,0.932
graetz_fd298_prescribed,E72,200.0,19.372,409.45720036383295,566.458,483.132521870731,587.3820000000001,488.0075538231048,484.692,483.7273446424629,532.14,488.5902015158172,430.62699999999995,471.2623601502032,387.02099999999996,294.1938406276392,294.056,1.3259313372144281,1.118
graetz_fd298_prescribed,E72,250.0,19.331,409.97120465624556,600.6179999999999,485.7285438849872,631.105,495.2806004207682,519.356,486.2867756998797,576.909,495.830195714696,459.476,482.8771732654891,407.085,294.3347388999747,294.08,1.3484438476150333,1.266
graetz_fd298_prescribed,E72,300.0,19.286,410.43112575126395,625.5519999999999,487.4822414430766,662.649,499.3959358724323,546.762,488.01268603130717,610.781,499.9147281069767,483.17499999999995,489.73057570436146,423.78,294.55070319090646,294.12,1.3603715876099844,1.382
graetz_fd298_prescribed,E72,350.0,19.266000000000002,410.74987570952567,644.915,488.80136693249017,688.435,502.21885396903764,570.3979999999999,489.31024070305125,638.979,502.71249930495895,503.76099999999997,494.4156576902803,441.294,294.84450067951127,294.154,1.3700170520761397,1.482
graetz_fd298_prescribed,E72,400.0,19.227999999999998,411.09042158757137,660.424,489.83812669758936,707.871,504.32036068140985,588.377,490.33003465268905,660.075,504.793652407614,519.235,497.87896824011676,455.501,295.2118653775057,294.215,1.3752258864612519,1.563
graetz_fd298_prescribed,E72,450.0,19.202,411.38526556478917,671.613,490.7509531154468,722.509,506.012955971697,603.733,491.22928643267466,676.726,506.46980338079675,532.96,500.59463129063903,470.66999999999996,295.64396577013525,294.27099999999996,1.3801403258381146,1.636
graetz_fd298_prescribed,E72,500.0,19.173,411.67531994120895,681.039,491.5354968425838,734.97,507.4256441785904,617.3599999999999,492.00260285033255,690.972,507.86890637120354,545.644,502.8070838949622,484.707,296.1294933582423,294.344,1.3836273648180497,1.717
graetz_fd298_prescribed,E72,550.0,19.139,411.9780661480942,687.9459999999999,492.2676019616303,744.2629999999999,508.6468156668601,628.391,492.72543716614217,701.685,509.0787385565734,556.144,504.657416260049,496.54499999999996,296.6564391353382,294.423,1.3859689728262836,1.762
graetz_fd298_prescribed,E72,600.0,19.088,412.3425532582241,693.515,493.01291634821837,751.25,509.7659798881136,637.449,493.4632554045568,709.749,510.1885050220728,565.315,506.26503888717934,507.08,297.2131900614869,294.52099999999996,1.3864411341150427,1.8
graetz_fd298_prescribed,E72,650.0,19.037000000000003,412.72282727401654,698.5070000000001,493.79960455896634,756.723,510.8581033775913,645.352,494.2438042652384,716.5409999999999,511.27291974790506,573.3820000000001,507.7331764988644,516.4449999999999,297.7892476215289,294.62699999999995,1.386952137025891,1.857
graetz_fd298_prescribed,E72,700.0,18.988999999999997,413.10934882922174,704.932,494.5740490037923,763.856,511.92209164736255,653.028,495.01294888851703,724.288,512.3304002612318,581.29,509.10339210649107,525.539,298.3755645350502,294.76,1.3876332870489074,1.908
graetz_fd298_prescribed,E72,750.0,18.967000000000002,413.38164342754834,707.6379999999999,495.2559805343138,768.467,512.9144613344192,659.949,495.68974662567064,729.995,513.316914239623,588.575,510.366799838681,533.712,298.9647206975326,294.892,1.3903046027565207,1.938
graetz_fd298_prescribed,E72,800.0,18.92,413.69036889673765,708.393,495.85722248372446,770.241,513.786482200667,665.681,496.2863917818823,733.479,514.1834742209226,594.95,511.4829233299397,541.6469999999999,299.55069350859605,295.019,1.3899224818694056,1.972
graetz_fd298_prescribed,E72,850.0,18.894000000000002,413.9196071154653,710.553,496.43968114438667,770.93,514.6022350929347,669.906,496.8646325096723,735.2629999999999,514.9943334514553,600.3009999999999,512.4968514138602,548.774,300.1287083136998,295.178,1.3913561244017618,2.006
graetz_fd298_prescribed,E72,900.0,18.884999999999998,414.0343983444882,711.989,496.8691762392636,772.8779999999999,515.3121609215317,673.469,497.2896598401321,737.701,515.699470822676,604.787,513.4014505726168,554.634,300.6950501120705,295.34499999999997,1.3936191241770626,2.044
graetz_fd298_prescribed,E72,950.0,18.852999999999998,414.1909605555714,713.896,497.2265765632379,774.5039999999999,515.8890400311193,677.169,497.64302977147435,740.002,516.2716717323261,609.28,514.1586234996912,560.228,301.246934550796,295.501,1.3930433300948901,2.057
graetz_fd298_prescribed,E72,1000.0,18.839000000000002,414.30022487434155,717.2090000000001,497.5816447567075,777.149,516.4197483499407,680.702,497.9944261578947,742.7159999999999,516.7981403355111,613.44,514.8302920466708,565.664,301.78235961707645,295.67699999999996,1.3941237781591962,2.066
graetz_fd298_prescribed,E72,1050.0,18.809,414.4344536022318,719.933,497.9036105140615,779.527,516.9051839580183,684.7829999999999,498.3130866084981,745.646,517.2796783074258,617.928,515.4383166958814,571.3489999999999,302.2999711339529,295.899,1.3933704067837658,2.109
graetz_fd298_prescribed,E72,1100.0,18.796,414.5499007772648,721.0909999999999,498.2201558679399,781.153,517.3664866166392,688.1279999999999,498.62657094769213,747.813,517.7374343011485,621.819,516.0014226493842,576.26,302.798945436271,296.114,1.394269707008315,2.121
graetz_fd298_prescribed,E72,1150.0,18.768,414.7362721562277,721.613,498.53297092639605,782.594,517.799565341883,691.095,498.9367476942801,749.6769999999999,518.1672728477471,625.4449999999999,516.5228099177442,580.81,303.2790264153074,296.35299999999995,1.393649929466998,2.155
graetz_fd298_prescribed,E72,1200.0,18.742,414.94619068427403,724.1769999999999,498.9081356367285,784.7249999999999,518.2532255634594,694.277,499.30979246978234,752.06,518.61819598559,629.142,517.0357296074383,585.413,303.74038193313527,296.628,1.3935081344045614,2.167
graetz_fd298_prescribed,E72,1250.0,18.707,415.19198089469126,724.68,499.3192827433098,785.3199999999999,518.7421884321599,696.92,499.71919957550745,753.2339999999999,519.1048793509359,632.577,517.5665584984265,589.245,304.1833688947037,296.89799999999997,1.3926680150033737,2.183
graetz_fd298_prescribed,E72,1300.0,18.69,415.39445482890005,726.819,499.72700636810987,787.651,519.2494232692727,699.364,500.1251925557999,755.362,519.6100916580299,635.622,518.1120829094798,592.576,304.6085066939568,297.17699999999996,1.3936552820609953,2.205
graetz_fd298_prescribed,E72,1350.0,18.669,415.5906577096992,727.116,500.0800342134543,788.184,519.7208516369169,702.315,500.476448964144,756.825,520.079494818383,639.1569999999999,518.633467652622,596.443,305.01646486015176,297.508,1.3939617881481876,2.224
graetz_fd298_prescribed,E72,1400.0,18.66,415.72486791617814,728.573,500.3902377016764,788.674,520.1482113059888,704.068,500.7848011831548,757.512,520.5048191907001,641.707,519.1129193190702,599.887,305.40797084199613,297.82,1.3951849400003642,2.248
graetz_fd298_prescribed,E72,1450.0,18.651,415.83258960556066,728.538,500.62760177683737,789.1759999999999,520.510877502283,705.915,501.0202160982236,758.3820000000001,520.8653544956019,644.1569999999999,519.5356329449569,603.03,305.78369357127565,298.133,1.3959905959318353,2.28
graetz_fd298_prescribed,E72,1500.0,18.63,415.9684611959839,728.813,500.86513947266076,789.994,520.8303532599824,707.636,501.25611701975413,759.3489999999999,521.1828040340994,646.391,519.905437660763,605.987,306.14430781759944,298.455,1.3954870913563706,2.286
graetz_fd298_prescribed,E72,1550.0,18.62,416.058774081542,727.467,501.10393304977083,789.542,521.1471787914096,709.221,501.4933652104444,759.517,521.4978188632149,648.729,520.2587750807822,608.8340000000001,306.4904213183906,298.787,1.3960515141523295,2.296
graetz_fd298_prescribed,E72,1600.0,18.608,416.12757306474924,729.074,501.29318184195466,790.153,521.4345955744191,710.519,501.68101610553697,760.25,521.7834524305002,650.604,520.588189128742,611.5360000000001,306.82257801931763,299.101,1.3961468863710387,2.301
graetz_fd298_prescribed,E72,1650.0,18.59,416.23126725045324,730.12,501.4836833632899,791.237,521.6939944187794,711.967,501.8701590232031,761.266,522.041163411252,652.578,520.8850513439281,613.903,307.14134492586163,299.429,1.3956113504412442,2.314
graetz_fd298_prescribed,E72,1700.0,18.575,416.34567116257017,732.126,501.6985194890153,792.5409999999999,521.9587429800137,713.583,502.08386498602715,762.447,522.3044503061855,654.608,521.174283960858,616.208,307.44737360302895,299.74399999999997,1.3954926835793073,2.328
graetz_fd298_prescribed,E72,1750.0,18.559,416.49071158886153,732.5619999999999,501.92355971861593,794.53,522.2325102948262,715.7349999999999,502.3079386003891,764.4749999999999,522.5769436781585,656.919,521.4670004358351,618.807,307.7413609947502,300.11699999999996,1.3953689599098045,2.34
graetz_fd298_prescribed,E72,1800.0,18.548000000000002,416.63154675614425,732.9849999999999,502.15812928623194,795.189,522.5128459854616,717.537,502.54163735146403,765.51,522.8561530174895,659.105,521.763108904866,621.269,308.0241243125392,300.47799999999995,1.3958078228377224,2.365
graetz_fd298_prescribed,E72,1850.0,18.535,416.77030012122935,734.403,502.38330757531696,795.4979999999999,522.7901379347152,718.905,502.7659877462144,766.16,523.1323999721,660.9369999999999,522.0570733714093,623.499,308.29642548527477,300.83299999999997,1.3959944660315213,2.371
graetz_fd298_prescribed,E72,1900.0,18.526,416.8906573664064,734.14,502.59655229956627,795.5319999999999,523.0575551376378,720.0519999999999,502.9784066192966,766.502,523.3988176592849,662.6289999999999,522.3424758547717,625.679,308.5588925179668,301.222,1.3965120628945296,2.37
graetz_fd298_prescribed,E72,1950.0,18.503,417.04817656800424,733.7,502.8237212836535,794.035,523.320110964937,720.483,503.2049886392605,765.506,523.6604902549936,663.8209999999999,522.6187676693073,627.38,308.8121102412084,301.58099999999996,1.3956436839731916,2.377
graetz_fd298_prescribed,E72,2000.0,18.49,417.1789503337664,733.575,503.07223616080796,793.433,523.6034949588624,720.825,503.45298481067005,765.1479999999999,523.9431729258176,664.652,522.9068580433529,628.9359999999999,309.0565799659316,301.926,1.395894381973731,2.394
graetz_fd298_prescribed,E72,2050.0,18.481,417.27531581511556,732.991,503.274433117436,793.621,523.8731542533415,721.1679999999999,503.6544722386659,765.134,524.2120827758303,665.575,523.192079821325,630.194,309.29276110201937,302.30899999999997,1.396335972380979,2.415
graetz_fd298_prescribed,E72,2100.0,18.483,417.3095934550668,734.7139999999999,503.4087930628974,794.953,524.0916950645507,722.213,503.7878474525134,766.25,524.4296736679021,666.806,523.4408404828721,631.659,309.52108333464764,302.666,1.3975161525211788,2.408
graetz_fd298_prescribed,E72,2150.0,18.469,417.38337103805435,733.3019999999999,503.51542093188505,794.398,524.25494259963,723.239,503.8936302771724,766.3199999999999,524.5918742037135,668.218,523.6372494944778,633.285,309.7419201843861,303.01599999999996,1.3968607211828252,2.399
graetz_fd298_prescribed,E72,2200.0,18.455000000000002,417.45109913263235,733.1679999999999,503.6654597985272,794.2869999999999,524.4249763920857,723.602,504.04310102912564,766.189,524.7610778352699,669.0409999999999,523.8205018620571,634.535,309.9555812842236,303.335,1.3963392720871166,2.421
graetz_fd298_prescribed,E72,2250.0,18.452,417.4799927460116,735.1659999999999,503.7852646050112,794.446,524.598824827222,724.135,504.16217513138145,766.367,524.9341538125018,669.9839999999999,524.0088853769881,635.7929999999999,310.16227872943125,303.69399999999996,1.396829883923271,2.418
graetz_fd298_prescribed,E72,2300.0,18.436999999999998,417.5507256383544,733.492,503.8925830401522,794.7429999999999,524.7468114824547,724.8309999999999,504.268888867585,766.693,525.0813475427879,670.951,524.1768682090615,636.846,310.36228147363147,304.03799999999995,1.3960245309719537,2.427
graetz_fd298_prescribed,E72,2350.0,18.442999999999998,417.5886712999872,733.7049999999999,503.9935667952135,795.1229999999999,524.8881666098222,725.515,504.3691849432848,767.067,525.2219419101801,671.909,524.3341915880139,637.978,310.5559560148301,304.387,1.3973564585810818,2.423
graetz_fd298_prescribed,E72,2400.0,18.413,417.75274916175675,736.6579999999999,504.13438714697463,797.554,525.0253347970652,726.708,504.5098230215651,768.949,525.358500875282,673.086,524.4805359281821,639.1479999999999,310.7437640578802,304.75399999999996,1.3951932909680917,2.45
graetz_fd298_prescribed,E72,2450.0,18.409999999999997,417.8698986526288,737.174,504.3515151111468,798.584,525.2314752076451,728.173,504.7268996695616,770.162,525.5644085952138,674.603,524.6710394732368,640.54,310.92614001414097,305.11499999999995,1.396199994103212,2.461
graetz_fd298_prescribed,E72,2500.0,18.398,417.9830210727673,736.799,504.521442688305,799.538,525.4419444237236,729.2909999999999,504.8965898041637,771.131,525.7746070463621,675.887,524.8830188486033,641.728,311.10347365074847,305.453,1.3961079586489844,2.455
graetz_fd298_prescribed,E72,2550.0,18.381,418.111712535868,739.3199999999999,504.71303348994337,801.947,525.6484126444018,730.723,505.08810225296384,773.044,525.9808372640231,677.304,525.0906730720824,642.983,311.27607182395786,305.817,1.3955699966209902,2.478
graetz_fd298_prescribed,E72,2600.0,18.38,418.17447145069474,740.728,504.8787067974853,804.242,525.8570854901845,732.555,505.25346518368013,775.211,526.1892541224544,678.999,525.3029633432882,644.3340000000001,311.4441590227966,306.13,1.396545446709868,2.477
graetz_fd298_prescribed,E72,2650.0,18.372,418.242443747346,741.0319999999999,504.98970424564595,806.232,526.0226207475123,734.44,505.36402084970086,777.3489999999999,526.3543438731559,680.779,525.4875402397006,645.885,311.6079377020001,306.436,1.3965231855974007,2.489
graetz_fd298_prescribed,E72,2700.0,18.361,418.32176705604,741.152,505.11576922465554,806.536,526.1688115131878,735.674,505.4898096766153,777.942,526.5001078299359,682.222,525.6462527114309,647.29,311.7676160361831,306.74199999999996,1.3962043416979304,2.49
graetz_fd298_prescribed,E72,2750.0,18.373,418.30591191333804,740.226,505.18822295706974,805.154,526.29987050463,736.626,505.56161771554946,777.7729999999999,526.6306564274853,683.434,525.7939845226281,648.9849999999999,311.92335592707263,307.067,1.3979750160968187,2.496
graetz_fd298_prescribed,E72,2800.0,18.361,418.3512036320383,738.3969999999999,505.21752823092424,802.654,526.3716924123305,735.736,505.5903694952642,775.578,526.7017930073606,683.4179999999999,525.8947873276288,649.6479999999999,312.0752834087708,307.366,1.397029403070245,2.499
graetz_fd298_prescribed,E72,2850.0,18.361,418.4008493146878,738.203,505.29490892482175,801.524,526.4496632451842,734.971,505.66741986518605,774.443,526.779244234441,683.172,525.9821031668143,649.997,312.22354930133673,307.69,1.3975295780584949,2.493
graetz_fd298_prescribed,E72,2900.0,18.352,418.4665903131851,736.2349999999999,505.37886292494846,799.307,526.5424406451235,734.3399999999999,505.7511405220033,772.739,526.8716352730846,683.092,526.0790376939776,650.498,312.3683551540644,308.01,1.3971470194706477,2.479
graetz_fd298_prescribed,E72,2950.0,18.353,418.51552914978674,738.183,505.4658021488532,799.3729999999999,526.6443821397794,733.822,505.8378137527103,772.392,526.9732500636454,682.8879999999999,526.1843955703741,650.567,312.50985609306866,308.32099999999997,1.3978321991215314,2.483
graetz_fd298_prescribed,E72,3000.0,18.344,418.5853022419805,739.169,505.54963841655456,800.636,526.7424263418549,734.064,505.92145247830786,773.082,527.0709843754503,683.1859999999999,526.2881268810752,650.887,312.64821773031446,308.628,1.3974677062949667,2.49
graetz_fd298_prescribed,E72,3050.0,18.339,418.654245613646,737.7919999999999,505.6541500387517,800.3919999999999,526.8512862073547,734.894,506.02584874743474,773.443,527.1796228347413,684.045,526.3970595528649,651.824,312.78357344442156,308.926,1.3976153756661462,2.482
graetz_fd298_prescribed,E72,3100.0,18.333000000000002,418.71998999980383,737.963,505.7551164450367,798.812,526.9667674799438,734.5989999999999,506.1266853707401,772.135,527.2949182011907,684.2049999999999,526.5133236259003,652.367,312.9160517261027,309.24199999999996,1.397653782961553,2.491
graetz_fd298_prescribed,E72,3150.0,18.326999999999998,418.7761065954585,737.231,505.8531457455264,798.288,527.0811889478294,734.231,506.2245772515141,771.567,527.4091589784947,684.15,526.6302447577435,652.662,313.0457552872467,309.55499999999995,1.397664592307005,2.487
graetz_fd298_prescribed,E72,3200.0,18.317999999999998,418.85116317728136,738.578,505.9554829416527,797.723,527.195447616338,733.992,506.326835882943,771.04,527.5232595936988,684.18,526.7464911455818,652.896,313.17276106682516,309.84499999999997,1.3973993327945142,2.497
graetz_fd298_prescribed,E72,3214.0,18.316,418.8699687695112,737.656,505.9873655575244,797.899,527.2286548340369,733.977,506.3587100049923,771.112,527.5564332068545,684.1869999999999,526.7796199158067,652.9549999999999,313.2078559033538,309.928,1.3973899501933484,2.485
graetz_fd298_prescribed,E77,0.0,13.844999999999999,295.3565,310.26,295.3565,317.86199999999997,295.3565,319.984,295.3565,318.99399999999997,295.3565,321.865,295.3564999999999,322.57,295.3565,308.08399999999995,0.021730517832921237,0.062
graetz_fd298_prescribed,E77,50.0,13.834,363.0905694013551,346.686,352.38449878628603,346.442,320.26074821390125,329.808,352.6476054211004,333.02299999999997,320.37601891841643,325.60999999999996,311.28499925517707,325.294,295.35695889235717,307.83299999999997,0.2202033010994029,0.137
graetz_fd298_prescribed,E77,100.0,13.829,372.1347069090285,383.27,393.4762076690119,392.364,360.6122166820766,358.804,393.83452470585786,369.07599999999996,360.84626178968153,344.88699999999994,342.1902900098073,339.876,295.36123092595665,307.59499999999997,0.357451844089996,0.21
graetz_fd298_prescribed,E77,150.0,13.834,374.70846747068504,414.554,411.3832136261974,431.01599999999996,392.16644954992984,386.082,411.7527358872005,403.24199999999996,392.4715089959741,365.55199999999996,372.22198578873144,355.041,295.3774577334964,307.33099999999996,0.4390136970048296,0.291
graetz_fd298_prescribed,E77,200.0,13.843,375.6878432418848,442.467,419.1674348445957,465.436,410.7146723476761,410.928,419.52126371614526,435.465,411.0412930711299,385.241,393.39031866875007,368.95899999999995,295.4182023722423,307.09,0.48383254458610103,0.358
graetz_fd298_prescribed,E77,250.0,13.844999999999999,376.1715063263364,462.21899999999994,422.93821505207126,490.384,420.9325321316484,429.941,423.27217762155817,459.856,421.2555219391851,400.849,406.79420223263156,380.08099999999996,295.49592824516503,306.88199999999995,0.5081022786382009,0.409
graetz_fd298_prescribed,E77,300.0,13.846,376.4825449083762,477.556,425.04754624809925,510.346,426.78600434627754,445.645,425.363834403597,480.022,427.0967754431131,414.16599999999994,415.27333824091903,389.953,295.61926544200867,306.68399999999997,0.5222862605533743,0.447
graetz_fd298_prescribed,E77,350.0,13.841,376.7273833286489,490.54099999999994,426.406818000163,526.992,430.4288281858076,459.188,426.70867995614367,496.95399999999995,430.7260985573477,425.93499999999995,420.8938612050224,399.06899999999996,295.79178610854535,306.491,0.530955833923677,0.497
graetz_fd298_prescribed,E77,400.0,13.834,376.93808933886766,501.03,427.393060459206,540.175,432.91134319089133,470.032,427.68335072168225,510.437,433.19631869604694,435.388,424.8526145663193,406.751,296.0123653123885,306.32399999999996,0.5368006075097659,0.527
graetz_fd298_prescribed,E77,450.0,13.847999999999999,377.0649692018771,508.92099999999994,428.13138816001526,550.858,434.7317948978409,479.489,428.4120981500405,521.6949999999999,435.00615421843986,443.79699999999997,427.8047059114741,414.01699999999994,296.27643131271975,306.176,0.5426832549782582,0.556
graetz_fd298_prescribed,E77,500.0,13.854000000000001,377.165031870602,514.259,428.67240324007264,558.2059999999999,436.1088960562755,487.24899999999997,428.94501053802503,529.991,436.3740791544837,450.95899999999995,430.0744089383028,420.655,296.5773713892735,306.046,0.5467418922999737,0.593
graetz_fd298_prescribed,E77,550.0,13.848999999999998,377.2980895969712,518.91,429.1256619303448,564.922,437.18484654974134,494.068,429.3915488528038,537.476,437.442123864702,457.34399999999994,431.85625432103336,426.92099999999994,296.9076721717337,305.91499999999996,0.5492488573314108,0.608
graetz_fd298_prescribed,E77,600.0,13.842,377.4084335199145,523.649,429.54572917811043,569.947,438.07843840662554,499.437,429.8060021451496,542.8979999999999,438.3289831643906,462.501,433.303373509298,432.272,297.25975340985565,305.804,0.551181885726009,0.627
graetz_fd298_prescribed,E77,650.0,13.847,377.44591510258925,527.077,429.89371339715547,574.2919999999999,438.843891289972,504.38199999999995,430.14896646200174,547.8,439.088608353089,467.24299999999994,434.51727132801636,437.23299999999995,297.62635039242537,305.66299999999995,0.5536519505153231,0.654
graetz_fd298_prescribed,E77,700.0,13.85,377.4433465559971,529.94,430.14588535611324,578.4,439.4786915106233,509.13599999999997,430.3965201109227,552.3,439.7181655294571,471.86899999999997,435.53245411576626,442.205,298.0009792672538,305.532,0.5554917402872827,0.666
graetz_fd298_prescribed,E77,750.0,13.839,377.47623886189234,533.538,430.35918412628945,582.267,440.00005498918273,513.152,430.60577397238967,556.271,440.23478506570757,475.80499999999995,436.37140438657957,446.45099999999996,298.37816052406674,305.417,0.5559381789806647,0.684
graetz_fd298_prescribed,E77,800.0,13.841999999999999,377.4882086591104,536.864,430.56266427726047,585.899,440.45310148518115,517.064,430.80565875056493,560.086,440.68360226872,479.61899999999997,437.08351841028366,450.566,298.7534537011709,305.33599999999996,0.5573875594478367,0.698
graetz_fd298_prescribed,E77,850.0,13.846,377.4917012452412,539.5899999999999,430.71888728967116,589.371,440.8459353000343,521.0219999999999,430.95853514947305,563.746,441.07259206196517,483.495,437.69624750126775,454.772,299.1234277688648,305.239,0.558707253247409,0.719
graetz_fd298_prescribed,E77,900.0,13.834999999999999,377.56193337748414,541.467,430.87560705009844,592.191,441.18567312247063,524.429,431.1123686868667,566.861,441.4088402143471,486.91999999999996,438.21891327160097,458.514,299.4855458080177,305.17499999999995,0.5587651113496465,0.726
graetz_fd298_prescribed,E77,950.0,13.853000000000002,377.5783032381496,543.962,431.03245059656996,594.925,441.5017985286349,527.632,431.2665325083764,569.804,441.7218349361117,490.109,438.6854922517508,462.131,299.8380408379852,305.12899999999996,0.5611396768723803,0.754
graetz_fd298_prescribed,E77,1000.0,13.838,377.68011312658825,545.738,431.1708915252198,597.69,441.78484257944615,530.8820000000001,431.4026143581492,572.7159999999999,442.0020154251391,493.335,439.0962382207589,465.86,300.17973902237316,305.114,0.5607585125183928,0.769
graetz_fd298_prescribed,E77,1050.0,13.849999999999998,377.736279815863,547.813,431.34285458261206,599.99,442.0612212331578,533.663,431.5724851037432,575.2149999999999,442.2758497018783,496.254,439.47383598861575,469.158,300.5099170289433,305.09799999999996,0.5626405788473355,0.777
graetz_fd298_prescribed,E77,1100.0,13.842,377.8225149390369,549.265,431.48882151996696,601.858,442.3252254815956,536.363,431.7165008005809,577.422,442.53753372681433,499.04699999999997,439.82441992585916,472.299,300.8281349399963,305.09,0.5628030886478491,0.792
graetz_fd298_prescribed,E77,1150.0,13.852,377.87194600239246,550.64,431.6377896672893,603.692,442.57465947875914,538.886,431.86364910994826,579.404,442.7848312872906,501.71399999999994,440.1497154294559,475.356,301.1342199180891,305.08799999999997,0.564414564073139,0.803
graetz_fd298_prescribed,E77,1200.0,13.845999999999998,377.9514523343674,552.3119999999999,431.7649057117062,605.905,442.803626949219,541.256,431.98907681074127,581.675,443.01180149658285,504.18499999999995,440.44665071273795,478.144,301.42819781115634,305.118,0.5646388911662158,0.819
graetz_fd298_prescribed,E77,1250.0,13.835999999999999,378.0415836549548,553.281,431.92448326309005,608.0989999999999,443.02763480623884,543.655,432.1472565837146,583.961,443.2340206373226,506.75699999999995,440.7224639772334,480.84399999999994,301.7102422660941,305.12699999999995,0.5646001879458894,0.831
graetz_fd298_prescribed,E77,1300.0,13.853000000000002,378.03978563770073,554.211,432.0517476269638,609.337,443.25071680584165,546.117,432.27299129423983,585.675,443.45544668209385,509.361,440.99324213488774,483.784,301.980528147977,305.13599999999997,0.5666468894866291,0.837
graetz_fd298_prescribed,E77,1350.0,13.835999999999999,378.1028685144846,554.9449999999999,432.13974300606725,609.958,443.43677631548564,547.703,432.3595741843068,586.491,443.639865145666,511.41999999999996,441.23174425278887,486.116,302.2393380897581,305.15799999999996,0.5657751297223813,0.844
graetz_fd298_prescribed,E77,1400.0,13.853000000000002,378.11622675321263,557.683,432.2403797253456,612.011,443.60716555751225,549.48,432.45887467537955,588.281,443.8087136989024,513.4269999999999,441.4472890750881,488.327,302.4870614539615,305.2,0.5677047557779747,0.864
graetz_fd298_prescribed,E77,1450.0,13.847999999999999,378.15946192252966,557.866,432.30393731929485,613.553,443.7540781535935,551.573,432.5211398969711,590.072,443.95413869578385,515.559,441.63844705176405,490.70799999999997,302.72423059241885,305.25399999999996,0.5677030930407555,0.865
graetz_fd298_prescribed,E77,1500.0,13.841000000000001,378.2433175393511,558.941,432.40730415488565,614.476,443.8938744645241,553.358,432.62351262778463,591.191,444.0925954277152,517.5999999999999,441.81050365854435,493.08299999999997,302.95137819027053,305.30499999999995,0.5676546195727638,0.869
graetz_fd298_prescribed,E77,1550.0,13.850000000000001,378.2766723013414,559.9749999999999,432.51326648996184,615.863,444.046246362697,554.922,432.728485051405,592.5799999999999,444.2437876256465,519.39,441.98585133080877,495.04499999999996,303.16904306932213,305.36199999999997,0.5689142544011115,0.889
graetz_fd298_prescribed,E77,1600.0,13.845999999999998,378.32580583506865,561.0419999999999,432.5912319650386,617.093,444.186997718443,556.576,432.80547091449114,593.9449999999999,444.38340234659404,521.174,442.1534104436221,497.06899999999996,303.37772098420373,305.428,0.5690212091023393,0.897
graetz_fd298_prescribed,E77,1650.0,13.855999999999998,378.35037303129116,561.144,432.66345583975703,617.952,444.3127680357968,558.0909999999999,432.8767394155102,594.977,444.50807154099493,522.9069999999999,442.3070745373901,498.981,303.57789739162587,305.49699999999996,0.5702444189103634,0.886
graetz_fd298_prescribed,E77,1700.0,13.850000000000001,378.41975547359874,561.457,432.7283591803268,617.8979999999999,444.4241833675814,559.275,432.94080157233844,595.328,444.61843853018826,524.468,442.44397696679016,500.855,303.7700815932676,305.587,0.5701336082140019,0.9
graetz_fd298_prescribed,E77,1750.0,13.854,378.48194938723566,563.345,432.81908978650074,619.623,444.5383175493213,560.526,433.0308294912005,596.703,444.73164094888955,525.814,442.5753944124642,502.43899999999996,303.95482264160205,305.678,0.5709158994672611,0.905
graetz_fd298_prescribed,E77,1800.0,13.857,378.5250552622379,564.684,432.89704781466406,621.171,444.6553149637392,561.986,433.1080712027019,598.15,444.847786192763,527.405,442.70753821341776,504.14,304.13259055180424,305.75,0.5715667665276117,0.918
graetz_fd298_prescribed,E77,1850.0,13.847999999999999,378.60064346044123,564.384,432.981088325943,621.938,444.76829917789223,563.633,433.1915199611773,599.223,444.95998192980676,529.1479999999999,442.8342482531519,505.99199999999996,304.3037788681094,305.84299999999996,0.571251728326088,0.926
graetz_fd298_prescribed,E77,1900.0,13.852,378.65459257655067,564.555,433.0785706366908,622.2929999999999,444.8877876255118,564.703,433.28846022996936,599.843,445.0787712140928,530.434,442.96297289967987,507.56999999999994,304.4687637393156,305.938,0.572045535085519,0.928
graetz_fd298_prescribed,E77,1950.0,13.856000000000002,378.69008132572844,563.377,433.1483281995629,621.825,445.0016844380695,565.5039999999999,433.35759599857573,599.8299999999999,445.19198272232313,531.531,443.0902867292624,508.938,304.6279139214443,306.043,0.572749594044952,0.933
graetz_fd298_prescribed,E77,2000.0,13.854999999999997,378.72716189069115,565.2729999999999,433.2070297192303,622.4079999999999,445.09864160433307,566.039,433.41571140322924,600.18,445.2882470679388,532.3399999999999,443.20420051080345,510.157,304.7815807133584,306.145,0.5729862993869325,0.927
graetz_fd298_prescribed,E77,2050.0,13.855,378.76067935998816,564.99,433.26655917090665,622.999,445.18764158350484,566.983,433.47470785610756,600.88,445.37659121602627,533.3879999999999,443.3075082514768,511.35299999999995,304.930038407323,306.236,0.5732922456074531,0.946
graetz_fd298_prescribed,E77,2100.0,13.852,378.8017629882707,566.31,433.32714362751517,624.136,445.2737451822533,567.951,433.5348160715462,601.8889999999999,445.46209034529465,534.421,443.4050125937506,512.5409999999999,305.07352633817334,306.32899999999995,0.5733507027793819,0.943
graetz_fd298_prescribed,E77,2150.0,13.855999999999998,378.8117327917503,567.174,433.38100221265614,625.0999999999999,445.3571566218768,569.04,433.5881808682764,602.8409999999999,445.5449320235092,535.575,443.499576048578,513.778,305.2122851265111,306.42199999999997,0.5739455403669008,0.94
graetz_fd298_prescribed,E77,2200.0,13.835,378.880365521121,569.21,433.44703451131136,626.6659999999999,445.43837440407975,570.26,433.6538946780213,604.1959999999999,445.62564234157156,536.845,443.58769946161726,515.015,305.34648245438916,306.53,0.572519364866514,0.955
graetz_fd298_prescribed,E77,2250.0,13.838000000000001,378.9072955906439,565.941,433.5410468483671,626.047,445.5380815767917,571.569,433.74762539718415,604.622,445.72495369584425,538.1949999999999,443.68656368559255,516.501,305.4762660167646,306.614,0.5731588706612368,0.952
graetz_fd298_prescribed,E77,2300.0,13.854,378.86480374156224,565.2049999999999,433.5638767877462,624.823,445.623931217535,571.486,433.7698506906613,603.524,445.8103245767995,538.607,443.786371082385,517.4209999999999,305.60183128229176,306.71,0.5746429905785294,0.952
graetz_fd298_prescribed,E77,2350.0,13.855,378.8474880657384,564.169,433.539213915455,623.087,445.6605251090686,571.276,433.74454503901984,602.28,445.846285981612,538.771,443.85186545295153,518.208,305.72340069782143,306.804,0.5747161909092081,0.945
graetz_fd298_prescribed,E77,2400.0,13.852,378.8638839189275,562.924,433.54174728307646,621.699,445.67731154383813,570.789,433.7466466166471,601.092,445.86246859141517,538.7249999999999,443.8887221577314,518.7,305.84118962172,306.92499999999995,0.574518207236904,0.961
graetz_fd298_prescribed,E77,2450.0,13.850999999999999,378.8900185745485,563.449,433.57018618052876,620.726,445.7066101606344,570.3009999999999,433.7747746768411,600.025,445.8912890675386,538.616,443.92507121518383,519.0219999999999,305.95539864453417,307.008,0.5745715031954993,0.951
graetz_fd298_prescribed,E77,2500.0,13.85,378.92668264364534,563.232,433.6095336594798,620.777,445.75011189910015,570.396,433.8138631026167,600.068,445.9344063843439,538.838,443.9707297929905,519.463,306.0662374412501,307.13199999999995,0.5746803501706065,0.952
graetz_fd298_prescribed,E77,2550.0,13.843,378.9738613994118,564.861,433.6648041882559,621.981,445.80550719720105,570.861,433.8689582482662,600.8789999999999,445.9894934354969,539.303,444.02521948684443,520.029,306.17392364443504,307.239,0.5743468953199905,0.95
graetz_fd298_prescribed,E77,2600.0,13.85,379.00015718713473,564.656,433.7176338354367,622.438,445.8699209624491,571.612,433.92155292876066,601.412,446.05363309320035,540.056,444.08970965658955,520.787,306.27862539835223,307.35699999999997,0.5751804478879124,0.96
graetz_fd298_prescribed,E77,2650.0,13.852,379.02125231908093,564.4639999999999,433.7463048244996,622.393,445.924399457368,572.0709999999999,433.94992363880584,601.489,446.1077989358394,540.654,444.1513142361265,521.481,306.3805713542192,307.48499999999996,0.5755199063192858,0.959
graetz_fd298_prescribed,E77,2700.0,13.852,379.09069466840054,565.156,433.78242765519485,623.011,445.9689800573197,572.5229999999999,433.9858336489005,601.952,446.15206139457996,541.159,444.2034775670335,522.125,306.4799935232576,307.618,0.5757473863664663,0.964
graetz_fd298_prescribed,E77,2750.0,13.852,379.1661388771798,565.7139999999999,433.8480973005345,623.1479999999999,446.02249189317337,572.94,434.05141665417204,602.056,446.20533384396316,541.7139999999999,444.2566693345742,522.7249999999999,306.57724955058325,307.738,0.5760583966532983,0.969
graetz_fd298_prescribed,E77,2800.0,13.847000000000001,379.2336533846461,565.164,433.9276699624196,623.199,446.0948473907635,573.414,434.13094541121524,602.29,446.27754136148735,542.271,444.3225787659642,523.362,306.6725489318794,307.85799999999995,0.5759939763221181,0.969
graetz_fd298_prescribed,E77,2850.0,13.857000000000001,379.2263077410113,565.313,433.9837641154119,623.4359999999999,446.1722824777898,573.673,434.18682332753855,602.511,446.3548207136494,542.645,444.3991802949947,523.848,306.76590909645785,307.94399999999996,0.5770705088848768,0.981
graetz_fd298_prescribed,E77,2900.0,13.850999999999999,379.2620605502341,565.319,434.00424976718404,623.03,446.22706433627985,573.904,434.2070454725281,602.276,446.40935602894257,543.0,444.46377916918965,524.3299999999999,306.8572906910412,308.06899999999996,0.5767328937430295,0.981
graetz_fd298_prescribed,E77,2950.0,13.864999999999998,379.25597997891185,564.928,434.02633582619035,623.1379999999999,446.2659930401308,574.0519999999999,434.2288499363143,602.3879999999999,446.4479997876773,543.287,444.51411263205574,524.739,306.9468061261363,308.18499999999995,0.578021966237959,0.976
graetz_fd298_prescribed,E77,3000.0,13.852,379.2971170442113,564.679,434.04132777707645,622.6669999999999,446.29451867116575,574.156,434.243652047816,602.0139999999999,446.4762485090958,543.528,444.5512416911573,525.13,307.03453487939566,308.27599999999995,0.5770463360605139,0.984
graetz_fd298_prescribed,E77,3041.0,13.85,379.3195771948641,565.544,434.0864708657115,623.3499999999999,446.32733435149737,574.299,434.28875181661255,602.429,446.50891043084846,543.727,444.58326576237937,525.356,307.1051336476616,308.37,0.5770522109922945,0.978
graetz_capuano366_prescribed,E67,0.0,15.279999999999998,293.3685,296.62199999999996,293.3685,296.25,293.3685,296.35299999999995,293.3685,296.22499999999997,293.3685,296.43399999999997,293.3684999999999,296.686,293.3685,293.39799999999997,0.07929279957602786,0.146
graetz_capuano366_prescribed,E67,50.0,15.271,477.21360349703184,383.55999999999995,468.03643350788843,341.47999999999996,370.4804806665146,308.99899999999997,468.9935612097773,316.138,370.8667439607454,300.25399999999996,340.4706653636672,299.786,293.3700045263719,293.414,0.7877091700522657,0.316
graetz_capuano366_prescribed,E67,100.0,15.279,492.8324541297051,540.75,583.223911352345,473.256,498.18927210975494,376.486,584.5849009475031,420.83,499.08901774216724,346.76099999999997,434.5354111835104,327.39099999999996,293.38367876550524,293.438,1.3106979159270447,0.6
graetz_capuano366_prescribed,E67,150.0,15.276,496.1361396730099,664.299,621.7107576963219,589.1769999999999,589.8664336146396,445.365,623.0910000410571,529.854,591.0841316480041,403.433,526.7702751239967,354.489,293.4348296907602,293.471,1.6036908287454743,0.864
graetz_capuano366_prescribed,E67,200.0,15.274999999999999,497.33547901829064,748.8409999999999,634.7218164475917,676.7909999999999,633.4702613366564,499.078,636.0293494617777,618.247,634.755429225319,448.715,586.1524036450237,378.13699999999994,293.5620185021887,293.50899999999996,1.7417343659237265,1.033
graetz_capuano366_prescribed,E67,250.0,15.288000000000002,497.86930429476575,809.804,640.3362321309954,746.2349999999999,652.8030500389895,544.2439999999999,641.5680955245115,691.87,654.052797640444,487.053,618.6835929789012,398.99399999999997,293.80272951032265,293.53999999999996,1.808536514151652,1.192
graetz_capuano366_prescribed,E67,300.0,15.274000000000001,498.37120674063215,854.7379999999999,643.5136309799855,803.725,662.5298587043603,584.703,644.6835586903566,752.739,663.7222616855911,521.4689999999999,636.9501822355884,420.99299999999994,294.18225791325426,293.59299999999996,1.841371384855906,1.326
graetz_capuano366_prescribed,E67,350.0,15.269,498.78059977167146,882.3009999999999,645.8243356334698,844.107,668.4605908292675,616.0509999999999,646.9460294264001,795.891,669.5994914392707,548.444,648.4143345213176,442.34799999999996,294.71019843338127,293.645,1.8633942807787118,1.439
graetz_capuano366_prescribed,E67,400.0,15.283999999999999,498.94661558269496,903.242,647.495456019816,877.372,672.6456195115395,644.2819999999999,648.5777267474263,831.799,673.7393493254261,572.938,656.4693894937337,461.29599999999994,295.3821214671018,293.70799999999997,1.88185182671331,1.538
graetz_capuano366_prescribed,E67,450.0,15.280000000000001,499.1680031636083,918.233,648.7072231978694,900.886,675.7338791577711,666.63,649.7569751613594,857.492,676.7893484240586,592.479,662.4691772760134,478.52299999999997,296.18345016970716,293.78099999999995,1.8931972245392132,1.614
graetz_capuano366_prescribed,E67,500.0,15.284,499.3440474514568,930.434,649.7511698830932,919.933,678.1406881657375,685.787,650.7741655195921,878.2909999999999,679.1639174309682,609.479,667.113086616494,494.013,297.0937007999975,293.83799999999997,1.903489566618127,1.707
graetz_capuano366_prescribed,E67,550.0,15.283,499.51766599973746,938.485,650.6186019425725,935.644,680.1163316165675,703.467,651.6188585975524,895.824,681.1122199800087,625.688,670.8496852762798,510.158,298.0898451991644,293.935,1.9113005673057941,1.761
graetz_capuano366_prescribed,E67,600.0,15.276000000000002,499.7424548433585,945.481,651.4175499236234,947.425,681.7857948969587,718.056,652.3986563067944,908.976,682.7582380089373,639.185,673.9312086256865,522.261,299.14894346589466,294.03099999999995,1.9171949093041762,1.819
graetz_capuano366_prescribed,E67,650.0,15.271,499.95772222787707,950.697,652.1851307867928,957.418,683.2662101945831,730.835,653.1498032027887,919.996,684.2185458726984,651.1659999999999,676.548573706249,536.413,300.2497584074387,294.145,1.9227746631562717,1.877
graetz_capuano366_prescribed,E67,700.0,15.281,500.04718436181884,955.255,652.8140346376935,966.3199999999999,684.5820042505723,743.392,653.763529527828,930.026,685.5166136456701,663.016,678.8218995007619,550.509,301.3736332010517,294.32599999999996,1.9297585935840478,1.934
graetz_capuano366_prescribed,E67,750.0,15.285999999999998,500.11742965954136,955.7379999999999,653.2652293715037,972.053,685.6794076260688,753.972,654.200570451609,936.941,686.5976726321865,673.497,680.7640700663072,562.942,302.5049154838974,294.496,1.9348375602161774,1.981
graetz_capuano366_prescribed,E67,800.0,15.292000000000002,500.1752885335529,959.4789999999999,653.6481280133148,977.4549999999999,686.5885198437866,763.094,654.5707251894496,942.962,687.491709352702,682.845,682.3980930923093,574.229,303.63079505705684,294.692,1.9393881981637149,2.029
graetz_capuano366_prescribed,E67,850.0,15.281,500.37398183619496,961.689,654.056914399986,982.935,687.3931778570393,772.385,654.9686680263248,949.114,688.2828473294601,692.27,683.7975319334473,586.5219999999999,304.7411182876158,294.95399999999995,1.9411597582881024,2.07
graetz_capuano366_prescribed,E67,900.0,15.277,500.5624495344536,962.116,654.5627433057172,986.364,688.1966863763273,780.284,655.4652999078987,953.384,689.0747074625433,700.508,685.066898439854,596.6769999999999,305.82816587193764,295.22999999999996,1.9443016248231495,2.108
graetz_capuano366_prescribed,E67,950.0,15.287999999999998,500.59147527912717,963.689,654.9606458105714,989.629,688.9811748143043,787.754,655.8539600453694,957.206,689.8487002730221,708.5129999999999,686.2623984958695,606.607,306.88621236039376,295.532,1.9492790828420867,2.139
graetz_capuano366_prescribed,E67,1000.0,15.282,500.67299352762285,965.2819999999999,655.2414498392717,994.1569999999999,689.6411048329289,794.189,656.1259948861486,961.788,690.4984882664048,715.48,687.3216746126824,614.825,307.9111274702504,295.83,1.9509107860955122,2.183
graetz_capuano366_prescribed,E67,1050.0,15.291,500.6646101202934,963.408,655.5087729468773,997.732,690.214685485246,801.0699999999999,656.3851905052345,964.0079999999999,691.0625712443934,723.037,688.2410463208703,622.938,308.9000940553375,296.166,1.9546160360982885,2.222
graetz_capuano366_prescribed,E67,1100.0,15.279,500.7657806270437,963.127,655.7412425579713,998.2529999999999,690.7219825023083,807.693,656.6103806527112,966.021,691.5610167753298,730.351,689.050340831197,631.546,309.8514046215804,296.543,1.9547577631830535,2.238
graetz_capuano366_prescribed,E67,1150.0,15.279,500.82022945956794,960.8299999999999,656.0446920546772,997.732,691.2220523145224,812.467,656.9075057413195,966.443,692.0532121655929,735.948,689.7897481739102,638.8399999999999,310.76421551652663,296.935,1.9569787043986362,2.272
graetz_capuano366_prescribed,E67,1200.0,15.278999999999998,500.83222403628736,959.7379999999999,656.2734499790108,997.293,691.706529337135,816.3919999999999,657.1299494270061,966.6179999999999,692.5304442409229,740.795,690.4916794054764,645.547,311.6383578262284,297.36499999999995,1.9588669839883126,2.3
graetz_capuano366_prescribed,E67,1250.0,15.276,500.89486402732746,959.459,656.4719321926077,998.155,692.1304025239,820.221,657.3226089472756,967.732,692.947350496725,745.568,691.1248511847748,651.79,312.47424647761545,297.842,1.9601057330009524,2.315
graetz_capuano366_prescribed,E67,1300.0,15.281999999999998,500.91455880192655,958.593,656.6576552809912,999.324,692.5145579858058,824.156,657.502829763007,969.259,693.3249993009706,750.065,691.6930883632532,657.969,313.2728737021124,298.337,1.9626264209617625,2.35
graetz_capuano366_prescribed,E67,1350.0,15.272,501.04047079370946,959.971,656.8457404422815,1000.691,692.8660538857694,827.909,657.6861341637567,970.793,693.6704342533886,754.442,692.206571820854,663.902,314.0355280929931,298.86499999999995,1.9625894250198375,2.365
graetz_capuano366_prescribed,E67,1400.0,15.267000000000001,501.1917568072845,961.14,657.1325439023192,1001.857,693.2439677568959,831.9259999999999,657.9691084380856,972.268,694.0431243233846,758.939,692.6993975968078,670.017,314.7636608287651,299.448,1.9637547747990318,2.39
graetz_capuano366_prescribed,E67,1450.0,15.278,501.1969461549939,959.132,657.3504628594121,1002.353,693.6395236752062,835.31,658.1827379823193,973.086,694.4339109131587,763.0429999999999,693.2026969617991,675.245,315.45884862804235,300.01399999999995,1.9671770113276894,2.412
graetz_capuano366_prescribed,E67,1500.0,15.276,501.2594735129712,960.8729999999999,657.4613784410224,1003.879,693.9541582537787,838.6809999999999,658.2892872632601,974.5799999999999,694.7435932442393,767.0519999999999,693.6556202317846,680.717,316.12269747588005,300.644,1.9680426970311191,2.425
graetz_capuano366_prescribed,E67,1550.0,15.28,501.3071106685898,960.36,657.6028652617355,1003.5219999999999,694.2161621331081,841.977,658.426980312272,974.894,695.0008489467772,770.9179999999999,694.0369200853436,685.712,316.75683407528396,301.243,1.9698446577971414,2.445
graetz_capuano366_prescribed,E67,1600.0,15.272,501.42495717404694,958.961,657.7639681721807,1003.0849999999999,694.4761466680797,844.481,658.5848616681135,974.788,695.2565731628246,774.1279999999999,694.3878370186635,690.2339999999999,317.3628362963577,301.84999999999997,1.9698073068065738,2.462
graetz_capuano366_prescribed,E67,1650.0,15.286,501.35959374821294,957.069,657.90438461624,1002.448,694.7430038190593,846.79,658.7218302135392,974.446,695.5195503328923,777.208,694.7329287532652,694.6769999999999,317.9421307968734,302.51099999999997,1.973090664946517,2.46
graetz_capuano366_prescribed,E67,1700.0,15.264000000000001,501.5047578092975,955.092,658.0097452220095,1000.703,694.9664792078278,848.728,658.8243222356755,973.215,695.7392142236217,779.741,695.0457228788582,698.333,318.4959528481313,303.11699999999996,1.9705219872648154,2.482
graetz_capuano366_prescribed,E67,1750.0,15.289999999999997,501.3532641294265,954.569,658.1388386367041,999.749,695.1996733597782,850.108,658.9502525967504,972.321,695.9689871241966,781.96,695.342262809853,701.8389999999999,319.02552100670096,303.736,1.9755522815007414,2.48
graetz_capuano366_prescribed,E67,1800.0,15.275,501.3766017231229,954.257,658.098059528054,999.802,695.3483821537252,851.733,658.9060644388563,972.346,696.1139193642889,784.309,695.595740631243,705.354,319.5320086698216,304.39799999999997,1.9733541040527194,2.489
graetz_capuano366_prescribed,E67,1850.0,15.280000000000001,501.3599479574901,955.423,658.1895581782708,1000.2869999999999,695.4727497036388,853.41,658.9951437566234,972.794,696.2348745448512,786.5849999999999,695.7881889514629,708.4549999999999,320.01653519819865,305.012,1.97474519191619,2.507
graetz_capuano366_prescribed,E67,1900.0,15.271,501.4340871585821,956.5889999999999,658.2708876877459,1001.2049999999999,695.6253028323567,855.321,659.0742704998679,973.619,696.3844997398717,788.891,695.9866156808994,711.199,320.4802795547824,305.64099999999996,1.9739703506941453,2.519
graetz_capuano366_prescribed,E67,1950.0,15.286,501.3881779545991,955.79,658.3482144161059,1002.038,695.7835604587707,857.5169999999999,659.1492163241619,974.564,696.540052271483,791.4449999999999,696.1900282922663,714.434,320.9245334851681,306.32899999999995,1.976999991571038,2.529
graetz_capuano366_prescribed,E67,2000.0,15.283000000000001,501.4150299133436,954.0029999999999,658.3396761965539,1001.9,695.8915816387283,859.3389999999999,659.1381872642135,974.6419999999999,696.6452024215054,793.648,696.3662674245697,717.367,321.35060435924186,306.96999999999997,1.9767875544856794,2.552
graetz_capuano366_prescribed,E67,2050.0,15.283999999999999,501.48094812058065,952.7099999999999,658.4112107321794,1001.518,695.984212298111,860.814,659.2079618992266,974.4119999999999,696.735217391213,795.635,696.5061184649805,720.104,321.7596595837683,307.613,1.9774962567685366,2.55
graetz_capuano366_prescribed,E67,2100.0,15.279,501.5848766886484,953.5169999999999,658.5296427049293,1001.712,696.1179257065952,862.091,659.3250582588634,974.4929999999999,696.8668417826536,797.485,696.6591513225599,722.6320000000001,322.1528513984443,308.293,1.9774896961781052,2.578
graetz_capuano366_prescribed,E67,2150.0,15.281000000000002,501.64393143504856,954.617,658.6678128564566,1001.542,696.2879361487317,863.542,659.4619473117511,974.592,697.0351224187631,799.309,696.8414892181383,724.988,322.5311608541311,308.94,1.9787193574989885,2.574
graetz_capuano366_prescribed,E67,2200.0,15.283000000000001,501.6630236145589,952.0889999999999,658.7522684364492,1001.03,696.4518841475174,864.771,659.5448183322285,974.2049999999999,697.1973360122578,801.012,697.0333927092736,727.544,322.89547357948516,309.602,1.9797202817714048,2.588
graetz_capuano366_prescribed,E67,2250.0,15.278999999999998,501.7110936933378,952.5509999999999,658.8269912212509,1000.208,696.586099156207,865.6659999999999,659.6181340565427,973.494,697.3297590804409,802.425,697.2042066770746,729.6089999999999,323.24654128491363,310.21799999999996,1.9796746808338095,2.595
graetz_capuano366_prescribed,E67,2300.0,15.283999999999999,501.7109658058984,950.836,658.8966691115393,999.5509999999999,696.710640662932,866.4019999999999,659.6863659454255,972.929,697.4525973242482,803.709,697.3590908927067,731.569,323.58505827729954,310.83,1.9810113879167557,2.595
graetz_capuano366_prescribed,E67,2350.0,15.271,501.8251566442229,950.7719999999999,658.9848121823278,999.535,696.8266523579869,867.215,659.7735532113021,972.891,697.5670399555978,805.009,697.5014342588879,733.453,323.91174856914955,311.46799999999996,1.9795631322276446,2.61
graetz_capuano366_prescribed,E67,2400.0,15.277,501.8373849805609,949.99,659.1227420236851,999.3349999999999,696.9773541388853,868.174,659.9106083569923,972.744,697.7165468693279,806.313,697.6565455832992,735.324,324.22726975534977,312.058,1.9813416018929346,2.606
graetz_capuano366_prescribed,E67,2450.0,15.291,501.72141764769265,948.415,659.0952424438359,998.304,697.0914839147107,868.793,659.8810872914679,971.823,697.8291413458148,807.472,697.8118228921138,736.95,324.5322293373671,312.635,1.9836889293944,2.619
graetz_capuano366_prescribed,E67,2500.0,15.286999999999999,501.7247047061927,949.93,659.0114078883709,998.3,697.0978296901964,869.323,659.7954632778033,971.576,697.8334114229547,808.4359999999999,697.890399114587,738.574,324.8271827554346,313.253,1.9828184509341025,2.623
graetz_capuano366_prescribed,E67,2550.0,15.281,501.80916721557463,950.8629999999999,659.0658981148906,999.054,697.1106663268324,870.217,659.8492832432692,972.1469999999999,697.8446313450386,809.571,697.9264267772201,740.123,325.1126893460302,313.80899999999997,1.982148931230022,2.644
graetz_capuano366_prescribed,E67,2600.0,15.280000000000001,501.8698144728142,951.547,659.1802409456745,999.8829999999999,697.2028965511457,871.331,659.9631744026115,972.901,697.935926114681,810.9,698.004790657423,741.78,325.38926631104067,314.41499999999996,1.9826212071279747,2.646
graetz_capuano366_prescribed,E67,2650.0,15.276,501.9436372820037,952.322,659.285882773818,1000.2049999999999,697.3298830924613,872.4159999999999,660.0682925873682,973.263,698.062175759255,812.178,698.1271383493804,743.4369999999999,325.6574079782376,314.96799999999996,1.9826730302557412,2.646
graetz_capuano366_prescribed,E67,2700.0,15.293,501.85199399228134,950.365,659.309335563599,999.963,697.437369515004,873.252,660.0904194566444,973.2049999999999,698.1686956589102,813.3249999999999,698.2550772203438,744.865,325.9175869293282,315.508,1.98568949136828,2.64
graetz_capuano366_prescribed,E67,2750.0,15.277,501.9651488767697,949.35,659.2935253452722,999.095,697.4732746734937,873.845,660.0736922876504,972.489,698.2032709312884,814.295,698.3355526232363,746.278,326.1702501681511,316.078,1.9832480945287223,2.654
graetz_capuano366_prescribed,E67,2800.0,15.27,502.1176788774744,947.946,659.4784683647774,998.558,697.5627261641305,874.2049999999999,660.2589689433723,971.971,698.2920811599507,815.009,698.4101403473483,747.461,326.4158415922393,316.616,1.9830687341198812,2.661
graetz_capuano366_prescribed,E67,2850.0,15.289000000000001,502.00773915040014,948.2139999999999,659.5612516024448,998.358,697.7163305315177,874.54,660.340802541908,971.699,698.4453009690794,815.673,698.549231673954,748.614,326.654772289938,317.13199999999995,1.9866625866943322,2.663
graetz_capuano366_prescribed,E67,2900.0,15.284,501.9882803488501,948.404,659.4776399757684,998.432,697.7647648960167,875.098,660.255696263544,971.762,698.4925290386119,816.438,698.6540331439712,749.8820000000001,326.8872690037673,317.662,1.9856821490320975,2.666
graetz_capuano366_prescribed,E67,2950.0,15.281,501.99498161502413,946.838,659.4945486888191,998.067,697.7682331502816,875.509,660.2719745270917,971.437,698.4947987388653,817.115,698.6899290928609,751.028,327.1134877241509,318.145,1.9852667991597728,2.686
graetz_capuano366_prescribed,E67,3000.0,15.28,502.0149784233554,945.62,659.5324345095652,998.304,697.8096782442847,876.05,660.3093165493706,971.6329999999999,698.5354444511765,817.889,698.7333237902009,751.943,327.33355176601737,318.652,1.985336691636085,2.695
graetz_capuano366_prescribed,E67,3050.0,15.282,502.03533480126316,947.942,659.5649928031031,998.97,697.8615116351554,876.524,660.3412921046951,972.026,698.5865671905227,818.6089999999999,698.7921342897735,752.847,327.5477955182375,319.13399999999996,1.985919030348287,2.697
graetz_capuano366_prescribed,E67,3100.0,15.278,502.09854247081046,946.183,659.6127140138951,999.471,697.9145341521286,877.3389999999999,660.3886375748363,972.59,698.6389437412439,819.4929999999999,698.8523203347448,753.822,327.7566159231754,319.59799999999996,1.9856153840019393,2.71
graetz_capuano366_prescribed,E67,3150.0,15.289,502.0783001117507,947.278,659.6429387908805,999.0939999999999,697.9722434544173,877.976,660.4181731379226,972.338,698.6960345411709,820.345,698.9174028347086,755.016,327.96037613563715,320.12399999999997,1.9876421614431683,2.709
graetz_capuano366_prescribed,E67,3200.0,15.281,502.1478643176208,946.712,659.6478342235705,998.256,698.0030956775842,878.293,660.4225403003429,971.739,698.7261351692666,820.92,698.9682643757789,755.913,328.1594403675308,320.575,1.9865074107656908,2.716
graetz_capuano366_prescribed,E67,3250.0,15.283,502.18486632509064,946.56,659.7278779053952,997.847,698.0548452183518,878.362,660.5024382665015,971.3,698.7774023546662,821.3059999999999,699.0172840923428,756.631,328.3540031583437,321.03999999999996,1.987255601255551,2.732
graetz_capuano366_prescribed,E67,3300.0,15.279,502.2429031656821,947.1229999999999,659.7922395829543,997.579,698.1321075040621,878.6089999999999,660.5665594125923,971.0,698.8543398889254,821.7379999999999,699.0892740872528,757.373,328.54422413071313,321.50699999999995,1.987043328230326,2.721
graetz_capuano366_prescribed,E67,3350.0,15.272,502.3278843184602,945.468,659.9014460784634,997.482,698.2247299656793,878.8199999999999,660.6758600485928,970.9019999999999,698.946768258035,822.167,699.1747871263069,758.0419999999999,328.7302656828551,321.94399999999996,1.9865452825417238,2.715
graetz_capuano366_prescribed,E67,3400.0,15.289,502.2197507968981,942.838,659.9323791191418,996.877,698.3214644527652,879.087,660.7059703256056,970.444,699.0432087173671,822.624,699.275090624066,758.7639999999999,328.9122369901704,322.38899999999995,1.989533189038002,2.726
graetz_capuano366_prescribed,E67,3450.0,15.284,502.1880760451828,944.692,659.8388512678513,996.117,698.3268872261779,879.1039999999999,660.611280534326,969.77,699.0476880529179,822.9069999999999,699.3296861607186,759.396,329.0902087821753,322.77299999999997,1.9884026914604975,2.719
graetz_capuano366_prescribed,E67,3500.0,15.283000000000001,502.18962339952935,943.771,659.8331701958277,996.322,698.3018170601537,879.177,660.605165602954,969.855,699.0217364189907,823.1519999999999,699.329192261753,759.736,329.26417982571684,323.16999999999996,1.9881738034542233,2.721
graetz_capuano366_prescribed,E67,3550.0,15.276000000000002,502.26133834167047,944.607,659.8801095461622,996.293,698.3202943370916,879.411,660.6520625207718,969.709,699.0397702859841,823.495,699.3407494350332,760.3009999999999,329.43423598400005,323.56399999999996,1.9872934322945603,2.732
graetz_capuano366_prescribed,E67,3600.0,15.290000000000003,502.2031782979051,944.8389999999999,659.9051893069533,997.088,698.366832515032,879.794,660.6766053560597,970.3489999999999,699.0859830397824,823.967,699.3826896489732,760.7919999999999,329.6006101673503,323.986,1.989719573437374,2.744
graetz_capuano366_prescribed,E67,3650.0,15.286000000000001,502.23408559106775,943.7909999999999,659.854001672452,997.481,698.3688862862116,880.332,660.624710205786,970.731,699.087368054965,824.55,699.410956803281,761.45,329.76356882365997,324.371,1.9889579129061081,2.744
graetz_capuano366_prescribed,E67,3700.0,15.273,502.3922725936935,944.542,659.9536398771019,996.97,698.3872368734184,880.832,660.7248366168561,970.539,699.1053942996908,825.101,699.423049752022,762.155,329.9233326990998,324.76599999999996,1.9873686303769613,2.751
graetz_capuano366_prescribed,E67,3750.0,15.275999999999998,502.4361814982736,943.56,660.1147016093537,995.617,698.5020815828381,880.688,660.8863260669634,969.3439999999999,699.2205506300554,825.312,699.4956458497782,762.6869999999999,330.08005895775466,325.17199999999997,1.9886671657821768,2.74
graetz_capuano366_prescribed,E67,3800.0,15.282,502.39978986137305,944.3199999999999,660.1437190316392,995.655,698.6121306709507,880.5079999999999,660.9147608460626,969.244,699.33060580457,825.357,699.605841672191,763.005,330.2338116612907,325.522,1.9899533419916056,2.744
graetz_capuano366_prescribed,E67,3850.0,15.290000000000001,502.3448746308155,940.545,660.0797448267394,994.0799999999999,698.6324843552183,880.6419999999999,660.8497635276078,968.088,699.3502919149489,825.591,699.6683215783241,763.524,330.3846908029724,325.881,1.9910759478263458,2.75
graetz_capuano366_prescribed,E67,3900.0,15.283000000000001,502.3896322379449,939.569,660.045012443953,992.978,698.5998613217726,879.994,660.8145876322918,966.722,699.3168601171351,825.341,699.6680460366247,763.718,330.53284884343884,326.238,1.9898095995131233,2.742
graetz_capuano366_prescribed,E67,3929.0,15.295,502.3292483040127,931.6279999999999,660.0479550077793,991.103,698.5896137942761,878.055,660.8172442895664,966.6659999999999,699.3062628392812,824.995,699.6621318431933,763.414,330.617551982756,326.43699999999995,1.9917145815394646,2.712
graetz_capuano366_prescribed,E72,0.0,19.503,294.0745,295.56,294.0745,294.102,294.0745,294.015,294.0745,294.229,294.0745,294.226,294.07449999999994,294.17999999999995,294.0745,294.07599999999996,0.2747444275503551,0.255
graetz_capuano366_prescribed,E72,50.0,19.479,399.3548631580528,373.46,408.522530782767,362.34299999999996,353.42151107756143,324.21099999999996,409.0800890147965,328.62899999999996,353.7039306392599,307.11899999999997,334.12683692719776,304.986,294.07547842945917,294.07399999999996,0.8279822887896012,0.471
graetz_capuano366_prescribed,E72,100.0,19.45,405.9539841405751,453.884,463.39346714089015,454.865,433.59168939064807,387.39599999999996,464.0624932152107,404.428,434.12632412196695,351.84299999999996,402.31212663726683,338.248,294.08444492029025,294.046,1.1480972176505957,0.724
graetz_capuano366_prescribed,E72,150.0,19.411,407.3749429679009,515.521,477.7460963893998,527.652,474.05638374302043,439.84399999999994,478.3834307924991,472.907,474.6623301405974,393.721,449.30973762133186,364.9,294.11701301184564,294.043,1.2803317980304598,0.932
graetz_capuano366_prescribed,E72,200.0,19.372,408.0421632498603,566.458,482.47763064396725,587.3820000000001,489.4149560455071,484.692,483.0695746481124,532.14,490.0017092273998,430.62699999999995,472.1782630608585,387.02099999999996,294.19470947785135,294.056,1.3296560871508114,1.118
graetz_capuano366_prescribed,E72,250.0,19.331,408.53675115385846,600.6179999999999,484.87913039734485,631.105,496.08267089531677,519.356,485.4343613499419,576.909,496.63382757671303,459.476,483.50764539263355,407.085,294.3363740424752,294.08,1.3508762369126899,1.266
graetz_capuano366_prescribed,E72,300.0,19.286,408.9850235546252,625.5519999999999,486.54362627401974,662.649,499.892244444274,546.762,487.0713268653289,610.781,500.41169424692026,483.17499999999995,490.16935030928755,423.78,294.55306891871885,294.12,1.3621499126974537,1.382
graetz_capuano366_prescribed,E72,350.0,19.266000000000002,409.29583683143437,644.915,487.8121330242143,688.435,502.5495157609134,570.3979999999999,488.3184710950213,638.979,503.0435367942522,503.76099999999997,494.7492786328027,441.294,294.8473132183565,294.154,1.371465175097251,1.482
graetz_capuano366_prescribed,E72,400.0,19.227999999999998,409.6300283004585,660.424,488.81409391242266,707.871,504.5461237934088,588.377,489.3036592703053,660.075,505.01969648701447,519.235,498.15247011243696,455.501,295.2146535008068,294.215,1.3764615440626815,1.563
graetz_capuano366_prescribed,E72,450.0,19.202,409.9197818255114,671.613,489.7035345203094,722.509,506.16584795984426,603.733,490.17968887292506,676.726,506.6229626064711,532.96,500.826885556896,470.66999999999996,295.64615481919986,294.27099999999996,1.3812383014894505,1.636
graetz_capuano366_prescribed,E72,500.0,19.173,410.2052791804447,681.039,490.4695186956699,734.97,507.5254247754878,617.3599999999999,490.9345758769025,690.972,507.9689649164105,545.644,503.011381588231,484.707,296.13048298980243,294.344,1.3846242764689598,1.717
graetz_capuano366_prescribed,E72,550.0,19.139,410.5042654629554,687.9459999999999,491.18787866080226,744.2629999999999,508.70522276762904,628.391,491.64377938202676,701.685,509.1374416560864,556.144,504.8396072967705,496.54499999999996,296.65566092763385,294.423,1.3868861141210882,1.762
graetz_capuano366_prescribed,E72,600.0,19.088,410.8645435563412,693.515,491.9233313401241,751.25,509.7920676605307,637.449,492.37183974300575,709.749,510.21491044019547,565.315,506.4286107879634,507.08,297.21014462964814,294.52099999999996,1.387288413438907,1.8
graetz_capuano366_prescribed,E72,650.0,19.037000000000003,411.2408665427446,698.5070000000001,492.7033259379098,756.723,510.85963234252716,645.352,493.1457883331487,716.5409999999999,511.2747988862634,573.3820000000001,507.88098152240127,516.4449999999999,297.78352185533515,294.62699999999995,1.3877489071716593,1.857
graetz_capuano366_prescribed,E72,700.0,18.988999999999997,411.62315588657935,704.932,493.47191381833113,763.856,511.9049008198707,653.028,493.9091501730763,724.288,512.313592798705,581.29,509.23995105797303,525.539,298.36683440530084,294.76,1.388393495165022,1.908
graetz_capuano366_prescribed,E72,750.0,18.967000000000002,411.89257785797633,707.6379999999999,494.1473966606779,768.467,512.882203758073,659.949,494.5795549563549,729.995,513.285074235279,588.575,510.4963785987477,533.712,298.9527548018707,294.892,1.3910483792213437,1.938
graetz_capuano366_prescribed,E72,800.0,18.92,412.19773923578674,708.393,494.7418619564234,770.241,513.7391260524461,665.681,495.16947186028676,733.479,514.1365434944399,594.95,511.6068076381372,541.6469999999999,299.53535024773856,295.019,1.3906310706954441,1.972
graetz_capuano366_prescribed,E72,850.0,18.894000000000002,412.4247297576964,710.553,495.3202489392992,770.93,514.5416324107097,669.906,495.74369029067657,735.2629999999999,514.9341752788671,600.3009999999999,512.6133724408497,548.774,300.1098925855755,295.178,1.3920474747728493,2.006
graetz_capuano366_prescribed,E72,900.0,18.884999999999998,412.53707652181095,711.989,495.74335388625923,772.8779999999999,515.2420302135696,673.469,496.16235113871437,737.701,515.6298075925881,604.787,513.5159110590996,554.634,300.67275243650926,295.34499999999997,1.3943040072938349,2.044
graetz_capuano366_prescribed,E72,950.0,18.852999999999998,412.6921376157151,713.896,496.0950916706783,774.5039999999999,515.8067171215869,677.169,496.51009550163946,740.002,516.1898132380923,609.28,514.2695223693795,560.228,301.2211747758248,295.501,1.3937018524828804,2.057
graetz_capuano366_prescribed,E72,1000.0,18.839000000000002,412.8008983569417,717.2090000000001,496.44709981538153,777.149,516.3276899366049,680.702,496.8584709696693,742.7159999999999,516.7065613371883,613.44,514.9359255917432,565.664,301.7531881973416,295.67699999999996,1.394772452121809,2.066
graetz_capuano366_prescribed,E72,1050.0,18.809,412.9335060428823,719.933,496.7652984894441,779.527,516.8051721107582,684.7829999999999,497.17339583362474,745.646,517.1801559413925,617.928,515.5404521740642,571.3489999999999,302.2674773290652,295.899,1.394000713441078,2.109
graetz_capuano366_prescribed,E72,1100.0,18.796,413.0464737916947,721.0909999999999,497.079207398944,781.153,517.2604901667862,688.1279999999999,497.4842687135058,747.813,517.6319461746849,621.819,516.1005863818928,576.26,302.7632241906566,296.114,1.3948924255500659,2.121
graetz_capuano366_prescribed,E72,1150.0,18.768,413.232249487547,721.613,497.3890695346682,782.594,517.6862280526454,691.095,497.7915245949152,749.6769999999999,518.0544472592877,625.4449999999999,516.6184846256901,580.81,303.24018931518486,296.35299999999995,1.394254408235927,2.155
graetz_capuano366_prescribed,E72,1200.0,18.742,413.4399510514782,724.1769999999999,497.76279411846707,784.7249999999999,518.1345909551452,694.277,498.16315944641406,752.06,518.5000868919545,629.142,517.1268509473956,585.413,303.6985536320491,296.628,1.3940975489955871,2.167
graetz_capuano366_prescribed,E72,1250.0,18.707,413.6846334624335,724.68,498.1737737631406,785.3199999999999,518.6195405943353,696.92,498.57243512030925,753.2339999999999,518.9827725699881,632.577,517.6538357197225,589.245,304.13868014243553,296.89799999999997,1.3932475857062099,2.183
graetz_capuano366_prescribed,E72,1300.0,18.69,413.8843166162969,726.819,498.5797398134971,787.651,519.1247370951553,699.364,498.97668602972965,755.362,519.485968283477,635.622,518.1977278196455,592.576,304.56108310784674,297.17699999999996,1.3942316751991832,2.205
graetz_capuano366_prescribed,E72,1350.0,18.669,414.0779909400812,727.116,498.9304735528515,788.184,519.5927487679039,702.315,499.3256621914148,756.825,519.9519622712279,639.1569999999999,518.7184417443511,596.443,304.96644293891677,297.508,1.3945311069759128,2.224
graetz_capuano366_prescribed,E72,1400.0,18.66,414.2115101066755,728.573,499.2383057906256,788.674,520.0161764680555,704.068,499.63165797586026,757.512,520.3733630918479,641.707,519.1967383158526,599.887,305.35547322716775,297.82,1.3957523228692335,2.248
graetz_capuano366_prescribed,E72,1450.0,18.651,414.3176473637169,728.538,499.47317958578947,789.1759999999999,520.3751707066095,705.915,499.8645922838873,758.3820000000001,520.7302313476885,644.1569999999999,519.6193487447563,603.03,305.7288453300441,298.133,1.396555004063019,2.28
graetz_capuano366_prescribed,E72,1500.0,18.63,414.45411449421107,728.813,499.7096409731401,789.994,520.6898350435304,707.636,500.09944264107344,759.3489999999999,521.0428698505311,646.391,519.9868986578736,605.987,306.0872262450618,298.455,1.3960434702268159,2.286
graetz_capuano366_prescribed,E72,1550.0,18.62,414.54229503680335,727.467,499.9480188002743,789.542,521.0054188169524,709.221,500.3362883203838,759.517,521.3566612644538,648.729,520.3394496996925,608.8340000000001,306.43122345732803,298.787,1.3966092072147394,2.296
graetz_capuano366_prescribed,E72,1600.0,18.608,414.6095200479167,729.074,500.1345285360711,790.153,521.2897067246804,710.519,500.52120560461793,760.25,521.6391677387181,650.604,520.66875450546,611.5360000000001,306.7613783201692,299.101,1.3966974512416521,2.301
graetz_capuano366_prescribed,E72,1650.0,18.59,414.7136806129907,730.12,500.32386976278383,791.237,521.5452829807375,711.967,500.7092063645507,761.266,521.8930566664641,652.578,520.9637082523194,613.903,307.0782411704794,299.429,1.3961547793106117,2.314
graetz_capuano366_prescribed,E72,1700.0,18.575,414.82631810711734,732.126,500.5388083307673,792.5409999999999,521.8083188642387,713.583,500.9230307340441,762.447,522.1546422884101,654.608,521.2513297319528,616.208,307.3824645260889,299.74399999999997,1.3960324555452628,2.328
graetz_capuano366_prescribed,E72,1750.0,18.559,414.9707673162431,732.5619999999999,500.7630981455176,794.53,522.0804203638409,715.7349999999999,501.1463664967672,764.4749999999999,522.4254768635785,656.919,521.5430976230498,618.807,307.67475330062643,300.11699999999996,1.3959044055847984,2.34
graetz_capuano366_prescribed,E72,1800.0,18.548000000000002,415.11025389162666,732.9849999999999,500.9972019064848,795.189,522.3594534702952,717.537,501.379610380969,765.51,522.7033925269102,659.105,521.838233286617,621.269,307.95589790643044,300.47799999999995,1.3963409104391071,2.365
graetz_capuano366_prescribed,E72,1850.0,18.535,415.2477374428452,734.403,501.2207873619,795.4979999999999,522.6349236802728,718.905,501.6023749050855,766.16,522.9778214892104,660.9369999999999,522.1315019233912,623.499,308.22665567700085,300.83299999999997,1.396521103398709,2.371
graetz_capuano366_prescribed,E72,1900.0,18.526,415.3680013496142,734.14,501.433693191183,795.5319999999999,522.9003478005446,720.0519999999999,501.81446798946627,766.502,523.2422516958677,662.6289999999999,522.4156671266804,625.679,308.48768725453186,301.222,1.3970386698017032,2.37
graetz_capuano366_prescribed,E72,1950.0,18.503,415.5238653056457,733.7,501.66075584719704,794.035,523.1618307761747,720.483,502.04095466277647,765.506,523.5028553041451,663.8209999999999,522.691152174993,627.38,308.73953056729124,301.58099999999996,1.3961627221812027,2.377
graetz_capuano366_prescribed,E72,2000.0,18.49,415.6532735704217,733.575,501.9097373259407,793.433,523.4446333907745,720.825,502.2894277393026,765.1479999999999,523.7849675719405,664.652,522.978112445521,628.9359999999999,308.9826928322294,301.926,1.3964138798913703,2.394
graetz_capuano366_prescribed,E72,2050.0,18.481,415.7500399007515,732.991,502.1118725933483,793.621,523.7142224302553,721.1679999999999,502.490862971507,765.134,524.0538174622202,665.575,523.2641380965911,630.194,309.2176324972148,302.30899999999997,1.3968632880996692,2.415
graetz_capuano366_prescribed,E72,2100.0,18.483,415.78313134262186,734.7139999999999,502.2446367055709,794.953,523.9322031694969,722.213,502.6226398690354,766.25,524.2708544890849,666.806,523.514566377014,631.659,309.4447786646356,302.666,1.3980483819193572,2.408
graetz_capuano366_prescribed,E72,2150.0,18.469,415.8554365282838,733.3019999999999,502.34932218259513,794.398,524.0930332479362,723.239,502.7264800900134,766.3199999999999,524.430628703595,668.218,523.7114210145324,633.285,309.6644984463856,303.01599999999996,1.397382342047758,2.399
graetz_capuano366_prescribed,E72,2200.0,18.455000000000002,415.9225915761431,733.1679999999999,502.49903236503235,794.2869999999999,524.2601241106626,723.602,502.8756323677035,766.189,524.5968867443747,669.0409999999999,523.8921424994247,634.535,309.8770964967996,303.335,1.396851616268929,2.421
graetz_capuano366_prescribed,E72,2250.0,18.452,415.9513620562264,735.1659999999999,502.6190937861403,794.446,524.4343181063509,724.135,502.99497006007607,766.367,524.7703223825891,669.9839999999999,524.0807305420768,635.7929999999999,310.0827773196554,303.69399999999996,1.397350321028568,2.418
graetz_capuano366_prescribed,E72,2300.0,18.436999999999998,416.02193245116706,733.492,502.7253385082436,794.7429999999999,524.580567002312,724.8309999999999,503.10061597765673,766.693,524.9157753199597,670.951,524.2486356829206,636.846,310.281815389273,304.03799999999995,1.3965380626892379,2.427
graetz_capuano366_prescribed,E72,2350.0,18.442999999999998,416.0582884322366,733.7049999999999,502.8258672236166,795.1229999999999,524.7213652202006,725.515,503.2004548297882,767.067,525.0558201942279,671.909,524.4058453924135,637.978,310.47456711400866,304.387,1.3978737455221606,2.423
graetz_capuano366_prescribed,E72,2400.0,18.413,416.2221996413014,736.6579999999999,502.9655936186024,797.554,524.8556435319842,726.708,503.3400115352015,768.949,525.1894769324127,673.086,524.550387865211,639.1479999999999,310.6614982487687,304.75399999999996,1.3956895781197183,2.45
graetz_capuano366_prescribed,E72,2450.0,18.409999999999997,416.33845989569363,737.174,503.1853693440082,798.584,525.0614341904849,728.173,503.5597516739339,770.162,525.3950493846555,674.603,524.7375981177701,640.54,310.8430364149251,305.11499999999995,1.3967024525215925,2.461
graetz_capuano366_prescribed,E72,2500.0,18.398,416.4507718070718,736.799,503.35532146862704,799.538,525.2735301440241,729.2909999999999,503.7294695312361,771.131,525.606887028983,675.887,524.9508905279637,641.728,311.0195700438287,305.453,1.3966146761648135,2.455
graetz_capuano366_prescribed,E72,2550.0,18.381,416.5791062479464,739.3199999999999,503.5469392612394,801.947,525.4790671795467,730.723,503.92101678708264,773.044,525.8121839013133,677.304,525.1580950069105,642.983,311.19140094977166,305.817,1.3960717774544862,2.478
graetz_capuano366_prescribed,E72,2600.0,18.38,416.64103360443437,740.728,503.7137001814478,804.242,525.6883724442517,732.555,504.08747309667945,775.211,526.0212453826408,678.999,525.3706072230957,644.3340000000001,311.3587570101252,306.13,1.3970578057538416,2.477
graetz_capuano366_prescribed,E72,2650.0,18.372,416.7084018985649,741.0319999999999,503.82290112279395,806.232,525.8536649446323,734.44,504.1962275631249,777.3489999999999,526.1860908805662,680.779,525.5569454455156,645.885,311.52183332630483,306.436,1.3970336611687717,2.489
graetz_capuano366_prescribed,E72,2700.0,18.361,416.7878803914346,741.152,503.9491151248328,806.536,525.9984371623821,735.674,504.32217267552244,777.942,526.3304329821584,682.222,525.7149422161754,647.29,311.68084011078173,306.74199999999996,1.3967116939144502,2.49
graetz_capuano366_prescribed,E72,2750.0,18.373,416.7706372277857,740.226,504.02068110924597,805.154,526.1297204373235,736.626,504.3930858932415,777.7729999999999,526.4612154071712,683.434,525.8636795921444,648.9849999999999,311.8359368909572,307.067,1.3984912699095302,2.496
graetz_capuano366_prescribed,E72,2800.0,18.361,416.8155525588712,738.3969999999999,504.0478726430641,802.654,526.1994402321598,735.736,504.4197207254922,775.578,526.530237203999,683.4179999999999,525.9653681650034,649.6479999999999,311.9872472926786,307.366,1.397534532160757,2.499
graetz_capuano366_prescribed,E72,2850.0,18.361,416.865051874254,738.203,504.1257634632709,801.524,526.2756413070591,734.971,504.4972901041999,774.443,526.6059192718799,683.172,526.0507684843649,649.997,312.13492032961153,307.69,1.3980330971798631,2.493
graetz_capuano366_prescribed,E72,2900.0,18.352,416.93013134084646,736.2349999999999,504.2094340732418,799.307,526.3678626926495,734.3399999999999,504.58073039178964,772.739,526.6977559888893,683.092,526.1469536215768,650.498,312.27915637868637,308.01,1.397645830383087,2.479
graetz_capuano366_prescribed,E72,2950.0,18.353,416.9781010964207,738.183,504.296177236112,799.3729999999999,526.4694908077253,733.822,504.6672076277198,772.392,526.799061918514,682.8879999999999,526.2519004603008,650.567,312.42010879910606,308.32099999999997,1.3983315200376691,2.483
graetz_capuano366_prescribed,E72,3000.0,18.344,417.04818236292635,739.169,504.3797703840919,800.636,526.5667082363109,734.064,504.75060992650225,773.082,526.8959688860359,683.1859999999999,526.3552480957031,650.887,312.557941567769,308.628,1.3979639978177598,2.49
graetz_capuano366_prescribed,E72,3050.0,18.339,417.11664724541396,737.7919999999999,504.48530369383667,800.3919999999999,526.6756487192794,734.894,504.85603464926555,773.443,527.0046939098295,684.045,526.4635763760333,651.824,312.69278626439024,308.926,1.3981138189930227,2.482
graetz_capuano366_prescribed,E72,3100.0,18.333000000000002,417.18210210528986,737.963,504.58625743098526,798.812,526.7914289661801,734.5989999999999,504.95686067824465,772.135,527.1202920781594,684.2049999999999,526.5800748955481,652.367,312.82477066147925,309.24199999999996,1.3981530359214949,2.491
graetz_capuano366_prescribed,E72,3150.0,18.326999999999998,417.23731635107055,737.231,504.6844546193307,798.288,526.9057608997547,734.231,505.0549226359264,771.567,527.2344452629718,684.15,526.6970446340315,652.662,312.9539972460668,309.55499999999995,1.3981638000748084,2.487
graetz_capuano366_prescribed,E72,3200.0,18.317999999999998,417.3119618642038,738.578,504.7865716393716,797.723,527.0196765453796,733.992,505.1569629358726,771.04,527.3482027730935,684.18,526.8130193558634,652.896,313.0805426126009,309.84499999999997,1.3978954875464304,2.497
graetz_capuano366_prescribed,E72,3214.0,18.316,417.3307360888507,737.656,504.8185262806933,797.899,527.0527599009514,733.977,505.1889107305928,771.112,527.3812525776508,684.1869999999999,526.8459908113919,652.9549999999999,313.11551140109543,309.928,1.3978855570220956,2.485
graetz_capuano366_prescribed,E77,0.0,13.844999999999999,295.3565,310.26,295.3565,317.86199999999997,295.3565,319.984,295.3565,318.99399999999997,295.3565,321.865,295.3564999999999,322.57,295.3565,308.08399999999995,0.021730517832921237,0.062
graetz_capuano366_prescribed,E77,50.0,13.834,362.5534379578316,346.686,352.992837566306,346.442,320.0924313058097,329.808,353.2602159326006,333.02299999999997,320.2072359403132,325.60999999999996,310.3114940948375,325.294,295.35695880234755,307.83299999999997,0.2189075095915315,0.137
graetz_capuano366_prescribed,E77,100.0,13.829,371.21923827344585,383.27,394.4190432951465,392.364,361.37335626753577,358.804,394.781787498331,369.07599999999996,361.6114579416003,344.88699999999994,341.08576428528585,339.876,295.3612423563277,307.59499999999997,0.35841872344934667,0.21
graetz_capuano366_prescribed,E77,150.0,13.834,373.6158871808448,414.554,411.93843499131503,431.01599999999996,393.56713077134657,386.082,412.31000168311647,403.24199999999996,393.87796603545075,365.55199999999996,371.9443220451777,355.041,295.3775695109715,307.33099999999996,0.4413385087891776,0.291
graetz_capuano366_prescribed,E77,200.0,13.843,374.51144287687083,442.467,419.34845696825596,465.436,412.0612972521091,410.928,419.70273654241885,435.465,412.39251458640683,385.241,393.642703402547,368.95899999999995,295.41860874344496,307.09,0.48626725034886265,0.358
graetz_capuano366_prescribed,E77,250.0,13.844999999999999,374.9527681904737,462.21899999999994,422.879442658297,490.384,422.0000739646362,429.941,423.21311717422543,459.856,422.32603518037246,400.849,407.1953117718002,380.08099999999996,295.4968583897404,306.88199999999995,0.5101891014612173,0.409
graetz_capuano366_prescribed,E77,300.0,13.846,375.2404660776311,477.556,424.84725724646785,510.346,427.59348570674786,445.645,425.16298635070996,480.022,427.90606540309136,414.16599999999994,415.65674723489894,389.953,295.62088885162336,306.68399999999997,0.5240050412420297,0.447
graetz_capuano366_prescribed,E77,350.0,13.841,375.4712192040655,490.54099999999994,426.1220312249765,526.992,431.045541558484,459.188,426.42327004463425,496.95399999999995,431.3439362067956,425.93499999999995,421.2200022678958,399.06899999999996,295.79415468240404,306.491,0.5323960692660955,0.497
graetz_capuano366_prescribed,E77,400.0,13.834,375.6728376465696,501.03,427.0554135278736,540.175,433.39568795039025,470.032,427.34509912124867,510.437,433.6814140329599,435.388,425.1245175878954,406.751,296.0154012713215,306.32399999999996,0.5380484190213234,0.527
graetz_capuano366_prescribed,E77,450.0,13.847999999999999,375.7924601455563,508.92099999999994,427.75856328331497,550.858,435.1244512934684,479.489,428.0387114417323,521.6949999999999,435.39936671072206,443.79699999999997,428.0347938346734,414.01699999999994,296.27995015181864,306.176,0.5438068864323155,0.556
graetz_capuano366_prescribed,E77,500.0,13.854000000000001,375.88695389995337,514.259,428.27291439081847,558.2059999999999,436.43548830911783,487.24899999999997,428.54500012119195,529.991,436.7011206377178,450.95899999999995,430.27480501129,420.655,296.5811209703837,306.046,0.5477749325620266,0.593
graetz_capuano366_prescribed,E77,550.0,13.848999999999998,376.0165997956145,518.91,428.70610723430667,564.922,437.4604904172564,494.068,428.9715138170713,537.476,437.7181503519762,457.34399999999994,432.03329663484834,426.92099999999994,296.9113636090344,305.91499999999996,0.5502095164491919,0.608
graetz_capuano366_prescribed,E77,600.0,13.842,376.12364906543195,523.649,429.11199657583796,569.947,438.31466563477665,499.437,429.37183341843485,542.8979999999999,438.56555659583876,462.501,433.4607374836935,432.272,297.2630891104456,305.804,0.5520885534278493,0.627
graetz_capuano366_prescribed,E77,650.0,13.847,376.1582865333445,527.077,429.44865228976255,574.2919999999999,439.05039996304913,504.38199999999995,429.70350586679706,547.8,439.2954506088095,467.24299999999994,434.6595607698097,437.23299999999995,297.6290565321013,305.66299999999995,0.5545236818732425,0.654
graetz_capuano366_prescribed,E77,700.0,13.85,376.15360565032455,529.94,429.69052355393796,578.4,439.66173058707795,509.13599999999997,429.94078583393076,552.3,439.90153259308164,471.86899999999997,435.66429029682973,442.205,298.00281458047493,305.532,0.5563364681362767,0.666
graetz_capuano366_prescribed,E77,750.0,13.839,376.18420241272827,533.538,429.89453577155194,582.267,440.16270069928146,513.152,430.14077442551275,556.271,440.3977496099244,475.80499999999995,436.49442432761884,446.45099999999996,298.3789235126144,305.417,0.556752789618579,0.684
graetz_capuano366_prescribed,E77,800.0,13.841999999999999,376.1947135014315,536.864,430.0912607972997,585.899,440.5982650664552,517.064,430.3339305831063,560.086,440.8290813352085,479.61899999999997,437.19770597799095,450.566,298.75298179271607,305.33599999999996,0.5581819742481621,0.698
graetz_capuano366_prescribed,E77,850.0,13.846,376.19666794378975,539.5899999999999,430.24108899702986,589.371,440.9773434503813,521.0219999999999,430.4804308530053,563.746,441.20431868273533,483.495,437.80372376597313,454.772,299.1216005283415,305.239,0.5594858033320248,0.719
graetz_capuano366_prescribed,E77,900.0,13.834999999999999,376.26593736788936,541.467,430.3919583831558,592.191,441.30464972870845,524.429,430.6284308069926,566.861,441.52813319301384,486.91999999999996,438.3204713168159,458.514,299.48227322343143,305.17499999999995,0.5595233116050972,0.726
graetz_capuano366_prescribed,E77,950.0,13.853000000000002,376.28208986734563,543.962,430.54514633122966,594.925,441.610438813229,527.632,430.7789633362051,569.804,441.83079831918644,490.109,438.78107211391574,462.131,299.83327106811834,305.12899999999996,0.5618918908638738,0.754
graetz_capuano366_prescribed,E77,1000.0,13.838,376.38226360219306,545.738,430.67870209609384,597.69,441.88522923141556,530.8820000000001,430.91016825654003,572.7159999999999,442.1027278694741,493.335,439.1878848457736,465.86,300.17344223549765,305.114,0.5614933793862454,0.769
graetz_capuano366_prescribed,E77,1050.0,13.849999999999998,376.4368846801887,547.813,430.84813611955184,599.99,442.15352873075454,533.663,431.07753021646005,575.2149999999999,442.3684873975196,496.254,439.560475183109,469.158,300.5020857878788,305.09799999999996,0.5633687003255413,0.777
graetz_capuano366_prescribed,E77,1100.0,13.842,376.52294814510986,549.265,430.9904755192259,601.858,442.4115384095244,536.363,431.2179282530755,577.422,442.6241831876372,499.04699999999997,439.9076705139794,472.299,300.81877784675885,305.09,0.5635212761983118,0.792
graetz_capuano366_prescribed,E77,1150.0,13.852,376.57151595553904,550.64,431.136976233539,603.692,442.65528922868344,538.886,431.36262375249,579.404,442.86580391808957,501.71399999999994,440.2297856244421,475.356,301.12336052067633,305.08799999999997,0.5651291430198514,0.803
graetz_capuano366_prescribed,E77,1200.0,13.845999999999998,376.64981884709465,552.3119999999999,431.26137035563306,605.905,442.87999731951,541.256,431.48533741526717,581.675,443.0885214185639,504.18499999999995,440.52469637582533,478.144,301.4158714311064,305.118,0.5653461792942479,0.819
graetz_capuano366_prescribed,E77,1250.0,13.835999999999999,376.73964034859205,553.281,431.4186631704763,608.0989999999999,443.0987780020993,543.655,431.6412447644909,583.961,443.305513735441,506.75699999999995,440.79744753106985,480.84399999999994,301.69648678386886,305.12699999999995,0.5652981657638764,0.831
graetz_capuano366_prescribed,E77,1300.0,13.853000000000002,376.7368594188645,554.211,431.5447535610001,609.337,443.3186013488249,546.117,431.76581799898406,585.675,443.52369245386416,509.361,441.06598556111487,483.784,301.96539173984524,305.13599999999997,0.567349481862364,0.837
graetz_capuano366_prescribed,E77,1350.0,13.835999999999999,376.7994462200278,554.9449999999999,431.6289241805265,609.958,443.5015217023192,547.703,431.84857556980546,586.491,443.7049734907599,511.41999999999996,441.3040682784306,486.116,302.2228704742017,305.15799999999996,0.5664671553870019,0.844
graetz_capuano366_prescribed,E77,1400.0,13.853000000000002,376.81252726091503,557.683,431.7283063875919,612.011,443.66821672422446,549.48,431.9466341365289,588.281,443.87013225480484,513.4269999999999,441.51777463924697,488.327,302.4693157334026,305.2,0.5683987017174507,0.864
graetz_capuano366_prescribed,E77,1450.0,13.847999999999999,376.8550362253535,557.866,431.7891573265738,613.553,443.8123830854858,551.573,432.00619398615623,590.072,444.01281401080644,515.559,441.7082540807372,490.70799999999997,302.7052610353231,305.25399999999996,0.5683909834670652,0.865
graetz_capuano366_prescribed,E77,1500.0,13.841000000000001,376.93783887596186,558.941,431.8906584795269,614.476,443.948320527605,553.358,432.10670766540045,591.191,444.1474094135624,517.5999999999999,441.8782960507719,493.08299999999997,302.9312389868739,305.30499999999995,0.5683331949703224,0.869
graetz_capuano366_prescribed,E77,1550.0,13.850000000000001,376.9721692952836,559.9749999999999,431.9960978140775,615.863,444.0978450877229,554.922,432.2111709683209,592.5799999999999,444.29576006382575,519.39,442.0512262508155,495.04499999999996,303.14778938987916,305.36199999999997,0.5695951428757294,0.889
graetz_capuano366_prescribed,E77,1600.0,13.845999999999998,377.0201017930309,561.0419999999999,432.0722949183108,617.093,444.2373175859961,556.576,432.2863893832209,593.9449999999999,444.4341029784514,521.174,442.21839571004296,497.06899999999996,303.3554004410268,305.428,0.5696986298588539,0.897
graetz_capuano366_prescribed,E77,1650.0,13.855999999999998,377.0440884679257,561.144,432.14297321302473,617.952,444.36095499570297,558.0909999999999,432.3561173683531,594.977,444.5566426868362,522.9069999999999,442.3714625959104,498.981,303.5545615384041,305.49699999999996,0.5709215200323742,0.886
graetz_capuano366_prescribed,E77,1700.0,13.850000000000001,377.1131790781175,561.457,432.2052544003191,617.8979999999999,444.47009561320937,559.275,432.4175556780249,595.328,444.66473412713924,524.468,442.5076783942169,500.855,303.7457772867317,305.587,0.5708032660014138,0.9
graetz_capuano366_prescribed,E77,1750.0,13.854,377.1750276548214,563.345,432.296250871544,619.623,444.5817447865729,560.526,432.50786231496124,596.703,444.77545418501086,525.814,442.6372821721336,502.43899999999996,303.9295953971984,305.678,0.5715847670240907,0.905
graetz_capuano366_prescribed,E77,1800.0,13.857,377.2178020162871,564.684,432.3732016692576,621.171,444.6977067312124,561.986,432.58410058578505,598.15,444.89057054462205,527.405,442.7686910839576,504.14,304.1064895356691,305.75,0.5722355714319055,0.918
graetz_capuano366_prescribed,E77,1850.0,13.847999999999999,377.2937550696694,564.384,432.45690157436877,621.938,444.80947312274344,563.633,432.66721559268717,599.223,445.0015513104459,529.1479999999999,442.89488229841925,505.99199999999996,304.27684840865174,305.84299999999996,0.5719184136324603,0.926
graetz_capuano366_prescribed,E77,1900.0,13.852,377.34716089843147,564.555,432.55383627502533,622.2929999999999,444.92773492586934,564.703,432.7636135064496,599.843,445.1191179318119,530.434,443.02272382940845,507.56999999999994,304.44104150437846,305.938,0.5727119879584058,0.928
graetz_capuano366_prescribed,E77,1950.0,13.856000000000002,377.382135792415,563.377,432.62267185143884,621.825,445.0409855332357,565.5039999999999,432.83182926551603,599.8299999999999,445.2316885858927,531.531,443.1499330579391,508.938,304.59943908717855,306.043,0.5734169786568005,0.933
graetz_capuano366_prescribed,E77,2000.0,13.854999999999997,377.4186500379442,565.2729999999999,432.6799879295756,622.4079999999999,445.1368418295994,566.039,432.88855929608707,600.18,445.32685339333557,532.3399999999999,443.2639832155973,510.157,304.75238765130274,306.145,0.573651311576819,0.927
graetz_capuano366_prescribed,E77,2050.0,13.855,377.452145743001,564.99,432.73861702127766,622.999,445.22432183181024,566.983,432.94665844654685,600.88,445.41367790409174,533.3879999999999,443.3667303112676,511.35299999999995,304.9001629938461,306.236,0.5739555611551032,0.946
graetz_capuano366_prescribed,E77,2100.0,13.852,377.491975974071,566.31,432.79830881095114,624.136,445.30911439705085,567.951,433.0058756836108,601.8889999999999,445.49786687993947,534.421,443.4635431819502,512.5409999999999,305.0430034449091,306.32899999999995,0.5740103484829234,0.943
graetz_capuano366_prescribed,E77,2150.0,13.855999999999998,377.5014173070764,567.174,432.8512927478392,625.0999999999999,445.3913763150831,569.04,433.0583667349436,602.8409999999999,445.57956097085224,535.575,443.5575282952542,513.778,305.1811437863544,306.42199999999997,0.5746049153646086,0.94
graetz_capuano366_prescribed,E77,2200.0,13.835,377.5712945745016,569.21,432.9164328805416,626.6659999999999,445.4711488645522,570.26,433.12319294618885,604.1959999999999,445.6588245022524,536.845,443.6448112473631,515.015,305.31475312128555,306.53,0.573171824689307,0.955
graetz_capuano366_prescribed,E77,2250.0,13.838000000000001,377.5981419748122,565.941,433.0116345959521,626.047,445.5699656432224,571.569,433.2181232479681,604.622,445.7572503071824,538.1949999999999,443.7421780458268,516.501,305.4439764623298,306.614,0.5738148645197222,0.952
graetz_capuano366_prescribed,E77,2300.0,13.854,377.55525182511707,565.2049999999999,433.03385417350734,624.823,445.6568184271871,571.486,433.2397377330999,603.524,445.8436360461934,538.607,443.84316314137504,517.4209999999999,305.569007275365,306.71,0.5753076461126866,0.952
graetz_capuano366_prescribed,E77,2350.0,13.855,377.53729217084856,564.169,433.00676530800547,623.087,445.69296446627317,571.276,433.2119986014192,602.28,445.879148227723,538.771,443.9106715093822,518.208,305.6900671211734,306.804,0.5753786271867735,0.945
graetz_capuano366_prescribed,E77,2400.0,13.852,377.55379512438844,562.924,433.0084720063219,621.699,445.7075571930435,570.789,433.21327667121443,601.092,445.8931306608219,538.7249999999999,443.947174989067,518.7,305.80737100101277,306.92499999999995,0.5751760372798415,0.961
graetz_capuano366_prescribed,E77,2450.0,13.850999999999999,377.57995615105096,563.449,433.0369875496318,620.726,445.73537235137593,570.3009999999999,433.2414851726943,600.025,445.92046852204203,538.616,443.98201253702587,519.0219999999999,305.92111193940525,307.008,0.5752269625511738,0.951
graetz_capuano366_prescribed,E77,2500.0,13.85,377.6165403486801,563.232,433.07592401965405,620.777,445.77816522687823,570.396,433.2801658014505,600.068,445.96287871434674,538.838,444.0268374945179,519.463,306.03150645050414,307.13199999999995,0.5753339077281109,0.952
graetz_capuano366_prescribed,E77,2550.0,13.843,377.6637388607856,564.861,433.13151932959875,621.981,445.833100370035,570.861,433.33559037769203,600.8789999999999,446.0175076626752,539.303,444.0806038709173,520.029,306.13877246122587,307.239,0.5749989426022032,0.95
graetz_capuano366_prescribed,E77,2600.0,13.85,377.689661253828,564.656,433.18389761036576,622.438,445.89725767741675,571.612,433.3877337076667,601.412,446.08139467245815,540.056,444.14468969785776,520.787,306.2430660959369,307.35699999999997,0.5758336865678547,0.96
graetz_capuano366_prescribed,E77,2650.0,13.852,377.7112735492258,564.4639999999999,433.2121185336293,622.393,445.95160469682577,572.0709999999999,433.4156557248501,601.489,446.13543199173847,540.654,444.2065988070234,521.481,306.3446219592445,307.48499999999996,0.5761745922674043,0.959
graetz_capuano366_prescribed,E77,2700.0,13.852,377.78008734452277,565.156,433.2479939340093,623.011,445.995742025897,572.5229999999999,433.4513189846582,601.952,446.17925150921525,541.159,444.25891300913645,522.125,306.4436762582459,307.618,0.5764002174638582,0.964
graetz_capuano366_prescribed,E77,2750.0,13.852,377.85557532268234,565.7139999999999,433.31343784258854,623.1479999999999,446.0482653112563,572.94,433.51667903840655,602.056,446.2315340245798,541.7139999999999,444.3113049232948,522.7249999999999,306.5405760993938,307.738,0.5767087576049944,0.969
graetz_capuano366_prescribed,E77,2800.0,13.847000000000001,377.92218548538557,565.164,433.39315691411156,623.199,446.1201589630883,573.414,433.5963567142727,602.29,446.30328124257255,542.271,444.37614010272904,523.362,306.6355326387997,307.85799999999995,0.5766415802452302,0.969
graetz_capuano366_prescribed,E77,2850.0,13.857000000000001,377.91484355597214,565.313,433.44973693496485,623.4359999999999,446.19804793077856,573.673,433.6527247529691,602.511,446.38102149624723,542.645,444.45272219357605,523.848,306.72856389253394,307.94399999999996,0.5777248332211672,0.981
graetz_capuano366_prescribed,E77,2900.0,13.850999999999999,377.95130057629234,565.319,433.4688640416722,623.03,446.25281027104256,573.904,433.67158439450424,602.276,446.4355371245166,543.0,444.51834602927903,524.3299999999999,306.8196288897427,308.06899999999996,0.5773857225131848,0.981
graetz_capuano366_prescribed,E77,2950.0,13.864999999999998,377.94510328869,564.928,433.49136987028237,623.1379999999999,446.29129020675754,574.0519999999999,433.6938140503229,602.3879999999999,446.47373445704187,543.287,444.56884902491515,524.739,306.9088416808532,308.18499999999995,0.5786793931290853,0.976
graetz_capuano366_prescribed,E77,3000.0,13.852,377.9854772694621,564.679,433.50487024467145,622.6669999999999,446.31940235074916,574.156,433.70711756673757,602.0139999999999,446.501566915442,543.528,444.60635138028005,525.13,306.99627958019954,308.27599999999995,0.5776967123438054,0.984
graetz_capuano366_prescribed,E77,3041.0,13.85,378.0078145091102,565.544,433.5501480432868,623.3499999999999,446.3510261913829,574.299,433.75235622967585,602.429,446.53303428104556,543.727,444.6373398612152,525.356,307.0666481810641,308.37,0.5777002208985601,0.978
graetz_fd361_equal_open,E67,0.0,15.279999999999998,293.3685,296.62199999999996,293.3685,296.25,293.3685,296.35299999999995,293.3685,296.22499999999997,293.3685,296.43399999999997,293.3685,296.686,293.3685,293.39799999999997,0.07633055311599801,0.146
graetz_fd361_equal_open,E67,50.0,15.271,475.40331541821007,383.55999999999995,468.10274418011875,341.47999999999996,370.64630778740514,308.99899999999997,468.993688666021,316.138,370.9687244235,300.25399999999996,340.91823237677204,299.786,293.37000484545035,293.414,0.7853759858199514,0.316
graetz_fd361_equal_open,E67,100.0,15.279,490.5432674622177,540.75,583.4653888411304,473.256,498.08554043951517,376.486,584.8413632885929,420.83,498.887613463142,346.76099999999997,435.13416289675934,327.39099999999996,293.3836854018746,293.438,1.3054990268665432,0.6
graetz_fd361_equal_open,E67,150.0,15.276,493.73059191243044,664.299,622.0203767058084,589.1769999999999,589.7984818388765,445.365,623.4654540130754,529.854,590.951766151558,403.433,527.0136569984345,354.489,293.43486688539963,293.471,1.5967798767807997,0.864
graetz_fd361_equal_open,E67,200.0,15.274999999999999,494.8913253766254,748.8409999999999,635.0250175656232,676.7909999999999,633.5651409083013,499.078,636.415478187608,618.247,634.821931649638,448.715,586.2881127351873,378.13699999999994,293.56214687044474,293.50899999999996,1.7342723821426893,1.033
graetz_fd361_equal_open,E67,250.0,15.288000000000002,495.4067700989894,809.804,640.630113053542,746.2349999999999,652.9856194183124,544.2439999999999,641.9523098921791,691.87,654.226310417412,487.053,618.844513582201,398.99399999999997,293.8030532257737,293.53999999999996,1.8008925397896443,1.192
graetz_fd361_equal_open,E67,300.0,15.274000000000001,495.9014501551163,854.7379999999999,643.8009015254559,803.725,662.7491984456741,584.703,645.0646669018665,752.739,663.942123483527,521.4689999999999,637.1422758860182,420.99299999999994,294.1829053950671,293.59299999999996,1.8336363435598475,1.326
graetz_fd361_equal_open,E67,350.0,15.269,496.3048270884641,882.3009999999999,646.1083928754095,844.107,668.6969536629726,616.0509999999999,647.3261914942502,795.891,669.8416129876882,548.444,648.6262209291792,442.34799999999996,294.7113068289309,293.645,1.855595864937805,1.439
graetz_fd361_equal_open,E67,400.0,15.283999999999999,496.46536007713337,903.242,647.7782191601432,877.372,672.8913391170566,644.2819999999999,648.9585590635152,831.799,673.994332260134,572.938,656.6925990208529,461.29599999999994,295.38381390410564,293.70799999999997,1.8739973863653816,1.538
graetz_fd361_equal_open,E67,450.0,15.280000000000001,496.68395808121176,918.233,648.9877565888808,900.886,675.9860172392293,666.63,650.1367821021993,857.492,677.0533503042873,592.479,662.7000153506958,478.52299999999997,296.1858435219609,293.78099999999995,1.8853016009226824,1.614
graetz_fd361_equal_open,E67,500.0,15.284,496.85715441011234,930.434,650.0309041917045,919.933,678.3971783427198,685.787,651.1542200410152,878.2909999999999,679.4341738302857,609.479,667.349635573644,494.013,297.09685033944606,293.83799999999997,1.895560706383776,1.707
graetz_fd361_equal_open,E67,550.0,15.283,497.0292520910608,938.485,650.8973733955997,935.644,680.3761267885177,703.467,651.9987811226283,895.824,681.3872888997797,625.688,671.0903228632058,510.158,298.09381426649145,293.935,1.9033441591203504,1.761
graetz_fd361_equal_open,E67,600.0,15.276000000000002,497.25431986185305,945.481,651.6955414956727,947.425,682.0480300689075,718.056,652.7783784683111,908.976,683.0369322290088,639.185,674.175050615715,522.261,299.15375530645184,294.03099999999995,1.9092177418885745,1.819
graetz_fd361_equal_open,E67,650.0,15.271,497.46944956707944,950.697,652.4625845046293,957.418,683.5300350191078,730.835,653.5295528035729,919.996,684.4997739604679,651.1659999999999,676.7947388147701,536.413,300.2554277358196,294.145,1.914778100733991,1.877
graetz_fd361_equal_open,E67,700.0,15.281,497.5566319135051,955.255,653.0919859286718,966.3199999999999,684.8478032948182,743.392,654.1445011893611,930.026,685.8007076133988,663.016,679.0701601655596,550.509,301.3801599440787,294.32599999999996,1.9217395059671212,1.934
graetz_fd361_equal_open,E67,750.0,15.285999999999998,497.6260583539396,955.7379999999999,653.5423349050557,972.053,685.9469063965155,753.972,654.5812315326914,936.941,686.88432154187,673.497,681.0143521520076,562.942,302.5122623377963,294.496,1.9267984497739952,1.981
graetz_fd361_equal_open,E67,800.0,15.292000000000002,497.681794799139,959.4789999999999,653.9244779189368,977.4549999999999,686.8570268964352,763.094,654.9510744166564,942.962,687.7800942899752,682.845,682.6498503441153,574.229,303.6389379861065,294.692,1.9313293954542234,2.029
graetz_fd361_equal_open,E67,850.0,15.281,497.88412551450426,961.689,654.3320413228208,982.935,687.6622497712333,772.385,655.3479507023535,949.114,688.5723404308897,692.27,684.0503781487182,586.5219999999999,304.75001679245423,294.95399999999995,1.933091746590553,2.07
graetz_fd361_equal_open,E67,900.0,15.277,498.0729679332204,962.116,654.8379715131583,986.364,688.4658868121726,780.284,655.8449591034691,953.384,689.3646972338634,700.508,685.3205476463061,596.6769999999999,305.8377690440786,295.22999999999996,1.9362222127563817,2.108
graetz_fd361_equal_open,E67,950.0,15.287999999999998,498.1002129773732,963.689,655.2368020125689,989.629,689.2515291911487,787.754,656.2350766764035,957.206,690.1403171472955,708.5129999999999,686.5168809438462,606.607,306.8964998114494,295.532,1.9411859705599372,2.139
graetz_fd361_equal_open,E67,1000.0,15.282,498.18198913380866,965.2819999999999,655.5172180657078,994.1569999999999,689.9130629598541,794.189,656.5069492514883,961.788,690.7921926340666,715.48,687.5776631925601,614.825,307.92205828821915,295.83,1.9428121058629477,2.183
graetz_fd361_equal_open,E67,1050.0,15.291,498.17292480472065,963.408,655.785065145006,997.732,690.4869381490377,801.0699999999999,656.7670464155766,964.0079999999999,691.3569704406392,723.037,688.4978753430844,622.938,308.9116319321827,296.166,1.9465077931624952,2.222
graetz_fd361_equal_open,E67,1100.0,15.279,498.2739878916998,963.127,656.0172674514885,998.2529999999999,690.9956542264175,807.693,656.9920436012153,966.021,691.8571850082253,730.351,689.3083372053045,631.546,309.86351351991743,296.543,1.946648544158203,2.238
graetz_fd361_equal_open,E67,1150.0,15.279,498.32746886581106,960.8299999999999,656.3200497704701,997.732,691.495451531838,812.467,657.288729511916,966.443,692.3493500213234,735.948,690.0483717688038,638.8399999999999,310.77686111617516,296.935,1.9488603142156689,2.272
graetz_fd361_equal_open,E67,1200.0,15.278999999999998,498.3395228572235,959.7379999999999,656.5489881614697,997.293,691.9802286839649,816.3919999999999,657.5116235520794,966.6179999999999,692.8271643582349,740.795,690.7506870734087,645.547,311.6515075218409,297.36499999999995,1.9507438913595148,2.3
graetz_fd361_equal_open,E67,1250.0,15.276,498.4019056187525,959.459,656.7475007987698,998.155,692.4048437591043,820.221,657.7044574717206,967.732,693.2451140256117,745.568,691.3842901727628,651.79,312.48787486805713,297.842,1.9519774859309869,2.315
graetz_fd361_equal_open,E67,1300.0,15.281999999999998,498.4203585262972,958.593,656.9331789565874,999.324,692.7889994794996,824.156,657.8848818428778,969.259,693.6230085916369,750.065,691.9529866343582,657.969,313.286948759703,298.337,1.9544882239791326,2.35
graetz_fd361_equal_open,E67,1350.0,15.272,498.54903390992314,959.971,657.1206291097818,1000.691,693.1410800840936,827.909,658.0675557855614,970.793,693.9692308333516,754.442,692.4669564543542,663.902,314.0500242526336,298.86499999999995,1.9544504586597151,2.365
graetz_fd361_equal_open,E67,1400.0,15.267000000000001,498.70107451229694,961.14,657.407280681188,1001.857,693.5187109702548,831.9259999999999,658.3504480235597,972.268,694.341738015743,758.939,692.9600265814877,670.017,314.7785556472146,299.448,1.9556096121577968,2.39
graetz_fd361_equal_open,E67,1450.0,15.278,498.70466719609453,959.132,657.62576540482,1002.353,693.9146247135513,835.31,658.5649904028459,973.086,694.7330924688019,763.0429999999999,693.463492847329,675.245,315.47411813086387,300.01399999999995,1.9590209719792715,2.412
graetz_fd361_equal_open,E67,1500.0,15.276,498.7683923015134,960.8729999999999,657.7361516737111,1003.879,694.2297593830284,838.6809999999999,658.6711106174391,974.5799999999999,695.043527796398,767.0519999999999,693.9168936231349,680.717,316.1383201839033,300.644,1.9598808498880618,2.425
graetz_fd361_equal_open,E67,1550.0,15.28,498.8151044397377,960.36,657.8773300432276,1003.5219999999999,694.4917357572467,841.977,658.8086264938897,974.894,695.3009248696054,770.9179999999999,694.2984050060472,685.712,316.7727913991381,301.243,1.9616734152662048,2.445
graetz_fd361_equal_open,E67,1600.0,15.272,498.9368309439926,958.961,658.0378872862789,1003.0849999999999,694.751486462108,844.481,658.965953802083,974.788,695.556526275364,774.1279999999999,694.6493012327767,690.2339999999999,317.37910960912495,301.84999999999997,1.9616355650692645,2.462
graetz_fd361_equal_open,E67,1650.0,15.286,498.86766352713914,957.069,658.1791496667308,1002.448,695.0186380260561,846.79,659.1041006616641,974.446,695.8199574078551,777.208,694.994482606013,694.6769999999999,317.9587046315668,302.51099999999997,1.964909777788761,2.46
graetz_fd361_equal_open,E67,1700.0,15.264000000000001,499.01686381465663,955.092,658.2839467919763,1000.703,695.242548769324,848.728,659.2058352215478,973.215,696.0401792776299,779.741,695.30773546566,698.333,318.5128111943179,303.11699999999996,1.9623491408944687,2.482
graetz_fd361_equal_open,E67,1750.0,15.289999999999997,498.8599318874433,954.569,658.4145881904224,999.749,695.4762277486182,850.108,659.333808748065,972.321,696.2705870450219,781.96,695.604621839836,701.8389999999999,319.0426494444158,303.736,1.9673685110462054,2.48
graetz_fd361_equal_open,E67,1800.0,15.275,498.8847123019565,954.257,658.3725862523326,999.802,695.6257048789569,851.733,659.2882905094763,972.346,696.4165022293398,784.309,695.8588276192254,705.354,319.5493945284817,304.39799999999997,1.9651739353310589,2.489
graetz_fd361_equal_open,E67,1850.0,15.280000000000001,498.86773415541154,955.423,658.46446983726,1000.2869999999999,695.7494695352204,853.41,659.3778566400233,972.794,696.5369136164611,786.5849999999999,696.0514898728088,708.4549999999999,320.03417016824864,305.012,1.966563525788973,2.507
graetz_fd361_equal_open,E67,1900.0,15.271,498.9431155115018,956.5889999999999,658.5458015241036,1001.2049999999999,695.9026083927877,855.321,659.4569487455256,973.619,696.6871951138291,788.891,696.24984593803,711.199,320.498149261415,305.64099999999996,1.9657905561307358,2.519
graetz_fd361_equal_open,E67,1950.0,15.286,498.8948395696383,955.79,658.623256077171,1002.038,696.0609949362879,857.5169999999999,659.5322817450626,974.564,696.8429901281617,791.4449999999999,696.4536263769869,714.434,320.94262709421514,306.32899999999995,1.9688090626568537,2.529
graetz_fd361_equal_open,E67,2000.0,15.283000000000001,498.92330179722615,954.0029999999999,658.6145620928874,1001.9,696.1692522853592,859.3389999999999,659.52109602106,974.6419999999999,696.9485218302764,793.648,696.6300765519009,717.367,321.3689112384687,306.96999999999997,1.968596276675418,2.552
graetz_fd361_equal_open,E67,2050.0,15.283999999999999,498.9899765083012,952.7099999999999,658.6853224374141,1001.518,696.2619067312831,860.814,659.5900936441515,974.4119999999999,697.0386078937728,795.635,696.7700702142727,720.104,321.7781728315582,307.613,1.9692990527515604,2.55
graetz_fd361_equal_open,E67,2100.0,15.279,499.09525909553645,953.5169999999999,658.803402031076,1001.712,696.3950629155928,862.091,659.7068063081048,974.4929999999999,697.1696818693995,797.485,696.9228837197978,722.6320000000001,322.17156206613265,308.293,1.9692892918297127,2.578
graetz_fd361_equal_open,E67,2150.0,15.281000000000002,499.15447692522366,954.617,658.9425849471049,1001.542,696.5652768264046,863.542,659.8448041452834,974.592,697.3381986657034,799.309,697.1051612473124,724.988,322.5500585859472,308.94,1.970517519039801,2.574
graetz_fd361_equal_open,E67,2200.0,15.283000000000001,499.17345816358767,952.0889999999999,659.0266028770757,1001.03,696.7293748016527,864.771,659.9273434531972,974.2049999999999,697.5006511545974,801.012,697.2972295811633,727.544,322.91455473409394,309.602,1.971513310274191,2.588
graetz_fd361_equal_open,E67,2250.0,15.278999999999998,499.22139215010645,952.5509999999999,659.1003124010603,1000.208,696.8631830789359,865.6659999999999,659.9996422626756,973.494,697.6327345693393,802.425,697.4679679413903,729.6089999999999,323.26579357843116,310.21799999999996,1.971462842973545,2.595
graetz_fd361_equal_open,E67,2300.0,15.283999999999999,499.22198370838805,950.836,659.17009281992,999.5509999999999,696.986932518728,866.4019999999999,660.0680991184109,972.929,697.7548472765222,803.709,697.6222942124178,731.569,323.60448351903943,310.83,1.972795062543463,2.595
graetz_fd361_equal_open,E67,2350.0,15.271,499.337301685297,950.7719999999999,659.2582895668686,999.535,697.103471020688,867.215,660.1552058212326,972.891,697.8698415184612,805.009,697.7646105044673,733.453,323.931335185688,311.46799999999996,1.971350737307747,2.61
graetz_fd361_equal_open,E67,2400.0,15.277,499.3480621135677,949.99,659.3970160371998,999.3349999999999,697.2546610422739,868.174,660.2932150394817,972.744,698.0198527967918,806.313,697.920159575741,735.324,324.2470098023698,312.058,1.973126620937391,2.606
graetz_fd361_equal_open,E67,2450.0,15.291,499.22947738796574,948.415,659.3687796701697,998.304,697.3685678398093,868.793,660.2632279137656,971.823,698.1323950432807,807.472,698.0753393648895,736.95,324.552118773423,312.635,1.9754615149955432,2.619
graetz_fd361_equal_open,E67,2500.0,15.286999999999999,499.23492710971493,949.93,659.2842497671097,998.3,697.3748432169018,869.323,660.1768284351554,971.576,698.1367274872198,808.4359999999999,698.1539177216725,738.574,324.847214069717,313.253,1.9745915512129275,2.623
graetz_fd361_equal_open,E67,2550.0,15.281,499.32062032930895,950.8629999999999,659.3389729512064,999.054,697.3873531982458,870.217,660.2307619955027,972.1469999999999,698.1475834600761,809.571,698.1896320003974,740.123,325.1328562539467,313.80899999999997,1.9739244258884705,2.644
graetz_fd361_equal_open,E67,2600.0,15.280000000000001,499.38127495691464,951.547,659.4533760609515,999.8829999999999,697.4796867530484,871.331,660.3447376806291,972.901,698.2389396152231,810.9,698.2681212194022,741.78,325.4095647819622,314.41499999999996,1.974395192265284,2.646
graetz_fd361_equal_open,E67,2650.0,15.276,499.456246548555,952.322,659.5594712647664,1000.2049999999999,697.6068384414087,872.4159999999999,660.4503175949241,973.263,698.3653619170233,812.178,698.3905046361315,743.4369999999999,325.677835427918,314.96799999999996,1.9744480279322247,2.646
graetz_fd361_equal_open,E67,2700.0,15.293,499.36197401546923,950.365,659.5840993591819,999.963,697.7151227878046,873.252,660.4739148062256,973.2049999999999,698.4727986982449,813.3249999999999,698.5190079775617,744.865,325.93813686486163,315.508,1.9774583930872631,2.64
graetz_fd361_equal_open,E67,2750.0,15.277,499.47858336777006,949.35,659.5664152034507,999.095,697.7508057024764,873.845,660.4550775475736,972.489,698.5072138300527,814.295,698.5996998707471,746.278,326.19091845765433,316.078,1.9750178819757744,2.654
graetz_fd361_equal_open,E67,2800.0,15.27,499.6326899602366,947.946,659.7516546510927,998.558,697.8398061074034,874.2049999999999,660.6405432619591,971.971,698.5954521405203,815.009,698.6740159072974,747.461,326.43662501128915,316.616,1.9748403258556402,2.661
graetz_fd361_equal_open,E67,2850.0,15.289000000000001,499.519241808993,948.2139999999999,659.8341426827998,998.358,697.9934404796826,874.54,660.7224565184572,971.699,698.7487684696896,815.673,698.8130451710435,748.614,326.6756663137076,317.13199999999995,1.978420320043309,2.663
graetz_fd361_equal_open,E67,2900.0,15.284,499.50093368929083,948.404,659.7505268105474,998.432,698.0418937215679,875.098,660.6373049774983,971.762,698.796167944407,816.438,698.9177195749533,749.8820000000001,326.9082711246004,317.662,1.9774423317193701,2.666
graetz_fd361_equal_open,E67,2950.0,15.281,499.5074485713882,946.838,659.7677393105015,998.067,698.0453181171162,875.509,660.6538440065062,971.437,698.7984095613501,817.115,698.9535606190041,751.028,327.1345951442145,318.145,1.9770306722983526,2.686
graetz_fd361_equal_open,E67,3000.0,15.28,499.5277722100721,945.62,659.8058013333514,998.304,698.0870053815784,876.05,660.6913778761289,971.6329999999999,698.8392952187858,817.889,698.9971229273527,751.943,327.35476089410054,318.652,1.9771011451643368,2.695
graetz_fd361_equal_open,E67,3050.0,15.282,499.54737651908573,947.942,659.8380673263563,998.97,698.1388244939046,876.524,660.7230942852509,972.026,698.8904259665148,818.6089999999999,699.0560284781088,752.847,327.5691044890338,319.13399999999996,1.9776786445489574,2.697
graetz_fd361_equal_open,E67,3100.0,15.278,499.6125997951579,946.183,659.8850037219194,999.471,698.1911345749859,877.3389999999999,660.7696046729425,972.59,698.9420896359868,819.4929999999999,699.1158600274107,753.822,327.7780191584022,319.59799999999996,1.9773729669927125,2.71
graetz_fd361_equal_open,E67,3150.0,15.289,499.5921991095431,947.278,659.9170136671595,999.0939999999999,698.2491062323153,877.976,660.8010952244554,972.338,698.9994914203122,820.345,699.1807603389677,755.016,327.9818749169015,320.12399999999997,1.979398230451042,2.709
graetz_fd361_equal_open,E67,3200.0,15.281,499.6634568774509,946.712,659.9225372494191,998.256,698.2816862482968,878.293,660.8059810805833,971.739,699.0313609834859,820.92,699.2326404665107,755.913,328.1810297974479,320.575,1.9782715516709066,2.716
graetz_fd361_equal_open,E67,3250.0,15.283,499.7000025773418,946.56,660.0016561669868,997.847,698.333195194764,878.362,660.8849735471783,971.3,699.0823559774644,821.3059999999999,699.28222443088,756.631,328.3756812288484,321.03999999999996,1.9790141868468072,2.732
graetz_fd361_equal_open,E67,3300.0,15.279,499.758669085224,947.1229999999999,660.0656367050186,997.579,698.4099935946311,878.6089999999999,660.9486949262962,971.0,699.1588237366011,821.7379999999999,699.3539207070028,757.373,328.56598910446274,321.50699999999995,1.9787994606012385,2.721
graetz_fd361_equal_open,E67,3350.0,15.272,499.8450212849962,945.468,660.1749968564784,997.482,698.5023300041338,878.8199999999999,661.058090488762,970.9019999999999,699.2509323318698,822.167,699.4391072853178,758.0419999999999,328.75211635551165,321.94399999999996,1.9783039274689225,2.715
graetz_fd361_equal_open,E67,3400.0,15.289,499.7334799841875,942.838,660.2062759617686,996.877,698.5990164180837,879.087,661.0888553957523,970.444,699.3474071183551,822.624,699.5392832983032,758.7639999999999,328.9341723190415,322.38899999999995,1.9812813686548014,2.726
graetz_fd361_equal_open,E67,3450.0,15.284,499.7023215888048,944.692,660.1121549605973,996.117,698.6048966242937,879.1039999999999,660.9935184946731,969.77,699.3524698399375,822.9069999999999,699.5940857140492,759.396,329.11222709628345,322.77299999999997,1.9801532046165686,2.719
graetz_fd361_equal_open,E67,3500.0,15.283000000000001,499.70396851246215,943.771,660.1062751756922,996.322,698.5794464533757,879.177,660.987156333585,969.855,699.3261317891928,823.1519999999999,699.5934997623408,759.736,329.2862796682666,323.16999999999996,1.9799248096645052,2.721
graetz_fd361_equal_open,E67,3550.0,15.276000000000002,499.7762634770611,944.607,660.1530979131484,996.293,698.5978144737231,879.411,661.0338429950708,969.709,699.3440084342948,823.495,699.6049552248054,760.3009999999999,329.45641613757044,323.56399999999996,1.9790457706435083,2.732
graetz_fd361_equal_open,E67,3600.0,15.290000000000003,499.71830363979575,944.8389999999999,660.1798417894838,997.088,698.6448786760155,879.794,661.0602711097258,970.3489999999999,699.3907866853964,823.967,699.6470928506844,760.7919999999999,329.6228682566671,323.986,1.9814712520037876,2.744
graetz_fd361_equal_open,E67,3650.0,15.286000000000001,499.74918719797546,943.7909999999999,660.1281005574639,997.481,698.6478216965396,880.332,661.0077454638741,970.731,699.3931335493039,824.55,699.6759867696624,761.45,329.7859033426172,324.371,1.980708880842207,2.744
graetz_fd361_equal_open,E67,3700.0,15.273,499.9084201546584,944.542,660.2256201815966,996.97,698.6648975541752,880.832,661.1055199607559,970.539,699.4097793249176,825.101,699.6877424413889,762.155,329.94574126006745,324.76599999999996,1.979114768512539,2.751
graetz_fd361_equal_open,E67,3750.0,15.275999999999998,499.9536733846901,943.56,660.387458782348,995.617,698.7781843356111,880.688,661.2678976397171,969.3439999999999,699.5232897848573,825.312,699.7592373772537,762.6869999999999,330.1025406862455,325.17199999999997,1.9804115120609809,2.74
graetz_fd361_equal_open,E67,3800.0,15.282,499.91578704594315,944.3199999999999,660.4169369885101,995.655,698.8897086997299,880.5079999999999,661.2969593301223,969.244,699.6349127478333,825.357,699.8700209661181,763.005,330.25636431397965,325.522,1.9816950738599175,2.744
graetz_fd361_equal_open,E67,3850.0,15.290000000000001,499.8607428102026,940.545,660.3530474015804,994.0799999999999,698.9097164010328,880.6419999999999,661.2321490796787,968.088,699.6543764412894,825.591,699.932159430697,763.524,330.4073125026447,325.881,1.9828126867847744,2.75
graetz_fd361_equal_open,E67,3900.0,15.283000000000001,499.9081249146542,939.569,660.3184450677161,992.978,698.8772065259454,879.994,661.196969764195,966.722,699.621080096418,825.341,699.9319029121536,763.718,330.55553889346356,326.238,1.9815526084321737,2.742
graetz_fd361_equal_open,E67,3929.0,15.295,499.8442815870518,931.6279999999999,660.3214127356974,991.103,698.8671952132731,878.055,661.1997761740715,966.6659999999999,699.6107314678018,824.995,699.926143072759,763.414,330.64028091100147,326.43699999999995,1.9834503101747223,2.712
graetz_fd361_equal_open,E72,0.0,19.503,294.0745,295.56,294.0745,294.102,294.0745,294.015,294.0745,294.229,294.0745,294.226,294.07449999999994,294.17999999999995,294.0745,294.07599999999996,0.2708361170462087,0.255
graetz_fd361_equal_open,E72,50.0,19.479,398.16644670814156,373.46,408.531275185711,362.34299999999996,353.47558066787184,324.21099999999996,409.0711546428032,328.62899999999996,353.7097177737529,307.11899999999997,334.48148460237417,304.986,294.07547859209,294.07399999999996,0.8235432012794721,0.471
graetz_fd361_equal_open,E72,100.0,19.45,404.51364736688026,453.884,463.4960461867516,454.865,433.44858048086564,387.39599999999996,464.19880606365706,404.428,433.94221202936353,351.84299999999996,402.5273542803751,338.248,294.0844473948302,294.046,1.1414411996888831,0.724
graetz_fd361_equal_open,E72,150.0,19.411,405.88052775639403,515.521,477.8460997308488,527.652,474.00054536674224,439.84399999999994,478.53482705839076,472.907,474.59253765078523,393.721,449.35271856987606,364.9,294.1170265353448,294.043,1.2728991405197592,0.932
graetz_fd361_equal_open,E72,200.0,19.372,406.52975776396886,566.458,482.56507258799,587.3820000000001,489.42814456910935,484.692,483.21371772882276,532.14,490.0147261596516,430.62699999999995,472.2096920898668,387.02099999999996,294.194755207134,294.056,1.3220269591839222,1.118
graetz_fd361_equal_open,E72,250.0,19.331,407.0157553889449,600.6179999999999,484.96019057711715,631.105,496.1228289872072,519.356,485.57428748741324,576.909,496.6795907500671,459.476,483.5499517549106,407.085,294.336482934459,294.08,1.3431754293171252,1.266
graetz_fd361_equal_open,E72,300.0,19.286,407.45915779880306,625.5519999999999,486.6214855377019,662.649,499.94390983024687,546.762,487.2092516505996,610.781,500.47181180881364,483.17499999999995,490.21894465666907,423.78,294.55327408810166,294.12,1.3544119159614625,1.382
graetz_fd361_equal_open,E72,350.0,19.266000000000002,407.76544237853216,644.915,487.8885145068559,688.435,502.60747708785254,570.3979999999999,488.4559196035604,638.979,503.1117465672641,503.76099999999997,494.80311901490336,441.294,294.84764311896464,294.154,1.3636960088980243,1.482
graetz_fd361_equal_open,E72,400.0,19.227999999999998,408.0977304319893,660.424,488.88893348763156,707.871,504.6081329497672,588.377,489.44015303730805,660.075,505.09321548890006,519.235,498.2090567562709,455.501,295.21512778069655,294.215,1.3686744070679284,1.563
graetz_fd361_equal_open,E72,450.0,19.202,408.3853634517073,671.613,489.7776501621926,722.509,506.2304300648928,603.733,490.31598964095775,676.726,506.69996637768486,532.96,500.885261853022,470.66999999999996,295.6467836278732,294.27099999999996,1.3734350257872057,1.636
graetz_fd361_equal_open,E72,500.0,19.173,408.66986173718976,681.039,490.5429631565779,734.97,507.5920374139771,617.3599999999999,491.07060119141624,690.972,508.0487254597669,545.644,503.071145314252,484.707,296.13126734580726,294.344,1.37680922620682,1.717
graetz_fd361_equal_open,E72,550.0,19.139,408.9670219211293,687.9459999999999,491.2604601099284,744.2629999999999,508.7731916350595,628.391,491.7792307349911,701.685,509.2191057179751,556.144,504.90044245787874,496.54499999999996,296.656594271836,294.423,1.3790609142875108,1.762
graetz_fd361_equal_open,E72,600.0,19.088,409.328549465572,693.515,491.9961065299374,751.25,509.8611375609288,637.449,492.5076422247033,709.749,510.29805888650407,565.315,506.49025603797617,507.08,297.2112098291389,294.52099999999996,1.3794673014837422,1.8
graetz_fd361_equal_open,E72,650.0,19.037000000000003,409.70456262385284,698.5070000000001,492.77587482162517,756.723,510.92990449371024,645.352,493.2815335132527,716.5409999999999,511.35943623390045,573.3820000000001,507.9436870145188,516.4449999999999,297.78471084356636,294.62699999999995,1.3799294804077415,1.857
graetz_fd361_equal_open,E72,700.0,18.988999999999997,410.08719173343417,704.932,493.5445940416,763.856,511.9757624548009,653.028,494.04520325807243,724.288,512.3990857046066,581.29,509.30325279545076,525.539,298.3681046891764,294.76,1.3805745882367544,1.908
graetz_fd361_equal_open,E72,750.0,18.967000000000002,410.35579982370587,707.6379999999999,494.22059663888365,768.467,512.9540906525785,659.949,494.71645086783093,729.995,513.3719148049315,588.575,510.56036197951164,533.712,298.95412365017916,294.892,1.383223601092885,1.938
graetz_fd361_equal_open,E72,800.0,18.92,410.66139608252894,708.393,494.81518291367433,770.241,513.8121737333826,665.681,495.306582964989,733.479,514.2248098159097,594.95,511.67167738774924,541.6469999999999,299.5367996804165,295.019,1.382811696614145,1.972
graetz_fd361_equal_open,E72,850.0,18.894000000000002,410.8866816521985,710.553,495.3937786431668,770.93,514.6159151017451,669.906,495.8812422214713,735.2629999999999,515.0239032903095,600.3009999999999,512.6792384442165,548.774,300.11142310541413,295.178,1.3842264837250882,2.006
graetz_fd361_equal_open,E72,900.0,18.884999999999998,410.9980040065757,711.989,495.81626360576496,772.8779999999999,515.3160688662423,673.469,496.2995794980961,737.701,515.7195958387512,604.787,513.5818148095866,554.634,300.67433137551075,295.34499999999997,1.386472905286901,2.044
graetz_fd361_equal_open,E72,950.0,18.852999999999998,411.1535123528527,713.896,496.1678208258451,774.5039999999999,515.8813916212507,677.169,496.64720811527013,740.002,516.2804621381027,609.28,514.335738462177,560.228,301.22279122949783,295.501,1.3858751685701913,2.057
graetz_fd361_equal_open,E72,1000.0,18.839000000000002,411.2602028630407,717.2090000000001,496.5199208833303,777.149,516.4029579799557,680.702,496.99585368730914,742.7159999999999,516.7979810148124,613.44,515.0025394003576,565.664,301.75484458610055,295.67699999999996,1.386942750966735,2.066
graetz_fd361_equal_open,E72,1050.0,18.809,411.39306775055553,719.933,496.8383343246104,779.527,516.8802076572921,684.7829999999999,497.31105235994573,745.646,517.2714910436282,617.928,515.6070322990792,571.3489999999999,302.2691587776657,295.899,1.3861765104954458,2.109
graetz_fd361_equal_open,E72,1100.0,18.796,411.50571772384484,721.0909999999999,497.15212767865125,781.153,517.3357970424642,688.1279999999999,497.6219535168505,747.813,517.7236950089225,621.819,516.1673461059783,576.26,302.7649254689005,296.114,1.387066026251174,2.121
graetz_fd361_equal_open,E72,1150.0,18.768,411.69216320220426,721.613,497.46199997059307,782.594,517.7620561272133,691.095,497.9292220610989,749.6769999999999,518.1468217956191,625.4449999999999,516.6856539806778,580.81,303.24190567383016,296.35299999999995,1.3864319859676977,2.155
graetz_fd361_equal_open,E72,1200.0,18.742,411.899732591024,724.1769999999999,497.8359455838977,784.7249999999999,518.2107514404019,694.277,498.3011127725533,752.06,518.5928415881677,629.142,517.1942839160085,585.413,303.7002790998456,296.628,1.3862771272345307,2.167
graetz_fd361_equal_open,E72,1250.0,18.707,412.1449023611192,724.68,498.24651215162595,785.3199999999999,518.6954364557259,696.92,498.7099721776957,753.2339999999999,519.0752918539907,632.577,517.7214020370782,589.245,304.1404101671217,296.89799999999997,1.3854296711791099,2.183
graetz_fd361_equal_open,E72,1300.0,18.69,412.3452337946239,726.819,498.6532305772674,787.651,519.200592149791,699.364,499.11510717014403,755.362,519.5785226867586,635.622,518.2651088361129,592.576,304.5628197204055,297.17699999999996,1.3864132998408984,2.205
graetz_fd361_equal_open,E72,1350.0,18.669,412.5393278680211,727.116,499.00413114382576,788.184,519.6695576930779,702.315,499.4643228463469,756.825,520.0455785116002,639.1569999999999,518.7864961228793,596.443,304.96818281010263,297.508,1.3867139386790188,2.224
graetz_fd361_equal_open,E72,1400.0,18.66,412.67273762386554,728.573,499.3121033959034,788.674,520.093227809791,704.068,499.77059689674877,757.512,520.4673363316693,641.707,519.2651346209868,599.887,305.3572163948038,297.82,1.3879317327617051,2.248
graetz_fd361_equal_open,E72,1450.0,18.651,412.77931117825926,728.538,499.54722567234234,789.1759999999999,520.4526302136476,705.915,500.0038832570569,758.3820000000001,520.8247449208563,644.1569999999999,519.6880062722516,603.03,305.73059160680424,298.133,1.388733284001403,2.28
graetz_fd361_equal_open,E72,1500.0,18.63,412.91590982671903,728.813,499.7830206247189,789.994,520.767510278589,707.636,500.2380664198132,759.3489999999999,521.1376648319559,646.391,520.055863528688,605.987,306.0889774146047,298.455,1.3882224708435982,2.286
graetz_fd361_equal_open,E72,1550.0,18.62,413.00355677130386,727.467,500.0219636475583,789.542,521.0830301774362,709.221,500.4755803217208,759.517,521.4514583166812,648.729,520.4083593726082,608.8340000000001,306.43297914002477,298.787,1.3887883068567808,2.296
graetz_fd361_equal_open,E72,1600.0,18.608,413.0713094966714,729.074,500.2088484077717,790.153,521.3678426598777,710.519,500.6609456774253,760.25,521.7345846827077,650.604,520.7379797255605,611.5360000000001,306.76313883749657,299.101,1.3888801523307124,2.301
graetz_fd361_equal_open,E72,1650.0,18.59,413.17446453340125,730.12,500.3976649867876,791.237,521.624017730081,711.967,500.8484211031553,761.266,521.9891270891073,652.578,521.0335184813503,613.903,307.0800125374477,299.429,1.388337605465972,2.314
graetz_fd361_equal_open,E72,1700.0,18.575,413.2883690086721,732.126,500.6128459633296,792.5409999999999,521.8865155525077,713.583,501.0625164226173,762.447,522.250201821997,654.608,521.3208796142228,616.208,307.3842388221347,299.74399999999997,1.388217994362443,2.328
graetz_fd361_equal_open,E72,1750.0,18.559,413.43264716759825,732.5619999999999,500.8371689795463,794.53,522.1589743857865,715.7349999999999,501.28589409372216,764.4749999999999,522.5214250208522,656.919,521.6128066040555,618.807,307.67653361404473,300.11699999999996,1.3880899782885328,2.34
graetz_fd361_equal_open,E72,1800.0,18.548000000000002,413.5727467012315,732.9849999999999,501.07140856958347,795.189,522.4379082514977,717.537,501.5193160374023,765.51,522.799271666252,659.105,521.90799240349,621.269,307.9576863448781,300.47799999999995,1.3885253905958996,2.365
graetz_fd361_equal_open,E72,1850.0,18.535,413.7113182614663,734.403,501.2954753909528,795.4979999999999,522.7136815204422,718.905,501.7425923089567,766.16,523.0740433546471,660.9369999999999,522.2013784423888,623.499,308.2284546128791,300.83299999999997,1.3887076073130182,2.371
graetz_fd361_equal_open,E72,1900.0,18.526,413.83050987031237,734.14,501.5083282868803,795.5319999999999,522.9796226637817,720.0519999999999,501.95468196588877,766.502,523.3390353090973,662.6289999999999,522.486039430626,625.679,308.48948880096384,301.222,1.3892221739521826,2.37
graetz_fd361_equal_open,E72,1950.0,18.503,413.9878132367329,733.7,501.7355188017725,794.035,523.2409055932668,720.483,502.1812584717734,765.506,523.5994453585623,663.8209999999999,522.7615086015334,627.38,308.74134291263294,301.58099999999996,1.3883513358278825,2.377
graetz_fd361_equal_open,E72,2000.0,18.49,414.1173600648553,733.575,501.98440751832146,793.433,523.5233369202554,720.825,502.4296890320667,765.1479999999999,523.8811940816947,664.652,523.0482561840104,628.9359999999999,308.9845196535404,301.926,1.3886013743589931,2.394
graetz_fd361_equal_open,E72,2050.0,18.481,414.21350533937215,732.991,502.1865062714421,793.621,523.7933886440782,721.1679999999999,502.6311568935041,765.134,524.1505664888739,665.575,523.3344964402875,630.194,309.21947058263265,302.30899999999997,1.3890486631106627,2.415
graetz_fd361_equal_open,E72,2100.0,18.483,414.2471402610639,734.7139999999999,502.3200052704007,794.953,524.011488968308,722.213,502.7637910600478,766.25,524.3678197606779,666.806,523.5849470649007,631.659,309.44663088721904,302.666,1.3902331918199429,2.408
graetz_fd361_equal_open,E72,2150.0,18.469,414.32003539351825,733.3019999999999,502.42480602236844,794.398,524.1726866278864,723.239,502.867721925444,766.3199999999999,524.5280164219278,668.218,523.7820411889328,633.285,309.66636290442466,303.01599999999996,1.3895712516568546,2.399
graetz_fd361_equal_open,E72,2200.0,18.455000000000002,414.3870959103606,733.1679999999999,502.5744930589345,794.2869999999999,524.3401981709936,723.602,503.0168525976245,766.189,524.6946938744696,669.0409999999999,523.963237796616,634.535,309.87897545540096,303.335,1.389044836058284,2.421
graetz_fd361_equal_open,E72,2250.0,18.452,414.41539900635604,735.1659999999999,502.6942555327613,794.446,524.5140453932922,724.135,503.1359694892833,766.367,524.867828446991,669.9839999999999,524.1516006784466,635.7929999999999,310.08467315376765,303.69399999999996,1.389540011224617,2.418
graetz_fd361_equal_open,E72,2300.0,18.436999999999998,414.4852342736032,733.492,502.80045151695856,794.7429999999999,524.6610174919042,724.8309999999999,503.2415346962605,766.693,525.0140366602461,670.951,524.3199993683493,636.846,310.2837285845261,304.03799999999995,1.3887309892257282,2.427
graetz_fd361_equal_open,E72,2350.0,18.442999999999998,414.5229557613199,733.7049999999999,502.90112021225974,795.1229999999999,524.8009177349816,725.515,503.3416121189651,767.067,525.1532280406232,671.909,524.476697976329,637.978,310.4764990450538,304.387,1.3900616166490276,2.423
graetz_fd361_equal_open,E72,2400.0,18.413,414.68835609514804,736.6579999999999,503.04146965877317,797.554,524.9357968865734,726.708,503.48162461813456,768.949,525.2874517891535,673.086,524.6214437828432,639.1479999999999,310.6634457138903,304.75399999999996,1.3878892111672716,2.45
graetz_fd361_equal_open,E72,2450.0,18.409999999999997,414.8040712040993,737.174,503.26120635434825,798.584,525.1425411844405,728.173,503.7013946433606,770.162,525.4939462740974,674.603,524.8095830136381,640.54,310.8449989955831,305.11499999999995,1.3888997726008783,2.461
graetz_fd361_equal_open,E72,2500.0,18.398,414.9167889570586,736.799,503.4306344153969,799.538,525.3539797023288,729.2909999999999,503.8705956171747,771.131,525.7051476162463,675.887,525.0226690235995,641.728,311.0215488430243,305.453,1.3888088774412082,2.455
graetz_fd361_equal_open,E72,2550.0,18.381,415.04620234752207,739.3199999999999,503.6228405803576,801.947,525.559814565269,730.723,504.06270917872325,773.044,525.9107346389698,677.304,525.2299685166859,642.983,311.1933976997455,305.817,1.3882718489192771,2.478
graetz_fd361_equal_open,E72,2600.0,18.38,415.10711691311735,740.728,503.7890977974593,804.242,525.7689471940536,732.555,504.22875789489876,775.211,526.1196578735227,678.999,525.4424200344488,644.3340000000001,311.3607686584124,306.13,1.389251113817314,2.477
graetz_fd361_equal_open,E72,2650.0,18.372,415.17460444719745,741.0319999999999,503.89821129789436,806.232,525.9340779128149,734.44,504.3374401747303,777.3489999999999,526.2843952819841,680.779,525.6285396226349,645.885,311.5238611510051,306.436,1.3892258567269518,2.489
graetz_fd361_equal_open,E72,2700.0,18.361,415.25417619541344,741.152,504.0246027691691,806.536,526.0788798425446,735.674,504.4635530674503,777.942,526.4287749159765,682.222,525.7865932603271,647.29,311.6828843587161,306.74199999999996,1.3889062292546352,2.49
graetz_fd361_equal_open,E72,2750.0,18.373,415.23731944245765,740.226,504.09670135900603,805.154,526.2099446438763,736.626,504.5351551113246,777.7729999999999,526.5594135680087,683.434,525.934983997253,648.9849999999999,311.83799671936555,307.067,1.3906808519055325,2.496
graetz_fd361_equal_open,E72,2800.0,18.361,415.28224343229095,738.3969999999999,504.12389615717586,802.654,526.2810120943084,735.736,504.56173148726316,775.578,526.6298332379481,683.4179999999999,526.037600467932,649.6479999999999,311.9893229583844,307.366,1.3897299369208032,2.499
graetz_fd361_equal_open,E72,2850.0,18.361,415.33153416503404,738.203,504.20159291569905,801.524,526.3568516982564,734.971,504.6391244453207,774.443,526.7051490218374,683.172,526.1229363476401,649.997,312.1370103404075,307.69,1.3902244826102392,2.493
graetz_fd361_equal_open,E72,2900.0,18.352,415.3969376033119,736.2349999999999,504.2848705294723,799.307,526.4488071323835,734.3399999999999,504.7221475509509,772.739,526.7967153042434,683.092,526.2189989745029,650.498,312.2812631978249,308.01,1.3898368888756107,2.479
graetz_fd361_equal_open,E72,2950.0,18.353,415.4451126363636,738.183,504.37182365730945,799.3729999999999,526.550382922699,733.822,504.80887880606963,772.392,526.8979827593986,682.8879999999999,526.3238748986239,650.567,312.42223032006285,308.32099999999997,1.3905202631757425,2.483
graetz_fd361_equal_open,E72,3000.0,18.344,415.51610026245316,739.169,504.45540052815386,800.636,526.6472441825242,734.064,504.89223758949385,773.082,526.9945363993354,683.1859999999999,526.4269665435754,650.887,312.56007872605966,308.628,1.3901540242383317,2.49
graetz_fd361_equal_open,E72,3050.0,18.339,415.58468680724167,737.7919999999999,504.56104449103526,800.3919999999999,526.7562347343693,734.894,504.99778169479885,773.443,527.1033055506648,684.045,526.5352869539263,651.824,312.6949399673791,308.926,1.3903035885658683,2.482
graetz_fd361_equal_open,E72,3100.0,18.333000000000002,415.6500411827759,737.963,504.6621750362498,798.812,526.8722458916943,734.5989999999999,505.09879232929654,772.135,527.2191414488126,684.2049999999999,526.6518680426569,652.367,312.82694022907157,309.24199999999996,1.3903430483212715,2.491
graetz_fd361_equal_open,E72,3150.0,18.326999999999998,415.7054685067245,737.231,504.76019357702603,798.288,526.9866398511302,734.231,505.19668634699974,771.567,527.3333641502273,684.15,526.7689488165233,652.662,312.9561817671249,309.55499999999995,1.3903536947362674,2.487
graetz_fd361_equal_open,E72,3200.0,18.317999999999998,415.78085970621964,738.578,504.8624015114717,797.723,527.1004258901478,733.992,505.2988031406296,771.04,527.4469909750301,684.18,526.8848902392391,652.896,313.0827390758439,309.84499999999997,1.3900870218751873,2.497
graetz_fd361_equal_open,E72,3214.0,18.316,415.7995795535211,737.656,504.8944731194288,797.899,527.1335295897392,733.977,505.3308677536043,771.112,527.4800591656311,684.1869999999999,526.917858753767,652.9549999999999,313.1177114447864,309.928,1.390077706458925,2.485
graetz_fd361_equal_open,E77,0.0,13.844999999999999,295.3565,310.26,295.3565,317.86199999999997,295.3565,319.984,295.3565,318.99399999999997,295.3565,321.865,295.3565,322.57,295.3565,308.08399999999995,0.019046895836749234,0.062
graetz_fd361_equal_open,E77,50.0,13.834,362.24967364037514,346.686,352.9861056728179,346.442,320.12699130423687,329.808,353.23577232010524,333.02299999999997,320.2239430274683,325.60999999999996,310.3997110586863,325.294,295.35695885704905,307.83299999999997,0.21584935335674293,0.137
graetz_fd361_equal_open,E77,100.0,13.829,370.7981451957007,383.27,394.41514010847715,392.364,361.3437531020885,358.804,394.7772369197869,369.07599999999996,361.5570140566539,344.88699999999994,341.2288975673665,339.876,295.3612430969259,307.59499999999997,0.3546156023909657,0.21
graetz_fd361_equal_open,E77,150.0,13.834,373.1552399916486,414.554,411.9585651317545,431.01599999999996,393.498037542285,386.082,412.3415095536826,403.24199999999996,393.7901514633632,365.55199999999996,372.01655326806696,355.041,295.3775715162954,307.33099999999996,0.43703465020102983,0.291
graetz_fd361_equal_open,E77,200.0,13.843,374.0348068074702,442.467,419.380202467916,465.436,412.0079342601223,410.928,419.75167084186216,435.465,412.32786746543786,385.241,393.6666196732299,368.95899999999995,295.41861301579286,307.09,0.48173205212226566,0.358
graetz_fd361_equal_open,E77,250.0,13.844999999999999,374.46850628511913,462.21899999999994,422.91582517851396,490.384,421.9704496254758,429.941,423.2694846827728,459.856,422.29023328953605,400.849,407.205595394576,380.08099999999996,295.49686870011374,306.88199999999995,0.5055551675673717,0.409
graetz_fd361_equal_open,E77,300.0,13.846,374.7520183749781,477.556,424.8855538023861,510.346,427.58127343989497,445.645,425.2227565089551,480.022,427.8907915505936,414.16599999999994,415.66680419703505,389.953,295.62091282734923,306.68399999999997,0.5193225552277627,0.447
graetz_fd361_equal_open,E77,350.0,13.841,374.9802445324485,490.54099999999994,426.1611832747645,526.992,431.0445469016661,459.188,426.48477737554106,496.95399999999995,431.34181231018505,425.93499999999995,421.23277624213813,399.06899999999996,295.7942029640948,306.491,0.527686590628289,0.497
graetz_fd361_equal_open,E77,400.0,13.834,375.1801229174878,501.03,427.09500445919065,540.175,433.4019113571804,470.032,427.40763111576615,510.437,433.68777838591876,435.388,425.1399853747098,406.751,296.01548585847127,306.32399999999996,0.5333211365992743,0.527
graetz_fd361_equal_open,E77,450.0,13.847999999999999,375.2980465774605,508.92099999999994,427.79848799213073,550.858,435.1355150461758,479.489,428.10207832573053,521.6949999999999,435.41149034775765,443.79699999999997,428.0523912442085,414.01699999999994,296.2800826676606,306.176,0.5390589101465362,0.556
graetz_fd361_equal_open,E77,500.0,13.854000000000001,375.39155151399683,514.259,428.3129876456,558.2059999999999,436.45002941732605,487.24899999999997,428.60888103580464,529.991,436.7174341879051,450.95899999999995,430.2939884526687,420.655,296.5813115106446,306.046,0.5430124453036984,0.593
graetz_fd361_equal_open,E77,550.0,13.848999999999998,375.5207172595788,518.91,428.74617958631916,564.922,437.4775693135637,494.068,429.0356343576825,537.476,437.7375374466742,457.34399999999994,432.0537260300571,426.92099999999994,296.911619824509,305.91499999999996,0.5454384330245008,0.608
graetz_fd361_equal_open,E77,600.0,13.842,375.6270484418451,523.649,429.15215422536613,569.947,438.3336104868611,499.437,429.43624181746065,542.8979999999999,438.58721100496285,462.501,433.4821714903263,432.272,297.26341649038363,305.804,0.5473116960916746,0.627
graetz_fd361_equal_open,E77,650.0,13.847,375.66058658735204,527.077,429.4889910436563,574.2919999999999,439.07083508958976,504.38199999999995,429.76833101554973,547.8,439.3189419336878,467.24299999999994,434.6818228932033,437.23299999999995,297.6294581203915,305.66299999999995,0.5497381681004392,0.654
graetz_fd361_equal_open,E77,700.0,13.85,375.6548041990359,529.94,429.73089980251495,578.4,439.68341460889116,509.13599999999997,430.0058504555582,552.3,439.92659020891784,471.86899999999997,435.6872297531754,442.205,298.0032912967962,305.532,0.5515441406160091,0.666
graetz_fd361_equal_open,E77,750.0,13.839,375.68583413517086,533.538,429.93500722517376,582.267,440.1853480188289,513.152,430.20604931396156,556.271,440.4240268950218,475.80499999999995,436.5178681698119,446.45099999999996,298.3794743598615,305.417,0.5519607191327056,0.684
graetz_fd361_equal_open,E77,800.0,13.841999999999999,375.69501727890747,536.864,430.1316388570958,585.899,440.6218023536822,517.064,430.3992518249237,560.086,440.856457630865,479.61899999999997,437.22172698261375,450.566,298.75360543662197,305.33599999999996,0.55338396058712,0.698
graetz_fd361_equal_open,E77,850.0,13.846,375.69670967862476,539.5899999999999,430.28149874131066,589.371,441.00145661017564,521.0219999999999,430.5459149917911,563.746,441.2324657978748,483.495,437.82810773084714,454.772,299.12229456323047,305.239,0.5546826969632441,0.719
graetz_fd361_equal_open,E77,900.0,13.834999999999999,375.7653632911159,541.467,430.4322354138727,592.191,441.3295150609483,524.429,430.69382952915964,566.861,441.55718493022596,486.91999999999996,438.3453589281129,458.514,299.4830307832023,305.17499999999995,0.554719653377387,0.726
graetz_fd361_equal_open,E77,950.0,13.853000000000002,375.78041685389474,543.962,430.5850690444071,594.925,441.63531814334203,527.632,430.8441449320216,569.804,441.85999959319463,490.109,438.80608778731545,462.131,299.83409384678896,305.12899999999996,0.5570763902693414,0.754
graetz_fd361_equal_open,E77,1000.0,13.838,375.8817165098513,545.738,430.71816147748655,597.69,441.9101730345598,530.8820000000001,430.97490090266865,572.7159999999999,442.1321083836643,493.335,439.2128117794771,465.86,300.1743249167723,305.114,0.55667834727685,0.769
graetz_fd361_equal_open,E77,1050.0,13.849999999999998,375.9370569045077,547.813,430.88778655215367,599.99,442.1786075010536,533.663,431.1425538046525,575.2149999999999,442.3980938899099,496.254,439.58543769409073,469.158,300.5030261010121,305.09799999999996,0.5585470367798506,0.777
graetz_fd361_equal_open,E77,1100.0,13.842,376.0219139830452,549.265,431.0304090272982,601.858,442.4372326487675,536.363,431.28327537514195,577.422,442.6544965445884,499.04699999999997,439.93291508516313,472.299,300.81977182638093,305.09,0.5586983496569367,0.792
graetz_fd361_equal_open,E77,1150.0,13.852,376.0707264287397,550.64,431.17640661161,603.692,442.68106788463655,538.886,431.4275570794049,579.404,442.89628604376276,501.71399999999994,440.2552612872558,475.356,301.1244048859682,305.08799999999997,0.5602986848211491,0.803
graetz_fd361_equal_open,E77,1200.0,13.845999999999998,376.1499333233372,552.3119999999999,431.3006701970887,605.905,442.905368153189,541.256,431.55017581326615,581.675,443.11867208261106,504.18499999999995,440.5499297672626,478.144,301.4169605951338,305.118,0.5605142917535166,0.819
graetz_fd361_equal_open,E77,1250.0,13.835999999999999,376.2392238727214,553.281,431.45826111270037,608.0989999999999,443.1246618736777,543.655,431.7063985766424,583.961,443.3362267562031,506.75699999999995,440.8228940403268,480.84399999999994,301.69762079776234,305.12699999999995,0.5604674216388881,0.831
graetz_fd361_equal_open,E77,1300.0,13.853000000000002,376.23637889328967,554.211,431.5844521909264,609.337,443.3447717809965,546.117,431.83120307593083,585.675,443.554767944828,509.361,441.0916116479302,483.784,301.96656603972144,305.13599999999997,0.5625103821281479,0.837
graetz_fd361_equal_open,E77,1350.0,13.835999999999999,376.2994724739426,554.9449999999999,431.6691318617407,609.958,443.52816175648167,547.703,431.91446777049265,586.491,443.7365911105213,511.41999999999996,441.3299275260953,486.116,302.22408256291686,305.15799999999996,0.5616338116366268,0.844
graetz_fd361_equal_open,E77,1400.0,13.853000000000002,376.31173290351524,557.683,431.7686822913869,612.011,443.69498579202997,549.48,432.01279089622227,588.281,443.9019419654212,513.4269999999999,441.5438435638751,488.327,302.470562873702,305.2,0.5635568548243994,0.864
graetz_fd361_equal_open,E77,1450.0,13.847999999999999,376.35507380380295,557.866,431.82995073349775,613.553,443.83949985297227,551.573,432.07279302515275,590.072,444.04503663454784,515.559,441.7344848030917,490.70799999999997,302.70653886806844,305.25399999999996,0.5635507244271916,0.865
graetz_fd361_equal_open,E77,1500.0,13.841000000000001,376.4386418499457,558.941,431.93147089231167,614.476,443.97584056976586,553.358,432.17331993977194,591.191,444.18006652899544,517.5999999999999,441.9047992333965,493.08299999999997,302.9325458378767,305.30499999999995,0.5634939816381208,0.869
graetz_fd361_equal_open,E77,1550.0,13.850000000000001,376.47128329599343,559.9749999999999,432.0364415825213,615.863,444.1257499408693,554.922,432.2773782278513,592.5799999999999,444.3288387810961,519.39,442.0781682528455,495.04499999999996,303.149122382723,305.36199999999997,0.5647482806074735,0.889
graetz_fd361_equal_open,E77,1600.0,13.845999999999998,376.5197805322286,561.0419999999999,432.11201764513487,617.093,444.2647255687293,556.576,432.35199945344345,593.9449999999999,444.46672845380414,521.174,442.245166074389,497.06899999999996,303.3567602390762,305.428,0.5648494706740601,0.897
graetz_fd361_equal_open,E77,1650.0,13.855999999999998,376.54402478747306,561.144,432.18324200093866,617.952,444.38829596361506,558.0909999999999,432.42233451735257,594.977,444.58924878598583,522.9069999999999,442.39796271846365,498.981,303.55594498837627,305.49699999999996,0.5660679664269801,0.886
graetz_fd361_equal_open,E77,1700.0,13.850000000000001,376.6131183723201,561.457,432.24621531257253,617.8979999999999,444.49787772852557,559.275,432.4844650499361,595.328,444.6978201549151,524.468,442.53435772212765,500.855,303.74718917453333,305.587,0.565951223834084,0.9
graetz_fd361_equal_open,E77,1750.0,13.854,376.6752535441709,563.345,432.33645384083184,619.623,444.60963111100597,560.526,432.57403530915195,596.703,444.808665016748,525.814,442.6642404307671,502.43899999999996,303.9310320168138,305.678,0.5667284150378162,0.905
graetz_fd361_equal_open,E77,1800.0,13.857,376.71745578926334,564.684,432.41331639356804,621.171,444.72546212616595,561.986,432.65022129376746,598.15,444.92367920639,527.405,442.79558445131795,504.14,304.1079460148542,305.75,0.567375144466236,0.918
graetz_fd361_equal_open,E77,1850.0,13.847999999999999,376.79455374141526,564.384,432.4966938824311,621.938,444.8368290050629,563.633,432.73300321919965,599.223,445.03427792332764,529.1479999999999,442.9214863267291,505.99199999999996,304.2783246554798,305.84299999999996,0.5670587616643494,0.926
graetz_fd361_equal_open,E77,1900.0,13.852,376.84761597432316,564.555,432.59412532318936,622.2929999999999,444.95530543228085,564.703,432.82993409206114,599.843,445.15207783577,530.434,443.04930105113834,507.56999999999994,304.44253797969304,305.938,0.5678497029125973,0.928
graetz_fd361_equal_open,E77,1950.0,13.856000000000002,376.88260822036443,563.377,432.66275916088466,621.825,445.0687003842179,565.5039999999999,432.89798937421017,599.8299999999999,445.2648270624973,531.531,443.1766828213484,508.938,304.60095488328176,306.043,0.5685510827685121,0.933
graetz_fd361_equal_open,E77,2000.0,13.854999999999997,376.91944536488984,565.2729999999999,432.7202494007657,622.4079999999999,445.1645659766196,566.039,432.95491192818577,600.18,445.360031918674,532.3399999999999,443.29069256545154,510.157,304.753924274327,306.145,0.5687848579072838,0.927
graetz_fd361_equal_open,E77,2050.0,13.855,376.95291306889203,564.99,432.77892979211106,622.999,445.2521718423027,566.983,433.01308085359886,600.88,445.44700572629586,533.3879999999999,443.3935229136091,511.35299999999995,304.90171979643696,306.236,0.5690879623357366,0.946
graetz_fd361_equal_open,E77,2100.0,13.852,376.9927490996796,566.31,432.8387509441296,624.136,445.33708549277594,567.951,433.07243782757064,601.8889999999999,445.53133411610906,534.421,443.49042050859725,512.5409999999999,305.04458055794316,306.32899999999995,0.5691427526848032,0.943
graetz_fd361_equal_open,E77,2150.0,13.855999999999998,377.0029894291591,567.174,432.89192923341085,625.0999999999999,445.4194938536357,569.04,433.1251616761332,602.8409999999999,445.6131982119441,535.575,443.58448333375725,513.778,305.18273815830435,306.42199999999997,0.5697362150708911,0.94
graetz_fd361_equal_open,E77,2200.0,13.835,377.07233101671267,569.21,432.9570622246745,626.6659999999999,445.4994523659554,570.26,433.1899280237653,604.1959999999999,445.69264907223163,536.845,443.6719248043106,515.015,305.3163634188435,306.53,0.5683091790076411,0.955
graetz_fd361_equal_open,E77,2250.0,13.838000000000001,377.0990220262107,565.941,433.0520417735977,626.047,445.5981830840037,571.569,433.2846747467307,604.622,445.7909887050128,538.1949999999999,443.76934726801653,516.501,305.4456021998673,306.614,0.5689493246830386,0.952
graetz_fd361_equal_open,E77,2300.0,13.854,377.0552848967417,565.2049999999999,433.07440973630503,624.823,445.68499314504305,571.486,433.3065340787125,603.524,445.8773821202112,538.607,443.8702452675933,517.4209999999999,305.5706479491328,306.71,0.5704350436810137,0.952
graetz_fd361_equal_open,E77,2350.0,13.855,377.037578400312,564.169,433.0480925709253,623.087,445.7216857369692,571.276,433.2795854156009,602.28,445.91349757689835,538.771,443.93785734362905,518.208,305.69172404232495,306.804,0.5705075756782074,0.945
graetz_fd361_equal_open,E77,2400.0,13.852,377.05445802523184,562.924,433.0490186092564,621.699,445.7359610078639,570.789,433.2800627344682,601.092,445.92717775533043,538.7249999999999,443.9742863130267,518.7,305.8090398698976,306.92499999999995,0.570304124374347,0.961
graetz_fd361_equal_open,E77,2450.0,13.850999999999999,377.0806956143422,563.449,433.07764476233314,620.726,445.7637750697047,570.3009999999999,433.3083803679822,600.025,445.95451414068685,538.616,444.00909915429213,519.0219999999999,305.9227942532677,307.008,0.5703549816430744,0.951
graetz_fd361_equal_open,E77,2500.0,13.85,377.11727657607287,563.232,433.11650164685216,620.777,445.8064065399501,570.396,433.34697980831965,600.068,445.9967639255771,538.838,444.0539335534965,519.463,306.0332105078504,307.13199999999995,0.5704608772050399,0.952
graetz_fd361_equal_open,E77,2550.0,13.843,377.1638327807342,564.861,433.17148756168115,621.981,445.8612837986236,570.861,433.4017786570774,600.8789999999999,446.05133036947564,539.303,444.1076875678348,520.029,306.1404921953206,307.239,0.5701252415577804,0.95
graetz_fd361_equal_open,E77,2600.0,13.85,377.19044830842125,564.656,433.22370260614855,622.438,445.92508968769266,571.612,433.4537948870912,601.412,446.11487471284386,540.056,444.17154223803993,520.787,306.24480184110445,307.35699999999997,0.5709560602248533,0.96
graetz_fd361_equal_open,E77,2650.0,13.852,377.2114826899198,564.4639999999999,433.2521446568824,622.393,445.97947295739874,572.0709999999999,433.4819564436855,601.489,446.16896959624955,540.654,444.23335164719725,521.481,306.34637059706637,307.48499999999996,0.5712951675497471,0.959
graetz_fd361_equal_open,E77,2700.0,13.852,377.2813252493051,565.156,433.2875811477515,623.011,446.02353117591593,572.5229999999999,433.51716704713544,601.952,446.212720676445,541.159,444.2855840917467,522.125,306.44543259903196,307.618,0.5715183549712917,0.964
graetz_fd361_equal_open,E77,2750.0,13.852,377.35726870570875,565.7139999999999,433.35320503580897,623.1479999999999,446.0760791922552,572.94,433.58269616208395,602.056,446.26502186841714,541.7139999999999,444.3379559357153,522.7249999999999,306.54234210789366,307.738,0.5718259189851773,0.969
graetz_fd361_equal_open,E77,2800.0,13.847000000000001,377.42480982834843,565.164,433.43319983161325,623.199,446.1480379255809,573.414,433.6626444114218,602.29,446.3368239477433,542.271,444.4028078569442,523.362,306.6373080890176,307.85799999999995,0.5717606357227982,0.969
graetz_fd361_equal_open,E77,2850.0,13.857000000000001,377.4167004880296,565.313,433.4900432375463,623.4359999999999,446.22624694577803,573.673,433.71933897798965,602.511,446.4149011286067,542.645,444.47960293425,523.848,306.73035085443536,307.94399999999996,0.572839711230253,0.981
graetz_fd361_equal_open,E77,2900.0,13.850999999999999,377.452850740184,565.319,433.5091615884253,623.03,446.2812474309422,573.904,433.73818235733245,602.276,446.4696805257997,543.0,444.54539109365646,524.3299999999999,306.8214264378786,308.06899999999996,0.5725012259709554,0.981
graetz_fd361_equal_open,E77,2950.0,13.864999999999998,377.44593191672897,564.928,433.531129277879,623.1379999999999,446.31952070241954,574.0519999999999,433.75991957772106,602.3879999999999,446.5076921388378,543.287,444.5959093198852,524.739,306.9106482222094,308.18499999999995,0.5737875927382101,0.976
graetz_fd361_equal_open,E77,3000.0,13.852,377.48750139684125,564.679,433.5449924382091,622.6669999999999,446.3473894227263,574.156,433.7735486020719,602.0139999999999,446.53528691097006,543.528,444.6331512594976,525.13,306.99809474857256,308.27599999999995,0.5728102442286231,0.984
graetz_fd361_equal_open,E77,3041.0,13.85,377.5098865132064,565.544,433.590543141636,623.3499999999999,446.3791147871742,574.299,433.81905650065846,602.429,446.5668461721597,543.727,444.6641597935819,525.356,307.0684702165808,308.37,0.5728152137530131,0.978
graetz_fd361_equal_groove,E67,0.0,15.279999999999998,293.3685,296.62199999999996,293.3685,296.25,293.3685,296.35299999999995,293.3685,296.22499999999997,293.3685,296.43399999999997,293.36850000000004,296.686,293.3685,293.39799999999997,0.07507632589795954,0.146
graetz_fd361_equal_groove,E67,50.0,15.271,480.94278135145555,383.55999999999995,465.20641099037374,341.47999999999996,370.44048646211274,308.99899999999997,466.9005736863825,316.138,371.5995165295823,300.25399999999996,343.8203201943775,299.786,293.3700030107706,293.414,0.5943627227655224,0.316
graetz_fd361_equal_groove,E67,100.0,15.279,497.036210986224,540.75,581.1029320297299,473.256,494.6174878644573,376.486,582.2915873193633,420.83,496.5984078612873,346.76099999999997,436.95839507982515,327.39099999999996,293.38359534142353,293.438,0.9868597320718535,0.6
graetz_fd361_equal_groove,E67,150.0,15.276,500.88175866853106,664.299,621.3570092116612,589.1769999999999,585.4327426022711,445.365,621.9713636944896,529.854,587.397850618499,403.433,526.441102813948,354.489,293.4342854348477,293.471,1.2301137593716351,0.864
graetz_fd361_equal_groove,E67,200.0,15.274999999999999,502.50173641431786,748.8409999999999,635.3698572586786,676.7909999999999,630.1887786050448,499.078,635.6598809551552,618.247,631.8312756980794,448.715,584.6912752635678,378.13699999999994,293.56039914466226,293.50899999999996,1.3552101859566195,1.033
graetz_fd361_equal_groove,E67,250.0,15.288000000000002,503.2948845694398,809.804,641.5137036093623,746.2349999999999,650.6432371070007,544.2439999999999,641.6116806502628,691.87,652.0229417939343,487.053,617.263748338729,398.99399999999997,293.79952491882466,293.53999999999996,1.4192701988968195,1.192
graetz_fd361_equal_groove,E67,300.0,15.274000000000001,503.9416365167975,854.7379999999999,644.9892226883974,803.725,661.0862097840179,584.703,644.9663799536768,752.739,662.2880863158537,521.4689999999999,635.8258269535638,420.99299999999994,294.17734071856523,293.59299999999996,1.4513932653642836,1.326
graetz_fd361_equal_groove,E67,350.0,15.269,504.4394358653496,882.3009999999999,647.4750683479765,844.107,667.4517387120602,616.0509999999999,647.3652937956115,795.891,668.5310697542006,548.444,647.5472087947522,442.34799999999996,294.7039431997299,293.645,1.4726311188249595,1.439
graetz_fd361_equal_groove,E67,400.0,15.283999999999999,504.67039805233446,903.242,649.2627545306748,877.372,671.9023696803338,644.2819999999999,649.0807206334766,831.799,672.8889236295626,572.938,655.7710404188417,461.29599999999994,295.37533553219964,293.70799999999997,1.4902886856968927,1.538
graetz_fd361_equal_groove,E67,450.0,15.280000000000001,504.9370436216392,918.233,650.5607307642879,900.886,675.1705367803166,666.63,650.3250136991294,857.492,676.0832637139912,592.479,661.8752316376143,478.52299999999997,296.177273620233,293.78099999999995,1.5010935406726293,1.614
graetz_fd361_equal_groove,E67,500.0,15.284,505.1479985285837,930.434,651.6675794106854,919.933,677.7116490518249,685.787,651.3873148412995,878.2909999999999,678.5656844882695,609.479,666.5966161157369,494.013,297.08940494148436,293.83799999999997,1.5107757246152822,1.707
graetz_fd361_equal_groove,E67,550.0,15.283,505.34824217103056,938.485,652.5847768973554,935.644,679.7871657294329,703.467,652.2677282073498,895.824,680.5927409493509,625.688,670.3892204807672,510.158,298.0887474308659,293.935,1.5180367544449962,1.761
graetz_fd361_equal_groove,E67,600.0,15.276000000000002,505.59281156207805,945.481,653.4229429150206,947.425,681.5364053365264,718.056,653.076372504652,908.976,682.3019630493397,639.185,673.5142841401112,522.261,299.15226968305797,294.03099999999995,1.523366329257795,1.819
graetz_fd361_equal_groove,E67,650.0,15.271,505.82393795569965,950.697,654.2208156027721,957.418,683.0804239349134,730.835,653.8485720244639,919.996,683.812412126165,651.1659999999999,676.1674841355418,536.413,300.25859962717016,294.145,1.5283106141916902,1.877
graetz_fd361_equal_groove,E67,700.0,15.281,505.93088197330314,955.255,654.8770073784792,966.3199999999999,684.445860340822,743.392,654.477863027222,930.026,685.1472760028397,663.016,678.46643400789,550.509,301.38890092458234,294.32599999999996,1.5346895512927636,1.934
graetz_fd361_equal_groove,E67,750.0,15.285999999999998,506.01648166760435,955.7379999999999,655.3545757495297,972.053,685.5848282388781,753.972,654.9322278182198,936.941,686.2578151869128,673.497,680.4247683358549,562.942,302.5273025563745,294.496,1.5393766419546933,1.981
graetz_fd361_equal_groove,E67,800.0,15.292000000000002,506.0878151209281,959.4789999999999,655.7605870173882,977.4549999999999,686.53263110242,763.094,655.31781934446,942.962,687.1804114950073,682.845,682.0741849217047,574.229,303.66082708630597,294.692,1.5435992941817305,2.029
graetz_fd361_equal_groove,E67,850.0,15.281,506.292896017678,961.689,656.1876109378172,982.935,687.3722588714011,772.385,655.7310140047616,949.114,687.9991748727166,692.27,683.490302145828,586.5219999999999,304.779143075678,294.95399999999995,1.545043940219132,2.07
graetz_fd361_equal_groove,E67,900.0,15.277,506.4875415232262,962.116,656.7071040532122,986.364,688.2062217883844,780.284,656.2369105454122,953.384,688.8158460408989,700.508,684.7785644221535,596.6769999999999,305.8743907371828,295.22999999999996,1.5476651811389144,2.108
graetz_fd361_equal_groove,E67,950.0,15.287999999999998,506.52715158461194,963.689,657.1184115273722,989.629,689.01204805897,787.754,656.6307318242143,957.206,689.6041917561253,708.5129999999999,685.9854841106057,606.607,306.9407083595777,295.532,1.5521579810866184,2.139
graetz_fd361_equal_groove,E67,1000.0,15.282,506.61313922974045,965.2819999999999,657.4150033710614,994.1569999999999,689.6925425534134,794.189,656.9148321189057,961.788,690.2679503367302,715.48,687.0501751038236,614.825,307.9738681266699,295.83,1.553536964071939,2.183
graetz_fd361_equal_groove,E67,1050.0,15.291,506.61402880056926,963.408,657.6941293268349,997.732,690.2864625220511,801.0699999999999,657.1796482735175,964.0079999999999,690.8464923071401,723.037,687.9776327497207,622.938,308.97097089181716,296.166,1.556941303616468,2.222
graetz_fd361_equal_groove,E67,1100.0,15.279,506.716342081087,963.127,657.9399171355736,998.2529999999999,690.8125069445651,807.693,657.416843007615,966.021,691.3590871321604,730.351,688.7941241977782,631.546,309.9302472824504,296.543,1.5569130088119376,2.238
graetz_fd361_equal_groove,E67,1150.0,15.279,506.77437775780453,960.8299999999999,658.2504518758797,997.732,691.3308757875546,812.467,657.7173594380664,966.443,691.8659400668715,735.948,689.5443512921654,638.8399999999999,310.8508012787342,296.935,1.5588052144604223,2.272
graetz_fd361_equal_groove,E67,1200.0,15.278999999999998,506.789758482953,959.7379999999999,658.4878295438002,997.293,691.8277078059906,816.3919999999999,657.944412872259,966.6179999999999,692.3512458640913,740.795,690.2521479851623,645.547,311.73243233873166,297.36499999999995,1.5604418303059036,2.3
graetz_fd361_equal_groove,E67,1250.0,15.276,506.8550956594552,959.459,658.6950152181387,998.155,692.2643743741874,820.221,658.1433304708632,967.732,692.7770365351562,745.568,690.8893358619597,651.79,312.5755317294692,297.842,1.5614709308999588,2.315
graetz_fd361_equal_groove,E67,1300.0,15.281999999999998,506.88011938149236,958.593,658.8882531085633,999.324,692.6606888712297,824.156,658.3270634278996,969.259,693.1630924146176,750.065,691.4623858433117,657.969,313.38107739147387,298.337,1.5637527317202329,2.35
graetz_fd361_equal_groove,E67,1350.0,15.272,507.00630593883005,959.971,659.0837843159516,1000.691,693.0237463471406,827.909,658.5176764899111,970.793,693.5174086670442,754.442,691.9805136247669,663.902,314.1503499935123,298.86499999999995,1.5635380850387355,2.365
graetz_fd361_equal_groove,E67,1400.0,15.267000000000001,507.15835911252066,961.14,659.3742175801024,1001.857,693.4135639636058,831.9259999999999,658.8032691080632,972.268,693.9004412082827,758.939,692.4816763245805,670.017,314.8847947646129,299.448,1.5643599975293694,2.39
graetz_fd361_equal_groove,E67,1450.0,15.278,507.16856668857747,959.132,659.5962863796575,1002.353,693.8151711273499,835.31,659.0157716934964,973.086,694.294116033843,763.0429999999999,692.9887115358728,675.245,315.5859986429514,300.01399999999995,1.567438811824919,2.412
graetz_fd361_equal_groove,E67,1500.0,15.276,507.2344791198308,960.8729999999999,659.7151021968684,1003.879,694.1358377932299,838.6809999999999,659.1285472639449,974.5799999999999,694.6063997745186,767.0519999999999,693.4400926295025,680.717,316.25556714784136,300.644,1.5681648670563737,2.425
graetz_fd361_equal_groove,E67,1550.0,15.28,507.28410693932653,960.36,659.8615456645766,1003.5219999999999,694.4074986441989,841.977,659.268832656409,974.894,694.8708226194425,770.9179999999999,693.8242562606818,685.712,316.8951379209684,301.243,1.569772979942048,2.445
graetz_fd361_equal_groove,E67,1600.0,15.272,507.40459259324746,958.961,660.0281034354,1003.0849999999999,694.6753470821747,844.481,659.432439791671,974.788,695.1329051213946,774.1279999999999,694.179288758747,690.2339999999999,317.50629091755826,301.84999999999997,1.5695695355744488,2.462
graetz_fd361_equal_groove,E67,1650.0,15.286,507.3435645109457,957.069,660.1714039567639,1002.448,694.9487303365694,846.79,659.5668923904612,974.446,695.3998176712284,777.208,694.5279918997078,694.6769999999999,318.0904762440376,302.51099999999997,1.5726155280616982,2.46
graetz_fd361_equal_groove,E67,1700.0,15.264000000000001,507.48434855855237,955.092,660.2831128105724,1000.703,695.1782055413145,848.728,659.6790993450606,973.215,695.6242329248678,779.741,694.8417017965814,698.333,318.6489343629638,303.11699999999996,1.5700203914503654,2.482
graetz_fd361_equal_groove,E67,1750.0,15.289999999999997,507.3410326613652,954.569,660.4132034655657,999.749,695.4180671243835,850.108,659.798172182284,972.321,695.8580325664096,781.96,695.1426519750236,701.8389999999999,319.1828966185577,303.736,1.5747816230899376,2.48
graetz_fd361_equal_groove,E67,1800.0,15.275,507.36303976507463,954.257,660.3815167342049,999.802,695.5694504021677,851.733,659.7647892460118,972.346,696.0030691129925,784.309,695.3922619583024,705.354,319.6935497111849,304.39799999999997,1.5727245725530374,2.489
graetz_fd361_equal_groove,E67,1850.0,15.280000000000001,507.3486239639053,955.423,660.4746459150035,1000.2869999999999,695.7034302697293,853.41,659.8536077113619,972.794,696.1325204008743,786.5849999999999,695.5897474637225,708.4549999999999,320.18202524655635,305.012,1.5740075132700007,2.507
graetz_fd361_equal_groove,E67,1900.0,15.271,507.42104522997164,956.5889999999999,660.5598356594838,1001.2049999999999,695.8609738812238,855.321,659.9373500933762,973.619,696.2863060174129,788.891,695.7919294950356,711.199,320.64951775961947,305.64099999999996,1.5731727264151365,2.519
graetz_fd361_equal_groove,E67,1950.0,15.286,507.37926498710453,955.79,660.6383073909307,1002.038,696.0229154465392,857.5169999999999,660.0091312643441,974.564,696.4436265162306,791.4449999999999,695.9975683360998,714.434,321.097324123214,306.32899999999995,1.5760240812953499,2.529
graetz_fd361_equal_groove,E67,2000.0,15.283000000000001,507.40795899475927,954.0029999999999,660.6354776964442,1001.9,696.1331379652988,859.3389999999999,660.0037158924592,974.6419999999999,696.5490525551287,793.648,696.171609045874,717.367,321.52676476513716,306.96999999999997,1.5758340616415567,2.552
graetz_fd361_equal_groove,E67,2050.0,15.283999999999999,507.4750350643503,952.7099999999999,660.7084108461765,1001.518,696.2323758532013,860.814,660.0746611227216,974.4119999999999,696.6449551819702,795.635,696.3145656774319,720.104,321.93902620983863,307.613,1.5764436585832717,2.55
graetz_fd361_equal_groove,E67,2100.0,15.279,507.5787768589572,953.5169999999999,660.828026667891,1001.712,696.3696631537407,862.091,660.1934738881171,974.4929999999999,696.7800039477512,797.485,696.4713841192545,722.6320000000001,322.33525468568604,308.293,1.5762928533238352,2.578
graetz_fd361_equal_groove,E67,2150.0,15.281000000000002,507.63867183070727,954.617,660.9664857706111,1001.542,696.5419128702054,863.542,660.3293400783116,974.592,696.9499844434357,799.309,696.6563202061708,724.988,322.71645844517144,308.94,1.5773127137280731,2.574
graetz_fd361_equal_groove,E67,2200.0,15.283000000000001,507.65895687797797,952.0889999999999,661.0530634545283,1001.03,696.7071671530349,864.771,660.4127234946833,974.2049999999999,697.1122287471459,801.012,696.8480781389096,727.544,323.08351638715,309.602,1.5781780650068913,2.588
graetz_fd361_equal_groove,E67,2250.0,15.278999999999998,507.70645669449516,952.5509999999999,661.1292521078221,1000.208,696.844002405765,865.6659999999999,660.4875308990293,973.494,697.2463623117272,802.425,697.018831693723,729.6089999999999,323.437199728168,310.21799999999996,1.5780466816751195,2.595
graetz_fd361_equal_groove,E67,2300.0,15.283999999999999,507.7094473836821,950.836,661.2008052486995,999.5509999999999,696.9710306949439,866.4019999999999,660.5557719388892,972.929,697.3705971935981,803.709,697.1744596410686,731.569,323.7782060355148,310.83,1.5792659405198588,2.595
graetz_fd361_equal_groove,E67,2350.0,15.271,507.8210503417781,950.7719999999999,661.2914657878711,999.535,697.0905862121539,867.215,660.6477876792517,972.891,697.4885297908692,805.009,697.3183591606246,733.453,324.107266545572,311.46799999999996,1.5777596775636198,2.61
graetz_fd361_equal_groove,E67,2400.0,15.277,507.83344764727985,949.99,661.4280262827181,999.3349999999999,697.2443475364473,868.174,660.7811077299577,972.744,697.6406924787498,806.313,697.4773426541364,735.324,324.4250464700505,312.058,1.5793207160527278,2.606
graetz_fd361_equal_groove,E67,2450.0,15.291,507.7219474553435,948.415,661.4030047705899,998.304,697.356538660537,868.793,660.7495616071662,971.823,697.7487096601542,807.472,697.6288889986041,736.95,324.7321574309401,312.635,1.581626679876178,2.619
graetz_fd361_equal_groove,E67,2500.0,15.286999999999999,507.7268696674731,949.93,661.3246223083431,998.3,697.364929620375,869.323,660.6703988092481,971.576,697.7533806028836,808.4359999999999,697.7026057588953,738.574,325.0291655435883,313.253,1.5808956088576913,2.623
graetz_fd361_equal_groove,E67,2550.0,15.281,507.80942274237265,950.8629999999999,661.3795102618483,999.054,697.3843777105715,870.217,660.7263942953197,972.1469999999999,697.7717613666167,809.571,697.7431713516974,740.123,325.31663493873447,313.80899999999997,1.5801964675793285,2.644
graetz_fd361_equal_groove,E67,2600.0,15.280000000000001,507.8698922905386,951.547,661.4919893185302,999.8829999999999,697.4784148790014,871.331,660.838241324496,972.901,697.8653569861206,810.9,697.8266112470214,741.78,325.59508974698593,314.41499999999996,1.5805129812208514,2.646
graetz_fd361_equal_groove,E67,2650.0,15.276,507.9419952936936,952.322,661.5986937265468,1000.2049999999999,697.6056925721966,872.4159999999999,660.9444928022455,973.263,697.9918346832467,812.178,697.9500717262142,743.4369999999999,325.8650292742783,314.96799999999996,1.5804237834347337,2.646
graetz_fd361_equal_groove,E67,2700.0,15.293,507.8562817325476,950.365,661.6237551976996,999.963,697.712890122924,873.252,660.963554819817,973.2049999999999,698.0961905259715,813.3249999999999,698.0763721709434,744.865,326.12692833522,315.508,1.5833186312549508,2.64
graetz_fd361_equal_groove,E67,2750.0,15.277,507.9665822671073,949.35,661.6116047962937,999.095,697.7504651656924,873.845,660.9542045088126,972.489,698.1319963249967,814.295,698.1541774561597,746.278,326.3812388333055,316.078,1.5809656757084727,2.654
graetz_fd361_equal_groove,E67,2800.0,15.27,508.1170228950063,947.946,661.7935765960225,998.558,697.8461862149699,874.2049999999999,661.138292144464,971.971,698.2286450443635,815.009,698.2362366463449,747.461,326.62841071670607,316.616,1.5805715346468228,2.661
graetz_fd361_equal_groove,E67,2850.0,15.289000000000001,508.01298478504145,948.2139999999999,661.8741960544763,998.358,697.9966375752848,874.54,661.2120207084387,971.699,698.3772797158272,815.673,698.3760522530994,748.614,326.868856548704,317.13199999999995,1.5839449848671068,2.663
graetz_fd361_equal_groove,E67,2900.0,15.284,507.99328153619444,948.404,661.7970556981327,998.432,698.0428781803942,875.098,661.1338993074396,971.762,698.4203663242074,816.438,698.4731162670013,749.8820000000001,327.10280903467077,317.662,1.583094589664563,2.666
graetz_fd361_equal_groove,E67,2950.0,15.281,507.99920950018225,946.838,661.8148874312445,998.067,698.0520279671803,875.509,661.1518679440676,971.437,698.4283079513683,817.115,698.5107782443496,751.028,327.3304266469541,318.145,1.5827006098755283,2.686
graetz_fd361_equal_groove,E67,3000.0,15.28,508.01890932229765,945.62,661.8529075443959,998.304,698.0958111957372,876.05,661.189210698899,971.6329999999999,698.4713295128545,817.889,698.5575474234896,751.943,327.5518320317127,318.652,1.5827276894767297,2.695
graetz_fd361_equal_groove,E67,3050.0,15.282,508.03998503720123,947.942,661.8857246529471,998.97,698.1480416298803,876.524,661.2208476300318,972.026,698.5224541118721,818.6089999999999,698.6169504668883,752.847,327.76737029015993,319.13399999999996,1.583245647556696,2.697
graetz_fd361_equal_groove,E67,3100.0,15.278,508.10129559028985,946.183,661.9333189015127,999.471,698.2018140778596,877.3389999999999,661.2687549943216,972.59,698.575554450374,819.4929999999999,698.6775640941398,753.822,327.97743790221733,319.59799999999996,1.5828840060114304,2.71
graetz_fd361_equal_groove,E67,3150.0,15.289,508.0850040935445,947.278,661.9632252649186,999.0939999999999,698.2592434504643,877.976,661.2954265254043,972.338,698.6315330310958,820.345,698.74227110577,755.016,328.18240352739485,320.12399999999997,1.5848014047141827,2.709
graetz_fd361_equal_groove,E67,3200.0,15.281,508.15436839231677,946.712,661.9714634541251,998.256,698.2906322456263,878.293,661.3049661295803,971.739,698.6619635308663,820.92,698.7916192460971,755.913,328.38263097727395,320.575,1.58369240884111,2.716
graetz_fd361_equal_groove,E67,3250.0,15.283,508.1915714147543,946.56,662.050121991907,997.847,698.3456112220172,878.362,661.3830396063925,971.3,698.7167666919568,821.3059999999999,698.8437239971129,756.631,328.5783172180362,321.03999999999996,1.584322518977261,2.732
graetz_fd361_equal_groove,E67,3300.0,15.279,508.2486375299251,947.1229999999999,662.1150909066954,997.579,698.4228446995813,878.6089999999999,661.4482070783995,971.0,698.7937449481657,821.7379999999999,698.9170237135795,757.373,328.76962484190125,321.50699999999995,1.5840299986001463,2.721
graetz_fd361_equal_groove,E67,3350.0,15.272,508.33304407520325,945.468,662.2234679502459,997.482,698.5169609984721,878.8199999999999,661.5578822544207,970.9019999999999,698.8882074072214,822.167,699.0044597676289,758.0419999999999,328.95671725686196,321.94399999999996,1.5834127853002844,2.715
graetz_fd361_equal_groove,E67,3400.0,15.289,508.2276081545655,942.838,662.2537408274869,996.877,698.6116430292667,879.087,661.582393342385,970.444,698.9811051189977,822.624,699.1034943377106,758.7639999999999,329.1397055639253,322.38899999999995,1.5862661729353889,2.726
graetz_fd361_equal_groove,E67,3450.0,15.284,508.1966226678158,944.692,662.1644169549072,996.117,698.6155333271408,879.1039999999999,661.4927021091814,969.77,698.9825765200492,822.9069999999999,699.1520366603578,759.396,329.3186624182496,322.77299999999997,1.5852890837635658,2.719
graetz_fd361_equal_groove,E67,3500.0,15.283000000000001,508.1983154537404,943.771,662.1598259480495,996.322,698.5951959914507,879.177,661.4882562324382,969.855,698.9614392004877,823.1519999999999,699.1531118556309,759.736,329.49358734054084,323.16999999999996,1.5850974343256596,2.721
graetz_fd361_equal_groove,E67,3550.0,15.276000000000002,508.267510047353,944.607,662.2067591774435,996.293,698.6160900136626,879.411,661.5367057856791,969.709,698.982602006888,823.495,699.1685758391503,760.3009999999999,329.6645696015587,323.56399999999996,1.584188111125218,2.732
graetz_fd361_equal_groove,E67,3600.0,15.290000000000003,508.21396381668023,944.8389999999999,662.2310166094665,997.088,698.6624669476336,879.794,661.5570142726427,970.3489999999999,699.0278844314035,823.967,699.2115360210582,760.7919999999999,329.83184127986414,323.986,1.586503993551672,2.744
graetz_fd361_equal_groove,E67,3650.0,15.286000000000001,508.24392278273143,943.7909999999999,662.1825045791799,997.481,698.6630788413387,880.332,661.5088120231358,970.731,699.0270305547363,824.55,699.2362580690968,761.45,329.9956725155086,324.371,1.5858144505369531,2.744
graetz_fd361_equal_groove,E67,3700.0,15.273,508.398520386201,944.542,662.2805508863137,996.97,698.6849539564283,880.832,661.6109555562849,970.539,699.0501274769008,825.101,699.2515107286824,762.155,330.1562838784256,324.76599999999996,1.5841496320025725,2.751
graetz_fd361_equal_groove,E67,3750.0,15.275999999999998,508.442171596905,943.56,662.4379386358494,995.617,698.8002299420194,880.688,661.7673717803982,969.3439999999999,699.1665944767295,825.312,699.3294353415981,762.6869999999999,330.3138356852432,325.17199999999997,1.585204364399849,2.74
graetz_fd361_equal_groove,E67,3800.0,15.282,508.4081258479383,944.3199999999999,662.4678899344856,995.655,698.9060914342076,880.5079999999999,661.7943056783342,969.244,699.2712328762525,825.357,699.4360823162663,763.005,330.46839179839816,325.522,1.5863983441845755,2.744
graetz_fd361_equal_groove,E67,3850.0,15.290000000000001,508.35509557589035,940.545,662.4063401767886,994.0799999999999,698.9256627697563,880.6419999999999,661.7298385061114,968.088,699.2883498839541,825.591,699.4931422848342,763.524,330.6200529846513,325.881,1.5875573093642048,2.75
graetz_fd361_equal_groove,E67,3900.0,15.283000000000001,508.4015437666978,939.569,662.3743203093691,992.978,698.8954592934155,879.994,661.6994894641625,966.722,699.2572768757921,825.341,699.4919247579342,763.718,330.7689705784721,326.238,1.5863843610108255,2.742
graetz_fd361_equal_groove,E67,3929.0,15.295,508.34296690110335,931.6279999999999,662.3765418920027,991.103,698.8872449269622,878.055,661.6990376401516,966.6659999999999,699.2483238047246,824.995,699.4873697591847,763.414,330.85410430098864,326.43699999999995,1.5882328405306203,2.712
graetz_fd361_equal_groove,E72,0.0,19.503,294.0745,295.56,294.0745,294.102,294.0745,294.015,294.0745,294.229,294.0745,294.226,294.0745,294.17999999999995,294.0745,294.07599999999996,0.28145218144398865,0.255
graetz_fd361_equal_groove,E72,50.0,19.479,403.43188455154916,373.46,405.69455417938,362.34299999999996,352.13874611874,324.21099999999996,406.4960397110543,328.62899999999996,353.1012641522859,307.11899999999997,337.2411402745896,304.986,294.07547544614033,294.07399999999996,0.716024469912286,0.471
graetz_fd361_equal_groove,E72,100.0,19.45,410.6932521287586,453.884,462.51709091168965,454.865,429.12918436812674,387.39599999999996,462.71290633590286,404.428,430.2361404531643,351.84299999999996,402.415172610806,338.248,294.08433945830643,294.046,0.9769420097318118,0.724
graetz_fd361_equal_groove,E72,150.0,19.411,412.50679438149575,515.521,478.5438168679011,527.652,470.5437874279053,439.84399999999994,478.421006993171,472.907,471.36829359703586,393.721,447.618875930407,364.9,294.1164547533341,294.043,1.098376857306129,0.932
graetz_fd361_equal_groove,E72,200.0,19.372,413.3881234295006,566.458,484.0247570345036,587.3820000000001,487.399642365546,484.692,483.75620563765597,532.14,488.00426070360953,430.62699999999995,470.6069224690909,387.02099999999996,294.19328742882186,294.056,1.1483718920902108,1.118
graetz_fd361_equal_groove,E72,250.0,19.331,413.99145353886456,600.6179999999999,486.7659587796445,631.105,494.9514437371064,519.356,486.416487808371,576.909,495.4281237452216,459.476,482.3613422036961,407.085,294.33394198360446,294.08,1.170673973441925,1.266
graetz_fd361_equal_groove,E72,300.0,19.286,414.4979861848165,625.5519999999999,488.60362051369407,662.649,499.2268776714491,546.762,488.2019370695194,610.781,499.62390860619786,483.17499999999995,489.3152835725374,423.78,294.549914783876,294.12,1.1822226233058175,1.382
graetz_fd361_equal_groove,E72,350.0,19.266000000000002,414.848091480588,644.915,489.97536980834724,688.435,502.1456292071254,570.3979999999999,489.5330214491301,638.979,502.48628419341225,503.76099999999997,494.06256558585653,441.294,294.8441452373317,294.154,1.1914451699150546,1.482
graetz_fd361_equal_groove,E72,400.0,19.227999999999998,415.20582633940296,660.424,491.04828784605206,707.871,504.3112959692324,588.377,490.5775047079282,660.075,504.6099083434217,519.235,497.565600907159,455.501,295.2124724013321,294.215,1.196168197397975,1.563
graetz_fd361_equal_groove,E72,450.0,19.202,415.51333100762423,671.613,491.9858620436698,722.509,506.04909779468534,603.733,491.49157586344825,676.726,506.3153855703375,532.96,500.3095653161557,470.66999999999996,295.6461203785543,294.27099999999996,1.2005566391519955,1.636
graetz_fd361_equal_groove,E72,500.0,19.173,415.810977126053,681.039,492.78906643862445,734.97,507.49520151073114,617.3599999999999,492.2762391167866,690.972,507.73541712345013,545.644,502.5416499287468,484.707,296.1337657963346,294.344,1.203513269655306,1.717
graetz_fd361_equal_groove,E72,550.0,19.139,416.11752152849306,687.9459999999999,493.53470449886845,744.2629999999999,508.74273308832386,628.391,493.00741661355187,701.685,508.96217746061893,556.144,504.4081351573137,496.54499999999996,296.66334759567866,294.423,1.205273386645643,1.762
graetz_fd361_equal_groove,E72,600.0,19.088,416.4789210567222,693.515,494.28851602946634,751.25,509.88342810810053,637.449,493.7512933796793,709.749,510.0869168939977,565.315,506.030863451385,507.08,297.2231768501407,294.52099999999996,1.2050266628126103,1.8
graetz_fd361_equal_groove,E72,650.0,19.037000000000003,416.8538758895619,698.5070000000001,495.0789974708887,756.723,510.9917362673401,645.352,494.53327828271074,716.5409999999999,511.1825834121418,573.3820000000001,507.51201792726727,516.4449999999999,297.80266305955655,294.62699999999995,1.204707776255153,1.857
graetz_fd361_equal_groove,E72,700.0,18.988999999999997,417.23408072928277,704.932,495.8556403386559,763.856,512.0676011028518,653.028,495.3023062052788,724.288,512.2474706053418,581.29,508.89121169161683,525.539,298.39267071213885,294.76,1.2045318212118301,1.908
graetz_fd361_equal_groove,E72,750.0,18.967000000000002,417.5050474042739,707.6379999999999,496.5398507407783,768.467,513.0683196534872,659.949,495.9763347553457,729.995,513.2369287865671,588.575,510.158605351403,533.712,298.98569701993677,294.892,1.2064929545541996,1.938
graetz_fd361_equal_groove,E72,800.0,18.92,417.8076689713129,708.393,497.143543888947,770.241,513.9497994993894,665.681,496.57441896227624,733.479,514.1088322067283,594.95,511.2793432110929,541.6469999999999,299.5756387256122,295.019,1.2054227322847155,1.972
graetz_fd361_equal_groove,E72,850.0,18.894000000000002,418.03408247136764,710.553,497.7275833253708,770.93,514.7730593941831,669.906,497.1507883928706,735.2629999999999,514.9234122513441,600.3009999999999,512.2977641518725,548.774,300.1576748061868,295.178,1.2062264957620856,2.006
graetz_fd361_equal_groove,E72,900.0,18.884999999999998,418.1505857804289,711.989,498.1599796350191,772.8779999999999,515.4881137110548,673.469,497.5739327680595,737.701,515.6286165170202,604.787,513.2019449093641,554.634,300.7280141589256,295.34499999999997,1.2080690278293649,2.044
graetz_fd361_equal_groove,E72,950.0,18.852999999999998,418.30401559215477,713.896,498.52123461508404,774.5039999999999,516.0726755629793,677.169,497.930292059198,740.002,516.2050053564677,609.28,513.9614650576656,560.228,301.28383473002737,295.501,1.2071019821203246,2.057
graetz_fd361_equal_groove,E72,1000.0,18.839000000000002,418.4130642222306,717.2090000000001,498.878407731032,777.149,516.6100348675253,680.702,498.28101891409494,742.7159999999999,516.735121594335,613.44,514.6366819541153,565.664,301.82310266742707,295.67699999999996,1.2078219401950288,2.066
graetz_fd361_equal_groove,E72,1050.0,18.809,418.5434386738466,719.933,499.2022507524504,779.527,517.1007898934662,684.7829999999999,498.6009789522333,745.646,517.219644436947,617.928,515.2474077607264,571.3489999999999,302.3444371308267,295.899,1.2066977759939137,2.109
graetz_fd361_equal_groove,E72,1100.0,18.796,418.65666835505874,721.0909999999999,499.51958632795333,781.153,517.5674284700434,688.1279999999999,498.91306153665346,747.813,517.6803412392742,621.819,515.8134484221744,576.26,302.84699454831207,296.114,1.2072550237537367,2.121
graetz_fd361_equal_groove,E72,1150.0,18.768,418.83832656519314,721.613,499.83279445656785,782.594,518.0044615875951,691.095,499.22392742575056,749.6769999999999,518.112584832972,625.4449999999999,516.3373072061086,580.81,303.33051060026173,296.35299999999995,1.2062461597576952,2.155
graetz_fd361_equal_groove,E72,1200.0,18.742,419.04257573482926,724.1769999999999,500.20657087275947,784.7249999999999,518.4627154949158,694.277,499.59549196511716,752.06,518.567351614511,629.142,516.8546730567074,585.413,303.7951473859173,296.628,1.2056366837170172,2.167
graetz_fd361_equal_groove,E72,1250.0,18.707,419.28120657291004,724.68,500.6158474786917,785.3199999999999,518.9540800698916,696.92,500.00367783984257,753.2339999999999,519.0560337669239,632.577,517.3890855772268,589.245,304.2412633141782,296.89799999999997,1.2042561776587422,2.183
graetz_fd361_equal_groove,E72,1300.0,18.69,419.4791011595222,726.819,501.02012408286816,787.651,519.4622099324233,699.364,500.4046270296547,755.362,519.5609044456302,635.622,517.9357674290603,592.576,304.66937485184656,297.17699999999996,1.204735615090086,2.205
graetz_fd361_equal_groove,E72,1350.0,18.669,419.6711052978047,727.116,501.3724613657175,788.184,519.9348931098073,702.315,500.7544500645146,756.825,520.0300355145066,639.1569999999999,518.4569507298271,596.443,305.08015069854537,297.508,1.2045953523442368,2.224
graetz_fd361_equal_groove,E72,1400.0,18.66,419.8035362061781,728.573,501.6820531265524,788.674,520.3636327370583,704.068,501.06012927265544,757.512,520.4548756356343,641.707,518.9359918023395,599.887,305.4743202644487,297.82,1.2054537023894782,2.248
graetz_fd361_equal_groove,E72,1450.0,18.651,419.9099015925722,728.538,501.9203490597931,789.1759999999999,520.7279342571367,705.915,501.2949495170358,758.3820000000001,520.8149950613164,644.1569999999999,519.3576272274679,603.03,305.852559388369,298.133,1.2059835520908144,2.28
graetz_fd361_equal_groove,E72,1500.0,18.63,420.0430457351734,728.813,502.15793762108206,789.994,521.0498742543518,707.636,501.53113878015944,759.3489999999999,521.1339283270609,646.391,519.7284565798539,605.987,306.21554509546104,298.455,1.2051775834448781,2.286
graetz_fd361_equal_groove,E72,1550.0,18.62,420.13112656890286,727.467,502.3966315124328,789.542,521.3694253613361,709.221,501.7669226297308,759.517,521.4505742815832,648.729,520.0836168967348,608.8340000000001,306.5638942303991,298.787,1.2054644570233604,2.296
graetz_fd361_equal_groove,E72,1600.0,18.608,420.19791444476834,729.074,502.58607108088506,790.153,521.6583810035828,710.519,501.9538038421764,760.25,521.7363254628351,650.604,520.413108102814,611.5360000000001,306.89815819885195,299.101,1.2053354351933758,2.301
graetz_fd361_equal_groove,E72,1650.0,18.59,420.29868531661424,730.12,502.7768619380101,791.237,521.920418703489,711.967,502.14343973968334,761.266,521.995900391562,652.578,520.7115509217597,613.903,307.21891197589275,299.429,1.2045597756612363,2.314
graetz_fd361_equal_groove,E72,1700.0,18.575,420.40899719417087,732.126,502.9904504544151,792.5409999999999,522.187071411876,713.583,502.35577799867457,762.447,522.2606261052632,654.608,521.0026960607304,616.208,307.5268021604208,299.74399999999997,1.204167838502226,2.328
graetz_fd361_equal_groove,E72,1750.0,18.559,420.5506547924082,732.5619999999999,503.21377262604153,794.53,522.461642167567,715.7349999999999,502.57832703094437,764.4749999999999,522.533522462298,656.919,521.2966181169573,618.807,307.82254658011163,300.11699999999996,1.2037461862322143,2.34
graetz_fd361_equal_groove,E72,1800.0,18.548000000000002,420.68867876450105,732.9849999999999,503.4471937308938,795.189,522.7429687230006,717.537,502.8104789141738,765.51,522.8132603321535,659.105,521.5936566969865,621.269,308.1069685808948,300.47799999999995,1.2038850217323072,2.365
graetz_fd361_equal_groove,E72,1850.0,18.535,420.8248313543065,734.403,503.6710589552253,795.4979999999999,523.0207804454728,718.905,503.0333509532343,766.16,523.0894966059104,660.9369999999999,521.8881053858913,623.499,308.3808285861087,300.83299999999997,1.203778221575194,2.371
graetz_fd361_equal_groove,E72,1900.0,18.526,420.942753878498,734.14,503.8830050014004,795.5319999999999,523.2884882499445,720.0519999999999,503.24387413515495,766.502,523.3555316848694,662.6289999999999,522.1734679318952,625.679,308.6447756564728,301.222,1.2040248830214468,2.37
graetz_fd361_equal_groove,E72,1950.0,18.503,421.09520538837,733.7,504.10903410776757,794.035,523.5525460254121,720.483,503.47040917650634,765.506,523.6187496922997,663.8209999999999,522.4514700743814,627.38,308.8993815176472,301.58099999999996,1.202843985394428,2.377
graetz_fd361_equal_groove,E72,2000.0,18.49,421.22230816264914,733.575,504.35513934099936,793.433,523.8362557387329,720.825,503.71556803145927,765.1479999999999,523.901606373676,664.652,522.7409028158911,628.9359999999999,309.14515950669823,301.926,1.2027739859860391,2.394
graetz_fd361_equal_groove,E72,2050.0,18.481,421.3167979465087,732.991,504.55623888611456,793.621,524.1056793120833,721.1679999999999,503.91504549997376,765.134,524.1694085640861,665.575,523.0254349061058,630.194,309.38257212817024,302.30899999999997,1.2029604840876253,2.415
graetz_fd361_equal_groove,E72,2100.0,18.483,421.3517592250274,734.7139999999999,504.69069408866875,794.953,524.3240547895115,722.213,504.04662010891843,766.25,524.3852876298201,666.806,523.2721322031896,631.659,309.6120589963479,302.666,1.2039954465545317,2.408
graetz_fd361_equal_groove,E72,2150.0,18.469,421.42292672161415,733.3019999999999,504.79758590545373,794.398,524.4883199578143,723.239,504.1532821738638,766.3199999999999,524.5478143834613,668.218,523.4681411548222,633.285,309.83399362887485,303.01599999999996,1.2031969363146444,2.399
graetz_fd361_equal_groove,E72,2200.0,18.455000000000002,421.4877582644369,733.1679999999999,504.94609862479564,794.2869999999999,524.6599070559625,723.602,504.3014557255122,766.189,524.718612869437,669.0409999999999,523.6535227129089,634.535,310.0486938699062,303.335,1.2024841874002816,2.421
graetz_fd361_equal_groove,E72,2250.0,18.452,421.5164413619964,735.1659999999999,505.0657759947165,794.446,524.8342361162138,724.135,504.41926239867246,766.367,524.8913908305701,669.9839999999999,523.8418296059282,635.7929999999999,310.2563696971769,303.69399999999996,1.2028386210163642,2.418
graetz_fd361_equal_groove,E72,2300.0,18.436999999999998,421.58393511757845,733.492,505.17286540547457,794.7429999999999,524.9835862910229,724.8309999999999,504.5264453386749,766.693,525.0396121069679,670.951,524.0104882633334,636.846,310.45730218746695,304.03799999999995,1.2018854784546829,2.427
graetz_fd361_equal_groove,E72,2350.0,18.442999999999998,421.6224137389467,733.7049999999999,505.2730786775479,795.1229999999999,525.1248724240094,725.515,504.6244095828076,767.067,525.1792574832144,671.909,524.1673000799135,637.978,310.65185314781354,304.387,1.2031091668635652,2.423
graetz_fd361_equal_groove,E72,2400.0,18.413,421.77997226762096,736.6579999999999,505.4125468301087,797.554,525.2631061585897,726.708,504.7668491441483,768.949,525.3177353109521,673.086,524.3155442725925,639.1479999999999,310.84049399056937,304.75399999999996,1.2007144854271852,2.45
graetz_fd361_equal_groove,E72,2450.0,18.409999999999997,421.894956955512,737.174,505.62668151727087,798.584,525.4688841994807,728.173,504.9800900498416,770.162,525.5237176882462,674.603,524.507867560338,640.54,311.02366105733097,305.11499999999995,1.2014458300864892,2.461
graetz_fd361_equal_groove,E72,2500.0,18.398,422.0052083210424,736.799,505.79580174006196,799.538,525.6786760224871,729.2909999999999,505.1491198118421,771.131,525.7329776844111,675.887,524.7191275522234,641.728,311.20174725370174,305.453,1.2011203567353594,2.455
graetz_fd361_equal_groove,E72,2550.0,18.381,422.1300156971016,739.3199999999999,505.9849116697081,801.947,525.8851105492137,730.723,505.3389146698164,773.044,525.9394231504461,677.304,524.9277254558285,642.983,311.3750584411313,305.817,1.2003166464503732,2.478
graetz_fd361_equal_groove,E72,2600.0,18.38,422.1918731944847,740.728,506.1494032027275,804.242,526.0930062804875,732.555,505.5016931743462,775.211,526.1464580963753,678.999,525.1392474806976,644.3340000000001,311.54382576754017,306.13,1.2010922381753943,2.477
graetz_fd361_equal_groove,E72,2650.0,18.372,422.258297746429,741.0319999999999,506.2598454612579,806.232,526.2582190593882,734.44,505.6116042304039,777.3489999999999,526.3104908395416,680.779,525.3224856180675,645.885,311.708250015754,306.436,1.200922940826322,2.489
graetz_fd361_equal_groove,E72,2700.0,18.361,422.3355737364151,741.152,506.385123737497,806.536,526.4053201867395,735.674,505.73698535694734,777.942,526.4570996989014,682.222,525.4820194356867,647.29,311.86854309892044,306.74199999999996,1.2004383636123017,2.49
graetz_fd361_equal_groove,E72,2750.0,18.373,422.3222337145838,740.226,506.4579913596098,805.154,526.5357342790811,736.626,505.8066352411349,777.7729999999999,526.5856889220042,683.434,525.6279023969948,648.9849999999999,312.0248675571557,307.067,1.202152592427136,2.496
graetz_fd361_equal_groove,E72,2800.0,18.361,422.3652912991346,738.3969999999999,506.4885571052393,802.654,526.6091164714563,735.736,505.83769890803535,775.578,526.657856284198,683.4179999999999,525.7284966496298,649.6479999999999,312.1773517140913,307.366,1.201158832214928,2.499
graetz_fd361_equal_groove,E72,2850.0,18.361,422.414350748955,738.203,506.56480970308894,801.524,526.6879485162498,734.971,505.9133421560169,774.443,526.7361199380138,683.172,525.817030776649,649.997,312.32614817078473,307.69,1.2015669156880562,2.493
graetz_fd361_equal_groove,E72,2900.0,18.352,422.478471455053,736.2349999999999,506.6481314494124,799.307,526.7806882101744,734.3399999999999,505.99700895096043,772.739,526.8285978177946,683.092,525.9144129590596,650.498,312.4714615259872,308.01,1.2010659764477887,2.479
graetz_fd361_equal_groove,E72,2950.0,18.353,422.52656486631577,738.183,506.73447753375547,799.3729999999999,526.8826334451287,733.822,506.0824286583218,772.392,526.9299548187591,682.8879999999999,526.0197695984955,650.567,312.61344789948026,308.32099999999997,1.2016449903186441,2.483
graetz_fd361_equal_groove,E72,3000.0,18.344,422.5948194285633,739.169,506.81761105128226,800.636,526.9805192563567,734.064,506.1659641098442,773.082,527.0275382808579,683.1859999999999,526.1234863822916,650.887,312.7522754717357,308.628,1.201160404471013,2.49
graetz_fd361_equal_groove,E72,3050.0,18.339,422.6621381667823,737.7919999999999,506.92142487091826,800.3919999999999,527.0898374342423,734.894,506.26968997407164,773.443,527.1367403809377,684.045,526.2331816977019,651.824,312.8880786402525,308.926,1.2011713479597508,2.482
graetz_fd361_equal_groove,E72,3100.0,18.333000000000002,422.7262959132331,737.963,507.0212879118644,798.812,527.2052261987998,734.5989999999999,506.3694790497696,772.135,527.2519000362909,684.2049999999999,526.3498011384324,652.367,313.020986236522,309.24199999999996,1.2010738990775185,2.491
graetz_fd361_equal_groove,E72,3150.0,18.326999999999998,422.78058337659814,737.231,507.11840731054787,798.288,527.3193457371755,734.231,506.4664326775273,771.567,527.3657621572706,684.15,526.4666290202622,652.662,313.1511046322846,309.55499999999995,1.200954644474891,2.487
graetz_fd361_equal_groove,E72,3200.0,18.317999999999998,422.85388229881335,738.578,507.21977697699435,797.723,527.4334302557747,733.992,506.56819085300094,771.04,527.4797716935375,684.18,526.5830528147185,652.896,313.278508627013,309.84499999999997,1.200547087322155,2.497
graetz_fd361_equal_groove,E72,3214.0,18.316,422.8724028273971,737.656,507.25154151481235,797.899,527.4667112848839,733.977,506.600005231958,771.112,527.513068815727,684.1869999999999,526.6163486568112,652.9549999999999,313.31371282246334,309.928,1.2004959574408298,2.485
graetz_fd361_equal_groove,E77,0.0,13.844999999999999,295.3565,310.26,295.3565,317.86199999999997,295.3565,319.984,295.3565,318.99399999999997,295.3565,321.865,295.35649999999987,322.57,295.3565,308.08399999999995,0.013808806743086932,0.062
graetz_fd361_equal_groove,E77,50.0,13.834,364.2791120356004,346.686,351.95310902726806,346.442,320.1132987923257,329.808,352.44521330525635,333.02299999999997,320.4756055688738,325.60999999999996,311.595930661175,325.294,295.35695831732664,307.83299999999997,0.15985069784141326,0.137
graetz_fd361_equal_groove,E77,100.0,13.829,373.4099052329483,383.27,393.28465127516085,392.364,360.12477064684157,358.804,393.6493629994445,369.07599999999996,360.68086118624956,344.88699999999994,342.21323099478445,339.876,295.3612131461531,307.59499999999997,0.26519497165122674,0.21
graetz_fd361_equal_groove,E77,150.0,13.834,376.04656421468246,414.554,411.38848935863757,431.01599999999996,391.6979340706296,386.082,411.6057357135887,403.24199999999996,392.24912363780066,365.55199999999996,372.06717774031,355.041,295.377365882046,307.33099999999996,0.3327489813229527,0.291
graetz_fd361_equal_groove,E77,200.0,13.843,377.09231597867256,442.467,419.27425902440626,465.436,410.3508164405231,410.928,419.393822587385,435.465,410.83096489952203,385.241,393.1976710207508,368.95899999999995,295.4179636470752,307.09,0.37196120351458506,0.358
graetz_fd361_equal_groove,E77,250.0,13.844999999999999,377.6276086937126,462.21899999999994,423.1089109260477,490.384,420.65567478645227,429.941,423.1665899572795,459.856,421.0658281224032,400.849,406.6042707366644,380.08099999999996,295.49549701022227,306.88199999999995,0.39390792861860857,0.409
graetz_fd361_equal_groove,E77,300.0,13.846,377.97454736630937,477.556,425.2633570230242,510.346,426.57313930824296,445.645,425.27992232693373,480.022,426.9288656609835,414.16599999999994,415.09711850996393,389.953,295.61864805940087,306.68399999999997,0.40698804067425276,0.447
graetz_fd361_equal_groove,E77,350.0,13.841,378.2434727374923,490.54099999999994,426.6552449419883,526.992,430.26324817141466,459.188,426.6431459907224,496.95399999999995,430.5784263634131,425.93499999999995,420.73367194390346,399.06899999999996,295.7910453748486,306.491,0.4150216433842744,0.497
graetz_fd361_equal_groove,E77,400.0,13.834,378.4703995032263,501.03,427.6648782485151,540.175,432.78081721416766,470.032,427.6316422560877,510.437,433.0655002029938,435.388,424.7072897831834,406.751,296.0116089369943,306.32399999999996,0.42041382068594846,0.527
graetz_fd361_equal_groove,E77,450.0,13.847999999999999,378.61194212510657,508.92099999999994,428.42053006429836,550.858,434.6269310080925,479.489,428.36950258360986,521.6949999999999,434.8876052322341,443.79699999999997,427.67141550461383,414.01699999999994,296.2757999288058,306.176,0.4259462441372497,0.556
graetz_fd361_equal_groove,E77,500.0,13.854000000000001,378.7233305438703,514.259,428.97591496633555,558.2059999999999,436.0234495661424,487.24899999999997,428.9107554349672,529.991,436.26452544282773,450.95899999999995,429.9496900753325,420.655,296.57701585978657,306.046,0.42976587474135286,0.593
graetz_fd361_equal_groove,E77,550.0,13.848999999999998,378.86340777390865,518.91,429.44040281403556,564.922,437.115433045109,494.068,429.3645435806162,537.476,437.3407376921992,457.34399999999994,431.73894606194614,426.92099999999994,296.90775382931554,305.91499999999996,0.43206171643988156,0.608
graetz_fd361_equal_groove,E77,600.0,13.842,378.97891307831213,523.649,429.8689781248438,569.947,438.02217059377597,499.437,429.78421031724565,542.8979999999999,438.2347753811758,462.501,433.1929946456198,432.272,297.26041605389963,305.804,0.43378036430086897,0.627
graetz_fd361_equal_groove,E77,650.0,13.847,379.0221874460298,527.077,430.2239135200006,574.2919999999999,438.7976614811454,504.38199999999995,430.1303375759217,547.8,438.9992473209589,467.24299999999994,434.41199922168107,437.23299999999995,297.627723316219,305.66299999999995,0.4360681766105392,0.654
graetz_fd361_equal_groove,E77,700.0,13.85,379.0249393846679,529.94,430.4826321090086,578.4,439.4405651362802,509.13599999999997,430.3811913850009,552.3,439.63220473459137,471.86899999999997,435.4304282668287,442.205,298.0031714588873,305.532,0.4377952720660194,0.666
graetz_fd361_equal_groove,E77,750.0,13.839,379.05996410646793,533.538,430.7014061835844,582.267,439.9695813000884,513.152,430.594108005747,556.271,440.1527173272933,475.80499999999995,436.2726248740247,446.45099999999996,298.3812595711242,305.417,0.4381522777852276,0.684
graetz_fd361_equal_groove,E77,800.0,13.841999999999999,379.075197055809,536.864,430.90914018660567,585.899,440.42913157182335,517.064,430.79595421560424,560.086,440.60489511354433,479.61899999999997,436.9880230234958,450.566,298.7575213453631,305.33599999999996,0.43949588863988776,0.698
graetz_fd361_equal_groove,E77,850.0,13.846,379.08197882724215,539.5899999999999,431.0695597600201,589.371,440.8271330201927,521.0219999999999,430.9509114223124,563.746,440.9961366630602,483.495,437.602818465753,454.772,299.12851417319405,305.239,0.4407371681095128,0.719
graetz_fd361_equal_groove,E77,900.0,13.834999999999999,379.1521652400063,541.467,431.2294620483451,592.191,441.17191292019805,524.429,431.1071474717439,566.861,441.3352007993092,486.91999999999996,438.1278013664215,458.514,299.49168165559865,305.17499999999995,0.4407070307288451,0.726
graetz_fd361_equal_groove,E77,950.0,13.853000000000002,379.17401027487784,543.962,431.3894262175845,594.925,441.49175629379334,527.632,431.26213393691205,569.804,441.6497835710856,490.109,438.5961268869208,462.131,299.8452384151028,305.12899999999996,0.44296863229249894,0.754
graetz_fd361_equal_groove,E77,1000.0,13.838,379.2746629431834,545.738,431.53120203466653,597.69,441.7788956594736,530.8820000000001,431.4013727108719,572.7159999999999,441.93241608007935,493.335,439.00851987473243,465.86,300.1880028173999,305.114,0.44249711725316043,0.769
graetz_fd361_equal_groove,E77,1050.0,13.849999999999998,379.33211590898395,547.813,431.705053928052,599.99,442.0591189426247,533.663,431.57144679980036,575.2149999999999,442.20865308537117,496.254,439.3884505973449,469.158,300.51923977827585,305.09799999999996,0.44423759790542183,0.777
graetz_fd361_equal_groove,E77,1100.0,13.842,379.41839074742927,549.265,431.85286127998654,601.858,442.3254554437187,536.363,431.71673784352856,577.422,442.4713551731451,499.04699999999997,439.74010940941395,472.299,300.83849766154503,305.09,0.4442878094838484,0.792
graetz_fd361_equal_groove,E77,1150.0,13.852,379.4715968388065,550.64,432.0037909790491,603.692,442.5770601003938,538.886,431.8643989006556,579.404,442.7195265665263,501.71399999999994,440.0662471715997,475.356,301.14560005430235,305.08799999999997,0.4457736000446182,0.803
graetz_fd361_equal_groove,E77,1200.0,13.845999999999998,379.55000154926074,552.3119999999999,432.13350963938376,605.905,442.80895621255934,541.256,431.9919143885208,581.675,442.9482948591493,504.18499999999995,440.36422616697655,478.144,301.44056846196435,305.118,0.4458967432885772,0.819
graetz_fd361_equal_groove,E77,1250.0,13.835999999999999,379.638591768457,553.281,432.29360770917737,608.0989999999999,443.0356384689389,543.655,432.1503934979845,583.961,443.1724826163705,506.75699999999995,440.641920353195,480.84399999999994,301.72356920415876,305.12699999999995,0.4457286601355971,0.831
graetz_fd361_equal_groove,E77,1300.0,13.853000000000002,379.63991645805726,554.211,432.4215726141727,609.337,443.25971619364975,546.117,432.2747406385886,585.675,443.39369573480735,509.361,440.9129822045835,483.784,301.9947775314038,305.13599999999997,0.4476616281827418,0.837
graetz_fd361_equal_groove,E77,1350.0,13.835999999999999,379.7011153775985,554.9449999999999,432.5107283509626,609.958,443.44699378862094,547.703,432.3626505257061,586.491,443.5783766266999,511.41999999999996,441.15127087589605,486.116,302.2544745363576,305.15799999999996,0.4467289457092777,0.844
graetz_fd361_equal_groove,E77,1400.0,13.853000000000002,379.71794329881095,557.683,432.6123410003874,612.011,443.6189227083953,549.48,432.46133911727327,588.281,443.7477572486377,513.4269999999999,441.36720841181886,488.327,302.5030495162788,305.2,0.44856450253859126,0.864
graetz_fd361_equal_groove,E77,1450.0,13.847999999999999,379.7615869327783,557.866,432.6786594732356,613.553,443.7674111466313,551.573,432.5260603744802,590.072,443.89386138893735,515.559,441.5584411451303,490.70799999999997,302.74103148842505,305.25399999999996,0.4485161823592648,0.865
graetz_fd361_equal_groove,E77,1500.0,13.841000000000001,379.84439215777223,558.941,432.7829254736418,614.476,443.90972885348395,553.358,432.62944376452845,591.191,444.0344185950076,517.5999999999999,441.73203361214644,493.08299999999997,302.9689557227217,305.30499999999995,0.44837901706767125,0.869
graetz_fd361_equal_groove,E77,1550.0,13.850000000000001,379.8792668524691,559.9749999999999,432.8891376040115,615.863,444.06319862323966,554.922,432.7335549236668,592.5799999999999,444.18609908453647,519.39,441.9082262500695,495.04499999999996,303.1873632584377,305.36199999999997,0.44953856773477596,0.889
graetz_fd361_equal_groove,E77,1600.0,13.845999999999998,379.9281282968317,561.0419999999999,432.96819651379326,617.093,444.2049282929146,556.576,432.8113094027568,593.9449999999999,444.32604035224483,521.174,442.0758781598173,497.06899999999996,303.39674748051,305.428,0.4495779821339938,0.897
graetz_fd361_equal_groove,E77,1650.0,13.855999999999998,379.95395010879963,561.144,433.0414601231112,617.952,444.3319162680857,558.0909999999999,432.8826135223562,594.977,444.4511878307258,522.9069999999999,442.2297703643162,498.981,303.597592212996,305.49699999999996,0.45073009978210177,0.886
graetz_fd361_equal_groove,E77,1700.0,13.850000000000001,380.0224386289516,561.457,433.1073975158703,617.8979999999999,444.4447333270206,559.275,432.9477881422989,595.328,444.5624602610991,524.468,442.3671770636131,500.855,303.7904210124098,305.587,0.45056040051051804,0.9
graetz_fd361_equal_groove,E77,1750.0,13.854,380.08546123960696,563.345,433.1986087713817,619.623,444.5599295377862,560.526,433.03787115721747,596.703,444.67637065406984,525.814,442.49928339358286,502.43899999999996,303.97576821978,305.678,0.4512531207157455,0.905
graetz_fd361_equal_groove,E77,1800.0,13.857,380.12946460700977,564.684,433.2771803715709,621.171,444.67759366152285,561.986,433.1151808384964,598.15,444.79273293147617,527.405,442.6316561299385,504.14,304.1541142623232,305.75,0.45182896714975807,0.918
graetz_fd361_equal_groove,E77,1850.0,13.847999999999999,380.2048388867499,564.384,433.3625175593425,621.938,444.7915560928279,563.633,433.2001683278491,599.223,444.9056704448079,529.1479999999999,442.7587877516095,505.99199999999996,304.3258540008998,305.84299999999996,0.4514406834533715,0.926
graetz_fd361_equal_groove,E77,1900.0,13.852,380.2581844365721,564.555,433.46049828859395,622.2929999999999,444.9126410389431,564.703,433.29702602044193,599.843,445.0257663829347,530.434,442.8885891754294,507.56999999999994,304.4913615565411,305.938,0.4521390170245624,0.928
graetz_fd361_equal_groove,E77,1950.0,13.856000000000002,380.29440061575065,563.377,433.53018423249466,621.825,445.02677135418776,565.5039999999999,433.3654456555979,599.8299999999999,445.1386939526147,531.531,443.01596188404034,508.938,304.6510119823391,306.043,0.4527728082641612,0.933
graetz_fd361_equal_groove,E77,2000.0,13.854999999999997,380.33133171469865,565.2729999999999,433.5892626304736,622.4079999999999,445.1240735781596,566.039,433.42368137031013,600.18,445.2348677088535,532.3399999999999,443.12964957302734,510.157,304.8051574707729,306.145,0.4529546955760795,0.927
graetz_fd361_equal_groove,E77,2050.0,13.855,380.36536378770455,564.99,433.6492185317096,622.999,445.21369619166506,566.983,433.48282721788013,600.88,445.3234951189775,533.3879999999999,443.23306711889575,511.35299999999995,304.9540707658608,306.236,0.4532062721681791,0.946
graetz_fd361_equal_groove,E77,2100.0,13.852,380.4059839386869,566.31,433.71036734508397,624.136,445.30049549368357,567.951,433.5433910426514,601.8889999999999,445.40943597051273,534.421,443.33084363413946,512.5409999999999,305.0979913656453,306.32899999999995,0.45321040105535415,0.943
graetz_fd361_equal_groove,E77,2150.0,13.855999999999998,380.4166712590401,567.174,433.76453358951835,625.0999999999999,445.3844754032448,569.04,433.59649252881854,602.8409999999999,445.4924910512221,535.575,443.42558538633097,513.778,305.23716145930706,306.42199999999997,0.45375604904701816,0.94
graetz_fd361_equal_groove,E77,2200.0,13.835,380.4823647820387,569.21,433.83081273744006,626.6659999999999,445.46662634550825,570.26,433.6633842578557,604.1959999999999,445.57419323568814,536.845,443.51444662685935,515.015,305.3717505775023,306.53,0.45228378654811663,0.955
graetz_fd361_equal_groove,E77,2250.0,13.838000000000001,380.5096090615052,565.941,433.9243448141034,626.047,445.5670181886185,571.569,433.7560390623922,604.622,445.67412301262266,538.1949999999999,443.61422569138904,516.501,305.5019077408021,306.614,0.45283641316511025,0.952
graetz_fd361_equal_groove,E77,2300.0,13.854,380.4698812663368,565.2049999999999,433.9476469796415,624.823,445.6524179437863,571.486,433.77719083915053,603.524,445.75824116800555,538.607,443.71303204894514,517.4209999999999,305.62782911988097,306.71,0.4542936051480053,0.952
graetz_fd361_equal_groove,E77,2350.0,13.855,380.45305048588153,564.169,433.9241571657861,623.087,445.6892303294209,571.276,433.7527741877459,602.28,445.79367781179053,538.771,443.7774413746376,518.208,305.7497382636766,306.804,0.4543932782400867,0.945
graetz_fd361_equal_groove,E77,2400.0,13.852,380.4693574278983,562.924,433.9274219314807,621.699,445.70718250175395,570.789,433.7558494770991,601.092,445.8108076889298,538.7249999999999,443.81473345540894,518.7,305.8678519499921,306.92499999999995,0.4541984844314846,0.961
graetz_fd361_equal_groove,E77,2450.0,13.850999999999999,380.49553502772494,563.449,433.95636383944645,620.726,445.73726305180816,570.3009999999999,433.78452949945756,600.025,445.84038738323085,538.616,443.85167213168006,519.0219999999999,305.98236693275794,307.008,0.45422664841174065,0.951
graetz_fd361_equal_groove,E77,2500.0,13.85,380.53163283108825,563.232,433.9955865870055,620.777,445.7813195538347,570.396,433.8235030237284,600.068,445.88402438279354,538.838,443.8980063676777,519.463,306.09350060628793,307.13199999999995,0.45429583322563316,0.952
graetz_fd361_equal_groove,E77,2550.0,13.843,380.57743410581867,564.861,434.0507393971536,621.981,445.8372517944181,570.861,433.87874654926486,600.8789999999999,445.9397230874679,539.303,443.95315355951163,520.029,306.2014741098759,307.239,0.4539128920057035,0.95
graetz_fd361_equal_groove,E77,2600.0,13.85,380.6044781187967,564.656,434.10288302454103,622.438,445.90145620748126,571.612,433.9300700644596,601.412,446.0034645002494,540.056,444.01762446571934,520.787,306.30644674677774,307.35699999999997,0.4546867193484643,0.96
graetz_fd361_equal_groove,E77,2650.0,13.852,380.6263121335181,564.4639999999999,434.1323940498212,622.393,445.9557265967807,572.0709999999999,433.9590134614382,601.489,446.05712842639645,540.654,444.0785531437002,521.481,306.4086539164743,307.48499999999996,0.45499549228090885,0.959
graetz_fd361_equal_groove,E77,2700.0,13.852,380.6953433894521,565.156,434.16874178289095,623.011,446.0007848883065,572.5229999999999,433.9953312478439,601.952,446.10172523747065,541.159,444.1307740048687,522.125,306.50832428675034,307.618,0.4551768596612612,0.964
graetz_fd361_equal_groove,E77,2750.0,13.852,380.7704485383049,565.7139999999999,434.2342523841093,623.1479999999999,446.05483396277305,572.94,434.06092676560667,602.056,446.15562914696886,541.7139999999999,444.18461490050606,522.7249999999999,306.6058207768576,307.738,0.4554159728466881,0.969
graetz_fd361_equal_groove,E77,2800.0,13.847000000000001,380.83625521758034,565.164,434.31366392122044,623.199,446.1272791686245,573.414,434.1404498352079,602.29,446.22808183473404,542.271,444.25094621444725,523.362,306.7013478259196,307.85799999999995,0.4552731052525675,0.969
graetz_fd361_equal_groove,E77,2850.0,13.857000000000001,380.8307999945912,565.313,434.36950593410114,623.4359999999999,446.20433847491506,573.673,434.1950790578322,602.511,446.3046996267879,542.645,444.3271470432114,523.848,306.7949254148723,307.94399999999996,0.4562923870617287,0.981
graetz_fd361_equal_groove,E77,2900.0,13.850999999999999,380.86668875746005,565.319,434.39074745519747,623.03,446.25880590106976,573.904,434.21623151452764,602.276,446.35861660315413,543.0,444.39098698622473,524.3299999999999,306.88651526303755,308.06899999999996,0.45593599099719273,0.981
graetz_fd361_equal_groove,E77,2950.0,13.864999999999998,380.86233877262174,564.928,434.4133097495793,623.1379999999999,446.2982873535069,574.0519999999999,434.23763855310847,602.3879999999999,446.39742938792887,543.287,444.44113363625263,524.739,306.9762326627474,308.18499999999995,0.45719488721081336,0.976
graetz_fd361_equal_groove,E77,3000.0,13.852,380.9019544356443,564.679,434.42884352103977,622.6669999999999,446.32728914642513,574.156,434.25370425025926,602.0139999999999,446.4261352254521,543.528,444.4784299104623,525.13,307.06415552299893,308.27599999999995,0.4562132031080054,0.984
graetz_fd361_equal_groove,E77,3041.0,13.85,380.92383836959937,565.544,434.4735653761112,623.3499999999999,446.36090915330726,574.299,434.2984708573516,602.429,446.4597419278224,543.727,444.5113220274628,525.356,307.13490744726863,308.37,0.4561796626964668,0.978
