simulation_id,phase,time_s,flow_lpm,dp1_observed_mbar,dp1_base_mbar,dp1_augmented_mbar,T8_model_K,T8_experiment_K,T12_model_K,T12_experiment_K,T11_model_K,T11_experiment_K,T9_model_K,T9_experiment_K,T10_model_K,T10_experiment_K,T3_model_K,T3_experiment_K,T2_model_K,T2_experiment_K
E67,heating_train,0.0,15.279999999999998,0.146,0.07929917945900355,0.07656030509588899,293.3685,296.62199999999996,293.3685,296.25,293.3685,296.35299999999995,293.3685,296.22499999999997,293.3685,296.43399999999997,293.3684999999999,296.686,293.3685,293.39799999999997
E67,heating_train,50.0,15.271000000000003,0.316,0.529923471405438,0.8087304119693218,637.5173753818698,383.55999999999995,409.2874450124817,341.47999999999996,343.1658022165144,308.99899999999997,410.02846174595334,316.138,343.4569487840869,300.25399999999996,383.1943500261135,299.786,293.37053940324637,293.414
E67,heating_train,100.0,15.279,0.6,0.7856044263100627,1.242104111455629,759.6403176455597,540.75,504.327889601032,473.256,395.98149739950827,376.486,505.4560633825523,420.83,396.45756149669114,346.76099999999997,439.984178498756,327.39099999999996,293.38171215595736,293.438
E67,heating_train,150.0,15.276000000000002,0.864,0.9483641344050843,1.5267566157827943,820.412402885333,664.299,573.5654165676751,589.1769999999999,443.08540337451524,445.365,574.9344453234203,529.854,443.7057755103027,403.433,479.22715884908445,354.489,293.4106610653629,293.471
E67,heating_train,200.0,15.274999999999997,1.033,1.0587405721105276,1.7248157876003996,854.9187736714375,748.8409999999999,623.6717998033864,676.7909999999999,482.85254300374703,499.078,625.1807649260536,618.247,483.5807066772944,448.715,507.5406283138447,378.13699999999994,293.4813932394309,293.50899999999996
E67,heating_train,250.0,15.288000000000002,1.192,1.1384417412837808,1.8709666934814755,876.150389700022,809.804,660.3342055379183,746.2349999999999,515.8390886893044,544.2439999999999,661.9187788056734,691.87,516.6458933380802,487.053,528.6437942063299,398.99399999999997,293.6331839033097,293.53999999999996
E67,heating_train,300.0,15.274000000000003,1.326,1.1936680374552853,1.9743647457383586,890.3267730744697,854.7379999999999,687.6323696606046,803.725,543.0666496580134,584.703,689.2532003094241,752.739,543.9294892828709,521.4689999999999,544.7173626194374,420.99299999999994,293.91057341307885,293.59299999999996
E67,heating_train,350.0,15.268999999999998,1.439,1.2362349231606204,2.0551249923809607,900.338768448169,882.3009999999999,708.4088285619476,844.107,565.588723819331,616.0509999999999,710.0426102238962,795.891,566.4908006040771,548.444,557.3214099850331,442.34799999999996,294.3525529495919,293.645
E67,heating_train,400.0,15.283999999999999,1.538,1.2717104651052087,2.123154116858281,907.3983194455494,903.242,724.4966449619279,877.372,584.3230246878388,644.2819999999999,726.1290532960538,831.799,585.251945638031,572.938,567.4001759064215,461.29599999999994,294.98545553968086,293.70799999999997
E67,heating_train,450.0,15.280000000000001,1.614,1.2974098334359159,2.173211388737423,912.6976992780043,918.233,737.1732992930451,900.886,599.9907963634654,666.63,738.7961193570563,857.492,600.9372013608845,592.479,575.5004714450446,478.52299999999997,295.82033990727325,293.78099999999995
E67,heating_train,500.0,15.284,1.707,1.3192113350617252,2.2159130620719347,916.8057478808755,930.434,747.3661759555091,919.933,613.1877347944778,685.787,748.9750217154772,878.2909999999999,614.1448473024958,609.479,582.183001256121,494.013,296.8538954458744,293.83799999999997
E67,heating_train,550.0,15.283000000000001,1.761,1.3364505084595892,2.2499779809669453,920.0646158608874,938.485,755.6933969324502,935.644,624.3856529664857,703.467,757.286024612936,895.824,625.3484922935023,625.688,587.7306644527531,510.158,298.07128446392886,293.935
E67,heating_train,600.0,15.276000000000003,1.819,1.3500191010684484,2.276947159496164,922.8106263720733,945.481,762.6269880444879,947.425,633.9610422888323,718.056,764.2027505287281,908.976,634.9260220597002,639.185,592.4019216573171,522.261,299.4496553739624,294.03099999999995
E67,heating_train,650.0,15.271000000000003,1.877,1.3617310888320722,2.3002274637911873,925.1456360937091,950.697,768.4962255382696,957.418,642.2160984831943,730.835,770.0552046973769,919.996,643.1806895009394,651.1659999999999,596.4020672252166,536.413,300.9616717131488,294.145
E67,heating_train,700.0,15.281000000000002,1.934,1.373902004503344,2.324252406558985,926.956313059035,955.255,773.4867091148235,966.3199999999999,649.3832012257546,743.392,775.0288273859244,930.026,650.3455731801573,663.016,599.8892178662522,550.509,302.578366759642,294.32599999999996
E67,heating_train,750.0,15.285999999999998,1.981,1.383652583640682,2.343703726978605,928.3893558655939,955.7379999999999,777.7394170608688,972.053,655.6335660271341,753.972,779.2647916980083,936.941,656.5922717599233,673.497,602.8701346856838,562.942,304.2712817007924,294.496
E67,heating_train,800.0,15.292000000000002,2.029,1.3923132507100924,2.361021260007335,929.5856066529273,959.4789999999999,781.4036747234189,977.4549999999999,661.1114614940908,763.094,782.9128351846637,942.962,662.0654640027021,682.845,605.4643242938137,574.229,306.01392491682645,294.692
E67,heating_train,850.0,15.281000000000002,2.07,1.3976118239352173,2.3717507604600927,930.798486931319,961.689,784.6332039396182,982.935,665.9442562701436,772.385,786.1273920040755,949.114,666.8928892171486,692.27,607.7093512804491,586.5219999999999,307.78263023810837,294.95399999999995
E67,heating_train,900.0,15.277,2.108,1.4033898350983116,2.3832180899570776,931.9640800797761,962.116,787.5394463188645,986.364,670.2461948558494,780.284,789.01990748206,953.384,671.1891630789992,700.508,609.7483895383187,596.6769999999999,309.5570568687416,295.22999999999996
E67,heating_train,950.0,15.287999999999998,2.139,1.4106276978019774,2.3974996860331825,932.8103476762581,963.689,790.1095495509945,989.629,674.0885517980137,787.754,791.5765994715746,957.206,675.0255924502156,708.5129999999999,611.597351014228,606.607,311.3200588657287,295.532
E67,heating_train,1000.0,15.282000000000002,2.183,1.4144063977285248,2.4052605454895186,933.5864751742463,965.2819999999999,792.3858941801333,994.1569999999999,677.5245686543012,794.189,793.8402071085811,961.788,678.4554239707509,715.48,613.1631239109204,614.825,313.05758359971924,295.83
E67,heating_train,1050.0,15.291,2.222,1.4200273883501677,2.416480297921157,934.2067255001258,963.408,794.4178707306307,997.732,680.610714419741,801.0699999999999,795.8599809314792,964.0079999999999,681.5353067206354,723.037,614.6182770264841,622.938,314.75842183111,296.166
E67,heating_train,1100.0,15.279,2.238,1.4218883224769998,2.4205044583981516,934.8838629594986,963.127,796.2547353638662,998.2529999999999,683.3912051092411,807.693,797.6856349634238,966.021,684.309495378985,730.351,615.8466881000702,631.546,316.4139995086096,296.543
E67,heating_train,1150.0,15.279,2.272,1.4254076057960066,2.4275865347779177,935.5319781701369,960.8299999999999,797.951082288527,997.732,685.916391726412,812.467,799.3716641968682,966.443,686.8285336113197,735.948,617.0187186624198,638.8399999999999,318.0179925479389,296.935
E67,heating_train,1200.0,15.279,2.3,1.4284945329532488,2.4338665760251255,936.0547547844608,959.7379999999999,799.4872741237737,997.293,688.2116936822699,816.3919999999999,800.898002902895,966.6179999999999,689.1177745498453,740.795,618.0695053337865,645.547,319.5659870048229,297.36499999999995
E67,heating_train,1250.0,15.276000000000002,2.315,1.4310105876994057,2.438915469979908,936.557824192589,959.459,800.891290290547,998.155,690.3059175746769,820.221,802.292829891621,967.732,691.2060896727271,745.568,619.0329455012026,651.79,321.05520428046316,297.842
E67,heating_train,1300.0,15.282,2.35,1.434726905524084,2.4462156810449978,936.9487971770513,958.593,802.1688625104803,999.324,692.2229996622544,824.156,803.5616250799018,969.259,693.1174380599275,750.065,619.9496603335213,657.969,322.48436311745513,298.337
E67,heating_train,1350.0,15.272,2.365,1.4357411605711423,2.4482960839050767,937.4212813108531,959.971,803.353879054341,1000.691,693.983310676579,827.909,804.7387088947585,970.793,694.8722015124644,754.442,620.736887546637,663.902,323.8532459649755,298.86499999999995
E67,heating_train,1400.0,15.267000000000003,2.39,1.4376509597123102,2.451920820650799,937.9550289293979,961.14,804.4934375104377,1001.857,695.6172968358668,831.9259999999999,805.8712537057106,972.268,696.5009685838309,758.939,621.5186286856763,670.017,325.1623954708534,299.448
E67,heating_train,1450.0,15.277999999999999,2.412,1.4417327630785675,2.4597950546952516,938.2644822094921,959.132,805.5294311993393,1002.353,697.1285201057849,835.31,806.9002138506154,973.086,698.0071521496968,763.0429999999999,622.2822159620719,675.245,326.4129881118188,300.01399999999995
E67,heating_train,1500.0,15.276000000000002,2.425,1.4434971603660411,2.463248880629525,938.5354239726657,960.8729999999999,806.4563451013591,1003.879,698.518052511233,838.6809999999999,807.8203587066714,974.5799999999999,699.3917439331075,767.0519999999999,622.9251386487663,680.717,327.60658759931295,300.644
E67,heating_train,1550.0,15.279999999999998,2.445,1.4460838644383545,2.4682593328899856,938.7926608850951,960.36,807.3113937459142,1003.5219999999999,699.8023185097463,841.977,808.6690753794153,974.894,700.671261633004,770.9179999999999,623.5449666753393,685.712,328.7451275929705,301.243
E67,heating_train,1600.0,15.272,2.462,1.446661709843073,2.469390577422554,939.1294709505067,958.961,808.1190358955595,1003.0849999999999,700.9936844588492,844.481,809.4710846094073,974.788,701.8580888243927,774.1279999999999,624.0792313765512,690.2339999999999,329.83071852370256,301.84999999999997
E67,heating_train,1650.0,15.286,2.46,1.450354737941241,2.476643766461999,939.2750414192453,957.069,808.8502298744643,1002.448,702.0956686936677,846.79,810.1965633569274,974.446,702.9556814982154,777.208,624.630463067871,694.6769999999999,330.865511605802,302.51099999999997
E67,heating_train,1700.0,15.264,2.482,1.4482271158059503,2.4726951509018296,939.6331042901134,955.092,809.5436238947315,1000.703,703.1151935003547,848.728,810.8851446181347,973.215,703.9709768373071,779.741,625.0057799812251,698.333,331.8515457924033,303.11699999999996
E67,heating_train,1750.0,15.290000000000001,2.48,1.4536020365659748,2.483177279056152,939.693057250048,954.569,810.1721146081768,999.749,704.062680569396,850.108,811.5084710595986,972.321,704.9144278851909,781.96,625.5320558888693,701.8389999999999,332.7909535974966,303.736
E67,heating_train,1800.0,15.275,2.489,1.4520239326308184,2.4804467686086813,939.8251185645727,954.257,810.7121187252698,999.802,704.9247879293993,851.733,812.0436302971505,972.346,705.7724996239613,784.309,625.8205703921653,705.354,333.6858852034024,304.39799999999997
E67,heating_train,1850.0,15.280000000000001,2.507,1.4538606996189354,2.484109260830472,940.0008642087614,955.423,811.241434547843,1000.2869999999999,705.7298149492019,853.41,812.5686547564892,972.794,706.573766898664,786.5849999999999,626.1986270825803,708.4549999999999,334.53849008820083,305.012
E67,heating_train,1900.0,15.271000000000003,2.519,1.4535270075140603,2.483512006855073,940.2325150286811,956.5889999999999,811.7500543956344,1001.2049999999999,706.4829418332668,855.321,813.0735181664329,973.619,707.323349789527,788.891,626.5118126379339,711.199,335.3509994404306,305.64099999999996
E67,heating_train,1950.0,15.286,2.529,1.4570454330175373,2.490262512245045,940.2875340394505,955.79,812.2123664781037,1002.038,707.1885623177794,857.5169999999999,813.531924521202,974.564,708.0256211844776,791.4449999999999,626.9055660897377,714.434,336.1257312175899,306.32899999999995
E67,heating_train,2000.0,15.283000000000001,2.552,1.4574248014542635,2.4910676350369645,940.343389280545,954.0029999999999,812.6128043406934,1001.9,707.8390664658444,859.3389999999999,813.9286015496657,974.6419999999999,708.6728478100911,793.648,627.1792073327812,717.367,336.8650075234601,306.96999999999997
E67,heating_train,2050.0,15.283999999999999,2.55,1.4586443602395796,2.493342194174152,940.4718793762263,952.7099999999999,813.0051582390727,1001.518,708.4509414709598,860.814,814.3176917397722,974.4119999999999,709.2816740178669,795.635,627.4802296051323,720.104,337.5709664249563,307.613
E67,heating_train,2100.0,15.279,2.578,1.4588888107316822,2.4937273451166764,940.6652248625592,953.5169999999999,813.3978474163752,1001.712,709.0314131581197,862.091,814.7076148666769,974.4929999999999,709.8593162993774,797.485,627.748415380728,722.6320000000001,338.2456902509074,308.293
E67,heating_train,2150.0,15.281000000000002,2.574,1.4602311411280469,2.4962179914509006,940.8336897675756,954.617,813.7837128860758,1001.542,709.5838786261368,863.542,815.0909271724063,974.592,710.4091487781878,799.309,628.0350343390933,724.988,338.89104572418546,308.94
E67,heating_train,2200.0,15.283000000000001,2.588,1.4613552896206503,2.4983819124367033,940.9323296765141,952.0889999999999,814.1344109891536,1001.03,710.1021276896431,864.771,815.4390381590504,974.2049999999999,710.9248613126118,801.012,628.2865552616036,727.544,339.50874209949546,309.602
E67,heating_train,2250.0,15.279,2.595,1.4614334160605442,2.498553418876686,941.071886339336,952.5509999999999,814.4653584593411,1000.208,710.5883027645305,865.6659999999999,815.767641949029,973.494,711.4086150970346,802.425,628.4956461624837,729.6089999999999,340.10030069400045,310.21799999999996
E67,heating_train,2300.0,15.283999999999999,2.595,1.4629626877074604,2.50148527560244,941.1501544531649,950.836,814.7716597319227,999.5509999999999,711.0448143486851,866.4019999999999,816.0716108526435,972.929,711.8628238956695,803.709,628.7319692259548,731.569,340.6672026125973,310.83
E67,heating_train,2350.0,15.271000000000003,2.61,1.4616032737722633,2.4988402649920394,941.3727805719889,950.7719999999999,815.0825486769638,999.535,711.4782172214404,867.215,816.3807331924609,972.891,712.2940801999882,805.009,628.8908647121277,733.453,341.2109317415808,311.46799999999996
E67,heating_train,2400.0,15.277,2.606,1.463337500765232,2.5021161204777704,941.518576787478,949.99,815.393098826951,999.3349999999999,711.8948051334977,868.174,816.6895393752695,972.744,712.7086963354205,806.313,629.1275294930269,735.324,341.7328550675694,312.058
E67,heating_train,2450.0,15.291,2.619,1.4659571934441828,2.507276127362333,941.4048683162562,948.415,815.6174038705065,998.304,712.2719903600622,868.793,816.9113665195481,971.823,713.0838300851542,807.472,629.3346123797955,736.95,342.23425584907363,312.635
E67,heating_train,2500.0,15.287,2.623,1.4656119760412438,2.506723852528867,941.3715884919588,949.93,815.7938955831305,998.3,712.6107884372332,869.323,817.0855543068332,971.576,713.4205707461713,808.4359999999999,629.4468191795758,738.574,342.71632966229043,313.253
E67,heating_train,2550.0,15.281000000000002,2.644,1.4652002691100203,2.5058942283417407,941.5056711998536,950.8629999999999,815.9985347454781,999.054,712.9341692931483,870.217,817.2885962483375,972.1469999999999,713.7421041072741,809.571,629.5782790268474,740.123,343.1802707602639,313.80899999999997
E67,heating_train,2600.0,15.280000000000001,2.646,1.4656713023879764,2.506719004629012,941.6521139444471,951.547,816.222638241185,999.8829999999999,713.2481350675366,871.331,817.5114034127606,972.901,714.0544069149685,810.9,629.7383423990716,741.78,343.6271735952178,314.41499999999996
E67,heating_train,2650.0,15.276000000000002,2.646,1.4656803082775327,2.5066357328129243,941.8107448110655,952.322,816.4531907303482,1000.2049999999999,713.5528611538173,872.4159999999999,817.7408529855438,973.263,714.3576111506623,812.178,629.8864502644631,743.4369999999999,344.058006422115,314.96799999999996
E67,heating_train,2700.0,15.293000000000003,2.64,1.4688422367151848,2.5127282966393274,941.7289396128606,950.365,816.6304721853625,999.963,713.8358117944787,873.252,817.9163726082389,973.2049999999999,714.6390309660738,813.3249999999999,630.0847205898748,744.865,344.4736986577682,315.508
E67,heating_train,2750.0,15.277,2.654,1.4666679719021496,2.508530112582389,941.8344302145788,949.35,816.7926513881267,999.095,714.0970187457283,873.845,818.0772881959065,972.489,714.8987447820457,814.295,630.1390712761795,746.278,344.8751063187723,316.078
E67,heating_train,2800.0,15.27,2.661,1.4663631718799763,2.507717877655419,942.1186318947694,947.946,817.0232095190368,998.558,714.3655995387155,874.2049999999999,818.3073790715077,971.971,715.1661307248476,815.009,630.2848806896272,747.461,345.2631001346617,316.616
E67,heating_train,2850.0,15.289000000000001,2.663,1.469806357837252,2.5143609099600894,942.0650500603394,948.2139999999999,817.2044372776868,998.358,714.618501234005,874.54,818.4872765452778,971.699,715.4178050062003,815.673,630.480901131149,748.614,345.6384720062064,317.13199999999995
E67,heating_train,2900.0,15.284,2.666,1.469069014394861,2.5130866436625996,942.0104265394789,948.404,817.3203615973396,998.432,714.8389542122061,875.098,818.6016764589262,971.762,715.636904206998,816.438,630.5305383162334,749.8820000000001,346.00178041288433,317.662
E67,heating_train,2950.0,15.281000000000002,2.686,1.4687056349099294,2.5125021336597024,942.077066529021,946.838,817.4470306380838,998.067,715.044837847642,875.509,818.727222674549,971.437,715.8415267686089,817.115,630.593413152,751.028,346.353508768324,318.145
E67,heating_train,3000.0,15.279999999999998,2.695,1.4688902471478902,2.5128317900933497,942.149580237412,945.62,817.5794424683136,998.304,715.2408814695616,876.05,818.8586979993922,971.6329999999999,716.0364117110041,817.889,630.685652649869,751.943,346.6941391750829,318.652
E67,heating_train,3050.0,15.282000000000002,2.697,1.4696185328305353,2.5141646156483763,942.1920048748896,947.942,817.7065864561313,998.97,715.4291225903515,876.524,818.9849184013062,972.026,716.2235778344967,818.6089999999999,630.7934955626681,752.847,347.02434882700675,319.13399999999996
E67,heating_train,3100.0,15.277999999999999,2.71,1.4693906166065633,2.5136451760172354,942.279843829783,946.183,817.8378500688142,999.471,715.6119990190316,877.3389999999999,819.1154554559356,972.59,716.4054670605206,819.4929999999999,630.8771234689991,753.822,347.34480366052094,319.59799999999996
E67,heating_train,3150.0,15.289,2.709,1.4716092321785008,2.517810330794537,942.2443069284733,947.278,817.9471968674679,999.0939999999999,715.7857726020875,877.976,819.2237837595624,972.338,716.578288383454,820.345,631.0199084509313,755.016,347.6561092736099,320.12399999999997
E67,heating_train,3200.0,15.281000000000002,2.716,1.4705870792830682,2.5158210371420306,942.2940061281852,946.712,818.0451547991794,998.256,715.9475191217405,878.293,819.320930708458,971.739,716.7390920578192,820.92,631.0626893910238,755.913,347.958858926374,320.575
E67,heating_train,3250.0,15.283000000000001,2.732,1.4712979702397235,2.517109670435092,942.3729922366298,946.56,818.1620283163154,997.847,716.107369682451,878.362,819.4372036082515,971.3,716.8981100761489,821.3059999999999,631.161452702031,756.631,348.25344329717166,321.03999999999996
E67,heating_train,3300.0,15.279,2.721,1.471030049814678,2.5165145677824823,942.4676591721325,947.1229999999999,818.2823324035177,997.579,716.2629634079627,878.6089999999999,819.5570180911457,971.0,717.052926861031,821.7379999999999,631.2335214729674,757.373,348.5402139597696,321.50699999999995
E67,heating_train,3350.0,15.272,2.715,1.470308190927299,2.5150382318283673,942.6402171325632,945.468,818.4266742515176,997.482,716.4206692001902,878.8199999999999,819.7011675794377,970.9019999999999,717.209964416655,822.167,631.3002067309793,758.0419999999999,348.81949837250215,321.94399999999996
E67,heating_train,3400.0,15.289,2.726,1.4732436466411407,2.520717284230905,942.5570625252946,942.838,818.5269436008247,996.877,716.5660600753872,879.087,819.800516279596,970.444,717.3546257349481,822.624,631.4343261137411,758.7639999999999,349.09156078628416,322.38899999999995
E67,heating_train,3450.0,15.284,2.719,1.4722982542189698,2.519073345155763,942.4874735341559,944.692,818.5743434107985,996.117,716.6861726174482,879.1039999999999,819.8468478583256,969.77,717.4738729682715,822.9069999999999,631.4318328767835,759.396,349.3566279947256,322.77299999999997
E67,heating_train,3500.0,15.283000000000001,2.721,1.4722042913827114,2.518950629280617,942.5160825518168,943.771,818.6348431823936,996.322,716.7981531910394,879.177,819.9066212971893,969.855,717.5850652527918,823.1519999999999,631.4678222039088,759.736,349.6148707025808,323.16999999999996
E67,heating_train,3550.0,15.276000000000003,2.732,1.4713714713671577,2.5172742390492364,942.6309080990552,944.607,818.721674433044,996.293,716.910833339974,879.411,819.993123673375,969.709,717.6970771411291,823.495,631.5059445920847,760.3009999999999,349.86657413313253,323.56399999999996
E67,heating_train,3600.0,15.290000000000003,2.744,1.473911172764101,2.5221008587372387,942.5682128399741,944.8389999999999,818.7890989987245,997.088,717.0192172364359,879.794,820.0597892236343,970.3489999999999,717.8048148122153,823.967,631.6245215081333,760.7919999999999,350.1121314774446,323.986
E67,heating_train,3650.0,15.286000000000003,2.744,1.473404895989563,2.52111456490743,942.5307818112747,943.7909999999999,818.8267725822419,997.481,717.1145760216409,880.332,820.0966795847999,970.731,717.8994784709439,824.55,631.6476512650415,761.45,350.3519384265031,324.371
E67,heating_train,3700.0,15.273000000000001,2.751,1.471763755747789,2.517781585906164,942.7390060844347,944.542,818.924145592391,996.97,717.2202367736108,880.832,820.1941101222251,970.539,718.0046423431058,825.101,631.6774656051243,762.155,350.586317085442,324.76599999999996
E67,heating_train,3750.0,15.275999999999998,2.74,1.4726984381348789,2.5194412470449374,942.8869141227357,943.56,819.05314613315,995.617,717.3372449923413,880.688,820.323181425829,969.3439999999999,718.1212752701526,825.312,631.7786805186054,762.6869999999999,350.8155137679284,325.17199999999997
E67,heating_train,3800.0,15.282000000000002,2.744,1.473883806138006,2.5217005777347454,942.8674296858755,944.3199999999999,819.1416130949559,995.655,717.4454614539612,880.5079999999999,820.4111641385853,969.244,718.229032242441,825.357,631.859982847754,763.005,351.0396469202505,325.522
E67,heating_train,3850.0,15.290000000000003,2.75,1.4752785440176779,2.5244002654315434,942.7491475635575,940.545,819.177794672617,994.0799999999999,717.5366166457901,880.6419999999999,820.4464336143137,968.088,718.3196211840166,825.591,631.9271891599718,763.524,351.25889376333544,325.881
E67,heating_train,3900.0,15.283000000000001,2.742,1.4742079982313285,2.522363666737731,942.758875987048,939.569,819.2105367379672,992.978,717.6176163308539,879.994,820.4785842184907,966.722,718.4000540313883,825.341,631.9265983599757,763.718,351.47350996808717,326.238
E67,heating_train,3929.0,15.295000000000002,2.712,1.4761610141786297,2.5261571849863227,942.6910701270963,931.6279999999999,819.2221902986205,991.103,717.6603282221195,878.055,820.4897103773883,966.6659999999999,718.4424351441526,824.995,631.9887107665553,763.414,351.5959293704931,326.43699999999995
E69,heating_train,0.0,10.51,-0.026,-0.12583373741137632,-0.12136061822437957,297.293,317.638,297.293,337.873,297.293,361.47999999999996,297.293,344.65799999999996,297.293,372.239,297.293,381.022,297.293,326.62
E69,heating_train,50.0,10.502,0.099,0.17516413447313406,0.31120092284372686,682.3174354762024,450.529,412.7282598498872,403.87699999999995,343.0691582442548,375.92499999999995,413.46819950009217,377.097,343.33625549769897,376.729,386.0231173787887,383.818,297.29498468191093,326.07599999999996
E69,heating_train,100.0,10.499,0.256,0.3622596977970012,0.5846073971522971,846.661258796074,605.89,514.9746007663599,520.0709999999999,391.8813501778777,429.397,516.1567609475992,469.57399999999996,392.3172960850337,413.349,444.50988449538045,405.503,297.30576833776195,325.484
E69,heating_train,150.0,10.498,0.371,0.4911080379881426,0.7758696656214402,936.4409344638505,728.616,597.0612415571012,624.925,438.3673629168866,485.703,598.5790417886253,565.3689999999999,438.9501778489556,457.52799999999996,486.936305012226,430.92499999999995,297.3337425109136,324.779
E69,heating_train,200.0,10.502,0.483,0.5841129782694526,0.9161426505844037,990.335553843911,808.941,662.0193620573757,703.774,480.53783407024,529.101,663.7824983368193,642.26,481.24607493909633,493.313,518.9733972950129,450.582,297.4034919349165,324.118
E69,heating_train,250.0,10.495999999999999,0.557,0.6517825893369419,1.019761491087327,1025.1832486839373,870.637,713.2900625105544,770.5989999999999,517.998947851865,567.9849999999999,715.2264334453353,710.447,518.8129180885287,525.736,543.8134693100474,468.57099999999997,297.55724483987615,323.42199999999997
E69,heating_train,300.0,10.506,0.621,0.7054663082527993,1.1030799183475752,1048.9154099895368,912.973,753.8791248022451,819.39,550.9720752956543,597.854,755.9332968607591,762.25,551.8743963286906,551.305,563.6159319146725,483.20799999999997,297.8463417031934,322.777
E69,heating_train,350.0,10.504999999999999,0.682,0.7460592926133142,1.1668750296367516,1065.8770163639401,946.02,786.2536393426153,859.0079999999999,579.8666548052604,622.684,788.3847859168889,804.327,580.8419186907172,572.8499999999999,579.5953745216106,495.62699999999995,298.32076001851726,322.198
E69,heating_train,400.0,10.484,0.755,0.7753676740891194,1.2134033530279384,1078.7976440487669,972.026,812.4321164366305,892.893,605.141472198043,645.3299999999999,814.6120605834069,841.3539999999999,606.176258315568,592.732,592.656634503473,508.09399999999994,299.0209086028974,321.61199999999997
E69,heating_train,450.0,10.497,0.797,0.8040362275489726,1.2592067833697362,1088.592053235541,989.41,833.8595142394453,917.9209999999999,627.2853718145719,663.4939999999999,836.0681127575119,868.807,628.3685820602668,608.96,603.7402922977969,518.924,299.9730456402001,321.116
E69,heating_train,500.0,10.507,0.84,0.8272707743917737,1.2967463737571034,1096.035498714531,1002.538,851.5250461681799,937.465,646.7171853427967,679.274,853.747679983329,890.329,647.8392517050788,623.031,613.0244984788595,529.084,301.18783949304935,320.65
E69,heating_train,550.0,10.494,0.864,0.8431221172029816,1.3226322012829865,1102.1929653388006,1013.3199999999999,866.3075698681163,954.161,663.7968277058167,693.9110000000001,868.5351061579746,909.237,664.9496020846586,636.329,620.7971218971503,539.137,302.6611844675617,320.176
E69,heating_train,600.0,10.509,0.885,0.8608821231082077,1.3516473363064203,1107.098641518617,1022.308,878.8134612314535,967.117,678.8634996583571,705.883,881.0392719047522,924.173,680.040436312094,647.4659999999999,627.6454083320577,548.192,304.376768845535,319.779
E69,heating_train,650.0,10.507,0.922,0.8733635099533458,1.3722910795525731,1111.1225610403183,1028.505,889.4640617951809,978.232,692.1915934156552,716.7149999999999,891.6835713218918,936.917,693.3871120817246,657.678,633.445419400545,556.8389999999999,306.3090905278665,319.402
E69,heating_train,700.0,10.491,0.944,0.8817473019107968,1.3862993827620747,1114.7854672187725,1036.351,898.7069504899879,988.632,704.0279625910739,727.241,900.9182897467178,948.525,705.2375639100953,667.636,638.4313461932812,565.684,308.42655476140254,319.068
E69,heating_train,750.0,10.501000000000001,0.972,0.8933209799519536,1.405402924322551,1117.8001020277734,1043.0839999999998,906.7776114996864,997.3589999999999,714.5889470735553,736.366,908.9788347375586,958.673,715.8090966068776,676.548,643.0048532052497,573.578,310.69443124946804,318.79999999999995
E69,heating_train,800.0,10.498000000000001,1.007,0.9014333742275372,1.4188947232979894,1120.3492343764644,1048.444,913.8367319901356,1005.636,724.041641276948,745.4739999999999,916.0265140833269,968.209,725.2693185194892,685.605,646.9636080547095,581.759,313.0774931120626,318.568
E69,heating_train,850.0,10.502999999999998,1.032,0.9099778282785557,1.433065851997624,1122.5426268536742,1051.295,920.0684359036202,1012.459,732.5340497982778,753.46,922.2460711844586,975.952,733.766838246929,693.5519999999999,650.543643831119,589.047,315.5418060670594,318.40099999999995
E69,heating_train,900.0,10.501000000000001,1.067,0.9164810840069076,1.443892065265516,1124.4844688261212,1054.47,925.6021862242959,1018.28,740.1882883155777,760.847,927.7674736841639,982.808,741.4241868782158,701.038,653.701995391757,596.0989999999999,318.05586155198614,318.28299999999996
E69,heating_train,950.0,10.500000000000002,1.071,0.9225340438679667,1.4539377662398127,1126.2480472295117,1059.433,930.5675185900548,1023.757,747.1147665806923,768.298,932.7206913209479,989.2139999999999,748.3522052798326,708.544,656.5618127037724,603.447,320.59143918179933,318.236
E69,heating_train,1000.0,10.496,1.12,0.9273877568465291,1.4620362403937035,1127.8681512466528,1061.3890000000001,935.0518824140534,1028.726,753.4045348020348,774.761,937.1933477575592,994.8919999999999,754.6422434478716,715.073,659.1156992629012,610.017,323.1239485634561,318.20799999999997
E69,heating_train,1050.0,10.501000000000001,1.12,0.933281634599327,1.4718339372943716,1129.245396523193,1062.7559999999999,939.099681523875,1032.655,759.1311587963227,780.874,941.2294777897755,999.572,760.3680895979347,721.304,661.4870684643247,616.3109999999999,325.63237657503566,318.23199999999997
E69,heating_train,1100.0,10.497,1.153,0.9369708226560284,1.4780669003983782,1130.5006131672544,1061.3319999999999,942.7621176758571,1036.213,764.3560149720074,787.055,944.8806173819924,1003.837,765.5912799055476,727.601,663.5563570412642,622.934,328.0993324527951,318.291
E69,heating_train,1150.0,10.497,1.157,0.9409589727910909,1.4847839617857184,1131.6490117911378,1060.7150000000001,946.1027335893104,1038.6799999999998,769.1378266699476,792.326,948.2104149558036,1007.006,770.3707560660692,733.039,665.467275870473,628.873,330.5107813527925,318.38599999999997
E69,heating_train,1200.0,10.513000000000002,1.18,0.9473161535258509,1.4954280085656138,1132.443001912867,1065.538,949.0904714306739,1041.166,773.5112072228334,797.204,951.186792139588,1009.9639999999999,774.7411328374457,738.2049999999999,667.2983804075066,634.546,332.8558964803258,318.51099999999997
E69,heating_train,1250.0,10.496,1.186,0.9474501155535039,1.4958374856786345,1133.3825083120603,1065.57,951.8245064882713,1044.345,777.5242472272671,802.172,953.9107081715541,1013.538,778.7507222972798,743.525,668.7389955919066,640.271,335.1265240800882,318.679
E69,heating_train,1300.0,10.51,1.21,0.9531650974371871,1.5052975371779276,1134.1564396094566,1066.005,954.3496977900932,1046.984,781.224422373148,806.761,956.4261094373717,1016.5369999999999,782.4472110411696,748.409,670.3277697397066,645.52,337.3170940500039,318.899
E69,heating_train,1350.0,10.509,1.233,0.9558041114748642,1.5097372273725207,1134.804802419102,1067.894,956.63416931046,1049.4969999999998,784.6309580319573,811.0889999999999,958.701045400652,1019.334,785.8497410696851,753.085,671.6605569398475,650.5840000000001,339.42413879960714,319.16499999999996
E69,heating_train,1400.0,10.482000000000001,1.235,0.9537708426720276,1.5063998553673938,1135.8468404695022,1067.9180000000001,958.8477463376571,1051.923,787.8025935747887,815.658,960.9074707424427,1022.124,789.0174748215356,757.924,672.7485207766157,655.9269999999999,341.4457971421764,319.474
E69,heating_train,1450.0,10.510000000000002,1.251,0.961557159222545,1.519192847151719,1136.4472931081523,1067.732,960.8949908174712,1053.275,790.7513889819431,819.631,962.9468036966449,1023.84,791.9622873626965,762.2349999999999,674.1698111331062,660.7090000000001,343.3814972510944,319.806
E69,heating_train,1500.0,10.499,1.27,0.961726479500783,1.5195737246462044,1136.9745535573309,1068.743,962.72246254019,1054.595,793.4748512720296,823.236,964.7664820274077,1025.3890000000001,794.6815271957529,766.256,675.1394142645333,665.262,345.2316585230027,320.14599999999996
E69,heating_train,1550.0,10.502999999999998,1.264,0.9646573928976011,1.5244231147805922,1137.5362144284272,1068.467,964.4386105010826,1056.1680000000001,796.0113424931125,826.9309999999999,966.4755723874555,1027.1689999999999,797.2138544118051,770.362,676.1822483827732,669.875,346.99766338821956,320.546
E69,heating_train,1600.0,10.499,1.29,0.9658371078150204,1.5264413842065812,1138.0678041229812,1069.703,966.0311286602066,1057.452,798.3709177370374,830.175,968.0615407976677,1028.654,799.5692539853985,773.9590000000001,677.0695534173366,674.018,348.6816053878847,320.916
E69,heating_train,1650.0,10.510999999999997,1.31,0.9697069172260576,1.5329241227591028,1138.4060595985122,1070.156,967.4783547198882,1058.7289999999998,800.560929360485,833.303,969.5019710678376,1030.13,801.7550285668949,777.49,677.9961778983084,677.9459999999999,350.2858679980594,321.306
E69,heating_train,1700.0,10.494,1.31,0.9680411114518918,1.5303205395937176,1138.9151419931154,1068.554,968.8366210014144,1060.007,802.6006902897004,836.569,970.8545901338059,1031.653,803.7906282540242,781.135,678.6222603378557,682.0909999999999,351.81313152783946,321.70399999999995
E69,heating_train,1750.0,10.502999999999998,1.312,0.9712955969123479,1.5357200961937194,1139.3410269277722,1069.117,970.127564239582,1060.9569999999999,804.5108612879378,839.419,972.1401749693752,1032.694,805.696786983812,784.2629999999999,679.4445428668339,685.747,353.2663035906562,322.102
E69,heating_train,1800.0,10.502999999999998,1.316,0.9727131145360318,1.538112747237256,1139.6528117578987,1068.426,971.2975174397964,1062.005,806.2886590086782,842.289,973.3047544835338,1033.849,807.4705805093188,787.444,680.1272828651843,689.487,354.64868424936424,322.553
E69,heating_train,1850.0,10.477,1.335,0.9695081517531231,1.5327931075376968,1140.3440667255627,1069.088,972.4843702783405,1062.692,807.9742814543775,844.8149999999999,974.4882981497797,1034.653,809.1525876761563,790.286,680.6135084447385,692.803,355.9637403399272,322.998
E69,heating_train,1900.0,10.501000000000001,1.325,0.9755271558462834,1.542639681496786,1140.6729432982092,1069.288,973.5973496790232,1063.655,809.5631022906731,847.222,975.5970914920842,1035.673,810.7378962177586,793.034,681.4732373396714,696.044,357.2150167826293,323.424
E69,heating_train,1950.0,10.497,1.345,0.9759448713501765,1.5433752733145685,1140.865709023623,1069.245,974.5557788015201,1064.443,811.03557716039,849.747,976.550922016526,1036.565,812.2067565552751,795.898,682.0004160515853,699.285,358.406033990241,323.91299999999995
E69,heating_train,2000.0,10.499,1.366,0.9774997580093941,1.5459433564502993,1141.123450314642,1069.52,975.4535230548006,1065.2069999999999,812.4160338120441,852.002,977.4445706041377,1037.405,813.5837468614136,798.465,682.5574415154388,702.135,359.54018529406903,324.37
E69,heating_train,2050.0,10.504,1.369,0.9793984745029093,1.5491306538237957,1141.2906996934455,1069.391,976.2687364600997,1065.5079999999998,813.7024755150115,854.132,978.2556515981189,1037.8629999999998,814.8667548637673,800.942,683.0789834252181,704.9839999999999,360.6207656273342,324.81399999999996
E69,heating_train,2100.0,10.504,1.374,0.9802783907462295,1.5506421445154843,1141.4576621855613,1068.801,977.0151697200034,1065.951,814.9013621022957,856.2669999999999,978.9982193076057,1038.3829999999998,816.0622813995454,803.317,683.5217864032936,708.171,361.6507549636773,325.29499999999996
E69,heating_train,2150.0,10.495,1.379,0.9794010697164138,1.5492700479352828,1141.7624873870343,1066.931,977.7477457020291,1066.646,816.0304227257878,858.0799999999999,979.7278371778293,1039.086,817.1881909142016,805.443,683.8637997032627,710.537,362.6328786957174,325.729
E69,heating_train,2200.0,10.505,1.378,0.9819504284037107,1.553569407623168,1141.9182727103791,1068.433,978.4285001149269,1067.1419999999998,817.0876330995621,859.989,980.405355075168,1039.71,818.2423204927436,807.592,684.3253792763671,713.518,363.5695819461398,326.14799999999997
E69,heating_train,2250.0,10.510999999999997,1.382,0.9835784176001531,1.55638446042222,1141.9198110960829,1067.106,979.0026425413432,1067.405,818.0618908711308,861.86,980.9757464953,1040.059,819.2134402879756,809.72,684.6985658784585,716.373,364.4631807596668,326.611
E69,heating_train,2300.0,10.491000000000001,1.407,0.980634901156551,1.551531102654033,1142.2557816082315,1067.391,979.596219841123,1067.373,818.986878532148,863.443,981.5672135853763,1040.145,820.1356270576509,811.5989999999999,684.8936592690335,718.721,365.3161270322563,327.058
E69,heating_train,2350.0,10.498,1.402,0.9828573249459541,1.5551404295772562,1142.537388481785,1067.375,980.2083166464254,1067.969,819.8736473494812,864.86,982.1774309910977,1040.652,821.0198559911895,813.338,685.3270084830101,720.8489999999999,366.1309751280213,327.491
E69,heating_train,2400.0,10.502,1.412,0.984403874407976,1.5576547400409453,1142.6434644568099,1068.03,980.7441464542092,1069.003,820.7029149139214,866.548,982.7108301977248,1041.596,821.8465906320055,815.281,685.6967627313418,723.1389999999999,366.9101252323235,327.981
E69,heating_train,2450.0,10.502999999999998,1.423,0.98525766608439,1.5590607299394543,1142.7455327125494,1067.509,981.229445492786,1069.251,821.4811676536951,868.139,983.193751255588,1042.022,822.6223956088172,817.131,686.0062990027432,725.232,367.65594100929684,328.43399999999997
E69,heating_train,2500.0,10.495,1.434,0.9844081796114071,1.5576540177884222,1142.9750017264573,1066.172,981.7120627044393,1069.251,822.2201055525032,869.559,983.6747059727703,1042.079,823.3590763186237,818.817,686.2307198065216,727.2629999999999,368.3704503033897,328.86199999999997
E69,heating_train,2550.0,10.501999999999999,1.435,0.9862923627862087,1.5607751006479105,1143.1043582132368,1066.212,982.1690310463483,1069.04,822.9179080337326,870.914,984.1298120963738,1041.982,824.0547021091064,820.447,686.5582371529185,729.303,369.0555346050205,329.32099999999997
E69,heating_train,2600.0,10.495,1.428,0.9853979349867713,1.5593592174587383,1143.2650646191137,1066.502,982.5931628275525,1069.301,823.5729841100814,871.972,984.5523168161191,1042.222,824.7076756510742,821.762,686.7326307829087,731.001,369.71283199984,329.717
E69,heating_train,2650.0,10.502999999999998,1.426,0.9872149094104027,1.5624442176111941,1143.3297399952357,1065.513,982.9799976097031,1069.674,824.1864410938754,873.237,984.9372268467796,1042.625,825.3190646816463,823.275,687.0055548093165,732.877,370.34381148791294,330.126
E69,heating_train,2700.0,10.499,1.446,0.9867705408568012,1.561783144677777,1143.4045264163988,1064.786,983.3250525478823,1069.645,824.7572489365339,874.41,985.2804817473393,1042.726,825.8878496142145,824.673,687.1632480030037,734.508,370.9498450002646,330.52599999999995
E69,heating_train,2750.0,10.497,1.451,0.9868021546660203,1.561858549661188,1143.5426154777047,1064.24,983.6694331195317,1069.74,825.2990994801276,875.405,985.6234692276585,1042.782,826.427837874083,825.88,687.3483097907172,736.0429999999999,371.5323735036132,330.918
E69,heating_train,2800.0,10.514,1.451,0.9903554685794872,1.5677440990614522,1143.4361307443596,1065.086,983.9411079793501,1070.202,825.7972223494751,876.459,985.8928195711721,1043.1419999999998,826.9240225659669,827.116,687.6694275256718,737.597,372.0928573212651,331.32599999999996
E69,heating_train,2850.0,10.501000000000001,1.463,0.9882058299191278,1.5642294469090263,1143.5006183281857,1064.433,984.1887824823815,1070.647,826.2612998876793,877.461,986.1389046849126,1043.5929999999998,827.3862730305907,828.302,687.7186622110191,739.0609999999999,372.6327050310098,331.70599999999996
E69,heating_train,2900.0,10.500000000000002,1.468,0.988500321975296,1.5646771837783833,1143.6875069859764,1066.9180000000001,984.4834142849368,1070.786,826.7137568773021,878.482,986.4326983969966,1043.809,827.837161887925,829.477,687.9022651601526,740.5139999999999,373.1531179203856,332.104
E69,heating_train,2950.0,10.497,1.467,0.9884186110705945,1.5644988747935886,1143.8542827499175,1065.462,984.7825869272501,1070.7869999999998,827.1483184908373,879.486,986.7311732346093,1043.899,828.2702768096941,830.6709999999999,688.0652911978568,741.968,373.6551271429188,332.542
E69,heating_train,3000.0,10.492999999999999,1.463,0.9881017142234411,1.5639494284743471,1144.0475295157257,1064.28,985.0891724958017,1070.801,827.5686941500786,880.336,987.0372757949997,1043.905,828.6893407164201,831.7189999999999,688.2105312510096,743.255,374.1396996307835,332.89799999999997
E69,heating_train,3050.0,10.498000000000001,1.469,0.9894033005860409,1.5660923411500605,1144.1309049043327,1064.182,985.367829685655,1070.649,827.9673450926289,881.121,987.3150394727413,1043.838,829.086695661451,832.682,688.4129271057559,744.5129999999999,374.60775189754105,333.26399999999995
E69,heating_train,3100.0,10.504,1.475,0.9907636806540004,1.5683683266164088,1144.0914225952838,1064.4279999999999,985.5835081777052,1070.21,828.3336585413697,881.879,987.5292494522574,1043.482,829.4516354725552,833.645,688.5904554030631,745.768,375.0602164840245,333.65799999999996
E69,heating_train,3150.0,10.504,1.476,0.9908768707980381,1.568621657292716,1144.0673074616177,1063.149,985.760892684226,1070.223,828.6708589982759,882.39,987.7051817981378,1043.4679999999998,829.7874579187398,834.43,688.6898240635935,746.797,375.4980299811115,333.981
E69,heating_train,3200.0,10.498999999999999,1.49,0.9900616108106411,1.5673345309185054,1144.1510519123685,1063.277,985.9484140412167,1070.8400000000001,828.9906987061684,883.0749999999999,987.8918013955658,1043.9879999999998,830.106034042582,835.221,688.7473099247125,747.845,375.92194462006415,334.304
E69,heating_train,3250.0,10.493000000000002,1.486,0.9890837755704701,1.5657708543340438,1144.3191940835902,1063.849,986.1645698171926,1070.83,829.3008282069275,883.893,988.1075742475999,1044.1039999999998,830.4150483400563,836.1859999999999,688.80172748163,748.983,376.33247744093615,334.643
E69,heating_train,3300.0,10.497,1.481,0.9900992084254817,1.5674461328436227,1144.4011505263993,1063.1190000000001,986.3729362185022,1070.87,829.5967190700968,884.53,988.3153140585391,1044.1129999999998,830.7098699007248,837.0219999999999,688.9540090894792,749.915,376.7300980735106,334.967
E69,heating_train,3350.0,10.499,1.476,0.9907213973481189,1.5684674380459,1144.410689727389,1065.5520000000001,986.5450450738099,1071.4479999999999,829.8728526455686,885.138,988.4864850331987,1044.554,830.9849272369379,837.773,689.0785291581501,750.851,377.11551446901285,335.29499999999996
E69,heating_train,3400.0,10.491999999999999,1.505,0.9897706202746258,1.5668397868220063,1144.534988648174,1064.987,986.7271982412826,1072.5079999999998,830.1412179557142,885.958,988.6682274244097,1045.5459999999998,831.2523600080799,838.685,689.1454946303658,751.826,377.4895540505482,335.64
E69,heating_train,3450.0,10.491999999999999,1.491,0.9901435794475782,1.5673982292938957,1144.6714447946968,1063.798,986.9272721354304,1072.566,830.4058130865592,886.821,988.8680608060781,1045.779,831.5161373506966,839.6229999999999,689.2741846437917,752.851,377.8530101296576,335.972
E69,heating_train,3500.0,10.502999999999998,1.495,0.9924116877009624,1.5711465283400254,1144.610772495459,1064.588,987.0745242829363,1071.775,830.6483332304349,887.468,989.0142321032961,1045.126,831.7577252131275,840.396,689.4583490827526,753.74,378.2064637983736,336.298
E69,heating_train,3550.0,10.500000000000002,1.499,0.9919692593531048,1.5704363286371077,1144.5753814052712,1064.557,987.1825649092928,1071.636,830.86895354852,887.853,989.1212036175722,1044.946,831.9773845605989,840.989,689.504095070838,754.6099999999999,378.5504060918637,336.644
E69,heating_train,3600.0,10.509,1.492,0.9937440734200756,1.5734003134286298,1144.485053832412,1065.21,987.2656591648772,1071.6100000000001,831.0706983318045,888.252,989.2029923628918,1044.942,832.1781439474025,841.547,689.6393032602928,755.355,378.88529039723943,336.96099999999996
E69,heating_train,3650.0,10.494,1.509,0.9910504112834259,1.568961453473785,1144.6062374924759,1063.774,987.3754270103129,1071.661,831.2656399111202,888.752,989.3124383602733,1045.01,832.3722519348557,842.1759999999999,689.5810696396453,756.085,379.2114372790202,337.25699999999995
E69,heating_train,3700.0,10.493000000000002,1.513,0.9910762493434705,1.5689933262087883,1144.7921841368657,1063.313,987.542144514681,1071.587,831.4669838348732,889.1469999999999,989.4793084581925,1044.9589999999998,832.5729492577182,842.764,689.6621403875375,756.796,379.52905221937897,337.54499999999996
E69,heating_train,3750.0,10.502999999999998,1.512,0.9929899107969647,1.5722079913792415,1144.7443302092554,1061.5259999999998,987.661659159851,1071.644,831.6499925754617,889.643,989.5980108403594,1045.087,832.7551764870584,843.408,689.798248312313,757.558,379.8382190166857,337.811
E69,heating_train,3800.0,10.490000000000002,1.49,0.9906236226358393,1.5683262979848447,1144.8471393831373,1064.2579999999998,987.7797107396739,1071.3919999999998,831.8247471306704,889.999,989.7158163632566,1044.82,832.9292382618987,843.928,689.7456898300995,758.204,380.13912101573845,338.08899999999994
E69,heating_train,3850.0,10.51,1.514,0.9945126500589686,1.5747561162999077,1144.7285252964928,1062.23,987.8633866826267,1071.545,831.9854449088136,890.3009999999999,989.7983266002486,1044.981,833.0891619438464,844.424,689.972873893372,758.755,380.4321680940531,338.364
E69,heating_train,3900.0,10.497,1.497,0.9921087562446197,1.570808635304386,1144.7308536183427,1062.867,987.9206033882648,1071.679,832.1298734437856,890.691,989.8548322352138,1044.99,833.2328270364561,844.9069999999999,689.9022273496291,759.357,380.7178562588689,338.616
E69,heating_train,3950.0,10.499,1.506,0.9927448427045381,1.5718057206248042,1144.823499956743,1064.321,988.0226850766024,1071.8609999999999,832.279618353728,891.084,989.9567034678801,1045.173,833.3819843993172,845.423,689.9987878351062,759.961,380.99662169897726,338.902
E69,heating_train,4000.0,10.498,1.516,0.9928321466018747,1.57188667834735,1144.8794122564814,1064.0349999999999,988.1243700367136,1072.3539999999998,832.4251475824058,891.495,990.0581351789724,1045.645,833.526956676419,845.9399999999999,690.0708650729321,760.518,381.2688385041818,339.17199999999997
E69,heating_train,4050.0,10.499,1.519,0.99324454154455,1.5725255455727634,1144.9218097721505,1064.319,988.224091442112,1072.5369999999998,832.567215330428,891.991,990.1575529744669,1045.862,833.6685006379176,846.483,690.1510059200446,761.127,381.53484940410567,339.428
E69,heating_train,4100.0,10.489,1.524,0.991653572795321,1.569831106723168,1145.095951240794,1062.324,988.3551394054891,1072.31,832.7143397832499,892.418,990.288918936157,1045.713,833.8152439072106,847.005,690.1529936822174,761.731,381.7949152972702,339.67699999999996
E69,heating_train,4150.0,10.510000000000002,1.508,0.9956417824933926,1.5764554415613545,1144.9627792316733,1061.3229999999999,988.4325885324229,1072.04,832.8454851301249,892.6999999999999,990.3653432801511,1045.5079999999998,833.9458187510543,847.382,690.3681454141129,762.246,382.049251682147,339.90599999999995
E69,heating_train,4200.0,10.526000000000002,1.518,0.9982416839431075,1.580939404726326,1144.537618504132,1060.1509999999998,988.3623699133215,1071.788,832.9278921646262,892.92,990.2925456582506,1045.288,834.0272358324175,847.7139999999999,690.4459036433464,762.702,382.2978937593516,340.111
E69,heating_train,4250.0,10.504,1.511,0.9937921168307743,1.5737220230630815,1144.5499380246383,1061.217,988.3254585299305,1071.318,833.0014938785745,893.146,990.2548340044682,1044.926,834.1000414565501,847.992,690.2232565952817,763.203,382.54081035970836,340.29999999999995
E69,heating_train,4300.0,10.489,1.521,0.9912449646675948,1.5694436773252567,1144.9143417568503,1060.057,988.4450221823499,1070.8890000000001,833.1073129923366,893.216,990.3755339934787,1044.501,834.2055424548714,848.265,690.1738059648205,763.607,382.77793552309834,340.527
E69,heating_train,4350.0,10.499000000000002,1.516,0.9934493623052284,1.5730034714883177,1145.033448555182,1061.37,988.583132333467,1071.213,833.2212757226378,893.324,990.5140133389161,1044.65,834.3192049168897,848.451,690.3446258705192,763.893,383.00935440760384,340.74
E69,heating_train,4400.0,10.497,1.524,0.9932736462485058,1.5726690815412252,1145.0597569606523,1061.725,988.6791339093394,1071.8020000000001,833.3282088077801,893.614,990.609873329288,1045.159,834.4257730427779,848.7959999999999,690.3879407176028,764.2819999999999,383.23530931945925,340.95899999999995
E69,heating_train,4450.0,10.501000000000001,1.532,0.9942422486795545,1.574217743968513,1145.0628277564335,1063.234,988.7579446440666,1072.23,833.432468469008,894.024,990.6883360055797,1045.587,834.5296709755131,849.2189999999999,690.4823039490161,764.78,383.4562303350202,341.20899999999995
E69,heating_train,4500.0,10.501000000000001,1.523,0.9943111327722501,1.5743356659951437,1145.0513942923328,1061.925,988.8163215500674,1072.003,833.5291395893455,894.385,990.7462583871209,1045.496,834.6259431484962,849.607,690.5166826666529,765.194,383.67257495184407,341.41499999999996
E69,heating_train,4550.0,10.498999999999999,1.523,0.9940453155043537,1.5738828762583112,1145.089629176752,1061.3600000000001,988.8788306136482,1071.67,833.6229276832744,894.631,990.8085278887747,1045.204,834.7193667870632,849.913,690.5409198301354,765.626,383.8846212880458,341.633
E69,heating_train,4600.0,10.485000000000003,1.538,0.9916470183283238,1.5698644438222369,1145.326721219611,1062.541,988.99961530718,1071.3809999999999,833.7292920806781,894.739,990.9300420492914,1044.916,834.825567714153,850.107,690.4922513120739,765.9639999999999,384.0925766211739,341.83899999999994
E69,heating_train,4650.0,10.501000000000001,1.521,0.9948230243406205,1.5750885822782923,1145.319984408686,1059.9679999999998,989.1016082822993,1070.937,833.8322722302152,894.861,991.0317841997875,1044.571,834.928288422873,850.326,690.6826940212763,766.308,384.2965654463577,342.048
E69,heating_train,4700.0,10.485,1.524,0.9918227577583539,1.570160514310377,1145.4287108156966,1058.67,989.1899664466541,1070.865,833.9292032376444,894.939,991.1202916380626,1044.431,835.024967433795,850.467,690.576028981196,766.606,384.49665238352475,342.234
E69,heating_train,4750.0,10.488,1.537,0.9924331206927014,1.5711963606964239,1145.5577663738572,1056.397,989.3099450433938,1070.6999999999998,834.0330444637452,895.018,991.2405417518893,1044.289,835.1286383344211,850.622,690.6408521697424,766.875,384.692853914857,342.373
E69,heating_train,4800.0,10.502,1.519,0.9949751672458719,1.5754647591049329,1145.3966415460227,1061.962,989.3486243451816,1070.556,834.11330547896,895.069,991.278178344626,1044.192,835.2084659226472,850.761,690.7627276080776,767.121,384.88514367283165,342.54999999999995
E69,heating_train,4850.0,10.496,1.522,0.9937395633400742,1.5734812320762879,1145.3162140434683,1060.995,989.3497560350363,1071.003,834.1776195488765,895.233,991.2784492754236,1044.529,835.2723040353787,850.962,690.7069493022543,767.322,385.0736849857217,342.73299999999995
E69,heating_train,4900.0,10.498,1.527,0.9942187374804817,1.5742503010559816,1145.3147023517326,1059.02,989.3712341374153,1071.4009999999998,834.2419550318675,895.534,991.2994609315028,1044.899,835.3362561364252,851.2379999999999,690.7542471803868,767.627,385.2587271492515,342.899
E69,heating_train,4950.0,10.497,1.528,0.9941898832417587,1.574155358945684,1145.3211405227405,1059.2440000000001,989.3994101146703,1070.909,834.3046100505969,895.727,991.3273122102794,1044.511,835.3985654466043,851.492,690.7851215902149,767.909,385.4404940837289,343.082
E69,heating_train,5000.0,10.501000000000001,1.542,0.9950871667020343,1.5755974088199474,1145.2959102036302,1060.884,989.4239629445099,1070.666,834.3645058237487,895.8489999999999,991.351431301536,1044.292,835.4581178219707,851.656,690.8549534138084,768.223,385.61910135210235,343.293
E69,heating_train,5050.0,10.497,1.544,0.9943984171468004,1.5744508109414503,1145.3185026138594,1061.4589999999998,989.4549632479628,1070.937,834.4236208336947,895.891,991.3822195993741,1044.472,835.5169252534744,851.761,690.8454375193243,768.428,385.79454119137995,343.442
E69,heating_train,5100.0,10.498999999999999,1.531,0.994911338530916,1.575263319011456,1145.3400674442219,1060.5900000000001,989.4954212166817,1071.083,834.4838001089545,896.1,991.4224942472717,1044.6419999999998,835.5768313817057,851.978,690.899056181668,768.6759999999999,385.96673222339814,343.609
E69,heating_train,5150.0,10.504,1.531,0.9958717864245962,1.5768596219244313,1145.2745292271522,1060.885,989.5118814389364,1070.9270000000001,834.5361510323082,896.268,991.4383851932319,1044.5079999999998,835.6288378957852,852.18,690.9554794339933,768.899,386.1356700179574,343.769
E69,heating_train,5200.0,10.509,1.539,0.9966427109431183,1.578213509823294,1145.1426375978306,1059.3519999999999,989.4911027674615,1071.186,834.5745430416875,896.437,991.4166568060648,1044.762,835.6667750959243,852.3679999999999,690.9760412967739,769.121,386.3013183515646,343.895
E69,heating_train,5250.0,10.502999999999998,1.522,0.9953021833871104,1.5760916401386464,1145.1258948189306,1057.077,989.4778838107572,1071.1709999999998,834.607780580304,896.607,991.4029612893494,1044.7669999999998,835.6995936097042,852.574,690.897959628905,769.373,386.4635047812026,344.019
E69,heating_train,5300.0,10.501000000000001,1.531,0.9948122120338884,1.5753429513116226,1145.1779477893317,1060.281,989.4980980896112,1070.978,834.6447755889174,896.707,991.423092377325,1044.603,835.7362601809573,852.701,690.8733412444067,769.576,386.62202339527374,344.12699999999995
E69,heating_train,5350.0,10.491,1.541,0.9931293783049203,1.5724991484672506,1145.350501671356,1058.899,989.5666653200205,1070.749,834.6943390067377,896.788,991.4922383107278,1044.388,835.785671894922,852.821,690.8366249558502,769.736,386.77681961026747,344.269
E69,heating_train,5363.0,10.509999999999998,1.542,0.996759551933131,1.5784868147824294,1145.3044029928517,1058.429,989.5743677210654,1070.73,834.7055448778331,896.755,991.4996310901064,1044.378,835.7967974539988,852.837,691.0086306648744,769.76,386.8164917704962,344.308
E71,heating_train,0.0,7.130000000000001,-0.303,-0.28984889146514053,-0.29018174045879536,293.758,303.734,293.758,307.638,293.758,305.654,293.758,307.28999999999996,293.758,304.23499999999996,293.758,303.241,293.758,293.61699999999996
E71,heating_train,50.0,7.122,-0.281,-0.10063227231007688,-0.04253928571372648,707.4164947469883,314.317,409.2593104600387,308.688,337.0704883217331,306.623,409.99268877651696,305.181,337.3194360999076,303.01099999999997,379.37189442100566,302.849,293.76003975800006,293.642
E71,heating_train,100.0,7.12,-0.185,0.024087302559374857,0.12150244037238946,904.8918752470624,543.252,516.3242524790166,420.43899999999996,382.8246555300834,336.19599999999997,517.5321478166866,373.44399999999996,383.2270581794536,321.029,437.2281473179361,311.23299999999995,293.7712051275105,293.674
E71,heating_train,150.0,7.119,-0.108,0.11370115223547639,0.24028559102979133,1018.2698363215286,714.38,607.6041100709604,527.337,427.94840651453933,384.89599999999996,609.2156504610916,466.96,428.49209806836717,358.74,480.2864310099841,332.104,293.80019487207835,293.693
E71,heating_train,200.0,7.112,-0.059,0.17927717530945175,0.32803757179866644,1088.2243988325606,834.843,684.2353702309309,614.327,470.65428150963305,427.092,686.1809844481274,550.7729999999999,471.32767211743555,393.775,513.5255281981299,351.95899999999995,293.8721829779861,293.71999999999997
E71,heating_train,250.0,7.114,-0.003,0.230020697516801,0.39663507921937824,1134.0835317408996,919.466,747.8215497899041,684.318,510.2813425336426,461.46,750.033176339158,621.241,511.0732462293319,423.534,539.9359047455331,368.68399999999997,294.0315024574175,293.762
E71,heating_train,300.0,7.110000000000001,0.043,0.2687118039744939,0.44945033476459756,1165.8361072049797,982.526,800.1530450772548,744.075,546.6533475542271,491.787,802.5678964373959,683.353,547.5526665830413,450.417,561.3000277680495,383.62199999999996,294.3343510511554,293.823
E71,heating_train,350.0,7.123999999999999,0.068,0.3021212771923679,0.4954892499927649,1188.6667850934625,1024.551,843.1423261788883,788.496,579.8095943163482,515.5169999999999,845.7067564228506,730.9649999999999,580.8053970833189,471.625,579.0758231669365,396.00699999999995,294.83933502665764,293.876
E71,heating_train,400.0,7.132000000000001,0.103,0.3286595060563722,0.5323921469288243,1205.6594362552567,1057.44,878.5648306646196,824.337,609.8841508673863,535.585,881.236013757527,770.026,610.9655387510514,490.13199999999995,593.9027230689655,407.144,295.5993867138252,293.929
E71,heating_train,450.0,7.118,0.134,0.347231198535101,0.5583980968721178,1219.0202541394942,1081.466,908.0371099316822,853.899,637.064874299402,553.059,910.7837242525025,803.055,638.2212254125797,506.292,606.2858949464699,417.364,296.6561959045665,293.99199999999996
E71,heating_train,500.0,7.115,0.156,0.3642646723520181,0.5823664685508944,1229.7465948365884,1102.4180000000001,932.8389044677092,880.2579999999999,661.6004968189,569.614,935.6382516784606,832.1999999999999,662.8220728054994,521.73,617.0203728486537,427.524,298.0370988681149,294.07399999999996
E71,heating_train,550.0,7.1309999999999985,0.178,0.38179788420233474,0.6071717461561699,1238.1987920888735,1118.474,953.832340052719,900.981,683.7460627995592,583.43,956.6666938031774,855.209,685.0239793703784,534.6769999999999,626.4900880821893,437.013,299.75367451115267,294.15099999999995
E71,heating_train,600.0,7.122,0.206,0.3928889232257532,0.6229738077299317,1245.2337979247684,1131.28,971.7692237270197,918.9549999999999,703.7335472892371,596.1089999999999,974.626382914407,875.025,705.0596136658498,546.681,634.4864113624866,446.53499999999997,301.80204964276265,294.24699999999996
E71,heating_train,650.0,7.125000000000001,0.223,0.4044052537124846,0.6394104655436524,1251.1732823941325,1143.059,987.2775010177385,935.4599999999999,721.795645014914,608.47,990.1488816588603,893.534,723.1627040733927,558.685,641.6496209002257,456.905,304.16465203358996,294.35299999999995
E71,heating_train,700.0,7.122,0.25,0.41348180142465984,0.652414734006155,1256.2272767612048,1151.771,1000.7850656160412,949.192,738.1437110358668,619.2929999999999,1003.6643767371318,908.7819999999999,739.5454387494435,569.218,647.9222237619363,466.635,306.81274733358396,294.481
E71,heating_train,750.0,7.125000000000001,0.267,0.4224621494583979,0.6653070831013514,1260.5464648378788,1158.328,1012.640850511581,961.1949999999999,752.9691178216215,629.313,1015.523400721744,921.8969999999999,754.4000187691258,579.0509999999999,653.5663753815319,475.87399999999997,309.7094754412366,294.63399999999996
E71,heating_train,800.0,7.126,0.29,0.4300577797564308,0.676258224508556,1264.2616126819528,1164.8339999999998,1023.1027878164264,972.723,766.4384503766191,639.519,1025.9850593741044,934.709,767.8937128262542,589.074,658.5746731952734,485.33799999999997,312.812932714446,294.825
E71,heating_train,850.0,7.123999999999999,0.305,0.43626951003862524,0.6852491347895617,1267.5475083258164,1170.3519999999999,1032.4090626319548,982.5029999999999,778.7033123746214,648.539,1035.28880592724,945.443,780.1787964728306,597.995,663.029987679842,493.818,316.0790321724596,295.029
E71,heating_train,900.0,7.125000000000001,0.319,0.4423044870461582,0.6940006612108817,1270.4427437747756,1174.5140000000001,1040.7366783171544,991.364,789.8969246675367,657.096,1043.6122104965316,955.264,791.3890720685149,606.691,667.0743699394416,501.548,319.4638489080408,295.245
E71,heating_train,950.0,7.12,0.327,0.4466150457752752,0.7002921263073998,1273.0612452752553,1179.19,1048.2352208584084,999.477,800.1372532753162,665.287,1051.1056086740873,964.524,801.6430183132691,615.011,670.6541721322681,508.84799999999996,322.92553558586496,295.493
E71,heating_train,1000.0,7.122,0.344,0.45171633173272696,0.7077143758528794,1275.3831755955387,1183.402,1055.0174185123801,1007.482,809.527607052551,673.6610000000001,1057.8818109060967,973.736,811.0443880574755,623.423,673.9919772009983,516.278,326.42562971758105,295.784
E71,heating_train,1050.0,7.135,0.377,0.4584760990699662,0.7175034205264597,1277.2711395698866,1187.579,1061.1098302371133,1014.467,818.1456844716793,681.066,1063.966655096971,981.663,819.6711244377889,630.825,677.1829844111974,522.66,329.92978738079137,296.106
E71,heating_train,1100.0,7.133,0.376,0.4620143038085335,0.7226732338952347,1278.9932479903396,1190.426,1066.6140873969882,1020.861,826.0694725735586,688.204,1069.4630700231355,989.138,827.6015801728661,638.0840000000001,679.9045468390156,527.364,333.4090180586855,296.462
E71,heating_train,1150.0,7.126,0.387,0.4643959193302941,0.7261453202408816,1280.7293573295183,1192.1689999999999,1071.6852616372382,1027.085,833.3853476185564,695.434,1074.52732456932,996.241,834.9226074312884,645.472,682.3665651473277,535.268,336.83844085633336,296.89799999999997
E71,heating_train,1200.0,7.12,0.41,0.46673999341316297,0.7295411077148644,1282.4067955252149,1194.4099999999999,1076.3918458569055,1032.351,840.1612241101045,701.939,1079.2277347587108,1002.294,841.7023932832525,652.1569999999999,684.6636031986363,541.837,340.1977466678776,297.352
E71,heating_train,1250.0,7.127,0.43,0.471303416561229,0.7361217257328359,1283.8211508701893,1196.865,1080.7159819930096,1037.347,846.4410317663996,708.143,1083.545244610384,1007.922,847.9849268915888,658.577,686.9586661861613,548.25,343.47073647660125,297.84799999999996
E71,heating_train,1300.0,7.12,0.442,0.47290378802514244,0.7384497386253457,1285.1599812752552,1197.933,1084.697128235153,1041.966,852.2709550440309,714.096,1087.5201243455383,1013.096,853.8166068713231,664.778,688.8828952353099,554.449,346.6450602782396,298.356
E71,heating_train,1350.0,7.122,0.446,0.47600621155801337,0.7429398724529329,1286.3920208574154,1199.504,1088.38861266965,1046.538,857.6960018141546,720.345,1091.2055852735054,1018.129,859.2426113084784,671.278,690.785141002892,560.96,349.7117580746425,298.95599999999996
E71,heating_train,1400.0,7.127,0.453,0.4793888657915736,0.7478584645842046,1287.4198779819599,1201.916,1091.7699619086343,1050.5839999999998,862.7394141053105,725.905,1094.5805418600241,1022.52,864.2861684457671,677.121,692.5652876723252,566.779,352.6647568685835,299.53299999999996
E71,heating_train,1450.0,7.122999999999999,0.458,0.48083844007370324,0.7499946756699665,1288.4147826359606,1202.195,1094.893969572795,1054.353,867.4375235869591,731.307,1097.698653832756,1026.5729999999999,868.9838276535422,682.777,694.0898171003203,572.4169999999999,355.5004141138495,300.12399999999997
E71,heating_train,1500.0,7.125000000000001,0.477,0.4832832858477375,0.7535653133485651,1289.3343613385985,1203.217,1097.797827504527,1057.953,871.8219525188389,736.8389999999999,1100.5969447543087,1030.504,873.3673159152921,688.646,695.5880999996527,578.316,358.21712236184436,300.79699999999997
E71,heating_train,1550.0,7.123999999999999,0.481,0.48496712267374475,0.756045347787275,1290.178811273045,1204.882,1100.4896586752066,1061.195,875.9151320775658,741.814,1103.283498044538,1033.961,877.459125538018,693.847,696.9325178591286,583.674,360.8148674464744,301.445
E71,heating_train,1600.0,7.121,0.495,0.48622330447605855,0.7578811278867184,1291.0103264280076,1206.316,1103.0081393827309,1064.301,879.7464169226557,746.623,1105.797315914953,1037.269,881.2887666080306,698.9739999999999,698.17987964557,588.851,363.29495392081725,302.126
E71,heating_train,1650.0,7.125000000000001,0.504,0.4887429194265208,0.7615322488349014,1291.7286250931218,1206.953,1105.34852454099,1067.4650000000001,883.3325865496851,751.546,1108.1330557942183,1040.65,884.8730003888936,704.256,699.4476300892583,594.233,365.6598869193921,302.87199999999996
E71,heating_train,1700.0,7.126,0.511,0.4905785326265618,0.7641898172575585,1292.3637848970664,1206.895,1107.5095926625754,1070.2469999999998,886.6883061928637,756.0419999999999,1110.2895636149915,1043.57,888.2265316233646,709.0429999999999,700.5936094356864,599.17,367.9130810244939,303.601
E71,heating_train,1750.0,7.112,0.529,0.4894665031593043,0.7625685803253894,1293.1620350121354,1207.315,1109.5810451998,1072.79,889.850370012754,760.326,1112.3580078011512,1046.243,891.3864756814701,713.5889999999999,701.4778716937944,603.939,370.058463281683,304.339
E71,heating_train,1800.0,7.114,0.542,0.49141945871061254,0.765367253734538,1293.8965433720825,1207.033,1111.5620178824513,1075.132,892.8334713324318,764.458,1114.336291523844,1048.71,894.3674206927539,718.0139999999999,702.5424520262204,608.526,372.1004141342088,305.08799999999997
E71,heating_train,1850.0,7.129000000000001,0.549,0.4956969988630556,0.7715571627578928,1294.2961826264195,1206.772,1113.335517710388,1077.297,895.6181172403087,768.689,1116.1055709291552,1051.051,897.1495126824775,722.555,703.6909493500931,613.332,374.0435020490454,305.895
E71,heating_train,1900.0,7.131,0.552,0.49726484264267345,0.7738470495985268,1294.6251822621002,1208.074,1114.9206027310079,1079.217,898.2151649643436,772.5329999999999,1117.6862333006375,1053.066,899.7437959049785,726.693,704.5629406298601,617.673,375.8925389810553,306.669
E71,heating_train,1950.0,7.112,0.568,0.4947275951746041,0.7701785213118584,1295.2655896540102,1208.083,1116.4791314768245,1081.2379999999998,900.6741793428298,776.172,1119.2426298900905,1055.161,902.20035699455,730.671,705.1077274812493,621.866,377.6523849419008,307.42999999999995
E71,heating_train,2000.0,7.130000000000001,0.57,0.49943612592530406,0.7769777498201187,1295.6700844381037,1208.563,1117.9456201197224,1083.2150000000001,902.9880793569764,780.019,1120.706177730896,1057.216,904.5116588143305,734.835,706.1577889722564,626.249,379.3276348426573,308.262
E71,heating_train,2050.0,7.136000000000001,0.575,0.5015781883141596,0.7800967922482125,1295.8614128327981,1208.615,1119.222088141321,1084.933,905.1379069999803,783.506,1121.9786817981799,1059.013,906.6586017031324,738.603,706.9365925828272,630.236,380.9227425182983,309.048
E71,heating_train,2100.0,7.125,0.581,0.5003904199343744,0.7783747068841873,1296.269456229008,1208.9969999999998,1120.4477974981655,1086.636,907.1674182248904,786.8439999999999,1123.2019744850172,1060.7640000000001,908.6854749532206,742.169,707.4465546257256,634.0619999999999,382.4421644402489,309.83
E71,heating_train,2150.0,7.130000000000001,0.598,0.5023599924720036,0.7812096182981825,1296.6494108559964,1209.452,1121.632281795521,1088.304,909.0860511937244,790.273,1124.3843433232694,1062.473,910.6015560952945,745.895,708.1718104447498,638.056,383.8901603979691,310.66999999999996
E71,heating_train,2200.0,7.116,0.605,0.5005889872300252,0.7786134171668916,1297.1446187854435,1209.193,1122.7877271553148,1089.78,910.9063728329525,793.401,1125.5387841647819,1064.01,912.419565674177,749.28,708.5991537133878,641.6669999999999,385.2707668867987,311.46999999999997
E71,heating_train,2250.0,7.135,0.594,0.5052516716673482,0.7853417842982905,1297.378002277004,1208.712,1123.8485507728587,1091.186,912.6182230471238,796.385,1126.597315546501,1065.434,914.1289474640054,752.573,709.4688091327466,645.203,386.5879214070085,312.26099999999997
E71,heating_train,2300.0,7.138,0.609,0.506541674915619,0.787224616824186,1297.4730714391885,1209.059,1124.7550371805676,1092.38,914.2071396338883,799.289,1127.5007542892572,1066.6680000000001,915.7152127218089,755.7149999999999,710.0162454396227,648.624,387.8455442036348,313.043
E71,heating_train,2350.0,7.130000000000001,0.617,0.5057523516803092,0.7860567985429516,1297.7629067950506,1210.304,1125.6365168423622,1093.6779999999999,915.7122306287595,802.204,1128.3805239926405,1068.0430000000001,917.2179340228959,758.95,710.4090698806492,652.145,389.047363653297,313.888
E71,heating_train,2400.0,7.127000000000002,0.624,0.5059583476713473,0.7863228879131501,1298.1225614618004,1209.8539999999998,1126.520667574087,1095.03,917.1460401939838,804.904,1129.2637690685538,1069.378,918.6495968079594,761.837,710.8663850256121,655.327,390.19686002889216,314.67199999999997
E71,heating_train,2450.0,7.132000000000001,0.64,0.5076668330139408,0.788778219375658,1298.3644867264222,1209.473,1127.3475437297661,1096.1129999999998,918.498055768217,807.559,1130.0893109812614,1070.513,919.9994496338348,764.731,711.4040137070758,658.48,391.2971553506634,315.44899999999996
E71,heating_train,2500.0,7.127999999999999,0.645,0.5075551368108552,0.7885945663255445,1298.6167580223,1210.255,1128.1223235774614,1097.085,919.7749888503732,810.068,1130.8629677734925,1071.498,921.2743203705908,767.48,711.7819804116398,661.482,392.351133614133,316.21799999999996
E71,heating_train,2550.0,7.1309999999999985,0.656,0.5088210560201506,0.790402126634995,1298.8409638856156,1209.755,1128.8566932581643,1098.246,920.9837356185948,812.674,1131.5962047408343,1072.643,922.4810797555547,770.304,712.2471759023467,664.606,393.3617152771768,317.027
E71,heating_train,2600.0,7.118,0.667,0.5069260235697458,0.787617429168252,1299.2054538257405,1210.232,1129.5915704337976,1099.201,922.1397885148876,815.016,1132.3310168569574,1073.638,923.6354269429887,772.8389999999999,712.4685344953102,667.422,394.3316996532162,317.80199999999996
E71,heating_train,2650.0,7.12,0.675,0.5080444051852765,0.7891860278141869,1299.5427260167437,1210.9099999999999,1130.325726198223,1100.096,923.2480309384848,817.281,1133.0651840630253,1074.562,924.7421024033747,775.2629999999999,712.9147025499208,670.162,395.26370932964033,318.556
E71,heating_train,2700.0,7.12,0.674,0.5086731956327409,0.7900612025798905,1299.7803852936718,1210.451,1131.0006313706447,1101.194,924.2952021076405,819.616,1133.7396182202374,1075.6509999999998,925.7876834278712,777.768,713.2929894260246,673.017,396.1602741067366,319.344
E71,heating_train,2750.0,7.126,0.678,0.5104229451571834,0.7925718337187251,1299.9132713354256,1210.7559999999999,1131.602465109885,1102.0459999999998,925.2789719721403,821.769,1134.3403421703158,1076.521,926.769794434971,780.021,713.727126727894,675.573,397.0237276500483,320.09999999999997
E71,heating_train,2800.0,7.130000000000001,0.69,0.511736193663101,0.7944500856794159,1299.9781495396992,1210.089,1132.125519382098,1102.884,926.197163237736,823.8349999999999,1134.8618705188092,1077.338,927.6862607560763,782.242,714.1044512684647,678.108,397.8563752987576,320.839
E71,heating_train,2850.0,7.126,0.684,0.5114248068080111,0.7939748938870165,1300.1235707226865,1208.403,1132.62269707412,1103.5720000000001,927.0654505060684,825.848,1135.3580794538289,1078.028,928.5529566835775,784.4079999999999,714.3443173148161,680.5360000000001,398.66026083496445,321.54999999999995
E71,heating_train,2900.0,7.139,0.682,0.514483821470464,0.7983852316257924,1300.134582796484,1209.424,1133.0624392876052,1104.157,927.8756594135688,827.865,1135.7961320470313,1078.6619999999998,929.3614566428153,786.677,714.8210040682914,683.0699999999999,399.4369831742007,322.327
E71,heating_train,2950.0,7.115,0.695,0.5101596103399825,0.7920863100234135,1300.441814767537,1208.532,1133.5339710587698,1104.79,928.656927250576,829.664,1136.2679512039379,1079.321,930.1414405159452,788.685,714.7380239234233,685.3340000000001,400.1878907329286,323.02599999999995
E71,heating_train,3000.0,7.121,0.697,0.5119243843836335,0.7945896124729169,1300.7372766587046,1208.746,1134.0552972782436,1105.375,929.4199990269101,831.41,1136.789751577324,1079.905,930.9034054071432,790.622,715.1339881609549,687.524,400.91411200157154,323.734
E71,heating_train,3050.0,7.129,0.701,0.5139639361538474,0.7975161519907086,1300.7868522493836,1209.038,1134.4857631224086,1105.987,930.127009849594,833.218,1137.2192571862079,1080.561,931.609061184154,792.6179999999999,715.5116953584795,689.781,401.6167963417961,324.48499999999996
E71,heating_train,3100.0,7.113000000000002,0.703,0.5112100889422829,0.7934890813156747,1301.0468421789728,1209.0259999999998,1134.9227942886137,1106.586,930.8092928253063,834.8919999999999,1137.6565997992675,1081.1419999999998,932.290307000027,794.434,715.5237365818151,691.823,402.29732276940825,325.15799999999996
E71,heating_train,3150.0,7.127000000000002,0.706,0.5144691971405994,0.798172174079192,1301.1534661789788,1207.908,1135.3386651362757,1107.137,931.4588118006925,836.47,1138.0719275008769,1081.7179999999998,932.9386984821067,796.199,715.9870979207046,693.838,402.9570775309145,325.818
E71,heating_train,3200.0,7.123999999999999,0.71,0.5142602415130596,0.7978366722620833,1301.2091219476688,1209.2469999999998,1135.685367328277,1107.589,932.062065915782,838.121,1138.4177689536368,1082.158,933.540761755205,798.0079999999999,716.1622625785849,695.902,403.5973639231237,326.542
E71,heating_train,3250.0,7.125000000000001,0.72,0.5148082745603196,0.7986087012511636,1301.3131928554758,1207.847,1136.0226954207587,1108.1309999999999,932.6372162399892,839.568,1138.7545281091125,1082.724,934.1148202068323,799.632,716.3829730774653,697.751,404.21936267821735,327.188
E71,heating_train,3300.0,7.118,0.719,0.5138144726598924,0.797125999285733,1301.4995568921875,1208.204,1136.3708772562695,1108.5140000000001,933.1909039169328,841.002,1139.1027796836297,1083.099,934.6675821362533,801.2479999999999,716.4940347774493,699.5509999999999,404.8239775786559,327.84799999999996
E71,heating_train,3350.0,7.118,0.728,0.5142630540441081,0.7977222565402657,1301.6868340269014,1208.368,1136.7294603421678,1108.976,933.7264687912547,842.422,1139.4615604043636,1083.56,935.2023194503533,802.8009999999999,716.7191551409448,701.345,405.41200944297566,328.47999999999996
E71,heating_train,3400.0,7.116,0.725,0.5142654836309443,0.7976811624527982,1301.849078002534,1207.982,1137.074021060425,1109.436,934.2391541759059,843.853,1139.8062319889057,1084.003,935.7142140775634,804.401,716.8976779747385,703.1679999999999,405.98427167355305,329.155
E71,heating_train,3450.0,7.125,0.741,0.516404719767621,0.8007520409698957,1301.875582652021,1207.3,1137.3663784854054,1109.8609999999999,934.7184049348699,845.138,1140.0978227378146,1084.431,936.1925300025259,805.8439999999999,717.2171553953615,704.8399999999999,406.54157554943464,329.77099999999996
E71,heating_train,3500.0,7.127999999999999,0.737,0.5172745601947931,0.8019935198442611,1301.840786836148,1206.661,1137.5933428224562,1110.094,935.1588779200041,846.4309999999999,1140.3235648440968,1084.69,936.6319615294415,807.25,717.4172995807714,706.441,407.08473587425203,330.388
E71,heating_train,3550.0,7.121,0.744,0.5161793416889243,0.8003721633264487,1301.9491345564566,1208.1390000000001,1137.832134479075,1110.466,935.5832319052115,847.7049999999999,1140.5620441144101,1085.024,937.0554750990219,808.68,717.4740903081564,708.0909999999999,407.61447228227695,331.03799999999995
E71,heating_train,3600.0,7.119,0.731,0.5161093999749141,0.8002329146883418,1302.114117944838,1207.182,1138.1012606322388,1110.8919999999998,935.998271821144,848.852,1140.8313532329232,1085.4679999999998,937.469820491425,809.959,717.6136536050992,709.597,408.1312802233749,331.631
E71,heating_train,3650.0,7.121999999999999,0.746,0.5170710422981336,0.8015785238934943,1302.200018900946,1207.74,1138.3537445302036,1111.217,936.3928017769749,850.0079999999999,1141.083619127505,1085.788,937.8636145438302,811.2189999999999,717.8309330755783,711.064,408.6355190179849,332.231
E71,heating_train,3700.0,7.1309999999999985,0.756,0.5190768700010552,0.804478315156437,1302.1442611279813,1208.182,1138.543629762688,1111.6219999999998,936.754004771756,851.086,1141.2723420104512,1086.173,938.2238948475922,812.441,718.0900019784697,712.461,409.12765181353524,332.793
E71,heating_train,3750.0,7.122999999999999,0.749,0.5176962654131597,0.8024546693516574,1302.205963755006,1207.607,1138.7247423301997,1112.011,937.0972714877703,852.2379999999999,1141.4529882373881,1086.551,938.5663795950751,813.709,718.0932942990506,713.909,409.6081205552525,333.38
E71,heating_train,3800.0,7.125,0.758,0.5183874647912897,0.8034197639600906,1302.3001878132252,1207.473,1138.927791662834,1112.42,937.4324124394245,853.292,1141.6558626993863,1086.94,938.9008422835357,814.8489999999999,718.2651040570305,715.246,410.0773715798734,333.952
E71,heating_train,3850.0,7.129000000000001,0.761,0.5194391863123532,0.8049157031568982,1302.306327521696,1207.272,1139.1014139810718,1112.71,937.7451981977875,854.3389999999999,1141.8288177504296,1087.251,939.2128588305751,815.982,718.4508720226229,716.558,410.53577669645927,334.496
E71,heating_train,3900.0,7.141,0.76,0.5219897184737968,0.8086115832661,1302.1629658531897,1207.413,1139.2054354854467,1112.9969999999998,938.0237101596721,855.4069999999999,1141.931147539469,1087.531,939.490377935384,817.138,718.7205412177002,717.8779999999999,410.9836942271414,335.061
E71,heating_train,3950.0,7.132000000000001,0.766,0.5203283931523978,0.8061890654683213,1302.1681855512807,1208.3319999999999,1139.3050261979497,1113.387,938.2864079117835,856.323,1142.0299501814798,1087.936,939.7522484400714,818.1859999999999,718.6702158910555,719.087,411.421439251784,335.59999999999997
E71,heating_train,4000.0,7.1419999999999995,0.767,0.522562039306313,0.8093989376008905,1302.1274408754455,1206.7359999999999,1139.4094518832762,1113.749,938.536444130418,857.278,1142.13336920537,1088.318,940.0014397671522,819.2379999999999,718.9258030978729,720.276,411.84925460555553,336.142
E71,heating_train,4050.0,7.125000000000001,0.775,0.5193608259835952,0.8047233798407636,1302.290832185884,1206.826,1139.5549695553918,1113.848,938.7870610661623,858.23,1142.279290879986,1088.442,940.2515190752745,820.314,718.7722939441586,721.505,412.2673265692222,336.679
E71,heating_train,4100.0,7.127999999999999,0.781,0.5202622012794257,0.805983974759094,1302.4651247965292,1207.163,1139.756648073903,1114.042,939.0466681911204,859.112,1142.4815904903394,1088.615,940.5107305647535,821.2769999999999,718.9493086155239,722.637,412.6757778811915,337.19399999999996
E71,heating_train,4150.0,7.132000000000001,0.773,0.5212932547848815,0.8074487294924004,1302.4935524107577,1206.137,1139.9194988062022,1114.2440000000001,939.2887711796071,859.915,1142.6441893732676,1088.841,940.752287771671,822.1899999999999,719.1172343050132,723.681,413.07489677592,337.688
E71,heating_train,4200.0,7.127999999999999,0.778,0.5206920341252769,0.8065495660565687,1302.5616027058243,1206.346,1140.0718105127717,1114.4769999999999,939.5229066990651,860.7479999999999,1142.7964210787818,1089.047,940.9859486239181,823.127,719.1555096497781,724.778,413.4652504870513,338.20599999999996
E71,heating_train,4250.0,7.126,0.774,0.5205134114484985,0.806259026322909,1302.6752393719878,1206.261,1140.2394779601468,1114.658,939.7559699824027,861.505,1142.9643042457687,1089.254,941.2186362909006,823.996,719.230502873158,725.78,413.847457697876,338.69
E71,heating_train,4300.0,7.1370000000000005,0.778,0.5229237432498758,0.8097293222375445,1302.6282572447067,1205.922,1140.3619353874415,1114.8229999999999,939.9688646340885,862.218,1143.085965806883,1089.4389999999999,941.4309496916976,824.802,719.489765105982,726.736,414.22203321857955,339.16099999999994
E71,heating_train,4350.0,7.122000000000002,0.775,0.5200816488471632,0.8055819690443529,1302.757149661241,1206.0520000000001,1140.4983698842323,1114.9769999999999,940.179594638191,862.982,1143.2226911605756,1089.5819999999999,941.6413251703734,825.607,719.3488002457254,727.682,414.5894662698934,339.62899999999996
E71,heating_train,4400.0,7.125000000000001,0.772,0.5209329542321991,0.8067785982040546,1302.9036983813533,1206.05,1140.6772748127664,1115.135,940.3974799707421,863.7189999999999,1143.402083309306,1089.7469999999998,941.8589563002943,826.429,719.5045540665258,728.625,414.95003611132455,340.118
E71,heating_train,4450.0,7.127000000000002,0.775,0.5215884554906635,0.8076857505772856,1302.9431185151539,1206.624,1140.8242619059806,1115.436,940.6012285809994,864.404,1143.548933954375,1090.033,942.0623325251029,827.194,719.6405190154381,729.557,415.303965917464,340.58399999999995
E71,heating_train,4500.0,7.127999999999999,0.784,0.5219385595807607,0.8081771591701441,1302.9626547920184,1205.1619999999998,1140.9478339415173,1115.606,940.7939427505391,865.068,1143.6721616613386,1090.219,942.2546422872748,827.933,719.7326194488861,730.406,415.65161065170304,341.017
E71,heating_train,4550.0,7.133,0.788,0.5231469698393291,0.8098962187719746,1302.9315168015191,1205.0079999999998,1141.0414924466752,1115.6970000000001,940.97183702362,865.73,1143.7651118379172,1090.321,942.4320488421122,828.667,719.8934488513098,731.259,415.99324940351846,341.48199999999997
E71,heating_train,4600.0,7.122,0.793,0.5210833713698512,0.8068821964832655,1303.053613940059,1205.424,1141.1619235533644,1115.8339999999998,941.1516524855388,866.3439999999999,1143.88583179561,1090.464,942.6115843516368,829.372,719.8011941813627,732.102,416.32911612580597,341.91999999999996
E71,heating_train,4650.0,7.1370000000000005,0.783,0.5242776477091714,0.8114915576869484,1303.0036625265009,1205.144,1141.2597009235953,1115.9499999999998,941.3184317205196,866.923,1143.9828459012301,1090.601,942.777878868089,830.0409999999999,720.1065953245038,732.899,416.65921616686757,342.34
E71,heating_train,4700.0,7.127000000000002,0.779,0.522380993841714,0.8087236544641523,1303.0319300524272,1205.632,1141.3378706044095,1116.048,941.4735833402359,867.496,1144.0607216964688,1090.701,942.9326173118307,830.664,720.0136904700597,733.6379999999999,416.98358002609905,342.741
E71,heating_train,4750.0,7.130000000000001,0.791,0.5231446297707133,0.809808525443506,1303.0989990661592,1205.525,1141.4446573275836,1116.4180000000001,941.6321619571847,868.071,1144.1674754878868,1091.029,943.0908711941424,831.324,720.1325469579292,734.406,417.3022427569107,343.16099999999994
E71,heating_train,4800.0,7.130000000000001,0.793,0.5232893266380195,0.8099970770771074,1303.123276824664,1206.152,1141.5379647294817,1116.743,941.7814782680657,868.7099999999999,1144.2605463092927,1091.358,943.239815559366,831.948,720.1990556790083,735.1469999999999,417.6151968218102,343.568
E71,heating_train,4850.0,7.122,0.768,0.5218607348602521,0.8078935669779826,1303.2580350597943,1205.7559999999999,1141.6624135367847,1117.027,941.9371406680423,869.271,1144.3854776223857,1091.663,943.395290208198,832.574,720.1565126812974,735.825,417.9225174350099,343.95
E71,heating_train,4900.0,7.127999999999999,0.798,0.5232631657826042,0.8098958740409793,1303.313094937227,1205.578,1141.785875056751,1117.27,942.0900623976306,869.804,1144.5089611080084,1091.9270000000001,943.5479618978907,833.1619999999999,720.3294658914056,736.509,418.22434689037567,344.337
E71,heating_train,4950.0,7.133,0.789,0.5243691163235821,0.8114902077946211,1303.2529149475185,1206.146,1141.856720335401,1117.3719999999998,942.2241494741475,870.367,1144.5790451297216,1092.07,943.6816176929044,833.788,720.45632690555,737.2049999999999,418.52090191621755,344.724
E71,heating_train,5000.0,7.127999999999999,0.802,0.5234956485220769,0.8102002295036006,1303.281423571142,1206.385,1141.9270319585808,1117.679,942.3544523660925,870.899,1144.6490901619136,1092.337,943.8115899750205,834.35,720.4389908827552,737.8599999999999,418.81241937210723,345.116
E71,heating_train,5050.0,7.129000000000001,0.794,0.5238411315347736,0.8106785252671288,1303.3324238813625,1205.289,1142.0143774465607,1117.827,942.4854469045363,871.4019999999999,1144.7363616337034,1092.54,943.942305117871,834.911,720.5173295768541,738.5039999999999,419.09902995414245,345.48499999999996
E71,heating_train,5100.0,7.129999999999999,0.798,0.5241625954513863,0.8111274121320264,1303.3469648628218,1205.404,1142.0917333235461,1117.716,942.60944002256,871.933,1144.8134481357793,1092.4470000000001,944.0659749065464,835.483,720.587701393591,739.165,419.3809190775292,345.876
E71,heating_train,5150.0,7.1400000000000015,0.784,0.5262544804559696,0.8141555081981557,1303.239717953786,1205.449,1142.1236037432652,1117.789,942.7155832505769,872.355,1144.8442203954419,1092.512,944.1716061675885,835.941,720.7777772496404,739.76,419.65801016691057,346.222
E71,heating_train,5200.0,7.119,0.796,0.5221472784486233,0.808172799485511,1303.4138318573046,1205.664,1142.2080623771292,1117.916,942.8338645712829,872.751,1144.9293904286183,1092.6399999999999,944.2897589629915,836.418,720.5141408119366,740.2929999999999,419.9303542478949,346.568
E71,heating_train,5250.0,7.127999999999999,0.802,0.5241716980799781,0.8110718279235594,1303.5311846913683,1205.266,1142.3393536936542,1118.057,942.9641458734435,873.177,1145.061171945075,1092.809,944.4199317417679,836.86,720.7343830753055,740.8389999999999,420.19794531605896,346.92699999999996
E71,heating_train,5300.0,7.131,0.799,0.5249113553713912,0.8121217134587535,1303.4914748958865,1205.3600000000001,1142.4118707171806,1118.167,943.075576249787,873.615,1145.1331876771594,1092.903,944.5310329180804,837.35,720.8357933356722,741.4269999999999,420.4608430862421,347.27799999999996
E71,heating_train,5350.0,7.129000000000001,0.801,0.5245867490543558,0.8116420077698656,1303.5068576969193,1205.777,1142.4766426102035,1118.226,943.183745849141,874.007,1145.1976975928724,1092.9879999999998,944.638931706839,837.785,720.8467821725778,741.938,420.71930997602476,347.59999999999997
E71,heating_train,5400.0,7.110999999999999,0.811,0.5211568482850569,0.806628728498837,1303.7788314672778,1204.388,1142.6226787790333,1118.399,943.3152303305976,874.415,1145.3451996450915,1093.17,944.7705460324601,838.201,720.6533470257486,742.4559999999999,420.97353090731735,347.92199999999997
E71,heating_train,5450.0,7.136000000000001,0.806,0.5263764068754552,0.8141714243884461,1303.7055543211252,1204.078,1142.724517676667,1118.3319999999999,943.4327136308143,874.764,1145.4463692795803,1093.1390000000001,944.8877443952372,838.627,721.1047414564059,742.95,421.223653930175,348.22499999999997
E71,heating_train,5500.0,7.119,0.795,0.523047837568318,0.8093232731390338,1303.7452155014755,1205.1480000000001,1142.7856223324886,1118.47,943.5375048539704,875.154,1145.5074035662167,1093.233,944.99233485607,839.054,720.8906111265246,743.449,421.46994184600777,348.568
E71,heating_train,5550.0,7.135,0.794,0.5263849426787185,0.8141502339027583,1303.6940926618058,1205.269,1142.8465399645422,1118.666,943.6399793290836,875.495,1145.5676254054088,1093.444,945.0945005913104,839.415,721.1826194297912,743.928,421.7126747654371,348.865
E71,heating_train,5600.0,7.131,0.801,0.5255685396884541,0.8129757780105331,1303.621887132618,1204.579,1142.8594855482095,1118.821,943.7228259208568,875.865,1145.5797169465711,1093.6039999999998,945.176934476362,839.804,721.1334038708138,744.351,421.9518734053014,349.15999999999997
E71,heating_train,5650.0,7.138,0.794,0.5270691509314002,0.8151375190200446,1303.5456093287494,1204.587,1142.8658823893552,1118.82,943.7987208549062,876.237,1145.5851863142511,1093.637,945.2523935396266,840.211,721.2740437899367,744.8389999999999,422.18743064058185,349.481
E71,heating_train,5700.0,7.126999999999998,0.809,0.5249526935910905,0.8120445663476704,1303.6176303883394,1205.04,1142.903079830545,1118.7759999999998,943.8791553076445,876.5319999999999,1145.6224819599536,1093.637,945.3325960669704,840.5749999999999,721.1473506380655,745.2639999999999,422.41925698138414,349.782
E71,heating_train,5750.0,7.126999999999998,0.803,0.5251012898418971,0.8122323091268979,1303.7364934029438,1205.255,1142.990659230189,1119.024,943.972418910258,876.881,1145.7105676415626,1093.788,945.4257590687791,840.906,721.2058428938014,745.6869999999999,422.6471499629467,350.05699999999996
E71,heating_train,5800.0,7.118,0.802,0.5234625219534784,0.8098202468821576,1303.9152545727197,1204.191,1143.113322876453,1119.1,944.0766504240551,877.18,1145.8342384624734,1093.877,945.5300358807375,841.263,721.1379924623086,746.0840000000001,422.87094053750286,350.317
E71,heating_train,5850.0,7.134000000000001,0.802,0.5268221105082777,0.8146734497825612,1303.858008250752,1204.75,1143.1912942240633,1119.239,944.1690084905645,877.51,1145.9116747865482,1094.011,945.6221473371011,841.632,721.4344701229159,746.5360000000001,423.09072608747056,350.604
E71,heating_train,5900.0,7.123999999999999,0.825,0.5248673507760214,0.811827376496117,1303.8741041480469,1205.656,1143.2388655443501,1119.348,944.252472742166,877.775,1145.9590634748986,1094.1480000000001,945.705414145849,841.963,721.3139593498331,746.901,423.30685455179037,350.866
E71,heating_train,5950.0,7.130000000000001,0.811,0.5261741110672801,0.8137091344885573,1303.8885242736794,1204.929,1143.2995187583767,1119.672,944.3384148829794,878.122,1146.0194969832269,1094.444,945.791166676192,842.283,721.4474151574489,747.275,423.5196606798245,351.12199999999996
E71,heating_train,6000.0,7.126,0.808,0.5254889653302112,0.8126900997487012,1303.9175041762471,1204.347,1143.3529153695213,1119.6619999999998,944.419823331536,878.481,1146.0728155274037,1094.462,945.8723957560117,842.658,721.432980237148,747.685,423.72929826272286,351.40999999999997
E71,heating_train,6050.0,7.138000000000001,0.809,0.5279591762058201,0.8162711574778296,1303.8108301538498,1204.362,1143.3702886893518,1119.516,944.4879220437642,878.717,1146.0891937500705,1094.3690000000001,945.9401135122994,842.942,721.6395547878672,748.046,423.93586618083964,351.67199999999997
E71,heating_train,6100.0,7.131,0.806,0.5265940219324091,0.8142804582165362,1303.7869931379594,1203.795,1143.3739273163217,1119.525,944.5483614155388,878.958,1146.092324350554,1094.364,946.0002373061658,843.211,721.5542561751683,748.3779999999999,424.13933591574494,351.916
E71,heating_train,6150.0,7.138,0.81,0.5280656369702811,0.8164076527417615,1303.7451802350652,1203.099,1143.3855542857664,1119.413,944.6073734110562,879.174,1146.1033459928872,1094.3,946.0589154812627,843.466,721.6856511801241,748.713,424.33963955700403,352.16999999999996
E71,heating_train,6200.0,7.131,0.813,0.5267190147001565,0.814439657440206,1303.7759811774458,1204.359,1143.4075933422173,1119.5,944.6660048751526,879.434,1146.1253010447158,1094.338,946.1173086711653,843.704,721.6063724942708,749.064,424.5366070727533,352.42699999999996
E71,heating_train,6250.0,7.127999999999999,0.811,0.526234844452513,0.8137130189206787,1303.8860195708155,1204.476,1143.4759699123347,1119.686,944.7375218791783,879.6419999999999,1146.1941733825806,1094.533,946.188750705426,843.9599999999999,721.6073861776226,749.3589999999999,424.73009628884375,352.66099999999994
E71,heating_train,6300.0,7.127,0.804,0.526135022655594,0.8135510024426027,1303.9703001973842,1204.0520000000001,1143.5571187342869,1119.654,944.8131199034196,879.8589999999999,1146.2757260574426,1094.524,946.264282901024,844.222,721.6356012597506,749.625,424.9200386763803,352.878
E71,heating_train,6350.0,7.133,0.797,0.5274549182785303,0.8154460809053643,1303.9486685569552,1203.9270000000001,1143.6102285624845,1119.657,944.8813647120799,880.088,1146.3285325669426,1094.528,946.3323294899594,844.485,721.7681058218262,749.988,425.1065390431916,353.115
E71,heating_train,6400.0,7.138,0.822,0.5285059875020953,0.8169658871611353,1303.845647900103,1203.7669999999998,1143.614282364773,1119.627,944.9344755709483,880.314,1146.3316602006819,1094.503,946.3850906657838,844.727,721.8625361232356,750.276,425.28992760556616,353.349
E71,heating_train,6450.0,7.125000000000001,0.818,0.5259631070016236,0.8132581831752671,1303.9527894111018,1202.719,1143.6582327989552,1119.6329999999998,944.9982564172574,880.53,1146.3760142897609,1094.509,946.4488013388773,844.949,721.6981700302238,750.554,425.4705003703432,353.558
E71,heating_train,6500.0,7.136000000000001,0.81,0.5283041909248428,0.8166329880625658,1303.9509450417227,1203.894,1143.7099479873523,1119.483,945.0626616743194,880.6709999999999,1146.4275208023814,1094.388,946.5130293175454,845.149,721.9093613669096,750.822,425.6483303160867,353.765
E71,heating_train,6550.0,7.127999999999999,0.826,0.5267631625190473,0.8143815153080151,1303.988621128626,1204.4009999999998,1143.7504755585305,1119.663,945.1229753620895,880.872,1146.4681025967545,1094.492,946.5732046701087,845.361,721.818147808264,751.1089999999999,425.8234222491042,354.005
E71,heating_train,6600.0,7.131,0.813,0.5274880009356827,0.8154099634976348,1304.035442833614,1204.6509999999998,1143.8100078918428,1119.811,945.1892143706195,881.057,1146.5277371912691,1094.693,946.6393499809968,845.578,721.9080819484345,751.337,425.9958265814627,354.224
E71,heating_train,6650.0,7.1339999999999995,0.815,0.5281573073756473,0.8163709981732709,1304.00108222246,1204.828,1143.8415203813229,1120.042,945.2461715526729,881.2429999999999,1146.5588400526426,1094.891,946.6960911417854,845.7869999999999,721.9804502050192,751.575,426.16561708941157,354.417
E71,heating_train,6700.0,7.14,0.827,0.5293798024627144,0.8181475528817145,1303.8994296705987,1204.763,1143.835712375476,1120.268,945.2901695541807,881.531,1146.552106222795,1095.0819999999999,946.7397418449857,846.044,722.0806180258336,751.854,426.33286937706265,354.60999999999996
E71,heating_train,6750.0,7.127,0.819,0.5268114872102235,0.8144077927330176,1303.99535398033,1204.367,1143.8673448954466,1120.269,945.3432899030997,881.715,1146.5840908277034,1095.132,946.7927773936585,846.2719999999999,721.9077634425165,752.105,426.49761170269323,354.787
E71,heating_train,6800.0,7.131,0.822,0.5277405406481165,0.8157328166035522,1304.0798089840225,1203.4479999999999,1143.937898534904,1120.268,945.407013777258,881.924,1146.6550288623707,1095.149,946.8564623361531,846.494,722.014278138035,752.3679999999999,426.6597686806675,354.97799999999995
E71,heating_train,6850.0,7.134000000000001,0.822,0.5284050652241036,0.8166883333230703,1304.0535964149847,1203.5639999999999,1143.9754928811037,1120.2179999999998,945.4604985639231,882.077,1146.6923271677413,1095.12,946.9097569001804,846.669,722.0853929922627,752.585,426.81926946074407,355.164
E71,heating_train,6900.0,7.131,0.813,0.5278493313744691,0.8158738830418224,1304.0733681799218,1203.159,1144.0111212642123,1120.2350000000001,945.5138410199893,882.24,1146.727883755015,1095.15,946.9629642823095,846.851,722.0631147416289,752.8119999999999,426.9761820055098,355.35699999999997
E71,heating_train,6950.0,7.123999999999999,0.825,0.5265888603249825,0.8140105632344903,1304.2073749731207,1204.103,1144.0881044624098,1120.167,945.5802546076841,882.403,1146.8055722715487,1095.099,947.0294370303347,847.03,722.010361354686,753.0229999999999,427.1306532898051,355.54699999999997
E71,heating_train,7000.0,7.132000000000001,0.82,0.5282812871830983,0.8164561493207195,1304.2135497641675,1204.245,1144.1524956538228,1120.312,945.64329201236,882.52,1146.8698900898894,1095.24,947.092383179646,847.183,722.1659477183207,753.218,427.2828384987498,355.71
E71,heating_train,7050.0,7.135999999999998,0.812,0.5291215212257757,0.8176717501207001,1304.1157124153747,1203.5,1144.159659391454,1120.3719999999998,945.688693630973,882.7049999999999,1146.8762242045964,1095.307,947.1375035933402,847.369,722.2417894737439,753.444,427.4328239696759,355.88699999999994
E71,heating_train,7084.0,7.145,0.825,0.5309079570345757,0.8202762868790441,1303.9790916663237,1203.298,1144.127425876009,1120.348,945.7067997777306,882.823,1146.8428846902452,1095.306,947.1552789195418,847.476,722.3709479417237,753.56,427.53364393968013,356.00399999999996
E72,heating_train,0.0,19.503,0.255,0.27475260545014046,0.2738642576155064,294.0745,295.56,294.0745,294.102,294.0745,294.015,294.0745,294.229,294.0745,294.226,294.0745,294.17999999999995,294.0745,294.07599999999996
E72,heating_train,50.0,19.479,0.471,0.6531942751052627,0.9600647875287265,498.71015588292613,373.46,372.45323129691315,362.34299999999996,330.0105510418956,324.21099999999996,372.92709411385493,328.62899999999996,330.21619059334233,307.11899999999997,354.42644518156743,304.986,294.07582248844733,294.07399999999996
E72,heating_train,100.0,19.45,0.724,0.8423380978835239,1.335870176499182,559.3026097296322,453.884,432.1460130400353,454.865,367.7712534112143,387.39599999999996,432.8083345789837,404.428,368.09695004744015,351.84299999999996,391.5218669000927,338.248,294.08307289288564,294.046
E72,heating_train,150.0,19.411,0.932,0.9521616941332435,1.5667409435558906,587.5713134051833,515.521,471.3999442526664,527.652,399.3058819182727,439.84399999999994,472.1441230646123,472.907,399.7093988306543,393.721,416.0595587406134,364.9,294.1019201072081,294.043
E72,heating_train,200.0,19.372,1.118,1.0210115032735199,1.7174321510948565,603.2247274490448,566.458,497.49163122475875,587.3820000000001,424.0643441075805,484.692,498.263806963203,532.14,424.51405675365436,430.62699999999995,433.007062973749,387.02099999999996,294.14781656630925,294.056
E72,heating_train,250.0,19.331,1.266,1.0662803598181125,1.8197287826213602,612.9241470914521,600.6179999999999,515.4221720701656,631.105,443.26389830310825,519.356,516.1975275335943,576.909,443.7392274179856,459.476,445.1524856082624,407.085,294.2447826845623,294.08
E72,heating_train,300.0,19.286000000000005,1.382,1.0969782444685237,1.891013591928357,619.5011648951645,625.5519999999999,528.2030223073239,662.649,458.2298521404058,546.762,528.9707723027052,610.781,458.71809369517973,483.17499999999995,454.1471304299148,423.78,294.41794787896697,294.12
E72,heating_train,350.0,19.266000000000002,1.482,1.1208079192955762,1.946678423787974,624.0955667822133,644.915,537.6105494543401,688.435,470.0374239860625,570.3979999999999,538.3661750975065,638.979,470.5309317761283,503.76099999999997,461.0064337868462,441.294,294.686573960532,294.154
E72,heating_train,400.0,19.227999999999998,1.563,1.1367517105647766,1.985227950782899,627.5642798558167,660.424,544.7375327306995,707.871,479.47155136429603,588.377,545.4796230974525,660.075,479.9656310861907,519.235,466.3355709663932,455.501,295.06049510793105,294.215
E72,heating_train,450.0,19.202,1.636,1.149705556235852,2.016503603997284,630.2889853369259,671.613,550.309776385709,722.509,487.1216775180805,603.733,551.0384279834976,676.726,487.6136200879397,532.96,470.60082014139573,470.66999999999996,295.5401103811047,294.27099999999996
E72,heating_train,500.0,19.173,1.717,1.1593950732908338,2.0402690069957012,632.5018227371625,681.039,554.7714533261303,734.97,493.41172616160657,617.3599999999999,555.4873284167438,690.972,493.8999494754538,545.644,474.06861964476195,484.707,296.1180512563326,294.344
E72,heating_train,550.0,19.139,1.762,1.1664538580710553,2.0579777743905967,634.422487957905,687.9459999999999,558.4451401110231,744.2629999999999,498.65616978246254,628.391,559.1492719645335,701.685,499.1398305710893,556.144,476.9418787841656,496.54499999999996,296.78184977061187,294.423
E72,heating_train,600.0,19.088,1.8,1.1703743165824658,2.0687167645907776,636.2648593221152,693.515,561.5744365372124,751.25,503.0939769866271,637.449,562.2681648771568,709.749,503.57272653488445,565.315,479.3682462980918,507.08,297.5162241895064,294.52099999999996
E72,heating_train,650.0,19.037000000000003,1.857,1.1733394222205336,2.076919672601421,638.054602241579,698.5070000000001,564.3287008395542,756.723,506.91321903481895,645.352,565.0133600256152,716.5409999999999,507.38707294122014,573.3820000000001,481.48374093976497,516.4449999999999,298.3051078365577,294.62699999999995
E72,heating_train,700.0,18.988999999999997,1.908,1.1759117590780699,2.0838121440379287,639.7441933745034,704.932,566.7930348607488,763.856,510.2495885816079,653.028,567.4696886104023,724.288,510.7187208838271,581.29,483.3627241684526,525.539,299.1330188347634,294.76
E72,heating_train,750.0,18.967000000000002,1.938,1.1802483261364043,2.093964783697598,641.1424406911449,707.6379999999999,568.980231317363,768.467,513.1908153595975,659.949,569.6493608776059,729.995,513.6553916649191,588.575,485.0429589774063,533.712,299.98595699207095,294.892
E72,heating_train,800.0,18.92,1.972,1.1811360676359444,2.09707978518704,642.4770314993949,708.393,570.927082182664,770.241,515.7904737578831,665.681,571.5892701504695,733.479,516.2505694635458,594.95,486.48344858825527,541.6469999999999,300.8516986946817,295.019
E72,heating_train,850.0,18.894000000000002,2.006,1.183631991360731,2.103202799902431,643.674008174397,710.553,572.6893185198227,770.93,518.1088996706999,669.906,573.3450733485623,735.2629999999999,518.5646986280674,600.3009999999999,487.7968249142882,548.774,301.71991108909367,295.178
E72,heating_train,900.0,18.884999999999998,2.044,1.1870616052117429,2.1111702642864456,644.5595041274299,711.989,574.2292986062328,772.8779999999999,520.1724343457964,673.469,574.8786210186229,737.701,520.6239943931485,604.787,488.9556966044118,554.634,302.58210923812464,295.34499999999997
E72,heating_train,950.0,18.852999999999998,2.057,1.187450312291145,2.112992329813521,645.4148785965928,713.896,575.5887577659016,774.5039999999999,522.0061230008175,677.169,576.2320116359107,740.002,522.4534774311454,609.28,489.937008134057,560.228,303.43155604971867,295.501
E72,heating_train,1000.0,18.839000000000006,2.066,1.1894279900556666,2.1178231844499362,646.1779581471728,717.2090000000001,576.8188649918004,777.149,523.6504022073899,680.702,577.456446329661,742.7159999999999,524.0937138960746,613.44,490.8465247774779,565.664,304.2630920904023,295.67699999999996
E72,heating_train,1050.0,18.809,2.109,1.1893087353230687,2.118396772506959,646.9303366448571,719.933,577.936886229256,779.527,525.1295933788005,684.7829999999999,578.5692400339144,745.646,525.5689978864782,617.928,491.63447224656477,571.3489999999999,305.0728483386217,295.899
E72,heating_train,1100.0,18.795999999999996,2.121,1.1909298695069475,2.1222425150050572,647.6056972250976,721.0909999999999,578.9687254354944,781.153,526.4741643626006,688.1279999999999,579.596225824694,747.813,526.9098812006814,621.819,492.39200998261606,576.26,305.85806841287297,296.114
E72,heating_train,1150.0,18.768,2.155,1.190886080851128,2.1225924310504545,648.3089004990231,721.613,579.9309511628721,782.594,527.7045570233665,691.095,580.5540763353067,749.6769999999999,528.1367916485162,625.4449999999999,493.0776734410325,580.81,306.61706138277896,296.35299999999995
E72,heating_train,1200.0,18.742,2.167,1.1910654581161384,2.123243197062739,649.0672839709327,724.1769999999999,580.8657507267535,784.7249999999999,528.8483259142793,694.277,581.4850752760467,752.06,529.2773584284121,629.142,493.73915972928614,585.413,307.34894810826086,296.628
E72,heating_train,1250.0,18.707,2.183,1.1902906856234918,2.1218709389051447,649.8936253092751,724.68,581.7872732780364,785.3199999999999,529.9234851495489,696.92,582.4033534912838,753.2339999999999,530.3495916742675,632.577,494.36557390888936,589.245,308.05332664231514,296.89799999999997
E72,heating_train,1300.0,18.689999999999998,2.205,1.1914192026240942,2.1242138172417717,650.6441757751493,726.819,582.6812455408082,787.651,530.941178869863,699.364,583.294334010888,755.362,531.3646133579381,635.622,494.9974824625432,592.576,308.7302046777845,297.17699999999996
E72,heating_train,1350.0,18.669,2.224,1.1918789159147627,2.125233251294667,651.3221638668163,727.116,583.5187701256718,788.184,531.8974182220209,702.315,584.1289734676234,756.825,532.3183208284013,639.1569999999999,495.57610898967556,596.443,309.37996802185376,297.508
E72,heating_train,1400.0,18.66,2.248,1.193314263286632,2.128260804929136,651.8820593445197,728.573,584.2897938399349,788.674,532.7903418786342,704.068,584.8971035447255,757.512,533.208809087167,641.707,496.1196532545672,599.887,310.0032264815776,297.82
E72,heating_train,1450.0,18.651,2.28,1.1944277930077258,2.1306893913124583,652.3363615468907,728.538,584.9782921405788,789.1759999999999,533.6135020272645,705.915,585.5826598547912,758.3820000000001,534.0295635204243,644.1569999999999,496.60408194453976,603.03,310.6006875281181,298.133
E72,heating_train,1500.0,18.63,2.286,1.1940779211903694,2.1301805106876905,652.8328645612896,728.813,585.6188958835771,789.994,534.374333158984,707.636,586.2205800084569,759.3489999999999,534.7880649430955,646.391,497.031231506626,605.987,311.1731978207507,298.455
E72,heating_train,1550.0,18.62,2.296,1.1947563146004065,2.131733416182131,653.2824315893891,727.467,586.2221065980491,789.542,535.0824888222013,709.221,586.8212675637405,759.517,535.4940037900235,648.729,497.4432752904546,608.8340000000001,311.7216105785161,298.787
E72,heating_train,1600.0,18.608,2.301,1.194978024733273,2.1324109124409363,653.6711975137066,729.074,586.772623028606,790.153,535.7369970647501,710.519,587.3693204290362,760.25,536.1463565055324,650.604,497.8087866697887,611.5360000000001,312.2467922719275,299.101
E72,heating_train,1650.0,18.59,2.314,1.194571680814151,2.1317426156101322,654.0923230665045,730.12,587.2941150782536,791.237,536.3467903782507,711.967,587.8885980688219,761.266,536.7541047296932,652.578,498.1501724893029,613.903,312.74965163382535,299.429
E72,heating_train,1700.0,18.575,2.328,1.1945304006516722,2.13173142318163,654.52968152282,732.126,587.8038387597337,792.5409999999999,536.9239129428923,713.583,588.3963737604222,762.447,537.3293365347764,654.608,498.48961028714206,616.208,313.23122707287166,299.74399999999997
E72,heating_train,1750.0,18.559,2.34,1.194502367965279,2.131631987549778,654.9781369999762,732.5619999999999,588.3042114851655,794.53,537.4756414060452,715.7349999999999,588.8950396136127,764.4749999999999,537.8793334978504,656.919,498.82928479655186,618.807,313.692613763827,300.11699999999996
E72,heating_train,1800.0,18.548000000000002,2.365,1.195004119401867,2.1325636536176136,655.4050137411353,732.9849999999999,588.7926986984914,795.189,538.0063251928249,717.537,589.3819696173771,765.51,538.4084284304336,659.105,499.16855237386693,621.269,314.1350018559921,300.47799999999995
E72,heating_train,1850.0,18.534999999999997,2.371,1.195196422116056,2.132887384782691,655.8144501605747,734.403,589.2619575643353,795.4979999999999,538.5142849183758,718.905,589.849776432093,766.16,538.9148994722626,660.9369999999999,499.487358584764,623.499,314.5595085213446,300.83299999999997
E72,heating_train,1900.0,18.526,2.37,1.1957299268188435,2.1339053336433107,656.1902083457442,734.14,589.708849897665,795.5319999999999,538.9988130673773,720.0519999999999,590.2952772425722,766.502,539.3980211093954,662.6289999999999,499.7952506059457,625.679,314.9671219808881,301.222
E72,heating_train,1950.0,18.503,2.377,1.194697976049309,2.131786007970053,656.6379783964644,733.7,590.15071748124,794.035,539.4629289725884,720.483,590.7360023942688,765.506,539.860823143698,663.8209999999999,500.07011868143957,627.38,315.3587641379082,301.58099999999996
E72,heating_train,2000.0,18.49,2.394,1.194789365052901,2.1318811118155545,657.0831385510426,733.575,590.5967058251349,793.433,539.91431184253,720.825,591.1810154271794,765.1479999999999,540.3110224138779,664.652,500.3623387966562,628.9359999999999,315.73526211394415,301.926
E72,heating_train,2050.0,18.481,2.415,1.195171173645194,2.1325999827437156,657.4493638737134,732.991,591.0163079725793,793.621,540.3467510767373,721.1679999999999,591.5995844161816,765.134,540.742331152449,665.575,500.63920161808767,630.194,316.0974093573694,302.30899999999997
E72,heating_train,2100.0,18.483,2.408,1.196463828156431,2.1352411719587203,657.6752884453862,734.7139999999999,591.3799573663741,794.953,540.7494592124099,722.213,591.9619557602059,766.25,541.1438878604081,666.806,500.8932768241398,631.659,316.44597192174285,302.666
E72,heating_train,2150.0,18.469,2.399,1.1958661029673063,2.1341191524338394,657.9244018439592,733.3019999999999,591.7027925996731,794.398,541.1190774453728,723.239,592.2835600419434,766.3199999999999,541.5123352623759,668.218,501.09333619923126,633.285,316.7816406290867,303.01599999999996
E72,heating_train,2200.0,18.455000000000002,2.421,1.1952102340522592,2.132892561057086,658.2296376979211,733.1679999999999,592.0226525571378,794.2869999999999,541.4669596184842,723.602,592.6024075834191,766.189,541.8591149984934,669.0409999999999,501.2833011438845,634.535,317.10503721410896,303.335
E72,heating_train,2250.0,18.452,2.418,1.1957360802403132,2.1340035922997407,658.46327836748,735.1659999999999,592.3220460065813,794.446,541.7942001999337,724.135,592.9007735371373,766.367,542.1853034844246,669.9839999999999,501.48153990285806,635.7929999999999,317.41666709254486,303.69399999999996
E72,heating_train,2300.0,18.437,2.427,1.1949197380477692,2.132410555747774,658.7240229006001,733.492,592.604448845484,794.7429999999999,542.1019057224291,724.8309999999999,593.182260048593,766.693,542.4920001780068,670.951,501.6488491579546,636.846,317.7171065913095,304.03799999999995
E72,heating_train,2350.0,18.442999999999998,2.423,1.1964972498449393,2.1355183852019044,658.890362568849,733.7049999999999,592.8658318178746,795.1229999999999,542.3946843346416,725.515,593.4426621870267,767.067,542.783839452212,671.909,501.8533876003704,637.978,318.0069969555443,304.387
E72,heating_train,2400.0,18.413,2.45,1.1942002492351707,2.130826732615972,659.23600511697,736.6579999999999,593.1377943504181,797.554,542.6771267627587,726.708,593.7140373630125,768.949,543.0654218267354,673.086,502.00090678946333,639.1479999999999,318.28707025774094,304.75399999999996
E72,heating_train,2450.0,18.409999999999997,2.461,1.19510537894526,2.1324287114675338,659.5800107324327,737.174,593.4447347691047,798.584,542.966815329785,728.173,594.0206044805336,770.162,543.3544330419703,674.603,502.223812676029,640.54,318.5579798738926,305.11499999999995
E72,heating_train,2500.0,18.398,2.455,1.1948601903915286,2.131808759708303,659.8806404362124,736.799,593.7402458428999,799.538,543.251787095513,729.2909999999999,594.3157048049973,771.131,543.6387661470706,675.887,502.4129037281248,641.728,318.82030772540725,305.453
E72,heating_train,2550.0,18.381,2.478,1.1940754671679565,2.1301079246077865,660.2398596028072,739.3199999999999,594.0443059031896,801.947,543.5342258027941,730.723,594.6195032911138,773.044,543.9206366451547,677.304,502.59517288928976,642.983,319.0745176787437,305.817
E72,heating_train,2600.0,18.379999999999995,2.477,1.1949433834751422,2.1317560813959857,660.5041619279532,740.728,594.3344727991953,804.242,543.8101849454872,732.555,594.9092855009671,775.211,544.1960587308699,678.999,502.7922480924277,644.3340000000001,319.3209883755857,306.13
E72,heating_train,2650.0,18.372000000000003,2.489,1.1949011118324266,2.1316249454528147,660.7231338747616,741.0319999999999,594.5908094394601,806.232,544.06964673832,734.44,595.1651200955241,777.3489999999999,544.4549509778595,680.779,502.9551491227528,645.885,319.5600874000871,306.436
E72,heating_train,2700.0,18.361,2.49,1.194496096690909,2.1307703804519917,660.9753063633984,741.152,594.8381348734945,806.536,544.3167158738188,735.674,595.4120265256079,777.942,544.7014702054186,682.222,503.1060548033936,647.29,319.79219704622767,306.74199999999996
E72,heating_train,2750.0,18.373,2.496,1.1964121972071462,2.1346312320156855,661.054870612132,740.226,595.0425953198206,805.154,544.544608555097,736.626,595.6157682155076,777.7729999999999,544.9287761596458,683.434,503.2673787250058,648.9849999999999,320.01765146846685,307.067
E72,heating_train,2800.0,18.361,2.499,1.1955340999824018,2.132939743404983,661.168432171539,738.3969999999999,595.2077096663692,802.654,544.746104897504,735.736,595.7801627032447,775.578,545.1296183440847,683.4179999999999,503.3606802495308,649.6479999999999,320.2367452169214,307.366
E72,heating_train,2850.0,18.361,2.493,1.196163639848641,2.1341428359505503,661.3043518242853,738.203,595.3738763026613,801.524,544.9363618013269,734.971,595.9457497382468,774.443,545.3192838781987,683.172,503.4894204832291,649.997,320.4498032597073,307.69
E72,heating_train,2900.0,18.352,2.479,1.1957332898820154,2.133255356309202,661.464863649846,736.2349999999999,595.5385228817576,799.307,545.1174252060825,734.3399999999999,596.1099310083707,772.739,545.4997921070437,683.092,503.59359266224465,650.498,320.65718170778973,308.01
E72,heating_train,2950.0,18.353000000000005,2.483,1.1964736486881615,2.134658199773726,661.5971262523877,738.183,595.6999082946807,799.3729999999999,545.2922909200425,733.822,596.2708665794985,772.392,545.6741517504688,682.8879999999999,503.7192810082997,650.567,320.8591547991384,308.32099999999997
E72,heating_train,3000.0,18.344000000000005,2.49,1.1960470267810233,2.133755242842578,661.7548497022141,739.169,595.8577071262846,800.636,545.460302949333,734.064,596.4282916258545,773.082,545.841683828214,683.1859999999999,503.8192327186413,650.887,321.0559870139924,308.628
E72,heating_train,3050.0,18.339,2.482,1.1961338654148568,2.1338388354294575,661.9317481139896,737.7919999999999,596.0229577088681,800.3919999999999,545.6261235942582,734.894,596.5932646647582,773.443,546.0070826362316,684.045,503.93334677373576,651.824,321.24788737849155,308.926
E72,heating_train,3100.0,18.333000000000002,2.491,1.1960868760308467,2.1336649888480226,662.1041234288722,737.963,596.1886094373839,798.812,545.7892718883148,734.5989999999999,596.7586732625125,772.135,546.1698451193415,684.2049999999999,504.042787811483,652.367,321.43505356055266,309.24199999999996
E72,heating_train,3150.0,18.326999999999998,2.487,1.1959811351522145,2.1334039923561834,662.276010708414,737.231,596.3527975689472,798.288,545.9488479362951,734.231,596.9226380830869,771.567,546.3290601858707,684.15,504.14599164794214,652.662,321.6176500799334,309.55499999999995
E72,heating_train,3200.0,18.317999999999998,2.497,1.1956221790304675,2.1325893051112192,662.4706734999464,738.578,596.5204779334983,797.723,546.1064200847284,733.992,597.090171216851,771.04,546.4863087254646,684.18,504.25065163381987,652.896,321.79582629035144,309.84499999999997
E72,heating_train,3214.0,18.316,2.485,1.195559895102961,2.132450519620199,662.5289015466751,737.656,596.5688903688246,797.899,546.1505933774869,733.977,597.1385554836701,771.112,546.530399644745,684.1869999999999,504.2795051799071,652.9549999999999,321.84494912119237,309.928
E74,heating_train,0.0,9.025,-0.229,-0.2031877777119639,-0.20352487704708708,293.93899999999996,295.561,293.93899999999996,294.243,293.93899999999996,294.05699999999996,293.93899999999996,294.191,293.93899999999996,294.125,293.939,294.08799999999997,293.93899999999996,293.87899999999996
E74,heating_train,50.0,9.009000000000002,-0.143,-0.03633751621342063,0.028725696606183987,557.6418499377133,391.716,372.05598642930784,351.337,324.0017658991263,308.75199999999995,372.52431662864524,323.70099999999996,324.17138232935827,301.13599999999997,353.86340082841326,297.69399999999996,293.94033569315314,293.863
E74,heating_train,100.0,9.026,-0.061,0.07315951499398465,0.1835799042636711,681.5071234186595,502.76099999999997,444.02210252332594,439.308,356.75736048947863,352.388,444.75436093279677,394.82599999999996,357.030386287365,332.69599999999997,395.1672594213271,316.37399999999997,293.94765091314355,293.86899999999997
E74,heating_train,150.0,9.014000000000001,0.016,0.15011308734565965,0.2940826401774243,757.1918535015145,600.0039999999999,503.2016996483262,519.002,389.0916943076512,395.89799999999997,504.12972309974964,467.955,389.45497384614293,367.801,426.32597922432376,338.086,293.96669095100657,293.86199999999997
E74,heating_train,200.0,9.024000000000001,0.09,0.2097927464789755,0.38062856428159775,807.1124667237966,672.164,551.2753705275488,581.7429999999999,419.2888529087952,429.871,552.3478047846987,528.356,419.7294952554102,396.284,450.7810936225061,355.342,294.01401693926243,293.85999999999996
E74,heating_train,250.0,9.017,0.144,0.2543910251752659,0.44610758568603426,841.8088720429532,729.309,590.4799601941975,634.7059999999999,446.76836497047066,459.254,591.6589128176038,580.316,447.27455173898693,421.456,470.34284345497895,370.315,294.1178387023464,293.88599999999997
E74,heating_train,300.0,9.026,0.194,0.2913066375671486,0.5007381633484502,866.8497626765347,775.7829999999999,622.6668184761368,681.179,471.48234773813084,485.86699999999996,623.9238251975788,627.717,472.0438836020218,444.42699999999996,486.38361508242554,384.26599999999996,294.3118472422498,293.9
E74,heating_train,350.0,9.018,0.231,0.31922508882739187,0.5425202085116572,885.5998069873552,809.006,649.2946522299499,716.899,493.5853933914509,507.31899999999996,650.6082866166992,664.692,494.1933959083865,463.10699999999997,499.61254352834055,396.38199999999995,294.627872390975,293.931
E74,heating_train,400.0,9.012,0.267,0.3421831054957146,0.5771171351948793,900.1138209403164,834.749,671.5357231362821,746.5039999999999,513.3100950004721,526.072,672.8900511689144,696.1569999999999,513.9570043393476,479.80899999999997,510.7431997920214,407.68499999999995,295.09051624287406,293.976
E74,heating_train,450.0,9.023000000000001,0.297,0.3632436158509642,0.6089780694902753,911.4121088180314,856.736,690.2516537038991,772.788,530.9183018441917,543.5999999999999,691.6344133781752,724.468,531.5977425195138,495.711,520.2737659700811,418.90099999999995,295.71463102576627,294.036
E74,heating_train,500.0,9.021,0.338,0.3794639640859453,0.6337571633718877,920.434970565269,873.03,706.11819239346,793.405,546.6445939095281,558.231,707.5201884689219,746.8599999999999,547.3510171245081,509.25699999999995,528.3711293851343,429.01099999999997,296.5051069080168,294.09999999999997
E74,heating_train,550.0,9.011,0.36,0.3922432700574533,0.6534125578048764,927.9524205383593,885.572,719.7211340119416,811.059,560.7080309571968,571.3599999999999,721.1359143455286,766.064,561.4367197020617,521.5319999999999,535.3483203437344,438.36699999999996,297.4580516829859,294.176
E74,heating_train,600.0,9.016,0.401,0.40502565328187223,0.6730561596023963,934.1572830949768,896.818,731.4744747325256,825.895,573.316905070985,583.2349999999999,732.897029469113,782.348,574.0639490713953,532.601,541.511140654597,447.407,298.5625790470204,294.262
E74,heating_train,650.0,9.011,0.42,0.4149010467488822,0.6883376723972101,939.3766194371542,906.271,741.6948108963388,839.78,584.6470240038558,594.852,743.1214143605848,797.454,585.409059090141,543.6389999999999,546.8739169769404,456.65299999999996,299.80287938899613,294.38599999999997
E74,heating_train,700.0,9.027000000000003,0.45,0.4262358163606871,0.7058088004214182,943.6535788689226,913.651,750.6182417661425,850.7579999999999,594.8525196047556,604.855,752.0457286863249,809.56,595.6267340615575,553.3,551.7152237161627,464.806,301.1602160666115,294.503
E74,heating_train,750.0,9.018999999999998,0.467,0.433157278360612,0.7166475608036214,947.3660347771057,920.55,758.4589897653613,860.665,604.0606626720897,614.0989999999999,759.8853231323237,820.523,604.8445664893305,562.423,555.8674912057528,472.731,302.6143106901793,294.644
E74,heating_train,800.0,9.016000000000002,0.499,0.4399512465263663,0.7272400764649117,950.7027306220593,926.356,765.4365168790471,870.012,612.3952285898565,623.4449999999999,766.8605443886786,831.1809999999999,613.1868210657772,571.682,559.6234028596789,480.96799999999996,304.1447524029685,294.82
E74,heating_train,850.0,9.006,0.505,0.4449191748481248,0.7350763215230922,953.7173877752028,930.2049999999999,771.6909832649876,877.259,619.9620103840708,631.5899999999999,773.1119250525068,839.523,620.7596063133728,579.7629999999999,562.9369783716589,488.484,305.7318164166303,294.99899999999997
E74,heating_train,900.0,9.024,0.54,0.45306944618912215,0.7477248458304937,956.1635775343841,932.9119999999999,777.2752532773233,883.8829999999999,626.8464109061688,639.094,778.6917891421037,846.906,627.6485900731002,587.304,566.0758255212835,495.74699999999996,307.356947510856,295.188
E74,heating_train,950.0,9.018,0.554,0.45709692627026366,0.7541642140918414,958.2977576769239,936.531,782.2596681824205,889.866,633.1148175673934,646.226,783.6710718961926,853.483,633.9202589319593,594.467,568.724048507315,503.029,309.00333665049425,295.37399999999997
E74,heating_train,1000.0,9.02,0.574,0.461816596219481,0.7616190605310633,960.2475656212373,939.774,786.7656138143825,896.09,638.8388894733986,653.483,788.1716171040732,860.233,639.6465661064741,601.9079999999999,571.1811182583172,510.557,310.65617061899127,295.597
E74,heating_train,1050.0,9.03,0.585,0.46719976632008653,0.770079543578482,961.8611520778933,942.84,790.8182814096564,901.256,644.0727954938741,660.025,792.2183156814906,865.997,644.8818014513665,608.5070000000001,573.4522341103562,517.424,312.30273087568514,295.837
E74,heating_train,1100.0,9.018,0.611,0.46909571954180607,0.7732108189600334,963.4395492653672,944.704,794.5080434045074,905.866,648.8704568821163,666.226,795.9023549841211,871.215,649.6800469282499,614.843,575.383610398758,524.007,313.93235133742365,296.087
E74,heating_train,1150.0,9.030999999999999,0.621,0.474403900849074,0.7814780138438596,964.7958717171741,945.935,797.8785493498146,910.2909999999999,653.2819844326218,672.481,799.266973736194,876.2429999999999,654.0916031683317,621.226,577.3417611382878,530.789,315.5363202495561,296.40299999999996
E74,heating_train,1200.0,9.016000000000002,0.642,0.47539399510302827,0.7831496788807712,966.1445109564662,948.741,800.97520249126,914.001,657.3471568952148,677.996,802.3581755873422,880.358,658.1563135403228,626.762,578.9541322446826,536.864,317.1077265186028,296.74199999999996
E74,heating_train,1250.0,9.028,0.654,0.4801435323491069,0.7905121201896608,967.320561447824,949.886,803.8344889484508,917.621,661.1058466245061,683.259,805.211994371422,884.29,661.9142007793573,632.299,580.6414343957683,542.726,318.64117160567,297.099
E74,heating_train,1300.0,9.033,0.68,0.48356879241815875,0.7958651509963339,968.2648188795188,952.439,806.4261289784042,920.877,664.5767865937036,688.2729999999999,807.7979237528484,887.9549999999999,665.3839441575379,637.62,582.1327685778779,548.326,320.1325629673023,297.488
E74,heating_train,1350.0,9.02,0.696,0.48420850267713,0.7969421880337696,969.3239114304012,953.602,808.8430780380611,924.202,667.7962001044482,693.415,810.2098748258518,891.826,668.6019334460493,643.073,583.3983745731148,554.092,321.5789575521215,297.93199999999996
E74,heating_train,1400.0,9.025,0.705,0.4873966473974122,0.8018775648618458,970.3047240936706,953.12,811.1083965606304,927.2099999999999,670.7921472321493,698.016,812.4704606874709,895.3489999999999,671.5963116521104,648.028,584.717894070461,559.401,322.9783255255706,298.35699999999997
E74,heating_train,1450.0,9.015000000000002,0.724,0.4881395319456622,0.803091822245191,971.2650046480057,953.262,813.2253671005901,929.317,673.5827655301655,702.424,814.5831032828853,897.9399999999999,674.3852120064478,652.733,585.8252457304245,564.477,324.32943161674655,298.81399999999996
E74,heating_train,1500.0,9.018,0.739,0.4906086638283119,0.806952028065874,972.1339881545342,953.7909999999999,815.2077672897078,931.235,676.1873670031833,706.798,816.5612965575062,900.231,676.98799596033,657.421,586.9411002980331,569.621,325.63158882829225,299.299
E74,heating_train,1550.0,9.016000000000002,0.757,0.49212995941049187,0.8093761575290312,972.8984485090808,954.697,817.0416460210743,933.197,678.6155758838524,710.637,818.3910203948345,902.366,679.4142588992463,661.704,587.9287802744259,574.218,326.8846145300631,299.76
E74,heating_train,1600.0,9.015000000000002,0.774,0.4936750458990845,0.8118297023079026,973.6142772200861,954.6039999999999,818.7489735616703,935.0459999999999,680.8831696012021,714.39,820.0943657759581,904.449,681.6798322499349,665.787,588.8555421330107,578.637,328.0888509584645,300.22799999999995
E74,heating_train,1650.0,9.016,0.769,0.49533633255090626,0.814474726648053,974.2440084430767,955.846,820.3314540810826,936.939,683.0004712344341,717.995,821.6729200424993,906.492,683.7950391490456,669.74,589.719918685226,582.856,329.24506705458117,300.717
E74,heating_train,1700.0,9.027,0.8,0.49843591549331123,0.8192954241317325,974.6945774024746,955.875,821.7690742063216,938.935,684.9728105919214,721.779,823.1063578528257,908.699,685.7651866866404,673.8889999999999,590.6061423026417,587.144,330.3543646735916,301.263
E74,heating_train,1750.0,9.026,0.802,0.4996264215629437,0.8211901910383379,975.1136870721739,957.015,823.0825791164671,940.7869999999999,686.8110861162672,725.1279999999999,824.4158199030314,910.668,687.6012102062936,677.611,591.3393129609092,591.098,331.4182358955568,301.791
E74,heating_train,1800.0,9.026,0.822,0.5009610606735014,0.8232768015981885,975.5714939209795,957.198,824.3174317805704,942.587,688.5325132156436,728.4459999999999,825.6470848715594,912.667,689.320415267081,681.327,592.0493694464096,595.0139999999999,332.4383396554873,302.332
E74,heating_train,1850.0,9.02,0.834,0.5013841766090804,0.8239436679024366,976.0885708820181,956.805,825.4980264149776,944.105,690.1510116087459,731.623,826.8245604089631,914.342,690.936757086979,684.863,592.686066907123,598.805,333.4163719309148,302.87399999999997
E74,heating_train,1900.0,9.022,0.839,0.5029500640878496,0.8263562131056633,976.568415857764,957.794,826.6222418652546,945.555,691.6754329554045,734.775,827.9459295439079,915.927,692.4590886455044,688.42,593.3494800349089,602.627,334.353997462483,303.477
E74,heating_train,1950.0,9.026,0.846,0.5046817925465513,0.8290386796107093,976.9402661911336,958.918,827.6624063737027,947.424,693.1061032541513,737.6679999999999,828.9831523591675,917.814,693.8876720360131,691.6279999999999,593.9747990002172,606.124,335.25285701785253,304.034
E74,heating_train,2000.0,9.02,0.868,0.5048026072972599,0.8292606652041699,977.3514798923991,959.7379999999999,828.6433912166483,949.035,694.4521734614593,740.5609999999999,829.9615291180639,919.571,695.2317050697632,694.771,594.4799167078402,609.502,336.11454222661416,304.58299999999997
E74,heating_train,2050.0,9.018999999999998,0.871,0.5056864094688819,0.8306314898224265,977.7799685062557,961.824,829.5855043933701,950.838,695.7238780570108,743.5429999999999,830.9013366320742,921.401,696.5014601538726,698.078,595.008139047225,612.992,336.94061352167205,305.179
E74,heating_train,2100.0,9.017,0.88,0.5063030704377663,0.8316097325083702,978.1756409114873,961.463,830.4776576351732,952.615,696.9237929775902,746.2860000000001,831.7913201547796,923.3109999999999,697.6994782371232,701.098,595.4869445148134,616.145,337.73267625849235,305.715
E74,heating_train,2150.0,9.008000000000003,0.9,0.5058402994641776,0.8309230936025,978.6365552056772,961.573,831.3430990382194,953.989,698.0613200380515,748.938,832.6550123041504,924.798,698.8352100329951,704.149,595.8922898406774,619.231,338.4922434872892,306.24699999999996
E74,heating_train,2200.0,9.034000000000002,0.902,0.5104548344685954,0.8380739231778338,978.7522060623372,959.587,832.1012980731726,954.832,699.1230704053035,751.54,833.4105133301227,925.899,699.8950815525218,707.12,596.5041044065636,622.355,339.22080610105064,306.786
E74,heating_train,2250.0,9.015000000000002,0.914,0.5082233087598157,0.8347009164660382,978.9937509703404,958.659,832.7873334770688,954.6569999999999,700.114504394289,753.92,834.0943361681007,926.066,700.8846494680715,710.076,596.7338981323796,625.4110000000001,339.91986119632764,307.37699999999995
E74,heating_train,2300.0,9.004,0.917,0.5074225942075444,0.8334555584840052,979.4990796713112,959.8249999999999,833.5198485267813,955.188,701.0689976363308,755.822,834.825692042777,926.611,701.8375328523375,712.401,597.0695557894044,628.077,340.59097076515553,307.93499999999995
E74,heating_train,2350.0,9.02,0.917,0.5106654562364862,0.838418211598559,979.7432209505628,959.761,834.1985840543177,955.9209999999999,701.9713168698306,757.76,835.5027140896686,927.4209999999999,702.7382541047125,714.684,597.5925613193936,630.6659999999999,341.23567684590455,308.52099999999996
E74,heating_train,2400.0,9.023000000000001,0.932,0.5117381178981925,0.8400889016646906,979.8424718024052,959.4839999999999,834.7810073033365,956.6419999999999,702.8120309527069,759.781,836.0830269075723,928.177,703.5773105065514,717.03,597.9509540739617,633.338,341.85550302589525,309.12399999999997
E74,heating_train,2450.0,9.021,0.941,0.5120705172959962,0.8406033605428112,980.0154101725116,959.919,835.3252256661917,957.285,703.6042725192418,761.6479999999999,836.6254185910691,928.884,704.3679620928699,719.1659999999999,598.2611953814446,635.806,342.4518410077719,309.705
E74,heating_train,2500.0,9.024000000000001,0.935,0.5131217415159678,0.842224776333311,980.184428256681,958.009,835.8407761227746,957.74,704.3519766257242,763.482,837.139277051161,929.48,705.1141336607283,721.2059999999999,598.592305254054,638.213,343.0260053974473,310.268
E74,heating_train,2550.0,9.023000000000001,0.957,0.5134941540803314,0.8428140362403924,980.3509334995351,956.789,836.3258196283332,957.328,705.0565151651057,765.151,837.6227624810067,929.323,705.817183949456,723.143,598.8666495712062,640.578,343.5791243662343,310.83799999999997
E74,heating_train,2600.0,9.018,0.948,0.5132089917528663,0.8424007546951584,980.5789292308621,955.0079999999999,836.8020632886569,957.105,705.7252270970839,766.575,838.097774548886,929.199,706.4844950371951,724.881,599.0924634589934,642.769,344.1121234566778,311.383
E74,heating_train,2650.0,9.03,0.954,0.5154234570313728,0.8458463585737792,980.6607216334125,955.905,837.2321670622639,956.549,706.3522835579531,767.977,838.5262825282773,928.783,707.1101420693756,726.603,599.423668979966,644.9939999999999,344.6258361900502,311.96799999999996
E74,heating_train,2700.0,9.027000000000003,0.954,0.5152422947720895,0.845629293557421,980.7228077426005,956.26,837.6095966890637,957.0559999999999,706.9357393372565,769.178,838.9021085682629,929.1659999999999,707.6921782211002,728.074,599.59956340956,646.892,345.1210540779988,312.517
E74,heating_train,2750.0,9.017,0.95,0.514062159052557,0.8438518953963061,980.9547272268832,957.033,838.002461332804,957.6569999999999,707.4933313978086,770.538,839.2940110409463,929.755,708.248490301269,729.62,599.7305453338272,648.7539999999999,345.5985422668898,313.04699999999997
E74,heating_train,2800.0,9.027999999999999,0.961,0.5161199834027254,0.84703424037549,981.0622936491341,957.252,838.3728432591982,958.163,708.0207466880879,772.0409999999999,839.6631761855947,930.304,708.7746594020298,731.297,600.0284759066096,650.72,346.0590801906991,313.58599999999996
E74,heating_train,2850.0,9.029,0.967,0.5166310477649515,0.8478309385608436,981.0929590363519,956.031,838.6902211327595,958.509,708.5122847966481,773.3399999999999,839.979154860427,930.709,709.2649416904682,732.789,600.2288796266905,652.489,346.5035791954475,314.10699999999997
E74,heating_train,2900.0,9.027999999999999,0.97,0.516861379314889,0.8481822316366248,981.1848068361564,955.906,838.994791301531,959.05,708.9786301794626,774.595,840.2825686724793,931.188,709.7301121345434,734.175,600.4125945763831,654.182,346.9330325549806,314.61899999999997
E74,heating_train,2950.0,9.013,0.963,0.5150913635976083,0.8454146889709886,981.4766800599394,956.761,839.3377440428267,959.534,709.4339230731514,775.8889999999999,840.6251667774535,931.728,710.1844135079384,735.663,600.5131915535509,655.8889999999999,347.3483384429151,315.18499999999995
E74,heating_train,3000.0,9.015000000000002,0.984,0.5159237023611375,0.846649602406518,981.7519848803512,957.346,839.706110833736,960.3059999999999,709.8802765659266,777.116,840.99328808005,932.4359999999999,710.6298982371361,737.0139999999999,600.7528925900341,657.4929999999999,347.7502920782703,315.688
E74,heating_train,3050.0,9.033000000000001,0.999,0.5190188274811575,0.8514095166130982,981.721990784825,958.629,839.9963770017443,961.2769999999999,710.2940656519189,778.3409999999999,841.2823530997507,933.3299999999999,711.0427059166948,738.364,601.0698239849893,658.998,348.13957792824874,316.17199999999997
E74,heating_train,3100.0,9.02,0.993,0.5173304499889207,0.8488139967860737,981.8063128113373,959.286,840.2532576998296,962.276,710.6825292773212,779.7570000000001,841.5383581470214,934.342,711.4302180097031,739.8589999999999,601.120545522268,660.654,348.5168793745661,316.678
E74,heating_train,3150.0,9.015000000000002,0.986,0.5169163338575792,0.8481681757760624,982.0467431259949,957.422,840.5491233006321,963.2289999999999,711.0639079359491,781.076,841.8339194735513,935.27,711.8107975052394,741.245,601.2499017720828,662.21,348.8828076894822,317.145
E74,heating_train,3200.0,9.028,0.991,0.5191666903092086,0.8516416605160557,982.0810892490249,957.759,840.8057061284037,963.371,711.4211436197689,782.3499999999999,842.0896269831976,935.62,712.167179091764,742.5799999999999,601.4976141456289,663.771,349.23782182689945,317.57399999999996
E74,heating_train,3250.0,9.021,0.995,0.5182816729405292,0.8503052050719644,982.1394664783144,956.394,841.0280134108691,962.702,711.7544259199426,783.393,842.3111330050151,935.206,712.4996033128226,743.777,601.5610196534469,665.211,349.58239681544,318.02799999999996
E74,heating_train,3300.0,9.025,0.996,0.5190685547002781,0.8515431601109804,982.2074459221736,951.4639999999999,841.2446971679019,962.134,712.0713334637974,784.21,842.5270568623189,934.736,712.8156945574392,744.795,601.7080340210632,666.633,349.9169570973356,318.50699999999995
E74,heating_train,3350.0,9.031,0.994,0.5200667394648807,0.8531276307197093,982.1719773099079,954.501,841.4197835793868,961.199,712.3626986374802,784.825,842.7010825014983,933.9159999999999,713.1061915297088,745.606,601.8431892341749,667.8499999999999,350.2418530787381,318.93499999999995
E74,heating_train,3400.0,9.017,0.999,0.518061408658364,0.8500686684072639,982.3085538342377,955.3679999999999,841.6080379451407,961.199,712.641753065596,785.3729999999999,842.888873512514,933.8389999999999,713.3844748062417,746.328,601.8278724960498,668.948,350.55740981254553,319.388
E74,heating_train,3450.0,9.025,1.011,0.5195359233322917,0.8523306770374799,982.4069732438184,953.947,841.8070475525299,961.437,712.9120932960318,786.025,843.0873860505726,934.019,713.6541100962453,747.1279999999999,602.0118109517896,670.03,350.8639759555881,319.815
E74,heating_train,3500.0,9.027000000000003,1.003,0.5200687765484929,0.8531419367285693,982.4083622510651,953.543,841.9704879733533,961.549,713.1638904664733,786.8149999999999,843.250072639173,934.135,713.9051771975767,748.0319999999999,602.1345634101076,671.2059999999999,351.1620344287001,320.268
E74,heating_train,3550.0,9.029,1.02,0.5206042102329697,0.853952180776385,982.4158231493941,955.669,842.1170184189291,961.981,713.4020976844381,787.4789999999999,843.3958562900826,934.419,714.1426820517383,748.8299999999999,602.2537255417285,672.245,351.45212096597595,320.691
E74,heating_train,3600.0,9.02,1.03,0.5195009963588325,0.8522255860473258,982.5485992623449,955.167,842.282562402348,962.6659999999999,713.6352794948198,788.2909999999999,843.5611212733363,935.086,714.3752616935315,749.698,602.2946065396865,673.249,351.73470855881345,321.096
E74,heating_train,3650.0,9.03,1.03,0.5213208353063933,0.8549944609400375,982.5915581513017,954.413,842.4432394025059,963.095,713.8599806092996,789.1759999999999,843.7212913152874,935.562,714.5993791082742,750.664,602.4892453701659,674.357,352.0101735647489,321.53999999999996
E74,heating_train,3700.0,9.029,1.033,0.5213460657173096,0.8550279147139026,982.5891776133425,955.47,842.5732321918377,963.446,714.0690405917746,789.956,843.8506418128854,935.8969999999999,714.8078279577761,751.5,602.5670849901799,675.323,352.2788741370239,321.929
E74,heating_train,3750.0,9.026,1.03,0.5210948979073463,0.8546262029759588,982.6662442478189,956.042,842.7112326900318,964.09,714.2717642331868,790.73,843.9882601906429,936.491,715.0100048111153,752.319,602.6348950013883,676.305,352.54106833623473,322.31399999999996
E74,heating_train,3800.0,9.026,1.022,0.5212982189875482,0.8549260539756163,982.7521086195711,957.683,842.8552344209397,964.86,714.4683819450138,791.535,844.1319662675016,937.213,715.2061164763295,753.19,602.7255612319453,677.202,352.79697538851303,322.69599999999997
E74,heating_train,3850.0,9.007,1.028,0.5186349164601886,0.8508040920589549,983.0394020726851,956.202,843.0492775404737,965.702,714.6707331365404,792.52,844.3264631482647,938.091,715.4081116404211,754.136,602.6781372956555,678.318,353.0467726031469,323.07
E74,heating_train,3900.0,9.015000000000002,1.023,0.5200846076930298,0.8530259671665872,983.2308135637718,951.713,843.261229326592,964.9639999999999,714.8746881476604,793.328,844.5386270009758,937.703,715.6117499716304,754.9939999999999,602.8464014148169,679.2829999999999,353.29053849532363,323.424
E74,heating_train,3950.0,9.019000000000004,1.022,0.520708953138198,0.8540350431421126,983.2386058436675,948.1899999999999,843.4158051459083,963.579,715.0603117227612,793.773,844.6927838002024,936.622,715.7969388568235,755.592,602.9301750284171,680.179,353.52834285570765,323.76099999999997
E74,heating_train,4000.0,9.016000000000002,1.022,0.5202677699091632,0.8533956798900203,983.2740689043744,952.256,843.5462478963527,962.302,715.2335500977438,793.889,844.8228089297024,935.3299999999999,715.9697322145626,755.919,602.954194617743,680.987,353.76028304487016,324.15
E74,heating_train,4050.0,9.03,1.018,0.5224725550724857,0.8568108758435333,983.1676036230864,951.7819999999999,843.6311828275932,962.175,715.3888406019195,793.997,844.9068207372361,935.1,716.1245019526802,756.188,603.1152063403019,681.5989999999999,353.98662822748435,324.49899999999997
E74,heating_train,4100.0,9.027000000000003,1.029,0.5220338707790609,0.8561577868885376,983.0815403602488,952.814,843.6805245446346,962.371,715.5263015922897,794.2909999999999,844.95528619934,935.178,716.2614076169964,756.565,603.1245106892904,682.2349999999999,354.20782556338514,324.83799999999997
E74,heating_train,4150.0,9.024000000000001,1.03,0.5217388225694818,0.8556822993596978,983.1206534923467,952.146,843.7520465913109,962.864,715.6609917834601,794.716,845.0263768779802,935.563,716.3956339279356,757.053,603.164511472343,682.901,354.4242324481979,325.173
E74,heating_train,4200.0,9.028,1.042,0.5224924656556899,0.8568302926281447,983.1292049330633,953.593,843.8270256449849,963.007,715.7901953610193,795.271,845.1009062706894,935.765,716.5243928505265,757.642,603.2556637985504,683.6289999999999,354.6361274364558,325.524
E74,heating_train,4250.0,9.028,1.039,0.5225838317587957,0.8569709930491467,983.1228448155427,952.667,843.8934697671868,962.946,715.9114958161466,795.749,845.1668838406323,935.7429999999999,716.6452487045939,758.178,603.3023870100379,684.303,354.84361473900384,325.85499999999996
E74,heating_train,4300.0,9.03,1.034,0.5229758912108896,0.8575754813938614,983.1134943734062,951.021,843.9551115592435,962.745,716.0263403973223,796.135,845.2280529192363,935.62,716.7596602956846,758.6469999999999,603.362492250871,684.944,355.0467194713066,326.162
E74,heating_train,4350.0,9.027000000000003,1.04,0.5225808337065848,0.8569733758024591,983.1430378932862,951.4879999999999,844.0214367553605,962.7239999999999,716.1370762115887,796.4689999999999,845.2940595760291,935.543,716.8699941885617,759.076,603.3781182693343,685.556,355.24546476914327,326.489
E74,heating_train,4400.0,9.03,1.036,0.5230201483601521,0.8576842604039192,983.148767591927,950.4879999999999,844.0853680503112,962.99,716.2420400362303,796.8439999999999,845.3576053529546,935.802,716.9745545129591,759.4929999999999,603.4243842337544,686.097,355.4398184881044,326.758
E74,heating_train,4450.0,9.01,1.024,0.520026917589412,0.8530821052769957,983.3695510441,951.235,844.1965354695808,963.175,716.3537819981373,797.293,845.4691622439336,935.98,717.0860287750849,759.971,603.3095372913551,686.678,355.6296801583882,327.036
E74,heating_train,4500.0,9.036000000000001,1.034,0.5240785375674043,0.859334469176911,983.3115499211665,951.8,844.2826473893,963.471,716.4587363157933,797.7239999999999,845.5547681915857,936.2139999999999,717.1906385870539,760.438,603.5605126795633,687.239,355.8150495850067,327.311
E74,heating_train,4550.0,9.029,1.048,0.5230055701874791,0.8576968722031856,983.203267387017,951.972,844.3062194096627,963.866,716.5446579846362,798.165,845.5776162923256,936.639,717.2761225763254,760.906,603.520883429572,687.7819999999999,355.99615432364374,327.59799999999996
E74,heating_train,4600.0,9.027999999999999,1.047,0.5229671789636908,0.8576221088914469,983.2389304889309,952.876,844.3552653166907,964.3,716.6334187519938,798.577,845.6263671543172,936.9259999999999,717.3645485120647,761.351,603.556562147628,688.28,356.173351031738,327.86199999999997
E74,heating_train,4650.0,9.025,1.047,0.5226250645684819,0.8570802831441336,983.3058075775953,952.864,844.4205782553524,964.817,716.7227012961741,799.079,845.6915749220705,937.459,717.4535402027489,761.847,603.5785476427063,688.867,356.34690788737873,328.131
E74,heating_train,4700.0,9.032,1.039,0.5237627085804456,0.8588347781193568,983.2877892291319,950.684,844.47474448895,964.013,716.8068063977464,799.557,845.745375749305,936.996,717.5373283771264,762.371,603.6684407883955,689.463,356.5169562830022,328.41499999999996
E74,heating_train,4750.0,9.028,1.038,0.5231541971042325,0.8579140693858831,983.2868746716807,949.914,844.5185613402034,963.5799999999999,716.8849635397376,799.7289999999999,845.7888737121227,936.536,717.6151628391954,762.653,603.655677508488,689.97,356.6835393704095,328.71799999999996
E74,heating_train,4800.0,9.038,1.045,0.5245933939749848,0.8601794275136421,983.1986915852533,947.813,844.5408564525491,962.8589999999999,716.953778513491,799.879,845.8105251922642,935.965,717.6836023549708,762.875,603.7328130060356,690.387,356.84663138729036,328.97799999999995
E74,heating_train,4850.0,9.031,1.03,0.5234149404818561,0.8584088680833681,983.1716666213324,946.559,844.5538280802838,962.387,717.0142933024882,799.949,845.823053037919,935.507,717.7437387878499,763.031,603.6681764983748,690.837,357.00614653294906,329.262
E74,heating_train,4900.0,9.018,1.032,0.5214069243998166,0.8553406217394113,983.3536175830575,949.269,844.6253817808997,961.8489999999999,717.0849177848954,799.983,845.8949077022005,934.937,717.8141338824389,763.154,603.58156235283,691.19,357.1620240099287,329.519
E74,heating_train,4950.0,9.02,1.031,0.5218052893453414,0.855951303360863,983.4978393475204,951.6709999999999,844.7260066040551,962.144,717.1623361360005,800.057,845.9958143896829,935.116,717.8913788118218,763.2829999999999,603.6408626991566,691.487,357.31420095326536,329.755
E74,heating_train,5000.0,9.025,1.053,0.5227060399629923,0.8573171579474483,983.5057937590149,951.834,844.799454659589,962.836,717.2351356384506,800.353,846.0691113253174,935.685,717.9639615684298,763.583,603.7276819886172,691.829,357.46284294127554,330.02099999999996
E74,heating_train,5050.0,9.025,1.052,0.5227960907391606,0.8574444208466985,983.4968567630991,951.713,844.8520100187105,963.552,717.3040810172,800.725,846.1213995309606,936.307,718.0326795206802,763.954,603.7624938018389,692.1759999999999,357.60833723364567,330.229
E74,heating_train,5100.0,9.037,1.047,0.5246998181607011,0.8603708601781268,983.3703168152992,951.637,844.8662438720182,963.693,717.3628212632153,801.15,846.1349203192209,936.549,718.0911198229287,764.366,603.8830160134053,692.579,357.75102316814434,330.453
E74,heating_train,5150.0,9.027000000000003,1.054,0.5232484598286699,0.8581165414369091,983.367407957176,952.592,844.8795367158257,963.975,717.4179048996255,801.462,846.1479025604483,936.773,718.1459378683754,764.704,603.8291983726147,692.952,357.891200721693,330.66999999999996
E74,heating_train,5200.0,9.029,1.054,0.5236804787262034,0.8587581590323488,983.4237621578719,950.034,844.9229541957332,964.201,717.4782168044776,801.852,846.191242230127,937.071,718.2060546057048,765.0909999999999,603.8856047574452,693.385,358.0290527520276,330.907
E74,heating_train,5250.0,9.023000000000001,1.055,0.5228630588784714,0.8574825854229549,983.5113804746088,949.9879999999999,844.9819872145845,963.49,717.5406946086639,802.097,846.2503779826393,936.566,718.2683706398689,765.395,603.8748249456992,693.779,358.1645959600944,331.125
E74,heating_train,5300.0,9.023000000000001,1.069,0.5229415061802173,0.8575990171973651,983.60561738467,950.967,845.0567439473036,963.317,717.6068821508447,802.161,846.3252769266911,936.2909999999999,718.3344291869226,765.534,603.9102261607005,694.055,358.2977554294141,331.33
E74,heating_train,5350.0,9.018,1.063,0.5221665458093011,0.856428688179135,983.7015725446773,951.784,845.1364130788368,963.68,717.6738343301728,802.327,846.4051100241381,936.591,718.4012584496215,765.708,603.8888087858406,694.373,358.42839240840624,331.49
E74,heating_train,5400.0,9.032,1.052,0.5242503660747401,0.8596773949078185,983.6228930255744,950.884,845.1779194152049,964.068,717.7307059235345,802.597,846.4461454173708,936.917,718.4579080579525,765.9929999999999,604.0038436702571,694.6279999999999,358.55635094808895,331.652
E74,heating_train,5450.0,9.033,1.065,0.5243330668751586,0.8598334303103243,983.4882177698503,951.067,845.1688969461076,964.701,717.7720030769183,802.891,846.4363988306537,937.482,718.4988957232373,766.309,604.0037061287759,694.935,358.6816789624556,331.827
E74,heating_train,5500.0,9.027000000000003,1.069,0.5234695742107606,0.8584916670583039,983.4999988325687,951.1899999999999,845.1775865582754,964.866,717.8143101068168,803.27,846.4448304103557,937.76,718.5409710305868,766.656,603.9748082112105,695.276,358.80462819436127,332.029
E74,heating_train,5550.0,9.029,1.067,0.5239155853221947,0.8591458616992006,983.534411504661,951.446,845.2073388133936,964.821,717.8601012848051,803.55,846.4744755872562,937.72,718.5865833716472,766.958,604.029678138285,695.62,358.9253879104461,332.25399999999996
E74,heating_train,5600.0,9.025,1.074,0.5234604448384134,0.8584057656084535,983.5931722734733,950.768,845.2494001841455,965.071,717.9086987468634,803.773,846.5165691667528,937.937,718.6350398980419,767.182,604.041390703114,695.932,359.04424554470086,332.45099999999996
E74,heating_train,5650.0,9.028,1.077,0.5240387954148674,0.859273576602799,983.6258802816639,950.929,845.2961651848591,964.509,717.9592095187405,803.989,846.5632923473095,937.5699999999999,718.6854213642441,767.431,604.1026609647793,696.247,359.161296497458,332.642
E74,heating_train,5700.0,9.038,1.062,0.5255709470450552,0.8616452050497473,983.514885180699,947.8679999999999,845.3038411469356,963.884,717.9994922568385,804.082,846.5704150825195,937.05,718.7254788029293,767.566,604.1904914025771,696.544,359.27650148064185,332.825
E74,heating_train,5750.0,9.022,1.061,0.5231496766036293,0.8579106477644329,983.59560381714,949.025,845.3308319714508,963.0509999999999,718.0419008764225,803.9789999999999,846.5974720558825,936.27,718.7677381908193,767.596,604.0783222438184,696.78,359.3898063267486,333.024
E74,heating_train,5800.0,9.04,1.069,0.5259773297119453,0.8622605402917982,983.5330695972334,948.381,845.352742740527,962.843,718.082574983127,803.91,846.6189832358931,936.014,718.8082297436606,767.586,604.2462413434778,696.949,359.50119214984124,333.20899999999995
E74,heating_train,5850.0,9.033999999999999,1.05,0.5249743067407612,0.8607430945783461,983.4531162914561,948.817,845.3395639500496,962.559,718.1114054700736,803.925,846.6053361214704,935.755,718.8368083208602,767.627,604.18510086263,697.15,359.610695122779,333.383
E74,heating_train,5900.0,9.031,1.061,0.5245730082319272,0.8601135391278006,983.5024128951059,947.2959999999999,845.3579231918957,962.24,718.1457342873882,803.942,846.6236475719589,935.442,718.8709756870885,767.683,604.1808942661314,697.343,359.71827659329864,333.573
E74,heating_train,5950.0,9.023000000000001,1.074,0.5234481239622163,0.8583600036571568,983.6393110391577,949.023,845.4131169672344,962.107,718.1885029958528,803.919,846.6791719071957,935.235,718.9136677616902,767.701,604.1502967355893,697.49,359.82396428643904,333.74199999999996
E74,heating_train,6000.0,9.029,1.057,0.5245162398079869,0.8599744923589883,983.6956225582009,949.501,845.4738341699835,962.385,718.2347073024355,803.962,846.7399943908341,935.4069999999999,718.959800555974,767.775,604.2422951790805,697.613,359.927781163507,333.92699999999996
E74,heating_train,6015.0,9.016000000000002,1.071,0.5225661389911386,0.8569584939663024,983.7560512757383,948.538,845.4986853173431,962.509,718.2505749049762,804.0,846.7650709658819,935.491,718.9756695675387,767.8009999999999,604.1511713477838,697.672,359.9585785820838,333.964
E76,heating_train,0.0,4.519,-0.379,-0.40844065994157186,-0.408531700009996,293.91499999999996,295.539,293.91499999999996,294.173,293.91499999999996,293.988,293.91499999999996,294.034,293.91499999999996,294.09299999999996,293.9149999999999,294.05899999999997,293.91499999999996,293.84799999999996
E76,heating_train,50.0,4.519,-0.353,-0.33631723535174596,-0.32138355673608626,582.461500376535,388.98499999999996,372.1952138094864,338.00899999999996,321.9131914113251,303.316,372.66251167978464,316.23699999999997,322.0694930564026,298.755,348.5131054874985,297.16299999999995,293.9163414066337,293.84299999999996
E76,heating_train,100.0,4.519,-0.321,-0.28623961975276746,-0.26060263039070003,740.3201966021072,511.162,448.7308503199507,416.14199999999994,351.827656483959,334.74199999999996,449.4897746182079,378.296,352.07518812586864,321.602,387.50556570236284,307.73299999999995,293.923692842519,293.851
E76,heating_train,150.0,4.540000000000001,-0.298,-0.24594758204556066,-0.2115875764991009,845.1791968499095,613.097,516.4157546952192,483.94599999999997,382.6574488209801,367.405,517.4232670839956,439.729,382.99078468996856,348.176,418.2152095888638,322.49899999999997,293.9428921148402,293.87
E76,heating_train,200.0,4.528,-0.266,-0.21683238509622144,-0.17589564745272224,918.035168700269,700.3,575.4038815030667,544.614,413.01455163566965,397.027,576.624392531784,497.96399999999994,413.42824289249046,373.34499999999997,442.8806777001954,336.02799999999996,293.99105662735576,293.892
E76,heating_train,250.0,4.518000000000001,-0.248,-0.19365569050303333,-0.14736344606484011,970.4807599821225,763.457,626.7425294684747,591.7249999999999,442.13683510098855,420.307,628.1456594230547,544.708,442.625343644304,393.48799999999994,463.24067582679976,346.83099999999996,294.0981554705137,293.89
E76,heating_train,300.0,4.525,-0.227,-0.1731471066450666,-0.12203054130377933,1009.2017699740502,812.036,671.3431073220431,630.901,469.7070818743741,440.054,672.900850351492,584.457,470.2651414465844,410.849,480.45782736447615,356.32899999999995,294.3018124245378,293.917
E76,heating_train,350.0,4.515,-0.211,-0.15803750678179357,-0.10324292601142243,1038.6579316954885,851.872,710.0440857590665,665.641,495.59606560765064,458.176,711.730791304886,620.162,496.2184815161776,427.121,494.92917228463426,365.84499999999997,294.6404512795737,293.933
E76,heating_train,400.0,4.52,-0.198,-0.1437819712639482,-0.08547027953012483,1061.5840698097127,881.778,743.643753950693,692.524,519.7817486822801,472.745,745.4364362179024,648.804,520.4635351263697,440.529,507.52855906584523,374.131,295.1479667548292,293.97299999999996
E76,heating_train,450.0,4.513999999999999,-0.177,-0.13300028993711055,-0.07194824197439162,1079.8405235369182,905.658,772.8653049371362,715.384,542.2977447404883,485.658,774.7441304155739,673.131,543.0339917897545,452.423,518.3359914254652,382.005,295.85031351122024,294.012
E76,heating_train,500.0,4.514,-0.177,-0.12310153619045028,-0.059501438713074506,1094.6708288774425,926.023,798.3734037189757,736.017,563.2099566851266,497.871,800.3217249728075,695.319,563.995950431682,463.83399999999995,527.8758245123522,389.94,296.76431111799917,294.072
E76,heating_train,550.0,4.521999999999999,-0.171,-0.11347688974804082,-0.0473725337270694,1106.7997919155969,941.799,820.7038464697553,752.6610000000001,582.6041644118559,508.155,822.7075881883953,713.287,583.435390736147,473.48199999999997,536.398855633587,397.16099999999994,297.8975233958193,294.14799999999997
E76,heating_train,600.0,4.515,-0.144,-0.10697720245521969,-0.03912252634488357,1116.987071957304,954.999,840.350130309118,767.079,600.5716460897601,517.4689999999999,842.3981379144022,728.824,601.4437693648788,482.50199999999995,543.7608463244325,403.948,299.2489278999558,294.239
E76,heating_train,650.0,4.531999999999999,-0.13,-0.09805869805135037,-0.027840757112773368,1125.49457991134,966.6999999999999,857.7013344455045,779.8689999999999,617.2102367830269,526.069,859.7841144916514,742.745,618.1192269227331,490.79599999999994,550.6856911621762,410.59999999999997,300.81012202297563,294.334
E76,heating_train,700.0,4.513,-0.126,-0.09489393581254091,-0.023760715944732183,1132.9248869357978,976.573,873.1247896999494,792.0989999999999,632.6174541895742,534.675,875.2355327962521,756.112,633.5594977647513,499.17499999999995,556.3891415322653,417.67199999999997,302.56678988989387,294.47999999999996
E76,heating_train,750.0,4.519,-0.115,-0.08884853099842183,-0.016068874026358274,1139.4008885167275,985.573,886.936443164524,802.184,646.8950065367621,542.171,889.0695093947776,767.095,647.8666836390169,506.59799999999996,561.900290136334,423.998,304.5000279402774,294.59999999999997
E76,heating_train,800.0,4.524,-0.11,-0.08348419211607783,-0.009226766720219048,1144.9373024691831,993.1229999999999,899.3020704512772,811.364,660.1282957583362,549.122,901.4523719786413,777.171,661.126391917409,513.5709999999999,566.8798982490456,429.77599999999995,306.58767448816684,294.751
E76,heating_train,850.0,4.512,-0.092,-0.08102277591582596,-0.006042301545615622,1149.9321164092223,999.5509999999999,910.4626973159925,820.409,672.4076678604706,556.149,912.6269149707845,787.167,673.4292917777375,520.581,571.1471818613617,435.96,308.80582183746196,294.93899999999996
E76,heating_train,900.0,4.528,-0.092,-0.07493064017284068,0.0017255638320254063,1154.2370056907703,1005.175,920.5513109421158,827.944,683.8092060964839,562.383,922.7259214903459,795.443,684.8517051283402,526.924,575.4678110725285,441.664,311.12989821769565,295.12399999999997
E76,heating_train,950.0,4.525,-0.087,-0.07200708178466741,0.0055015299514624,1158.0318381698473,1009.88,929.6753931351541,835.0169999999999,694.3995394130552,568.4,931.857758566723,803.222,695.4604550370739,533.0989999999999,579.1020641934363,447.38699999999994,313.53550853132003,295.347
E76,heating_train,1000.0,4.516,-0.081,-0.07029602578910166,0.00774412884312195,1161.5916642000007,1015.2819999999999,938.0259131538367,841.577,704.2571792122619,574.204,940.2147222816445,810.459,705.3344014195025,539.057,582.3256471997893,452.95899999999995,315.9993022588766,295.556
E76,heating_train,1050.0,4.525,-0.075,-0.06618844212010988,0.013018800561898941,1164.7205575632502,1019.6619999999999,945.6636256341881,848.199,713.4381886753886,580.179,947.8570044867474,817.776,714.5297526256944,545.281,585.5829136314796,458.71299999999997,318.4994159461054,295.804
E76,heating_train,1100.0,4.524,-0.069,-0.06381069645880089,0.016102358334279004,1167.5105799345677,1023.622,952.6444687132546,853.985,721.9940086747688,585.554,954.8409686556565,824.124,723.0981256925699,550.794,588.418458888794,463.98799999999994,321.0159832830651,296.063
E76,heating_train,1150.0,4.528,-0.077,-0.060885397396064356,0.019878168353000228,1170.0344735247647,1026.875,959.0549316520901,859.345,729.9782947538205,590.682,961.2534478929279,829.934,731.0933847972917,556.0419999999999,591.1250638299066,468.96,323.53140604284096,296.32899999999995
E76,heating_train,1200.0,4.531000000000001,-0.061,-0.05823738714436544,0.023292487491707287,1172.3059765621247,1031.3229999999999,964.9464312621667,864.7429999999999,737.4348436042505,595.952,967.1460283502422,835.837,738.5594762064063,561.501,593.6401930756481,474.23,326.0303911244194,296.669
E76,heating_train,1250.0,4.518999999999999,-0.039,-0.05800380954608464,0.02363329666996511,1174.5310221703892,1034.601,970.4232563819545,869.581,744.4173639989338,600.663,972.6240237828484,841.058,745.5503841081221,566.3969999999999,595.7259978834418,478.93399999999997,328.50001676351883,296.99699999999996
E76,heating_train,1300.0,4.529999999999999,-0.039,-0.054366471355473234,0.028290326266701138,1176.5035015749218,1036.819,975.5056221383946,874.218,750.9597516721892,605.296,977.7067585876716,846.0609999999999,752.1000366315196,571.274,598.0895915141163,483.56399999999996,330.9294508850562,297.36199999999997
E76,heating_train,1350.0,4.523,-0.032,-0.05363070864267294,0.029258218075827153,1178.3325412840018,1038.5529999999999,980.2140578551863,878.75,757.0934500750589,610.0229999999999,982.4152857178779,850.999,758.2400217876523,576.134,599.9717555150481,488.4,333.309812209956,297.772
E76,heating_train,1400.0,4.516,-0.021,-0.05299462106405839,0.030093491372360143,1180.147518690761,1040.9879999999998,984.638911826514,882.605,762.8637142154925,614.324,986.8405498158804,855.274,764.0158179324428,580.5999999999999,601.737479843419,492.818,335.6340060488168,298.16999999999996
E76,heating_train,1450.0,4.5169999999999995,-0.022,-0.051231548090427625,0.032360080980080794,1181.807878708366,1042.328,988.7812663620832,886.3249999999999,768.2926919344052,618.461,990.9830332095692,859.323,769.4495706262664,584.9,603.5346914196822,497.14099999999996,337.89650418073006,298.60299999999995
E76,heating_train,1500.0,4.526999999999999,-0.018,-0.04822272115051118,0.036219168683515046,1183.195861524619,1044.969,992.6069038829594,889.824,773.3917325162494,622.462,994.80784777593,863.1129999999999,774.5525818175963,589.01,605.3631183146098,501.26599999999996,340.09319112639724,299.043
E76,heating_train,1550.0,4.519,-0.009,-0.048165931630772874,0.03632605315583477,1184.539054273561,1045.7269999999999,996.1687341111842,893.452,778.1902325806244,626.603,998.3689621702285,867.058,779.3544627121821,593.309,606.721629241443,505.609,342.22119331947596,299.522
E76,heating_train,1600.0,4.527000000000001,0.002,-0.04571056761041803,0.03948990428783779,1185.7567534552413,1047.009,999.4970627914978,896.5989999999999,782.7094982738328,630.335,1001.6962926822409,870.461,783.8765332677938,597.1959999999999,608.2849781256773,509.55199999999996,344.27859351306773,299.96099999999996
E76,heating_train,1650.0,4.521000000000001,-0.001,-0.04555842816359135,0.03972171655513666,1186.9134518366293,1049.282,1002.6049220841364,899.568,786.9663775226904,633.989,1004.8032580101863,873.688,788.1357359652329,601.078,609.4767282954265,513.3979999999999,346.2643427990709,300.421
E76,heating_train,1700.0,4.526,0.0,-0.04373295255289045,0.04208302594410146,1187.9768010853827,1050.225,1005.5191388288445,902.6519999999999,790.9811857985345,637.799,1007.7164578898252,877.01,792.152428530673,605.115,610.8084668392227,517.461,348.1781288132107,300.94
E76,heating_train,1750.0,4.523,0.006,-0.04318727840100667,0.04280347285235071,1188.9762831689652,1052.658,1008.2465219434098,905.3389999999999,794.7682361245545,641.208,1010.442887426932,879.881,795.9409932612853,608.6579999999999,611.9284166797669,521.0519999999999,350.02037078987075,301.418
E76,heating_train,1800.0,4.527000000000001,0.02,-0.04157818622875231,0.044876550934805956,1189.895450288635,1053.632,1010.805201411378,908.077,798.3442298231457,644.518,1013.0005339654384,882.781,799.5181662691475,612.1610000000001,613.1242044370913,524.583,351.79214831577906,301.914
E76,heating_train,1850.0,4.518000000000001,0.022,-0.0420343234182613,0.04430538925591121,1190.8385918220597,1054.817,1013.2280736547236,910.669,801.7290143915732,647.751,1015.4228784627871,885.509,802.9039381204043,615.538,614.0230683953052,528.039,353.49498189140184,302.43699999999995
E76,heating_train,1900.0,4.535,0.032,-0.038431635413289755,0.048916500905795066,1191.5709182195274,1055.683,1015.4805627144141,913.276,804.9224103737299,651.104,1017.6740236257674,888.274,806.0979293720243,619.0419999999999,615.366789805589,531.6099999999999,355.13074388689444,303.00199999999995
E76,heating_train,1950.0,4.523,0.035,-0.03949276800510382,0.047571643939327696,1192.3268521110892,1056.632,1017.5867155262956,915.559,807.9402293142091,654.111,1019.7792939049654,890.684,809.1161888543742,622.229,616.0758431581526,534.8789999999999,356.70152217021877,303.548
E76,heating_train,2000.0,4.531999999999999,0.042,-0.037241655239853344,0.050455048258233146,1193.0300253896894,1057.8919999999998,1019.5826041060938,917.711,810.7997456683418,657.046,1021.7742525321873,892.983,811.975957919072,625.275,617.1583458908572,538.0319999999999,358.2095072829894,304.09
E76,heating_train,2050.0,4.53,0.05,-0.036819765483651845,0.051005429818399686,1193.6636732008758,1059.371,1021.4445737161585,919.9739999999999,813.5009621152465,660.055,1023.6352566889241,895.374,814.6772298496528,628.441,617.9562951014667,541.3009999999999,359.6569528450138,304.67699999999996
E76,heating_train,2100.0,4.531000000000001,0.058,-0.0359743671352617,0.052099109176931876,1194.2870528184799,1059.56,1023.2067176644664,922.082,816.0609469752379,662.7860000000001,1025.3966150051428,897.603,817.237159577814,631.351,618.7629748677545,544.2429999999999,361.04611403869427,305.19899999999996
E76,heating_train,2150.0,4.526999999999999,0.056,-0.035951403526347514,0.05213851282152154,1194.9151334164646,1060.99,1024.8823188337801,924.05,818.4896865319629,665.4639999999999,1027.071743474577,899.621,819.6657753233585,634.197,619.4345424714719,547.142,362.37921899608284,305.729
E76,heating_train,2200.0,4.521000000000001,0.048,-0.03629199086676094,0.05171449762393651,1195.5849695627016,1061.7669999999998,1026.499551255978,925.994,820.802359421738,668.044,1028.689001363138,901.644,821.9783286514405,636.941,620.0266966008153,549.953,363.6585496549015,306.25699999999995
E76,heating_train,2250.0,4.526,0.065,-0.03491618256105744,0.053486460810185155,1196.1502046092132,1062.0639999999999,1028.027910394055,927.972,822.9959616536466,670.7439999999999,1030.2170599216531,903.691,824.1716647804096,639.795,620.7965773971903,552.873,364.8863391421621,306.80999999999995
E76,heating_train,2300.0,4.521000000000001,0.065,-0.035158922926313285,0.05318515890854286,1196.6951655909688,1061.763,1029.4686377587855,929.578,825.0774575053769,673.226,1031.6575980499035,905.414,826.2528459621624,642.4839999999999,621.3358293311555,555.597,366.0649318636692,307.351
E76,heating_train,2350.0,4.523,0.066,-0.03429919765662981,0.0542922464434116,1197.2048485595258,1062.108,1030.835395661094,930.9929999999999,827.0556130902305,675.575,1033.0241259601398,906.935,828.2306278132196,645.054,621.9871546628705,558.198,367.19671368129093,307.885
E76,heating_train,2400.0,4.526,0.071,-0.03335153912363531,0.055518345413288706,1197.629841889587,1063.0349999999999,1032.1080169789873,932.427,828.9277730484096,677.9549999999999,1034.2962319785574,908.497,830.1022911598345,647.683,622.6053464720644,560.904,368.28403804612685,308.453
E76,heating_train,2450.0,4.521999999999999,0.066,-0.03356814782557849,0.055256184517824325,1198.0647073217883,1062.387,1033.3114100537432,933.807,830.7054343267376,680.137,1035.4993166159315,909.98,831.8794471426247,650.063,623.0469953717324,563.3589999999999,369.3291164297713,308.989
E76,heating_train,2500.0,4.518,0.064,-0.03380239617367198,0.05497052523595135,1198.5397999294842,1063.1399999999999,1034.4742049260035,934.981,832.400549984608,682.249,1036.6621858572548,911.242,833.5741010859681,652.358,623.4665316380141,565.748,370.3339342387262,309.505
E76,heating_train,2550.0,4.534,0.073,-0.03082454409254154,0.058792951826925025,1198.801835352579,1062.5169999999998,1035.529396963586,936.2239999999999,833.9955678134156,684.2909999999999,1037.7163922703962,912.5509999999999,835.1683904844035,654.579,624.2650211578433,568.046,371.30042682377757,310.022
E76,heating_train,2600.0,4.52,0.087,-0.03266458245366943,0.05643986576205959,1199.1617051306202,1063.108,1036.523543120295,937.336,835.5099137721352,686.4169999999999,1038.7102576725943,913.8,836.6821231357767,656.886,624.445972646946,570.471,372.23061678323927,310.62199999999996
E76,heating_train,2650.0,4.529,0.078,-0.030789766750354608,0.058839756564106255,1199.4918460343506,1063.67,1037.4832939397456,938.457,836.9535873333833,688.2919999999999,1039.6696283774506,914.959,838.125154904003,658.905,625.0843199790376,572.6659999999999,373.1264912884492,311.143
E76,heating_train,2700.0,4.521000000000001,0.093,-0.03166495006164438,0.057715480565503144,1199.8384920521748,1063.962,1038.393232113758,939.512,838.3253042049472,690.149,1040.5794936443508,916.105,839.4962719640196,660.881,625.359882135511,574.788,373.9898390209854,311.67699999999996
E76,heating_train,2750.0,4.538,0.102,-0.02858053534728533,0.06167229672849524,1200.0199576073528,1063.493,1039.2237963987013,940.511,839.6186151819685,692.067,1041.409088036706,917.1709999999999,840.7887785454443,662.94,626.0937565768987,577.01,374.822318781793,312.24
E76,heating_train,2800.0,4.529999999999999,0.081,-0.029585434861522875,0.060393674719539575,1200.226993354919,1063.042,1039.985125120194,941.329,840.8392624452683,693.799,1042.169732947373,918.045,842.0086503744556,664.805,626.2826870444933,579.0229999999999,375.62534723067915,312.768
E76,heating_train,2850.0,4.525,0.095,-0.030068838793154806,0.059776327540669916,1200.5681323538188,1063.458,1040.7572241844703,942.1229999999999,842.0144461755506,695.438,1042.941972365314,918.882,843.1832466196472,666.593,626.5427641448723,580.9749999999999,376.4002391465536,313.294
E76,heating_train,2900.0,4.5120000000000005,0.098,-0.031827171187266634,0.05752216853313842,1201.0235807756799,1063.96,1041.555807332503,943.024,843.1518791912015,697.049,1043.7415647593252,919.795,844.3202976300508,668.3199999999999,626.6436666245579,582.844,377.1482623711306,313.792
E76,heating_train,2950.0,4.535,0.111,-0.027808319036114137,0.062673516106733,1201.188898169971,1065.005,1042.2730361080316,944.036,844.2210857817356,698.7570000000001,1044.4582091184595,920.795,845.3887860283498,670.175,627.4435032424506,584.8399999999999,377.8706411413264,314.33399999999995
E76,heating_train,3000.0,4.527000000000001,0.11,-0.02885861270630974,0.06133298863675625,1201.3337346888582,1065.431,1042.9002249502514,945.054,845.2239151466084,700.318,1045.0847872636969,921.8299999999999,846.3908857913798,671.8599999999999,627.5722612759538,586.644,378.5686764614786,314.846
E76,heating_train,3050.0,4.529,0.107,-0.028257153333704266,0.062103244232664626,1201.5495984295546,1065.202,1043.517295206108,945.92,846.185953958284,701.816,1045.7016072126619,922.741,847.3522943369999,673.491,627.9126919371715,588.4,379.24374222458005,315.33399999999995
E76,heating_train,3100.0,4.531999999999999,0.114,-0.027493089937424053,0.06307934426573156,1201.7062410591786,1065.342,1044.0895009841558,946.687,847.0957520737687,703.313,1046.2733454668091,923.509,848.2614018848428,675.112,628.2627755285437,590.108,379.8970916000637,315.82599999999996
E76,heating_train,3150.0,4.527000000000001,0.119,-0.02804326137880997,0.062371458466895985,1201.9145014901485,1065.4209999999998,1044.6441520491726,947.528,847.9649118561571,704.824,1046.827905997278,924.375,849.1299636039207,676.765,628.4351543656434,591.8879999999999,380.5298407889428,316.35799999999995
E76,heating_train,3200.0,4.527000000000001,0.113,-0.027798859875224013,0.06268370605752231,1202.1402470394464,1066.3400000000001,1045.1918813850243,948.292,848.7985251953633,706.2159999999999,1047.3757109984695,925.167,849.9630307758796,678.241,628.697431358938,593.49,381.142946286842,316.83599999999996
E76,heating_train,3250.0,4.529,0.106,-0.02730445584944008,0.06332665410129187,1202.3104322629936,1065.788,1045.7058942756394,949.125,849.5896135284349,707.5429999999999,1047.8895640925034,926.031,850.7535238121598,679.679,628.9604433472748,595.074,381.73717485830286,317.294
E76,heating_train,3300.0,4.534,0.104,-0.026357588363486117,0.06455319038080806,1202.4069682583201,1066.195,1046.1692344555363,949.894,850.3345478644123,708.9659999999999,1048.352346862175,926.833,851.4977757721099,681.201,629.2597727001853,596.697,382.31314822864067,317.76
E76,heating_train,3350.0,4.525,0.108,-0.02769747446744042,0.06284783616701048,1202.593939638062,1066.478,1046.6237289408118,950.635,851.0483843525808,710.2439999999999,1048.8068553744138,927.579,852.2110670381404,682.586,629.2616310129099,598.182,382.8715514386928,318.18499999999995
E76,heating_train,3400.0,4.538,0.112,-0.02542681588215734,0.06576543014654206,1202.6725672862906,1065.628,1047.0422868739122,951.316,851.7224234241016,711.555,1049.2248120544202,928.288,852.8844264411978,683.949,629.7218209028797,599.6669999999999,383.413082602641,318.62899999999996
E76,heating_train,3450.0,4.523,0.12,-0.027682966251434404,0.06287138823029839,1202.8641809633282,1066.028,1047.4531147794999,951.8439999999999,852.3687933598474,712.828,1049.6358144410551,928.856,853.5303046365688,685.345,629.6126275467827,601.1669999999999,383.93855912301217,319.092
E76,heating_train,3500.0,4.52,0.126,-0.027936304148335145,0.06253858819280785,1203.1535938705579,1066.5079999999998,1047.9080942581954,952.506,853.0060469651247,713.962,1050.0915536866091,929.471,854.1672438791763,686.558,629.7740891069368,602.501,384.44882220602244,319.52299999999997
E76,heating_train,3550.0,4.522,0.115,-0.027390291466270478,0.06323141660474577,1203.354382361412,1066.501,1048.3431003620494,953.158,853.6150887548129,715.106,1050.5269255966057,930.145,854.7759050980005,687.799,630.0268646266355,603.8399999999999,384.94462688592034,319.965
E76,heating_train,3600.0,4.523,0.12,-0.027063367062250654,0.06365080846674594,1203.493700717,1066.106,1048.7401882094396,953.837,854.1932793681362,716.307,1050.9240363885144,930.8249999999999,855.3536664482823,689.101,630.2277406247064,605.2439999999999,385.42672349384077,320.42199999999997
E76,heating_train,3650.0,4.535,0.122,-0.025002377580015667,0.06630139833424703,1203.4939399314994,1066.51,1049.0680677931211,954.308,854.7301582871034,717.3589999999999,1051.2510835816006,931.324,855.889923524565,690.265,630.6202480054744,606.497,385.8957910303375,320.83599999999996
E76,heating_train,3700.0,4.531999999999999,0.12,-0.02537933053010477,0.06582165344331005,1203.5115916201066,1066.403,1049.3497406049605,954.711,855.2328360531853,718.4069999999999,1051.5320270962864,931.774,856.3919945143522,691.4,630.6974171741228,607.736,386.3524624460364,321.262
E76,heating_train,3750.0,4.521000000000001,0.123,-0.02705427082066314,0.06367706451683008,1203.7119603932292,1066.609,1049.6715767872017,955.1129999999999,855.7289901833999,719.3879999999999,1051.8542221789407,932.197,856.8878026575366,692.4590000000001,630.6139897989214,608.919,386.7973098962674,321.668
E76,heating_train,3800.0,4.531999999999999,0.13,-0.025143301975022014,0.06613081863837261,1203.801490089138,1066.679,1049.9798372435066,955.679,856.2003182979548,720.419,1052.1622529148058,932.76,857.3586468497981,693.577,630.9810388679454,610.1659999999999,387.23064322620473,322.09299999999996
E76,heating_train,3850.0,4.529999999999999,0.115,-0.02544611096686511,0.06575841531827938,1203.8423107870142,1066.1190000000001,1050.2431771369145,956.22,856.6395806438675,721.377,1052.4251528291363,933.289,857.7973705781144,694.593,631.0311099984535,611.316,387.6526972872512,322.45099999999996
E76,heating_train,3900.0,4.524,0.124,-0.02633682263066539,0.06462132676660053,1203.9881015053097,1066.518,1050.5225592571087,956.622,857.0683784644206,722.3199999999999,1052.7046907922486,933.722,858.2257921278799,695.608,631.0253314422905,612.428,388.0636548378344,322.811
E76,heating_train,3950.0,4.5200000000000005,0.134,-0.026855835101499026,0.06395385146494027,1204.1787230771033,1066.345,1050.8238299735845,957.015,857.4889561245701,723.213,1053.006440987473,934.1129999999999,858.6460903795005,696.55,631.0804793392281,613.486,388.4638940804803,323.178
E76,heating_train,4000.0,4.540000000000001,0.132,-0.02348037658174995,0.06828366232942551,1204.1235815526427,1066.371,1051.054291244329,957.425,857.8718027156399,724.115,1053.2359456191123,934.521,859.02832780637,697.5419999999999,631.6129525768811,614.574,388.85392389055227,323.57599999999996
E76,heating_train,4050.0,4.515,0.145,-0.027420700598895786,0.06322265939253888,1204.2953003882747,1066.2379999999998,1051.2951645552223,957.7909999999999,858.2472236700285,724.954,1053.4772654710628,934.8729999999999,859.4034882504855,698.4369999999999,631.2241868632403,615.594,389.23433403837396,323.945
E76,heating_train,4100.0,4.522,0.13,-0.02612131628007508,0.06488172872116695,1204.4992947420767,1066.487,1051.5871204990437,958.097,858.6267010217473,725.7529999999999,1053.7697971948814,935.209,859.7827742347058,699.284,631.5115741867801,616.5609999999999,389.60564643387147,324.32
E76,heating_train,4150.0,4.526,0.13,-0.025332683257356492,0.06588730495027015,1204.544368465305,1066.0520000000001,1051.8252341031503,958.449,858.9765086740128,726.5899999999999,1054.0076830831242,935.595,860.1321986773462,700.173,631.7185039332353,617.5899999999999,389.968219836024,324.73299999999995
E76,heating_train,4200.0,4.531999999999999,0.144,-0.024281069970595537,0.06723934652638897,1204.523648565393,1066.25,1052.0147109517425,958.783,859.3008593089954,727.324,1054.1964750565935,935.906,860.4560736719773,700.978,631.9327935276805,618.5139999999999,390.32247894578273,325.072
E76,heating_train,4250.0,4.529,0.135,-0.024689223362093227,0.06671570473295128,1204.54713316843,1065.751,1052.1873483538843,959.093,859.608900309113,728.085,1054.3686755638391,936.254,860.7636955572891,701.7919999999999,631.9613501145963,619.424,390.66877094767716,325.447
E76,heating_train,4300.0,4.5280000000000005,0.14,-0.02478945876656158,0.06659037257087852,1204.6230331324255,1065.7849999999999,1052.3703893398756,959.3199999999999,859.9084359794233,728.8019999999999,1054.5515977654272,936.5079999999999,861.0628841250518,702.554,632.0233013887438,620.309,391.0073505490412,325.77799999999996
E76,heating_train,4350.0,4.519,0.128,-0.02621550961581709,0.06476792920678343,1204.7879628942987,1065.62,1052.5832577359488,959.5649999999999,860.2062671731193,729.529,1054.7649500238583,936.7819999999999,861.3605144805024,703.345,631.9127888766756,621.227,391.3382735001594,326.10799999999995
E76,heating_train,4400.0,4.53,0.139,-0.024390698692587365,0.06711780703528476,1204.828881829949,1066.8,1052.775762826793,959.944,860.4867073172702,730.218,1054.9572150485615,937.135,861.6405904706608,704.067,632.2070120484764,622.082,391.6614855745254,326.42499999999995
E76,heating_train,4450.0,4.5280000000000005,0.134,-0.024676289751486502,0.06675605941904073,1204.8305329449536,1066.4479999999999,1052.9281770855137,960.43,860.7454407358443,730.932,1055.109191855575,937.576,861.8989157452203,704.807,632.2303720561488,622.9,391.97710656201434,326.746
E76,heating_train,4500.0,4.529999999999999,0.134,-0.02427915790194657,0.0672652682961703,1204.8549573842288,1066.88,1053.0738922642222,960.809,860.9939439238176,731.6579999999999,1055.2545466492554,937.9499999999999,862.1470441709771,705.566,632.3474023534047,623.726,392.2854885544728,327.073
E76,heating_train,4550.0,4.531000000000001,0.147,-0.024032590226489292,0.06757845983899703,1204.87087837631,1067.193,1053.2073396671972,961.22,861.22940093488,732.309,1055.3876170206981,938.346,862.3821209095042,706.261,632.4463310553429,624.502,392.5870201561894,327.38899999999995
E76,heating_train,4600.0,4.525,0.14,-0.0249079158588702,0.06644845474244528,1204.9624143663725,1067.2640000000001,1053.3572829588425,961.64,861.4623003771601,732.938,1055.5376601349462,938.7429999999999,862.6147639637366,706.9459999999999,632.4101406103027,625.248,392.8820307489475,327.705
E76,heating_train,4650.0,4.53,0.139,-0.024011322625485887,0.06759647308529253,1205.0145217046968,1067.579,1053.506271837754,961.8919999999999,861.6869272200914,733.611,1055.6865275911166,939.01,862.8390920921443,707.671,632.5903035656099,626.0419999999999,393.17073797240215,328.032
E76,heating_train,4700.0,4.52,0.144,-0.025541058713095643,0.06562685649909099,1205.143113980994,1067.3029999999999,1053.6696291330663,962.223,861.9101525355131,734.2049999999999,1055.850283815477,939.34,863.0621585698382,708.306,632.4701158081659,626.775,393.4532825387149,328.327
E76,heating_train,4750.0,4.53,0.162,-0.02382938815031288,0.06782082603572985,1205.1842394736675,1066.358,1053.8232551337883,962.507,862.124107183798,734.8,1056.003759658763,939.61,863.275842498715,708.932,632.7519767706617,627.47,393.72987073686915,328.63199999999995
E76,heating_train,4800.0,4.534,0.147,-0.02317850261460841,0.06866508504831684,1205.1232487038815,1067.63,1053.9208294841992,962.708,862.3135706058415,735.366,1056.1006035114415,939.8249999999999,863.4648857916973,709.538,632.867344661689,628.143,394.00066734090194,328.9
E76,heating_train,4850.0,4.518,0.137,-0.025801014864717753,0.06530996746212585,1205.2658153547259,1066.0529999999999,1054.0579482525382,963.044,862.5108926687878,735.929,1056.238178441582,940.168,863.6620839475604,710.1610000000001,632.5699067997139,628.858,394.265738397108,329.15599999999995
E76,heating_train,4900.0,4.537,0.146,-0.022706970581564123,0.06929169234192732,1205.2390187671858,1067.984,1054.175456229808,963.3729999999999,862.693375099888,736.502,1056.3551155656974,940.4789999999999,863.8441884064107,710.755,632.9941101748565,629.538,394.5250544992868,329.416
E76,heating_train,4950.0,4.522,0.146,-0.025133663521502925,0.06618002283142682,1205.289171732012,1066.952,1054.2765135976142,963.728,862.8651546608121,737.077,1056.4561530920046,940.819,864.0157193487072,711.351,632.7248029253008,630.172,394.77868489912805,329.686
E76,heating_train,5000.0,4.522,0.138,-0.02504738735862999,0.06628562397170958,1205.4293741338772,1067.107,1054.4254425289362,963.8779999999999,863.0481319834698,737.603,1056.605532618572,940.985,864.1985933335238,711.902,632.7981284008613,630.7819999999999,395.0269033617059,329.942
E76,heating_train,5050.0,4.527000000000001,0.143,-0.024121034802266683,0.06746451556965331,1205.4573448480483,1067.3319999999999,1054.55024031421,964.116,863.2179800940435,738.125,1056.730193134619,941.208,864.3681999864324,712.473,632.9809133133194,631.41,395.270006994518,330.245
E76,heating_train,5100.0,4.5440000000000005,0.142,-0.021306173300598696,0.0710787216975344,1205.2810494339594,1066.913,1054.5920185874784,964.385,863.356363520902,738.588,1056.770568406338,941.475,864.5060360295149,712.978,633.3700999504392,632.002,395.50836061422024,330.522
E76,heating_train,5150.0,4.534,0.147,-0.022915950861082668,0.0690113926960281,1205.2207689105096,1066.7440000000001,1054.6148913189468,964.5,863.4844225881279,739.0609999999999,1056.7926991553263,941.6179999999999,864.6336953722678,713.47,633.1936790012237,632.538,395.7422315829989,330.78
E76,heating_train,5200.0,4.529,0.145,-0.023660250452468445,0.06805015112474447,1205.32372787296,1066.798,1054.6990940142189,964.61,863.6263901833236,739.53,1056.877117253464,941.72,864.7754946278756,713.989,633.1476355258136,633.131,395.9717277238486,331.066
E76,heating_train,5250.0,4.526,0.148,-0.024100816166983674,0.06748361041897487,1205.4429749452372,1067.385,1054.814387496895,964.838,863.7720069289985,739.9459999999999,1056.9928276879016,941.894,864.9209918618482,714.4359999999999,633.1357558242776,633.659,396.19675288098364,331.308
E76,heating_train,5300.0,4.535,0.15,-0.022614986679664772,0.06939515672134677,1205.4329125323222,1066.606,1054.9036544161556,965.039,863.9044750068093,740.372,1057.081770278208,942.134,865.0531696148865,714.899,633.353643528415,634.189,396.4171387866015,331.537
E76,heating_train,5350.0,4.534,0.144,-0.022839522993195804,0.06912201538641376,1205.3965464082967,1066.547,1054.9607849802162,965.182,864.0233557911815,740.798,1057.1384160569369,942.298,865.1717225557168,715.365,633.3281048902921,634.741,396.63280551547314,331.777
E76,heating_train,5400.0,4.519,0.151,-0.025285445284633723,0.06598797618560721,1205.5605867113118,1066.974,1055.0726098175544,965.387,864.1577901377884,741.2570000000001,1057.2509319157505,942.5,865.3061335479779,715.813,633.0465441924564,635.242,396.84373669494005,331.993
E76,heating_train,5450.0,4.523999999999999,0.147,-0.02442425477008381,0.0670935056166372,1205.6924000146428,1067.251,1055.2120672977794,965.643,864.2975452298972,741.671,1057.3909174730816,942.726,865.4458415211141,716.2539999999999,633.1990026899789,635.739,397.0500525275879,332.21799999999996
E76,heating_train,5500.0,4.5230000000000015,0.136,-0.024532820507701558,0.06695162134186898,1205.7491884170163,1067.016,1055.3281175674097,965.8439999999999,864.4278079554415,742.073,1057.5071209032285,942.91,865.5759798579566,716.685,633.2277612721732,636.1949999999999,397.25199737124433,332.442
E76,heating_train,5550.0,4.518,0.148,-0.02524631172392977,0.06602564440749552,1205.8572545995526,1067.063,1055.454038466928,965.982,864.5619213343814,742.479,1057.6334625777774,943.047,865.7100699535399,717.111,633.1953033356631,636.6769999999999,397.44998722416835,332.68399999999997
E76,heating_train,5600.0,4.523,0.155,-0.024331708051361978,0.06718988805453918,1205.9111107689077,1067.263,1055.5700053915807,966.1569999999999,864.6920355856589,742.844,1057.7495078358158,943.2049999999999,865.8400933928145,717.505,633.3667184866856,637.122,397.64451135569345,332.90999999999997
E76,heating_train,5650.0,4.525,0.157,-0.023954492106478376,0.06767123430747564,1205.9043788354836,1067.637,1055.6537809292818,966.375,864.8102387027986,743.171,1057.8330049867184,943.3969999999999,865.9581185229418,717.8789999999999,633.4517337435439,637.553,397.83591660415163,333.13399999999996
E76,heating_train,5700.0,4.523,0.153,-0.02420752065151488,0.06733947127609986,1205.9322928094275,1067.848,1055.7331315368556,966.592,864.9255491281249,743.54,1057.9122508550677,943.629,866.0732970215931,718.247,633.4631646798653,637.983,398.02441353608356,333.361
E76,heating_train,5750.0,4.521000000000001,0.152,-0.024470939537846736,0.06699644760544009,1205.9959828281999,1067.4940000000001,1055.8230189652954,966.85,865.0418465433872,743.9359999999999,1058.0022505829488,943.862,866.189514108247,718.656,633.4712830113937,638.4259999999999,398.2101288064555,333.59
E76,heating_train,5800.0,4.526,0.147,-0.023627901412734742,0.0680794415189082,1205.9993223282725,1068.529,1055.897323954906,967.083,865.1496546048934,744.2729999999999,1058.0763141471393,944.095,866.2971472409918,719.0229999999999,633.6063207985882,638.8309999999999,398.3930383965112,333.791
E76,heating_train,5850.0,4.526,0.16,-0.02367932171098175,0.0680262688362789,1205.9807183142054,1067.943,1055.9514401710453,967.381,865.2475120461702,744.621,1058.1300676317112,944.377,866.3947868023956,719.394,633.6022357786658,639.237,398.57296895397684,333.943
E76,heating_train,5900.0,4.523,0.156,-0.024199179175034224,0.06736822782681613,1206.0125558730708,1067.76,1056.0127901058304,967.579,865.3445069597278,745.026,1058.191340048413,944.572,866.4916282132135,719.818,633.5457072732329,639.689,398.7496614991893,334.104
E76,heating_train,5950.0,4.5409999999999995,0.162,-0.021289618696951673,0.07111309086360103,1205.8536488581797,1067.246,1056.0177289752974,967.7379999999999,865.4178124787979,745.372,1058.1950277684018,944.75,866.5644742154756,720.165,633.9148786262007,640.074,398.9229712601997,334.275
E76,heating_train,6000.0,4.535,0.151,-0.022276792424225866,0.06984700530661728,1205.7418082682793,1067.917,1055.9886216768123,967.848,865.4762488114386,745.6949999999999,1058.1649723651797,944.852,866.6225035825039,720.498,633.794381511667,640.4459999999999,399.0929385456172,334.457
E76,heating_train,6050.0,4.531000000000001,0.149,-0.022873049921287802,0.06907429749582655,1205.7748659553206,1067.674,1056.0066197769027,967.985,865.5461898658085,745.995,1058.1828460536158,944.9929999999999,866.6922418538272,720.807,633.7475807425726,640.799,399.259696685006,334.667
E76,heating_train,6100.0,4.540000000000001,0.159,-0.021370331331187264,0.07100178011261679,1205.7208367351423,1067.866,1056.016132156068,968.101,865.6077021206373,746.285,1058.1917815353308,945.111,866.7534244501752,721.1389999999999,633.9565110829403,641.1610000000001,399.4232486519512,334.86899999999997
E76,heating_train,6150.0,4.525,0.153,-0.02379252302856605,0.06788884499268502,1205.8079013068002,1067.6979999999999,1056.0578220376403,968.2429999999999,865.6775490175269,746.588,1058.2338143295551,945.2579999999999,866.8231741205248,721.45,633.6720580982305,641.529,399.58347854317174,335.078
E76,heating_train,6200.0,4.534,0.163,-0.022290686836332174,0.06981631363579086,1205.84955980357,1068.174,1056.1199524703284,968.4069999999999,865.7518160774854,746.872,1058.295980972852,945.385,866.8972906703535,721.752,633.886604042248,641.858,399.7402873958614,335.28099999999995
E76,heating_train,6250.0,4.5329999999999995,0.15,-0.022454799541511417,0.06960834040827356,1205.8288112082869,1068.71,1056.1535850926912,968.672,865.815256401763,747.149,1058.3293485764902,945.612,866.960507547911,722.0229999999999,633.8769564609958,642.182,399.893652838208,335.471
E76,heating_train,6300.0,4.525,0.147,-0.023761726821778018,0.06793359214619007,1205.9197269228316,1068.54,1056.216967375626,968.881,865.8887904138633,747.448,1058.3930948829684,945.816,867.0339954301883,722.346,633.7267376180648,642.5139999999999,400.04368216825947,335.64099999999996
E76,heating_train,6350.0,4.531999999999999,0.154,-0.022609912280973532,0.0694151906331378,1205.9436846159858,1068.0349999999999,1056.2794958292982,969.024,865.9604875928892,747.733,1058.455590461188,945.963,867.1055563825857,722.65,633.8895290540323,642.836,400.1904975594701,335.822
E76,heating_train,6400.0,4.540000000000001,0.166,-0.021308024195018316,0.07109048136025801,1205.8309065928293,1068.4969999999998,1056.2856993359164,969.114,866.0122231653888,748.019,1058.4609445705357,946.044,867.1569500830878,722.935,634.0597029808475,643.154,400.33428306579884,335.99899999999997
E76,heating_train,6450.0,4.5329999999999995,0.16,-0.022476227540210836,0.06959531890823976,1205.812367652004,1067.444,1056.2912781488626,969.193,866.0631530826039,748.269,1058.4662011701448,946.155,867.2076670724978,723.2139999999999,633.9126582871371,643.476,400.47529068748725,336.183
E76,heating_train,6500.0,4.537999999999999,0.151,-0.021658261446352856,0.07064820743364478,1205.8002481076,1066.938,1056.3086247101376,969.199,866.1150114024822,748.53,1058.483240408479,946.177,867.2593103101268,723.476,634.0250182621496,643.7860000000001,400.6136239203841,336.36699999999996
E76,heating_train,6550.0,4.5280000000000005,0.148,-0.023317855368703677,0.06852327969711453,1205.870152980745,1066.991,1056.3488112313294,969.1089999999999,866.1718935486151,748.74,1058.5236886038153,946.083,867.3161088871941,723.707,633.8188139752755,644.0709999999999,400.74926100542694,336.53099999999995
E76,heating_train,6600.0,4.537,0.153,-0.021836076675836646,0.07042762058405619,1205.869752156958,1067.8319999999999,1056.3901197220905,969.0989999999999,866.2270351393988,748.948,1058.5648170422687,946.066,867.3710699714917,723.9179999999999,634.0202890502144,644.338,400.8821024476888,336.69399999999996
E76,heating_train,6650.0,4.522,0.14,-0.02429433320606811,0.0672748394345555,1205.983371431108,1067.78,1056.453196148077,969.2909999999999,866.2894339839504,749.127,1058.6284677059805,946.208,867.4334832090778,724.14,633.7203126654797,644.6089999999999,401.01217318427393,336.847
E76,heating_train,6700.0,4.517000000000001,0.153,-0.025044569923456383,0.06630620667563727,1206.1950231667333,1069.074,1056.5808604033841,969.486,866.3740541768302,749.363,1058.7572774251676,946.377,867.5182951777776,724.371,633.6659487728939,644.865,401.139542150514,337.006
E76,heating_train,6750.0,4.529,0.153,-0.023017510724312462,0.06890195483634519,1206.2065225185838,1068.2069999999999,1056.6699235758033,969.711,866.4463726949641,749.586,1058.846333998169,946.619,867.5905396986875,724.627,633.9587016777107,645.13,401.26443388373036,337.171
E76,heating_train,6800.0,4.528,0.15,-0.023163869548400995,0.06871367897182888,1206.1613123411253,1068.501,1056.7098972103713,969.779,866.5050158284271,749.803,1058.8859278534735,946.678,867.6490297039991,724.853,633.955651375933,645.392,401.3872241309796,337.306
E76,heating_train,6850.0,4.5409999999999995,0.161,-0.021017212653338446,0.071469113567588,1206.0243689381155,1067.705,1056.7025341023327,969.891,866.5481830144544,750.011,1058.877516288768,946.781,867.6918769023639,725.066,634.2384403397114,645.631,401.5082626467405,337.448
E76,heating_train,6900.0,4.537,0.158,-0.02170783581483937,0.07058803003137293,1205.925716971082,1067.272,1056.669768603835,969.9119999999999,866.5806197542249,750.2249999999999,1058.8439334921786,946.832,867.7240162186595,725.287,634.142569102107,645.891,401.62776316157397,337.57899999999995
E76,heating_train,6950.0,4.546,0.157,-0.02027717227885273,0.07243352677457662,1205.8042942581205,1068.299,1056.6273263336577,969.853,866.6051254396052,750.383,1058.8004885584737,946.798,867.748151092907,725.487,634.3116691725191,646.1179999999999,401.7456074404812,337.702
E76,heating_train,7000.0,4.527000000000001,0.152,-0.023409614832298198,0.06841459800225284,1205.895195567877,1068.368,1056.6350193952742,970.063,866.642386926334,750.557,1058.8085528325914,946.973,867.7853578503583,725.6569999999999,633.9143822313094,646.344,401.86148123926256,337.808
E76,heating_train,7050.0,4.527000000000001,0.16,-0.02337929054775889,0.06845223218140112,1206.0537828004476,1068.665,1056.7134976086468,970.313,866.6999727562434,750.752,1058.887824671621,947.184,867.84301103955,725.877,633.9415211351159,646.5809999999999,401.97502313645464,337.91099999999994
E76,heating_train,7100.0,4.5409999999999995,0.152,-0.02105864098135679,0.0714300015371356,1205.9773796021464,1068.137,1056.7392531968344,970.491,866.7382393953962,750.986,1058.9130475097077,947.3489999999999,867.8810239894945,726.1289999999999,634.2514172859404,646.8340000000001,402.08604112844966,338.025
E76,heating_train,7144.0,4.539,0.174,-0.02139511758468815,0.07099944601266654,1205.8916556482686,1067.693,1056.7241410236027,970.472,866.7607191558841,751.1579999999999,1058.897329515764,947.353,867.9032573639836,726.308,634.207933702404,647.019,402.18177032975893,338.123
E77,heating_train,0.0,13.844999999999999,0.062,0.021736368183596477,0.024558910256068985,295.3565,310.26,295.3565,317.86199999999997,295.3565,319.984,295.3565,318.99399999999997,295.3565,321.865,295.3565,322.57,295.3565,308.08399999999995
E77,heating_train,50.0,13.834000000000001,0.137,0.15449322955422384,0.23677874844718066,410.92317239584247,346.686,334.8484082372516,346.442,311.8098275693393,329.808,335.07224533834255,333.02299999999997,311.9012578904815,325.60999999999996,326.24850767277684,325.294,295.35712913295885,307.83299999999997
E77,heating_train,100.0,13.829,0.21,0.23002331002431342,0.36525756714184276,454.924177152061,383.27,369.0585891010498,392.364,330.1666909646963,358.804,369.3781978815807,369.07599999999996,330.3120191458478,344.88699999999994,346.953616229269,339.876,295.36058228854586,307.59499999999997
E77,heating_train,150.0,13.834000000000001,0.291,0.28027452877686854,0.4539647976326422,479.25702656830964,414.554,394.47190324051707,431.01599999999996,347.3845912854882,386.082,394.8414849644291,403.24199999999996,347.5699071758738,365.55199999999996,361.9799522840216,355.041,295.36969498451515,307.33099999999996
E77,heating_train,200.0,13.843000000000002,0.358,0.31590514278914994,0.5185796500351767,494.3971720410586,442.467,413.20476699538165,465.436,362.3971414412597,410.928,413.59864427458723,435.465,362.61042611868197,385.241,373.2667631782177,368.95899999999995,295.3924901053201,307.09
E77,heating_train,250.0,13.844999999999999,0.409,0.3415832786226223,0.566372856067662,504.5214214905985,462.21899999999994,427.24653695641405,490.384,375.11906132776494,429.941,427.6509598371155,459.856,375.35125629883976,400.849,381.9446241159342,380.08099999999996,295.44194145982755,306.88199999999995
E77,heating_train,300.0,13.845999999999998,0.447,0.36096935034757405,0.6030995733164306,511.6556206394731,477.556,437.98705006181365,510.346,385.8033717471872,445.645,438.3946088935005,480.022,386.0480443197059,414.16599999999994,388.7690382230233,389.953,295.53225591813015,306.68399999999997
E77,heating_train,350.0,13.840999999999998,0.497,0.37554437572864663,0.6312941242010801,516.9075270031927,490.54099999999994,446.3682658654441,526.992,394.7724828025116,459.188,446.7749451973115,496.95399999999995,395.0251343861346,425.93499999999995,394.2227503349633,399.06899999999996,295.6752411316125,306.491
E77,heating_train,400.0,13.834000000000001,0.527,0.3868667862297136,0.6535389766722508,520.9140374700085,501.03,453.034387865863,540.175,402.3284241353783,470.032,453.43804212429825,510.437,402.58593179784623,435.388,398.6550776166335,406.751,295.87801291570634,306.32399999999996
E77,heating_train,450.0,13.848,0.556,0.3975654485542929,0.6740556903382545,523.9585954871038,508.92099999999994,458.4125479374302,550.858,408.7306041740944,479.489,458.8119534244688,521.6949999999999,408.9908160283652,443.79699999999997,402.33020557009985,414.01699999999994,296.1425904228532,306.176
E77,heating_train,500.0,13.854000000000003,0.593,0.4058120348762163,0.6902092754011677,526.3101600131263,514.259,462.7949864025056,558.2059999999999,414.1810861482011,487.24899999999997,463.18946306767157,529.991,414.44243818992027,450.95899999999995,405.36888763198584,420.655,296.4665974343345,306.046
E77,heating_train,550.0,13.848999999999998,0.608,0.41190504746927015,0.7025204076565509,528.2534490549743,518.91,466.42748804082527,564.922,418.84481846591495,494.068,466.81687152784593,537.476,419.1062045013007,457.34399999999994,407.91907379823755,426.92099999999994,296.8443832097993,305.91499999999996
E77,heating_train,600.0,13.842000000000002,0.627,0.41670813576146515,0.7124427589957706,529.8953960544004,523.649,469.48843186122747,569.947,422.86033842391777,499.437,469.87278987849356,542.8979999999999,423.12099859546953,462.501,410.07235307062484,432.272,297.2682581683082,305.804
E77,heating_train,650.0,13.847,0.654,0.42159106587743966,0.7221839122393021,531.2183726505192,527.077,472.082926212718,574.2919999999999,426.3369647022254,504.38199999999995,472.4623086844519,547.8,426.5963729119318,467.24299999999994,411.91975394572466,437.23299999999995,297.72939709848606,305.66299999999995
E77,heating_train,700.0,13.85,0.666,0.4255381860292856,0.730206734469226,532.2788197144696,529.94,474.28512763550003,578.4,429.357902755469,509.13599999999997,474.6595957413301,552.3,429.6156624110221,471.86899999999997,413.48989190058046,442.205,298.2188212281431,305.532
E77,heating_train,750.0,13.838999999999999,0.684,0.42782672156241863,0.7353759373779312,533.2278032143772,533.538,476.1828975364131,582.267,431.99397849177274,513.152,476.5527070350821,556.271,432.24982054908,475.80499999999995,414.83204891983667,446.45099999999996,298.7280582510271,305.417
E77,heating_train,800.0,13.841999999999999,0.698,0.4308908550846545,0.741575391112594,534.0362100585334,536.864,477.83841339601287,585.899,434.3097970028681,517.064,478.2038087234928,560.086,434.5635873426611,479.61899999999997,416.0287414736197,450.566,299.2495357166232,305.33599999999996
E77,heating_train,850.0,13.845999999999998,0.719,0.43368705345896175,0.7471880550581098,534.6942634771932,539.5899999999999,479.2783520850603,589.371,436.352678637946,521.0219999999999,479.6395063410451,563.746,436.60432418439865,483.495,417.07955886180605,454.772,299.7767286354914,305.239
E77,heating_train,900.0,13.835000000000003,0.726,0.4350529723725812,0.7503648647544199,535.3338886625706,541.467,480.55538776629965,592.191,438.1645421581493,524.429,480.912629008752,566.861,438.41400946342446,486.91999999999996,418.0014092480582,458.514,300.3042216392528,305.17499999999995
E77,heating_train,950.0,13.853000000000002,0.754,0.4386267215629561,0.7569443063874204,535.8316745690371,543.962,481.6892770744407,594.925,439.78229452177186,527.632,482.04277064025916,569.804,440.02961087492804,490.109,418.8700718041522,462.131,300.8276461165783,305.12899999999996
E77,heating_train,1000.0,13.838,0.769,0.43928398534338375,0.7587549609920993,536.3356283190388,545.738,482.70278066119135,597.69,441.23001376856774,530.8820000000001,483.0528233607812,572.7159999999999,441.4751861156741,493.335,419.6053497814495,465.86,301.34353378056176,305.114
E77,heating_train,1050.0,13.85,0.777,0.44204364528392126,0.763850509345378,536.7752044936562,547.813,483.6262132533535,599.99,442.53609788124794,533.663,483.9730259776529,575.2149999999999,442.7792017886469,496.254,420.31370440037745,469.158,301.8491925838006,305.09799999999996
E77,heating_train,1100.0,13.842000000000002,0.792,0.4429647073799724,0.7659294998412445,537.1881228227311,549.265,484.4593480766505,601.858,443.71525838235107,536.363,484.80314292532194,577.422,443.95633296845335,499.04699999999997,420.9233341769871,472.299,302.3425043221715,305.09
E77,heating_train,1150.0,13.852,0.803,0.4452627142847968,0.7701597069670524,537.538002847699,550.64,485.2182258652366,603.692,444.7855528594965,538.886,485.5591579681523,579.404,445.0246716767301,501.71399999999994,421.5056233713194,475.356,302.821927151702,305.08799999999997
E77,heating_train,1200.0,13.845999999999997,0.819,0.44609846708568945,0.7719852131187879,537.8758980031118,552.3119999999999,485.9071442052973,605.905,445.75763540206924,541.256,486.24540420260735,581.675,445.9948498630484,504.18499999999995,422.01172807006276,478.144,303.28637585888885,305.118
E77,heating_train,1250.0,13.835999999999997,0.831,0.4464734178555113,0.7730371631597317,538.2563021980761,553.281,486.55667361793775,608.0989999999999,446.6471716988704,543.655,486.8925364846002,583.961,446.88256671579995,506.75699999999995,422.46931022993846,480.84399999999994,303.73515003955265,305.12699999999995
E77,heating_train,1300.0,13.853000000000002,0.837,0.44898019268877387,0.7774890686609759,538.5020739366589,554.211,487.1437767530079,609.337,447.46085911952815,546.117,487.4772470663519,585.675,447.6945025380551,509.361,422.9226057953001,483.784,304.16774214995087,305.13599999999997
E77,heating_train,1350.0,13.835999999999997,0.844,0.4484883795337059,0.7770800684429862,538.779023366175,554.9449999999999,487.6755779015942,609.958,448.20239650743474,547.703,488.0068308528206,586.491,448.43432307727755,511.41999999999996,423.2776176670359,486.116,304.58394218882535,305.15799999999996
E77,heating_train,1400.0,13.853000000000002,0.864,0.4508957656803737,0.7812874264223808,538.9874779483854,557.683,488.1667752023394,612.011,448.88471339465445,549.48,488.49589658134084,588.281,449.11501644604573,513.4269999999999,423.67089234266564,488.327,304.9838087491054,305.2
E77,heating_train,1450.0,13.848,0.865,0.4513035921409284,0.7822517588017655,539.1724746209974,557.866,488.6059391683251,613.553,449.508907546561,551.573,488.9330272209958,590.072,449.7376260203047,515.559,423.9873606312311,490.70799999999997,305.367675845088,305.25399999999996
E77,heating_train,1500.0,13.841000000000001,0.869,0.4515914532779538,0.7829761032324756,539.4219326262823,558.941,489.0295099015902,614.476,450.0873328316949,553.358,489.3548159871684,591.191,450.3145616809881,517.5999999999999,424.29410112830817,493.08299999999997,305.73597609930397,305.30499999999995
E77,heating_train,1550.0,13.850000000000001,0.889,0.45315362007211324,0.7857460136140286,539.6095285824437,559.9749999999999,489.42570393082224,615.863,450.6250567773369,554.922,489.7492996697342,592.5799999999999,450.8508772937507,519.39,424.6020345040112,495.04499999999996,306.0892061494176,305.36199999999997
E77,heating_train,1600.0,13.845999999999997,0.897,0.45352778585872333,0.7865811718785531,539.7812862807992,561.0419999999999,489.78683174305155,617.093,451.1220709498497,556.576,490.10879701801093,593.9449999999999,451.34653229173927,521.174,424.8617252028836,497.06899999999996,306.4278868455528,305.428
E77,heating_train,1650.0,13.855999999999998,0.886,0.4550633234926763,0.7892698502411418,539.9126203031287,561.144,490.11816450850444,617.952,451.5828413409335,558.0909999999999,490.43855305733194,594.977,451.8060065564308,522.9069999999999,425.12780982028187,498.981,306.75258211223866,305.49699999999996
E77,heating_train,1700.0,13.850000000000001,0.9,0.45523822800647207,0.7897283338154248,540.0644643779217,561.457,490.4256601593197,617.8979999999999,452.01039646145813,559.275,490.744607242017,595.328,452.2323224482693,524.468,425.35535891663636,500.855,307.06391392769,305.587
E77,heating_train,1750.0,13.854000000000003,0.905,0.45626675032549124,0.7915490333695295,540.2215679944435,563.345,490.72290668098503,619.623,452.41194604761654,560.526,491.04054241874735,596.703,452.6327148471581,525.814,425.59241637936833,502.43899999999996,307.3625794576998,305.678
E77,heating_train,1800.0,13.857,0.918,0.4571084584972013,0.7930708059232008,540.344047009956,564.684,490.99719073730705,621.171,452.78677904146105,561.986,491.31355839613116,598.15,453.006439518008,527.405,425.8042291653819,504.14,307.64921735516134,305.75
E77,heating_train,1850.0,13.848,0.926,0.4569321845880242,0.7929256957084889,540.513567656786,564.384,491.26300024617376,621.938,453.13861933025726,563.633,491.5782545969296,599.223,453.35723261877365,529.1479999999999,425.98985663177825,505.99199999999996,307.9243813631485,305.84299999999996
E77,heating_train,1900.0,13.852,0.928,0.4578716281859393,0.7945729095250635,540.668273855173,564.555,491.52236664550855,622.2929999999999,453.4721015250796,564.703,491.83658992315105,599.843,453.68974141790187,530.434,426.1929608863927,507.56999999999994,308.1886176363077,305.938
E77,heating_train,1950.0,13.856000000000003,0.933,0.45873650827063484,0.7960980355181939,540.7723153538437,563.377,491.7576970651541,621.825,453.78481202487444,565.5039999999999,492.0708817077565,599.8299999999999,454.00151622507326,531.531,426.3771804090636,508.938,308.4424967535819,306.043
E77,heating_train,2000.0,13.854999999999997,0.927,0.4590935819623737,0.7968034836844333,540.8753025612465,565.2729999999999,491.9737014943802,622.4079999999999,454.0765725151077,566.039,492.2858943477796,600.18,454.29237273420677,532.3399999999999,426.53459113552026,510.157,308.6865594956324,306.145
E77,heating_train,2050.0,13.855,0.946,0.4595135301439114,0.797601839572952,540.9807750019679,564.99,492.1771904323151,622.999,454.34941296859216,566.983,492.4884593956023,600.88,454.5643495040047,533.3879999999999,426.6845260468834,511.35299999999995,308.9212722788146,306.236
E77,heating_train,2100.0,13.852,0.943,0.4596708437892433,0.797962860766281,541.0947649747203,566.31,492.3719591509458,624.136,454.6058100850489,567.951,492.68238636022375,601.8889999999999,454.81992804226,534.421,426.82333752442577,512.5409999999999,309.14705258913125,306.32899999999995
E77,heating_train,2150.0,13.855999999999998,0.94,0.4603426933559779,0.7991679976928523,541.1781656445885,567.174,492.5528979089054,625.0999999999999,454.8461207381014,569.04,492.86249415764837,602.8409999999999,455.0594550966408,535.575,426.9571373667152,513.778,309.3643427098575,306.42199999999997
E77,heating_train,2200.0,13.835000000000003,0.955,0.4588865384663826,0.7969111520461962,541.3527304606074,569.21,492.73811127989563,626.6659999999999,455.0734545643112,570.26,493.04706754551785,604.1959999999999,455.28605033454767,536.845,427.0475470043815,515.015,309.5734966779475,306.53
E77,heating_train,2250.0,13.838000000000001,0.952,0.45953835999872206,0.7980594376399561,541.5109612096211,565.941,492.93216543109236,626.047,455.29449649289586,571.569,493.2405437834069,604.622,455.50643089920953,538.1949999999999,427.18594484621264,516.501,309.77484331253333,306.614
E77,heating_train,2300.0,13.854000000000003,0.952,0.46116767231628886,0.8008063487207963,541.5203593414167,565.2049999999999,493.08629146503046,624.823,455.4994253743223,571.486,493.39389361699574,603.524,455.71069494904145,538.607,427.3179127612583,517.4209999999999,309.96876041269854,306.71
E77,heating_train,2350.0,13.855,0.945,0.4614181340119453,0.8013145767574987,541.5088800687168,564.169,493.2020328643173,623.087,455.6829844111984,571.276,493.5088057013618,602.28,455.89356717644245,538.771,427.40110640093224,518.208,310.1556533322159,306.804
E77,heating_train,2400.0,13.852,0.961,0.4613617473193651,0.8013050132407629,541.5502835455893,562.924,493.3117599329097,621.699,455.85145457511237,570.789,493.6178248547767,601.092,456.06137831193723,538.7249999999999,427.47842691387456,518.7,310.33590663285145,306.92499999999995
E77,heating_train,2450.0,13.851,0.951,0.46152807134771157,0.8016386265792753,541.6143097825483,563.449,493.42461778264556,620.726,456.0103838517531,570.3009999999999,493.73008347586017,600.025,456.21969720456417,538.616,427.5642511357106,519.0219999999999,310.50989400067374,307.008
E77,heating_train,2500.0,13.85,0.952,0.4617375279016541,0.8020264127468693,541.6857020430513,563.232,493.53905843046147,620.777,456.16291082482246,570.396,493.8439993444947,600.068,456.3716625937237,538.838,427.654252133325,519.463,310.6780197622319,307.13199999999995
E77,heating_train,2550.0,13.843000000000002,0.95,0.46140462667708204,0.8015409474622122,541.7893078985527,564.861,493.65988493390387,621.981,456.31096382918895,570.861,493.96439568169023,600.8789999999999,456.5192003338534,539.303,427.73024731340104,520.029,310.840605975533,307.239
E77,heating_train,2600.0,13.85,0.96,0.46233912084008233,0.8030911849904294,541.8542559157925,564.656,493.77701975801074,622.438,456.4548038992236,571.612,494.08108911665647,601.412,456.66256800815137,540.056,427.8371895672116,520.787,310.9979419306137,307.35699999999997
E77,heating_train,2650.0,13.852,0.959,0.46275575793057,0.8038142099087516,541.8884057471786,564.4639999999999,493.8785532638881,622.393,456.5907937119852,572.0709999999999,494.1821471722933,601.489,456.79809436153073,540.654,427.9193919556625,521.481,311.15038821191615,307.48499999999996
E77,heating_train,2700.0,13.852,0.964,0.4631713951295572,0.8044835682028975,541.949919190992,565.156,493.97853751407524,623.011,456.7223507398845,572.5229999999999,494.2817301292413,601.952,456.92922833949115,541.159,428.01921739543604,522.125,311.29829133488863,307.618
E77,heating_train,2750.0,13.852,0.969,0.46355531033419417,0.8051126301144498,542.0312773802348,565.7139999999999,494.0843885561617,623.1479999999999,456.85267722096427,572.94,494.38725438169183,602.056,457.05917418612324,541.7139999999999,428.11568015965753,522.7249999999999,311.4421182108402,307.738
E77,heating_train,2800.0,13.847000000000003,0.969,0.46344202000575396,0.8049539533940664,542.1339769916063,565.164,494.1960474368329,623.199,456.9808524047439,573.414,494.49864889813307,602.29,457.1869962172127,542.271,428.19512436775136,523.362,311.5821670611273,307.85799999999995
E77,heating_train,2850.0,13.857,0.981,0.46447550875866106,0.8066915724103416,542.1666117555384,565.313,494.294204021014,623.4359999999999,457.1019618955512,573.673,494.5964419925773,602.511,457.3077501306267,542.645,428.27809470339,523.848,311.71851678149574,307.94399999999996
E77,heating_train,2900.0,13.851,0.981,0.4641997910732337,0.8062696048575244,542.2125028238826,565.319,494.3785776667379,623.03,457.2139689676284,573.904,494.68046845778844,602.276,457.41939922729307,543.0,428.337580505456,524.3299999999999,311.8511927763609,308.06899999999996
E77,heating_train,2950.0,13.864999999999997,0.976,0.46559074563204683,0.8085665238387398,542.2086671071918,564.928,494.4513884455317,623.1379999999999,457.3190205133262,574.0519999999999,494.7528745335035,602.3879999999999,457.5241040440494,543.287,428.42162875568823,524.739,311.9804073062105,308.18499999999995
E77,heating_train,3000.0,13.852,0.984,0.46460696958640135,0.8070075730811954,542.2574143936896,564.679,494.51786788250445,622.6669999999999,457.41514847574155,574.156,494.8190308629702,602.0139999999999,457.6198804759738,543.528,428.44907614300337,525.13,312.1063243528249,308.27599999999995
E77,heating_train,3041.0,13.85,0.978,0.46455366694244826,0.8069581286604024,542.3321299440544,565.544,494.58481245476156,623.3499999999999,457.4926011225738,574.299,494.88579217346773,602.429,457.6970760178872,543.727,428.4897973111,525.356,312.2071603662788,308.37
E79,heating_train,0.0,8.031,-0.221,-0.2442236469218444,-0.24284649434521852,295.85450000000003,299.974,295.85450000000003,301.267,295.85450000000003,302.44399999999996,295.85450000000003,301.828,295.85450000000003,303.04699999999997,295.85450000000003,303.267,295.85450000000003,300.508
E79,heating_train,50.0,8.032,-0.196,-0.17116186017100415,-0.14355181211679635,428.05907989580885,335.207,335.2946812497223,323.995,310.6704453176501,307.335,335.51706398976773,312.45599999999996,310.752163515906,304.796,326.0894724244696,304.253,295.8551435428669,300.42999999999995
E79,heating_train,100.0,8.030000000000001,-0.143,-0.12357785450065512,-0.07723349810192906,492.61653659310144,382.953,373.1425587577669,373.77299999999997,327.2140416966456,331.942,373.4790907293747,350.74399999999997,327.34375683800897,321.888,347.7712416489188,314.45599999999996,295.8586644582773,300.334
E79,heating_train,150.0,8.043,-0.113,-0.0874083020508386,-0.026218599782227868,534.8301094753607,423.04499999999996,404.86529884637446,414.405,344.17164921287787,355.99699999999996,405.2799815919701,386.461,344.3431071649578,340.97799999999995,364.7582248526551,326.813,295.86789004523564,300.238
E79,heating_train,200.0,8.043,-0.092,-0.06003773343832486,0.012999423053544165,564.8355237477818,458.456,430.9845116107787,449.971,360.46443096827034,377.448,431.453145610493,419.28099999999995,360.67110492308046,358.616,378.4894617409243,338.25,295.8911301136152,300.144
E79,heating_train,250.0,8.03,-0.051,-0.039230978666977556,0.04327417774311018,587.2854522977217,489.625,452.6367639940943,482.197,375.5939083472364,397.323,453.14363914262657,450.32099999999997,375.82976830438656,375.426,389.79981390494015,349.40999999999997,295.9425357677278,300.048
E79,heating_train,300.0,8.028,-0.029,-0.02154365495687116,0.06907318083006987,604.6205267918899,514.004,470.77534543428544,507.438,389.42400083061546,413.18999999999994,471.30985517820875,475.149,389.68398113790363,389.10799999999995,399.3267173148612,358.774,296.038729738334,299.99399999999997
E79,heating_train,350.0,8.027000000000001,-0.003,-0.006849913975038646,0.09065032629129792,618.2983528048011,534.0909999999999,486.1155363183856,528.973,401.9756300622395,427.15599999999995,486.67015231513875,496.48199999999997,402.2555360964246,401.30199999999996,407.41408340713133,367.407,296.1951105581617,299.936
E79,heating_train,400.0,8.026,0.027,0.00548391867925746,0.10887291523812782,629.3093983156763,552.271,499.204220467118,548.6089999999999,413.3280469610187,440.164,499.77345458933485,516.133,413.62440817372294,412.801,414.35215787252537,375.76,296.4229738460585,299.87899999999996
E79,heating_train,450.0,8.035,0.039,0.016826956562070894,0.12559322881220486,638.2662242089789,567.1659999999999,510.45536606249175,564.362,423.58572014228935,450.91099999999994,511.0350772254673,532.227,423.8956781285199,422.395,420.38457638802026,383.02,296.72847007034477,299.84999999999997
E79,heating_train,500.0,8.035,0.06,0.02584358647836038,0.13905617376018556,645.6748048529586,577.086,520.1930457382189,577.832,432.8523263436538,460.706,520.7801128705968,546.149,433.1734668415399,431.17699999999996,425.60535411345586,389.96,297.112761551704,299.832
E79,heating_train,550.0,8.03,0.057,0.03314618928462587,0.15008502266350898,651.9478014460884,587.736,528.6915087930322,589.5070000000001,441.22763523354837,469.81499999999994,529.2836502269624,558.3979999999999,441.55793591868223,439.55499999999995,430.15781530477955,396.88,297.5727234483842,299.811
E79,heating_train,600.0,8.027,0.082,0.03962444912705165,0.15988645091445494,657.306168666471,595.8489999999999,536.1615950447692,599.248,448.80887385448654,477.42099999999994,536.7570777230668,568.6089999999999,449.1466628242064,446.53,434.18006809321304,402.95899999999995,298.10201651570515,299.796
E79,heating_train,650.0,8.036,0.093,0.0463222616281469,0.1699062774391965,661.8324249941271,602.5619999999999,542.7505844487467,607.693,455.68365197973833,484.35299999999995,543.3479378683847,577.553,456.0275354106858,452.986,437.774585840079,408.754,298.6923246825354,299.774
E79,heating_train,700.0,8.029,0.102,0.05082638786897731,0.17685447016372108,665.7586510794207,609.702,548.5920915415774,615.733,461.9253816277177,491.14799999999997,549.1902585862279,586.0039999999999,462.2741497421709,459.352,440.9160738424696,414.667,299.3342641181007,299.765
E79,heating_train,750.0,8.035,0.119,0.055977051199357475,0.18461859433730854,669.1682985488951,616.212,553.8020896708985,622.601,467.6039883005545,497.097,554.4002325288727,593.2139999999999,467.95665514974326,464.932,443.7774736410852,419.955,300.0182009855089,299.76
E79,heating_train,800.0,8.027,0.122,0.05936420231893447,0.1898898324159047,672.1942824076792,621.0429999999999,558.4723585552878,628.91,472.7803018159605,502.681,559.0699184617281,599.823,473.1360201365728,470.24699999999996,446.3104517755269,425.05999999999995,300.7347958504037,299.774
E79,heating_train,850.0,8.033,0.142,0.06369135296150419,0.19640004547733414,674.8587386506807,625.6189999999999,562.6810483892557,634.828,477.5107450235215,508.21399999999994,563.2775446504409,606.1379999999999,477.8688337564325,475.566,448.6593170553416,430.231,301.4754107479411,299.80899999999997
E79,heating_train,900.0,8.025,0.154,0.06639083124509859,0.2006027726292788,677.2648272761352,629.922,566.4902173509181,640.255,481.84281941722907,513.12,567.0853760068526,611.775,482.2026892419395,480.316,450.75388454609686,434.897,302.2322195475748,299.86499999999995
E79,heating_train,950.0,8.027,0.174,0.0697416068400104,0.20566670549601018,679.4349515376701,633.9639999999999,569.9590582506726,644.881,485.8206551236884,517.7379999999999,570.5526511001169,616.7049999999999,486.18183542627344,484.798,452.7033849250816,439.32899999999995,302.99837024993076,299.92499999999995
E79,heating_train,1000.0,8.04,0.18,0.07386521341560337,0.21177305216434414,681.2728599485683,636.8299999999999,573.0985850769268,649.6959999999999,489.4769640253098,522.39,573.6902303761399,621.767,489.8390318605227,489.258,454.52314519023605,443.966,303.7677966731435,300.01099999999997
E79,heating_train,1050.0,8.030000000000001,0.194,0.07547401273098253,0.21435796257227258,682.9804377446256,640.423,575.9596216005907,653.7059999999999,492.8416045416159,526.508,576.5492533001329,625.947,493.2041808029415,493.34,456.0868503154689,448.109,304.53530939249526,300.109
E79,heating_train,1100.0,8.027000000000001,0.204,0.07755330885251432,0.21756987990850024,684.6064702194722,642.944,578.6006565909906,657.356,495.94696224140864,530.4749999999999,579.188320001934,629.8409999999999,496.30976870367675,497.36799999999994,457.55309654062034,452.152,305.2964791351866,300.181
E79,heating_train,1150.0,8.037,0.222,0.08070282091099357,0.2222521916320219,685.9983499061877,645.2919999999999,581.0174858072061,660.958,498.8156518535036,534.496,581.6029876965874,633.6659999999999,499.17843761161714,501.43999999999994,458.9521307074796,456.318,306.04753202983886,300.28999999999996
E79,heating_train,1200.0,8.026,0.212,0.08155562972510322,0.22371545773088572,687.3130363724064,647.271,583.2405657654044,663.987,501.46856486033596,538.0409999999999,583.8239533731146,636.905,501.8311030305773,505.014,460.1378395668586,460.073,306.7854434097052,300.38399999999996
E79,heating_train,1250.0,8.034,0.228,0.08422110490610146,0.22767682948133627,688.5034689905785,649.431,585.2964064891596,666.71,503.9283333028752,541.6289999999999,585.8776470834325,639.9590000000001,504.29047009104966,508.67199999999997,461.3353619921787,463.92199999999997,307.5077774210747,300.508
E79,heating_train,1300.0,8.027,0.224,0.08522764822330242,0.2293049667371586,689.6088995295584,651.935,587.195448390201,669.5799999999999,506.211296662138,544.798,587.7745963999823,642.912,506.5728824697046,511.894,462.3704057677902,467.38199999999995,308.2127819421878,300.64099999999996
E79,heating_train,1350.0,8.04,0.243,0.08813640905685716,0.2335750875625946,690.5626807471692,653.973,588.9462430114643,672.509,508.3329109103803,548.171,589.5232003231936,646.01,508.6938333299214,515.2909999999999,463.4260443031147,470.966,308.89916274349855,300.80499999999995
E79,heating_train,1400.0,8.027,0.237,0.08831529099497049,0.2340070962450994,691.5009148179718,655.3389999999999,590.5705963535383,674.723,510.3068073951612,551.136,591.1455236284708,648.461,510.666962626539,518.347,464.28604349104836,474.19499999999994,309.5660517728676,300.959
E79,heating_train,1450.0,8.026,0.249,0.08964569566222258,0.23603366374858956,692.4351411061468,656.4929999999999,592.1047218215754,676.886,512.1512137908478,553.988,592.6777938380981,650.81,512.5105633647001,521.256,465.15506360445426,477.45399999999995,310.21288013640816,301.126
E79,heating_train,1500.0,8.038,0.264,0.09217184077992213,0.2397298164067408,693.187513861856,657.7829999999999,593.5185495200344,678.8019999999999,513.8717960610592,556.6669999999999,594.0896265950583,652.855,514.2302704134011,524.035,466.0191763922399,480.467,310.8393184216765,301.29499999999996
E79,heating_train,1550.0,8.036,0.27,0.0931761085077657,0.2412807672866248,693.868615566064,660.356,594.819484698905,681.0519999999999,515.4762904856259,559.421,595.3885802456653,655.1189999999999,515.8338224125345,526.894,466.75381638757796,483.544,311.44530229666873,301.50199999999995
E79,heating_train,1600.0,8.02,0.273,0.09274275891878925,0.24079311072714163,694.6611035022781,661.2909999999999,596.0637507823435,682.924,516.9818605121582,561.941,596.6312323330545,657.144,517.3384530496123,529.578,467.3916509494655,486.306,312.03095837030594,301.693
E79,heating_train,1650.0,8.035,0.287,0.09537797250826685,0.24461290540561734,695.3227087521406,662.578,597.2335549468601,685.037,518.3950307333903,564.521,597.7993603610571,659.297,518.750678069981,532.3299999999999,468.135132511699,489.15099999999995,312.596515333138,301.89599999999996
E79,heating_train,1700.0,8.030999999999999,0.285,0.09598814075607365,0.2455789181215414,695.8948160027135,663.9939999999999,598.3101546443081,686.7059999999999,519.7172784394303,566.8589999999999,598.8742710036219,661.101,520.0719397987383,534.844,468.7335950160374,491.676,313.14230248487377,302.09099999999995
E79,heating_train,1750.0,8.044,0.293,0.09823990678963135,0.24885383972803377,696.3705705315472,665.063,599.3034657704663,688.5509999999999,520.9553522324663,569.122,599.8658071986333,662.999,521.3090070980196,537.284,469.36790973355755,494.15999999999997,313.6687914957207,302.29499999999996
E79,heating_train,1800.0,8.026,0.301,0.09731303662681812,0.2476365661345078,696.9265969131559,667.059,600.2425106567554,690.482,522.1177496569372,571.477,600.8033790865891,664.999,522.4704020566244,539.836,469.82513415105143,496.69599999999997,314.17649879872465,302.527
E79,heating_train,1850.0,8.035,0.303,0.0991500811993894,0.250299456559229,697.4582918339132,666.766,601.1441737547714,692.072,523.2152533655395,573.693,601.7036595106186,666.785,523.5669440689755,542.163,470.4014011448397,499.06499999999994,314.66604127059895,302.77099999999996
E79,heating_train,1900.0,8.033,0.314,0.09976719454510041,0.25124476905818927,697.9147076034649,667.983,601.9829637981431,693.1869999999999,524.2470150590746,575.691,602.5410757395914,668.059,524.5977385923911,544.326,470.87941092915855,501.341,315.13805253686996,302.97999999999996
E79,heating_train,1950.0,8.026,0.306,0.09977979702815232,0.2513432406052055,698.4107563429546,669.336,602.7857122552045,694.921,525.2213360392944,577.747,603.3426306156232,669.808,525.5711196217048,546.5070000000001,471.29562461332614,503.67099999999994,315.59311158575156,303.21299999999997
E79,heating_train,2000.0,8.031,0.312,0.10100084853424918,0.25313798424916356,698.8435710648725,669.758,603.5436772994682,696.288,526.1404501002941,579.662,604.0993943873897,671.355,526.4893105225043,548.546,471.7506957587111,505.78599999999994,316.0316823485988,303.42999999999995
E79,heating_train,2050.0,8.029,0.325,0.1014411424728403,0.25382972102011914,699.2308138099933,670.905,604.2501021533079,697.462,527.0059387243757,581.49,604.8046353492324,672.6469999999999,527.3538810701752,550.481,472.1391088588055,507.86199999999997,316.4543244455373,303.647
E79,heating_train,2100.0,8.031,0.323,0.10217083355710466,0.2549423778511615,699.5816073634899,672.304,604.9107406917481,698.913,527.8206675821702,583.313,605.4640948129847,674.188,528.1676973012308,552.434,472.5033940177012,509.923,316.8616001390932,303.873
E79,heating_train,2150.0,8.045,0.321,0.10403354832480105,0.2576615258541963,699.7878461962617,672.7719999999999,605.5004946662498,700.497,528.5804786776266,585.135,606.0524545556436,675.789,528.9265616685627,554.258,472.88430855967283,511.885,317.2539250637674,304.072
E79,heating_train,2200.0,8.025,0.326,0.10237567811390003,0.25539926898350407,700.1084711406984,672.28,606.0596672507534,701.184,529.293920619811,586.872,606.610542921641,676.737,529.6390772116943,556.068,473.07704527173223,513.88,317.63175102857156,304.274
E79,heating_train,2250.0,8.045,0.318,0.1048793325545293,0.2590022812157713,700.3365160300732,671.149,606.5864949101733,701.3979999999999,529.965736057656,588.39,607.1361799768727,677.183,530.3099936429726,557.732,473.4707253272145,515.814,317.99560195262217,304.491
E79,heating_train,2300.0,8.035,0.333,0.10425416901429563,0.25817683223738214,700.5496110819267,671.958,607.0663738998569,701.402,530.5944663394964,589.568,607.6149526950998,677.364,530.9378257407261,559.053,473.6894446954459,517.489,318.3461290401883,304.702
E79,heating_train,2350.0,8.034,0.339,0.10461415679661912,0.2587285003386346,700.8315152644195,671.8119999999999,607.540130249884,701.995,531.1921915461661,590.7339999999999,608.0878063687097,677.971,531.534718415078,560.386,473.9619701866769,519.13,318.6840236710574,304.953
E79,heating_train,2400.0,8.031,0.341,0.10477935676117489,0.25899607901350274,701.11252046013,671.929,607.9995516138398,702.74,531.7604576745462,591.9559999999999,608.5464364322446,678.75,532.1021982624125,561.72,474.2198601010865,520.729,319.0099584888277,305.19
E79,heating_train,2450.0,8.03,0.347,0.10507231808330231,0.2594545760142872,701.3842055746234,671.544,608.4428142856445,702.699,532.3011022297123,593.1179999999999,608.9889653090288,678.958,532.6420933746807,563.0319999999999,474.4618309094956,522.26,319.32451525937824,305.431
E79,heating_train,2500.0,8.027999999999999,0.341,0.10518733870859975,0.25966997871969144,701.6362168847063,671.75,608.8648815830418,703.1769999999999,532.813870943195,594.179,609.4103256748358,679.4369999999999,533.1541350667084,564.284,474.6728607758545,523.757,319.62809230280914,305.642
E79,heating_train,2550.0,8.035,0.349,0.10618796982308609,0.26113987039583597,701.8089522459165,671.749,609.2507308939988,703.719,533.2965131278814,595.217,609.7953514917823,680.001,533.6360506114156,565.478,474.90883412902804,525.153,319.92099454850813,305.859
E79,heating_train,2600.0,8.030000000000001,0.366,0.10593732258640876,0.2608332228557846,701.9860084610318,672.595,609.6084922142661,703.8820000000001,533.7511487737272,596.2339999999999,610.1523509113322,680.3389999999999,534.0899742174632,566.681,475.0724968427295,526.487,320.20358866850773,306.082
E79,heating_train,2650.0,8.015,0.343,0.1047349507291585,0.25916142837863426,702.2933181597341,673.232,609.9790175220887,704.7529999999999,534.1887346268386,597.3019999999999,610.5224396758288,681.114,534.5269248585932,567.8689999999999,475.2041430324621,527.852,320.4763488000335,306.315
E79,heating_train,2700.0,8.043,0.361,0.10789708198782577,0.2636797328740162,702.3865630191428,673.201,610.3088776858879,705.333,534.6006791139935,598.338,610.8514821215242,681.752,534.9382202799197,569.054,475.5249845352754,529.111,320.7397894518979,306.52599999999995
E79,heating_train,2750.0,8.042,0.357,0.10793799244817515,0.26378870975584345,702.3760149224709,673.0429999999999,610.5686247917151,705.827,534.9779867923655,599.315,611.1102365553204,682.313,535.3148230723402,570.189,475.652826651611,530.316,320.9943217889328,306.74899999999997
E79,heating_train,2800.0,8.036,0.371,0.10751496746981404,0.26322628808162785,702.4855021451464,674.383,610.8224489999934,706.489,535.3342885275749,600.3389999999999,611.3633098011157,682.967,535.6704646924488,571.336,475.76479657933726,531.5799999999999,321.2403571731901,306.99399999999997
E79,heating_train,2850.0,8.045,0.356,0.10867135854606869,0.2648932351699871,702.5618446067767,673.989,611.0628017849015,707.281,535.6698061196994,601.319,611.6029111431584,683.7919999999999,536.005343488775,572.394,475.9544988763282,532.747,321.4783321757664,307.214
E79,heating_train,2900.0,8.03,0.369,0.10734996226549653,0.26304352127106295,702.7265055626209,674.1389999999999,611.3055847862034,707.5809999999999,535.9896206802864,602.267,611.8452011723446,684.247,536.3245675049809,573.4169999999999,476.02092355512116,533.865,321.708669619438,307.429
E79,heating_train,2950.0,8.029,0.364,0.1075070786423461,0.2632852751602708,702.9461099852958,673.64,611.5680371692633,708.097,536.3008300315432,603.171,612.1073283445185,684.805,536.6352564557797,574.42,476.16710285736315,535.035,321.93173487207275,307.65299999999996
E79,heating_train,3000.0,8.038,0.376,0.10861065328840269,0.26488183493723216,703.0441807753028,674.733,611.8048969225792,708.5989999999999,536.5947653073911,603.986,612.3436711874942,685.3119999999999,536.9286647014553,575.317,476.33575196602305,536.054,322.1477671583938,307.86199999999997
E79,heating_train,3050.0,8.038,0.374,0.10871852613576216,0.2650731670734611,703.0976409775396,675.289,612.0098352835923,709.355,536.86929903073,604.884,612.5480126021141,686.072,537.2026611909731,576.2570000000001,476.435366792198,537.103,322.35693967133705,308.051
E79,heating_train,3100.0,8.041000000000002,0.37,0.10911131518353179,0.2656697591705477,703.1451456125351,674.111,612.1947170006092,709.557,537.1264218569902,605.8209999999999,612.7322857538081,686.506,537.4592518373913,577.2539999999999,476.53877633075365,538.212,322.5594396275659,308.26099999999997
E79,heating_train,3150.0,8.030000000000001,0.372,0.10811729035241913,0.26428453142986574,703.2757565440363,675.4069999999999,612.3833805646609,709.553,537.3719359858882,606.492,612.9205569745452,686.5840000000001,537.7042766494606,578.03,476.5847014965777,539.159,322.7554894868248,308.465
E79,heating_train,3200.0,8.042,0.376,0.10949424438001243,0.2662630119678645,703.3419892461147,675.747,612.5623643897558,710.16,537.6050688891642,607.174,613.0990518216793,687.127,537.9369351694703,578.815,476.74184787621266,540.082,322.9454064994878,308.678
E79,heating_train,3250.0,8.039,0.367,0.10929151209574017,0.26599997750792853,703.3771561704339,675.739,612.7169638721734,710.486,537.8224746552387,607.9069999999999,613.2531351423863,687.529,538.153863350053,579.588,476.8099363885733,540.961,323.1294753387926,308.887
E79,heating_train,3300.0,8.040000000000003,0.382,0.10955008013554046,0.2663804352889807,703.4415185311638,675.515,612.868011727892,710.654,538.0298470125884,608.569,613.4037392007531,687.8199999999999,538.360790266116,580.333,476.90789626193526,541.819,323.308015272166,309.092
E79,heating_train,3350.0,8.041000000000002,0.384,0.10978906429586499,0.26673486553370496,703.4970652311719,674.266,613.011321745493,710.672,538.2267511175622,609.2090000000001,613.5466259093184,687.928,538.5572662235667,581.053,476.99827297815165,542.6949999999999,323.48135408533835,309.303
E79,heating_train,3400.0,8.038,0.372,0.1095993325324991,0.2664823437510846,703.5776693841763,673.847,613.1536189776247,710.6189999999999,538.415081716294,609.6949999999999,613.6885817052303,687.94,538.7451939915667,581.643,477.0632358118139,543.4549999999999,323.64974032000555,309.49699999999996
E79,heating_train,3450.0,8.030999999999999,0.396,0.10903728737836171,0.26569338576830087,703.7191875656449,675.44,613.3086248816612,710.6610000000001,538.5991946441344,610.121,613.8434074186464,687.9649999999999,538.9289516483329,582.182,477.11894933391613,544.1579999999999,323.8133646275421,309.703
E79,heating_train,3500.0,8.04,0.373,0.1101647160677347,0.2672943689718775,703.7932167139784,675.231,613.4559781984835,711.2049999999999,538.7765200824257,610.7159999999999,613.9904732014045,688.471,539.1059368879381,582.825,477.26141075434396,544.9269999999999,323.9724590175159,309.936
E79,heating_train,3550.0,8.035,0.385,0.10976959730846314,0.2667455992252918,703.8605631632486,675.1099999999999,613.5897531403476,711.442,538.9452811556971,611.298,614.123969292068,688.707,539.2743629930774,583.451,477.31171248628175,545.6389999999999,324.127301317458,310.12
E79,heating_train,3600.0,8.032,0.402,0.10959713503867663,0.26651026885613394,703.9754702581571,676.505,613.7301593022586,711.826,539.1099603556086,611.804,614.2641956846225,689.068,539.4387411526747,584.0219999999999,477.3763961657805,546.315,324.2780595447969,310.32
E79,heating_train,3650.0,8.039,0.39,0.11045094236308417,0.26773171165840676,704.0270688598026,676.345,613.8574454402734,712.108,539.2664848219388,612.4169999999999,614.3911944949175,689.449,539.5949622828145,584.684,477.4862617644754,547.027,324.4248752181365,310.50899999999996
E79,heating_train,3700.0,8.03,0.399,0.10965591959080223,0.2666083272900067,704.12017625286,676.4459999999999,613.9822922543187,712.6099999999999,539.41725632327,612.943,614.51586482003,689.8979999999999,539.7454518019351,585.26,477.5155785950333,547.671,324.5679289325699,310.70399999999995
E79,heating_train,3750.0,8.021,0.388,0.10894842334419963,0.26559494558536334,704.3168256866867,675.194,614.1345780458844,712.449,539.570754780914,613.508,614.668209206809,689.91,539.8987365113331,585.906,477.57038298983895,548.3820000000001,324.7074592324979,310.90799999999996
E79,heating_train,3800.0,8.032,0.39,0.11030981974018816,0.2675185163987931,704.4140716276951,675.111,614.2796203218281,712.498,539.7208477436561,613.864,614.8131371622333,689.947,540.0486202642265,586.3299999999999,477.72410461455786,548.978,324.84372590686655,311.09499999999997
E79,heating_train,3850.0,8.034,0.397,0.1106256814612705,0.26797578157537394,704.4313992137301,675.169,614.3930353349126,712.4849999999999,539.860576008042,614.208,614.9262750936156,689.9839999999999,540.1881075523565,586.761,477.79845491804474,549.505,324.976937080855,311.269
E79,heating_train,3900.0,8.029,0.398,0.11018223370835456,0.2673605168780755,704.4987883376774,675.13,614.5017840780913,712.818,539.994188667559,614.603,615.0348281728764,690.259,540.321488447522,587.2249999999999,477.82791237697404,550.064,325.1071656296657,311.43899999999996
E79,heating_train,3950.0,8.036,0.406,0.11091769823830788,0.2684313537931642,704.5229133716138,675.242,614.5985073368322,713.227,540.1190200868909,615.065,615.1312636721589,690.641,540.4460719698536,587.694,477.89975514127985,550.5889999999999,325.23438588261416,311.58
E79,heating_train,4000.0,8.033999999999999,0.401,0.11067898729965986,0.2681230866544712,704.526847894316,675.335,614.6770960010851,713.55,540.2326960192031,615.515,615.2095334232736,690.992,540.5594789915765,588.1610000000001,477.91154384327496,551.1289999999999,325.3584972748315,311.715
E79,heating_train,4050.0,8.031,0.382,0.11036182039935594,0.2676975786106546,704.5721875425495,674.7919999999999,614.7566807907851,713.51,540.340127200415,615.997,615.2888855888286,691.083,540.6666558699778,588.6859999999999,477.9236767149208,551.7090000000001,325.4794638058748,311.87
E79,heating_train,4100.0,8.032,0.398,0.11047118239627784,0.26787456127530596,704.6123401733794,673.894,614.8342919989335,713.114,540.4415673791679,616.322,615.3662736947801,690.852,540.7678490737159,589.094,477.9577337237607,552.2249999999999,325.5973191633791,312.02599999999995
E79,heating_train,4150.0,8.028,0.393,0.1100463990610413,0.26729521100977244,704.6663378640599,674.5699999999999,614.9120999473322,712.843,540.538136792379,616.469,615.4439087389339,690.573,540.8641826242567,589.332,477.9616066089259,552.649,325.71211101719757,312.167
E79,heating_train,4200.0,8.022,0.389,0.10949967167452612,0.266526084014207,704.7710367061327,675.846,615.0022742877578,713.308,540.63412695981,616.707,615.5340363491378,690.877,540.9599742120375,589.621,477.97741710568255,553.05,325.8239078464936,312.339
E79,heating_train,4250.0,8.039000000000003,0.394,0.11130125109515299,0.26909725540301566,704.7365730012682,675.371,615.0686840809017,713.55,540.7225514559548,617.076,615.6001131205721,691.2049999999999,541.0481730849475,590.019,478.09692895827567,553.461,325.9328764590553,312.48499999999996
E79,heating_train,4300.0,8.044,0.392,0.1117926240980851,0.2698135947902721,704.6123414373419,675.121,615.0904833091323,713.803,540.7965378172189,617.433,615.6213872043254,691.44,541.1218816380514,590.402,478.13079961095525,553.903,326.03916765615446,312.643
E79,heating_train,4350.0,8.043,0.405,0.11168608862434737,0.2696734293650975,704.546408629092,675.304,615.1039511944178,713.921,540.863084754355,617.795,615.6344256917957,691.5899999999999,541.1881582018032,590.784,478.138353207121,554.348,326.1429435692811,312.803
E79,heating_train,4400.0,8.03,0.399,0.1104047695777014,0.26785277471812396,704.6252948736359,676.0039999999999,615.1466884544147,714.204,540.9312729030502,618.096,615.6770714335328,691.826,541.2561354436937,591.134,478.1061396673946,554.729,326.24436708274595,312.95399999999995
E79,heating_train,4450.0,8.03,0.382,0.11048618951350087,0.26796981275331544,704.7365240941565,675.439,615.2179172178254,714.171,541.0035499797045,618.432,615.7483224083985,691.935,541.3282481144938,591.489,478.1480133861115,555.136,326.3435472117825,313.097
E79,heating_train,4500.0,8.02,0.388,0.10949074653538726,0.2665669177790075,704.877469962934,676.039,615.3054895203995,714.217,541.0784009285649,618.682,615.8360172769857,691.9449999999999,541.4029637263382,591.7929999999999,478.13126365152755,555.5229999999999,326.44044546609166,313.236
E79,heating_train,4550.0,8.044,0.403,0.1119705723419081,0.27010859113134755,704.8190345517067,676.606,615.360886660081,714.835,541.1455485207223,618.982,615.8910994282252,692.434,541.4699263170806,592.083,478.26965769889733,555.843,326.53495772223016,313.35999999999996
E79,heating_train,4600.0,8.042,0.399,0.11163858947708616,0.2696700392165762,704.6948838229262,676.6189999999999,615.3673128203977,715.192,541.1976607192427,619.403,615.8970548292672,692.871,541.5217903577034,592.499,478.2385137870944,556.229,326.62702628710326,313.479
E79,heating_train,4650.0,8.030999999999999,0.398,0.11046910390713649,0.2680237765016017,704.7297126106906,676.8889999999999,615.3926822948594,715.693,541.2493691527485,619.824,615.9222550602489,693.313,541.5732984770159,592.9359999999999,478.1879851302555,556.6469999999999,326.7166725605917,313.60299999999995
E79,heating_train,4700.0,8.033,0.414,0.11075842206457198,0.2684305201502459,704.787648524885,676.3779999999999,615.4375842148353,715.592,541.3030393797733,620.169,615.9670790823454,693.319,541.6268068276897,593.319,478.23339212922275,557.0139999999999,326.8040449756119,313.72799999999995
E79,heating_train,4750.0,8.041000000000002,0.408,0.1116711623213893,0.26972082662530905,704.7587300092164,676.578,615.4686197656862,715.805,541.3528094465512,620.405,615.9978892783997,693.4559999999999,541.6764038178512,593.614,478.3066197940774,557.361,326.8894000655654,313.871
E79,heating_train,4800.0,8.029,0.413,0.11049999749404249,0.26805185243901847,704.8145763499012,677.0889999999999,615.5088408409456,716.044,541.4038979920881,620.673,616.0380714246162,693.718,541.7273518017819,593.8969999999999,478.2771019766657,557.688,326.9729791452877,314.00399999999996
E79,heating_train,4850.0,8.027,0.404,0.1103968926151877,0.26789872411067195,704.9269593588936,676.829,615.5741591416528,716.31,541.460737803824,620.9590000000001,616.1034719916004,693.986,541.7840967688942,594.2059999999999,478.3105470134139,558.0219999999999,327.0549006781698,314.12399999999997
E79,heating_train,4900.0,8.04,0.408,0.11179025946949717,0.26988204718697867,704.9059319129132,676.6669999999999,615.6189327961088,716.217,541.512866596099,621.246,616.148065710777,693.995,541.8360963499811,594.5070000000001,478.4020720384495,558.356,327.13518391740485,314.265
E79,heating_train,4950.0,8.044,0.4,0.11219854074814772,0.27047069922450695,704.8137360955996,675.8019999999999,615.6299807541718,715.798,541.555676665324,621.396,616.1587681906158,693.707,541.8787347061836,594.717,478.4290648581171,558.672,327.2138357982886,314.392
E79,heating_train,5000.0,8.041000000000002,0.404,0.11186314961778476,0.27000503606298387,704.7794146196356,675.13,615.6377145863316,715.574,541.5945856978376,621.4559999999999,616.1662495589356,693.5139999999999,541.9174769986383,594.8340000000001,478.41568979945237,558.914,327.29090639186654,314.498
E79,heating_train,5050.0,8.04,0.416,0.11173345917199973,0.2698332564668722,704.7834948615651,675.463,615.6533428686469,715.236,541.6317044331832,621.502,616.1817127333619,693.2249999999999,541.9544409154271,594.934,478.41309371608907,559.137,327.366390057693,314.611
E79,heating_train,5100.0,8.041000000000002,0.41,0.1118107316110536,0.2699555978016514,704.7803993840768,675.864,615.6703879669649,715.5619999999999,541.6661462943182,621.593,616.1986014002297,693.453,541.988729336882,595.048,478.4201659821481,559.323,327.44023188530184,314.70799999999997
E79,heating_train,5150.0,8.021,0.412,0.10974024059905518,0.26702302702753933,704.9280124789066,676.707,615.7215408889441,716.057,541.7065911796961,621.8199999999999,616.2499408725479,693.847,542.0290814430505,595.266,478.33295612200584,559.5319999999999,327.51238619120807,314.80499999999995
E79,heating_train,5200.0,8.041000000000002,0.399,0.11185304068953728,0.2700298352586975,704.9450791647084,676.315,615.7710156006483,716.3019999999999,541.7474408348917,622.179,616.2993324822361,694.149,542.0698313310179,595.6189999999999,478.45771371948933,559.863,327.5828180159617,314.909
E79,heating_train,5230.0,8.04,0.403,0.11169553215024575,0.26982007875423897,704.8892754156667,676.213,615.7777500427164,716.108,541.7662830133455,622.325,616.3058965721639,694.063,542.0885791844478,595.766,478.44322491655765,560.0329999999999,327.62425330933036,314.96
E81,heating_train,0.0,4.518,-0.363,-0.4067738893529882,-0.40649070346811095,295.2925,300.84099999999995,295.2925,302.834,295.2925,303.662,295.2925,303.075,295.2925,303.926,295.2925,303.96799999999996,295.2925,299.68199999999996
E81,heating_train,50.0,4.5089999999999995,-0.351,-0.37107957701872457,-0.36313468443209584,437.0575435861547,342.306,334.84698601432206,326.51599999999996,309.30311976689325,308.46299999999997,335.06894463594267,314.686,309.3797327133956,305.97499999999997,323.26586993618366,305.15099999999995,295.29315988685164,299.609
E81,heating_train,100.0,4.535,-0.332,-0.34416509464900363,-0.33036281134938206,515.5623384629357,390.14799999999997,374.7965208937469,368.91999999999996,324.7068370826661,326.58299999999997,375.14279411929067,347.19399999999996,324.82707449567977,319.034,344.128785803088,311.813,295.29677350145624,299.532
E81,heating_train,150.0,4.528,-0.316,-0.32469966232030745,-0.30629226852677327,571.6711191556553,435.95099999999996,410.3432511768999,409.42199999999997,341.1044812983124,347.816,410.7851940482418,382.609,341.2653077922988,336.142,361.0437975661041,321.865,295.3062159203385,299.43399999999997
E81,heating_train,200.0,4.528,-0.302,-0.3084447188480891,-0.2861411369901631,614.4835973927384,474.943,441.3097370817532,442.42199999999997,357.60260595299195,365.48699999999997,441.8267894366877,412.85799999999995,357.80056633825154,351.006,375.2628296921937,330.62699999999995,295.33002949871377,299.34999999999997
E81,heating_train,250.0,4.52,-0.29,-0.2955041685128571,-0.2699791972230832,648.2834828508785,507.57099999999997,468.3454958403021,470.97499999999997,373.6387159305611,381.188,468.92330448647186,440.086,373.8701107386625,364.474,387.38091845060757,338.695,295.38306811618327,299.289
E81,heating_train,300.0,4.514,-0.273,-0.2845173075514456,-0.2562180900116733,675.59514878993,537.8119999999999,492.0892887126913,497.337,388.9375918900747,395.81399999999996,492.7172769529403,465.861,389.19893909974576,377.22999999999996,397.8703108089092,346.522,295.4834658440964,299.209
E81,heating_train,350.0,4.512,-0.267,-0.27481186395328444,-0.24405109185758656,698.0194575126246,561.229,513.0620124521802,518.227,403.38709635879815,407.748,513.7319406251363,486.80999999999995,403.6752710503996,387.741,407.07712590100243,353.188,295.6488392006131,299.157
E81,heating_train,400.0,4.534,-0.272,-0.26432185030178157,-0.23100891798596992,716.5275143870923,581.009,531.6593362536839,536.488,416.9601349032208,418.424,532.3643551272937,505.264,417.2723918800513,397.24199999999996,415.3486825893077,359.45799999999997,295.893554437045,299.12399999999997
E81,heating_train,450.0,4.516,-0.252,-0.2584277052540089,-0.22347041751931085,732.1529836820364,599.7,548.2331885960498,553.607,429.6581490835978,428.62,548.9678462201334,522.758,429.9919275439879,406.37399999999997,422.43316338609566,365.791,296.2271790380956,299.07899999999995
E81,heating_train,500.0,4.520999999999999,-0.248,-0.25134612430330827,-0.2145616491237693,745.5044687077327,613.9559999999999,563.0917576898973,567.4649999999999,441.51529640164745,437.253,563.8515430345215,536.962,441.86838270657495,414.182,428.9238851584495,371.404,296.65415410420667,299.077
E81,heating_train,550.0,4.52,-0.228,-0.2455836384254863,-0.20726227280604745,756.9460259797141,627.046,576.4520683704475,579.671,452.57880625614104,445.049,577.2331189098088,549.463,452.9492010717502,421.328,434.69908203952457,376.817,297.1743780764957,299.06899999999996
E81,heating_train,600.0,4.518,-0.215,-0.24057879372125757,-0.20089991835654727,766.8780845284004,638.374,588.5162608547523,590.577,462.8964924757515,452.212,589.3153537896071,560.7139999999999,463.2823972384232,427.93499999999995,439.8864588928332,381.993,297.7839809120878,299.05699999999996
E81,heating_train,650.0,4.525,-0.214,-0.23525582007951684,-0.19417289000789953,775.5047991212014,648.481,599.4390538464412,600.881,472.5186319566061,459.30199999999996,600.2533539435105,571.535,472.91843576245503,434.542,444.6529039066109,387.4,298.47635453777315,299.077
E81,heating_train,700.0,4.525,-0.221,-0.2310866965994569,-0.18885864392800006,783.0632384688888,656.9,609.3556015107556,609.434,481.49292883798876,465.37399999999997,610.1827237462153,580.5409999999999,481.90516053315537,440.268,448.9215194075658,392.163,299.2431476783237,299.08099999999996
E81,heating_train,750.0,4.507,-0.203,-0.2291003011284437,-0.18621593757007163,789.8993445524486,664.97,618.4216495185846,617.252,489.86781119142586,471.073,619.2598840699948,588.749,490.2911481514193,445.65299999999996,452.6573197350722,396.799,300.074976095058,299.099
E81,heating_train,800.0,4.518,-0.2,-0.22458516193066425,-0.18051151198620202,795.952770756671,672.633,626.7268811783179,625.053,497.6909466409711,476.84299999999996,627.5744791168586,596.838,498.1242390154192,451.139,456.3262136651458,401.602,300.96200676961246,299.11499999999995
E81,heating_train,850.0,4.535,-0.195,-0.2197729403017611,-0.17444828974580112,801.1631143850038,679.367,634.2991744506814,631.675,504.9985859917899,481.91499999999996,635.1542891078708,603.723,505.440743615365,456.02,459.74285715936014,405.933,301.89449743383545,299.15999999999997
E81,heating_train,900.0,4.525,-0.184,-0.21797376093956095,-0.17207760473091954,805.8921971139017,685.5909999999999,641.243284377264,637.935,511.8282343072067,486.735,642.104754339636,610.212,512.2782596216316,460.664,462.63537002566216,410.14199999999994,302.8631605953051,299.21599999999995
E81,heating_train,950.0,4.513999999999999,-0.182,-0.2164456258061362,-0.17005910686894427,810.3291040102924,690.337,647.6771427119415,643.624,518.2223943539691,491.354,648.5442642268351,616.16,518.6794447763401,465.139,465.3254201031326,414.26,303.85931853721473,299.286
E81,heating_train,1000.0,4.522,-0.174,-0.21314205371894512,-0.16587557935729924,814.3154916952735,694.278,653.6326284626234,649.073,524.214844724662,496.018,654.5044550398488,621.9549999999999,524.6781612249772,469.75199999999995,468.00821732828996,418.51599999999996,304.87512121174655,299.38399999999996
E81,heating_train,1050.0,4.523,-0.163,-0.2107615729446276,-0.16283089559385613,817.8844593814051,697.46,659.1338786205879,653.502,529.8332330521888,500.063,660.0095408607795,626.737,530.302104303196,473.806,470.42428965312376,422.30899999999997,305.9035045627168,299.476
E81,heating_train,1100.0,4.529,-0.162,-0.2080274809443956,-0.1593571143127227,821.1097038654466,701.663,664.2255877902376,657.655,535.1049869154266,503.902,665.1043277797119,631.116,535.5787733114568,477.65299999999996,472.71783392787063,426.006,306.9381275167392,299.611
E81,heating_train,1150.0,4.540000000000001,-0.157,-0.20489195793855453,-0.15539512665038518,823.9734561054526,705.616,668.9287091262486,662.063,540.0520421520487,507.84299999999996,669.8097508540186,635.7239999999999,540.5301471378374,481.62,474.91437433093495,429.854,307.97343307546646,299.75199999999995
E81,heating_train,1200.0,4.512,-0.147,-0.2060293943525331,-0.1567082168695181,826.8233153976603,708.582,673.3385492822938,665.8979999999999,544.706567569837,511.394,674.2219715493325,639.756,545.1885118376224,485.192,476.56547316432466,433.33399999999995,309.004655430472,299.895
E81,heating_train,1250.0,4.519,-0.148,-0.2035917008912333,-0.15361509886527988,829.5095033110163,711.9849999999999,677.496338358046,669.5899999999999,549.0937671510882,514.837,678.3818567931121,643.5989999999999,549.5791353294203,488.65999999999997,478.4564473094212,436.67999999999995,310.0275724608456,300.02799999999996
E81,heating_train,1300.0,4.524,-0.142,-0.2014857175185379,-0.15093448427843115,831.8604856429529,715.024,681.3619852595118,673.1579999999999,553.2230790855467,518.192,682.2489893958533,647.347,553.7114278524834,492.08399999999995,480.2013168421722,439.99399999999997,311.0384093123596,300.17999999999995
E81,heating_train,1350.0,4.529,-0.132,-0.19948346462503824,-0.1483853655504174,833.9834568762592,717.962,684.9580223720811,676.722,557.1125627751524,521.6659999999999,685.8460597417925,651.0809999999999,557.6035028703329,495.616,481.8345661128034,443.42699999999996,312.03413345456664,300.359
E81,heating_train,1400.0,4.516,-0.129,-0.19949992943569783,-0.1483401014397034,836.0564485687254,720.454,688.3398704824955,679.932,560.7842274456914,524.8,689.2289439488216,654.5039999999999,561.277452259417,498.806,483.18319617716145,446.54699999999997,313.01236204862454,300.537
E81,heating_train,1450.0,4.528,-0.121,-0.19691242964439626,-0.1450731336163258,837.9403738150861,722.3599999999999,691.5149992755773,682.951,564.2509783117077,527.857,692.4047718297452,657.692,564.7461839888078,501.89799999999997,484.7093600771485,449.606,313.97118706618244,300.698
E81,heating_train,1500.0,4.523,-0.12,-0.19627681577072448,-0.1442246213632013,839.6688744187724,724.0319999999999,694.482413654885,685.607,567.5227333089352,530.81,695.37267836685,660.585,568.0196328442878,504.907,485.9483863486281,452.602,314.9090147519903,300.876
E81,heating_train,1550.0,4.521999999999999,-0.118,-0.19528237516200236,-0.1429341562101237,841.3263774714904,725.7819999999999,697.281970372687,688.305,570.6172105796825,533.777,698.1726622053237,663.467,571.1155787426487,507.953,487.1547261900384,455.65999999999997,315.8246008107932,301.05899999999997
E81,heating_train,1600.0,4.529,-0.127,-0.19346328831501636,-0.14062521412562082,842.8127961960431,728.429,699.9046054054936,690.756,573.5413535604271,536.452,700.7954513214092,666.068,574.040952790166,510.729,488.3850837703319,458.42199999999997,316.71702036264776,301.265
E81,heating_train,1650.0,4.526,-0.118,-0.19281273659377907,-0.1397683604167424,844.2048253792993,730.322,702.3659494262088,693.2860000000001,576.3067072975028,539.055,703.2568455818016,668.689,576.8073404945293,513.443,489.429965870805,461.11699999999996,317.5857244593378,301.465
E81,heating_train,1700.0,4.515,-0.115,-0.19305810123732592,-0.14003141251510742,845.6301244989833,732.5840000000001,704.714501395486,695.934,578.9316075702657,541.816,705.6056918837712,671.4559999999999,579.4331557075376,516.307,490.3459345400805,463.92999999999995,318.43040869433753,301.693
E81,heating_train,1750.0,4.525,-0.108,-0.19104972628846273,-0.1374958959701801,846.9092272277094,733.923,706.9344949629601,698.258,581.4200866666148,544.319,707.825743053884,673.922,581.9223856826399,518.924,491.44187999116474,466.51599999999996,319.2509931328311,301.911
E81,heating_train,1800.0,4.529,-0.114,-0.1897416450211714,-0.1358340082955838,848.0182767770053,734.806,709.0026673708423,700.374,583.7739452790025,546.722,709.8936920701917,676.152,584.2768215709386,521.458,492.4158868410765,469.032,320.0475294843992,302.144
E81,heating_train,1850.0,4.524,-0.105,-0.18948358445558572,-0.1354793958687158,849.1130521421178,736.605,710.9578513330115,702.438,586.0078551847942,549.193,711.8487343407478,678.329,586.5112087971492,524.077,493.2335678878589,471.635,320.8203114286961,302.392
E81,heating_train,1900.0,4.523,-0.103,-0.18880929042623995,-0.13461036212779942,850.1846713725259,738.281,712.8199343620525,704.396,588.1311568809331,551.404,713.7107443040088,680.3399999999999,588.6349024769956,526.3919999999999,494.0604016080032,473.979,321.56968835504995,302.637
E81,heating_train,1950.0,4.527000000000001,-0.098,-0.1875933650143039,-0.13307173958050822,851.1584659944789,739.825,714.5783576135613,706.37,590.1467558223553,553.588,715.4689702905428,682.344,590.6507878700082,528.652,494.91294364212274,476.27799999999996,322.2960901417906,302.894
E81,heating_train,2000.0,4.531999999999999,-0.094,-0.186340714376384,-0.1314844329940522,852.0207102023433,740.7149999999999,716.2259425207907,708.294,592.0579208726151,555.736,717.116191842109,684.357,592.5621299011676,530.8689999999999,495.71639657752723,478.513,323.00005860739526,303.135
E81,heating_train,2050.0,4.535,-0.084,-0.18536922036298809,-0.13024618614741673,852.8103360583308,742.3199999999999,717.7705923378687,710.207,593.8701379538837,557.9369999999999,718.6603852858502,686.355,594.3744311699373,533.135,496.44538892839574,480.849,323.6820874972563,303.405
E81,heating_train,2100.0,4.529,-0.094,-0.1854668359752566,-0.13033857397673781,853.6149828181093,743.075,719.2407723896313,711.848,595.5934001477029,559.951,720.130274696312,688.083,596.0977325094108,535.2239999999999,497.0204660833364,482.971,324.3426270672012,303.644
E81,heating_train,2150.0,4.5169999999999995,-0.095,-0.18623314405507352,-0.13126918610813515,854.5079137570131,743.846,720.6740346583138,713.304,597.2407065335424,561.877,721.563619899508,689.6679999999999,597.745089030806,537.2090000000001,497.5124371089068,485.00699999999995,324.9821015782263,303.888
E81,heating_train,2200.0,4.539,-0.094,-0.18319982731893925,-0.12746456630652342,855.1870726226401,744.9449999999999,722.0150514462294,714.8209999999999,598.8027976505293,563.843,722.9042240446163,691.3309999999999,599.3071062689577,539.269,498.3784865109166,487.13199999999995,325.6010308494724,304.167
E81,heating_train,2250.0,4.52,-0.089,-0.18487612012160087,-0.1295277542937034,855.8901012079754,745.733,723.2811117140193,716.2829999999999,600.2881149583465,565.596,724.1701146432815,692.856,600.792332846512,541.0840000000001,498.6920414320559,489.029,326.20000487110775,304.39099999999996
E81,heating_train,2300.0,4.53,-0.081,-0.18326453288109823,-0.12749505273703304,856.5716117725572,746.949,724.5003590909228,717.745,601.7063417852748,567.346,725.3891441110576,694.401,602.2104415629718,542.914,499.34916052100334,490.919,326.7795316300567,304.63599999999997
E81,heating_train,2350.0,4.522,-0.075,-0.18370229483977707,-0.12802151817474652,857.2127797076528,747.6379999999999,725.6540310372638,719.335,603.0557181827827,569.202,726.5426566851559,696.055,603.5596684599911,544.835,499.764699237233,492.895,327.34023639240525,304.9
E81,heating_train,2400.0,4.53,-0.073,-0.18234563738319826,-0.12631034451993473,857.7953684508823,748.2249999999999,726.7497061169598,720.575,604.3415001355742,570.884,727.6380520622562,697.403,604.84526268429,546.607,500.3527768654099,494.679,327.8828291428726,305.159
E81,heating_train,2450.0,4.529,-0.082,-0.18201911107941443,-0.1258875607739328,858.3170639607459,748.809,727.776796971597,721.728,605.5633850399038,572.486,728.6648045357774,698.6279999999999,606.0669207857064,548.296,500.8104391088546,496.441,328.408037582614,305.42699999999996
E81,heating_train,2500.0,4.523,-0.07,-0.18227365939939227,-0.12619152111409912,858.8867351741306,749.8399999999999,728.7689444441294,722.922,606.7325825229561,574.01,729.6568272305176,699.8489999999999,607.235914050516,549.894,501.19030438517643,498.11299999999994,328.91662225707285,305.681
E81,heating_train,2550.0,4.519,-0.064,-0.18229050040910516,-0.1262025236127982,859.4793487978473,750.4839999999999,729.7352912490105,724.162,607.8534955671473,575.622,730.6232050073606,701.1479999999999,608.3566414512468,551.5989999999999,501.5904688804141,499.905,329.4092506883409,305.96299999999997
E81,heating_train,2600.0,4.531999999999999,-0.084,-0.18043965228230563,-0.12387637585614582,859.9242646756165,751.266,730.6367417787744,725.246,608.9182214237139,577.054,731.5243317817042,702.2629999999999,609.4211048247254,553.102,502.1547212716081,501.45899999999995,329.8865815028853,306.21799999999996
E81,heating_train,2650.0,4.534,-0.068,-0.17984649553504606,-0.12312404437138916,860.2776968859699,751.6189999999999,731.4614389387157,726.364,609.9260234554438,578.469,732.3485244004751,703.404,610.4285916481242,554.578,502.56509614549185,503.008,330.34918429425056,306.49699999999996
E81,heating_train,2700.0,4.52,-0.054,-0.18106704485320319,-0.12464115954747543,860.764788599872,752.275,732.27225158922,727.377,610.8951094037111,579.8399999999999,733.1592853461029,704.441,611.3974387906649,556.006,502.77672996348724,504.49899999999997,330.79773631081264,306.75899999999996
E81,heating_train,2750.0,4.527000000000001,-0.055,-0.17987623323738733,-0.12314901706036438,861.2262476678234,752.953,733.0627859269218,728.43,611.82460423632,581.275,733.9497282442958,705.519,612.3266903514384,557.49,503.2478735731027,506.078,331.2328867031958,307.048
E81,heating_train,2800.0,4.521000000000001,-0.056,-0.18023495926089955,-0.12358780153822252,861.6583410483073,753.271,733.8162260662227,729.344,612.7124059451216,582.554,734.7031359611276,706.4929999999999,613.2142452170688,558.8409999999999,503.51834378586307,507.503,331.65521805697267,307.313
E81,heating_train,2850.0,4.5329999999999995,-0.058,-0.17851390389894556,-0.12143215293858589,861.9945313162779,753.995,734.5209392340215,730.2570000000001,613.5575966167587,583.795,735.4075359119579,707.441,614.059143522459,560.142,504.01148916901434,508.86899999999997,332.06519634248286,307.592
E81,heating_train,2900.0,4.529,-0.047,-0.17867086968422174,-0.12162123701426553,862.3064821843993,754.1189999999999,735.1770509020968,731.2159999999999,614.3615821163502,585.125,736.0633520570443,708.441,614.8628286518785,561.51,504.2735457737183,510.312,332.46338333177664,307.86699999999996
E81,heating_train,2950.0,4.515,-0.046,-0.17994547880823714,-0.12321158676621285,862.7614048025717,754.776,735.8417564264016,731.968,615.1408378526128,586.274,736.7282297611259,709.265,615.6418779678947,562.7570000000001,504.42148654949074,511.61699999999996,332.85028052328437,308.131
E81,heating_train,3000.0,4.5409999999999995,-0.051,-0.17665235437317234,-0.11909052862502228,863.0129064138335,755.495,736.4526662698186,732.899,615.8790398992196,587.429,737.3387154226958,710.193,616.3797647942548,563.969,505.0491275431657,512.908,333.2263729201537,308.409
E81,heating_train,3050.0,4.540000000000001,-0.032,-0.17652867195906075,-0.11892809298106027,863.1543430384727,755.9659999999999,736.9823946264124,733.825,616.5708062790961,588.652,737.8678096590268,711.169,617.0711529396092,565.278,505.2917346869417,514.236,333.59215018898817,308.692
E81,heating_train,3100.0,4.525,-0.043,-0.17797452357861976,-0.12073459027128577,863.4911799543697,756.48,737.5230316752898,734.651,617.2418333630413,589.7719999999999,738.4083940345627,712.021,617.7419187334572,566.448,505.3759621998926,515.4639999999999,333.94803443957653,308.95099999999996
E81,heating_train,3150.0,4.523,-0.038,-0.17790663826419623,-0.12064983897264378,863.8908292163163,756.2909999999999,738.0816739004617,735.415,617.8937806965896,590.848,738.9672390782164,712.817,618.3936582072433,567.588,505.6313754611927,516.681,334.2944281183584,309.224
E81,heating_train,3200.0,4.518,-0.056,-0.17819767075766751,-0.12101341760011042,864.2785867611559,756.836,738.6348311730505,736.019,618.5227236322562,591.8689999999999,739.5206323695338,713.502,619.0224097729439,568.671,505.8385948028372,517.824,334.6316784087347,309.47999999999996
E81,heating_train,3250.0,4.531999999999999,-0.041,-0.17631784844612508,-0.11866141894630242,864.5226310195719,757.442,739.1440651420352,736.771,619.1208544385574,592.9159999999999,740.0296977460747,714.277,619.6202837833002,569.788,506.268635878534,519.024,334.960118328121,309.758
E81,heating_train,3300.0,4.537,-0.039,-0.17552827040130414,-0.11766913649291263,864.6533202745946,757.386,739.5874239781549,737.442,619.6832925942883,593.8789999999999,740.4725898034692,714.972,620.1824042740761,570.804,506.5487337101242,520.1129999999999,335.28013147291506,309.998
E81,heating_train,3350.0,4.529,-0.043,-0.17622716717454812,-0.11854242365287662,864.8696034695142,757.6869999999999,740.0164095927728,738.01,620.2241459304236,594.8109999999999,740.9013882241513,715.612,620.7229949499496,571.781,506.6659735559015,521.174,335.59208951917253,310.25899999999996
E81,heating_train,3400.0,4.529,-0.043,-0.1759757455895829,-0.11823010918215085,865.1315736775329,758.267,740.4466147664053,738.539,620.7470585780108,595.738,741.3315481861143,716.1679999999999,621.2456784496312,572.756,506.894623788586,522.241,335.8963648598839,310.52599999999995
E81,heating_train,3450.0,4.518,-0.029,-0.17699952772897293,-0.11951332674498936,865.4591122961255,758.749,740.8862314942153,739.2819999999999,621.2554293496689,596.67,741.7714072252081,716.8979999999999,621.7538788013745,573.737,506.98044150334147,523.3209999999999,336.193312451106,310.792
E81,heating_train,3500.0,4.526,-0.033,-0.17583638931737644,-0.11805987056010707,865.728147580086,759.25,741.3146749519049,739.893,621.7451617805476,597.554,742.1999239433146,717.545,622.243422261766,574.6389999999999,507.29988801053247,524.295,336.4832007218191,311.049
E81,heating_train,3550.0,4.529,-0.029,-0.17528349111621044,-0.117367861842006,865.9003613414649,759.774,741.7008160685009,740.621,622.2091858308022,598.422,742.5859028692736,718.24,622.7072130005159,575.539,507.5327976334677,525.232,336.7662868495491,311.298
E81,heating_train,3600.0,4.534,-0.018,-0.17450297244419904,-0.11639181914315253,866.03277257066,759.557,742.0520960926389,741.26,622.6504094105549,599.274,742.9368909109834,718.935,623.1481841721526,576.4369999999999,507.7828071726095,526.188,337.04286408970086,311.558
E81,heating_train,3650.0,4.523,-0.033,-0.17559417645456687,-0.11775736051719335,866.2484453647633,759.185,742.401106870512,741.655,623.0775126634442,600.126,743.2858986927445,719.439,623.5750921073629,577.3399999999999,507.81865328957633,527.174,337.3132096060243,311.80899999999997
E81,heating_train,3700.0,4.546,-0.031,-0.17275340854405863,-0.11419981112691752,866.3121884277456,759.4110000000001,742.7101828696317,741.97,623.4792251456497,600.8789999999999,743.594476891479,719.775,623.9765127088712,578.116,508.27637754184616,528.056,337.5775340818806,312.065
E81,heating_train,3750.0,4.531999999999999,-0.032,-0.17423885709649417,-0.11605798534075046,866.4119355988206,759.867,742.9888459411918,742.322,623.8592865527183,601.569,743.8728591528252,720.163,624.3563078759636,578.8599999999999,508.2403571121561,528.89,337.8360698289881,312.28999999999996
E81,heating_train,3800.0,4.531000000000001,-0.038,-0.17423124118489947,-0.11604336476659909,866.6174046930118,759.626,743.289856444915,742.785,624.2321203495999,602.305,744.1738605635253,720.673,624.7289385792498,579.6379999999999,508.36481598414184,529.778,338.0889175866849,312.53
E81,heating_train,3850.0,4.528,-0.031,-0.17449420954844663,-0.11636337732858386,866.8148335531764,759.972,743.5896080776242,743.231,624.5907030060926,602.971,744.4736497185944,721.135,625.0873188707104,580.353,508.44376180806546,530.566,338.33601057385806,312.714
E81,heating_train,3900.0,4.527000000000001,-0.036,-0.17450035246427448,-0.11636548022908226,867.0070620537748,760.47,743.8853434604478,743.669,624.9363094494826,603.653,744.7694268016423,721.607,625.4327304833187,581.063,508.55718453677423,531.3489999999999,338.5772708292088,312.911
E81,heating_train,3950.0,4.529,-0.038,-0.17419989831634236,-0.11597935168457107,867.1612226869416,760.265,744.1654587692435,744.2159999999999,625.2669138101799,604.395,745.0494947488651,722.1569999999999,625.7631262219619,581.814,508.6862628423388,532.171,338.81274779288594,313.096
E81,heating_train,4000.0,4.515,-0.037,-0.17577746528497185,-0.11794213310805088,867.4041931635857,759.875,744.456873109129,744.516,625.5907302597053,605.028,745.3411633496673,722.54,626.0867997980417,582.501,508.60074463982386,532.913,339.04246154924357,313.268
E81,heating_train,4050.0,4.523,-0.043,-0.17478777179876898,-0.1166927190189462,867.6001857507092,760.265,744.7450549237872,744.8,625.9037699840982,605.651,745.6294408005508,722.8779999999999,626.39967500221,583.1569999999999,508.80186429610524,533.622,339.26638140396415,313.445
E81,heating_train,4100.0,4.519,-0.036,-0.17519283029693933,-0.11719070313515775,867.7474451720979,760.682,745.0082114526195,745.241,626.2011325025105,606.278,745.8925947152072,723.309,626.696854351431,583.825,508.84317621979017,534.367,339.48463478791666,313.64099999999996
E81,heating_train,4150.0,4.539,-0.034,-0.1728542166027402,-0.11424843848377189,867.7376143638749,761.037,745.219010233026,745.664,626.4753507997452,606.866,746.1028562743327,723.746,626.9707849059143,584.471,509.164216527319,535.04,339.6974351198892,313.818
E81,heating_train,4200.0,4.539,-0.031,-0.1728609024947102,-0.11424372258603986,867.6660728040288,760.528,745.3734102339524,745.976,626.7246420646197,607.4639999999999,746.2565653381175,724.135,627.2197392091072,585.083,509.2098938087102,535.7139999999999,339.9049859735553,313.99699999999996
E81,heating_train,4250.0,4.535999999999999,-0.027,-0.1731905935151653,-0.11464723313461546,867.6915294258208,760.799,745.5270829614395,746.2439999999999,626.9639015166285,607.998,746.4098147151202,724.4,627.4587112703412,585.689,509.22797456736316,536.353,340.10749378499474,314.176
E81,heating_train,4300.0,4.524,-0.032,-0.17452666162338853,-0.11631569518971313,867.84953992029,759.8879999999999,745.7108912314109,746.525,627.2010289319505,608.563,746.5936561575186,724.71,627.6956387250989,586.308,509.1511162220751,537.053,340.3051329766227,314.364
E81,heating_train,4350.0,4.529,-0.035,-0.17388012666531055,-0.11550100443675115,867.9922485286214,760.047,745.907448126232,746.53,627.4320216950517,609.054,746.7902134003785,724.794,627.9264311470615,586.8389999999999,509.2962250534632,537.662,340.49803500298714,314.537
E81,heating_train,4400.0,4.534,-0.038,-0.17322034331846187,-0.11467252351899773,868.0382942166171,760.1679999999999,746.0762884005333,746.711,627.6477245180167,609.512,746.9588111930273,724.953,628.1418874512527,587.342,509.4420101875702,538.246,340.68632671270416,314.72799999999995
E81,heating_train,4450.0,4.529,-0.034,-0.1737586661164096,-0.11534135973748685,868.1157941909138,760.75,746.2385933675914,747.0609999999999,627.8557584800623,609.948,747.120980306727,725.27,628.349706299357,587.827,509.4414210277654,538.81,340.8702041049171,314.90999999999997
E81,heating_train,4500.0,4.53,-0.036,-0.17360363203843976,-0.11514091121205994,868.208769313557,761.3889999999999,746.4022072086241,747.4259999999999,628.0577171285935,610.4559999999999,747.2844921157889,725.6389999999999,628.5514644351854,588.367,509.51544861274994,539.399,341.0497390581846,315.087
E81,heating_train,4550.0,4.539000000000001,-0.036,-0.17253094051903456,-0.11378985581864806,868.2110095088285,761.712,746.5378103474441,747.844,628.2450048274748,610.949,747.419724027827,726.0029999999999,628.7384951171975,588.883,509.6816466731687,539.94,341.22498914203044,315.255
E81,heating_train,4600.0,4.523,-0.038,-0.1743392768673449,-0.1160527734107699,868.3256914174248,761.275,746.6842915452414,748.202,628.429797478625,611.434,747.5662355420018,726.402,628.9231153440986,589.4159999999999,509.5390635704853,540.5,341.39607853526854,315.41499999999996
E81,heating_train,4650.0,4.537999999999999,-0.035,-0.17253822868135094,-0.11379291295911353,868.3808441723651,761.7059999999999,746.8284463071411,748.508,628.6078167361746,611.928,747.7101806483186,726.7059999999999,629.1009258379245,589.9459999999999,509.79628078236135,541.055,341.56317424464413,315.60499999999996
E81,heating_train,4700.0,4.533,-0.031,-0.17307333252877038,-0.11446106074319702,868.3976808256704,761.4069999999999,746.94665468909,748.7529999999999,628.7731367077525,612.393,747.8281435019205,726.972,629.2660233674935,590.43,509.7870652582404,541.601,341.7264497620182,315.77299999999997
E81,heating_train,4750.0,4.522,-0.032,-0.17426408527657716,-0.11595480148411405,868.559706232662,761.415,747.0969423826969,748.938,628.9434631946798,612.8019999999999,747.9786203524168,727.153,629.4362340418141,590.885,509.7237689075952,542.0889999999999,341.8860919077187,315.942
E81,heating_train,4800.0,4.515,-0.029,-0.17497643948645952,-0.11684914501837246,868.7959624905754,762.094,747.2836128798143,749.155,629.1196943520245,613.182,748.1657294968788,727.3789999999999,629.6124158517862,591.309,509.7220323957315,542.55,342.04226554708214,316.10799999999995
E81,heating_train,4850.0,4.542999999999999,-0.016,-0.17166633620058763,-0.11269841581685475,868.7603414938776,761.679,747.4158619373111,749.4739999999999,629.276282014087,613.6389999999999,748.2975562984134,727.694,629.7687836735836,591.771,510.1401394499548,543.0809999999999,342.1950676319012,316.28999999999996
E81,heating_train,4900.0,4.526,-0.029,-0.17360354687883262,-0.11512509270715908,868.7636779771328,762.102,747.5155479382393,749.615,629.4216392326163,614.009,748.3970257796177,727.8599999999999,629.9139581045465,592.185,509.96930455978537,543.527,342.34467028999694,316.44899999999996
E81,heating_train,4950.0,4.534,-0.032,-0.17262685396167937,-0.11389867619757062,868.8218072374275,762.223,747.630069542789,749.914,629.5675298090266,614.361,748.5113866961464,728.125,630.0596934589322,592.582,510.124288618336,543.9739999999999,342.4912234550643,316.599
E81,heating_train,5000.0,4.535,-0.018,-0.17247200091697473,-0.11370250482958069,868.8225895608304,760.6679999999999,747.7229243846148,749.981,629.702018076437,614.808,748.6039769964782,728.294,630.1939910381124,593.028,510.1819636827641,544.479,342.634813650707,316.78
E81,heating_train,5050.0,4.526,-0.014,-0.17348215840709857,-0.11496616651756397,868.9164304729303,761.223,747.8315876654647,749.787,629.8369253226932,615.097,748.7126688656501,728.175,630.3287720796391,593.362,510.11214630222867,544.891,342.775522938778,316.92999999999995
E81,heating_train,5100.0,4.543,-0.029,-0.17147342306983843,-0.11244483662912769,868.8913957630507,760.063,747.9185218930313,749.894,629.9607996351365,615.3589999999999,748.7992272603909,728.262,630.4524387337533,593.675,510.36977077934023,545.284,342.913379584033,317.082
E81,heating_train,5150.0,4.52,-0.02,-0.17414684994052204,-0.11579031778946268,868.9973640697362,758.025,748.0169895889987,749.435,630.0843894560488,615.622,748.8978290627989,727.988,630.5759181251053,593.978,510.1017875876815,545.691,343.0484077731044,317.22799999999995
E81,heating_train,5200.0,4.528,-0.026,-0.17320001890942327,-0.11459794466078932,869.131848843621,756.902,748.1446680221757,748.592,630.2121547078528,615.77,749.025640695636,727.305,630.7035904702459,594.181,510.2421730303045,546.069,343.1805157376367,317.35799999999995
E81,heating_train,5250.0,4.531000000000001,-0.029,-0.17284574084876803,-0.11414809406668419,869.1517716967728,756.939,748.2430376630505,748.149,630.3277050634957,615.81,749.1238655112016,726.863,630.8189827105489,594.299,510.30807629466426,546.3779999999999,343.3096375124293,317.479
E81,heating_train,5300.0,4.53,-0.038,-0.17294583744940123,-0.11426974930309364,869.1763177545654,758.789,748.3305559247578,748.1949999999999,630.4381253656679,615.856,749.2112395895962,726.824,630.9292542815358,594.429,510.32588498953794,546.604,343.43584997225526,317.594
E81,heating_train,5350.0,4.535999999999999,-0.013,-0.1721822861912099,-0.11331524527467998,869.1680884579522,760.444,748.4034842400129,748.826,630.5419613291355,616.113,749.2838995100756,727.2860000000001,631.0329227009566,594.6769999999999,510.4538428946298,546.909,343.55935165486176,317.77799999999996
E81,heating_train,5400.0,4.537999999999999,-0.035,-0.17189990340802286,-0.11296277078748959,869.1358882860376,762.002,748.458640841356,749.525,630.6380308789508,616.4459999999999,749.3387308547792,727.881,631.1288111257426,594.999,510.520497490463,547.2139999999999,343.6804566109672,317.95099999999996
E81,heating_train,5450.0,4.53,-0.021,-0.17275060106740842,-0.11403471828832412,869.1928547060261,763.06,748.5283897196448,750.4159999999999,630.7356897161382,616.891,749.4084530361991,728.65,631.2263543695556,595.392,510.4746229455735,547.5419999999999,343.79938738671524,318.126
E81,heating_train,5500.0,4.534,-0.015,-0.17220608845045526,-0.11335651803353894,869.2511476879414,762.1389999999999,748.6081442827417,751.1089999999999,630.833169089372,617.387,749.4881553083678,729.355,631.3237208815178,595.884,510.58322039692365,547.9749999999999,343.91630799085203,318.30199999999996
E81,heating_train,5550.0,4.537,-0.024,-0.1718842027697211,-0.11294466147783945,869.2499279257034,760.8409999999999,748.6716864258444,751.035,630.9227760957848,617.7819999999999,749.5515056557512,729.442,631.4131762909241,596.278,510.62768087732377,548.346,344.0312114421688,318.445
E81,heating_train,5600.0,4.531999999999999,-0.03,-0.17250601322699982,-0.11371487672899198,869.2817097301132,759.46,748.7357327430119,750.697,631.009564284928,618.05,749.6154612986513,729.245,631.4998325109203,596.565,510.56341276561085,548.69,344.143821103023,318.532
E81,heating_train,5650.0,4.541,-0.018,-0.1715097551764963,-0.11245469473064029,869.2594507075864,759.578,748.7867921757003,750.409,631.0890586628445,618.18,749.6662364964028,729.0139999999999,631.5791521071956,596.752,510.67143695023015,548.968,344.2539119246807,318.623
E81,heating_train,5700.0,4.53,-0.02,-0.17283533703695086,-0.11410760262869303,869.2965683011205,757.881,748.8405773426107,750.035,631.1661734143755,618.308,749.7199714257739,728.745,631.6561342846443,596.9259999999999,510.52523231200075,549.251,344.36137421139847,318.705
E81,heating_train,5750.0,4.533,-0.017,-0.17248406554738227,-0.1136628430042438,869.3605603061928,757.558,748.9101588557105,749.526,631.2448717828267,618.385,749.7895491245833,728.345,631.7347191073508,597.055,510.5823635228429,549.486,344.4662070083968,318.793
E81,heating_train,5800.0,4.531999999999999,-0.025,-0.17260645158992927,-0.1138114220758522,869.3957451964093,757.999,748.9740445681205,749.2529999999999,631.3193911363563,618.423,749.8533852227235,728.0360000000001,631.8091147223558,597.145,510.5829629277132,549.712,344.56851932295046,318.87899999999996
E81,heating_train,5850.0,4.529,-0.021,-0.17294625992883028,-0.11423442164454052,869.4577750946294,757.992,749.0439102025349,749.279,631.394161974196,618.521,749.9232847046094,728.006,631.8837882365406,597.29,510.5653869084622,549.935,344.6684152932964,319.005
E81,heating_train,5900.0,4.523,-0.026,-0.17362186043609118,-0.11507946707536557,869.5683302625589,758.816,749.1301701098798,749.431,631.4724979167148,618.633,750.0097388631392,728.108,631.962070182444,597.424,510.5171926050149,550.125,344.7660056220293,319.09
E81,heating_train,5950.0,4.526,-0.019,-0.17320063884840836,-0.11455556512704507,869.6582363226827,759.309,749.2207189458009,749.6769999999999,631.551345797893,618.8340000000001,750.1004143679438,728.323,632.0408632872035,597.6189999999999,510.60795768514345,550.348,344.8613836025063,319.219
E81,heating_train,5986.0,4.52,-0.023,-0.17386708260346728,-0.11539144956425149,869.734027752963,760.0609999999999,749.2882360045514,749.902,631.6088837940108,618.9749999999999,750.1680843915628,728.5039999999999,632.0983797851218,597.766,510.55911777220933,550.499,344.92887317729674,319.315
E68,heating_validation,0.0,12.492,-0.066,-0.04698143081494999,-0.0486541867583643,293.44449999999995,294.839,293.44449999999995,293.585,293.44449999999995,293.493,293.44449999999995,293.60699999999997,293.44449999999995,293.66999999999996,293.44449999999995,293.688,293.44449999999995,293.464
E68,heating_validation,50.0,12.489,0.07,0.31682974915676554,0.5029768094895872,661.3105872342464,395.04499999999996,409.16039669196743,350.197,340.9141121242663,307.61699999999996,409.8985206651523,319.7,341.1903060967508,299.80699999999996,383.02686839782734,298.01399999999995,293.44651291986224,293.45799999999997
E68,heating_validation,100.0,12.483999999999998,0.238,0.5346167359347526,0.8419210636620813,807.5191063952859,552.832,508.5746685879466,472.90599999999995,391.5941035178421,368.618,509.7317630518084,416.08799999999997,392.04631823276503,342.68899999999996,441.14943932954463,321.91999999999996,293.457523158471,293.453
E68,heating_validation,150.0,12.495000000000001,0.39,0.6820987343270152,1.0763053192080962,884.6088861037999,675.702,585.3373782603907,577.13,438.6691064945695,425.735,586.7891542088564,511.938,439.26845082842533,389.541,482.5964338368143,344.582,293.4861318716898,293.471
E68,heating_validation,200.0,12.488000000000001,0.507,0.7840400828582109,1.24158461540815,930.0451567950364,766.255,643.9230038724588,661.876,480.1724453057303,473.04699999999997,645.5727874993938,595.0799999999999,480.89115605460995,429.431,513.3397092180678,364.28999999999996,293.5567587324698,293.491
E68,heating_validation,250.0,12.495999999999999,0.623,0.8601103715945778,1.3670362774796228,958.9420353675789,835.5649999999999,688.7895090374882,735.066,516.041114275058,515.683,690.5673089632774,670.4159999999999,516.8552450468403,465.121,536.9007125298187,380.299,293.7104400670357,293.53299999999996
E68,heating_validation,300.0,12.492,0.715,0.9158601162379493,1.4604639067297638,978.501681479981,881.4789999999999,723.4597973910822,788.904,546.8020514613585,549.395,725.3166176157448,727.527,547.6914128906196,494.042,555.3148000391084,400.67499999999995,293.99556098079006,293.561
E68,heating_validation,350.0,12.485,0.777,0.9583505900816361,1.5325942440909084,992.5051957828374,916.164,750.6300115906477,831.0559999999999,573.1254193298191,577.912,752.5328462602708,773.017,574.0734042264596,519.087,570.0269654344808,417.221,294.45707342825824,293.60799999999995
E68,heating_validation,400.0,12.494,0.849,0.993996038212342,1.5937395099000506,1002.7246211959261,942.081,772.222572247356,867.308,595.6864292170795,604.1379999999999,774.14914602219,812.697,596.6796745631354,541.9739999999999,582.0358284406414,433.42499999999995,295.1287498264522,293.654
E68,heating_validation,450.0,12.487,0.916,1.0204682234902154,1.6396773766369686,1010.5403619231122,960.31,789.6320144122976,894.127,615.0703923372301,625.505,791.5678239458595,842.568,616.0979922440746,560.814,591.8708209440849,449.365,296.0294365339247,293.719
E68,heating_validation,500.0,12.496,0.972,1.044419473492003,1.6814701344875989,1016.5750289859645,975.043,803.8759132786889,916.249,631.7929931232356,644.059,805.8114368457761,867.606,632.8463713702924,577.731,600.1499224518193,465.08299999999997,297.1629093738778,293.77299999999997
E68,heating_validation,550.0,12.503,1.021,1.0641830172249884,1.7162164805304583,1021.2689713604021,987.1809999999999,815.6493719548968,935.992,646.2803659802211,662.0509999999999,817.5782204322642,889.398,647.3526248267046,594.005,607.1238415943574,481.10799999999995,298.51958871997397,293.87899999999996
E68,heating_validation,600.0,12.493000000000002,1.064,1.0782946953673895,1.7412698186821784,1025.2526246818393,995.86,825.5457433188063,950.818,658.887077859228,677.008,827.4645853355684,906.635,659.9727268979202,607.8820000000001,613.0005620217792,494.669,300.0796778995193,293.94599999999997
E68,heating_validation,650.0,12.494,1.114,1.0919811790339926,1.7655155471182447,1028.601010352701,1001.882,833.9873963084294,963.369,669.9213158546829,690.625,835.8942657236032,921.51,671.0161841523736,620.785,618.1292508073433,508.187,301.81637888911314,294.063
E68,heating_validation,700.0,12.497,1.162,1.1041112374674968,1.7870574204930665,1031.3421233820886,1008.092,841.2313806434994,974.073,679.6280046113045,703.0319999999999,843.1248452075035,934.0029999999999,680.728779709218,632.66,622.5901454252996,520.0699999999999,303.6990276112823,294.202
E68,heating_validation,750.0,12.482999999999997,1.216,1.1119926729140337,1.8011853834923413,1033.8578222483584,1014.1949999999999,847.5439730181349,984.3729999999999,688.2097578029454,715.1869999999999,849.4239265192664,945.99,689.3138313553477,644.352,626.4206730197391,531.421,305.69569633435447,294.36199999999997
E68,heating_validation,800.0,12.490000000000002,1.24,1.1221613814914693,1.819218372704702,1035.961491698394,1016.922,853.0883837775334,992.417,695.8399338305582,725.847,854.9545655654172,955.442,696.9453721377247,654.643,629.9081771553231,541.423,307.7751560033448,294.544
E68,heating_validation,850.0,12.483,1.267,1.1289228544792729,1.8313154057913401,1037.8051790128584,1021.178,857.970628881146,999.259,702.6490155773058,735.652,859.8231001734227,963.351,703.7541953152192,664.125,632.9238884243541,551.072,309.9082757694283,294.762
E68,heating_validation,900.0,12.488000000000001,1.317,1.136857020169145,1.845405007605462,1039.3829385807521,1023.201,862.3054485488316,1005.557,708.7535107363947,745.316,864.1443647806007,970.703,709.8572279819491,673.9639999999999,635.6776834276052,561.0989999999999,312.06894496428447,295.02
E68,heating_validation,950.0,12.505999999999998,1.338,1.146043625233768,1.8617326937226752,1040.4957538985511,1025.897,866.1004340127722,1010.572,714.2341501464014,753.717,867.9252228922877,976.497,715.3353324593049,682.37,638.1796863168812,570.2429999999999,314.23448507185276,295.303
E68,heating_validation,1000.0,12.488000000000001,1.378,1.1484003198814445,1.8661674433373914,1041.7295995883592,1026.396,869.4998183401505,1015.091,719.1696180066599,761.5989999999999,871.3115925112077,981.7719999999999,720.2674085169239,690.374,640.2237823570099,579.226,316.38567485403263,295.60699999999997
E68,heating_validation,1050.0,12.494,1.396,1.1543738925290814,1.8768623707750618,1042.8577547365799,1027.413,872.6033360584661,1018.453,723.6427677486697,768.923,874.4029019475178,985.965,724.7367034178727,697.924,642.2086356737356,587.683,318.50646323781814,295.924
E68,heating_validation,1100.0,12.495999999999999,1.428,1.15901800068711,1.8852872013161392,1043.7568160784938,1027.013,875.3841007827841,1022.05,727.6989399608892,776.098,877.1716477727459,990.1129999999999,728.7885249158852,705.4259999999999,643.9575401784483,596.165,320.58382515773184,296.29999999999995
E68,heating_validation,1150.0,12.489,1.437,1.161688811916079,1.8902510765626408,1044.6657287372052,1028.73,877.9180079804473,1024.893,731.3910825907465,782.4590000000001,879.6943712660691,993.514,732.4760044297982,712.0840000000001,645.4920262807273,603.776,322.60755354937805,296.671
E68,heating_validation,1200.0,12.495000000000001,1.448,1.1662596217111685,1.8985071888767568,1045.417860585652,1028.179,880.2247765493146,1027.579,734.7623255123565,788.486,881.9903694315683,996.617,735.8423914352304,718.473,646.9622853726053,611.028,324.56997874467584,297.075
E68,heating_validation,1250.0,12.508,1.485,1.1714976966052313,1.9080053499344385,1045.8793495938507,1029.731,882.2654812033878,1029.9560000000001,737.8340316074593,794.54,884.0200502766127,999.439,738.9089685284099,724.93,648.3067747599166,618.469,326.4656610773334,297.543
E68,heating_validation,1300.0,12.499,1.502,1.1728693849208964,1.9106049638103242,1046.4524762591866,1029.464,884.1226752445573,1031.835,740.6429478912308,799.831,885.8672248560863,1001.6569999999999,741.7126521403227,730.614,649.436329057728,625.131,328.2910995527941,298.01399999999995
E68,heating_validation,1350.0,12.504999999999999,1.523,1.176759675211374,1.9175353864877331,1046.9974445348255,1030.103,885.8520562007527,1033.409,743.2300621954475,804.7049999999999,887.5873737613774,1003.528,744.2946176518872,736.0039999999999,650.5820871649303,631.488,330.04449834013855,298.51399999999995
E68,heating_validation,1400.0,12.493000000000002,1.555,1.177388447152147,1.9186999205590802,1047.6363686498096,1029.7350000000001,887.4763406800464,1035.338,745.6209213486841,809.6419999999999,889.2035184266308,1005.683,746.6804249659618,741.509,651.5486932782185,638.159,331.7252137093932,299.08299999999997
E68,heating_validation,1450.0,12.497,1.562,1.1807619892817005,1.92460480975056,1048.214874002943,1030.451,889.0117462915773,1037.199,747.8430722671358,814.081,890.7313896059397,1007.7479999999999,748.8977104431929,746.544,652.5591286626247,643.996,333.33351196292256,299.659
E68,heating_validation,1500.0,12.501999999999997,1.579,1.1840501078145618,1.9303833613364996,1048.626608382244,1030.5929999999998,890.409424182666,1039.097,749.9013283263827,818.427,892.121581539044,1009.8,750.9511523917781,751.4169999999999,653.4896297075633,649.711,334.8704614874641,300.24199999999996
E68,heating_validation,1550.0,12.498,1.592,1.1856096698262464,1.9331162418054184,1049.0698382303249,1029.632,891.7040206383097,1040.425,751.8122059428717,822.6229999999999,893.4092929817671,1011.337,752.8573257842535,756.208,654.3024324510839,655.159,336.33778845130405,300.85999999999996
E68,heating_validation,1600.0,12.511000000000001,1.613,1.1898518598488481,1.9406194929068832,1049.3383826331792,1030.75,892.8801188816005,1041.3249999999998,753.5834579483255,826.682,894.5784493958811,1012.5079999999999,754.6239407947746,760.9110000000001,655.1371192160063,660.7249999999999,337.7376423392235,301.50699999999995
E68,heating_validation,1650.0,12.495999999999999,1.611,1.1890054351314694,1.9391970334715718,1049.763247418152,1028.946,893.9806139926019,1042.136,755.2278037812414,830.2719999999999,895.6729552996967,1013.5559999999999,756.2637610097506,765.027,655.7429886420441,665.653,339.07235894494875,302.14099999999996
E68,heating_validation,1700.0,12.514000000000001,1.647,1.1937403129410153,1.9476220172390164,1049.9856242350916,1028.345,894.9953393150074,1042.711,756.7569119499124,833.588,896.6815607834426,1014.328,757.7884686603614,768.944,656.4891823633263,670.44,340.34438361799016,302.77099999999996
E68,heating_validation,1750.0,12.497000000000002,1.656,1.1921594353294949,1.9449559230203954,1050.3387418882041,1026.7269999999999,895.9343072523827,1043.1399999999999,758.1749477313821,836.944,897.6152023139048,1014.9499999999999,759.2021944499095,772.896,656.9673117787306,675.229,341.5562391442869,303.44599999999997
E68,heating_validation,1800.0,12.499,1.664,1.1940080434401237,1.9482413903759483,1050.7338468899593,1025.9,896.8580941624863,1043.2559999999999,759.5088835462304,839.8349999999999,898.5343561595441,1015.2669999999999,760.5321062010746,776.336,657.5548100188961,679.421,342.7105752978903,304.096
E68,heating_validation,1850.0,12.499000000000004,1.673,1.1952546160747755,1.9505332296789164,1051.0138995265522,1026.317,897.7081215314981,1043.476,760.7532478161581,842.487,899.379778355014,1015.621,761.7725500945653,779.555,658.0694901214663,683.434,343.8100643823632,304.736
E68,heating_validation,1900.0,12.485999999999999,1.692,1.1943746119002379,1.948967158897795,1051.4392516792293,1026.498,898.5365103485688,1044.1619999999998,761.9254712443504,845.069,900.2044196585441,1016.304,762.9411011526436,782.63,658.5074504489229,687.222,344.85743213933506,305.399
E68,heating_validation,1950.0,12.507000000000001,1.701,1.1993294690390948,1.9576967073578841,1051.560449978658,1025.5169999999998,899.2803684982421,1044.616,763.0222131636266,847.762,900.9438736859663,1016.901,764.0342734707451,785.837,659.1086108932464,691.112,345.8555771200821,306.09499999999997
E68,heating_validation,2000.0,12.495000000000001,1.713,1.1983462072752795,1.9559756437844271,1051.7576668285535,1027.63,899.9423030727031,1045.509,764.0400982306239,850.1809999999999,901.6018059575233,1017.737,765.0486469701173,788.771,659.4642815411214,694.623,346.8074044591069,306.784
E68,heating_validation,2050.0,12.502000000000002,1.733,1.200795622941155,1.9602348361989232,1051.9632899013882,1025.6,900.5824943474752,1046.0169999999998,764.9998620892816,852.625,902.2383773685688,1018.422,766.0051271242883,791.5609999999999,659.9341410963573,697.979,347.71577825356144,307.46999999999997
E68,heating_validation,2100.0,12.497000000000002,1.729,1.20108354956656,1.9606721872544817,1052.1825838117747,1025.167,901.1825635091402,1046.6309999999999,765.900560691184,855.009,902.835186177668,1019.034,766.9026842931755,794.389,660.3067770288261,701.365,348.583345118097,308.21099999999996
E68,heating_validation,2150.0,12.495999999999999,1.754,1.2020076144193066,1.9622433324738586,1052.437254862094,1025.0639999999999,901.7696233339566,1047.626,766.7534057466567,857.216,903.4194106568038,1019.982,767.7525917526075,796.952,660.6842584953648,704.461,349.41260581886934,308.883
E68,heating_validation,2200.0,12.520000000000003,1.762,1.2069457914764357,1.9710352581015773,1052.3208503286062,1024.94,902.2421292744621,1048.7060000000001,767.5373347974419,859.387,903.8879530017823,1021.062,768.533502563072,799.4929999999999,661.1360405045775,707.429,350.20571288169936,309.532
E68,heating_validation,2250.0,12.494000000000003,1.769,1.2030515802442059,1.9642204579580862,1052.5427057351062,1025.132,902.6905423513224,1049.38,768.2657398772762,861.6229999999999,904.3336195318848,1021.803,769.2590182655715,802.0849999999999,661.2657093607943,710.468,350.964658399813,310.21999999999997
E68,heating_validation,2300.0,12.497,1.776,1.2045335649882092,1.9667718319096263,1052.8599088894719,1024.155,903.1952853348621,1050.548,768.9701390103353,863.691,904.836419131108,1022.927,769.9608873393531,804.384,661.6100107590087,713.307,351.69133235619915,310.849
E68,heating_validation,2350.0,12.506,1.765,1.2067891941272508,1.9707898475210335,1052.9119305291065,1021.971,903.6291168643115,1050.1999999999998,769.625872813047,865.794,905.267613550408,1022.891,770.6140840898852,806.789,661.9344022718942,716.086,352.3874739879018,311.479
E68,heating_validation,2400.0,12.492,1.8,1.2050964894045153,1.9677647621531824,1053.1418468557695,1022.4019999999999,904.0496889960016,1049.499,770.245279919317,867.304,905.6862443275106,1022.353,771.2311213123371,808.817,662.122774800954,718.674,353.0548101151734,312.138
E68,heating_validation,2450.0,12.492,1.789,1.205934542629838,1.96917604291938,1053.409256796864,1021.048,904.4917396703127,1049.186,770.8431791743185,868.846,906.1267765525515,1022.193,771.8268936482343,810.778,662.4036676954854,721.239,353.6950958785002,312.81199999999995
E68,heating_validation,2500.0,12.510000000000003,1.808,1.2097158476041652,1.975858704121796,1053.3424077217114,1019.6039999999999,904.841909757766,1048.1399999999999,771.3950247700966,870.055,906.4743595675131,1021.31,772.3765377226897,812.477,662.7433600778256,723.516,354.3099657332716,313.45399999999995
E68,heating_validation,2550.0,12.489,1.805,1.2066043188965692,1.9703530896144663,1053.5481550818927,1019.983,905.1786845378863,1047.688,771.9129896198391,871.0459999999999,906.8094908150415,1020.797,772.8924273375753,813.915,662.8347445588572,725.625,354.90101292871736,314.10299999999995
E68,heating_validation,2600.0,12.496,1.825,1.2086448725202716,1.9738491580482915,1053.7531468866932,1018.603,905.5461883331691,1047.466,772.416270691614,872.212,907.1756606196004,1020.6619999999999,773.3938787440884,815.457,663.1263259439661,727.703,355.46973342761936,314.782
E68,heating_validation,2650.0,12.505999999999998,1.829,1.2109626971824379,1.9779239911969584,1053.712208435983,1018.454,905.8357613052964,1046.9850000000001,772.8801894163948,873.273,907.4631230037713,1020.2339999999999,773.8558966428827,816.918,663.3851613344971,729.56,356.01750341651825,315.409
E68,heating_validation,2700.0,12.500000000000002,1.85,1.210432693973897,1.9769576430311988,1053.7765508316068,1019.115,906.0960411250958,1047.399,773.3127318383334,874.242,907.7216416181245,1020.449,774.2866074050135,818.2289999999999,663.5336749266637,731.212,356.5456500616994,316.04699999999997
E68,heating_validation,2750.0,12.506,1.852,1.2120766483196554,1.9797981591857083,1053.828728070455,1017.5849999999999,906.3499273347181,1047.7730000000001,773.7224619112623,875.4259999999999,907.9738914100665,1020.8489999999999,774.6946226239259,819.669,663.7579504820417,733.0070000000001,357.05537212733316,316.67699999999996
E68,heating_validation,2800.0,12.501,1.865,1.2117226926793134,1.9791210220460154,1053.9265470319888,1019.063,906.5928028053636,1047.777,774.1088174243537,876.625,908.215406250617,1020.896,775.0793485050253,821.1619999999999,663.9015270141538,734.852,357.5477589093316,317.32399999999996
E68,heating_validation,2850.0,12.495000000000001,1.871,1.2113523070708698,1.9783402964878056,1054.143087997441,1019.736,906.8677912276539,1048.066,774.486273122742,877.723,908.4896436972929,1021.178,775.455381561185,822.481,664.0618336189145,736.457,358.0237729263847,317.924
E68,heating_validation,2900.0,12.495999999999999,1.876,1.2121782141168396,1.9796909375233125,1054.312992900791,1018.736,907.1475790410757,1048.107,774.8527701271069,878.77,908.7686845813715,1021.289,775.8205743403526,823.769,664.2578421839928,738.115,358.48429969239106,318.52799999999996
E68,heating_validation,2950.0,12.504999999999999,1.873,1.2142391044923229,1.9832910720644623,1054.3079196213366,1015.645,907.3754879281639,1047.7350000000001,775.194537244326,879.8059999999999,908.9952381247906,1021.048,776.1609967410886,825.069,664.4681249769847,739.767,358.930145920688,319.15
E68,heating_validation,3000.0,12.502000000000002,1.887,1.2141035299331469,1.9830246931902034,1054.3289482380205,1016.404,907.566043632891,1047.163,775.5110228701034,880.5219999999999,909.1844685732957,1020.513,776.4761379730088,826.117,664.5857701002701,741.222,359.3621197522381,319.72299999999996
E68,heating_validation,3050.0,12.51,1.894,1.2159482642138868,1.9862319101512518,1054.3088615758315,1017.018,907.735253201852,1047.087,775.8069568383429,881.126,909.3522730271311,1020.41,776.7707684759864,827.0369999999999,664.7692060240507,742.539,359.7810668632117,320.304
E68,heating_validation,3100.0,12.501999999999997,1.885,1.2149770552137333,1.9844441435981364,1054.3984646314657,1016.8919999999999,907.9051212550032,1047.717,776.0870510117713,881.924,909.5211999154931,1020.896,777.0496454279952,828.014,664.8532387346208,743.845,360.18776396239355,320.856
E68,heating_validation,3150.0,12.503000000000004,1.894,1.2156686381368722,1.9855674223627047,1054.522876757864,1016.826,908.0981578725603,1047.85,776.3612569188793,882.8969999999999,909.7135768661495,1021.125,777.3227780758989,829.1519999999999,665.003513311271,745.2639999999999,360.5828960258592,321.44399999999996
E68,heating_validation,3200.0,12.511,1.909,1.2175770164456217,1.9888379956005071,1054.5060010151358,1018.3059999999999,908.2580623468639,1047.476,776.6183101950937,883.653,909.8723931119874,1020.802,777.5787485654874,830.158,665.1856172955122,746.499,360.96702889936654,321.99899999999997
E68,heating_validation,3250.0,12.507000000000001,1.911,1.2171907175680814,1.9881232758914629,1054.541240934914,1016.966,908.4008495358049,1047.6770000000001,776.8593811801691,884.297,910.0142434189721,1020.987,777.8187611867302,831.0169999999999,665.2672640175695,747.679,361.34076286210677,322.51399999999995
E68,heating_validation,3300.0,12.508,1.896,1.2178061168122043,1.9891226638278832,1054.612522816087,1015.3779999999999,908.5523080441508,1047.286,777.091900788711,885.004,910.164975127718,1020.6949999999999,778.050316446383,831.989,665.3941749488191,748.893,361.7045546305974,323.08799999999997
E68,heating_validation,3350.0,12.505999999999998,1.913,1.2179179783860428,1.9892146061342542,1054.7038371929889,1015.978,908.707816061566,1047.426,777.3168061762176,885.538,910.3199222354913,1020.736,778.2743337930426,832.7339999999999,665.5049034156466,749.9649999999999,362.0588875479055,323.616
E68,heating_validation,3400.0,12.500999999999996,1.911,1.2175643085481815,1.9884546290467162,1054.8633860402701,1015.73,908.8842356366217,1047.7289999999998,777.5403291212342,886.2579999999999,910.496115393312,1020.9929999999999,778.4970912325559,833.568,665.6078432961812,751.078,362.4042557627372,324.14099999999996
E68,heating_validation,3450.0,12.509,1.932,1.2194212195281522,1.9916445771947093,1054.8991753049359,1015.622,909.0436271586348,1047.6999999999998,777.7552298314645,886.895,910.6548946195132,1020.9739999999999,778.7112329279427,834.365,665.7747674310134,752.1279999999999,362.74111886357673,324.63899999999995
E68,heating_validation,3500.0,12.509,1.935,1.219799525901573,1.992232691895672,1054.9010899111108,1016.595,909.1688234485923,1047.8229999999999,777.9545202811206,887.489,910.7793003012765,1021.0509999999999,778.9097291177405,835.168,665.8770814541978,753.1479999999999,363.0699043726254,325.16499999999996
E68,heating_validation,3550.0,12.507000000000001,1.946,1.2198204830792405,1.992189261297499,1054.9730132970913,1017.6039999999999,909.2977503000136,1048.5819999999999,778.1466201933499,888.139,910.9076954799896,1021.65,779.1010992142071,835.947,665.9663997917892,754.0840000000001,363.39107191564847,325.654
E68,heating_validation,3600.0,12.502000000000002,1.96,1.219392861801532,1.9913154314620267,1055.117186283338,1016.004,909.4483969434591,1048.614,778.3372240091059,888.914,911.0581685443684,1021.851,779.2910753249317,836.8059999999999,666.0503126400489,755.073,363.7049999435542,326.12699999999995
E68,heating_validation,3650.0,12.504999999999999,1.947,1.2204327889583424,1.9930138033534803,1055.216475401129,1015.6329999999999,909.603096839446,1048.299,778.5254034238753,889.4549999999999,911.2126240178991,1021.581,779.4786842884321,837.555,666.1893913399349,755.9590000000001,364.0120392787419,326.615
E68,heating_validation,3700.0,12.497,1.964,1.2194877731867035,1.9912176118553075,1055.3813240467473,1015.7959999999999,909.7668497770371,1048.364,778.7120871221435,889.927,911.3763864762927,1021.645,779.6648648823591,838.1999999999999,666.2570367931805,756.807,364.31255258113765,327.10799999999995
E68,heating_validation,3750.0,12.503,1.943,1.2209741353373582,1.9937475713194743,1055.461676624378,1016.387,909.9249883858266,1048.81,778.895091585553,890.42,911.5342683045292,1021.965,779.8473841228151,838.831,666.4028615512766,757.64,364.6068247374975,327.54499999999996
E68,heating_validation,3800.0,12.513,1.964,1.2229431302352287,1.997219638034573,1055.353575692122,1015.217,910.0164957439722,1048.286,779.0562316977354,891.0319999999999,911.6247468750969,1021.68,780.0078822075673,839.552,666.5313027667141,758.5129999999999,364.8950849567551,327.991
E68,heating_validation,3850.0,12.509,1.955,1.2224371769916544,1.9962934789466464,1055.3270224741211,1013.906,910.0822176858098,1047.297,779.2008645288543,891.295,911.689625301108,1020.8589999999999,780.1518479540621,840.058,666.5689544280658,759.313,365.17759796011836,328.453
E68,heating_validation,3900.0,12.495999999999999,1.966,1.2205984551155646,1.9928979718837923,1055.5567216144154,1015.438,910.2124784774139,1047.375,779.3536703292212,891.334,911.8201058710335,1020.659,780.3042049422328,840.369,666.5953017622975,760.172,365.4546735522506,328.89099999999996
E68,heating_validation,3950.0,12.508000000000003,1.968,1.2230960449526256,1.9972277267106324,1055.6028825494304,1013.4449999999999,910.3443945517517,1047.6779999999999,779.5057888599811,891.7479999999999,911.9517499342893,1020.985,780.4558898622271,840.861,666.7622483373138,760.7929999999999,365.72651443312384,329.306
E68,heating_validation,4000.0,12.504,1.959,1.2226149731044913,1.996337676644909,1055.6185943517908,1013.126,910.4397597681266,1047.328,779.6442860580321,892.161,912.0466422013827,1020.682,780.5938775871307,841.414,666.8050923588034,761.515,365.99316901278576,329.712
E68,heating_validation,4050.0,12.501,1.963,1.222378368875379,1.9958529632134785,1055.7264081040094,1014.764,910.5523739855975,1047.824,779.78241413068,892.435,912.1591118099677,1020.986,780.7315793635821,841.846,666.8654241904769,762.137,366.25474904252434,330.123
E68,heating_validation,4100.0,12.498,1.967,1.2222871451866997,1.9955570156123992,1055.8606054457578,1014.823,910.6813720895072,1048.376,779.9222028749396,892.978,912.2881533033312,1021.5699999999999,780.8710176394061,842.428,666.9463308717075,762.784,366.5114129753168,330.517
E68,heating_validation,4150.0,12.496,1.983,1.2223470345369214,1.9955444676627758,1055.9920687580238,1016.023,910.819384714777,1048.568,780.0638269414247,893.438,912.4262466130664,1021.6469999999999,781.0123432371813,842.9879999999999,667.0313053269315,763.337,366.76341766388975,330.919
E68,heating_validation,4200.0,12.504,1.973,1.2240403625325977,1.998483045984267,1055.9862450456528,1015.677,910.9266250173819,1049.309,780.1968366999563,894.0269999999999,912.5330490898971,1022.4209999999999,781.1449859547232,843.597,667.1539346328761,763.98,367.01093732813985,331.311
E68,heating_validation,4250.0,12.51,1.98,1.225278948939006,2.0006449775354262,1055.8802948189746,1014.665,910.978156068099,1048.719,780.3111265382456,894.535,912.5836592397825,1022.059,781.2587819418568,844.184,667.2408568165715,764.644,367.25413269486353,331.68899999999996
E68,heating_validation,4300.0,12.495000000000001,1.951,1.2229211322032243,1.9963829150706551,1056.0307885202415,1013.51,911.0630736841658,1048.134,780.4261569634377,894.726,912.6685770683788,1021.559,781.3734438900347,844.552,667.2207860046656,765.3019999999999,367.4932352990661,332.06399999999996
E68,heating_validation,4350.0,12.504,1.972,1.2248560074348567,1.9997137506966647,1056.0989540526732,1012.933,911.169473841192,1047.5149999999999,780.5448130333517,894.793,912.774847217672,1020.951,781.4917961774333,844.786,667.3556937228209,765.7629999999999,367.72839110595226,332.412
E68,heating_validation,4400.0,12.501999999999997,1.976,1.2247697772648083,1.9994868209717167,1056.1124093597741,1013.62,911.2479697820239,1047.13,780.6538619222708,894.828,912.852988310826,1020.521,781.6004803121332,845.014,667.4080994240419,766.23,367.9596281796056,332.79699999999997
E68,heating_validation,4450.0,12.524,1.974,1.2287258047178202,2.0065051914660192,1055.8640152248263,1013.62,911.2547404541448,1047.687,780.7418303766835,895.007,912.858353075692,1020.8919999999999,781.687906861295,845.257,667.5669446330921,766.65,368.18705310848827,333.14099999999996
E68,heating_validation,4500.0,12.484,1.995,1.221837090885869,1.9942532443555634,1056.1736731305216,1015.025,911.3306282671133,1048.116,780.8353968602928,895.356,912.9348101461467,1021.293,781.7811462617849,845.66,667.3769620282767,767.094,368.41071491887493,333.465
E68,heating_validation,4550.0,12.503,1.986,1.22580374537125,2.0010654949435365,1056.346801042924,1014.7669999999999,911.4830682085658,1048.487,780.952517939945,895.843,913.0877011831915,1021.678,781.8981657085105,846.156,667.6118024682955,767.641,368.63063428104317,333.835
E68,heating_validation,4600.0,12.503,1.977,1.226000628132947,2.001370963743745,1056.3001271633455,1013.584,911.5609433697668,1048.301,781.0528527825226,896.165,913.1651434708108,1021.5319999999999,781.9981923370724,846.571,667.6647191919147,768.0999999999999,368.84687414527525,334.176
E68,heating_validation,4650.0,12.511,1.985,1.2276069379247216,2.0041675783006005,1056.2151611251575,1015.307,911.603770543539,1048.875,781.142585105466,896.439,913.2072295482467,1021.9499999999999,782.0875587195778,846.866,667.7596545130491,768.554,369.0595564591549,334.495
E68,heating_validation,4700.0,12.507000000000001,2.008,1.2269849277030698,2.003059504997439,1056.1983407423581,1014.095,911.6345446909785,1048.844,781.2229100018257,896.8199999999999,913.2374630889791,1022.0559999999999,782.1674931478515,847.3,667.7658741192029,768.961,369.2688379359922,334.798
E68,heating_validation,4750.0,12.506999999999998,1.974,1.227221017627028,2.0034037353091736,1056.242118255932,1013.514,911.6852217960627,1048.556,781.3032974993419,897.069,913.2878922669086,1021.812,782.2475577737515,847.6619999999999,667.8182998822489,769.405,369.47479300916206,335.11899999999997
E68,heating_validation,4800.0,12.504999999999999,1.975,1.2271094911648617,2.003131402008785,1056.3064717551924,1013.4639999999999,911.7486117266383,1048.435,781.3844533616348,897.268,913.3511858945631,1021.696,782.3284340095531,847.91,667.8609050363248,769.872,369.6774972647339,335.419
E68,heating_validation,4850.0,12.493000000000002,1.993,1.2253677335084645,1.9999158954427099,1056.5302028706053,1012.265,911.8614592758557,1048.068,781.4777254834207,897.39,913.464599070255,1021.374,782.4215807767926,848.1179999999999,667.8692431544252,770.219,369.87698563474,335.721
E68,heating_validation,4900.0,12.502999999999998,1.999,1.2275105533459727,2.0035931341472035,1056.5942113492956,1013.434,911.9738346290258,1047.9180000000001,781.5753410276957,897.3919999999999,913.5770459380351,1021.161,782.519076224534,848.2909999999999,668.0097609496089,770.525,370.0733042938226,336.03499999999997
E68,heating_validation,4950.0,12.502000000000002,2.003,1.227551367804748,2.003605498000775,1056.5902255505625,1013.168,912.0450750869499,1047.992,781.6631893927702,897.5939999999999,913.6479981657108,1021.2479999999999,782.6067037142067,848.5079999999999,668.056364170585,770.8779999999999,370.26653706407126,336.32
E68,heating_validation,5000.0,12.49,2.005,1.225672762446231,2.0002149705727383,1056.7839686784841,1012.943,912.1525191325538,1047.974,781.7579864040127,897.706,913.7558429280692,1021.167,782.7013930318224,848.713,668.0467778812954,771.114,370.4568172761225,336.58399999999995
E68,heating_validation,5050.0,12.504000000000001,1.994,1.2284556635525181,2.0050539339281865,1056.7765080560807,1012.2379999999999,912.2434069084563,1048.0839999999998,781.8503242510986,897.948,913.8464858039276,1021.329,782.7935765221641,848.967,668.1989649098832,771.4849999999999,370.64420351131827,336.85499999999996
E68,heating_validation,5100.0,12.49,2.002,1.2262283146023352,2.001031089731118,1056.8897960411975,1012.384,912.3262075251704,1047.478,781.9383607927771,898.127,913.9293930245109,1020.843,782.8814550004217,849.207,668.1729582954491,771.788,370.8288602559219,337.15999999999997
E68,heating_validation,5150.0,12.501999999999997,1.986,1.2285830096974455,2.00514540782462,1056.896966296945,1012.415,912.4088528942907,1047.7089999999998,782.0267749228751,898.112,914.0117996851349,1021.031,782.9697134836711,849.3059999999999,668.3021054127471,772.063,371.0109570067364,337.41099999999994
E68,heating_validation,5200.0,12.503,2.0,1.2288732256873272,2.0056368167281646,1056.8179341618063,1013.091,912.4403824823671,1047.6680000000001,782.0988407862193,898.308,914.042689565006,1020.932,783.0414859524005,849.512,668.3396950647453,772.352,371.19051977257834,337.686
E68,heating_validation,5250.0,12.519000000000002,2.006,1.2316511410658952,2.0106056982897846,1056.584699293834,1012.251,912.4137930457862,1047.5720000000001,782.1508412877031,898.468,914.0147894629283,1020.928,783.0930411230922,849.7049999999999,668.4359249493518,772.576,371.36763865300793,337.93499999999995
E68,heating_validation,5300.0,12.510000000000003,2.009,1.2300094260261147,2.0077217195369608,1056.5144286454406,1011.759,912.3760004651629,1047.666,782.1890208047728,898.567,913.9762057315584,1020.947,783.1307567187175,849.8679999999999,668.3787239840963,772.894,371.54230353035643,338.21299999999997
E68,heating_validation,5350.0,12.506,1.984,1.2295298209503964,2.006783414158731,1056.6187891470563,1013.081,912.402983389062,1047.592,782.2379909211702,898.721,914.003210775172,1020.827,783.1794580478065,850.0559999999999,668.3977917006825,773.123,371.7144914652665,338.46999999999997
E68,heating_validation,5362.0,12.495000000000001,2.004,1.2276482209634998,2.003424214347862,1056.6973144601805,1012.649,912.4245138219322,1047.717,782.2532042082548,898.751,914.025008271443,1020.928,783.1946467127834,850.0989999999999,668.3454285491655,773.207,371.7554403639224,338.52
E70,heating_validation,0.0,9.093,-0.227,-0.20122804213108697,-0.20207143442224776,293.4835,294.94599999999997,293.4835,293.65799999999996,293.4835,293.539,293.4835,293.64,293.4835,293.731,293.48349999999994,293.736,293.4835,293.491
E70,heating_validation,50.0,9.099000000000002,-0.118,0.053064647722254055,0.15008343959477516,690.5473546128769,444.51099999999997,409.0042599480606,370.727,338.23678173176245,313.39099999999996,409.7387854682499,333.43399999999997,338.495200383064,303.28299999999996,381.38741833375923,298.885,293.485508993948,293.486
E70,heating_validation,100.0,9.101,-0.004,0.21558519664726716,0.3777471622662738,868.6750707766868,620.742,513.3353391141345,486.856,385.8617011649244,367.85999999999996,514.5244676399724,428.88199999999995,386.28234166191044,343.33099999999996,440.0146610074196,321.75,293.49648441511084,293.49699999999996
E70,heating_validation,150.0,9.102,0.091,0.3298595705783529,0.5397463096106131,968.2882169678007,757.4549999999999,599.2586283294514,586.8879999999999,431.9363382221592,417.83399999999995,600.8103901229749,522.46,432.5017807888087,383.921,483.0818355077996,345.743,293.52503965440917,293.51599999999996
E70,heating_validation,200.0,9.102,0.17,0.41307310509140016,0.6592538718472856,1028.9307119451828,862.914,668.9863353186223,673.891,474.5077862256811,462.033,670.8182224915404,609.271,475.2009116824299,420.748,515.9586561960157,365.816,293.5961410048153,293.525
E70,heating_validation,250.0,9.108,0.237,0.47633609849184555,0.7512953011757166,1068.3458772179038,932.858,725.2127149397083,739.613,513.0421261987376,496.128,727.2535365297342,676.858,513.8468550057665,450.424,541.7779374073937,382.03299999999996,293.75282872788694,293.536
E70,heating_validation,300.0,9.106,0.296,0.5241307538254133,0.8216706313047615,1095.4830196070247,982.757,770.4894961643994,792.6809999999999,547.5617551776323,525.079,772.6806167846696,732.62,548.4630648486105,476.32599999999996,562.4485132504278,396.99399999999997,294.0482314716512,293.57599999999996
E70,heating_validation,350.0,9.107000000000001,0.347,0.562248970492876,0.8783808435254035,1115.0470702113644,1020.457,807.1196773291375,834.975,578.313884399077,549.6289999999999,809.4154797917436,778.4359999999999,579.2979807070765,498.534,579.3619845338569,410.842,294.5355205337986,293.621
E70,heating_validation,400.0,9.109,0.394,0.593064111552536,0.9246687023764903,1129.6465216959882,1049.318,836.9961664611394,871.733,605.6346030744687,572.405,839.3625498913889,818.185,606.6889568684463,519.182,593.3924076956582,424.94499999999994,295.2597720262314,293.67499999999995
E70,heating_validation,450.0,9.108,0.42,0.6178262091227801,0.9621809344300769,1140.9089864345856,1069.81,861.618783009975,899.677,629.8811735689874,591.1469999999999,864.031146984322,848.879,630.9945593274613,536.1679999999999,605.1579715029077,437.67099999999994,296.2528461727993,293.71
E70,heating_validation,500.0,9.090999999999998,0.464,0.6358230383746087,0.989623412394853,1150.0418945837068,1087.024,882.1891284365163,922.985,651.407051788716,607.838,884.6307200886235,874.463,652.5695850308682,551.5999999999999,615.0648784001062,449.193,297.5313812087435,293.78999999999996
E70,heating_validation,550.0,9.103,0.496,0.6554351521093708,1.0196276797465265,1157.2917112496477,1100.558,899.5448466490831,943.013,670.5582159172,622.944,902.0031555212818,896.424,671.7615578591706,565.626,623.7859925219127,460.303,299.097014201817,293.86899999999997
E70,heating_validation,600.0,9.102,0.531,0.6701430777784066,1.0422997085397574,1163.1610808079213,1111.3519999999999,914.2856037661504,961.141,687.6259290655071,637.674,916.7515517973344,916.4879999999999,688.8627339848202,579.673,631.2225853145051,471.68399999999997,300.9379427892429,293.96799999999996
E70,heating_validation,650.0,9.108,0.559,0.6840089655672587,1.0637366811492055,1168.0183813282697,1120.307,926.9347502783661,975.86,702.8703276425811,650.46,929.4020383518274,932.694,704.1343692123796,592.072,637.7683077111438,481.972,303.0315708442868,294.08299999999997
E70,heating_validation,700.0,9.099000000000002,0.577,0.6935769382546585,1.078621946156432,1172.2443364334888,1127.903,937.9118535365783,988.73,716.522721816038,662.315,940.3766613829418,947.106,717.8086910897946,603.703,643.4008333600423,492.25199999999995,305.34741628339896,294.222
E70,heating_validation,750.0,9.097,0.632,0.7031090230377403,1.0934278779157447,1175.9381437942068,1134.176,947.5493795662917,1000.866,728.7927829870644,674.169,950.0092130974169,960.87,730.0963258465073,615.492,648.4594052954844,502.224,307.8500958668508,294.39099999999996
E70,heating_validation,800.0,9.103,0.641,0.7128790258586469,1.108623173543063,1179.0188463269708,1139.52,956.028606689116,1010.887,739.8528918311373,684.525,958.4810966688864,972.1759999999999,741.1703179640738,625.797,653.0192891763074,511.424,310.50204406942396,294.57599999999996
E70,heating_validation,850.0,9.104,0.675,0.720745843213089,1.1209065929816693,1181.667594485832,1143.311,963.5206564753039,1019.877,749.847121837954,694.2049999999999,965.9642398889046,982.771,751.1752713179458,635.49,657.0447622492254,519.808,313.26566203495014,294.79999999999995
E70,heating_validation,900.0,9.097000000000001,0.708,0.7263964868443572,1.1297540285233674,1184.1197570054123,1147.384,970.2241405057811,1028.205,758.9088602973179,703.9069999999999,972.6584850590808,992.813,760.2451443998987,645.182,660.599567795959,528.27,316.1050799921161,295.07
E70,heating_validation,950.0,9.108,0.716,0.7346129490146901,1.142566812265254,1186.164276391146,1151.516,976.2251601273088,1035.321,767.1474387935148,712.468,978.6493417885473,1001.196,768.4896911846959,653.669,663.9629370134359,536.6389999999999,318.98723696140576,295.37399999999997
E70,heating_validation,1000.0,9.107000000000001,0.735,0.7399604353794128,1.150963616844542,1187.9545929050737,1154.282,981.5981063117788,1041.846,774.651000236755,720.597,984.0117066287734,1008.731,775.997322034424,661.718,666.8864045219549,545.289,321.8826710550011,295.705
E70,heating_validation,1050.0,9.108,0.759,0.7450952257182836,1.1590473982547864,1189.598008244644,1156.71,986.4618209399115,1048.136,781.5062412535983,729.039,988.8649853698599,1015.909,782.8551101784851,670.063,669.5492085670086,553.9939999999999,324.76576592671427,296.094
E70,heating_validation,1100.0,9.105,0.777,0.7490239146583254,1.1652609553493927,1191.1222615840456,1158.6039999999998,990.8897680243819,1053.444,787.7856154147988,736.508,993.2828630201935,1021.88,789.1357738579222,677.5709999999999,671.9357302619094,561.717,327.6147067244321,296.484
E70,heating_validation,1150.0,9.103,0.806,0.7527202341113147,1.171115805597513,1192.533588695367,1158.74,994.9450441705003,1058.426,793.5543446646523,743.595,997.3284988560292,1027.438,794.9047819747933,684.806,674.1219794354012,569.246,330.4114748062786,296.90299999999996
E70,heating_validation,1200.0,9.109,0.813,0.75745899131514,1.1786158081321383,1193.7162275823791,1158.404,998.6361152111192,1063.013,798.8602826865374,750.928,1001.0097947607878,1032.5520000000001,800.2100957094134,692.316,676.1803143431131,577.348,333.1415267588625,297.378
E70,heating_validation,1250.0,9.092,0.83,0.7576542087975146,1.179030233440444,1194.9970244371743,1162.326,1002.0554756495122,1066.6970000000001,803.7583961030048,757.3879999999999,1004.4206205047764,1036.6709999999998,805.1069502473981,699.074,677.8638274006198,584.508,335.79383277410625,297.86199999999997
E70,heating_validation,1300.0,9.106,0.847,0.7634542004998185,1.1881269922342481,1196.0179479106373,1163.876,1005.2057190209631,1070.483,808.2894615553314,763.5519999999999,1007.562130260115,1040.733,809.6362135456908,705.549,679.7217503773052,591.287,338.3600738121992,298.38399999999996
E70,heating_validation,1350.0,9.108,0.865,0.7667075959063295,1.1932680445747677,1196.8261551871303,1165.039,1008.0445686271328,1074.3400000000001,812.4725651103834,769.8499999999999,1010.3919653902067,1044.851,813.8169173919864,712.171,681.308655821945,597.556,340.83470225125745,299.001
E70,heating_validation,1400.0,9.105,0.871,0.7688713040890159,1.1966836590323995,1197.6741851548522,1165.778,1010.670063461734,1077.6190000000001,816.3519570510856,775.3889999999999,1013.0092960812185,1048.335,817.6935852121903,718.0419999999999,682.7414167284858,603.162,343.21444999907703,299.589
E70,heating_validation,1450.0,9.097000000000001,0.888,0.7700096403429743,1.1984613496135064,1198.595511301157,1165.144,1013.1454293756944,1080.658,819.9653607052612,780.8309999999999,1015.4776809914874,1051.645,821.3041058718155,723.9259999999999,684.0451005128937,609.1959999999999,345.4977460929183,300.23499999999996
E70,heating_validation,1500.0,9.106,0.917,0.7741693188576882,1.2049482588180065,1199.3210526475173,1166.025,1015.4389061040227,1083.473,823.3301398339831,786.319,1017.7640960434437,1054.641,824.6657781408308,729.779,685.4205079085966,615.2919999999999,347.68432303946963,300.936
E70,heating_validation,1550.0,9.102,0.918,0.7757053786911979,1.2073376887344833,1199.9948171957838,1167.391,1017.548769944487,1086.342,826.4628084961075,791.288,1019.8672639529008,1057.6399999999999,827.7951539967285,735.159,686.5727179414741,620.901,349.7750419060088,301.63899999999995
E70,heating_validation,1600.0,9.104,0.931,0.7782521606206917,1.2112952343965055,1200.641184823098,1165.282,1019.5199335794601,1089.024,829.3892696234763,796.429,1021.8322300263346,1060.5059999999999,830.7182528858796,740.7139999999999,687.7112298139934,626.642,351.77173471797545,302.405
E70,heating_validation,1650.0,9.096,0.952,0.7787508004160334,1.2120601149710861,1201.3302372707967,1165.874,1021.3780780132823,1090.902,832.1289628654616,801.013,1023.6850131153635,1062.585,833.4545782983273,745.7090000000001,688.675154781587,631.87,353.676876679818,303.13199999999995
E70,heating_validation,1700.0,9.097,0.945,0.7808219761466092,1.2152853202591265,1201.9645325883635,1166.473,1023.1321662697712,1092.615,834.698275151336,805.2669999999999,1025.4341142342082,1064.472,836.0205309548105,750.45,689.6640883455182,636.915,355.4933271059163,303.85999999999996
E70,heating_validation,1750.0,9.105,0.963,0.783955772286245,1.220218303727776,1202.3926659776769,1167.978,1024.7264992636476,1094.851,837.0947912315839,809.63,1027.022973404786,1066.7849999999999,838.4135405204291,755.232,690.626932536452,642.0999999999999,357.2242697831781,304.645
E70,heating_validation,1800.0,9.103,0.975,0.785057929385626,1.2219772296407967,1202.802222869639,1166.618,1026.1847025063537,1096.9299999999998,839.3309722318513,813.746,1028.4759786908094,1068.903,840.6461660969396,759.622,691.4215596733881,646.909,358.873167280876,305.381
E70,heating_validation,1850.0,9.101,0.992,0.7861018595402213,1.2236312437725214,1203.2558584961605,1167.1039999999998,1027.5605933791276,1098.44,841.4280238783954,817.669,1029.8473468032173,1070.5529999999999,842.7397423795985,763.9069999999999,692.1727220938913,651.526,360.4437228083625,306.147
E70,heating_validation,1900.0,9.105,0.999,0.7882422604861535,1.2269827595421312,1203.6279077619438,1167.007,1028.8401700296256,1099.816,843.3920929553743,821.665,1031.1224980454772,1072.058,844.7003584291394,768.28,692.9426333226123,656.29,361.93968662110035,306.966
E70,heating_validation,1950.0,9.101999999999999,1.009,0.7888727965941952,1.2280016640109972,1204.0010816455315,1166.469,1030.0333187050057,1100.991,845.2328808235727,825.1949999999999,1032.3116187406329,1073.341,846.5377508535223,772.1289999999999,693.5781493077191,660.698,363.3647644713259,307.72799999999995
E70,heating_validation,2000.0,9.098,1.012,0.7892883741241222,1.2286669869441846,1204.4247795222172,1165.027,1031.1759131348138,1101.849,846.9666704143344,828.821,1033.4508456021902,1074.375,848.268293891205,776.127,694.1749681388569,665.431,364.7225095248532,308.56899999999996
E70,heating_validation,2050.0,9.109,1.025,0.7924760413608879,1.2336763225084382,1204.6583330393823,1163.059,1032.2168840751635,1102.5810000000001,848.5887819316857,832.004,1034.4879113321767,1075.1799999999998,849.8871303938079,779.711,694.8777542349958,669.479,366.01641962753837,309.35499999999996
E70,heating_validation,2100.0,9.105,1.034,0.7926520752411627,1.2339900065784015,1204.897927137386,1163.538,1033.1637887467184,1103.152,850.1046242013965,835.033,1035.4311677551805,1075.813,851.3997360460955,783.086,695.3716035624807,673.297,367.2499908339539,310.15299999999996
E70,heating_validation,2150.0,9.108,1.044,0.7941264012715327,1.236331303776196,1205.1438087608556,1163.31,1034.0573409138117,1103.905,851.5290906492206,838.04,1036.3214059106817,1076.65,852.8210796076526,786.505,695.9088393799186,677.18,368.42658486161844,310.984
E70,heating_validation,2200.0,9.104000000000001,1.057,0.7942778639831766,1.236571564057954,1205.4190413882268,1162.07,1034.90304667101,1104.618,852.8688704119678,840.744,1037.164270237838,1077.384,854.1578677418945,789.572,696.3570315000023,680.655,369.549389827671,311.775
E70,heating_validation,2250.0,9.125,1.068,0.7991046973213553,1.244156791470317,1205.4114025785475,1162.241,1035.634100088193,1105.5259999999998,854.1130933367524,843.388,1037.8913484248387,1078.2869999999998,855.3989857043284,792.5559999999999,697.0128352128768,684.0029999999999,370.62153793867026,312.55699999999996
E70,heating_validation,2300.0,9.107000000000001,1.079,0.7964773301652129,1.2400218307907558,1205.6409666217153,1161.844,1036.3219993404518,1106.444,855.2807503267002,846.146,1038.5765851921537,1079.203,856.5637481660032,795.708,697.2529341297898,687.5809999999999,371.6460339670624,313.423
E70,heating_validation,2350.0,9.111,1.078,0.798179164074673,1.242633213658198,1205.9374974239051,1163.577,1037.0358615395892,1107.3629999999998,856.397268989735,848.6129999999999,1039.2885071151857,1080.1190000000001,857.6776603766757,798.555,697.7344802732023,690.9259999999999,372.62581978437504,314.214
E70,heating_validation,2400.0,9.111999999999998,1.097,0.799114691779241,1.2440930043907439,1206.1282935876673,1162.529,1037.6961695942025,1108.123,857.4469382265955,851.092,1039.9466656564532,1080.932,858.7247599913283,801.284,698.1319960208514,694.1579999999999,373.5634290457625,315.00899999999996
E70,heating_validation,2450.0,9.099000000000002,1.116,0.7974101657159766,1.241385210551866,1206.4901714785256,1161.458,1038.36472189924,1108.4209999999998,858.4502982823506,853.554,1040.6141051614009,1081.346,859.7258312255162,804.087,698.3861798274402,697.614,374.4612087852296,315.832
E70,heating_validation,2500.0,9.092999999999998,1.109,0.7971459284816952,1.2408995324672087,1206.923820932553,1162.3220000000001,1039.0656263351254,1108.821,859.4203137426655,855.651,1041.3145813481922,1081.7579999999998,860.6938487926743,806.519,698.7276128619798,700.679,375.32152740596575,316.601
E70,heating_validation,2550.0,9.107000000000001,1.121,0.8005436032967305,1.2462043635033972,1207.0569770833426,1160.27,1039.6819657230237,1109.138,860.3310110403633,857.848,1041.9291851843086,1082.145,861.6024388373812,808.999,699.2232127431299,703.66,376.1467434451696,317.39
E70,heating_validation,2600.0,9.099000000000002,1.133,0.7996425429545663,1.2447705012512216,1207.2287161876286,1158.969,1040.2294779762924,1109.396,861.1853124387289,859.8009999999999,1042.4751224225283,1082.437,862.4546855757508,811.231,699.46078056025,706.326,376.93914987875337,318.16299999999995
E70,heating_validation,2650.0,9.097999999999999,1.14,0.8001538472585438,1.2455229353283392,1207.470639616858,1160.449,1040.774776712094,1109.8319999999999,862.0019688223656,861.786,1043.0193228647565,1082.865,863.2694732466907,813.486,699.7770357497466,709.131,377.7011306296481,318.952
E70,heating_validation,2700.0,9.119000000000003,1.144,0.8046673214836905,1.2526196213030985,1207.3730032630128,1158.951,1041.2061776142236,1110.1,862.7519897732923,863.606,1043.4480450037113,1083.165,864.0173840192069,815.562,700.255563731186,711.598,378.4346999088193,319.66999999999996
E70,heating_validation,2750.0,9.118,1.148,0.8047144840965706,1.2527647054010655,1207.2751341341948,1159.917,1041.536451629005,1110.505,863.4347102261793,865.331,1043.7755311746232,1083.566,864.697902478584,817.646,700.4417880724288,714.031,379.1415585042894,320.38899999999995
E70,heating_validation,2800.0,9.103,1.147,0.8021665388564744,1.248799679515747,1207.5106556258136,1158.1190000000001,1041.9202426282936,1110.975,864.0911304422423,867.127,1044.1583413908086,1084.066,865.3524761168244,819.84,700.5031911286246,716.508,379.82307360834193,321.13
E70,heating_validation,2850.0,9.107999999999999,1.156,0.80357826690018,1.2510119283277026,1207.6976429863596,1158.304,1042.3275737191277,1111.339,864.7202532738175,868.795,1044.5648020602532,1084.433,865.9798905970583,821.858,700.789491140167,718.7570000000001,380.48028118671084,321.823
E70,heating_validation,2900.0,9.114,1.171,0.8050263030204968,1.2533224265739003,1207.708428811426,1158.074,1042.6697161587842,1111.734,865.3031861506101,870.3629999999999,1044.9053017953026,1084.842,866.5610282583536,823.786,701.0418572594765,720.905,381.11414620992514,322.496
E70,heating_validation,2950.0,9.109,1.165,0.8043830813746228,1.2523284231144671,1207.7979131258908,1157.05,1042.9889696272594,1112.04,865.8525487283932,871.9929999999999,1045.223305107144,1085.19,867.1087133390077,825.747,701.1768849666246,723.13,381.7257412765699,323.20799999999997
E70,heating_validation,3000.0,9.107000000000001,1.161,0.8043922995685887,1.2523301177462893,1207.9514420791966,1156.7269999999999,1043.3207007882038,1112.1999999999998,866.3799243837246,873.4689999999999,1045.5542428869796,1085.373,867.6345826926461,827.4789999999999,701.3543465811152,725.126,382.3162686727794,323.87
E70,heating_validation,3050.0,9.115,1.17,0.8063749179629912,1.2554055446810732,1207.9778349316878,1156.6799999999998,1043.6150574599249,1112.591,866.8749858599145,874.827,1045.847297401565,1085.734,868.1281249898507,829.097,701.6342258605755,727.029,382.8869538649527,324.53499999999997
E70,heating_validation,3100.0,9.104000000000001,1.174,0.8046797830161098,1.2527031528282426,1208.1410300909747,1157.667,1043.9113833512254,1112.989,867.3494240727566,876.323,1046.1430536244025,1086.114,868.6012240708787,830.809,701.7102390767762,729.093,383.43906036558394,325.253
E70,heating_validation,3150.0,9.11,1.192,0.8062133630410496,1.2550905991244314,1208.2555627636714,1157.512,1044.2121876338545,1113.434,867.8059774353359,877.616,1046.4431778919748,1086.562,869.0565173434761,832.346,701.951940668383,730.899,383.9736902014904,325.899
E70,heating_validation,3200.0,9.098,1.196,0.8041893474463723,1.2519160662589637,1208.4677561463136,1157.79,1044.5181351900358,1113.874,868.2450299907391,878.922,1046.7490140793604,1087.016,869.4944451441307,833.847,701.9874563585879,732.637,384.491666135267,326.517
E70,heating_validation,3250.0,9.103000000000002,1.201,0.8056473432489603,1.2541367658849456,1208.6279618704316,1157.179,1044.83047712288,1113.9479999999999,868.6712382843832,880.2909999999999,1047.061100490879,1087.156,869.9196223390022,835.381,702.2354663962712,734.443,384.99381112776564,327.18199999999996
E70,heating_validation,3300.0,9.097000000000001,1.202,0.8048898153114613,1.252904584174117,1208.7903888269457,1157.521,1045.1253058718014,1114.232,869.0793856190622,881.4119999999999,1047.3557306357386,1087.408,870.3267988487789,836.701,702.3462730456434,736.064,385.4811989774353,327.80499999999995
E70,heating_validation,3350.0,9.112,1.204,0.8081180521372119,1.257949334717548,1208.7470160546682,1157.568,1045.3607073569833,1114.617,869.4582685563366,882.52,1047.5898740826806,1087.7869999999998,870.7045762133598,838.005,702.6528014405021,737.637,385.95479940117207,328.402
E70,heating_validation,3400.0,9.119,1.203,0.80966094764633,1.260378956301944,1208.5720093532045,1155.884,1045.496678140887,1114.8890000000001,869.7931424413846,883.73,1047.7237947557387,1088.071,871.0381492503557,839.347,702.8320584229202,739.2429999999999,386.4155130641992,329.03799999999995
E70,heating_validation,3450.0,9.116,1.214,0.8092816326855085,1.259778458637555,1208.5367441269466,1156.4850000000001,1045.6215419308623,1114.992,870.1050440754223,884.793,1047.8472695325954,1088.19,871.3488483994727,840.535,702.9046627934774,740.73,386.8641599136808,329.61699999999996
E70,heating_validation,3500.0,9.101,1.217,0.8066939715921994,1.2556765687946352,1208.7796816034165,1156.405,1045.825600245185,1114.953,870.4198376724958,885.8109999999999,1048.051538969009,1088.1979999999999,871.662775188955,841.696,702.8810933775508,742.1859999999999,387.30123546239724,330.22499999999997
E70,heating_validation,3550.0,9.109,1.225,0.8085924038766173,1.25861236257037,1208.9088794116838,1154.9009999999998,1046.0533971635505,1115.1480000000001,870.7288706461457,886.737,1048.279220065554,1088.382,871.9709899039726,842.749,703.1064963001115,743.5129999999999,387.72694679264544,330.78
E70,heating_validation,3600.0,9.101,1.216,0.8072762311837781,1.2565350515344607,1209.039643228804,1155.599,1046.266627307406,1115.292,871.0241628866954,887.607,1048.492369867806,1088.5149999999999,872.26549954913,843.763,703.1374747784494,744.799,388.14147760638235,331.315
E70,heating_validation,3650.0,9.108,1.223,0.8088517859102343,1.2590025396995261,1209.0951722140637,1154.9279999999999,1046.4652922767218,1115.618,871.3070268762449,888.588,1048.690559399064,1088.827,872.5475776185825,844.847,703.3205366970028,746.13,388.54516700594405,331.865
E70,heating_validation,3700.0,9.107000000000001,1.224,0.8087620355702462,1.2588871163825044,1209.1061439035923,1155.561,1046.6235497873954,1115.7559999999999,871.5683828326182,889.501,1048.8480763176124,1088.991,872.8080901231599,845.8489999999999,703.390117559118,747.376,388.93847687758307,332.36899999999997
E70,heating_validation,3750.0,9.116,1.216,0.8105665402201107,1.2617563053654086,1209.0241862462155,1154.5459999999998,1046.7392779745894,1115.576,871.8064298586922,890.3589999999999,1048.9625428747229,1088.902,873.0452019977631,846.805,703.5491083852193,748.5229999999999,389.3219036834336,332.88599999999997
E70,heating_validation,3800.0,9.103,1.226,0.8081478523099778,1.2579732980629914,1209.1244019006779,1152.784,1046.8685693081698,1115.571,872.0349951231207,891.145,1049.0915028093832,1088.882,873.2729848596642,847.7189999999999,703.4834963575097,749.693,389.6958781046459,333.41999999999996
E70,heating_validation,3850.0,9.108,1.225,0.8093182336724661,1.2597969405980103,1209.2118696950401,1153.8339999999998,1047.0250664725854,1115.6109999999999,872.2611361968045,891.807,1049.2477395069736,1088.944,873.4984327839107,848.519,703.6286395732976,750.75,390.06076087328086,333.914
E70,heating_validation,3900.0,9.111,1.23,0.8100262197875613,1.260913222530675,1209.193338249369,1153.4479999999999,1047.1445498838846,1115.635,872.4686566963946,892.509,1049.3664723097797,1088.982,873.7051773410071,849.3149999999999,703.731293100436,751.77,390.416826756369,334.388
E70,heating_validation,3950.0,9.098,1.237,0.8077333930615133,1.2572813135314003,1209.3679224578555,1152.877,1047.2987375742796,1115.768,872.6782422909655,893.207,1049.5208878458218,1089.109,873.9142053963976,850.159,703.6875643503427,752.838,390.7644077288563,334.91299999999995
E70,heating_validation,4000.0,9.112,1.231,0.8107159193947514,1.2619215361891731,1209.366759069138,1152.274,1047.440466340151,1115.9270000000001,872.8795575061247,893.932,1049.662052974153,1089.246,874.1148982039978,850.9399999999999,703.9334574313324,753.837,391.10390890011263,335.388
E70,heating_validation,4050.0,9.119,1.234,0.812108931460939,1.2641336101084348,1209.1926932714514,1152.07,1047.492565487895,1115.903,873.0491437790444,894.567,1049.712605019921,1089.24,874.2836314410712,851.658,704.0478277398951,754.7729999999999,391.4357418463477,335.864
E70,heating_validation,4100.0,9.120000000000001,1.254,0.8123696063389702,1.2645487461935478,1209.08490470345,1153.181,1047.5187392194944,1116.0810000000001,873.2014457356099,895.179,1049.7374500081444,1089.403,874.4350923072066,852.4159999999999,704.0997637195671,755.721,391.7602624040295,336.364
E70,heating_validation,4150.0,9.116,1.255,0.8117385868276453,1.2635358698254033,1209.1033962033832,1152.607,1047.5702695670661,1116.341,873.349927317845,895.816,1049.7883676094405,1089.656,874.582868127619,853.098,704.1156561861155,756.5709999999999,392.07777080436614,336.83
E70,heating_validation,4200.0,9.117,1.271,0.8121699054616757,1.2641621595466765,1209.147329201587,1152.036,1047.6472161616357,1116.541,873.4975259067534,896.4879999999999,1049.8649731219887,1089.859,874.7298551450097,853.824,704.2034305239008,757.449,392.38844037083953,337.29699999999997
E70,heating_validation,4250.0,9.110000000000001,1.264,0.811114504349676,1.262431249944795,1209.2755565409443,1151.5520000000001,1047.7578080828512,1116.4270000000001,873.6499069685785,897.1039999999999,1049.9757630582358,1089.829,874.8817774540846,854.543,704.2225490606212,758.329,392.6924075067157,337.77799999999996
E70,heating_validation,4300.0,9.1,1.261,0.8094527326173918,1.259767283736795,1209.538081827375,1151.858,1047.9324696888793,1116.441,873.8183256432908,897.576,1050.1514164681307,1089.829,875.0499679438691,855.1129999999999,704.2148246695331,759.086,392.98982432889983,338.17999999999995
E70,heating_validation,4350.0,9.109,1.255,0.8116080914577556,1.2630522779444184,1209.6233132376458,1151.282,1048.097418635886,1116.623,873.9859323208423,898.163,1050.3165404997458,1089.946,875.2172893013624,855.735,704.4295172857251,759.9069999999999,393.28085764677473,338.63699999999994
E70,heating_validation,4400.0,9.103,1.261,0.8106967358201732,1.261569991602323,1209.7096791016918,1153.3629999999998,1048.2365663499559,1116.5839999999998,874.147431235642,898.6859999999999,1050.4557822101642,1089.964,875.3784947604734,856.357,704.4533377876135,760.7049999999999,393.5660554025016,339.086
E70,heating_validation,4450.0,9.114,1.26,0.8130956165491373,1.2652822713215164,1209.6782271227028,1152.061,1048.3433117057327,1116.8319999999999,874.2991502632101,899.226,1050.561950690726,1090.1979999999999,875.5298255003893,856.929,704.6539016659393,761.432,393.845957332906,339.508
E70,heating_validation,4500.0,9.104999999999999,1.267,0.811521123783577,1.2627787582280887,1209.7359709149896,1151.933,1048.4368484568533,1116.9189999999999,874.4427247578058,899.726,1050.6553048642484,1090.2649999999999,875.6730426929104,857.4929999999999,704.6241568533512,762.13,394.12106310154627,339.904
E70,heating_validation,4550.0,9.095,1.278,0.8098997244999334,1.2601602182760168,1209.9902961937937,1152.588,1048.6013236326316,1117.143,874.602183671899,900.185,1050.8206951954835,1090.452,875.8323998051528,858.0559999999999,704.6211532943107,762.7829999999999,394.39165904635047,340.313
E70,heating_validation,4600.0,9.123,1.27,0.815529885224714,1.2689724777816282,1209.8007110882077,1153.37,1048.6807147409372,1117.4119999999998,874.7367731030708,900.6999999999999,1050.898784111032,1090.749,875.966504860766,858.595,704.9824643204926,763.4549999999999,394.65787977539344,340.707
E70,heating_validation,4650.0,9.115,1.265,0.8139992132401904,1.2665737514636084,1209.6598127159066,1153.078,1048.6795493726079,1117.712,874.8429335086271,901.216,1050.8963274504285,1091.042,876.0720632014027,859.1709999999999,704.9197541562266,764.1469999999999,394.9198810798006,341.11199999999997
E70,heating_validation,4700.0,9.104,1.279,0.8120913650732261,1.263522135497468,1209.8348789802683,1152.041,1048.7639453237139,1117.833,874.9654361421722,901.727,1050.9810789387445,1091.186,876.1943040285581,859.735,704.8757362924082,764.771,395.1778315359003,341.48299999999995
E70,heating_validation,4750.0,9.112,1.283,0.8138961622064079,1.2663005600789434,1209.8908819296225,1151.1390000000001,1048.8642813602455,1117.741,875.0880892383367,902.168,1051.081377109901,1091.136,876.3166678039915,860.235,705.0375785852713,765.3969999999999,395.43168221412066,341.849
E70,heating_validation,4800.0,9.118,1.279,0.8151965310191799,1.2683186767417856,1209.799119984339,1152.259,1048.9086624292056,1117.797,875.1925504599994,902.6,1051.1249279419249,1091.173,876.420673595012,860.711,705.1474861906795,766.02,395.6813159936965,342.23299999999995
E70,heating_validation,4850.0,9.104,1.286,0.81261323149186,1.2642348066449383,1209.9277502207256,1152.746,1048.9863620862457,1118.011,875.3023337627048,902.986,1051.2028636558375,1091.367,876.5301964681356,861.144,705.051582225952,766.557,395.9267306720984,342.58399999999995
E70,heating_validation,4900.0,9.103,1.29,0.8127301942689583,1.2643417998521285,1210.1132208756567,1151.778,1049.1211901724882,1118.186,875.4263971222533,903.396,1051.3383632817977,1091.566,876.6541590621177,861.596,705.1330871103936,767.111,396.1679310651343,342.93199999999996
E70,heating_validation,4950.0,9.116,1.271,0.815450425172881,1.2685749407852462,1210.0410268764022,1151.951,1049.2009893254465,1118.277,875.5356751955359,903.831,1051.4175527140492,1091.657,876.7631138775969,862.069,705.3319483957275,767.701,396.40501642863285,343.29499999999996
E70,heating_validation,5000.0,9.107999999999999,1.281,0.8140544064382768,1.2663444206160932,1210.051938361294,1151.895,1049.2559089802057,1118.432,875.6363789660427,904.2139999999999,1051.4721450779048,1091.8249999999998,876.8635136754873,862.506,705.2987644337219,768.202,396.63820341064365,343.64799999999997
E70,heating_validation,5050.0,9.121,1.286,0.8167188592012175,1.2705042074009847,1209.9595522390005,1152.268,1049.2915969553312,1118.509,875.7287493014578,904.581,1051.5069578166208,1091.897,876.9554920294335,862.909,705.4805297815535,768.712,396.8677630531493,343.97499999999997
E70,heating_validation,5100.0,9.103,1.282,0.8133478734422604,1.2651799264266617,1210.090108608908,1152.4569999999999,1049.3539867054426,1118.741,875.8231862060773,904.901,1051.5696231308712,1092.1309999999999,877.0497047626782,863.318,705.3365191560899,769.2149999999999,397.0937897961481,344.291
E70,heating_validation,5150.0,9.11,1.283,0.8150252322598569,1.2677315517667243,1210.1984231671158,1152.539,1049.4604304946477,1118.936,875.9286339486121,905.3249999999999,1051.676367222698,1092.311,877.1550210082773,863.745,705.4974016379355,769.721,397.3162936772934,344.63199999999995
E70,heating_validation,5200.0,9.116,1.282,0.8163091091434508,1.2697283260704786,1210.1281751984009,1151.317,1049.5124506993463,1119.054,876.0183013768731,905.703,1051.7277730161381,1092.4270000000001,877.2443660830376,864.1419999999999,705.6022390679414,770.184,397.5353162470559,344.95
E70,heating_validation,5250.0,9.112,1.284,0.8156662669491278,1.2686870680282354,1210.1315836301058,1150.594,1049.5554473168174,1118.9470000000001,876.1033251294496,906.083,1051.770425951625,1092.368,877.3291029484017,864.5509999999999,705.6033565424841,770.693,397.75090828444127,345.27599999999995
E70,heating_validation,5300.0,9.119,1.286,0.8171251311757389,1.2709632316980715,1210.0846843627373,1152.1329999999998,1049.588155490239,1118.578,876.1823000005938,906.295,1051.802536798853,1092.0729999999999,877.4077445285005,864.862,705.7120341580214,771.085,397.9631729405876,345.563
E70,heating_validation,5350.0,9.098,1.297,0.8132879458440602,1.2648664784878645,1210.3190855575826,1153.192,1049.6831458425531,1118.99,876.2753366166212,906.518,1051.8984343648324,1092.353,877.5007293962092,865.124,705.5609701045073,771.49,398.1721403547903,345.875
E70,heating_validation,5400.0,9.108,1.289,0.8155888174461613,1.268386536795059,1210.4495434724597,1152.045,1049.8174750308053,1119.437,876.3814473399339,906.9209999999999,1052.0333048529542,1092.821,877.6068324734156,865.509,705.7634402920639,771.934,398.3779042961215,346.187
E70,heating_validation,5450.0,9.113,1.291,0.8167331259174081,1.2701444145810297,1210.3855089070137,1151.5079999999998,1049.8819178416675,1119.355,876.4701901328342,907.289,1052.0972391582702,1092.775,877.6953463189311,865.903,705.8682427010878,772.361,398.5805782192392,346.47799999999995
E70,heating_validation,5500.0,9.107000000000001,1.294,0.8156912046124666,1.2684818661953674,1210.427438652468,1151.742,1049.9443864112056,1119.31,876.5577136558046,907.549,1052.159607450351,1092.7440000000001,877.7827029126606,866.2239999999999,705.8487185767538,772.7429999999999,398.7803591860526,346.76199999999994
E70,heating_validation,5550.0,9.12,1.291,0.8183725668161276,1.27265960488188,1210.3316755362432,1152.242,1049.976055392307,1119.614,876.6345355871624,907.841,1052.190466137587,1092.946,877.859224217347,866.512,706.0297734539379,773.124,398.9774000045842,347.05199999999996
E70,heating_validation,5600.0,9.112,1.294,0.8169024470403864,1.2703290665006246,1210.3252931085874,1151.135,1049.9938634482023,1119.567,876.7031050601269,908.124,1052.207875426002,1093.01,877.9275103916831,866.8349999999999,705.9745885357208,773.51,399.1718333639882,347.31399999999996
E70,heating_validation,5650.0,9.113,1.293,0.8172880785007409,1.270884583670797,1210.3832907405417,1150.7350000000001,1050.045795587344,1119.344,876.7779000150499,908.345,1052.2597951846687,1092.835,878.0021250887805,867.124,706.038435199855,773.8969999999999,399.3636729376443,347.59999999999997
E70,heating_validation,5700.0,9.122,1.286,0.8191466613039172,1.2737812476866175,1210.2869864548056,1151.301,1050.062378951272,1119.387,876.8403855529193,908.5319999999999,1052.2756177505373,1092.871,878.0642793917682,867.36,706.1651441251181,774.222,399.5528371632988,347.88599999999997
E70,heating_validation,5750.0,9.110999999999999,1.297,0.8171447285533672,1.2705959568280694,1210.3535411440441,1152.009,1050.0946893907212,1119.548,876.9043701900705,908.81,1052.3079611035466,1092.9560000000001,878.1280600767714,867.626,706.0887663830581,774.567,399.7392473016529,348.147
E70,heating_validation,5800.0,9.094000000000001,1.299,0.8141798082724546,1.2658431703953161,1210.7098860318267,1152.196,1050.2425904281865,1119.759,877.0005027017835,909.019,1052.4575443887375,1093.167,878.224383763014,867.898,706.0037763081951,774.873,399.92288649856596,348.412
E70,heating_validation,5850.0,9.112,1.3,0.8180204094680622,1.2717882014495507,1210.7488263758664,1152.0149999999999,1050.3734417311828,1119.998,877.0969936873598,909.3,1052.5886079015793,1093.399,878.3208843182384,868.198,706.284595531075,775.2239999999999,400.10375124256996,348.662
E70,heating_validation,5900.0,9.120000000000001,1.292,0.8195665126691144,1.274235566926231,1210.5485787245832,1152.1129999999998,1050.385494152435,1120.05,877.162579192681,909.581,1052.5994178490703,1093.4470000000001,878.3861295728027,868.467,706.3780474620296,775.538,400.2819869428331,348.902
E70,heating_validation,5950.0,9.100999999999999,1.298,0.8159973970265705,1.2685941379744938,1210.6943487398648,1151.789,1050.4403271338606,1120.086,877.2371795419976,909.8,1052.6546306169985,1093.513,878.4606614192423,868.735,706.2195090379313,775.858,400.45780903701063,349.14799999999997
E70,heating_validation,6000.0,9.116,1.304,0.819168166668154,1.273509788833681,1210.7013509411647,1151.963,1050.5110675240269,1120.202,877.3148802181672,910.033,1052.7251981351978,1093.6219999999998,878.5382478913889,868.983,706.4440649590856,776.142,400.63143741505047,349.39799999999997
E70,heating_validation,6050.0,9.116,1.298,0.819212328003576,1.2735737469134683,1210.6080494368944,1152.679,1050.5224340036664,1120.377,877.3737820955997,910.281,1052.7358311988014,1093.778,878.5968617609028,869.23,706.4627972568471,776.452,400.8029484732007,349.631
E70,heating_validation,6100.0,9.109,1.3,0.8180225446203498,1.271654896254634,1210.6855308809165,1151.005,1050.5647600571265,1120.188,877.4387227089517,910.502,1052.778248119881,1093.7069999999999,878.6616743889424,869.489,706.4360829448358,776.746,400.97232689269856,349.881
E70,heating_validation,6150.0,9.11,1.301,0.8184384701267636,1.2722485116010782,1210.774710232396,1151.066,1050.6366713723123,1119.962,877.5106388974198,910.631,1052.850431400089,1093.4859999999999,878.7335294219072,869.683,706.5067210427421,777.044,401.1395699235715,350.11899999999997
E70,heating_validation,6200.0,9.091000000000003,1.304,0.81503290951119,1.266818680494393,1211.0739550945116,1152.3220000000001,1050.7766847012401,1119.9189999999999,877.6025366084131,910.786,1052.9918865979423,1093.422,878.8256233146774,869.845,706.389496487415,777.31,401.3046139004659,350.35499999999996
E70,heating_validation,6250.0,9.114,1.289,0.8198094719219643,1.2742460866866947,1211.0476531713764,1151.8310000000001,1050.8853343683165,1120.054,877.6908071776513,910.942,1053.1003810417787,1093.548,878.9138752914555,870.0409999999999,706.7119558554284,777.549,401.4674638165384,350.58899999999994
E70,heating_validation,6300.0,9.1,1.298,0.8171412949319735,1.2700475964564661,1211.0818703694504,1151.894,1050.9455185289312,1120.281,877.7665388870238,911.122,1053.1605403667002,1093.726,878.9895312596607,870.2139999999999,706.5929799800017,777.7729999999999,401.62826640211597,350.803
E70,heating_validation,6350.0,9.104999999999999,1.304,0.8183481414161772,1.2718836119954853,1211.1553582516426,1151.6419999999998,1051.0322102584241,1120.291,877.8497480172097,911.332,1053.247382104669,1093.783,879.0727424443894,870.454,706.7111203103091,778.0409999999999,401.787199516171,351.03099999999995
E70,heating_validation,6400.0,9.122,1.302,0.8217076632770904,1.277158699578273,1210.9345104078297,1150.62,1051.0277806592258,1120.2559999999999,877.905654190059,911.504,1053.241572227815,1093.77,879.1283047128968,870.644,706.9073380658922,778.2829999999999,401.94443362446964,351.229
E70,heating_validation,6450.0,9.1,1.301,0.8174999140173785,1.2705243308937424,1211.0381380325823,1150.891,1051.0494552093955,1119.969,877.963694575845,911.669,1053.263406831944,1093.548,879.1862217149326,870.823,706.7018134782156,778.506,402.1000381368965,351.43899999999996
E70,heating_validation,6500.0,9.122,1.31,0.8219160241899023,1.2774354464912034,1210.9483007620838,1150.809,1051.0752805092648,1120.099,878.0199026774433,911.709,1053.28852503864,1093.609,879.2421982853864,870.929,706.9701316053117,778.708,402.25393783150923,351.63399999999996
E70,heating_validation,6550.0,9.095,1.304,0.81675711397269,1.2693011461025623,1211.130127571843,1150.183,1051.1281014844817,1120.0369999999998,878.0797323536672,911.9069999999999,1053.3420509886207,1093.5929999999998,879.3019938459017,871.107,706.7194620872501,778.948,402.4058864310026,351.83099999999996
E70,heating_validation,6600.0,9.116,1.305,0.821077059295828,1.2760304481410674,1211.1261603778862,1150.574,1051.2012112043722,1119.8229999999999,878.146480791289,911.991,1053.4150119001267,1093.3980000000001,879.3686593256234,871.249,707.0017304419401,779.142,402.55572310458945,352.02099999999996
E70,heating_validation,6650.0,9.119000000000003,1.307,0.8216871128841122,1.2769837660769294,1210.9443209912085,1150.8919999999998,1051.17830042367,1119.769,878.1855107570445,912.0699999999999,1053.3909449429452,1093.353,879.4073303352106,871.39,707.0414366086168,779.353,402.7033857488476,352.24
E70,heating_validation,6700.0,9.099000000000002,1.31,0.817955314523728,1.271070171938572,1211.1427987395316,1152.554,1051.2307488140993,1120.2379999999998,878.2431447425149,912.1659999999999,1053.444115127646,1093.714,879.4649670410695,871.496,706.8763300791641,779.53,402.84899221355096,352.42199999999997
E70,heating_validation,6702.0,9.104999999999999,1.314,0.81913794602939,1.272925891417712,1211.1521609208446,1152.474,1051.234944929205,1120.277,878.2460266637906,912.173,1053.4483240030122,1093.725,879.4678524283705,871.483,706.9432631518284,779.518,402.8547747034786,352.421
E73,heating_validation,0.0,13.164,0.024,-0.009174893644881443,-0.006387967320757041,295.45849999999996,303.36899999999997,295.45849999999996,307.25399999999996,295.45849999999996,312.529,295.45849999999996,310.394,295.45849999999996,315.89799999999997,295.4585,317.337,295.45849999999996,305.697
E73,heating_validation,50.0,13.157,0.148,0.24683313715268618,0.39139018072460474,535.1230461531609,392.937,373.66543935803304,368.455,327.7891101759232,330.962,374.137554569519,340.856,327.9734542895463,323.31899999999996,356.38818880327256,321.92999999999995,295.4598219942378,305.51599999999996
E73,heating_validation,100.0,13.165000000000001,0.3,0.39849134692772614,0.6366358910375928,630.1154081493594,498.575,441.1142048561401,468.585,363.04313709395444,387.46,441.8231102196297,421.967,363.3408951825504,363.22499999999997,396.6412505214437,348.27599999999995,295.4670595220057,305.316
E73,heating_validation,150.0,13.171999999999999,0.413,0.5003306277394518,0.8059128006398684,682.426544449165,573.7929999999999,492.2825848110774,544.684,395.9511817278617,434.78499999999997,493.13985030845515,492.655,396.3389916720017,400.965,425.66210354440034,372.02099999999996,295.4859143240735,305.096
E73,heating_validation,200.0,13.177,0.547,0.5724175725363502,0.9284232495583491,714.5483203155595,633.126,530.7974611319928,606.717,424.8296509813291,474.0,531.7445250370424,553.153,425.2862266118607,433.18399999999997,447.39417527149976,392.22799999999995,295.53250667992666,304.905
E73,heating_validation,250.0,13.161000000000001,0.633,0.6233355754985895,1.0168219551633768,735.8554387787816,678.6279999999999,560.1501144133327,658.078,449.57171975742307,507.31899999999996,561.1502230185768,604.692,450.0797345031611,460.739,464.08424602343007,409.043,295.63339357289317,304.71099999999996
E73,heating_validation,300.0,13.168999999999999,0.726,0.664067396135615,1.0882841681341762,750.6214417852949,714.9559999999999,582.8753612899611,701.4110000000001,470.62041199838666,537.565,583.9053153032759,649.015,471.16663978455654,486.134,477.26780439078937,425.885,295.81866677926314,304.525
E73,heating_validation,350.0,13.174,0.795,0.6954344151486368,1.144126546939449,761.185767817495,740.957,600.717653471007,734.049,488.5129474345955,561.082,601.7624719906288,682.383,489.08721431062634,506.293,487.80952078933024,440.48799999999994,296.11461064359344,304.371
E73,heating_validation,400.0,13.158000000000001,0.853,0.7180418059358696,1.1851185300063367,769.2263705428722,759.2149999999999,614.9693032262267,759.249,503.7461564416973,581.4179999999999,616.0197640091208,709.6859999999999,504.34063627818307,523.939,496.3471891014396,453.71,296.53891412961036,304.222
E73,heating_validation,450.0,13.165999999999999,0.918,0.7388235716756527,1.2227061975769606,775.3762303643398,776.419,626.5307337804285,781.612,516.7777380044215,599.555,627.5809202063526,733.511,517.3866443406779,540.0889999999999,503.46797481005393,466.55999999999995,297.0989784971614,304.10299999999995
E73,heating_validation,500.0,13.175,0.959,0.7559456151933163,1.2539892211444257,780.055784853517,788.013,635.9955611457698,798.3389999999999,527.97740947789,614.63,637.0414178541713,752.028,528.5962580782757,553.574,509.3893081313282,477.941,297.792805219206,303.991
E73,heating_validation,550.0,13.169000000000002,1.003,0.7685881725529057,1.2774584880352977,783.8629615090082,797.6089999999999,643.8526211683193,812.01,537.64159741713,627.7929999999999,644.8918611673482,767.223,538.2669047816306,565.7819999999999,514.3491491881597,488.73199999999997,298.61075242753793,303.918
E73,heating_validation,600.0,13.159000000000002,1.057,0.7786737902850357,1.2963545311827551,787.1116431657861,803.773,650.492042970041,822.821,546.0285868699925,640.237,651.5236036129629,780.05,546.6577680499506,577.616,518.5737227681874,499.465,299.53808038909517,303.83799999999997
E73,heating_validation,650.0,13.163000000000002,1.098,0.7886891929864038,1.3149879805737092,789.7569617549024,810.72,656.1504089044561,831.487,553.3496868684617,650.247,657.1734961956256,789.9019999999999,553.9808151784957,587.185,522.2344744219772,508.428,300.557019042618,303.78
E73,heating_validation,700.0,13.176000000000002,1.117,0.7982088023568265,1.332719529603431,791.7771738299869,816.16,660.9648788155066,838.875,559.7637615824858,659.3,661.978675891625,798.545,560.3952907648139,596.054,525.3930200107691,517.0029999999999,301.64857489523433,303.73699999999997
E73,heating_validation,750.0,13.165000000000001,1.142,0.8036262031018199,1.3432857761236177,793.574707701434,820.4879999999999,665.1122309955244,846.183,565.4005888162189,668.103,666.1167122729289,806.958,566.0312715705611,604.728,528.0621403713491,525.401,302.7940355621745,303.7
E73,heating_validation,800.0,13.172,1.181,0.8104391424213312,1.3561090148747685,795.1001394540615,824.189,668.732558859566,851.728,570.3830026147123,675.7429999999999,669.7278349714289,813.463,571.0120044268463,612.473,530.4608878592534,532.853,303.975979483256,303.693
E73,heating_validation,850.0,13.168000000000001,1.205,0.8151122146579491,1.3651439590166567,796.4159382764811,827.0169999999999,671.9018101160618,856.581,574.8034224918847,682.776,672.8880787102869,819.137,575.4300679914286,619.825,532.5351858821602,540.435,305.1787895764538,303.70599999999996
E73,heating_validation,900.0,13.171000000000003,1.233,0.8202013824940898,1.374740323544247,797.5680152003434,828.785,674.7068410475546,860.6179999999999,578.7458854898589,689.2159999999999,675.6844321515052,823.994,579.3697341373976,626.637,534.4148754543979,547.636,306.38895775618755,303.73299999999995
E73,heating_validation,950.0,13.165999999999999,1.261,0.8238871524848784,1.3817774086295584,798.6338803683243,829.8389999999999,677.2123474728627,863.997,582.2793781519972,695.52,678.1817442671919,828.189,582.9001201991691,633.3199999999999,536.0826111212999,554.924,307.59521021652864,303.822
E73,heating_validation,1000.0,13.171,1.305,0.8284292069222338,1.390219138287509,799.557027834574,832.9689999999999,679.4632758425405,867.2579999999999,585.4618073513891,700.87,680.4248340353347,831.794,586.0792571074109,638.982,537.617075699279,561.3889999999999,308.78833713851463,303.93899999999996
E73,heating_validation,1050.0,13.159000000000002,1.323,0.8305140645598711,1.394307189024437,800.4892090440011,834.2959999999999,681.508545945961,870.257,588.3393759707014,705.997,682.4628778992947,835.227,588.9534032948993,644.217,538.9570116790769,567.7860000000001,309.9608777191903,304.07
E73,heating_validation,1100.0,13.167000000000003,1.353,0.8348913952916989,1.402299378814682,801.2826054465578,835.968,683.3742185928609,873.184,590.9553730771008,711.229,684.3216515557044,838.6329999999999,591.5659570525554,649.557,540.2496899801802,574.351,311.10701601221047,304.25899999999996
E73,heating_validation,1150.0,13.165,1.372,0.8375130750867986,1.407272445581674,801.9578729715198,836.55,685.0541419029681,874.9739999999999,593.332783838022,715.861,685.9948998682403,841.1859999999999,593.939841201375,654.521,541.3656170820708,580.356,312.2223197165673,304.443
E73,heating_validation,1200.0,13.181,1.396,0.8420617647761904,1.4156052354927078,802.4211751031255,836.471,686.5493301961716,876.3349999999999,595.4929236010533,719.848,687.4833791554786,843.062,596.0963954514091,659.12,542.4221440281964,585.838,313.3034466777667,304.64
E73,heating_validation,1250.0,13.184000000000001,1.414,0.8444703082827306,1.420265957146707,802.7785624256123,836.694,687.8649099330926,876.911,597.4490671323022,723.526,688.792370339861,844.3199999999999,598.048845889291,663.366,543.3014097074803,591.0799999999999,314.34804325772376,304.842
E73,heating_validation,1300.0,13.168000000000001,1.444,0.8443372450188921,1.4204255139230013,803.3268291967631,836.8009999999999,689.0929550920754,878.881,599.2332356237667,727.072,690.0146535741013,846.384,599.829367641125,667.495,544.0509079173613,596.233,315.3545217837406,305.061
E73,heating_validation,1350.0,13.172,1.451,0.846748743520137,1.4249440731134595,803.8285872091221,838.9979999999999,690.2497170470831,880.505,600.874290233023,730.476,691.1661021437728,848.262,601.4669185039193,671.354,544.826560699606,600.828,316.32198938438154,305.287
E73,heating_validation,1400.0,13.172999999999998,1.481,0.8486136089977864,1.4284796448707358,804.21751333051,840.097,691.3034872684866,882.851,602.3820516245909,733.8679999999999,692.214731798738,850.663,602.9712483334104,675.088,545.5256317719652,605.3019999999999,317.25024086565486,305.537
E73,heating_validation,1450.0,13.169000000000002,1.509,0.8498716752921628,1.4308570273069885,804.6304292045618,842.406,692.2838014830451,884.87,603.774863984805,737.47,693.1903253713989,852.958,604.3607572289213,679.247,546.1755896195526,609.825,318.13969911760114,305.856
E73,heating_validation,1500.0,13.182,1.523,0.8532317841277525,1.4368754434440283,804.9021963658494,842.286,693.1775927064391,887.639,605.0631831443856,740.8969999999999,694.0794613680009,855.81,605.645889076736,682.999,546.8394649117795,614.12,318.9912790066818,306.179
E73,heating_validation,1550.0,13.172,1.527,0.8533986249181392,1.437335269546645,805.2361902835544,841.381,694.0029477887579,887.372,606.2536688098506,744.1289999999999,694.9005698520355,856.375,606.8332662370082,686.605,547.3606648324044,618.4179999999999,319.80614186690275,306.501
E73,heating_validation,1600.0,13.17,1.544,0.8545619225022602,1.4395097603426592,805.626400192358,842.332,694.8002745693202,886.8629999999999,607.3638442102693,746.46,695.6941368952484,856.274,607.9405011129751,689.691,547.8850770279128,622.4,320.58540607019097,306.861
E73,heating_validation,1650.0,13.168000000000001,1.544,0.8556589975702303,1.4415453319752678,805.975934958207,842.446,695.5518435455173,887.438,608.3991628340063,748.469,696.4421855577207,856.999,608.9730079629383,692.327,548.3775079575717,625.755,321.33022752989825,307.202
E73,heating_validation,1700.0,13.169000000000002,1.56,0.857050699235845,1.4440893225037041,806.2745025311048,841.5,696.252108729584,887.903,609.3651954230022,750.5889999999999,697.1390842355465,857.733,609.9363448818386,694.961,548.8461959275787,628.9929999999999,322.0419395659493,307.572
E73,heating_validation,1750.0,13.167000000000003,1.573,0.8579593312668726,1.4457819071991669,806.5556054616962,843.369,696.9037194647765,888.6,610.266341877835,752.7159999999999,697.7875204692157,858.557,610.8349002774295,697.606,549.2708072732745,632.327,322.72196160203276,307.953
E73,heating_validation,1800.0,13.166999999999998,1.597,0.8590439868900718,1.4477792877319602,806.8175636319531,841.5889999999999,697.5130189501014,888.997,611.1081183675047,754.741,698.3938251363552,859.196,611.6741936352223,700.0360000000001,549.6733270890713,635.2919999999999,323.37177204627835,308.33599999999996
E73,heating_validation,1850.0,13.168999999999999,1.591,0.8602721982617892,1.4500384400282709,807.0254673253072,841.692,698.0735464618847,889.427,611.8924569813569,756.596,698.9514471268926,859.75,612.4561335204264,702.297,550.0489564432119,638.165,323.99277723362354,308.70899999999995
E73,heating_validation,1900.0,13.174,1.617,0.8616265471089283,1.4525931636542166,807.1504771181267,841.548,698.5738720701561,889.4689999999999,612.6178292572482,758.285,699.448831404527,860.012,613.179147211998,704.458,550.3809258366057,640.826,324.5863410451816,309.043
E73,heating_validation,1950.0,13.171000000000003,1.599,0.8618972380983773,1.4532245124651983,807.2917458383346,842.307,699.0284648560139,890.2099999999999,613.2877746697187,759.991,699.9006719562024,860.726,613.8467932404011,706.654,550.6598217083181,643.547,325.1536881893277,309.436
E73,heating_validation,2000.0,13.161000000000001,1.621,0.8613054355638724,1.4522995568078603,807.5533844930255,843.848,699.4807412897734,890.65,613.9167332579698,761.669,700.3506812046019,861.303,614.4735996482583,708.7349999999999,550.9104424424107,645.9559999999999,325.6960874446225,309.793
E73,heating_validation,2050.0,13.168000000000001,1.635,0.8629671909615192,1.4552887146680438,807.7259420327666,843.5749999999999,699.9109289969933,891.5319999999999,614.5089398827478,763.1959999999999,700.7786510596554,862.086,615.0637812018668,710.665,551.2176024619105,648.115,326.2147939854957,310.15999999999997
E73,heating_validation,2100.0,13.167,1.66,0.8635660627795071,1.4563869877964053,807.8536244686347,842.812,700.2992591442553,892.212,615.0622331983313,765.011,701.1648030663266,862.9789999999999,615.6151234387405,712.774,551.4775738644107,650.546,326.71115564736726,310.58
E73,heating_validation,2150.0,13.169000000000002,1.667,0.864601708302193,1.458210195898551,807.989401325603,843.3589999999999,700.6650280585685,892.6759999999999,615.5834908658234,766.472,701.528552880277,863.525,616.1345429654509,714.6569999999999,551.7447205421923,652.64,327.1865819833262,310.998
E73,heating_validation,2200.0,13.158000000000001,1.669,0.8639382567033279,1.4570381281177798,808.2331017945224,843.632,701.0339193323699,893.16,616.0797615067972,767.98,701.8958440185895,864.1619999999999,616.6291101514366,716.42,551.9583957405134,654.829,327.6423860121155,311.397
E73,heating_validation,2250.0,13.172,1.685,0.8664476829411806,1.4614635077602842,808.3335423812796,842.535,701.376902273476,892.889,616.5495409970472,769.24,702.2370640839449,864.136,617.0972727920396,717.9939999999999,552.244138380013,656.865,328.07972260429233,311.78499999999997
E73,heating_validation,2300.0,13.165999999999999,1.687,0.8662328127404283,1.461121392665598,808.4308638209772,842.362,701.6787614327507,892.465,616.9862081961345,770.348,702.537214090225,863.9259999999999,617.5323447953791,719.461,552.4277192867862,658.96,328.4995880768486,312.21
E73,heating_validation,2350.0,13.179,1.691,0.868348028210758,1.4649234746506898,808.437298380554,842.8059999999999,701.9450806216582,892.0509999999999,617.3921390734625,771.0989999999999,702.8016888760665,863.5799999999999,617.936721386933,720.6569999999999,552.651877210815,660.616,328.90295198419403,312.602
E73,heating_validation,2400.0,13.164,1.695,0.8666879418903469,1.4621191661883797,808.5663022155919,840.5269999999999,702.1956549327228,892.055,617.7676380020989,771.996,703.0507696733868,863.6469999999999,618.3107025531614,721.848,552.7483703204584,662.3340000000001,329.29057392208665,312.96099999999996
E73,heating_validation,2450.0,13.164000000000003,1.699,0.8670316557527079,1.4628186502105884,808.7376371964768,841.986,702.4624877850206,892.4929999999999,618.1257189856998,772.942,703.3163646756927,863.978,618.6673952344227,723.077,552.9055837829558,663.992,329.6630851717264,313.30699999999996
E73,heating_validation,2500.0,13.182,1.706,0.8695858826649919,1.467436310715176,808.6493741791442,841.1129999999999,702.6656622328683,892.775,618.4518056602963,773.998,703.5177872393751,864.4159999999999,618.9920680648698,724.363,553.095038237052,665.463,330.0210724868571,313.65099999999995
E73,heating_validation,2550.0,13.174,1.73,0.8687531857757002,1.4660598378616028,808.634495368126,841.3299999999999,702.8289043936933,892.957,618.747043414037,774.8889999999999,703.6794336190192,864.536,619.2858988399062,725.5219999999999,553.1769712318978,666.872,330.3653015637817,314.01
E73,heating_validation,2600.0,13.171000000000003,1.731,0.8687726175440348,1.4660969085258815,808.7515026479984,841.558,703.0165581468921,893.711,619.030793500828,775.9079999999999,703.8659427729915,865.271,619.5683965993828,726.7159999999999,553.3048074669001,668.3199999999999,330.6966778383053,314.404
E73,heating_validation,2650.0,13.174,1.729,0.8696354892435777,1.4675856486478207,808.8324704205297,842.739,703.2055489928061,894.332,619.3033136667452,776.915,704.0538732425152,865.8829999999999,619.839765179438,727.895,553.4597716439397,669.7439999999999,331.0160413078871,314.769
E73,heating_validation,2700.0,13.173000000000002,1.743,0.8698713283010787,1.468008947095293,808.9056856774976,842.706,703.3858213490633,893.5509999999999,619.5628919311508,777.79,704.2331427023337,865.502,620.0982532147237,729.026,553.5822998733519,671.107,331.32414547691315,315.15299999999996
E73,heating_validation,2750.0,13.163000000000002,1.736,0.8689313300890912,1.4663634331891848,809.0815618027107,841.0079999999999,703.5825198514128,893.049,619.8149085059922,778.318,704.4291510578937,865.137,620.3492778445575,729.8409999999999,553.6722993519568,672.308,331.6215668594232,315.519
E73,heating_validation,2800.0,13.169000000000002,1.754,0.8701328833297212,1.468461862598335,809.1898129623536,840.255,703.7776950235562,892.029,620.0591649725035,778.7049999999999,704.623581588131,864.3629999999999,620.5926193353343,730.595,553.826149411125,673.509,331.9087685945618,315.919
E73,heating_validation,2850.0,13.16,1.742,0.8692647263903815,1.466956560580528,809.3290510401425,840.6519999999999,703.965079480926,891.554,620.2925804873481,778.867,704.8103266730084,863.8199999999999,620.8251571052167,731.0799999999999,553.906531430654,674.424,332.1862549663486,316.26399999999995
E73,heating_validation,2900.0,13.177,1.743,0.87172446859352,1.4713288410172023,809.2937792263689,840.762,704.1172634255869,891.5849999999999,620.5102958454996,779.268,704.9614890501937,863.8249999999999,621.0419956380172,731.688,554.0664060404714,675.348,332.4544856934927,316.609
E73,heating_validation,2950.0,13.174,1.752,0.8714214237610972,1.4708741517443604,809.2395103611419,839.183,704.2218012419283,891.098,620.7035992431817,779.7529999999999,705.0649166451049,863.509,621.2343667322511,732.393,554.1210369056996,676.3399999999999,332.7139299517297,316.98499999999996
E73,heating_validation,3000.0,13.176000000000002,1.751,0.8717899856214654,1.4715892432914761,809.2378939375226,840.384,704.3216920220443,891.096,620.8822826970713,780.059,705.1638424083919,863.413,621.4121606935503,732.8979999999999,554.1938623775482,677.174,332.9650637129783,317.32099999999997
E73,heating_validation,3050.0,13.165,1.769,0.8705033608767226,1.4693685669042242,809.3529377003209,841.418,704.4395061942803,891.6419999999999,621.0527893730045,780.524,705.2810606551802,863.804,621.5818530427027,733.5029999999999,554.22491249888,677.9549999999999,333.2082551829063,317.635
E73,heating_validation,3100.0,13.177,1.761,0.8722794379249733,1.4725149288665622,809.3555055643413,840.3009999999999,704.5513713518933,891.9309999999999,621.2157934340981,781.204,705.3921668430561,864.198,621.7440969918065,734.288,554.3459198096846,678.8409999999999,333.44384136545085,317.957
E73,heating_validation,3150.0,13.180000000000001,1.756,0.8727299294159122,1.4733704887848198,809.2750758255985,840.577,704.6217154119506,891.81,621.3608311088815,781.729,705.4615468392687,864.146,621.8883339523512,735.01,554.4042746781357,679.707,333.67220366184796,318.292
E73,heating_validation,3200.0,13.175,1.775,0.8721503332032435,1.4723998695009604,809.2950323088882,838.497,704.6938889357884,891.7479999999999,621.4959961494914,782.2159999999999,705.5329905397402,864.223,622.0227434589953,735.598,554.4338295512757,680.508,333.8936961771285,318.594
E73,heating_validation,3250.0,13.168999999999999,1.771,0.8715676875918031,1.4713736844881227,809.4087944832318,838.862,704.7931891997214,891.584,621.630174325577,782.5219999999999,705.6318889619047,864.012,622.1562658880478,736.114,554.4797321160436,681.185,334.10860936279613,318.885
E73,heating_validation,3300.0,13.174,1.773,0.8723169227855915,1.472742301116971,809.4447607597592,839.4069999999999,704.8909604437354,891.529,621.7599913316875,782.858,705.7291414523816,863.971,622.2854616769789,736.625,554.5514869986364,681.941,334.3171962817832,319.174
E73,heating_validation,3350.0,13.183000000000002,1.766,0.8734500728102156,1.474830350946347,809.3422055214393,839.663,704.9453764219857,891.649,621.8736451171786,783.2529999999999,705.7826855947569,864.146,622.3984384873511,737.141,554.6104135793223,682.594,334.51959546702096,319.45
E73,heating_validation,3400.0,13.171000000000003,1.777,0.8719424489227418,1.472208745486701,809.3852106612393,838.375,705.0016329284377,891.725,621.978754932597,783.623,705.8384007960835,864.184,622.5029095442386,737.643,554.6035269776829,683.134,334.71602904962407,319.702
E73,heating_validation,3450.0,13.171000000000003,1.782,0.8722655022042908,1.4727093305214953,809.4966487253112,838.0889999999999,705.0923630006567,892.0029999999999,622.0893151964758,784.017,705.9288677614918,864.425,622.6129610861891,738.1479999999999,554.6808810718312,683.7429999999999,334.9068888932801,319.97299999999996
E73,heating_validation,3500.0,13.162999999999997,1.793,0.871598877200558,1.4714469892671835,809.6524942058493,840.078,705.2062275956013,893.038,622.2059578104074,784.489,706.0426762973441,865.144,622.7291860588829,738.692,554.7394860091777,684.336,335.09263464080993,320.27299999999997
E73,heating_validation,3550.0,13.165999999999999,1.787,0.8723855189023643,1.4727458571900238,809.7691165634938,839.971,705.3300439038176,893.409,622.3278722313206,785.225,706.1663970429688,865.716,622.8507475753968,739.412,554.8431331762691,685.01,335.27366173361605,320.53999999999996
E73,heating_validation,3600.0,13.174,1.798,0.8737233516996635,1.4750503266845807,809.7552788236458,839.29,705.421878400783,893.529,622.4433782681141,785.7099999999999,706.257805457038,865.845,622.9658685638425,740.009,554.9458316778619,685.664,335.45028656640676,320.82399999999996
E73,heating_validation,3650.0,13.167000000000003,1.816,0.8730814828366805,1.4738663311296794,809.8152046886939,841.198,705.5058177315098,894.322,622.5535864063825,786.148,706.3414488124515,866.415,623.0756965779559,740.5519999999999,554.9886688354719,686.1469999999999,335.6228275840082,321.109
E73,heating_validation,3700.0,13.163000000000002,1.811,0.8728856548145513,1.4734556123141298,809.9551968544622,842.485,705.6147627776498,896.206,622.6671996991503,786.935,706.4503376074933,867.976,623.1890032777278,741.258,555.0543244593945,686.7539999999999,335.79156722721314,321.354
E73,heating_validation,3750.0,13.177,1.81,0.8749153901656225,1.4770174401157454,809.9151767111548,842.605,705.69473094309,897.435,622.7729577243202,788.0849999999999,706.5298485737258,869.31,623.2944155894154,742.242,555.1641575883901,687.5419999999999,335.95666118616754,321.592
E73,heating_validation,3800.0,13.177000000000001,1.816,0.8749222834312412,1.4770776514166952,809.8367714923002,840.8349999999999,705.732626356106,897.4739999999999,622.8620127891451,788.989,706.5671133714817,869.689,623.3830409742012,743.0999999999999,555.1882293564545,688.3879999999999,336.1182121026917,321.816
E73,heating_validation,3850.0,13.179,1.803,0.8752618107868563,1.4776873763404537,809.802640505414,840.322,705.7640713852817,896.535,622.9417410895043,789.249,706.5980125379285,868.99,623.4623454659384,743.596,555.2267229408858,689.0429999999999,336.27631413241147,322.058
E73,heating_validation,3900.0,13.165,1.819,0.8736357503493298,1.4747812872984676,809.9401484762209,838.903,705.8293257772623,895.112,623.0232647775882,789.189,706.6632026805325,867.906,623.5435293364193,743.7919999999999,555.2274882182413,689.483,336.43111434295565,322.29499999999996
E73,heating_validation,3950.0,13.179,1.808,0.8756889248619136,1.4783624881724806,809.9489789406496,839.712,705.8987092654502,895.366,623.1063435811042,788.9599999999999,706.7323095454129,867.7869999999999,623.6263101590382,743.775,555.3348074822526,689.846,336.582751497749,322.52299999999997
E73,heating_validation,4000.0,13.175,1.814,0.8752015737240676,1.4775303084043774,809.9236937807216,840.0409999999999,705.9388678776738,895.071,623.179003435153,789.1419999999999,706.7720670870858,867.598,623.6986150294886,744.0419999999999,555.344804890304,690.192,336.73129116488246,322.756
E73,heating_validation,4050.0,13.184,1.829,0.8764809390561642,1.4797805988152373,809.8643529377078,840.6419999999999,705.966626106341,896.097,623.2452303360576,789.42,706.7993230733904,868.372,623.7644884738188,744.3599999999999,555.4088021903794,690.574,336.8767873000009,322.965
E73,heating_validation,4100.0,13.186,1.831,0.87668072513891,1.4801881711562594,809.7747667218887,841.3439999999999,705.9703295318636,896.63,623.2997666793576,789.968,706.8024309177713,868.884,623.818624453031,744.857,555.4202329708658,691.019,337.0193349846617,323.166
E73,heating_validation,4150.0,13.177,1.826,0.8756285245579657,1.4783056241948531,809.8337793757069,842.251,705.9961475322536,897.365,623.3535374304467,790.463,706.8280300035788,869.563,623.8720568856052,745.371,555.4181369147109,691.432,337.15897716191074,323.385
E73,heating_validation,4200.0,13.164000000000003,1.836,0.8742202011667007,1.4757442207484353,810.0595374102669,840.2339999999999,706.0829261540433,897.778,623.4214396884843,791.167,706.9151134878939,870.1619999999999,623.9397674059353,746.008,555.4341303588762,692.0509999999999,337.2958487857155,323.59999999999997
E73,heating_validation,4250.0,13.171999999999999,1.836,0.875588618422983,1.4780762698478425,810.1616245082265,841.168,706.1818094946326,897.405,623.4980418060923,791.417,707.0141026914486,869.795,624.0162315123151,746.364,555.5342880230983,692.586,337.43002941544944,323.801
E73,heating_validation,4300.0,13.177,1.821,0.8763708249945218,1.4794459117526166,810.1297183011839,841.096,706.2405057725691,897.095,623.5675208259822,791.576,707.0725219249304,869.6569999999999,624.0854996782864,746.6289999999999,555.5906820358921,692.8889999999999,337.5616006978363,324.008
E73,heating_validation,4350.0,13.162000000000003,1.828,0.874621219393588,1.4763132950084676,810.2655854063294,840.227,706.3144837062758,896.891,623.6385828726561,791.669,707.1465700314479,869.441,624.1563915144022,746.8340000000001,555.5869416548936,693.2919999999999,337.69066799708105,324.227
E73,heating_validation,4400.0,13.183000000000002,1.823,0.8775523466725444,1.4814522629214752,810.2120971553095,840.683,706.3715614469407,896.8629999999999,623.7075623415566,791.717,707.2033112342825,869.376,624.2251891393153,746.988,555.7099793353074,693.546,337.81737901011434,324.426
E73,heating_validation,4450.0,13.184000000000001,1.835,0.8777034385590817,1.4817306505627208,810.0793203840972,839.596,706.3723782666766,896.494,623.7587697784624,791.9069999999999,707.2035122862221,869.153,624.276096841136,747.222,555.7260254294955,693.9169999999999,337.94186179716036,324.621
E73,heating_validation,4500.0,13.171999999999999,1.839,0.8762684875400854,1.4791676420062234,810.1657874621575,839.511,706.4030468940184,896.297,623.8108228163059,791.942,707.234071443807,868.9739999999999,624.3279193923129,747.3489999999999,555.714372320657,694.208,338.0643070780998,324.823
E73,heating_validation,4550.0,13.175,1.84,0.8769821533029777,1.4803260345809945,810.2603691011141,837.692,706.4651443613227,895.172,623.8705604727029,791.8829999999999,707.2962057245384,868.132,624.3875135602152,747.443,555.7877748763588,694.575,338.1848332836178,325.051
E73,heating_validation,4572.0,13.179,1.827,0.8775936663670486,1.4813832042248851,810.255838101984,837.694,706.486638804666,894.482,623.8961523853043,791.76,707.3176201653982,867.5509999999999,624.4130338917049,747.4,555.8219452882247,694.626,338.2372907491499,325.12
E75,heating_validation,0.0,6.941000000000001,-0.301,-0.2980069689495586,-0.29817430429396485,293.989,295.551,293.989,294.193,293.989,294.042,293.989,294.188,293.989,294.12199999999996,293.9889999999999,294.09999999999997,293.989,293.94399999999996
E75,heating_validation,50.0,6.9430000000000005,-0.235,-0.1748880250363511,-0.13720363876781513,569.5103743838783,398.05999999999995,372.116320364038,350.034,323.01561205814556,307.512,372.58376405117576,324.29699999999997,323.17862994943914,300.98199999999997,352.35304518911073,297.56899999999996,293.9903332677484,293.938
E75,heating_validation,100.0,6.941000000000001,-0.178,-0.09261100917886167,-0.028481667961464063,709.0754196383039,512.8019999999999,446.2018221630024,432.506,354.40264939695453,345.801,446.94610130530896,391.575,354.66330811769944,328.9,393.29491011110565,313.294,293.9976381415498,293.933
E75,heating_validation,150.0,6.939,-0.135,-0.03148897025960906,0.05291818792205066,798.1049309127441,610.047,509.34352354489033,504.436,386.0808237752274,382.461,510.3079455799006,457.152,386.43001756606566,358.433,424.8235692453327,331.063,294.01669672585865,293.945
E75,heating_validation,200.0,6.936000000000001,-0.096,0.015411309208320678,0.11587161594386429,858.5236928610058,687.853,562.4313221687612,565.025,416.46229120075577,413.586,563.5709356288744,515.274,416.8908672840463,384.402,449.9420294008497,346.26199999999994,294.06430255135285,293.942
E75,heating_validation,250.0,6.937,-0.048,0.052777982190035266,0.16639255657430285,901.2781713719,751.592,607.1103671268222,619.22,444.85101838957166,441.94499999999994,608.3895567063014,569.4639999999999,445.350226848264,408.625,470.4356492901318,360.115,294.16948049341977,293.977
E75,heating_validation,300.0,6.929999999999999,-0.011,0.08190010438412643,0.20608387902707317,932.6676263227666,797.235,644.8223798384158,660.8879999999999,471.0308728723048,464.28599999999994,646.2120905094721,611.846,471.5926371082918,428.11899999999997,487.3748966572397,371.186,294.36780784098556,293.996
E75,heating_validation,350.0,6.940000000000001,0.014,0.10755838734545742,0.24124128952987156,956.2863591358087,834.3679999999999,676.7637501200652,697.712,495.01381704488995,484.822,678.2399518768545,649.816,495.6308911475361,446.29699999999997,501.70742023362084,381.875,294.6941045568384,294.03299999999996
E75,heating_validation,400.0,6.931000000000001,0.044,0.1266869999419623,0.2676803300623321,974.624165425304,861.7429999999999,703.9435423651973,726.1089999999999,516.8963807443204,501.537,705.4868076650293,679.316,517.5620656453253,461.432,513.7756340170259,391.27099999999996,295.1770096601588,294.078
E75,heating_validation,450.0,6.952,0.065,0.146410763466443,0.2949966936231074,988.9814351580881,883.9689999999999,727.1824990106037,750.1949999999999,536.8283977449612,516.309,728.7768994802977,704.702,537.5367745611784,475.12699999999995,524.3502678159382,400.272,295.8361891865833,294.135
E75,heating_validation,500.0,6.9350000000000005,0.085,0.1586046153191718,0.31208811206665427,1000.6789159792681,901.629,747.1794988259546,770.828,554.9600718096227,529.497,748.8128158916788,726.72,555.7055912310637,487.572,533.2446484071772,408.99199999999996,296.6814006559293,294.197
E75,heating_validation,550.0,6.932999999999999,0.093,0.1708156024759353,0.3291969482221048,1010.4293435218982,917.208,764.5517426023487,789.482,571.4577960795552,542.1949999999999,766.214661801464,746.8689999999999,572.2356424701004,499.42999999999995,541.1484253152163,417.865,297.71326707602543,294.274
E75,heating_validation,600.0,6.942,0.114,0.18282824188554736,0.3460635556615099,1018.4221575416377,928.404,779.6959793771307,804.545,586.484704862929,552.976,781.3806881868636,763.329,587.2906062078719,509.563,548.1825716352287,426.27299999999997,298.9245917962413,294.36899999999997
E75,heating_validation,650.0,6.944,0.14,0.192461804526751,0.35967474349445266,1025.103138592733,939.333,792.9584200793438,817.6,600.1802479445618,562.8599999999999,794.6587378375282,777.6579999999999,601.0103360632123,519.083,554.3403333788283,434.05199999999996,300.30202532265287,294.46799999999996
E75,heating_validation,700.0,6.9430000000000005,0.159,0.2005914474788032,0.3711986015972333,1030.8441952484511,948.332,804.6605917903244,829.4259999999999,612.6763824225675,571.9590000000001,806.3719668945477,790.489,613.5272437109597,527.991,559.8087237407677,441.64199999999994,301.82792853313,294.577
E75,heating_validation,750.0,6.957,0.173,0.2099031937982958,0.38437205014009274,1035.6626669505104,956.853,815.0181285978088,840.643,624.0941368635715,581.096,816.7366061358663,802.9,624.9627818414858,536.967,564.8313057236185,449.753,303.4820204900687,294.72499999999997
E75,heating_validation,800.0,6.942,0.194,0.21426186011227355,0.39064939531323184,1040.0016346061586,962.374,824.2633028613232,850.04,634.5414379751661,589.2439999999999,825.9865217772106,813.294,635.4251838345314,545.017,569.0903284863813,457.46899999999994,305.24270881041446,294.892
E75,heating_validation,850.0,6.938,0.218,0.2195079282615845,0.3981584336050077,1043.951100920382,968.3249999999999,832.6085200849111,858.254,644.1252982621909,596.74,834.3348396571828,822.414,645.0219117453216,552.646,573.0291817832294,465.075,307.0881000935399,295.06199999999995
E75,heating_validation,900.0,6.940000000000001,0.229,0.22501958105753694,0.40603817659652713,1047.3725453027935,971.685,840.1351595710341,866.364,652.931412251236,604.448,841.8627554575943,831.418,653.8389064964705,560.3019999999999,576.6464299316118,472.432,308.99684485717546,295.262
E75,heating_validation,950.0,6.952999999999999,0.229,0.23153900180913545,0.41535006796171436,1050.2229008929028,976.723,846.89877529843,873.17,661.0298926853558,611.2429999999999,848.6256822385267,838.838,661.946470846954,567.105,580.0091509223522,479.034,310.9488671008195,295.44399999999996
E75,heating_validation,1000.0,6.937000000000001,0.258,0.23331583099297515,0.41801409254240723,1052.9234768022102,980.428,853.0404311697091,879.616,668.4909439516312,617.7729999999999,854.7661094597593,845.853,669.4150395928812,573.766,582.7914040452185,485.311,312.9258469774747,295.65599999999995
E75,heating_validation,1050.0,6.949000000000001,0.264,0.2389222071269964,0.4260322196666217,1055.2970637221497,982.8109999999999,858.645211032714,885.382,675.380003175418,624.063,860.3687372678199,852.1659999999999,676.3103159725288,580.113,585.617055395746,490.938,314.9114703341183,295.86699999999996
E75,heating_validation,1100.0,6.937,0.271,0.24059309867859935,0.42851952636575696,1057.4981243628722,986.4879999999999,863.7668913714117,890.98,681.7492448038565,630.423,865.4879455531664,858.524,682.6845972330493,586.603,587.9680337037972,497.41099999999994,316.89155848375356,296.142
E75,heating_validation,1150.0,6.934000000000001,0.287,0.24346225170023483,0.43265085900430317,1059.5961480284027,989.762,868.5057051055924,895.995,687.6577798097279,636.011,870.224258583512,864.067,688.5972558837751,592.441,590.2561503711308,503.13699999999994,318.8540767392357,296.426
E75,heating_validation,1200.0,6.933999999999999,0.308,0.24655005608247205,0.4370769957992847,1061.4695221032978,992.795,872.8731979302523,900.773,693.145921322694,641.43,874.5888946640795,869.144,694.0886848257039,598.06,592.40486368135,508.866,320.78906037966453,296.746
E75,heating_validation,1250.0,6.921000000000001,0.313,0.247477267617638,0.43844528772879304,1063.306014552337,994.568,876.9356434287615,905.236,698.2574642993136,646.662,878.6487472736809,874.0029999999999,699.2028414305003,603.4929999999999,594.272334623549,514.471,322.68840430987905,297.10499999999996
E75,heating_validation,1300.0,6.936000000000001,0.327,0.25247185411996065,0.4455341961241185,1064.825996767182,997.638,880.6806428294544,909.629,703.0201606213052,652.044,882.3904306045049,878.8489999999999,703.9675061082183,609.123,596.2961710078667,520.131,324.5456319257944,297.505
E75,heating_validation,1350.0,6.9399999999999995,0.348,0.2554912666511582,0.4498591810388841,1066.0781402640084,999.75,884.0856103057679,913.597,707.4507895602821,656.929,885.7914311303051,883.254,708.399439957241,614.2139999999999,598.0322798267548,525.182,326.3557662378226,297.909
E75,heating_validation,1400.0,6.933,0.358,0.2566801684244714,0.4515905402816532,1067.3595919537474,1000.752,887.2488213312752,917.403,711.5868721992662,661.621,888.9510716900679,887.3299999999999,712.5363715762827,619.15,599.5389117458551,529.774,328.11507597416426,298.33
E75,heating_validation,1450.0,6.933999999999999,0.372,0.258966857396867,0.4548632143337128,1068.5784426713337,1001.106,890.2076305637886,920.843,715.4556508435061,666.497,891.9065137596779,891.1859999999999,716.405620117205,624.185,601.0333469114107,534.95,329.82088463495074,298.803
E75,heating_validation,1500.0,6.933,0.38,0.260706758389884,0.45738306694676933,1069.6856428580984,1001.611,892.9601790053865,923.8249999999999,719.0744678206806,670.874,894.655707999267,894.49,720.0245383020736,628.681,602.3806509758178,539.7339999999999,331.4713228919769,299.25899999999996
E75,heating_validation,1550.0,6.940999999999999,0.387,0.2636674966076351,0.4616348669456604,1070.61554032749,1002.802,895.5007827852138,926.444,722.4577145515937,675.0229999999999,897.1926520161858,897.487,723.4075277702391,633.006,603.7214980494938,544.213,333.0651343634447,299.72299999999996
E75,heating_validation,1600.0,6.933,0.398,0.26398291141139973,0.462153182271841,1071.5455073812436,1003.076,897.8669757423261,929.144,725.626171831321,678.98,899.5555263918232,900.313,726.5754708316782,637.18,604.7887579114465,548.5699999999999,334.6017400637611,300.179
E75,heating_validation,1650.0,6.931000000000001,0.397,0.2651715217783881,0.4638933128191901,1072.481325232812,1006.083,900.1050028213388,931.872,728.6035177134389,683.077,901.790632924229,903.268,729.5521423497662,641.555,605.8635947112646,553.055,336.08113000313756,300.69899999999996
E75,heating_validation,1700.0,6.952999999999999,0.417,0.2699904642401866,0.47077026477757267,1073.0679006793769,1008.199,902.1345718888289,934.608,731.3848897120813,686.7929999999999,903.8163017067466,906.1229999999999,732.3325095454117,645.53,607.1244683226424,557.152,337.50383959809926,301.195
E75,heating_validation,1750.0,6.933999999999999,0.421,0.2683323543843015,0.4684664719923002,1073.7886794055719,1009.7239999999999,904.0253213738026,937.235,733.9943666178522,690.412,905.7039398193492,908.851,734.9408712608796,649.412,607.8617321780532,561.05,338.87096928084026,301.71799999999996
E75,heating_validation,1800.0,6.936000000000001,0.44,0.270058498192286,0.4709139634030216,1074.583214000228,1009.413,905.8544363692617,939.851,736.4613388042834,694.2090000000001,907.5305820492495,911.659,737.4067430244622,653.486,608.8342547845867,565.197,340.18395136476795,302.29699999999997
E75,heating_validation,1850.0,6.936000000000001,0.45,0.271334951180604,0.4727365056751013,1075.2638667714032,1009.828,907.5706373305912,941.915,738.784469163591,697.5709999999999,909.2442969500955,913.9399999999999,739.7286662529983,657.154,609.7126210205865,568.909,341.444459978193,302.84
E75,heating_validation,1900.0,6.939,0.458,0.27300390629462834,0.4751147679940221,1075.8593773616408,1010.2959999999999,909.1731445230728,943.775,740.972515977241,700.7860000000001,910.8442630781308,916.034,741.9154197700764,660.685,610.5708970489579,572.538,342.65416938328906,303.38899999999995
E75,heating_validation,1950.0,6.942,0.463,0.27457530130314034,0.47735976593261953,1076.3738091658,1012.159,910.6596430261336,945.704,743.031538064617,704.0409999999999,912.3281473166186,918.174,743.9730598446235,664.211,611.3707511896046,575.9369999999999,343.81489243162713,303.998
E75,heating_validation,2000.0,6.945999999999999,0.474,0.2762056594732192,0.47969505673885116,1076.8191580699636,1011.1999999999999,912.036087565492,947.674,744.9680828970756,707.005,913.7019334808531,920.3059999999999,745.9081422525469,667.4,612.1253237855074,579.236,344.9285164653562,304.55899999999997
E75,heating_validation,2050.0,6.939,0.493,0.2760576328139923,0.479502600346159,1077.334267542498,1012.2959999999999,913.3433100166903,949.262,746.796988071506,709.906,915.0070231538839,922.1179999999999,747.7356052511104,670.515,612.717898704975,582.4929999999999,345.99693686291187,305.111
E75,heating_validation,2100.0,6.941000000000001,0.487,0.27726834415829626,0.4812407655433767,1077.832551446262,1014.526,914.5923640939386,951.138,748.5271674187301,712.68,916.2541475666424,924.098,749.4643528813681,673.5229999999999,613.3763727357847,585.642,347.0220007281554,305.668
E75,heating_validation,2150.0,6.9399999999999995,0.494,0.2779481818415126,0.48222518320593855,1078.2801841713724,1014.009,915.7664097539671,953.196,750.1603735189574,715.704,917.4263213996929,926.3009999999999,751.096108444011,676.835,613.961749926211,589.024,348.00548422036786,306.27299999999997
E75,heating_validation,2200.0,6.938,0.494,0.2783902167820014,0.48287942285249696,1078.726449313104,1013.276,916.8807873984008,954.702,751.7057671470791,718.409,918.5390282484736,927.947,752.6400735512302,679.809,614.4946504239215,592.068,348.94917127979863,306.794
E75,heating_validation,2250.0,6.935999999999999,0.516,0.2787931703820933,0.48347640162782324,1079.1645261965,1012.1659999999999,917.9415255564603,955.794,753.1693353677199,721.009,919.5982718540453,929.244,754.1022403896146,682.616,614.9987234489776,595.069,349.85479081300014,307.35699999999997
E75,heating_validation,2300.0,6.945,0.506,0.28086168427655445,0.4864458128483712,1079.4589374274387,1012.487,918.9158330777097,956.643,754.5471414343866,723.44,920.570674973146,930.241,755.4785762848655,685.307,615.5875475754376,597.948,350.7240858485113,307.917
E75,heating_validation,2350.0,6.935999999999999,0.521,0.28009629070168984,0.4853720041319377,1079.8127187233536,1011.938,919.8328102343911,957.462,755.8497481931812,725.863,921.4861444424123,931.235,756.7797659592609,688.0229999999999,615.9545297928577,600.794,351.5588071088582,308.527
E75,heating_validation,2400.0,6.945,0.527,0.2821478110660721,0.48830239862581054,1080.099250256859,1012.035,920.6985416656225,958.242,757.0824810709931,727.957,922.3502426068169,932.0889999999999,758.0110870476151,690.502,616.5047676961651,603.394,352.36079119159365,309.08599999999996
E75,heating_validation,2450.0,6.945999999999999,0.526,0.2828668633349456,0.48934239298120663,1080.3096088243744,1012.28,921.4852711511335,959.02,758.240564652275,729.9839999999999,923.1351901625249,932.9309999999999,759.1677190794951,692.863,616.9252147430064,605.8879999999999,353.13171802176214,309.662
E75,heating_validation,2500.0,6.949,0.527,0.2839231952397806,0.4908481702369936,1080.5160287317726,1012.655,922.2190744442114,959.952,759.3337832551022,732.077,923.8672996084349,933.92,760.2595124148072,695.2819999999999,617.3586187825329,608.495,353.87323837406836,310.27
E75,heating_validation,2550.0,6.944,0.541,0.2836929592269247,0.49052033705871256,1080.7853600886424,1011.2669999999999,922.9252730112792,960.814,760.3710963733794,734.0319999999999,924.5722267747017,934.842,761.2954850940744,697.469,617.6833714399273,610.896,354.5868825336125,310.84499999999997
E75,heating_validation,2600.0,6.939,0.545,0.2835004844112764,0.49023229198914353,1081.1330113257222,1012.126,923.6312563175136,961.428,761.363527901455,735.891,925.277440305177,935.504,762.286705145699,699.5409999999999,618.0108922811227,613.231,355.2741094136685,311.417
E75,heating_validation,2650.0,6.941999999999998,0.539,0.28458716499520176,0.49175601969723465,1081.4197116926216,1012.0269999999999,924.3095819990212,962.1999999999999,762.3085027387222,737.662,925.9549222852083,936.284,763.2305066595789,701.534,618.4227754266384,615.4549999999999,355.9363004305139,311.981
E75,heating_validation,2700.0,6.952,0.552,0.2866500740211765,0.4946945648491671,1081.5397052351673,1011.947,924.9116303429844,963.036,763.1957611522857,739.544,926.5555307383233,937.189,764.1165099924951,703.624,618.862929331566,617.827,356.5747209818736,312.572
E75,heating_validation,2750.0,6.949,0.559,0.2865733329076091,0.4945965801962262,1081.6757595558033,1012.434,925.4598257539503,963.5509999999999,764.0314883017724,741.226,927.1023927397526,937.756,764.9510000059745,705.498,619.1197740657543,619.9,357.1905744548258,313.118
E75,heating_validation,2800.0,6.952,0.558,0.28744591856428015,0.49584673159543013,1081.8310852614738,1011.841,925.981559332127,964.318,764.8235449170377,742.847,927.6229383366472,938.524,765.7418652883368,707.288,619.4358127402727,621.979,357.78494808872847,313.655
E75,heating_validation,2850.0,6.9399999999999995,0.569,0.28597053177059784,0.4937395027263295,1082.11563508971,1012.406,926.5100220054163,964.888,765.5826361968288,744.4649999999999,928.1509047929509,939.155,766.4999089709463,709.0419999999999,619.5830935944809,623.958,358.35889766009643,314.19899999999996
E75,heating_validation,2900.0,6.941000000000001,0.562,0.2866109486088072,0.49463219524135915,1082.411402265119,1012.486,927.0498464365332,965.654,766.3143249755996,746.1179999999999,928.690423082932,939.9259999999999,767.2306521772889,710.872,619.8904829291826,626.0219999999999,358.9134468359022,314.768
E75,heating_validation,2950.0,6.949,0.568,0.2882688056943048,0.4969914304320282,1082.5406771837615,1012.151,927.5329808362853,966.1279999999999,767.0032833144801,747.613,929.1726614188433,940.491,767.9185913306139,712.5139999999999,620.2407572386392,627.883,359.449557414255,315.27799999999996
E75,heating_validation,3000.0,6.950000000000002,0.565,0.2887804675811081,0.4977182563155813,1082.6270826055418,1012.353,927.9601779156953,966.615,767.6508540099771,749.031,929.5987969509172,940.991,768.5651278134774,714.085,620.4891210865799,629.712,359.9681588098757,315.78799999999995
E75,heating_validation,3050.0,6.939,0.572,0.2873383709437203,0.49567005290679145,1082.8661850035905,1011.092,928.3963369899236,967.062,768.2743356641819,750.406,930.034575360932,941.495,769.1877220735533,715.6089999999999,620.5845591479358,631.462,360.470182044108,316.30899999999997
E75,heating_validation,3100.0,6.959000000000001,0.582,0.2907754315172889,0.5005851139061545,1082.8916635776357,1012.48,928.781082272342,967.582,768.8580412483357,751.797,930.4181129545598,942.012,769.7704184782341,717.163,621.0132518004361,633.251,360.95635317506844,316.828
E75,heating_validation,3150.0,6.955,0.576,0.29022759329170156,0.4998508581096681,1082.8753620491611,1012.4689999999999,929.0936271103294,968.381,769.3959738811063,753.122,930.7293037787805,942.795,770.3072749652399,718.595,621.1065550582475,634.8889999999999,361.42725536643434,317.286
E75,heating_validation,3200.0,6.9559999999999995,0.571,0.2905411284009044,0.5003263681748409,1082.9451383075314,1014.044,929.401465717268,969.199,769.9067984918213,754.471,931.0361427197333,943.607,770.8171043188058,720.045,621.2706582710516,636.487,361.8834213717155,317.76099999999997
E75,heating_validation,3250.0,6.945999999999999,0.582,0.289208303509772,0.498426009973156,1083.136905761986,1012.391,929.7301206197897,969.6949999999999,770.3992657316345,755.885,931.364447930821,944.212,771.3087190912292,721.583,621.3337840225073,638.17,362.3254588404661,318.26
E75,heating_validation,3300.0,6.949000000000001,0.59,0.2899937440641508,0.49953379579181534,1083.3161629655735,1012.217,930.0695364427256,969.983,770.8747162981215,757.076,931.7035714722338,944.519,771.7833868596292,722.903,621.5582830982087,639.663,362.75405170144643,318.736
E75,heating_validation,3350.0,6.947000000000001,0.592,0.28997231769642806,0.4994900013961315,1083.4633826351792,1012.341,930.3934241468522,970.41,771.3288043708237,758.165,932.027134609888,944.924,772.2367240874122,724.1279999999999,621.7165664331391,641.101,363.16985015471016,319.202
E75,heating_validation,3400.0,6.941000000000001,0.584,0.2893065746569319,0.49852843406091674,1083.6758581694696,1012.6469999999999,930.7265924157425,970.8299999999999,771.7703628801275,759.2860000000001,932.3602911930202,945.37,772.6776397674632,725.3409999999999,621.8255502275193,642.506,363.57350393849623,319.67199999999997
E75,heating_validation,3450.0,6.9510000000000005,0.585,0.29114841895635024,0.5011503438357544,1083.7552719158828,1010.9159999999999,931.0279924704885,971.196,772.1888702343269,760.4359999999999,932.6611516053422,945.77,773.0954473427723,726.6099999999999,622.102210943386,644.011,363.9656141247111,320.168
E75,heating_validation,3500.0,6.9350000000000005,0.587,0.28879887901812307,0.49780417697655743,1083.96865705945,1011.9689999999999,931.3315415420843,971.2189999999999,772.5936017467,761.442,932.96477338115,945.856,773.4996007367597,727.712,622.0626283576768,645.313,364.34671964249026,320.60699999999997
E75,heating_validation,3550.0,6.939,0.587,0.28971971008727093,0.499102428543721,1084.1844563538448,1011.348,931.6549718896188,971.404,772.9909039549331,762.347,933.2883147379869,946.044,773.8963968852535,728.736,622.2779151150905,646.557,364.7173414219669,321.032
E75,heating_validation,3600.0,6.931000000000001,0.598,0.28867697328090436,0.4976109866336949,1084.400052172652,1010.903,931.9700050266938,971.6859999999999,773.374054760103,763.251,933.6035514132253,946.3439999999999,774.2790793820486,729.711,622.3368157499651,647.761,365.0780059568214,321.45799999999997
E75,heating_validation,3650.0,6.933,0.586,0.28920656616211926,0.4983661738117627,1084.5859997077218,1011.251,932.2804824549276,972.177,773.7455381420807,764.185,933.9141059473183,946.769,774.6501151022087,730.742,622.5040918940631,649.0139999999999,365.4292011449948,321.881
E75,heating_validation,3700.0,6.950000000000002,0.594,0.2920629832589644,0.5024492868160184,1084.5080165560746,1011.11,932.5046285946856,972.598,774.0822479764572,765.1089999999999,934.1371863766096,947.1899999999999,774.9861653020176,731.736,622.8140135300166,650.169,365.77135143365774,322.291
E75,heating_validation,3750.0,6.941000000000001,0.595,0.29064370076523127,0.5004596600948323,1084.50620628862,1010.1619999999999,932.6856288758709,972.8199999999999,774.3938390394792,766.026,934.3173854436825,947.452,775.2971077809478,732.702,622.7805209669291,651.319,366.1049143970873,322.66299999999995
E75,heating_validation,3800.0,6.9399999999999995,0.587,0.29058352155581213,0.5003896057942143,1084.6139237434297,1010.7429999999999,932.889223477527,972.978,774.697052117187,766.924,934.5206372887551,947.6419999999999,775.5997720555117,733.694,622.8632936782172,652.482,366.4301897862109,323.078
E75,heating_validation,3850.0,6.9430000000000005,0.608,0.2911915884460644,0.5012625930099754,1084.6625503075988,1011.342,933.0784831198283,973.346,774.9826296282074,767.721,934.7093992282144,947.996,775.8847741534909,734.564,622.9959047780304,653.498,366.7474165958805,323.476
E75,heating_validation,3900.0,6.947000000000001,0.605,0.2919752525771886,0.5023783818875873,1084.652211763492,1010.8299999999999,933.2378188508117,973.81,775.248512219502,768.53,934.8680115951843,948.4069999999999,776.1500485092738,735.432,623.1380288363074,654.525,367.0568845886686,323.86899999999997
E75,heating_validation,3950.0,6.935000000000001,0.614,0.2902331313618891,0.49988371272198173,1084.797863872996,1010.586,933.4201293933013,974.047,775.5102762775766,769.354,935.0503001918773,948.675,776.4113532003025,736.3340000000001,623.1030214550339,655.573,367.3588618212575,324.27299999999997
E75,heating_validation,4000.0,6.951,0.614,0.2930113236767973,0.5038247167641537,1084.794592169084,1010.911,933.5846650134899,974.29,775.7581422220499,770.0799999999999,935.2142110392983,948.895,776.6586878037082,737.143,623.403183770742,656.5409999999999,367.653783239655,324.652
E75,heating_validation,4050.0,6.9430000000000005,0.622,0.2918557785503971,0.5021734413026677,1084.8092317241073,1011.9309999999999,933.7191298579546,974.6809999999999,775.98874860769,770.795,935.3481616813729,949.24,776.8887673450971,737.925,623.3913994344855,657.4459999999999,367.94188029221664,325.02299999999997
E75,heating_validation,4100.0,6.952999999999999,0.609,0.29360234883905734,0.5046568004328893,1084.788954466722,1012.528,933.8438860898716,975.27,776.2078833790106,771.492,935.4722187406751,949.7769999999999,777.1073661983919,738.707,623.5939431438998,658.322,368.2233894407762,325.39099999999996
E75,heating_validation,4150.0,6.945,0.618,0.29242146305378225,0.5029727546019114,1084.8296736752422,1012.92,933.9634624459877,975.881,776.4160037252609,772.31,935.5914141556198,950.408,777.3149974986497,739.558,623.5710245899922,659.294,368.49849557139964,325.768
E75,heating_validation,4200.0,6.944000000000001,0.626,0.29240887258862513,0.5029458066439205,1084.9396909841298,1012.274,934.1105780726637,976.51,776.6234603080907,773.095,935.7384661435211,950.9739999999999,777.5220573433185,740.357,623.6455201473461,660.178,368.76733835279964,326.10699999999997
E75,heating_validation,4250.0,6.948,0.618,0.2931924396685943,0.5040540889509157,1084.973957182799,1011.674,934.2453522274964,976.704,776.820316091042,773.875,935.8729174108901,951.29,777.7184833532565,741.1759999999999,623.7742324147143,661.0619999999999,369.03004760796284,326.45599999999996
E75,heating_validation,4300.0,6.955,0.623,0.2943753183539104,0.5057491523980784,1084.905921847422,1014.5409999999999,934.3393017632023,976.963,776.9992506653606,774.508,935.9660906412737,951.487,777.8969047104773,741.875,623.9099110481352,661.852,369.2868031380906,326.787
E75,heating_validation,4350.0,6.949,0.629,0.2935053720632421,0.504505440438488,1084.922801297943,1012.255,934.4296836156955,977.752,777.1701139213874,775.239,936.0560462953366,952.222,778.067318164894,742.637,623.899319730633,662.72,369.53778595163703,327.164
E75,heating_validation,4400.0,6.945,0.628,0.29299355706881713,0.5037661996117423,1085.0426830026543,1012.59,934.5545755868081,977.807,777.3437351599184,775.96,936.1809876963791,952.3729999999999,778.2406059640109,743.3489999999999,623.9261766083956,663.534,369.783230353102,327.47299999999996
E75,heating_validation,4450.0,6.933,0.634,0.29127961785937273,0.5012956893872524,1085.285389132078,1013.93,934.7302365734099,978.106,777.5264788005757,776.5360000000001,936.3573319104398,952.601,778.4231739161698,744.01,623.8857123206377,664.29,370.0233127460158,327.798
E75,heating_validation,4500.0,6.944,0.637,0.2932529751622378,0.5040841827889266,1085.3782952248266,1011.659,934.8992272913401,978.345,777.705305476843,777.1859999999999,936.5264060054722,952.9159999999999,778.6017645499776,744.702,624.114739879507,665.096,370.258251745848,328.13199999999995
E75,heating_validation,4550.0,6.957,0.636,0.2954408187339409,0.5071990224835525,1085.225610809495,1011.1089999999999,934.9787599354829,978.0749999999999,777.8570836521006,777.741,936.6049249640805,952.718,778.7530881908499,745.323,624.3253737271384,665.847,370.48832129636867,328.453
E75,heating_validation,4600.0,6.9399999999999995,0.64,0.2928037482423955,0.5034315869066224,1085.300593999794,1012.284,935.0681361518516,978.105,778.0074551817358,778.172,936.6941936552439,952.682,778.9031640653816,745.836,624.1809477120714,666.4849999999999,370.71387266227487,328.78099999999995
E75,heating_validation,4650.0,6.958,0.641,0.29586436306332753,0.507774414169593,1085.2594796850153,1012.3349999999999,935.1532692054122,978.4159999999999,778.1511817175706,778.65,936.7787078385411,952.927,779.0465277766831,746.347,624.4692516192364,667.154,370.9351852859692,329.082
E75,heating_validation,4700.0,6.944,0.636,0.29373742800582203,0.5047247656068452,1085.3049817516865,1013.09,935.229299014924,978.566,778.2867083281637,779.142,936.8545722629716,953.073,779.1817451651768,746.903,624.3642882075139,667.823,371.15249729681045,329.418
E75,heating_validation,4750.0,6.952,0.64,0.2951967418362136,0.5067815915780316,1085.352391632981,1013.334,935.3264599684719,978.9879999999999,778.4238739399683,779.653,936.9515519678074,953.405,779.3186392631909,747.434,624.535817630582,668.4459999999999,371.36596324910784,329.72299999999996
E75,heating_validation,4800.0,6.958,0.655,0.29627729755211185,0.5083084154444566,1085.2697716478863,1012.668,935.3797003276713,979.146,778.544309621444,780.17,937.0041019451683,953.617,779.4386903935767,747.988,624.6610422963613,669.064,371.5756630425751,330.02599999999995
E75,heating_validation,4850.0,6.951,0.642,0.2952755921652932,0.5068616083218587,1085.296448309312,1010.954,935.4398843154052,979.1619999999999,778.6625878959496,780.6949999999999,937.0640341640476,953.655,779.5566692899706,748.555,624.6351700789053,669.746,371.7817076294258,330.346
E75,heating_validation,4900.0,6.9430000000000005,0.642,0.2941829837791289,0.5052723656906281,1085.4691712640533,1012.651,935.5529853677465,978.981,778.7918253561254,781.068,937.1775615005256,953.467,779.6857670770263,749.002,624.6227866793689,670.297,371.9841891046279,330.615
E75,heating_validation,4950.0,6.962000000000001,0.656,0.2974096071375453,0.5098492261916067,1085.4026696466324,1012.053,935.6300603855282,979.3349999999999,778.9084776055851,781.453,937.2540728283745,953.741,779.8021133702616,749.434,624.9180565321982,670.844,372.18317498414615,330.92199999999997
E75,heating_validation,5000.0,6.9430000000000005,0.629,0.2944208044679788,0.5055813155198381,1085.487723314994,1012.098,935.705993077917,979.456,779.0222279080742,781.872,937.3301047941654,953.881,779.9156591067976,749.877,624.735871609214,671.377,372.3787557704328,331.192
E75,heating_validation,5050.0,6.933999999999999,0.644,0.2931103537597535,0.5037005377096462,1085.7810596683669,1012.043,935.8695702357472,979.679,779.1582567886132,782.325,937.4946797036289,954.0989999999999,780.0517123476791,750.363,624.7028365114431,671.969,372.57089240882465,331.46099999999996
E75,heating_validation,5100.0,6.944,0.653,0.29474129440588737,0.5060424798081248,1085.8680767610097,1011.404,936.0161246934865,979.795,779.2877054056192,782.7639999999999,937.6414306262669,954.2139999999999,780.1810466472266,750.823,624.861989309018,672.519,372.75941510544936,331.66999999999996
E75,heating_validation,5150.0,6.9510000000000005,0.631,0.2957148444102179,0.5074848225204323,1085.770206114874,1009.989,936.0868057314067,979.555,779.3940892334635,783.162,937.7114417204428,954.074,780.2871200303325,751.25,624.9282820198835,673.06,372.9441221839166,331.868
E75,heating_validation,5200.0,6.948,0.637,0.2950931788361931,0.5066446106504158,1085.7179699883677,1009.6859999999999,936.1296438606198,979.212,779.4886752866864,783.482,937.7536954472753,953.751,780.381384755379,751.623,624.8753617258968,673.554,373.1249232364671,332.072
E75,heating_validation,5250.0,6.951,0.635,0.2955539381410698,0.50731846917829,1085.6873209890998,1010.847,936.168491822549,979.245,779.5768380875777,783.722,937.7920275293872,953.684,780.469232308677,751.915,624.9230873347384,673.9739999999999,373.30195401931553,332.28799999999995
E75,heating_validation,5300.0,6.952999999999999,0.629,0.2958777034609451,0.5077889670098061,1085.635212675266,1009.996,936.1937079067675,979.393,779.6559298117077,783.9929999999999,937.8166733217529,953.864,780.5479845428954,752.2239999999999,624.9623506180237,674.393,373.475474185492,332.52299999999997
E75,heating_validation,5350.0,6.952,0.644,0.2957546338672251,0.5076122150563268,1085.6150070434076,1009.375,936.2200859602976,979.3249999999999,779.7309842569258,784.3009999999999,937.8426326592999,953.813,780.6227278069032,752.5619999999999,624.9749166017124,674.8199999999999,373.64570172025583,332.76599999999996
E75,heating_validation,5400.0,6.955,0.653,0.29630090918825047,0.5083839204309105,1085.5896620148028,1009.3149999999999,936.2455035203745,979.183,779.8020854580695,784.5840000000001,937.8676302567674,953.726,780.6935238485985,752.877,625.0409718437579,675.269,373.8127591532218,333.044
E75,heating_validation,5450.0,6.942,0.649,0.29428018499852016,0.5054933561010435,1085.7156315887742,1008.4,936.3093861237302,978.898,779.8810161998226,784.816,937.9318016465966,953.516,780.7722949745838,753.1610000000001,624.9241087134235,675.654,373.9767033022604,333.274
E75,heating_validation,5500.0,6.945999999999999,0.647,0.29506096863890474,0.5065863965882914,1085.8281540335554,1008.995,936.4035037799454,978.765,779.9673614182489,785.015,938.0261951184502,953.337,780.8585236291498,753.3979999999999,625.0304164888249,676.0519999999999,374.1375141299816,333.52
E75,heating_validation,5550.0,6.956,0.635,0.2966820292119392,0.5089063031386984,1085.7462306913594,1008.727,936.4470685984875,978.65,780.0390496330283,785.242,938.0692138120667,953.228,780.9299345062514,753.6469999999999,625.1672956327574,676.441,374.29520958072465,333.75699999999995
E75,heating_validation,5600.0,6.947000000000001,0.646,0.29522075869085695,0.5068322919488364,1085.759355356288,1008.269,936.4838319452185,978.536,780.107644183574,785.447,938.105786002124,953.106,780.998308307557,753.884,625.0713421450863,676.776,374.4498105554036,333.964
E75,heating_validation,5650.0,6.948,0.635,0.295373222222036,0.5070628602542551,1085.820854021469,1007.2189999999999,936.5440169913754,978.37,780.1804257573419,785.645,938.1659712984144,952.9689999999999,781.0709213081974,754.114,625.098671007635,677.127,374.6013501422103,334.167
E75,heating_validation,5700.0,6.951,0.652,0.295794416827882,0.5076887109256935,1085.8076218596955,1005.882,936.5880091914086,978.2869999999999,780.2456858817632,785.819,938.2096834097074,952.8249999999999,781.1359462888448,754.347,625.1328345589257,677.463,374.7497768305218,334.341
E75,heating_validation,5750.0,6.951,0.643,0.2956770897504979,0.5075586410786288,1085.7799286519157,1008.066,936.6170435658499,978.283,780.3039061549516,786.044,938.2383524278544,952.745,781.193902962099,754.602,625.1143097387942,677.822,374.8950076998635,334.52599999999995
E75,heating_validation,5800.0,6.950000000000002,0.638,0.29547662498886396,0.5072897225696027,1085.7802025639253,1008.316,936.6466471889214,978.462,780.3595536409362,786.2429999999999,938.2676989703252,952.922,781.2493086753159,754.8299999999999,625.1038449521823,678.0899999999999,375.0370100448255,334.692
E75,heating_validation,5850.0,6.97,0.635,0.2986781038872871,0.5118670348838954,1085.5549796243927,1008.447,936.6148042621454,978.692,780.3953183801048,786.4599999999999,938.2345965778204,953.127,781.2846340025619,755.068,625.3388321554482,678.367,375.1759259010889,334.88
E75,heating_validation,5900.0,6.949,0.652,0.29528237523306744,0.507024048894174,1085.5683075570173,1009.747,936.5957706921105,978.967,780.4312675371666,786.693,938.2153413283693,953.374,781.3203092442592,755.3019999999999,625.0895413217589,678.623,375.3120598574924,335.06199999999995
E75,heating_validation,5950.0,6.9460000000000015,0.65,0.2949403329753427,0.5065101875114044,1085.7563104517126,1009.443,936.6651303170698,979.309,780.4897486910972,786.9929999999999,938.2852706707929,953.726,781.3787294517336,755.5909999999999,625.1073916038222,678.954,375.4455734409464,335.265
E75,heating_validation,6000.0,6.958,0.646,0.29691837898895457,0.5093290802192257,1085.7193560341661,1008.663,936.7066168260374,979.347,780.5394501392163,787.2819999999999,938.3264742218232,953.829,781.4282147666834,755.874,625.273877698936,679.2719999999999,375.5764880110198,335.467
E75,heating_validation,6050.0,6.962000000000001,0.641,0.29750775075386715,0.5101867969204393,1085.5841976507236,1007.441,936.6942413416679,979.129,780.5738820286462,787.509,938.3133356457549,953.649,781.4623211886403,756.1189999999999,625.310973704223,679.56,375.7047670289071,335.645
E75,heating_validation,6100.0,6.944,0.647,0.29461910232509336,0.5060676207082294,1085.7129860082055,1008.384,936.7306095582605,978.85,780.6208691935576,787.649,938.3500389363135,953.414,781.5092020409434,756.298,625.1105944061267,679.813,375.8304288513044,335.811
E75,heating_validation,6150.0,6.958,0.644,0.29685944029819666,0.5092769781638846,1085.7291634661376,1009.095,936.7794524488543,979.029,780.6697136179608,787.76,938.3987706353956,953.524,781.5578824187069,756.463,625.2864787441316,680.059,375.9534819838814,335.964
E75,heating_validation,6200.0,6.9510000000000005,0.635,0.2956233329461381,0.5075452117870216,1085.7169158761014,1008.1279999999999,936.8013716964851,979.4159999999999,780.7093471202096,787.9839999999999,938.4204982583003,953.8629999999999,781.5973056526741,756.678,625.1829853463818,680.336,376.073819216488,336.094
E75,heating_validation,6250.0,6.951999999999999,0.639,0.29571350912833927,0.5076986133499162,1085.7508780884468,1009.254,936.8379338476075,979.554,780.7521476596196,788.268,938.4570058958498,954.007,781.6399416370527,756.96,625.1869346710652,680.604,376.19137311599786,336.215
E75,heating_validation,6300.0,6.950000000000002,0.641,0.2954198142681097,0.5072784409585892,1085.7860231918269,1007.917,936.8767251968663,979.672,780.7947766180605,788.494,938.4957929111256,954.1519999999999,781.6824229767078,757.208,625.180807446523,680.853,376.30621392158343,336.365
E75,heating_validation,6350.0,6.9430000000000005,0.651,0.2943759477201413,0.5057762668852782,1085.904938837643,1008.725,936.9430522949734,979.689,780.8458588154276,788.678,938.5625006519782,954.178,781.7334584186128,757.393,625.1333799826873,681.066,376.4186053258443,336.517
E75,heating_validation,6351.0,6.9430000000000005,0.651,0.29437802661830126,0.5057789202330143,1085.908220388471,1008.725,936.9447952186802,979.689,780.8470127889386,788.678,938.5642550892651,954.178,781.7346126038915,757.393,625.1342741401747,681.066,376.42083014249454,336.517
E78,heating_validation,0.0,10.011000000000001,-0.165,-0.15722856875510255,-0.15713320923642768,294.32149999999996,295.871,294.32149999999996,294.484,294.32149999999996,294.279,294.32149999999996,294.42199999999997,294.32149999999996,294.36499999999995,294.32149999999996,294.347,294.32149999999996,294.179
E78,heating_validation,50.0,10.005,-0.124,-0.06376319698856547,-0.02232485592978785,420.8353109388481,335.716,333.78705967714745,323.96299999999997,309.68180737901525,302.85799999999995,334.0094405781474,309.332,309.76658000842497,298.21799999999996,325.04177730523156,296.46099999999996,294.3221569841271,294.19399999999996
E78,heating_validation,100.0,9.998999999999999,-0.057,-0.005462447762054956,0.06481566504579782,477.8940300153687,378.948,370.4568741160358,372.39599999999996,326.9155742111805,330.118,370.7872117157913,347.21999999999997,327.05064528766206,317.24899999999997,346.6035652498238,309.018,294.32580049943135,294.20399999999995
E78,heating_validation,150.0,9.996,0.001,0.03611620200792787,0.12835119561607483,513.2995678016744,419.0,400.0428200919921,417.12699999999995,344.11192778210875,358.618,400.4414312646433,387.101,344.28868868909694,339.794,363.08228065801984,324.234,294.3354259581887,294.215
E78,heating_validation,200.0,9.995999999999999,0.035,0.06746652757671323,0.17704458054771965,537.4487978165693,449.211,423.5719413864855,450.703,360.1381587982672,381.044,424.01358894235375,419.03999999999996,360.3482116289813,358.30999999999995,376.1094063968215,336.614,294.3592637024244,294.229
E78,heating_validation,250.0,10.003000000000002,0.072,0.09231820668852642,0.21605828361217727,554.8010347872237,475.2,442.4573478929105,479.303,374.60304179795673,400.006,442.92643739595513,446.678,374.8392081204774,374.29499999999996,386.64279946597094,347.30899999999997,294.4109844249863,294.243
E78,heating_validation,300.0,9.998999999999999,0.109,0.11130936254936696,0.2463952708569128,567.7837248188049,498.313,457.8057816963418,505.282,387.4708687040229,417.52,458.2923725506778,472.27,387.7273375815248,389.26099999999997,395.2741485945452,357.816,294.5063268304477,294.255
E78,heating_validation,350.0,10.002,0.134,0.1272509464938748,0.27196702710575354,577.7759906309598,516.12,470.4405925662595,525.376,398.85384092584,431.58,470.93815287314743,492.45899999999995,399.12606674745507,401.491,402.48471916125607,366.82399999999996,294.65925203516235,294.287
E78,heating_validation,400.0,10.004999999999999,0.162,0.14043334494387405,0.29327541821031317,585.6264277846456,531.6659999999999,480.95788426164995,543.7239999999999,408.9095248201809,444.871,481.46196623884714,511.068,409.1939365815731,413.248,408.561500355733,375.80699999999996,294.8795463504219,294.317
E78,heating_validation,450.0,10.010000000000002,0.175,0.151655396928994,0.3114955160719277,591.9072470755917,543.231,489.8026580397993,558.045,417.7972018101995,455.676,490.310185199413,525.717,418.09098524347456,422.91099999999994,413.7380259576072,383.60499999999996,295.1718722287454,294.378
E78,heating_validation,500.0,10.007000000000001,0.214,0.16049461560931344,0.3260755639936158,597.052324554556,552.94,497.31525470107124,570.04,425.66380079441524,465.24299999999994,497.8241178623215,538.267,425.96470945047895,431.575,418.16048205334135,390.90599999999995,295.53594596924484,294.40999999999997
E78,heating_validation,550.0,10.021000000000003,0.231,0.1695171942558633,0.3406835307164407,601.255723739636,561.3489999999999,503.74645385188853,580.3969999999999,432.64503450413326,473.705,504.25510506876554,549.104,432.95131709949493,439.36199999999997,422.0337014091074,397.65999999999997,295.9675388874292,294.474
E78,heating_validation,600.0,10.010000000000002,0.238,0.1752423613238384,0.3503951314949888,604.8250457594783,568.345,509.299397280755,589.828,438.85383232793885,481.904,509.80684487327187,559.137,439.1640400098354,446.97499999999997,425.34422503066276,404.568,296.4598023967426,294.537
E78,heating_validation,650.0,10.005999999999998,0.276,0.18081660288868462,0.35970388053386937,607.937920374775,574.9110000000001,514.1553889127267,597.517,444.39504950539913,488.71,514.6610556207502,567.117,444.70807846467414,453.352,428.28843741918087,410.48799999999994,297.00424059662174,294.63399999999996
E78,heating_validation,700.0,10.008,0.294,0.1861961554815933,0.3685971339296392,610.5935603502214,579.665,518.4228083361978,604.535,449.3594949621588,495.48299999999995,518.9262102292486,574.719,449.6744737984076,459.70899999999995,430.90449258387605,416.629,297.5917037696824,294.715
E78,heating_validation,750.0,10.004000000000001,0.314,0.19031637720516892,0.3755731951573723,612.8938660823766,582.768,522.189752184233,609.5419999999999,453.817681958907,501.042,522.6905440532822,580.344,454.13387958748467,465.10699999999997,433.18980433994994,422.179,298.21294713627924,294.79699999999997
E78,heating_validation,800.0,9.997,0.314,0.1936531481463717,0.38130983939784563,614.9422609274384,586.15,525.5414270069115,614.0319999999999,457.83166064530894,506.062,526.039440177957,585.352,458.1484921067273,470.02,435.2183350027641,427.432,298.85899081523667,294.897
E78,heating_validation,850.0,10.005999999999998,0.323,0.19791987898003494,0.38833034025122715,616.6702588669328,589.829,528.5233460329107,618.7249999999999,461.4552279345088,511.003,529.018332054096,590.364,461.772227591135,474.846,437.058069976085,432.65599999999995,299.5215787734995,295.00199999999995
E78,heating_validation,900.0,10.008,0.338,0.20114659294330695,0.3937629606501203,618.136540424716,592.4929999999999,531.1708368765186,622.576,464.7298141741444,515.4259999999999,531.6626073619659,594.5360000000001,465.04657098328266,479.24899999999997,438.6807787164903,437.417,300.1933744416533,295.10799999999995
E78,heating_validation,950.0,10.012,0.352,0.20421560084973855,0.39890267741802543,619.4194211517378,595.429,533.5361138897144,626.17,467.694828855921,519.533,534.0245997781145,598.414,468.01101862701984,483.376,440.1404581473556,441.85299999999995,300.8681171143212,295.203
E78,heating_validation,1000.0,10.002999999999998,0.355,0.205889669247303,0.40192389995103517,620.6273912659268,598.877,535.6736498275482,630.0619999999999,470.3873003241733,523.7239999999999,536.1589796396045,602.471,470.7026755305137,487.54999999999995,441.4361144800158,446.402,301.54055135801696,295.337
E78,heating_validation,1050.0,9.991000000000001,0.37,0.2071846421728436,0.404312236546535,621.8270452379168,600.997,537.6424223403628,633.265,472.84602490260306,527.598,538.124872733172,605.9929999999999,473.16044287729176,491.46399999999994,442.6322243152726,450.59999999999997,302.2064355170515,295.45399999999995
E78,heating_validation,1100.0,9.995999999999999,0.395,0.2098869998613776,0.4087187033193327,622.8841774220363,602.914,539.4503087448791,636.2719999999999,475.10043918552174,531.376,539.9299479632797,609.303,475.4138041725248,495.29599999999994,443.7822311653926,454.79099999999994,302.86241242751856,295.61899999999997
E78,heating_validation,1150.0,9.997,0.395,0.21200916488917254,0.41223727783572967,623.7928822217475,605.75,541.0940957946325,639.345,477.16916701861965,534.729,541.5709202072409,612.447,477.48137272541373,498.73,444.8180137561551,458.55899999999997,303.50580827560185,295.791
E78,heating_validation,1200.0,10.004999999999999,0.416,0.2146138832436777,0.4164337829517524,624.5713853593468,607.957,542.5866028421511,642.25,479.0692324361014,538.0999999999999,543.0606013514717,615.553,479.3801931897914,502.14599999999996,445.78654679990944,462.215,304.1345726810432,295.96299999999997
E78,heating_validation,1250.0,10.002,0.423,0.21606507888443083,0.41889258173133825,625.2998280087118,610.1659999999999,543.9504771212785,645.106,480.81677041305846,541.6189999999999,544.4217676606285,618.6569999999999,481.1264170782182,505.71799999999996,446.64780046960226,466.051,304.7471893968401,296.178
E78,heating_validation,1300.0,10.001,0.44,0.21754882623650362,0.4213795819525712,626.0024213720293,611.6769999999999,545.2137460014588,647.4639999999999,482.42903543349314,544.6859999999999,545.6824922206931,621.238,482.7373367487437,508.846,447.4443863964207,469.48199999999997,305.34259469618485,296.366
E78,heating_validation,1350.0,10.008,0.434,0.21961243343358516,0.4247112233687036,626.5972194782445,612.488,546.3718720033954,649.701,483.9167260425594,547.653,546.8381006899,623.662,484.2236486880614,511.86799999999994,448.19281219415734,472.798,305.9199477958242,296.56
E78,heating_validation,1400.0,10.008000000000001,0.452,0.22088027944283672,0.42684787048980927,627.1285297310196,615.425,547.4301835379949,652.329,485.28914637453954,550.597,547.8939570554123,626.246,485.5946574446838,514.904,448.85536616634187,476.154,306.4786743704313,296.77099999999996
E78,heating_validation,1450.0,10.001999999999999,0.461,0.22150644904503147,0.42801097048932246,627.6776860989064,616.142,548.4174517668143,654.4079999999999,486.5598342256122,553.377,548.8789753036359,628.517,486.8639370870391,517.799,449.45421199759363,479.22299999999996,307.01848293226544,296.96
E78,heating_validation,1500.0,10.018,0.46,0.22407453864933724,0.43204559344520055,628.0866590264811,615.885,549.3194742290175,655.807,487.7358346031084,556.027,549.7786908467874,630.245,488.03852903466657,520.5419999999999,450.06575881425766,482.32599999999996,307.5392957896571,297.15099999999995
E78,heating_validation,1550.0,10.005999999999998,0.471,0.2238758591709531,0.43196416600871246,628.5077511361649,617.31,550.1471976147109,656.738,488.8229326510411,558.343,550.6042726790621,631.4159999999999,489.12420460433054,523.073,450.5366706469298,485.269,308.04118330022595,297.371
E78,heating_validation,1600.0,9.996,0.47,0.22395540151945093,0.43225195219874357,629.026549053732,616.0319999999999,550.9501583057698,657.928,489.83908819875984,560.402,551.4054288164485,632.737,490.1390100775956,525.316,451.0138811617631,487.88,308.52438659390776,297.58799999999997
E78,heating_validation,1650.0,10.001,0.482,0.22540466062899756,0.43456127122048366,629.4704262562682,615.931,551.7109877677026,657.762,490.7912994885199,562.173,552.1645237492147,633.015,491.0899286870975,527.405,451.5101726102023,490.433,308.98936722679974,297.82399999999996
E78,heating_validation,1700.0,10.004000000000001,0.481,0.2265003930742765,0.436354313707098,629.8175670851617,615.799,552.4072291094867,657.88,491.67902474115465,563.723,552.8589939189867,633.3820000000001,491.9763723831944,529.31,451.9461468425243,492.828,309.43662687923523,298.06
E78,heating_validation,1750.0,10.005999999999998,0.495,0.22742649652889835,0.4378861510583343,630.1197104289115,617.766,553.0444197505057,658.615,492.5051814294676,565.073,553.4944347026757,634.063,492.8012605322325,530.997,452.3440795752726,494.89,309.86662983068936,298.28099999999995
E78,heating_validation,1800.0,10.014,0.503,0.22892469390597991,0.44024480999389,630.3575644986199,618.506,553.6240920727308,660.096,493.273701531926,566.854,554.0723581112748,635.5129999999999,493.56853225421276,533.001,452.7420798713495,497.145,310.2799561790256,298.541
E78,heating_validation,1850.0,10.008,0.498,0.22901661802799123,0.44050622006417783,630.6241774354734,618.211,554.1645459267127,660.762,493.9904828797908,568.5709999999999,554.6112259797719,636.42,494.28409480838013,534.9179999999999,453.0649371305699,499.246,310.6773355792734,298.792
E78,heating_validation,1900.0,10.007,0.51,0.22961766851706,0.4415037937861851,630.9187677950969,619.703,554.6847260279154,661.876,494.66377992057187,570.055,555.1299972220847,637.43,494.9562349423043,536.684,453.3991459809282,501.20099999999996,311.059434346619,299.036
E78,heating_validation,1950.0,10.013,0.52,0.23083876550675408,0.4434195960781897,631.15142352557,620.111,555.1701211032804,663.034,495.2954812601957,571.794,555.6140031416874,638.688,495.5868208549776,538.617,453.7336771721818,503.328,311.42692528434816,299.303
E78,heating_validation,2000.0,10.010000000000002,0.519,0.23114855674696522,0.4439730213793682,631.3815327427722,620.53,555.6236146387066,663.586,495.88808508058355,573.296,556.0661980047767,639.39,496.17834457888347,540.265,454.01639926178973,505.24299999999994,311.7805165338873,299.55699999999996
E78,heating_validation,2050.0,10.011000000000001,0.532,0.2318033369407042,0.4450370035698096,631.6117938054255,620.712,556.0546684475573,664.395,496.4457984462364,574.652,556.4960450705976,640.241,496.73502447878695,541.7719999999999,454.29535061135994,507.032,312.1207968586866,299.793
E78,heating_validation,2100.0,10.003000000000002,0.525,0.2316213257209765,0.4448363622321695,631.878698562497,621.395,556.47248676755,665.0,496.97315359512083,576.077,556.9128243058894,641.0029999999999,497.26140222974755,543.354,454.5412029081984,508.86799999999994,312.44834747153686,300.08099999999996
E78,heating_validation,2150.0,10.010000000000002,0.538,0.2328369863539198,0.4467197045254667,632.0990688865395,621.053,556.8708357710382,665.804,497.47267010021653,577.342,557.3101470051995,641.832,497.7599921277096,544.784,454.82117062380433,510.51699999999994,312.7637840586026,300.32599999999996
E78,heating_validation,2200.0,10.004000000000001,0.528,0.2327983556906802,0.4467210194497906,632.3171460285156,622.037,557.24519832221,666.256,497.94446575887025,578.545,557.6835590087603,642.377,498.2308966302272,546.165,455.047099454026,512.1469999999999,313.06769322922844,300.578
E78,heating_validation,2250.0,10.010000000000002,0.532,0.23391648828812217,0.4484386000795025,632.5074276497762,622.179,557.600609582752,666.699,498.3920793604648,579.761,558.0380415217986,642.939,498.6776671322088,547.546,455.30680885518495,513.756,313.360708858662,300.85999999999996
E78,heating_validation,2300.0,9.995000000000003,0.55,0.2330603397767288,0.44719230551317973,632.7775987941857,623.18,557.9527247658856,667.7639999999999,498.8197836180294,580.866,558.3894502989206,643.886,499.10458712232753,548.777,455.4998449326114,515.199,313.6434810867527,301.11899999999997
E78,heating_validation,2350.0,10.018,0.55,0.23578302187112643,0.45129841312191143,632.9080280163201,624.112,558.2783444646763,668.88,499.2263956124842,582.183,558.7141862432303,644.972,499.5104492295692,550.191,455.79845041096144,516.735,313.9166468484291,301.399
E78,heating_validation,2400.0,10.014,0.559,0.2358022207183177,0.4513748814734788,632.9929126551111,624.904,558.5563897692793,669.62,499.604368092129,583.435,558.9913014570327,645.8199999999999,499.88765197303985,551.527,455.97321904985665,518.1759999999999,314.18072630801606,301.65299999999996
E78,heating_validation,2450.0,10.012,0.554,0.23600466644616513,0.4517224251697221,633.1478518835768,625.77,558.8284975654493,670.948,499.9620642626451,584.601,559.2626323710572,646.999,500.24462001132906,552.755,456.1491092069636,519.498,314.43618334412685,301.9
E78,heating_validation,2500.0,10.003000000000002,0.553,0.2356387760687405,0.4511927205466929,633.3675710174699,626.065,559.1077646849983,671.923,500.30509674307416,585.9849999999999,559.5413296705176,648.0989999999999,500.58698708820333,554.189,456.31961376363927,520.9749999999999,314.68343842981096,302.192
E78,heating_validation,2550.0,10.014000000000003,0.571,0.23723299316467938,0.45357988195808635,633.5224322814518,625.1769999999999,559.3776366397926,672.231,500.6348581752977,587.154,559.8105949502079,648.689,500.91613380031345,555.4459999999999,456.55960448515026,522.353,314.9230280477408,302.46099999999996
E78,heating_validation,2600.0,10.017,0.571,0.23790254677220235,0.45461052799500434,633.6105142776466,625.731,559.6157840656166,672.4939999999999,500.94561834391345,588.009,560.0480513066302,648.983,501.2262775563417,556.4749999999999,456.7348521085266,523.5799999999999,315.15548241902866,302.712
E78,heating_validation,2650.0,10.012,0.569,0.23783242441968377,0.4545222973595687,633.7522237550108,627.142,559.8460125235501,673.189,501.241097738407,588.9069999999999,560.2777071188705,649.614,501.52117149088167,557.5329999999999,456.88545271946083,524.804,315.38115179156136,302.981
E78,heating_validation,2700.0,10.005999999999998,0.579,0.23764585298788587,0.45426383396262754,633.9479383781954,626.402,560.0841586853594,673.509,501.52609178999427,589.814,560.5154326927186,650.121,501.80562920702255,558.5509999999999,457.0283032644398,525.961,315.60036007332224,303.22299999999996
E78,heating_validation,2750.0,10.013,0.576,0.23864359107073907,0.45578826092678426,634.0809059540207,626.477,560.3102438678701,673.874,501.7978499952177,590.592,560.7410349197656,650.501,502.0768690098764,559.4449999999999,457.19720011275496,527.0129999999999,315.81333054741987,303.46299999999997
E78,heating_validation,2800.0,10.005,0.58,0.23813224097612085,0.4550627286800304,634.2238786255296,626.454,560.5223555771577,674.026,502.05510401108256,591.4079999999999,560.9527036230104,650.823,502.33361316375635,560.373,457.29891070530726,528.112,316.0202059342172,303.705
E78,heating_validation,2850.0,10.018999999999998,0.587,0.23973984776538326,0.45750200899039917,634.281369384243,625.8299999999999,560.7112333286834,673.978,502.2971160262564,592.038,561.1410033970405,650.906,502.5751215046936,561.1569999999999,457.46771285345267,529.0459999999999,316.2211464453803,303.926
E78,heating_validation,2900.0,10.013,0.588,0.23930955615497917,0.4569065700455134,634.334407336452,625.778,560.8734718751841,673.961,502.52099907605896,592.6189999999999,561.3026689231549,650.967,502.7984856130065,561.893,457.5414808782574,530.0129999999999,316.4163778717609,304.167
E78,heating_validation,2950.0,10.004999999999999,0.583,0.2386446312989815,0.4559694120207817,634.4717302145551,625.615,561.0427704252949,674.1379999999999,502.7333776686104,593.1659999999999,561.4715596781579,651.2239999999999,503.0103755291325,562.577,457.60013640516206,530.855,316.60600971008506,304.36199999999997
E78,heating_validation,3000.0,10.014,0.575,0.23969175058619308,0.4575728592620043,634.5375172798434,626.281,561.19958355257,674.982,502.933094485615,593.7919999999999,561.6278909724529,651.867,503.20961906568857,563.277,457.72492942361197,531.6959999999999,316.790078541037,304.57099999999997
E78,heating_validation,3050.0,10.011000000000001,0.591,0.23956758358163566,0.4574180361028607,634.5882662181168,627.375,561.337517441294,675.333,503.11979593379755,594.512,561.7653419749569,652.271,503.3958531541732,564.0840000000001,457.8013682192083,532.535,316.96884514685416,304.794
E78,heating_validation,3100.0,10.005999999999998,0.584,0.23934798433788684,0.4570966461795081,634.7013186648293,627.4079999999999,561.4816109652251,675.92,503.30022572462076,595.338,561.9090935557341,652.906,503.57586312297434,564.943,457.88952933447797,533.492,317.1426503368252,305.03499999999997
E78,heating_validation,3150.0,10.004000000000001,0.603,0.2394314354965098,0.45722652034492894,634.8328710538241,626.722,561.6338286368758,675.969,503.47696208087353,595.962,562.061053130609,653.0909999999999,503.75222428752886,565.6759999999999,457.99073606826175,534.3409999999999,317.3118751844479,305.25699999999995
E78,heating_validation,3200.0,10.005999999999998,0.598,0.23985947865065294,0.45787983066009474,634.9313747801775,627.213,561.7804293760526,676.031,503.6477094513742,596.488,562.2073676023167,653.202,503.9226151023955,566.3299999999999,458.09530327698064,535.163,317.47678915034976,305.498
E78,heating_validation,3250.0,10.011000000000001,0.594,0.24053277043983357,0.45890555646793296,634.9767884968718,625.8019999999999,561.9087409908504,676.0429999999999,503.8091405396217,596.9839999999999,562.3353063304771,653.3399999999999,504.0836873335296,566.921,458.19694527810424,535.9269999999999,317.63756187754586,305.736
E78,heating_validation,3300.0,10.008000000000001,0.595,0.24036583892731556,0.4586841049103887,635.0293179675257,625.9649999999999,562.0249350219524,675.671,503.9610029329399,597.29,562.4511411398042,653.048,504.23519069454335,567.3779999999999,458.2554998238947,536.5799999999999,317.7943261176697,305.93499999999995
E78,heating_validation,3350.0,10.011000000000001,0.613,0.2408159198189358,0.45937514337738605,635.0764952094581,626.884,562.1337863373126,675.865,504.1045221737398,597.614,562.5596355307196,653.1859999999999,504.37836224223656,567.837,458.33884385214594,537.1859999999999,317.94717871294057,306.16499999999996
E78,heating_validation,3400.0,10.02,0.598,0.241797335925933,0.46086747300537334,635.0537237075368,627.576,562.2198839272999,676.669,504.2366538373683,598.085,562.6452665363906,653.822,504.51013379794415,568.367,458.42762455476276,537.7819999999999,318.09628169583345,306.37699999999995
E78,heating_validation,3450.0,10.004999999999999,0.604,0.2404812885321569,0.4589098080637374,635.1361025259439,628.299,562.3110492545765,677.3399999999999,504.36234294801284,598.7719999999999,562.7361693330929,654.5,504.6354862442887,569.0409999999999,458.4395828404905,538.433,318.2418029153831,306.575
E78,heating_validation,3500.0,10.008,0.614,0.24100559898635832,0.4596907769866677,635.247485328709,627.995,562.42168409727,678.01,504.48828256552156,599.5419999999999,562.8466354363785,655.213,504.7611445375292,569.8,458.53423711331925,539.165,318.38391265437497,306.79999999999995
E78,heating_validation,3550.0,10.008999999999999,0.618,0.24130043360594156,0.46013344687743885,635.3106655275936,627.944,562.5252759087195,678.366,504.6102026334223,600.124,562.9500134736682,655.603,504.88279344747673,570.4459999999999,458.6129142163271,539.837,318.5228102150238,307.006
E78,heating_validation,3600.0,10.017000000000001,0.614,0.2422708892648917,0.4615849085799859,635.3210015431505,629.747,562.6125682657823,678.825,504.7260496769019,600.616,563.0369941621307,655.989,504.9983695317432,571.005,458.71129734532826,540.412,318.6586845700964,307.226
E78,heating_validation,3650.0,10.02,0.611,0.24271770548694827,0.46225557808901646,635.3060665357008,630.987,562.6813324200539,680.192,504.8338370145233,601.386,563.1053986210931,657.135,505.1058763516057,571.713,458.78107774129217,541.059,318.7917447744241,307.428
E78,heating_validation,3700.0,10.010000000000002,0.624,0.24195427122293067,0.46110164418770516,635.3873199141274,630.239,562.7613702937383,680.7909999999999,504.93939972472,602.213,563.1852619808243,657.851,505.21119083908934,572.511,458.81765967985257,541.785,318.92216770165385,307.62699999999995
E78,heating_validation,3750.0,10.021999999999998,0.619,0.24334861896554483,0.4631769568145921,635.4203174678324,629.8299999999999,562.8427821735208,680.726,505.043048437175,602.76,563.2664466162927,657.944,505.31461287550246,573.1569999999999,458.9336128621141,542.472,319.05012312669083,307.83299999999997
E78,heating_validation,3800.0,10.004999999999999,0.628,0.24194194131466973,0.4610507108296429,635.5378324456829,629.991,562.93348438407,681.026,505.1460819725737,603.171,563.3571008681945,658.2049999999999,505.41744578629687,573.635,458.95394829319775,543.0809999999999,319.17577614504916,308.04699999999997
E78,heating_validation,3850.0,10.022000000000002,0.617,0.2438254500399447,0.46386076807122684,635.5853065997321,629.056,563.026475357912,680.903,505.24939573925235,603.577,563.4499305175357,658.269,505.52058159334115,574.098,459.08910235782287,543.64,319.2992601268358,308.239
E78,heating_validation,3900.0,10.017,0.619,0.24352779713971529,0.46340494816511896,635.6070838885944,629.825,563.0991022568714,680.807,505.3459638577507,603.809,563.5223545569777,658.1669999999999,505.61695087011844,574.471,459.1357444370221,544.1579999999999,319.42065542008083,308.45899999999995
E78,heating_validation,3950.0,10.008,0.629,0.2429645185874001,0.4625270148747863,635.7421353733031,629.479,563.194775066303,680.762,505.4460677037419,604.1189999999999,563.6180350281993,658.222,505.71690946277533,574.832,459.19647207856315,544.601,319.54011346787075,308.65799999999996
E78,heating_validation,4000.0,10.014000000000003,0.629,0.2437744264618611,0.46373016040514836,635.8392684615249,629.1669999999999,563.2972096576456,680.5989999999999,505.5475713922772,604.3299999999999,563.7204387033721,658.113,505.81828587385763,575.145,459.2937767395189,545.066,319.65779540073595,308.84
E78,heating_validation,4050.0,10.004999999999999,0.628,0.24316654073421562,0.4627972217663069,635.9601351258723,629.7729999999999,563.4010422113591,680.69,505.64866910441816,604.534,563.8242957543314,658.153,505.91926742911204,575.4369999999999,459.3470175691399,545.4459999999999,319.77371339957836,309.05199999999996
E78,heating_validation,4100.0,10.016,0.62,0.24449252960232737,0.46476571876552986,636.0215970683977,630.23,563.4996678650879,681.252,505.7492744232361,604.912,563.9228371828978,658.634,506.0197647129316,575.805,459.46600008213295,545.895,319.8879739777087,309.241
E78,heating_validation,4150.0,10.011000000000001,0.633,0.244208639371852,0.46432909056347826,636.0763642100244,629.5219999999999,563.5846485621165,681.425,505.84530451100426,605.3009999999999,564.0077160548515,658.856,506.11567146343566,576.238,459.51692472040804,546.354,320.0006810157886,309.421
E78,heating_validation,4200.0,10.019000000000002,0.638,0.24518359769326004,0.46578004629413716,636.1047829959551,630.598,563.6615076604871,681.893,505.93753435362055,605.662,564.084411604277,659.227,506.2077751603542,576.635,459.60975289080073,546.771,320.1119044305112,309.609
E78,heating_validation,4250.0,10.011000000000001,0.637,0.24460041336618987,0.46489302575864816,636.1737972704913,630.415,563.7371146848262,681.9649999999999,506.02637422314297,606.0509999999999,564.1599387116846,659.3820000000001,506.29649008076575,577.06,459.6466848641336,547.236,320.2217061263687,309.791
E78,heating_validation,4300.0,10.005999999999998,0.631,0.24435928901663173,0.46451185793855365,636.3083623020194,630.035,563.8325741355632,681.891,506.11786423609885,606.323,564.2554528261364,659.384,506.3878925276461,577.415,459.7070518972684,547.6610000000001,320.3301470472259,309.96799999999996
E78,heating_validation,4350.0,10.015,0.629,0.24547476668400392,0.46616488356400276,636.365294858931,629.593,563.9215796932995,681.808,506.2080837725574,606.5509999999999,564.3443970991175,659.409,506.47802485879737,577.6959999999999,459.8126629774537,548.02,320.4372796272629,310.16299999999995
E78,heating_validation,4400.0,10.016,0.628,0.24575591580028522,0.46657487228015,636.3843266620005,630.2819999999999,563.99193315122,681.983,506.29304355494844,606.7339999999999,564.4146075922838,659.499,506.56287627304425,577.9359999999999,459.87644302255353,548.364,320.5431818084959,310.337
E78,heating_validation,4450.0,10.012,0.639,0.2455575891961912,0.46626417473421994,636.4512210482528,631.779,564.0644896728866,682.627,506.376116048659,607.011,564.4870951900202,659.968,506.64584900218523,578.237,459.92485820438395,548.644,320.64790757126013,310.50699999999995
E78,heating_validation,4500.0,10.015999999999998,0.651,0.24597389433428618,0.4669142505896069,636.4891801643345,632.5519999999999,564.1322806084881,683.457,506.45452168282054,607.555,564.5547612823821,660.75,506.72413732806274,578.728,459.9682850248263,549.054,320.7513973212309,310.644
E78,heating_validation,4550.0,10.002,0.636,0.24462494123618184,0.46491899404149406,636.5909612630915,631.739,564.205532600622,684.212,506.5288882241307,608.111,564.6280047424882,661.5029999999999,506.7983838080743,579.271,459.9477019519467,549.515,320.8533427917294,310.77099999999996
E78,heating_validation,4600.0,10.005999999999998,0.648,0.2450342407058319,0.46556099277505675,636.6740002277147,631.718,564.2843415239704,684.213,506.60152399207277,608.549,564.7067772827191,661.625,506.87090884903296,579.7049999999999,459.9903990448423,549.972,320.9534913099649,310.88
E78,heating_validation,4650.0,10.014999999999999,0.641,0.2459167428067952,0.46690779005549776,636.6415943752042,630.425,564.3334528623966,684.122,506.66517480744693,608.856,564.755643691685,661.692,506.93441143031475,580.046,460.04106510400413,550.372,321.0517155263416,311.003
E78,heating_validation,4700.0,10.004000000000001,0.646,0.2449337140722897,0.46543382740805417,636.6801934317615,630.228,564.3788951774147,683.602,506.72493389036606,608.904,564.8009558623401,661.27,506.9940302447832,580.2249999999999,460.0376377897985,550.683,321.14810570813165,311.161
E78,heating_validation,4750.0,10.012,0.637,0.24582921109104672,0.46677310445376013,636.7097481101508,630.785,564.4293840437213,683.394,506.78445658112446,608.9110000000001,564.8513120160139,661.049,507.0534330864135,580.322,460.10569494759716,550.912,321.24287851405643,311.31399999999996
E78,heating_validation,4800.0,10.004000000000001,0.638,0.24516021519112352,0.465765605898393,636.762495101631,631.202,564.4801920233092,683.5509999999999,506.8422921977582,609.028,564.9020524458549,661.1949999999999,507.1111531987326,580.491,460.11717208527836,551.127,321.33616989445306,311.457
E78,heating_validation,4850.0,10.023,0.65,0.24711548172716535,0.46869371857896625,636.7098472895625,630.233,564.5141075976076,683.906,506.89596437308256,609.298,564.9357027466053,661.5429999999999,507.1646975688384,580.751,460.2168397512213,551.433,321.4280765816841,311.61199999999997
E78,heating_validation,4900.0,10.017,0.658,0.24658210011242998,0.4678934878230736,636.6661524156381,629.971,564.5276651003815,683.0319999999999,506.9419082497085,609.415,564.9490025838742,660.92,507.21048526565903,580.98,460.2163405958904,551.73,321.51869999454277,311.78099999999995
E78,heating_validation,4950.0,10.021000000000003,0.645,0.24700829542859326,0.46853897647533505,636.657090456991,632.137,564.5469235821779,683.7629999999999,506.98552885551345,609.404,564.9680555602013,661.247,507.25396024228036,581.0039999999999,460.2483574583704,551.848,321.608080839173,311.916
E78,heating_validation,5000.0,10.007,0.641,0.2457102151240802,0.4665926163628613,636.7386540106912,631.932,564.5844533835249,684.603,507.02973576359443,609.816,565.0055772571984,662.0509999999999,507.2980454386268,581.3789999999999,460.22697289903925,552.124,321.69614462744977,312.03799999999995
E78,heating_validation,5050.0,10.016,0.638,0.24664786703055364,0.46800542683025786,636.7795390177087,631.8489999999999,564.6310568713783,684.903,507.0755287737327,610.289,565.0521186506226,662.424,507.34373505069647,581.8019999999999,460.28493608608034,552.508,321.78280612844617,312.144
E78,heating_validation,5100.0,10.025,0.646,0.24749329270398768,0.46929388801390304,636.7039097082074,631.124,564.645997695808,684.798,507.11301628645936,610.5509999999999,565.0667779043426,662.421,507.38107313669855,582.103,460.31870939493126,552.833,321.8679714103072,312.27099999999996
E78,heating_validation,5150.0,10.013,0.653,0.24629703436403083,0.4675155935897468,636.7186595123031,633.068,564.6613421903371,685.25,507.1468898124754,610.707,565.0819795683524,662.72,507.4147988784954,582.27,460.2812453307927,553.027,321.95158726894994,312.37899999999996
E78,heating_validation,5200.0,10.001,0.647,0.24524287319961868,0.46592626100959056,636.8639406908992,633.848,564.7153844439553,686.2819999999999,507.1878941038891,611.1379999999999,565.1361476666704,663.53,507.45572035145494,582.664,460.2778459511543,553.3340000000001,322.03363766285605,312.506
E78,heating_validation,5250.0,10.024,0.647,0.24758763842452658,0.46943767179471807,636.8348098031036,633.2429999999999,564.7550444593253,686.9359999999999,507.22831846555346,611.703,565.1756501951436,664.271,507.4960536320704,583.141,460.38931247880186,553.69,322.114201049879,312.631
E78,heating_validation,5300.0,10.016,0.645,0.24681811859086855,0.4682892111094421,636.7943307459468,632.299,564.7674834822892,686.403,507.26183523857765,612.0419999999999,565.1878871754782,664.0509999999999,507.5294410898085,583.547,460.3713682305802,554.098,322.19340619200017,312.751
E78,heating_validation,5350.0,10.018,0.649,0.24706430234202426,0.46865874880964087,636.8085791500707,632.064,564.7891089335532,686.227,507.29565309720726,612.0609999999999,565.2093872411651,663.877,507.5631495200504,583.649,460.39760222332984,554.318,322.2713243562745,312.88599999999997
E78,heating_validation,5381.0,10.012,0.637,0.24649860492596598,0.4678134061892971,636.838975646643,631.689,564.8074530440206,685.819,507.3167533618805,612.092,565.2277106521296,663.635,507.5841870457799,583.704,460.38731932309156,554.4549999999999,322.3189942237708,312.95899999999995
E80,heating_validation,0.0,6.605,-0.296,-0.31277171097089257,-0.3127496496086207,294.288,295.969,294.288,294.645,294.288,294.544,294.288,294.71799999999996,294.288,294.654,294.288,294.585,294.288,294.35499999999996
E80,heating_validation,50.0,6.5889999999999995,-0.276,-0.25591167723872904,-0.238576033747378,430.49062052632155,337.548,333.77606928785417,322.27599999999995,308.75671520074263,301.268,333.9977022644126,308.774,308.8360409232288,297.763,323.92821141863226,296.393,294.28866801447646,294.363
E80,heating_validation,100.0,6.608000000000001,-0.239,-0.2159116894188517,-0.18581159116131551,500.70234851824375,382.642,372.50448086899416,367.40999999999997,324.83409029402867,323.393,372.84423845140554,344.044,324.95955405167024,313.601,345.5431306220162,305.67199999999997,294.2923189706661,294.34499999999997
E80,heating_validation,150.0,6.603000000000001,-0.206,-0.18672469127225538,-0.14664362857270868,548.4335019021983,427.794,405.8041173770297,410.575,341.59798278779294,347.78,406.2289919759295,381.938,341.76478505893607,333.159,362.7274666403463,318.005,294.3017902079309,294.335
E80,heating_validation,200.0,6.601999999999999,-0.19,-0.16335623476566818,-0.1150546033905156,583.46269923057,464.30999999999995,433.9015224067349,445.429,358.03321894590295,368.067,434.38869504212266,414.313,358.2361835345904,350.05699999999996,376.8780876724808,328.87399999999997,294.32552284939277,294.342
E80,heating_validation,250.0,6.608000000000001,-0.166,-0.14381669809478648,-0.08851878942987551,610.2005609412777,495.288,457.71423088338923,475.075,373.6104409493068,385.609,458.24828884923767,442.94499999999994,373.84456782222605,365.085,388.7592590513093,338.719,294.37802864754633,294.352
E80,heating_validation,300.0,6.5920000000000005,-0.147,-0.1292320479639913,-0.06839299006575643,631.2957725782398,522.971,478.0638411568135,501.984,388.1149350150009,401.89599999999996,478.63397948565193,469.563,388.3757263025369,379.26199999999994,398.81931202998686,348.11899999999997,294.47659017530003,294.385
E80,heating_validation,350.0,6.6099999999999985,-0.111,-0.11436148439693605,-0.04811239074468936,648.1782423524443,544.7339999999999,495.5924969008572,523.643,401.50870986573005,415.131,496.1906721014263,490.995,401.7924005058809,390.94,407.5812604600121,356.02799999999996,294.6375516319571,294.39799999999997
E80,heating_validation,400.0,6.597,-0.103,-0.10411030591570813,-0.03380503035941136,661.9907608876723,562.8979999999999,510.7946553853495,542.22,413.81665478267917,426.93399999999997,511.4147800788921,509.75199999999995,414.1199266016051,401.412,415.0743452650921,363.467,294.8733822971798,294.42999999999995
E80,heating_validation,450.0,6.6049999999999995,-0.083,-0.09357614644875123,-0.01926592818678323,673.452796274829,577.769,524.0798623376152,558.207,425.10285946148633,437.41099999999994,524.7172168955515,526.125,425.4229446315569,410.756,421.72364703211684,370.404,295.19148947252006,294.486
E80,heating_validation,500.0,6.603000000000001,-0.064,-0.08521717899129266,-0.007602940873953856,683.0609571358013,591.277,535.7528561109764,572.828,435.44559257053186,447.412,536.4037051929927,541.284,435.7800882667018,419.76199999999994,427.5440456912425,377.426,295.59428661523884,294.539
E80,heating_validation,550.0,6.603000000000001,-0.06,-0.07773931013833169,0.002845722635286263,691.2410856184503,603.106,546.0753834857788,584.996,444.9232763487621,455.79499999999996,546.7367928373524,553.8,445.2701238310263,427.46999999999997,432.7138079137508,383.597,296.07984216096247,294.601
E80,heating_validation,600.0,6.603999999999998,-0.048,-0.07103391832537842,0.012227915158273095,698.2536042161247,612.611,555.2499015315923,595.607,453.61426235875587,463.542,555.919505057626,564.9159999999999,453.9716894594387,434.623,437.33338803325046,389.41099999999994,296.6428383862727,294.67499999999995
E80,heating_validation,650.0,6.603000000000001,-0.03,-0.065245246002552,0.02036204566216286,704.3315307865879,621.238,563.4458268119579,605.68,461.59155591658634,471.159,564.1217398575504,575.391,461.95802924555926,441.76599999999996,441.46810430522646,395.53,297.27575443206683,294.75399999999996
E80,heating_validation,700.0,6.603000000000001,-0.012,-0.05999807564191251,0.027743063398502507,709.6434283724993,629.169,570.802925255103,614.086,468.92249869668785,477.706,571.4836283888901,584.0840000000001,469.29669353972633,447.905,445.1932929493313,401.07399999999996,297.9697121232731,294.83599999999996
E80,heating_validation,750.0,6.598,-0.013,-0.05584075612419981,0.033664200306566985,714.3396256646181,635.249,577.4386254166407,621.512,475.66739030771214,483.806,578.1229242655704,591.886,476.0481465910106,453.678,448.51352842186935,406.388,298.71510225309373,294.931
E80,heating_validation,800.0,6.598,-0.002,-0.05169665045790717,0.039535026678325605,718.4975387445127,641.8389999999999,583.446548445899,628.655,481.8811294917555,489.83899999999994,584.1334336638148,599.377,482.26744598855856,459.397,451.5383057173723,411.789,299.50209215448564,295.02
E80,heating_validation,850.0,6.597,-0.003,-0.04805704013690393,0.044710914430542995,722.1773662526633,646.488,588.8982231189103,634.787,487.61309751335733,495.178,589.5868419545691,605.854,488.0040979347302,464.519,454.2809520524591,416.679,300.32121889182304,295.11699999999996
E80,heating_validation,900.0,6.599,0.006,-0.04450141211934755,0.049752480116184744,725.4438795073054,650.1389999999999,593.8572368958622,640.105,492.9070976145242,500.173,594.546862178073,611.5709999999999,493.3020160174634,469.31899999999996,456.7881024386395,421.346,301.1637547503061,295.212
E80,heating_validation,950.0,6.603000000000001,0.009,-0.0410570947358494,0.05462389399562678,728.3329213846114,654.588,598.3734825570069,644.942,497.80167521348596,504.813,599.0634796393891,616.755,498.1998361356769,473.803,459.08858235137166,425.841,302.021766283086,295.33099999999996
E80,heating_validation,1000.0,6.590999999999998,0.021,-0.0394689865374509,0.05701248329234282,731.0162771092524,659.4649999999999,602.5170006874023,649.98,502.33416448476856,509.53,603.20707266174,622.044,502.7349832420239,478.51199999999994,461.1112881539044,430.465,302.8882339293377,295.45799999999997
E80,heating_validation,1050.0,6.619,0.023,-0.034041805820889226,0.06446781716611906,733.2756083163586,662.895,606.298213500859,654.432,506.5360413709402,513.828,606.9876736762632,626.69,506.93902616813494,482.745,463.21226963712803,434.652,303.75712830090436,295.60299999999995
E80,heating_validation,1100.0,6.597,0.038,-0.03388301134282645,0.06490706914844543,735.4116427330017,666.784,609.7667553152927,658.678,510.43437043352094,517.894,610.4555097013878,631.1099999999999,510.8390470761359,486.81999999999994,464.85926212844834,438.456,304.62340212531217,295.756
E80,heating_validation,1150.0,6.612,0.059,-0.030105925556259794,0.07013723533216668,737.3719052776155,670.077,612.9816514155664,663.0899999999999,514.0614147765293,522.116,613.6694799034021,635.711,514.4674416187307,490.985,466.61210076871043,442.643,305.482818046791,295.92699999999996
E80,heating_validation,1200.0,6.595999999999999,0.06,-0.029631412808217794,0.07094944102452361,739.2220494141014,671.814,615.9602205633682,666.511,517.4393088171788,525.942,616.6471238104307,639.4359999999999,517.8463557543619,494.851,468.06168351428454,446.49699999999996,306.33178339579456,296.133
E80,heating_validation,1250.0,6.603999999999998,0.07,-0.026827372239233815,0.07485223719712242,740.9345811260316,674.468,618.7395994122323,669.784,520.5937821554567,529.4739999999999,619.4254644871353,642.8679999999999,521.0016048757448,498.491,469.5594157400733,450.18999999999994,307.167410399544,296.313
E80,heating_validation,1300.0,6.604,0.077,-0.025014479199220063,0.07742565782316913,742.4559168490455,676.702,621.3098616077966,672.745,523.5387984318219,532.9079999999999,621.9945065354335,646.021,523.9471419680807,501.984,470.89447560679616,453.78999999999996,307.9872866695814,296.524
E80,heating_validation,1350.0,6.603000000000001,0.084,-0.023459796142929923,0.07964837781101106,743.8781543722333,678.602,623.7014831592394,675.929,526.292251718655,536.425,624.3848560663939,649.352,526.7009079314175,505.558,472.1227465968385,457.49899999999997,308.7894941181368,296.75399999999996
E80,heating_validation,1400.0,6.614000000000001,0.088,-0.020815019649818245,0.08332656401314938,745.1105438679995,680.654,625.9118039499577,678.55,528.86551871289,539.564,626.5936753631925,652.1099999999999,529.2742845193645,508.84299999999996,473.32830245508563,460.772,309.5724514811076,296.96
E80,heating_validation,1450.0,6.598999999999999,0.089,-0.021034412217548537,0.08316993900854072,746.3386748793764,682.5,627.9769266619996,681.133,531.2738905183186,542.547,628.6574548636695,654.881,531.6826010638692,511.991,474.2735434061608,463.967,310.3349180950113,297.159
E80,heating_validation,1500.0,6.598,0.09,-0.019863767637913976,0.08486414680106424,747.5454693611657,684.748,629.9318391838397,683.875,533.5350371995999,545.72,630.6111384717233,657.74,533.9435883642429,515.21,475.2515322851789,467.24899999999997,311.0759135452675,297.37
E80,heating_validation,1550.0,6.603000000000001,0.096,-0.01815713966403132,0.08726992128988474,748.5891712794335,687.101,631.7523752378927,686.6179999999999,535.6553954074589,548.573,632.4303016167531,660.526,536.063661729567,518.158,476.20083675447916,470.211,311.79477728539143,297.566
E80,heating_validation,1600.0,6.6099999999999985,0.118,-0.016287326749656272,0.08988213606754686,749.479200181824,688.651,633.4325640320815,689.2439999999999,537.6425934832188,551.424,634.1089417046124,663.27,538.0504560099088,521.103,477.10963522971133,473.17699999999996,312.4912489031716,297.77599999999995
E80,heating_validation,1650.0,6.6,0.107,-0.016261506371740175,0.09001010502997513,750.3875193203354,689.759,635.0105324857757,691.623,539.5106659202745,554.348,635.6855472190318,665.8199999999999,539.9180556060469,524.161,477.8570926901119,476.28599999999994,313.16544117384683,298.025
E80,heating_validation,1700.0,6.590999999999998,0.116,-0.016091656509295005,0.0903103197599659,751.3586469053839,691.24,636.5271803128724,693.568,541.2758130732065,556.9459999999999,637.2011310726807,667.963,541.6827215484532,526.896,478.5994871176627,479.056,313.81764941613716,298.294
E80,heating_validation,1750.0,6.61,0.118,-0.013060566807689966,0.09445537482610329,752.1195568680598,691.92,637.9394422022924,695.323,542.9381408265915,559.396,638.612052197199,669.896,543.3444989644281,529.4739999999999,479.4706699015776,481.717,314.4483296113324,298.54499999999996
E80,heating_validation,1800.0,6.603999999999998,0.135,-0.012738484501404135,0.09495329398425244,752.8029969709515,693.106,639.243122489026,697.056,544.5011062144403,561.692,639.9143717100859,671.798,544.9068454503314,531.9459999999999,480.12403251744126,484.32099999999997,315.05796960288046,298.832
E80,heating_validation,1850.0,6.604000000000001,0.135,-0.011858783851932508,0.09620220790338861,753.5069632722368,694.259,640.4803771308138,698.7339999999999,545.9775473919867,564.06,641.1504070309454,673.613,546.3826526772508,534.4659999999999,480.7729832370393,487.006,315.64714439430975,299.116
E80,heating_validation,1900.0,6.611,0.142,-0.010340344036488536,0.0983156306348405,754.1042567798531,695.825,641.6335128062062,700.3209999999999,547.367516659767,566.202,642.3022281365766,675.268,547.7719353599983,536.7539999999999,481.41337918256886,489.426,316.2162925933121,299.393
E80,heating_validation,1950.0,6.614000000000001,0.136,-0.009317604437277138,0.09976086619514425,754.6231158839724,696.722,642.70040789798,702.024,548.6741499878241,568.316,643.3677542064403,677.0039999999999,549.0778319946321,539.01,481.9811593761605,491.768,316.7658212853589,299.662
E80,heating_validation,2000.0,6.614000000000001,0.147,-0.008639508834679788,0.10073498419194139,755.12737682894,697.601,643.7000696219551,703.467,549.9050873098287,570.527,644.3661274170228,678.598,550.3080126738224,541.3009999999999,482.50075958108545,494.224,317.2962383464619,299.95099999999996
E80,heating_validation,2050.0,6.613000000000001,0.152,-0.008108444969008866,0.10150808403062159,755.6315247821746,698.602,644.6468258980096,704.995,551.0671700651047,572.495,645.3117132296281,680.192,551.4693354714009,543.3489999999999,482.98406413612963,496.447,317.8081366900509,300.23499999999996
E80,heating_validation,2100.0,6.608000000000001,0.155,-0.008042953895961213,0.10165134434079985,756.1545660658927,700.146,645.5534347870362,706.4839999999999,552.1670809228418,574.404,646.2173226122452,681.751,552.5684991160277,545.345,483.41353697934437,498.563,318.3020879909798,300.501
E80,heating_validation,2150.0,6.6,0.152,-0.008261746653846935,0.10139802942709793,756.7253977300884,701.054,646.4363392267963,708.063,553.2132536835525,576.318,647.0994639090814,683.3879999999999,553.6139658129748,547.3109999999999,483.82186706775565,500.63699999999994,318.7786538072229,300.774
E80,heating_validation,2200.0,6.598,0.173,-0.007835123592919935,0.10200800210558593,757.2852749972228,701.749,647.2929921352559,709.5699999999999,554.210479736384,578.325,647.9554564101786,685.0419999999999,554.6105223864984,549.394,484.26158283554986,502.852,319.2385106252932,301.085
E80,heating_validation,2250.0,6.599,0.16,-0.007190260192273645,0.1029223593683927,757.7739224327951,702.322,648.1048760895667,710.854,555.1578504636959,580.097,648.7666243670517,686.409,555.5572262562341,551.228,484.67721176350335,504.81399999999996,319.6823282415663,301.35799999999995
E80,heating_validation,2300.0,6.604,0.16,-0.006186585395448807,0.10432464050226661,758.1651997897712,702.175,648.8568835557344,711.767,556.053551194594,581.7819999999999,649.5177687594738,687.538,556.4522392474142,553.005,485.083735387033,506.74699999999996,320.1106166992978,301.61499999999995
E80,heating_validation,2350.0,6.603000000000001,0.166,-0.005913718871299878,0.10474737047190752,758.5179816491141,703.511,649.554106353457,712.925,556.8992653469545,583.454,650.2141016458957,688.73,557.2972511213742,554.765,485.4077254162843,508.679,320.5238621216872,301.893
E80,heating_validation,2400.0,6.599,0.169,-0.005880910594943778,0.10482568814965228,758.8963656107106,703.894,650.2189237528634,714.1769999999999,557.7018634401168,585.0229999999999,650.8781631298331,690.009,558.0991719246477,556.4079999999999,485.7250712803816,510.447,320.9225882777506,302.174
E80,heating_validation,2450.0,6.603000000000001,0.169,-0.004964269980023972,0.10608787573139947,759.2393705665886,703.816,650.8496559703123,714.978,558.4641905714113,586.547,651.5081397949041,690.9649999999999,558.8608390294713,558.045,486.09513766057535,512.209,321.3075911429728,302.46799999999996
E80,heating_validation,2500.0,6.608000000000001,0.174,-0.0039529663497849254,0.10747380433141017,759.5092275428585,704.572,651.4328369130478,715.903,559.1853602945091,588.068,652.0904841992942,691.899,559.5813455198594,559.642,486.45574062137314,513.992,321.6797132445042,302.774
E80,heating_validation,2550.0,6.604,0.187,-0.003942114843331956,0.10750787189452192,759.7984560702897,704.317,651.9852396128321,716.8309999999999,559.8703785589762,589.4369999999999,652.6421607230125,692.851,560.265723808575,561.131,486.7344954736541,515.623,322.03969739951725,303.051
E80,heating_validation,2600.0,6.606,0.187,-0.0032831116050607845,0.10841367530344753,760.0911963168215,704.429,652.5162574853108,717.322,560.5229628889065,590.751,653.1725244111572,693.5,560.9176951485085,562.573,487.048380754755,517.201,322.3882019356514,303.34099999999995
E80,heating_validation,2650.0,6.6,0.193,-0.003542374816227989,0.10808375258291626,760.406658710019,705.223,653.0306733721202,717.9169999999999,561.1455199297168,591.934,653.6864240427183,694.144,561.5396691048841,563.8889999999999,487.2824693275813,518.73,322.725738396506,303.621
E80,heating_validation,2700.0,6.6,0.198,-0.0031899889985833596,0.10858366127587786,760.7212055681125,705.4659999999999,653.5311898817108,718.6479999999999,561.7403941473133,593.208,654.1864786650908,694.949,562.1339864477976,565.2829999999999,487.54204396982607,520.269,323.05268973509163,303.904
E80,heating_validation,2750.0,6.612,0.203,-0.0016339118110849649,0.11072164350349094,760.8960738012805,704.9359999999999,653.9820062272711,719.343,562.3002599133304,594.375,654.6365618118223,695.7159999999999,562.693257866761,566.53,487.84658106423944,521.68,323.3693305329542,304.16999999999996
E80,heating_validation,2800.0,6.608999999999999,0.203,-0.0017703658108070286,0.11057652654063294,761.0462474777237,705.476,654.3877896546909,719.8,562.825858065195,595.5070000000001,655.0415942165998,696.298,563.2182453529217,567.751,488.0127293938226,523.081,323.6758893927583,304.407
E80,heating_validation,2850.0,6.608999999999999,0.188,-0.0015952167631921865,0.11085187149458416,761.2285398611516,705.568,654.7746777916757,720.5889999999999,563.3235247555529,596.669,655.427822346697,697.092,563.7153189392799,569.012,488.19006462751497,524.479,323.97260233212546,304.668
E80,heating_validation,2900.0,6.605,0.198,-0.0017621337133088,0.11064538919419285,761.4380512506968,705.558,655.1501432928566,721.135,563.7967793569633,597.761,655.8027679934632,697.7090000000001,564.18801317631,570.183,488.3610812801965,525.76,324.2597831695292,304.918
E80,heating_validation,2950.0,6.605,0.201,-0.0014450501755449707,0.11108270079788593,761.658717077147,705.76,655.5187859552964,721.697,564.2499357606426,598.7719999999999,656.1709750856016,698.318,564.6406493951497,571.2929999999999,488.5718850953208,526.991,324.5379931478508,305.188
E80,heating_validation,3000.0,6.600999999999999,0.206,-0.001538061345283892,0.11095886285485848,761.897275720012,706.122,655.8820170264241,722.192,564.6856606426245,599.797,656.5338827703172,698.857,565.0758976299901,572.441,488.7576234927195,528.2819999999999,324.80786618248067,305.47499999999997
E80,heating_validation,3050.0,6.5950000000000015,0.207,-0.0018750212400431288,0.11050867831860482,762.1784085941277,708.1479999999999,656.2493972626564,723.029,565.1077501901076,600.7639999999999,656.9010897758528,699.62,565.4975625731381,573.472,488.91924770736665,529.433,325.0699002332396,305.75199999999995
E80,heating_validation,3100.0,6.597,0.217,-0.0013652341748264796,0.11120591282968187,762.4260512205633,707.711,656.6074375121239,723.835,565.5141365378704,601.794,657.2589213731549,700.49,565.9035447711707,574.55,489.12803401799124,530.583,325.3244354715091,306.024
E80,heating_validation,3150.0,6.6080000000000005,0.209,6.975747987014724e-5,0.11315996258304419,762.5391040460223,708.145,656.9222642797502,724.449,565.8972799564123,602.775,657.5732496600399,701.1679999999999,566.286249105737,575.614,489.3764075915402,531.712,325.5717620145033,306.296
E80,heating_validation,3200.0,6.611,0.222,0.0005459286047461154,0.1138268527754876,762.5901258412254,707.512,657.1909422087183,725.073,566.2553411826873,603.8019999999999,657.8412952193902,701.835,566.6438408941436,576.7049999999999,489.5308369353814,532.896,325.812162905047,306.57099999999997
E80,heating_validation,3250.0,6.6,0.211,-0.0004775249158371908,0.11245801615746857,762.7569928171732,707.707,657.4595403070455,725.2049999999999,566.5983231196976,604.665,658.1095463322946,702.114,566.9863987281367,577.654,489.58951252152394,533.934,326.0458584546699,306.82
E80,heating_validation,3300.0,6.601999999999999,0.214,-0.0001478994011669954,0.11293134134358683,762.9371897003293,708.807,657.7321860908277,725.68,566.9275719273946,605.406,658.3819021983063,702.583,567.3152449058651,578.521,489.7221207685551,534.925,326.27302048605014,307.03299999999996
E80,heating_validation,3350.0,6.6099999999999985,0.204,0.0008119406913458249,0.1142579410165278,763.0075350547958,709.884,657.9712327480298,726.5139999999999,567.2349156525042,606.281,658.6204484419516,703.332,567.6221503383849,579.4179999999999,489.8832919686683,535.896,326.4936721379395,307.255
E80,heating_validation,3400.0,6.61,0.211,0.0009191072329099992,0.114422764518585,763.0513143398257,709.6379999999999,658.180466855785,727.2439999999999,567.5224179050774,607.2529999999999,658.8291414391796,704.096,567.9092074448124,580.46,489.9853806626993,536.957,326.7079791063197,307.51599999999996
E80,heating_validation,3450.0,6.615,0.214,0.0016343592109757665,0.11539771893661202,763.0861398322529,709.249,658.3706820130446,727.644,567.79358268493,608.105,659.0188007456036,704.592,568.1799373712208,581.377,490.1381303257641,537.9110000000001,326.91630275181296,307.763
E80,heating_validation,3500.0,6.6080000000000005,0.212,0.0010281675101332377,0.11458377805032519,763.1847489795716,709.539,658.560388134119,727.8589999999999,568.053145441067,608.827,659.2081479882957,704.886,568.4391025603973,582.1859999999999,490.1980959520269,538.797,327.1190679203187,308.00199999999995
E80,heating_validation,3550.0,6.603999999999998,0.2,0.0008553980344595535,0.1143392012187088,763.3579120257757,709.528,658.7691387132602,728.2529999999999,568.3076554476347,609.559,659.416753108904,705.303,568.6932788021786,583.006,490.3134212339145,539.76,327.31662524707394,308.27799999999996
E80,heating_validation,3600.0,6.598000000000001,0.224,0.00043812414694122115,0.11376881920229032,763.5687541158253,709.163,658.9942399067079,728.4,568.5585293102235,610.223,659.641858191972,705.527,568.9438700942319,583.75,490.4074286801623,540.607,327.50934866671287,308.51599999999996
E80,heating_validation,3650.0,6.605,0.226,0.0013872494934512591,0.11505688926726998,763.7080079577236,709.239,659.2099262027608,728.611,568.8006053748488,610.829,659.8574024620483,705.7629999999999,569.185662359001,584.439,490.57760886507185,541.4169999999999,327.697430266943,308.76
E80,heating_validation,3700.0,6.599,0.233,0.0008686475875478994,0.11436348266989128,763.8413019072983,710.123,659.4123146267398,729.152,569.0327703284916,611.4079999999999,660.0596579910108,706.2159999999999,569.4175498857487,585.112,490.63497653083266,542.191,327.8809311941476,308.989
E80,heating_validation,3750.0,6.601000000000001,0.217,0.001198143156290965,0.1148224853961786,763.9716153415366,709.6759999999999,659.6091986138836,729.572,569.2567099324881,612.159,660.2563891491698,706.707,569.6412222640613,585.89,490.74129630846954,543.048,328.05989282917847,309.2
E80,heating_validation,3800.0,6.600000000000001,0.212,0.0010928078571108557,0.11470931010786095,764.0710945082521,708.419,659.7902936021534,729.776,569.4687562988867,612.784,660.4372761623574,706.9659999999999,569.8529863916909,586.582,490.78961360689084,543.7929999999999,328.2342956749009,309.399
E80,heating_validation,3850.0,6.601999999999999,0.214,0.001346130673734236,0.11507440374782846,764.1451101670679,708.9179999999999,659.955135403125,729.899,569.6686861261986,613.3299999999999,660.6018478953747,707.155,570.0526247239518,587.1869999999999,490.8653540029236,544.5039999999999,328.40404788362764,309.55699999999996
E80,heating_validation,3900.0,6.597,0.228,0.0009244947062765352,0.11450805690662628,764.2462224029567,708.496,660.1153598755945,730.142,569.860525459442,613.915,660.7618920349471,707.4259999999999,570.2441961035969,587.822,490.91510548836965,545.2539999999999,328.56929816511877,309.78099999999995
E80,heating_validation,3950.0,6.606,0.229,0.00204121316747341,0.11602286673054885,764.2933063781193,708.9079999999999,660.2609986406494,730.266,570.0429487075727,614.396,660.9072254968339,707.554,570.4263469149616,588.394,491.0667204683027,545.912,328.730429498479,309.98699999999997
E80,heating_validation,4000.0,6.607000000000001,0.232,0.002262536862317921,0.11632535609221847,764.297798432711,708.3299999999999,660.3816740995665,730.3599999999999,570.2131385711906,614.887,661.0275205858188,707.74,570.5962493046347,588.9269999999999,491.1484133301299,546.546,328.8878015338044,310.198
E80,heating_validation,4050.0,6.6160000000000005,0.237,0.003358451397005635,0.11781118807923645,764.2598761965598,709.726,660.4791047740107,730.453,570.371284447692,615.298,661.1244562795498,707.824,570.7540918014394,589.432,491.28411370435674,547.1659999999999,329.0416968722501,310.424
E80,heating_validation,4100.0,6.621,0.231,0.003962394458449925,0.11863698124539233,764.1809840381454,708.842,660.5485974783842,730.9449999999999,570.5151347894006,615.8389999999999,661.1933701714382,708.274,570.8976124207371,589.991,491.3686841643353,547.825,329.19233304941235,310.662
E80,heating_validation,4150.0,6.604,0.234,0.002168943465931328,0.1162121921120756,764.2735847538236,709.798,660.6420503251165,730.972,570.6568431401665,616.307,661.2866725219919,708.405,571.0390585287431,590.501,491.2981225900516,548.4169999999999,329.3397996696352,310.87399999999997
E80,heating_validation,4200.0,6.608000000000001,0.234,0.0027212375801219935,0.11696117077177152,764.3994700269818,709.803,660.7628905474262,731.2249999999999,570.798918261061,616.7729999999999,661.4074661623722,708.6320000000001,571.1809138417415,591.01,491.3992288963902,548.999,329.48407338372976,311.091
E80,heating_validation,4250.0,6.608000000000001,0.232,0.002783299402889683,0.11705339211504981,764.464484886402,709.058,660.874868250213,731.449,570.9339335469223,617.247,661.5193092510301,708.873,571.3156988329669,591.5409999999999,491.45237710628396,549.615,329.6251412526004,311.30199999999996
E80,heating_validation,4300.0,6.603999999999998,0.225,0.002395690232655401,0.1165379496920202,764.5527430739717,708.788,660.9886901720447,731.2909999999999,571.0655123900664,617.655,661.6330528037429,708.827,571.4470680596885,591.998,491.47221469643586,550.151,329.7629661183273,311.486
E80,heating_validation,4350.0,6.608999999999999,0.229,0.002970297704929181,0.11732987756638825,764.6001610446161,708.79,661.093562633497,731.315,571.1910041632215,617.949,661.7377424646814,708.8489999999999,571.5723426248228,592.3689999999999,491.54915781579865,550.633,329.8975221704592,311.671
E80,heating_validation,4400.0,6.6129999999999995,0.245,0.003420273983093969,0.11795312668174883,764.5886277461634,709.71,661.1752185765345,731.5909999999999,571.3065298270669,618.3119999999999,661.8190832039238,709.088,571.6876263047798,592.755,491.6096898030148,551.108,330.02882213008564,311.856
E80,heating_validation,4450.0,6.6,0.241,0.0020845369402092695,0.11614272919449249,764.6868727213634,710.8889999999999,661.2698066958371,732.12,571.4213459109218,618.747,661.9136327305833,709.5519999999999,571.8022532088776,593.25,491.56969403005917,551.62,330.15699348937176,312.075
E80,heating_validation,4500.0,6.6099999999999985,0.226,0.003214537834110076,0.11768475374449479,764.7440939496487,709.645,661.3674254234477,732.4069999999999,571.5333660455301,619.223,662.011103964692,709.894,571.9140835797339,593.73,491.68298877779927,552.117,330.2822323018894,312.245
E80,heating_validation,4550.0,6.593,0.237,0.0014343008926411827,0.11527357687932158,764.8765123477358,709.921,661.4739548043488,732.355,571.6442935596586,619.6279999999999,662.1177218744231,709.932,572.0248598242974,594.174,491.612119509244,552.615,330.4045835917095,312.42499999999995
E80,heating_validation,4600.0,6.601999999999999,0.234,0.002513914593001876,0.11673768095976697,764.987300429234,711.1659999999999,661.5914320571453,732.79,571.7563195646974,619.962,662.2352136331431,710.255,572.1367525989377,594.573,491.7381070129239,553.075,330.52418139674324,312.60499999999996
E80,heating_validation,4650.0,6.61,0.232,0.003463016842170319,0.11802510813280408,764.9553236003239,711.034,661.6700466328008,733.182,571.8570077323411,620.402,662.3135329867687,710.6669999999999,572.237252027445,595.012,491.8432478686766,553.5429999999999,330.64116469137446,312.78999999999996
E80,heating_validation,4700.0,6.620000000000001,0.229,0.004595750310605662,0.11956474952698125,764.8422486055072,711.268,661.7081594178837,733.3299999999999,571.9452344398491,620.808,662.3511176496745,710.829,572.3252449094456,595.452,491.94571037063173,553.99,330.755758774523,312.964
E80,heating_validation,4750.0,6.616999999999998,0.23,0.004269536020690912,0.11912997778304604,764.7723721780769,711.18,661.7313739281844,733.679,572.0250177373835,621.162,662.3738995384915,711.151,572.4047925708344,595.8409999999999,491.93976414913845,554.428,330.8681488552179,313.126
E80,heating_validation,4800.0,6.608999999999999,0.238,0.0034037969713911487,0.11796395987529236,764.8226454638203,710.1379999999999,661.7776585164211,733.867,572.1048329330965,621.558,662.4200459472524,711.391,572.4844194482166,596.258,491.90280161794203,554.887,330.9783704992319,313.303
E80,heating_validation,4850.0,6.6080000000000005,0.236,0.003338986133437638,0.11787976878064009,764.9057544909547,710.919,661.8445887611083,733.88,572.1852413250938,621.87,662.4869488797369,711.429,572.5646680081917,596.617,491.92992516811813,555.304,331.0863565620351,313.43399999999997
E80,heating_validation,4900.0,6.6080000000000005,0.241,0.0033533125503377725,0.11790800758593659,764.9605753083987,710.93,661.9129849051869,734.115,572.2631019499435,622.174,662.5552838142561,711.684,572.6423698137552,596.94,491.9546436962604,555.6859999999999,331.19205283848237,313.577
E80,heating_validation,4950.0,6.619,0.237,0.004546213808286681,0.11953729646240924,764.912341799777,710.799,661.9569892652029,734.0999999999999,572.3326376734743,622.5429999999999,662.5989725977387,711.776,572.7117074169178,597.3340000000001,492.04772753814143,556.097,331.29540602317275,313.73199999999997
E80,heating_validation,5000.0,6.593,0.239,0.0017667461896496706,0.1157666091066871,765.0535504416988,710.5070000000001,662.0276274784567,734.151,572.406781761616,622.785,662.6697794632548,711.814,572.7857376135703,597.642,491.89711792173966,556.472,331.3964448876045,313.887
E80,heating_validation,5050.0,6.6049999999999995,0.243,0.0032473026495480894,0.11775821797738827,765.1857861431167,710.396,662.126791498567,734.2539999999999,572.4880771859456,623.035,662.7690721036869,711.881,572.8669583552696,597.914,492.0600828840563,556.785,331.4953606816622,314.036
E80,heating_validation,5100.0,6.621,0.247,0.00510298393510622,0.12026575346192746,765.085477768876,709.853,662.1706530819322,734.223,572.5561098831676,623.3,662.8125472594509,711.922,572.9348255085782,598.2090000000001,492.2233671907984,557.137,331.59243485303824,314.205
E80,heating_validation,5150.0,6.601999999999999,0.239,0.0031353812030632255,0.11758477580413292,765.1349340852317,710.103,662.2187185579269,734.289,572.6249574909025,623.516,662.860575487464,711.938,573.0035624842513,598.47,492.13447394097795,557.4659999999999,331.687956617316,314.38199999999995
E80,heating_validation,5200.0,6.617,0.254,0.004918057940539677,0.11998834287051749,765.160396128923,709.249,662.2770213490601,734.259,572.6954454854363,623.749,662.918740908949,711.967,573.0739479146157,598.758,492.30441614127176,557.789,331.78212801088023,314.542
E80,heating_validation,5250.0,6.606000000000002,0.249,0.0037888333449679346,0.11845171872359335,765.2022560403697,710.627,662.3291131261988,734.424,572.7625603561129,623.912,662.9707996059021,712.057,573.1409607954279,598.961,492.2632010360922,558.059,331.8750386940044,314.68699999999995
E80,heating_validation,5300.0,6.6049999999999995,0.253,0.003797506886992097,0.11845372583860474,765.31078120447,710.876,662.4047823944513,734.7339999999999,572.834586967801,624.184,663.0465706132784,712.375,573.2129279332305,599.241,492.3118165437507,558.365,331.96667139007934,314.84
E80,heating_validation,5350.0,6.612,0.248,0.004621090352087132,0.1195709326256821,765.3336579842446,711.101,662.4678590022079,735.115,572.9024561180576,624.486,663.1095650772168,712.7349999999999,573.2807067612721,599.54,492.39799988439023,558.672,332.05699506842825,314.969
E80,heating_validation,5400.0,6.603000000000001,0.256,0.0036903625637049187,0.11830819635807353,765.3991961046827,710.814,662.5316094359532,735.423,572.9694293342684,624.824,663.1733442301456,713.0609999999999,573.3476053637119,599.891,492.3665376003669,559.005,332.14593929535204,315.092
E80,heating_validation,5450.0,6.595999999999999,0.257,0.0030546065132186495,0.11743505743446461,765.5567957217525,710.2529999999999,662.6236771352733,735.406,573.0432213598144,625.1179999999999,663.2656552787664,713.12,573.4213793397558,600.188,492.3771107948618,559.335,332.23350410724913,315.23699999999997
E80,heating_validation,5500.0,6.599,0.242,0.00352356482937366,0.1180589232124977,765.6741531944475,710.586,662.7211318510385,735.425,573.1190767203312,625.308,663.3632771016873,713.0989999999999,573.497220400371,600.439,492.46439371467244,559.6189999999999,332.3197935336191,315.37199999999996
E80,heating_validation,5550.0,6.606,0.258,0.0043568876185153815,0.11918806435171787,765.6874659884805,710.774,662.7937754045643,735.7049999999999,573.189382610447,625.53,663.4358372075135,713.358,573.5674690656449,600.665,492.55451708016994,559.8779999999999,332.40489537615565,315.49899999999997
E80,heating_validation,5600.0,6.616999999999998,0.247,0.00554935734306794,0.12081530684188502,765.5877845130722,710.7829999999999,662.8232906549704,735.865,573.2478557945099,625.755,663.464963752232,713.5519999999999,573.6258168348161,600.9179999999999,492.6430342951064,560.146,332.48879890206547,315.616
E80,heating_validation,5650.0,6.615,0.25,0.005301788650422412,0.12048881830833326,765.5050948066497,710.5129999999999,662.8302692440391,735.951,573.2973547117284,626.04,663.4715653242313,713.6679999999999,573.6751689743112,601.1869999999999,492.6283319256808,560.457,332.57145483790305,315.72799999999995
E80,heating_validation,5700.0,6.618,0.247,0.005567873205963636,0.12086546432075265,765.4507632879828,710.386,662.8347201644333,735.731,573.3414211630497,626.223,663.475697067737,713.5319999999999,573.7190825154961,601.4159999999999,492.6392378571916,560.7429999999999,332.65281715645693,315.851
E80,heating_validation,5750.0,6.606,0.233,0.004207906598265532,0.11903339110135404,765.4982653844143,709.885,662.8583268870161,735.646,573.3852059539397,626.3489999999999,663.4992599137222,713.467,573.7627490501135,601.5899999999999,492.5481554246391,560.967,332.732742655151,315.966
E80,heating_validation,5800.0,6.603000000000001,0.242,0.003907608216665137,0.11862899954250797,765.6087502089727,709.384,662.9123589237208,735.432,573.4337474732733,626.4739999999999,663.5534142982415,713.316,573.811216955058,601.7349999999999,492.5492075085913,561.211,332.81110805969803,316.085
E80,heating_validation,5811.0,6.604000000000001,0.238,0.0040094486347482805,0.11877036618626247,765.6260887147149,710.3340000000001,662.9249297526885,735.351,573.4443806995882,626.4849999999999,663.5660004718134,713.233,573.8218331060043,601.77,492.5574140960771,561.2539999999999,332.8281342083884,316.11899999999997
C69,cooling_validation,0.0,10.497000000000002,1.54,0.9780387919936556,1.5758853683494958,1060.472,1060.472,1070.801,1070.801,896.78,896.78,1044.3839999999998,1044.384,852.8969999999999,852.8969999999999,703.8919358144346,769.855,370.9087194332652,344.40299999999996
C69,cooling_validation,50.0,10.499,1.381,0.7286547945215546,1.2386580512373668,801.0165183515767,811.433,931.436341357142,1028.6480000000001,854.8828019618276,894.765,931.4030830465679,1015.497,855.2909418234206,852.217,644.2669960418884,770.963,379.6145878563359,344.586
C69,cooling_validation,100.0,10.498,1.228,0.5673417735108467,1.0118119090310604,679.8351792380827,685.5219999999999,839.1748678782872,914.28,812.9594174903638,876.684,838.7551401836913,918.829,813.1520931070985,840.9209999999999,599.946265199786,771.962,384.9598487456084,344.885
C69,cooling_validation,150.0,10.498000000000001,1.098,0.45025248082804004,0.841849082326366,602.0647408854962,606.1289999999999,762.4166081843771,801.514,771.4497133257075,828.108,761.8245481178825,816.923,771.4788542599277,806.487,564.0150296078854,762.48,388.2114026595965,345.356
C69,cooling_validation,200.0,10.501000000000001,0.963,0.36135387455758483,0.7091831019649797,547.3474957554529,554.2919999999999,698.7326504098519,719.448,731.8275207359015,775.637,698.0821065374103,740.804,731.7381397968293,766.3389999999999,534.0484668151194,745.18,389.92226831240305,345.82399999999996
C69,cooling_validation,250.0,10.501000000000001,0.84,0.29148125813748305,0.6021246141391732,506.8472348897867,515.413,645.9876232670672,655.578,694.7098611147564,726.25,645.336310659758,680.204,694.5374543480359,727.049,508.651254282113,724.1189999999999,390.4026914915287,346.35799999999995
C69,cooling_validation,300.0,10.509,0.746,0.2363271293903062,0.5156752660550714,475.7896588009391,483.679,602.2386065860867,603.103,660.3751626676021,680.6769999999999,601.6137051742223,629.606,660.1468251293566,689.6179999999999,486.9338085503533,700.403,389.8915295264063,346.905
C69,cooling_validation,350.0,10.49,0.654,0.18919951500767473,0.44009943902947446,451.42610141274406,463.109,565.8530635708282,565.727,628.9339213877109,645.232,565.2663910608309,592.5409999999999,628.6703367494194,659.457,468.06990335077427,678.837,388.601914248979,347.33299999999997
C69,cooling_validation,400.0,10.496,0.583,0.15237943376457974,0.3799097801772973,431.8736452947405,445.575,535.4132114359043,536.664,600.3088202034631,614.728,534.8679283777892,562.71,600.0246515914872,632.443,451.7877449009877,657.4559999999999,386.72506119898276,347.697
C69,cooling_validation,450.0,10.494,0.527,0.12108916915635426,0.32782676566590657,415.89125539195135,431.586,509.73447794517756,515.05,574.3171797766993,591.529,509.22993186356797,540.171,574.0228673332334,611.2729999999999,437.50500856372156,639.3489999999999,384.426068016954,347.878
C69,cooling_validation,500.0,10.501000000000001,0.487,0.09535213801283715,0.2841778455989625,402.63580449489314,419.912,487.89911462804025,496.741,550.7590559042962,571.729,487.432902264656,521.248,550.4618412680193,592.8679999999999,424.95393290325984,622.719,381.84137809423544,347.921
C69,cooling_validation,550.0,10.506,0.439,0.07327589931207401,0.24615397563325608,391.4918375440826,408.865,469.1671287481529,481.081,529.4100919279972,553.655,468.73624010370384,504.256,529.1149433611404,575.682,413.81955113646404,606.332,379.07970842000964,347.82599999999996
C69,cooling_validation,600.0,10.508000000000001,0.4,0.0540956728901788,0.21267819563871956,382.0297887186422,399.815,452.97362629616896,468.08299999999997,510.06644501231153,539.019,452.5750291384611,490.504,509.77676458890323,561.403,403.8966204154393,592.262,376.2246852614676,347.628
C69,cooling_validation,650.0,10.499,0.369,0.0367451414072657,0.18221795405115035,373.93533669106847,392.924,438.88114117720727,457.351,492.5435360638236,525.876,438.5119560236508,478.765,492.2616382917494,548.387,395.00313970137773,579.053,373.33924619901745,347.30999999999995
C69,cooling_validation,700.0,10.498999999999999,0.334,0.022109175863642916,0.1560995546526132,366.9339848638381,386.058,426.52633538207476,446.9,476.6548810962314,513.2719999999999,426.18385354388283,467.38699999999994,476.3821651368481,535.775,387.04199714177605,566.0609999999999,370.46957094935664,346.84999999999997
C69,cooling_validation,750.0,10.508000000000001,0.324,0.009796132489151455,0.13368178324644292,360.80117949867116,379.91499999999996,415.5992863084366,438.30999999999995,462.21508214364724,502.64799999999997,415.28097189343134,458.03,461.95229509294194,525.019,379.8843149575634,554.573,367.6488045022114,346.36199999999997
C69,cooling_validation,800.0,10.494,0.281,-0.0024914954085790697,0.11168766442796044,355.4212675482566,374.657,405.8904318828554,430.441,449.0947525466589,492.86199999999997,405.5941873222852,449.51,448.84243673164013,515.025,373.37189454811175,543.7059999999999,364.8999900900777,345.82399999999996
C69,cooling_validation,850.0,10.499,0.271,-0.012352156135018277,0.0934853235830446,350.6580086443614,368.811,397.2199413648326,421.794,437.1627326147643,482.784,396.9438020698385,440.336,436.9210318910169,504.86199999999997,367.50555265107016,532.574,362.23854927005726,345.2
C69,cooling_validation,900.0,10.495,0.236,-0.021695388263938686,0.07636484765079558,346.40688222994345,365.29699999999997,389.4275946809968,415.676,426.2916610481632,474.13599999999997,389.16981699392795,433.23299999999995,426.06054196749034,495.85799999999995,362.1584540291961,522.641,359.67420400879473,344.586
C69,cooling_validation,950.0,10.502999999999998,0.229,-0.029447119407804756,0.06175860717515051,342.58747246889243,361.472,382.3928256610501,410.072,416.377068226352,466.48699999999997,382.15183476062816,426.917,416.1563433873009,487.68399999999997,357.2993856675515,513.4839999999999,357.2125169605688,343.938
C69,cooling_validation,1000.0,10.498000000000001,0.204,-0.03716054455511231,0.047543910291058186,339.14526180998575,357.68399999999997,376.0180601389701,404.54999999999995,407.32732551505944,458.846,375.79249807921127,420.633,407.1167698646151,479.43399999999997,352.8460896508915,504.23799999999994,354.8558628767301,343.23699999999997
C69,cooling_validation,1050.0,10.512,0.178,-0.043098431477038734,0.0359863787462472,336.02398477190064,354.78299999999996,370.22233523980526,399.90099999999995,399.0583676810511,452.181,370.0109452392271,415.21799999999996,398.85764586934096,472.131,348.7981572149237,496.06899999999996,352.60448347182705,342.54699999999997
C69,cooling_validation,1100.0,10.495999999999999,0.159,-0.050154247609819236,0.023289313243424092,333.1945319334633,350.841,364.94238028051524,394.455,391.501731667644,445.716,364.7441131666578,409.64799999999997,391.31055986733884,465.253,345.0491434152494,488.30999999999995,350.45698734749647,341.84799999999996
C69,cooling_validation,1150.0,10.495000000000001,0.148,-0.055863790723602924,0.012630450100632212,330.6174005905893,347.83899999999994,360.1266595625258,389.429,384.5958754568691,438.76599999999996,359.9405278140142,404.037,384.4138975185054,457.91099999999994,341.62293512607243,480.032,348.4108058417739,341.072
C69,cooling_validation,1200.0,10.487,0.12,-0.06153538243839296,0.002297073345904288,328.2491247907162,344.697,355.7135678717158,384.89,378.27109332647143,432.726,355.53865295992216,399.101,378.09792301452535,451.525,338.4557314114941,472.66999999999996,346.4624923308754,340.30699999999996
C69,cooling_validation,1250.0,10.492999999999999,0.101,-0.06605169214279627,-0.006338791138025643,326.058938740196,342.038,351.65556381758813,380.294,372.4688146205741,426.43899999999996,351.4910021159151,394.003,372.30403089109325,444.893,335.5460444904231,465.19599999999997,344.6080977855654,339.49699999999996
C69,cooling_validation,1300.0,10.488,0.095,-0.07076886774677693,-0.014989511690952521,324.0355269227482,339.731,347.9153555441119,376.70799999999997,367.13961983688887,421.178,347.76039496590454,389.92199999999997,366.9828369521325,439.121,332.85423016076675,458.53499999999997,342.84344025977555,338.764
C69,cooling_validation,1350.0,10.482000000000001,0.072,-0.07521522504362599,-0.023081736179444964,322.1692399822812,337.58,344.4691845063786,372.868,362.2453260290528,415.495,344.3231566570092,385.524,362.0961768671401,432.91999999999996,330.36509264243426,451.34999999999997,341.16430969798114,337.929
C69,cooling_validation,1400.0,10.508000000000001,0.073,-0.07759780856035137,-0.0284782388559155,320.43287387144943,335.722,341.2796307408927,369.897,357.7362097526109,410.681,341.14186641392723,381.93399999999997,357.5942746645059,427.561,328.101686905468,445.062,339.5664936889168,337.176
C69,cooling_validation,1450.0,10.491,0.057,-0.08195374867459482,-0.036056798385635254,318.8364511771966,333.90599999999995,338.3328711707096,366.977,353.5859139003102,406.37,338.202855789806,378.58799999999997,353.4508835350648,422.73699999999997,325.9776143443321,439.419,338.04596872498615,336.486
C69,cooling_validation,1500.0,10.491,0.053,-0.0850747780457487,-0.04196293654799305,317.37637835134774,331.998,335.6201167327796,363.83399999999995,349.77161602904766,401.98299999999995,335.49736919250535,375.099,349.64317371700486,418.01599999999996,324.04646684691556,434.0,336.5988239523,335.82899999999995
C69,cooling_validation,1550.0,10.500000000000002,0.045,-0.08750693678437882,-0.046895153187902355,316.0262939388535,330.48499999999996,333.11261220428173,360.84999999999997,346.25603923612755,397.48799999999994,332.99664552435036,371.683,346.1338439820271,413.129,322.2650927141211,428.36,335.22132088681303,335.143
C69,cooling_validation,1600.0,10.495,0.041,-0.09042622417548274,-0.052240410047313314,314.77974425524417,329.365,330.79378879892033,358.83,343.01519287379085,393.83099999999996,330.6841748865833,369.10699999999997,342.8989428618248,408.98799999999994,320.6119878257045,423.383,333.90978368205657,334.471
C69,cooling_validation,1650.0,10.51,0.023,-0.09212829710065384,-0.05603177445470522,313.62498787231806,327.83,328.64709623666164,356.436,340.0244530135018,390.133,328.54341609662606,366.32899999999995,339.91383636705973,404.782,319.0939905330778,418.42699999999996,332.6606625538618,333.772
C69,cooling_validation,1700.0,10.500000000000002,0.025,-0.09490934207415258,-0.060931950316208974,312.55762761583696,326.51099999999997,326.65881950570747,353.98499999999996,337.26313497869586,386.563,326.5607113580215,363.47299999999996,337.1578793548264,400.815,317.67619480190683,413.86,331.4705719563615,333.118
C69,cooling_validation,1750.0,10.495,0.008,-0.09726288118898074,-0.06520816815539142,311.5746198884963,325.371,324.82114940273914,351.893,334.7159185151498,383.205,324.72827797543505,360.996,334.61576223956195,397.067,316.36805630049446,409.474,330.3362809245061,332.479
C69,cooling_validation,1800.0,10.501000000000001,0.001,-0.09889484594139608,-0.06854521755646034,310.6620703220831,323.875,323.11699094990036,349.58799999999997,332.36021643949266,379.825,323.0290204308345,358.41099999999994,332.2648876048104,393.25,315.164134657267,405.057,329.25472014018806,331.82
C69,cooling_validation,1850.0,10.496,-0.004,-0.10094184149367336,-0.07224479165796356,309.81573088990484,322.782,321.53503663239195,347.49199999999996,330.1797177100026,376.64599999999996,321.4516635598942,356.00699999999995,330.08896700616685,389.70799999999997,314.04113926440846,400.99199999999996,328.223006592055,331.2
C69,cooling_validation,1900.0,10.506,-0.015,-0.10211014915243366,-0.07485769236041294,309.0291523398844,321.29699999999997,320.0656774347921,344.885,328.1598119787026,372.836,319.9866117470365,353.164,328.0733947545626,385.577,313.0061369294252,395.977,327.2384056153473,330.498
C69,cooling_validation,1950.0,10.497,-0.015,-0.10409445105496884,-0.07828889316671636,308.299268618896,320.30999999999995,318.6996713872036,342.907,326.28683165851385,369.923,318.62465545977307,350.837,326.20452641826057,382.28599999999994,312.0382060280669,392.49,326.2983392358011,329.887
C69,cooling_validation,2000.0,10.486,-0.027,-0.10607183256553787,-0.08162044400409935,307.62498930257533,319.34799999999996,317.4328774700316,341.30699999999996,324.5520130993133,367.25899999999996,317.36167663315996,348.937,324.473614582862,379.21299999999997,311.13777372790406,388.916,325.40035841114667,329.301
C69,cooling_validation,2050.0,10.506,-0.027,-0.10641974905109908,-0.08307170415001137,306.9925338745308,318.37,316.2513515469905,339.67499999999995,322.9386213601575,364.673,316.1837118431147,347.056,322.863903097233,376.312,310.31192467100766,385.53,324.54216208700836,328.714
C69,cooling_validation,2100.0,10.498000000000001,-0.031,-0.10802974153809464,-0.08583882318995881,306.4054990004798,317.424,315.1496099198399,337.76199999999994,321.4378725009139,361.878,315.08532401278273,344.99699999999996,321.3666460458764,373.207,309.5369949727132,381.981,323.721591696367,328.102
C69,cooling_validation,2150.0,10.488,-0.038,-0.10968041624080527,-0.08858278141412025,305.86174095163193,316.52299999999997,314.12598163095294,335.99199999999996,320.0443490001994,359.346,314.06485858695123,343.091,319.9764388549169,370.383,308.8096760876481,378.78499999999997,322.936638543683,327.553
C69,cooling_validation,2200.0,10.502999999999998,-0.036,-0.11001296546205208,-0.08982026407593308,305.3515531313641,315.912,313.16976492506564,334.604,318.7455495618145,356.97299999999996,313.11160232697694,341.40999999999997,318.68076771707626,367.67199999999997,308.1433510504977,375.68399999999997,322.1853408422562,327.003
C69,cooling_validation,2250.0,10.502,-0.048,-0.11107007236488342,-0.09179502923937469,304.8738313557537,315.308,312.2751253369514,333.347,317.5335398653397,354.70399999999995,312.219743471088,339.871,317.47171771309434,365.038,307.5127488514827,372.601,321.4658846728739,326.421
C69,cooling_validation,2300.0,10.498999999999999,-0.05,-0.11214479078839201,-0.09373041976280218,304.4294196550029,314.66299999999995,311.4401910709926,332.179,316.40376456840073,352.71,311.3874315340685,338.481,316.3447499339651,362.712,306.92609034260926,369.91999999999996,320.77655598048364,325.893
C69,cooling_validation,2350.0,10.506,-0.055,-0.11266767713650994,-0.09501743082413652,304.0150502746319,313.865,310.66009464139813,330.697,315.349156541315,350.65599999999995,310.60980268122285,336.933,315.2927987618747,360.40599999999995,306.3822041700482,367.275,320.1157528834151,325.385
C69,cooling_validation,2400.0,10.49,-0.061,-0.11425987253188596,-0.09741168769980735,303.6289387218841,313.27099999999996,309.93164781237954,329.58099999999996,314.36496735739945,348.734,309.8836866263217,335.606,314.3111326741352,358.159,305.86483802076555,364.671,319.48196913993445,324.861
C69,cooling_validation,2450.0,10.491999999999999,-0.056,-0.11490088304077323,-0.09873010907148293,303.27017643043615,312.606,309.25183956484085,328.30699999999996,313.4463910503116,346.711,309.20607652018873,334.123,313.3949474337763,355.85299999999995,305.3920232400533,362.04999999999995,318.87374543863365,324.31399999999996
C69,cooling_validation,2483.0,10.499,-0.058,-0.11504024053449646,-0.09927857083288104,303.044998083018,312.268,308.82649095679005,327.582,312.8722872290475,345.55899999999997,308.7821030634964,333.303,312.8223473780322,354.515,305.0947025868491,360.51599999999996,318.4856817620132,323.99
C80,cooling_validation,0.0,6.603000000000001,0.241,0.005794260212226177,0.12805534159893314,710.9749999999999,710.9749999999999,735.393,735.393,626.529,626.529,713.218,713.218,601.8280000000001,601.828,506.3214380034908,561.342,331.9938907041669,316.166
C80,cooling_validation,50.0,6.606,0.214,-0.03869634382789755,0.07174000225608523,624.1394472862326,627.64,669.1463316838021,719.223,614.2231265113512,625.0039999999999,669.1616662055385,703.8340000000001,614.4032311604636,601.4079999999999,485.9133496285429,561.146,337.3922779168897,316.289
C80,cooling_validation,100.0,6.601999999999999,0.176,-0.07276012547188437,0.02774638569288107,572.847662603742,569.299,630.714510042628,676.527,599.8461065173681,617.6189999999999,630.6456745219859,669.969,599.9857213328619,596.656,469.18003166389315,560.818,340.35260545558185,316.43699999999995
C80,cooling_validation,150.0,6.608999999999999,0.157,-0.09903003982604663,-0.006703622124690972,535.1216940071848,531.454,597.5758934637997,634.1610000000001,584.3034791815644,602.0799999999999,597.4559778629111,632.938,584.4031826536735,585.287,454.8205310193954,557.1569999999999,342.00624099086167,316.589
C80,cooling_validation,200.0,6.608000000000001,0.109,-0.121294365709331,-0.036366530100683594,505.70153803848183,503.275,568.8744475201518,598.239,568.5190508532205,583.8969999999999,568.7257450606764,600.17,568.5836698627188,571.087,442.1648171599189,551.011,342.8759600404158,316.755
C80,cooling_validation,250.0,6.599,0.086,-0.14058898278300053,-0.06241177800545726,482.05570258548346,478.811,543.9959489310048,566.075,552.9320075398288,565.06,543.8326674699443,570.203,552.9668754646447,555.827,430.9044991868547,543.1659999999999,343.2216007440885,316.92499999999995
C80,cooling_validation,300.0,6.605,0.066,-0.15585710823463284,-0.08331011745572922,462.57781590228456,460.664,522.3319564633563,540.817,537.7661389038885,548.828,522.1626019554532,546.2629999999999,537.7760260968731,542.387,420.9187485548081,535.428,343.1859339975548,317.097
C80,cooling_validation,350.0,6.611,0.041,-0.1690218818818361,-0.10155298888623027,446.22212542536704,446.49299999999994,503.33884717292676,520.172,523.1438877746693,534.2149999999999,503.1685168842731,526.275,523.1329797854926,530.028,411.89787895584504,527.607,342.85784281256315,317.24699999999996
C80,cooling_validation,400.0,6.606,0.014,-0.18124517715046118,-0.11861240711091765,432.3340047735835,432.82099999999997,486.59825972159786,501.64799999999997,509.1634283549429,520.489,486.4301608304808,508.211,509.13550741056895,518.175,403.6714059538218,519.442,342.2998172709141,317.416
C80,cooling_validation,450.0,6.608000000000001,-0.001,-0.19148334758763008,-0.13309221003823563,420.40019878135683,421.538,471.7557241612627,486.46,495.88068816489283,508.96799999999996,471.5917282142532,493.384,495.83901014796396,508.08299999999997,396.2234048765333,512.075,341.56048622160006,317.55199999999996
C80,cooling_validation,500.0,6.603000000000001,0.002,-0.20102232668910436,-0.14663516410226238,410.0383545584052,412.74199999999996,458.51415154616416,473.381,483.32344903611494,498.467,458.355358744238,480.41999999999996,483.2708446458143,498.804,389.389262511452,504.92699999999996,340.679969555517,317.65099999999995
C80,cooling_validation,550.0,6.612,-0.02,-0.20861206784511221,-0.15763926554755056,400.93757471648314,405.37399999999997,446.62572504636876,462.432,471.4942734573817,489.07599999999996,446.4726457570125,469.34399999999994,471.4330893711539,490.35699999999997,383.1781024447682,498.081,339.69200021715994,317.74399999999997
C80,cooling_validation,600.0,6.619,-0.034,-0.21553402446527864,-0.16774169371032802,392.8654855105814,397.83799999999997,435.8833861651477,452.359,460.37841827093183,480.2,435.73624190560224,459.144,460.31064184103013,482.22299999999996,377.4525847377279,491.178,338.6251490704061,317.80199999999996
C80,cooling_validation,650.0,6.611,-0.055,-0.22269622322638766,-0.17806506176205747,385.6898111323086,391.753,426.14889966786114,443.67499999999995,449.9726169366073,472.524,426.00785269623475,450.39,449.9000098342668,475.169,372.1354732966439,485.01,337.5034255463322,317.849
C80,cooling_validation,700.0,6.614000000000001,-0.069,-0.22853194427918022,-0.18665109990710776,379.2622952305865,386.063,417.29525609912395,435.756,440.25053963900604,465.327,417.16027872375537,442.381,440.17451043352537,468.496,367.26372655393834,479.01599999999996,336.3467954199141,317.85299999999995
C80,cooling_validation,750.0,6.611,-0.076,-0.23421099569723447,-0.19495705034804794,373.4631709367235,380.053,409.2074283511608,427.995,431.1750867799086,458.115,409.0784192559123,434.52799999999996,431.09680091782707,461.748,362.73975047131944,472.81499999999994,335.1715619181446,317.81199999999995
C80,cooling_validation,800.0,6.618,-0.079,-0.23880411252671246,-0.20185252322738023,368.19676092028135,375.93899999999996,401.79221745257996,421.64,422.7086901680788,451.822,401.6689840528982,427.942,422.62906760660917,455.81899999999996,358.5778166317499,467.236,333.9908621899549,317.769
C80,cooling_validation,850.0,6.620000000000001,-0.101,-0.24328050555949604,-0.20852673719836284,363.3918959396307,372.227,394.9703817691531,416.051,414.8123352811858,446.12,394.85272674377813,422.14599999999996,414.73213838125446,450.318,354.70684286223434,461.92099999999994,332.8151984346559,317.71
C80,cooling_validation,900.0,6.612,-0.106,-0.24795446973344748,-0.21534976352667923,359.0136343348737,368.49199999999996,388.6912775973168,410.726,407.45931862167015,440.43499999999995,388.57905306102055,416.53499999999997,407.37921229233564,444.80899999999997,351.09817950896456,456.46799999999996,331.652875025721,317.62
C80,cooling_validation,950.0,6.612,-0.116,-0.25179745353673705,-0.22109477473822942,355.0060581909566,364.98499999999996,382.9009814456516,406.207,400.6131094145671,435.51599999999996,382.7939916038987,411.758,400.5335996716445,440.019,347.77340889821335,451.647,330.5103571904102,317.527
C80,cooling_validation,1000.0,6.611000000000001,-0.102,-0.2554063819343663,-0.22648385300828364,351.3181108159425,361.93399999999997,377.5460620016317,401.717,394.2349286602931,430.784,377.44408569175135,407.116,394.1564053373584,435.393,344.6773055404988,446.97499999999997,329.39256901072804,317.423
C80,cooling_validation,1050.0,6.600000000000001,-0.13,-0.259275862390631,-0.23209620666544575,347.929395912834,358.828,372.59153099586905,397.33099999999996,388.2972200058823,425.94899999999996,372.4943948240317,402.519,388.22003080233196,430.609,341.7894229128572,442.09,328.30309726277244,317.28799999999995
C80,cooling_validation,1100.0,6.601999999999999,-0.13,-0.26217939802652435,-0.23650560717351085,344.80055254352504,356.325,367.9998529888567,393.43399999999997,382.76700375380574,421.639,367.9073379075819,398.423,382.6913851282055,426.34799999999996,339.12058703008813,437.702,327.24454844348475,317.152
C80,cooling_validation,1150.0,6.603999999999998,-0.128,-0.26486686964080935,-0.2405988003370304,341.89320131025175,353.599,363.7295680666711,389.95599999999996,377.60866850390374,417.586,363.6414385902323,394.74699999999996,377.5347875372901,422.316,336.63081394699446,433.471,326.21863901000563,317.003
C80,cooling_validation,1200.0,6.606999999999999,-0.134,-0.267302071659974,-0.24433909084539582,339.19063422849143,351.32899999999995,359.75326345847066,386.373,372.7961111031334,413.60299999999995,359.66930463939366,391.025,372.7241008631929,418.389,334.30836419120624,429.371,325.2264253051751,316.84799999999996
C80,cooling_validation,1250.0,6.6160000000000005,-0.134,-0.26925641486817886,-0.24747406255010507,336.66879697678115,348.95899999999995,356.04366749419125,382.823,368.3019718570967,409.48799999999994,355.96365930678604,387.33,368.231915937002,414.30999999999995,332.13890754606325,425.075,324.2684338451088,316.655
C80,cooling_validation,1300.0,6.612,-0.142,-0.2717280366033859,-0.2511400372446628,334.3229267875067,347.08299999999997,352.58315215894936,379.93499999999995,364.1063581294385,405.88,352.5069238223923,384.179,364.0383412706795,410.688,330.09919003086645,421.21899999999994,323.34474564951535,316.48199999999997
C80,cooling_validation,1350.0,6.6,-0.148,-0.27445651300354723,-0.2550340747531678,332.15139808888165,345.08,349.361589732755,377.063,360.1940548538058,402.496,349.2890006823093,381.193,360.12815056208757,407.25199999999995,328.1878334519958,417.537,322.45517956724757,316.304
C80,cooling_validation,1400.0,6.598,-0.149,-0.2765189192356809,-0.2581221154711356,330.1300763618824,342.78,346.3585009658892,373.953,356.5425452117819,398.895,346.28938056723035,377.986,356.4787760544656,403.663,326.41022615978636,413.69399999999996,321.5993001651831,316.09499999999997
C80,cooling_validation,1450.0,6.606,-0.143,-0.2779380012436255,-0.26044407813420517,328.23222502239287,341.05699999999996,343.54791012508247,371.267,353.12672181777555,395.604,343.4820587032868,375.155,353.06506903368887,400.352,324.75289835505953,410.169,320.7764124340539,315.89
C80,cooling_validation,1500.0,6.608999999999999,-0.148,-0.2795414044359747,-0.2629326498148438,326.44748163832793,339.303,340.9123470677433,368.671,349.9283648859305,392.472,340.8495834986659,372.486,349.8688072290928,397.18499999999995,323.17920179229645,406.73799999999994,319.98563247456025,315.66999999999996
C80,cooling_validation,1550.0,6.603000000000001,-0.17,-0.2815182940250616,-0.26579290908190384,324.7748580968527,337.721,338.44281634929473,366.22799999999995,346.93491066090996,389.452,338.3829911150709,369.909,346.8774323801183,394.099,321.68717302512243,403.43899999999996,319.2259151905107,315.44599999999997
C80,cooling_validation,1600.0,6.6099999999999985,-0.181,-0.2827654676982732,-0.2678117086160126,323.1977082234618,335.717,336.12463828838884,363.53,344.1292958067392,386.306,336.06758247303515,367.20799999999997,344.07384959760157,390.929,320.2826694078733,400.015,318.4961019444761,315.188
C80,cooling_validation,1650.0,6.612,-0.197,-0.28420887315014065,-0.2700143016641348,321.7044097087915,333.995,333.94240456647543,360.866,341.4952760133125,383.311,333.8879564629906,364.539,341.44180947622004,387.957,318.9438833921465,396.841,317.79492603286167,314.918
C80,cooling_validation,1700.0,6.594999999999999,-0.202,-0.28654580062191176,-0.27315729682736223,320.30081879842214,332.465,331.8920079608514,358.52099999999996,339.02478818934173,380.41099999999994,331.8400468552634,362.091,338.97326808216746,385.058,317.660670478425,393.722,317.121084306037,314.62699999999995
C80,cooling_validation,1750.0,6.606,-0.187,-0.2873579310808662,-0.27460015605576416,318.97467650086054,330.808,329.9626722210951,355.96299999999997,336.7042212109912,377.41099999999994,329.9130522909126,359.48199999999997,336.6545816022293,382.046,316.48161193933316,390.49699999999996,316.4733678353641,314.323
C80,cooling_validation,1800.0,6.6049999999999995,-0.199,-0.2886540124809662,-0.27653319180193536,317.7240341975113,329.42499999999995,328.1441683191273,353.91099999999994,334.5216516274611,374.796,328.0967674563351,357.303,334.47383749658604,379.356,315.3762655982882,387.567,315.850705009388,314.072
C80,cooling_validation,1850.0,6.608999999999999,-0.198,-0.28962626561021193,-0.2780854671603423,316.5499576230247,328.25899999999996,326.4334732513936,351.913,332.47040380933026,372.24,326.3881834161782,355.187,332.42436306150466,376.76,314.3391974966944,384.755,315.25219690556867,313.84999999999997
C80,cooling_validation,1900.0,6.607000000000001,-0.206,-0.2908128503426445,-0.279837743938055,315.4480768240019,326.89,324.8245736879843,349.913,330.54218384760895,369.854,324.78129767334724,353.15599999999995,330.4978668217291,374.28,313.36444299010685,382.042,314.6769361249791,313.631
C80,cooling_validation,1950.0,6.6080000000000005,-0.209,-0.2917476456355986,-0.28128602379243306,314.417360551242,326.012,323.3130913636907,348.195,328.7302610795271,367.37,323.2717399558709,351.227,328.6876190558379,371.74899999999997,312.46272736172716,379.24899999999997,314.12404710611816,313.392
C80,cooling_validation,2000.0,6.6160000000000005,-0.203,-0.2922741414587911,-0.28227139278358376,313.45010021335145,324.606,321.89187956572385,346.328,327.0262316108505,365.16999999999996,321.85235777146397,349.35299999999995,326.9852080784027,369.44399999999996,311.61979546725706,376.739,313.592739308318,313.173
C80,cooling_validation,2050.0,6.6240000000000006,-0.209,-0.2927582194829416,-0.28319067008109616,312.53936232219576,323.74399999999997,320.55372012353456,344.71299999999997,325.42239384926756,362.942,320.5159346326263,347.57,325.38293198724205,367.162,310.8221751272355,374.26199999999994,313.0821835403971,312.96299999999997
C80,cooling_validation,2100.0,6.615,-0.22,-0.2940219461672456,-0.2849163778364072,311.6863807411495,322.90799999999996,319.29585760414824,343.179,323.91444199429566,360.852,319.2597354652413,345.95399999999995,323.87649774703493,364.99899999999997,310.063507646155,371.87699999999995,312.59150348597655,312.748
C80,cooling_validation,2150.0,6.597,-0.209,-0.2956587883393353,-0.28700960487756,310.8945587733096,322.02799999999996,318.11808275117164,341.68199999999996,322.4995571631233,358.77799999999996,318.08356700008187,344.33799999999997,322.46309439357134,362.82,309.35167143854903,369.448,312.11984131117975,312.522
C80,cooling_validation,2200.0,6.623,-0.223,-0.29508209743510266,-0.28673364003214025,310.14727386034554,321.18199999999996,317.0099250060316,340.299,321.1674500907711,356.916,316.9769196620452,342.87399999999997,321.1324002805413,360.86899999999997,308.7101852867055,367.28299999999996,311.6664312590941,312.32599999999996
C80,cooling_validation,2250.0,6.606,-0.237,-0.2965885894549208,-0.28864694252769924,309.4436604030844,320.503,315.965114554572,339.018,319.91248343542566,355.101,315.93355011649345,341.48299999999995,319.87880018231317,358.984,308.07529356959475,365.168,311.2305252126796,312.09999999999997
C80,cooling_validation,2300.0,6.601999999999999,-0.231,-0.2974022357419347,-0.2898047665582475,308.7865446778012,319.48199999999997,314.9844985374004,337.38199999999995,318.73307563118107,352.929,314.9543133475201,339.77099999999996,318.7007141664229,356.70399999999995,307.4906844827185,362.644,310.81133800465034,311.84
C80,cooling_validation,2350.0,6.608999999999999,-0.216,-0.29763933375907387,-0.29033742446356,308.1671447795506,318.655,314.06075484366727,336.07399999999996,317.6218071475598,351.212,314.0318754995527,338.416,317.59071189826875,354.913,306.9470082298634,360.664,310.40816154006046,311.63199999999995
C80,cooling_validation,2400.0,6.603000000000001,-0.228,-0.29848517897490645,-0.2914958046446102,307.58383908445074,317.941,313.19014893989504,334.839,316.5746197822267,349.52,313.16251206259466,337.109,316.5447429195764,353.187,306.42436770314714,358.73499999999996,310.0203172200803,311.417
C80,cooling_validation,2450.0,6.613000000000001,-0.22,-0.29852320760849743,-0.29179139066442245,307.03234169954055,317.294,312.36861144985056,333.671,315.58690107417436,347.89799999999997,312.34214879907034,335.87399999999997,315.5581893516326,351.46799999999996,305.9388324731247,356.85299999999995,309.64711616176,311.217
C80,cooling_validation,2500.0,6.611,-0.226,-0.29909838442946646,-0.292633747869358,306.51284592483324,316.604,311.59317746263184,332.45099999999996,314.65499934775664,346.241,311.56783324506205,334.60299999999995,314.62740764388514,349.72499999999997,305.4803342677333,354.91999999999996,309.28791107950485,310.99699999999996
C80,cooling_validation,2550.0,6.608000000000001,-0.234,-0.2996954463282914,-0.29348506001079877,306.025883297409,316.001,310.863019225055,331.363,313.77681344126245,344.746,310.8387439889723,333.453,313.75030019994836,348.16499999999996,305.0471471860355,353.19899999999996,308.94213252742964,310.782
C80,cooling_validation,2600.0,6.601999999999999,-0.23,-0.3004112829609118,-0.2944468573355944,305.5683135759951,315.135,310.17535450952863,330.159,312.9489388677663,343.25399999999996,310.1520995692942,332.256,312.9234623743367,346.61199999999997,304.6371668331726,351.45899999999995,308.60920533362184,310.587
C80,cooling_validation,2650.0,6.619,-0.237,-0.2999895493613342,-0.29421020046365504,305.13548206695174,314.568,309.5258693421192,329.042,312.1670515482603,341.75899999999996,309.5035785049563,331.097,312.14256413535736,345.08299999999997,304.26169548554367,349.774,308.28857002053934,310.39099999999996
C80,cooling_validation,2700.0,6.601000000000001,-0.236,-0.301221249622246,-0.29568256160743517,304.7296452225156,314.046,308.9134408136056,327.966,311.4294071313746,340.272,308.8920754316167,329.93699999999995,311.40587445328885,343.49899999999997,303.89608101005643,348.04499999999996,307.97971644300003,310.183
C80,cooling_validation,2750.0,6.601999999999999,-0.241,-0.30152017849198043,-0.29617318308735247,304.3493508404504,313.30699999999996,308.3371769456099,326.92699999999996,310.73412529282,338.929,308.316694788021,328.868,310.71150914782993,342.077,303.55812006863937,346.486,307.682151446656,309.99
C80,cooling_validation,2800.0,6.6080000000000005,-0.234,-0.301564093580294,-0.2963901854256361,303.9888066849229,312.782,307.7924225706687,325.897,310.0769013683472,337.57899999999995,307.77277610326234,327.784,310.0551599476967,340.692,303.23918444530995,344.95899999999995,307.39539066735665,309.792
C80,cooling_validation,2850.0,6.603000000000001,-0.236,-0.3021283685618633,-0.29713973472794025,303.6472786691239,312.28799999999995,307.27714212473035,324.967,309.45561241783685,336.21299999999997,307.2582890070569,326.78999999999996,309.4347084221933,339.269,302.929398719717,343.392,307.1189455899779,309.59
C80,cooling_validation,2900.0,6.608999999999999,-0.246,-0.30212550722311093,-0.29728870773163096,303.325100436615,311.893,306.79007450053473,324.159,308.8683460740722,335.05999999999995,306.77197625884446,325.923,308.8482437734524,338.03499999999997,302.6486702661838,342.01199999999994,306.85234133623226,309.412
C80,cooling_validation,2950.0,6.618,-0.248,-0.3019765208415971,-0.29728117247773483,303.02003924605486,311.393,306.32900384904144,323.381,308.31255011225875,333.947,306.3116210884407,325.075,308.29321296588756,336.84499999999997,302.3797115243972,340.664,306.5951802045362,309.212
C80,cooling_validation,3000.0,6.604,-0.249,-0.30290453957919683,-0.2983779700810796,302.7330869688963,310.88399999999996,305.8935422338786,322.496,307.7873452342215,332.75199999999995,305.8768463727175,324.15599999999995,307.76874519682417,335.568,302.11977499737986,339.265,306.34706074750414,309.02
C80,cooling_validation,3050.0,6.6,-0.243,-0.3033560137031434,-0.2989768888130983,302.4622524313061,310.44399999999996,305.48240293085337,321.654,307.29104284720614,331.621,305.4663612414497,323.311,307.273148666206,334.394,301.87174714352693,337.993,306.1075636842205,308.83099999999996
C80,cooling_validation,3100.0,6.6129999999999995,-0.247,-0.3029739296525026,-0.29870731827072783,302.20386590030444,310.029,305.0923479250994,320.88599999999997,306.82057996653475,330.56199999999995,305.0769235281231,322.49899999999997,306.8033569856228,333.293,301.64563662103376,336.75399999999996,305.8762796306,308.65
C80,cooling_validation,3150.0,6.61,-0.251,-0.30336374140540995,-0.29923168234389147,301.9570334208002,309.543,304.7216414196447,320.08799999999997,306.37427577369033,329.453,304.7068007185601,321.66499999999996,306.3576929055299,332.135,301.4181422642186,335.46099999999996,305.652833584022,308.457
C80,cooling_validation,3200.0,6.601999999999999,-0.251,-0.30401603490742707,-0.3000267820993532,301.7182403340134,308.921,304.3684587564077,319.155,305.95041078662575,328.409,304.3541665269203,320.81199999999995,305.9344363936965,331.05199999999996,301.1867831638741,334.30199999999996,305.43678638214715,308.25699999999995
C80,cooling_validation,3250.0,6.6129999999999995,-0.252,-0.303793407718994,-0.29992351626991126,301.48166562616865,308.436,304.0287120848377,318.26099999999997,305.54561347899573,327.33299999999997,304.0149238152463,319.93399999999997,305.5302092597096,329.96299999999997,300.9566405831023,333.133,305.22760621274284,308.054
C80,cooling_validation,3300.0,6.606999999999999,-0.248,-0.3043909401064726,-0.3006636652507738,301.24592048463734,307.953,303.6997732842215,317.47799999999995,305.15758786262785,326.26,303.68644789723226,319.115,305.142718243675,328.82899999999995,300.7213617812571,331.90599999999995,305.0247387335078,307.813
C80,cooling_validation,3350.0,6.601000000000001,-0.261,-0.30503267838450376,-0.30145473320724964,301.0090765865255,307.48299999999995,303.3798667619892,316.625,304.78452137970305,325.222,303.3669628451594,318.251,304.77015036222826,327.789,300.47400280220813,330.789,304.82761697265056,307.55699999999996
C80,cooling_validation,3400.0,6.604,-0.275,-0.30524415831149293,-0.30180143540600574,300.77034118815806,306.905,303.06693226924614,315.774,304.42418881722006,324.234,303.0544098805133,317.40999999999997,304.4102801501458,326.75699999999995,300.2339785157186,329.681,304.63566503418525,307.30699999999996
C80,cooling_validation,3450.0,6.611,-0.271,-0.3052261419454521,-0.30190364348621235,300.53548674127364,306.47799999999995,302.761762972664,315.006,304.0761877336078,323.212,302.74959472617104,316.633,304.062712465553,325.70399999999995,300.0131985340968,328.537,304.4484686070455,307.05199999999996
C80,cooling_validation,3500.0,6.618,-0.26,-0.3051552144809467,-0.3019398092300817,300.31167433281024,306.27599999999995,302.4673100809555,314.429,303.74149451390315,322.35799999999995,302.45548332662844,316.00399999999996,303.72843269742157,324.78499999999997,299.8157347168783,327.50899999999996,304.2658232583972,306.85799999999995
C80,cooling_validation,3550.0,6.6,-0.281,-0.30620657129485496,-0.303111188838143,300.10511915802743,305.96999999999997,302.18752187157133,313.89099999999996,303.42204742117246,321.602,302.17603825855707,315.42699999999996,303.4093892573567,323.974,299.6371509636744,326.577,304.08769569593153,306.691
C80,cooling_validation,3600.0,6.608999999999999,-0.27,-0.30600048801035584,-0.3029958079150405,299.9122799667366,305.748,301.9226163595356,313.394,303.11762890824946,320.775,301.9114683454367,314.82099999999997,303.1053596144119,323.09799999999996,299.46496875695243,325.62,303.91407994123347,306.49699999999996
C80,cooling_validation,3650.0,6.618,-0.265,-0.30575638599425087,-0.3028322470829308,299.73031563055486,305.55699999999996,301.67063171148254,312.967,302.82696348347787,320.115,301.6598091804799,314.376,302.81506835540205,322.35799999999995,299.31106644951996,324.75699999999995,303.7448683410694,306.341
C80,cooling_validation,3682.0,6.587999999999999,-0.265,-0.3072539363951509,-0.3044100576545505,299.6229868160019,305.84999999999997,301.5175953407409,313.269,302.6492080609453,320.183,301.5069846361615,314.292,302.63755163786686,322.157,299.21692299460136,324.48199999999997,303.63885414209597,306.22999999999996
C81,cooling_validation,0.0,4.526,-0.006,-0.2026120038464897,-0.14872579279652987,760.24,760.24,750.2529999999999,750.2529999999999,619.1189999999999,619.1189999999999,728.7719999999999,728.7719999999999,597.9089999999999,597.909,493.4771850607503,550.641,335.561383100131,319.387
C81,cooling_validation,50.0,4.529,-0.043,-0.22467078401990054,-0.17478834152948705,679.8814489941008,678.7049999999999,694.7429872582695,737.98,616.287874858317,617.7570000000001,694.8695054227326,721.62,616.5150007469995,597.634,478.8325939042626,550.2,340.95847799277624,319.51
C81,cooling_validation,100.0,4.516,-0.058,-0.2433963808527307,-0.19724743751010407,631.8496304018096,622.566,663.5651692543806,705.432,607.3697473239404,613.462,663.6251437034924,695.555,607.574269330973,594.818,466.30802457301377,550.337,343.93909060316116,319.642
C81,cooling_validation,150.0,4.538,-0.075,-0.2558507898654891,-0.21222744722797807,595.2365364936923,582.219,635.7215394197733,669.076,596.7598417104555,602.9559999999999,635.7302787589917,663.66,596.936388828298,586.963,455.54099370203596,548.4739999999999,345.61567677399705,319.80199999999996
C81,cooling_validation,200.0,4.526,-0.09,-0.26932741289267975,-0.2286853623401097,565.7319182298635,552.7529999999999,610.7666031941816,638.784,585.36094411424,590.943,610.7396129800707,636.1679999999999,585.5097319724077,577.385,445.50464997996653,545.15,346.5085830120589,319.90299999999996
C81,cooling_validation,250.0,4.523,-0.105,-0.2802752670643375,-0.24214765197126908,541.2941512161443,527.958,588.449360209256,611.6320000000001,573.5930090292853,578.476,588.3982931131536,611.1610000000001,573.7156697257199,567.122,436.4737666807414,540.913,346.8804819491103,319.98299999999995
C81,cooling_validation,300.0,4.518,-0.129,-0.2900798586144565,-0.25428643999713424,520.5994690720853,506.342,568.4339270662206,586.412,561.6861887378996,565.595,568.3668245879562,587.5409999999999,561.7847633884529,556.322,428.16578537139566,535.842,346.8768940882221,320.03999999999996
C81,cooling_validation,350.0,4.5200000000000005,-0.151,-0.29826542448784943,-0.26449777325781454,502.7794475865409,489.049,550.4040409601132,565.962,549.8008462135039,554.1679999999999,550.3263486183321,568.093,549.8775158473721,546.614,420.54575258623714,530.767,346.5875473885793,320.049
C81,cooling_validation,400.0,4.539000000000001,-0.175,-0.30432186723139065,-0.27215838084456717,487.1700172529246,474.054,534.050855454589,548.01,538.044034746605,543.6089999999999,533.9661116336251,550.9269999999999,538.1009352529168,537.495,413.58173618848105,525.593,346.0744346079953,320.03499999999997
C81,cooling_validation,450.0,4.531999999999999,-0.178,-0.31163329372735205,-0.28136812265995154,473.417891143175,461.173,519.1590600113411,531.487,526.5290568635548,533.078,519.0700273885026,534.842,526.568547179123,528.283,406.92269934712664,519.973,345.3842111935943,320.03799999999995
C81,cooling_validation,500.0,4.529999999999999,-0.195,-0.3178875657361816,-0.28930599731776996,461.23702271616673,449.318,505.56659851738357,517.89,515.3508946264108,524.095,505.4752983062658,521.655,515.3752684435221,520.324,400.77043633489865,514.769,344.55476940011056,320.053
C81,cooling_validation,550.0,4.522,-0.206,-0.32398942977753076,-0.2970544866953275,450.35691309799756,439.47499999999997,493.1092541846816,505.628,504.5637271054327,515.746,493.01713877729605,509.628,504.57511867153664,512.847,395.00388867880645,509.667,343.6178255038875,320.04999999999995
C81,cooling_validation,600.0,4.531999999999999,-0.221,-0.32837951836025975,-0.302749150037117,440.5285097895751,429.71999999999997,481.63364529579513,493.783,494.1938782958754,507.35699999999997,481.54160653577105,498.00199999999995,494.19412788351474,505.312,389.7026952359307,504.235,342.6000708101151,320.037
C81,cooling_validation,650.0,4.522,-0.23,-0.3337551741812996,-0.3095994962705072,431.6145226429945,421.48699999999997,471.02646049504676,483.68999999999994,484.26604249780723,499.965,470.93527132852785,488.039,484.2569055185264,498.62699999999995,384.6140637581502,499.227,341.5237681945747,319.99699999999996
C81,cooling_validation,700.0,4.525,-0.233,-0.337859333259655,-0.31492682764610785,423.487687428132,413.955,461.19982660297427,473.97299999999996,474.7938995889882,492.53099999999995,461.11000230686875,478.36299999999994,474.7768845305377,491.811,379.9213179195742,493.956,340.40746387205604,319.931
C81,cooling_validation,750.0,4.516,-0.233,-0.34245069748024687,-0.3208030755129705,416.0434769655538,407.081,452.07017849835603,465.69499999999994,465.7764200806869,485.99399999999997,451.982137773044,470.11699999999996,465.7528800250159,485.783,375.44306641146767,489.08899999999994,339.2664998292331,319.82899999999995
C81,cooling_validation,800.0,4.526999999999999,-0.259,-0.3454491133246137,-0.32479567528020475,409.1687744533233,401.109,443.55922797851355,457.779,457.20026854974145,479.772,443.4731592795647,462.24699999999996,457.17129450829924,480.04699999999997,371.32939504394767,484.364,338.113299423544,319.71099999999996
C81,cooling_validation,850.0,4.527000000000001,-0.269,-0.3489190833947855,-0.32931822656889675,402.7941981128032,396.0,435.6000348605289,450.634,449.05059396688466,473.455,435.5161060794593,454.89799999999997,449.0171673832987,474.149,367.3953236206897,479.35299999999995,336.95795399534217,319.58399999999995
C81,cooling_validation,900.0,4.525,-0.276,-0.3522791012226061,-0.33368884066094356,396.8862924495122,391.561,428.1550037252439,444.707,441.3215695686142,468.042,428.07337083773257,448.788,441.2845626390941,469.032,363.67972424821744,474.842,335.808476993971,319.447
C81,cooling_validation,950.0,4.542,-0.278,-0.35427935724664444,-0.3364741132702969,391.35970947273734,386.90099999999995,421.1655863872692,438.631,433.9858206357744,462.568,421.08624390964144,442.575,433.9458984971123,463.83,360.2405408985234,470.162,334.67115732650234,319.268
C81,cooling_validation,1000.0,4.526,-0.286,-0.3581047859090485,-0.3413290895963715,386.2165431599857,382.31899999999996,414.6056808507841,433.11699999999996,427.03606846056874,457.639,414.5287626411607,437.053,426.9939207890404,459.14,356.86322561372134,465.88699999999994,333.55083255423085,319.085
C81,cooling_validation,1050.0,4.519,-0.285,-0.36117320697099836,-0.3452873021070203,381.43790087834924,378.34999999999997,408.4598714557069,427.83899999999994,420.4644642576786,452.84,408.38546173167936,431.71399999999994,420.4206623593948,454.553,353.72156679963837,461.667,332.45120293161347,318.88399999999996
C81,cooling_validation,1100.0,4.535999999999999,-0.284,-0.3626880207758248,-0.34746099367512945,376.9318014647935,374.751,402.6701963310313,422.549,414.23353593723346,447.79699999999997,402.5981903822162,426.298,414.1884570628829,449.74299999999994,350.81943209933286,457.18999999999994,331.3750214543163,318.66499999999996
C81,cooling_validation,1150.0,4.529999999999999,-0.303,-0.36542019865217623,-0.3509924581003638,372.6923494711346,371.49399999999997,397.20834990603095,418.18499999999995,408.3277101336949,443.417,397.13873057443834,421.779,408.2817499294462,445.46999999999997,347.9886414579281,453.13199999999995,330.32417876181137,318.43199999999996
C81,cooling_validation,1200.0,4.526999999999999,-0.304,-0.3678037914637465,-0.35410513245682235,368.72064249431617,368.21,392.06559382675084,413.977,402.7390305516608,439.253,391.9983591397873,417.46999999999997,402.6925376310418,441.43499999999995,345.3364246005874,449.231,329.30000404914347,318.222
C81,cooling_validation,1250.0,4.529,-0.314,-0.3698170204108449,-0.35678159229314466,364.97821677431796,365.58,387.21374617140066,409.65599999999995,397.4455919699537,434.865,387.14883835064416,413.014,397.3988310905056,437.144,342.81607744052917,445.091,328.3034038566865,317.94599999999997
C81,cooling_validation,1300.0,4.5280000000000005,-0.317,-0.37186123190019194,-0.3594710465722439,361.4462588370892,362.63199999999995,382.630348028599,406.009,392.43009267654986,430.99299999999994,382.5677081724948,409.229,392.38329281873956,433.327,340.4290813055329,441.322,327.33472984663206,317.692
C81,cooling_validation,1350.0,4.527000000000001,-0.325,-0.37380211045504264,-0.36202470805588155,358.1146210121771,359.976,378.2998261310052,402.282,387.67891021726746,427.212,378.2393978323936,405.472,387.63226897003676,429.633,338.1617384107953,437.654,326.39411994273564,317.43899999999996
C81,cooling_validation,1400.0,4.537,-0.317,-0.37503410482054844,-0.36377566043048004,354.9561035218697,357.23499999999996,374.19972409127456,398.78499999999997,383.17311995006025,423.55999999999995,374.1414121453894,401.90299999999996,383.12677804808095,426.044,336.0378485743545,434.06499999999994,325.48147470330485,317.179
C81,cooling_validation,1450.0,4.525,-0.324,-0.37739177336055607,-0.3667493964758222,351.97487320268795,354.7,370.3204547159907,394.93399999999997,378.90321573920323,419.683,370.26422280506586,398.065,378.8573317863538,422.24299999999994,333.96077434209525,430.304,324.59648737343906,316.89
C81,cooling_validation,1500.0,4.528,-0.325,-0.3788118878009553,-0.36867030707585385,349.16131408605025,352.405,366.65280102820594,391.75899999999996,374.85826914807024,416.206,366.5985895103186,394.836,374.8129587441414,418.81399999999996,332.0395256844881,426.847,323.7387116610636,316.618
C81,cooling_validation,1550.0,4.525,-0.323,-0.38047722872577655,-0.3708420629046655,346.4965594000988,350.02,363.1792222930271,388.52599999999995,371.02270239545095,412.823,363.1269619817771,391.60999999999996,370.9780564247189,415.46799999999996,330.19894230567127,423.481,322.9076662821874,316.34299999999996
C81,cooling_validation,1600.0,4.537,-0.333,-0.38127029826057324,-0.3720470336519804,343.9618610507254,347.719,359.8833502407854,385.145,367.3819664466289,409.25699999999995,359.8329421046328,388.166,367.3380394439256,411.96399999999994,328.4777170947276,419.942,322.1027443624208,316.04499999999996
C81,cooling_validation,1650.0,4.525,-0.331,-0.38324601197715324,-0.37452020408794184,341.56595702292503,345.75199999999995,356.7595385290823,382.269,363.92929190773964,406.049,356.7109433297212,385.20899999999995,363.8861662283821,408.79499999999996,326.8038701559077,416.72499999999997,321.32328310204844,315.78799999999995
C81,cooling_validation,1700.0,4.5280000000000005,-0.344,-0.38436526400348653,-0.37604747898020324,339.3003720179378,343.907,353.8019449918943,379.37,360.6561448601196,402.91999999999996,353.75510470719416,382.255,360.6138720543827,405.71999999999997,325.23944325678474,413.57399999999996,320.568636984724,315.5
C81,cooling_validation,1750.0,4.527000000000001,-0.343,-0.3856355225560303,-0.37772330863264925,337.14769296526214,342.154,350.9953316273385,376.60799999999995,357.54900276419585,399.71399999999994,350.95017346164525,379.346,357.5076145583355,402.51,323.7411708729753,410.29699999999997,319.83805509117815,315.207
C81,cooling_validation,1800.0,4.5329999999999995,-0.342,-0.38648022351567923,-0.37892675188586883,335.0999964381749,340.211,348.3298051080378,374.07399999999996,354.5982359982936,396.82,348.28625105508365,376.755,354.5577511114044,399.647,322.328810124397,407.29599999999994,319.13074699719215,314.916
C81,cooling_validation,1850.0,4.531000000000001,-0.354,-0.3876806604093248,-0.38049856124469383,333.1551574399185,338.52099999999996,345.7980211800392,371.37,351.7958843222396,393.794,345.7560124221808,374.048,351.7563258006885,396.631,320.97213127623627,404.202,318.4459368073617,314.63199999999995
C81,cooling_validation,1900.0,4.531999999999999,-0.354,-0.38866746052567946,-0.3818272845668968,331.3098969909788,336.74699999999996,343.3946192826541,368.519,349.13500800040646,390.601,343.35409923914943,371.14599999999996,349.0963908299229,393.46299999999997,319.68883697964816,400.913,317.7828759256902,314.32
C81,cooling_validation,1950.0,4.521999999999999,-0.354,-0.3901612916592805,-0.3836826105076455,329.5639753053321,335.47499999999997,341.1152364879962,366.29999999999995,346.6097033620665,387.92699999999996,341.0761672174533,368.82599999999996,346.57204816808905,390.787,318.45234516890275,398.097,317.14083086721064,314.032
C81,cooling_validation,2000.0,4.531000000000001,-0.335,-0.3906478433459196,-0.3844531567569753,327.90142160379344,333.88,338.949833483515,364.157,344.2101207198723,385.34799999999996,338.9121422305491,366.639,344.17341784503776,388.17199999999997,317.29952784270324,395.359,316.5190582473763,313.768
C81,cooling_validation,2050.0,4.529999999999999,-0.36,-0.39159872055774275,-0.3857063118786483,326.3161152622108,332.517,336.88890395402194,361.799,341.9279165260839,382.614,336.8525283753162,364.23199999999997,341.8921583236024,385.45099999999996,316.1854572185182,392.518,315.9167905552165,313.45799999999997
C81,cooling_validation,2100.0,4.51,-0.377,-0.3934463565338043,-0.38789378614352804,324.82219899576717,331.58799999999997,334.9357136022565,360.07399999999996,339.7628974905031,380.71399999999994,334.9006370102047,362.11199999999997,339.7281042380014,382.971,315.1064533972866,389.678,315.33330800698866,313.159
C81,cooling_validation,2150.0,4.533,-0.356,-0.39309181610786875,-0.38774238616371814,323.39350751032805,330.561,333.0775461907702,358.49,337.7030592871807,378.06899999999996,333.043683025423,360.601,337.66919529462734,380.793,314.139232264569,387.41999999999996,314.767937137755,312.88199999999995
C81,cooling_validation,2200.0,4.535,-0.359,-0.3937561154838322,-0.3886585691470259,322.02468442272163,329.30499999999995,331.303356782144,356.38699999999994,335.74003827273395,375.65299999999996,331.2706445256599,358.519,335.70708578681104,378.35499999999996,313.18696362431217,384.84499999999997,314.2200499883745,312.58799999999997
C81,cooling_validation,2250.0,4.527000000000001,-0.356,-0.39485145846513114,-0.39001445100077575,320.73122558216346,328.40099999999995,329.6180992415667,354.827,333.8749737193054,373.49199999999996,329.5865139412641,356.82599999999996,333.8429354738555,376.179,312.28388119286564,382.498,313.6890660679152,312.322
C81,cooling_validation,2300.0,4.529,-0.356,-0.3954193494773473,-0.3908061724020132,319.50598167246494,327.469,328.01821370369316,353.14799999999997,332.1026065851079,371.418,327.9877182803555,355.05699999999996,332.0714705436061,374.058,311.43489560237003,380.246,313.1744835550144,312.061
C81,cooling_validation,2350.0,4.523,-0.354,-0.39634610607700005,-0.3919638770325312,318.34318287478345,326.24699999999996,326.4981400479452,351.354,330.41751220908014,369.22799999999995,326.46869951975464,353.236,330.38726694649256,371.84,310.6191597963031,377.88199999999995,312.675768973215,311.768
C81,cooling_validation,2400.0,4.529,-0.353,-0.3966800642627728,-0.3924956650926956,317.234209871614,325.056,325.0518069380693,349.539,328.8140355800017,367.173,325.02336981181,351.44899999999996,328.7846567608259,369.78599999999994,309.8399047516952,375.68899999999996,312.192335278438,311.48199999999997
C81,cooling_validation,2450.0,4.523999999999999,-0.351,-0.39750632349218673,-0.39353110729064206,316.17734405361335,324.33799999999997,323.6743220667322,347.972,327.2875694186695,365.152,323.6468490214787,349.75,327.2590399608167,367.753,309.09481774858233,373.558,311.7235291092041,311.222
C81,cooling_validation,2500.0,4.522,-0.367,-0.3981594448463692,-0.39437750502204083,315.1735900794021,323.14,322.3642423566487,346.308,325.83542157335467,363.14,322.3376985245694,348.11299999999994,325.80772464312525,365.683,308.3869992183789,371.33799999999997,311.2688003223395,310.942
C81,cooling_validation,2550.0,4.539000000000001,-0.364,-0.39786950507187147,-0.3942372001488344,314.2102747418835,322.20399999999995,321.11356911251767,344.72499999999997,324.45053242270353,361.236,321.08789777234654,346.501,324.42363418809566,363.779,307.72676986229317,369.30899999999997,310.8276310458493,310.66499999999996
C81,cooling_validation,2600.0,4.529,-0.36,-0.3988734088480036,-0.3954347650069483,313.2918720864131,321.35699999999997,319.92054221091405,343.25199999999995,323.13080853052895,359.37699999999995,319.8957138988666,345.018,323.10469413019723,361.88599999999997,307.066859179135,367.301,310.39949667916744,310.39799999999997
C81,cooling_validation,2650.0,4.525,-0.351,-0.39955221892001447,-0.39628574724585464,312.4215557864772,320.61899999999997,318.78627294264453,341.84999999999997,321.87515844450616,357.609,318.7622642680479,343.572,321.8498136492992,360.09,306.4484612914276,365.37899999999996,309.98385889128,310.15099999999995
C81,cooling_validation,2700.0,4.52,-0.369,-0.4002331079263968,-0.3971285993577576,311.59549349057505,319.88399999999996,317.7074114719638,340.51599999999996,320.6798152342202,355.804,317.6841964893063,342.154,320.65522253856886,358.274,305.8707726778421,363.399,309.5802947223241,309.881
C81,cooling_validation,2750.0,4.524,-0.351,-0.40048435893831513,-0.39752379959159373,310.80706292536547,318.99399999999997,316.6793904972126,339.13199999999995,319.5406476301023,354.14,316.65693206691986,340.78299999999996,319.51678205754195,356.599,305.31391740453824,361.57,309.18842282200137,309.62899999999996
C81,cooling_validation,2800.0,4.533,-0.364,-0.40044830624087024,-0.3976137191116001,310.05233908545506,318.383,315.69760111774485,337.90099999999995,318.4536385077337,352.522,315.6758618161595,339.493,318.4304746231138,354.96299999999997,304.80200891623315,359.804,308.8078186523675,309.38899999999995
C81,cooling_validation,2850.0,4.53,-0.364,-0.40096765436596793,-0.3982705387839749,309.33483953198964,317.56899999999996,314.76154637366983,336.645,317.41751636331554,350.885,314.74050299685007,338.20099999999996,317.395037985918,353.27799999999996,304.30497305039785,357.981,308.43816827163323,309.154
C81,cooling_validation,2900.0,4.529,-0.363,-0.40138881014293426,-0.3988222522134341,308.6532363616158,317.09999999999997,313.8705344214566,335.479,316.4305936415003,349.344,313.8501645570111,336.981,316.4087836231231,351.72299999999996,303.824110519449,356.28599999999994,308.07913523909696,308.899
C81,cooling_validation,2950.0,4.53,-0.361,-0.40168153478689306,-0.3992344483759504,308.0039172688059,316.28999999999996,313.0215429636115,334.38599999999997,315.48981066829396,347.928,313.00182199828,335.852,315.468649718236,350.24399999999997,303.3757089046019,354.668,307.7303238324771,308.67699999999996
C81,cooling_validation,3000.0,4.525,-0.352,-0.4022436364212464,-0.3999179113358396,307.38715442078836,315.68699999999995,312.2130759052251,333.248,314.5933932902388,346.49,312.1939836875918,334.691,314.5728653646215,348.79999999999995,302.9438552543421,353.10799999999995,307.3913975716713,308.44899999999996
C81,cooling_validation,3050.0,4.538,-0.375,-0.4019424000819459,-0.3997120476111618,306.7967266083364,314.993,311.44139684644176,332.066,313.73791568006175,344.98499999999996,311.42290098270314,333.462,313.7179957437415,347.25199999999995,302.54066532584045,351.447,307.0620336428008,308.19399999999996
C81,cooling_validation,3100.0,4.531999999999999,-0.361,-0.4025301162068155,-0.4004131767401482,306.2325581767844,314.32599999999996,310.7043755510932,330.899,312.9213590055045,343.578,310.68645420250107,332.311,312.90202971671,345.84299999999996,302.1417132802269,349.921,306.7418782771359,307.97299999999996
C81,cooling_validation,3150.0,4.546,-0.361,-0.40216225480454426,-0.40013255413004056,305.69224556659424,313.808,310.00007751941934,329.866,312.14157134181323,342.21299999999997,309.9827025283441,331.214,312.12281023440835,344.462,301.7711533600534,348.42999999999995,306.43058448110776,307.72499999999997
C81,cooling_validation,3200.0,4.526999999999999,-0.366,-0.4033203499090453,-0.4014053302361583,305.18078263512353,313.409,309.32912394769585,329.00399999999996,311.3983086940005,340.873,309.3122877366051,330.251,311.3801071760024,343.05699999999996,301.4078371191518,346.923,306.127846304212,307.5
C81,cooling_validation,3250.0,4.539,-0.368,-0.40302114153517277,-0.4011870796355402,304.6937142963097,312.80199999999996,308.69019105395574,328.00699999999995,310.68960578120374,339.67499999999995,308.6738710643598,329.284,310.671943616159,341.82399999999996,301.0703197660513,345.55699999999996,305.83340385155407,307.275
C81,cooling_validation,3300.0,4.524,-0.371,-0.4039562154052755,-0.40222125165208655,304.230813583833,312.387,308.0809925648374,327.145,310.01352965992345,338.491,308.0651764838182,328.405,309.99639473994864,340.59499999999997,300.7463325474637,344.22499999999997,305.5469687365352,307.07
C81,cooling_validation,3350.0,4.5409999999999995,-0.37,-0.40338726393634405,-0.4017195050839121,303.7886719293986,311.842,307.4998657583988,326.168,309.36823335717406,337.22999999999996,307.48452868619984,327.375,309.3516043493136,339.304,300.4489465292548,342.83299999999997,305.26832792132006,306.84999999999997
C81,cooling_validation,3400.0,4.5230000000000015,-0.36,-0.4044433763237897,-0.40286901076443776,303.36817131752235,311.23199999999997,306.9453795138262,325.238,308.75243897626297,336.073,306.93051062342164,326.45399999999995,308.73630513414406,338.14799999999997,300.15030277048004,341.55699999999996,304.99723777900834,306.64
C81,cooling_validation,3450.0,4.534,-0.379,-0.4041343314126209,-0.4026256020467018,302.9676343020513,310.904,306.4169147562592,324.40099999999995,308.16500673146925,334.923,306.4024943481715,325.582,308.14935029267434,336.98199999999997,299.8780026923987,340.30699999999996,304.73345812443733,306.442
C81,cooling_validation,3500.0,4.5440000000000005,-0.365,-0.40387335226636195,-0.40243006516687113,302.58110802770284,310.423,305.9102562777085,323.652,307.6026420719203,333.883,305.8962598757429,324.789,307.58744243291915,335.87199999999996,299.611544148174,339.086,304.476737371647,306.236
C81,cooling_validation,3550.0,4.531999999999999,-0.366,-0.4046020224260858,-0.40323324113203163,302.21501833027514,310.08799999999997,305.4268847105774,322.80499999999995,307.066039438987,332.75699999999995,305.4133052347194,323.918,307.05128824283986,334.736,299.36307297835305,337.844,304.2268405730855,306.029
C81,cooling_validation,3600.0,4.525,-0.373,-0.40509021929718886,-0.4037887579470772,301.87093878738904,309.767,304.96797466465637,322.162,306.5551906174976,331.787,304.95480639749985,323.2,306.5408791585065,333.71999999999997,299.12789172188445,336.72799999999995,303.98362373789917,305.83299999999997
C81,cooling_validation,3650.0,4.5329999999999995,-0.373,-0.40486960216202006,-0.40362178054940834,301.5427160014861,309.388,304.53056379930365,321.465,306.06752431026615,330.835,304.5177902157393,322.488,306.05363646760173,332.717,298.91118942562275,335.64599999999996,303.7469394953557,305.65299999999996
C81,cooling_validation,3700.0,4.529999999999999,-0.375,-0.4051536666088681,-0.4039642156572335,301.2298032562635,309.043,304.11303125877174,320.786,305.6018561504777,329.899,304.10063904230157,321.774,305.58837937206414,331.769,298.70012148234366,334.585,303.5166137872958,305.472
C81,cooling_validation,3750.0,4.524,-0.358,-0.4055705745198659,-0.4044385987724371,300.93315647842496,308.58099999999996,303.7153905221924,320.03299999999996,305.1578431633004,328.92699999999996,303.7033697255623,321.03,305.1447671120054,330.74899999999997,298.4974900175582,333.469,303.2924619655371,305.26599999999996
C81,cooling_validation,3800.0,4.535999999999999,-0.371,-0.40514346978525284,-0.40405546282103705,300.6492658915587,308.193,303.3355742759574,319.32399999999996,304.7335990325464,328.003,303.3239084347384,320.315,304.72090846363335,329.806,298.31167430406833,332.46999999999997,303.0742971676674,305.114
C81,cooling_validation,3850.0,4.535,-0.37,-0.40529987987760785,-0.4042591821101174,300.3787504852843,307.83299999999997,302.97271576813375,318.64799999999997,304.3282645597155,327.113,302.96139362078327,319.625,304.3159481254819,328.88,298.13750150001283,331.45799999999997,302.8619582365503,304.967
C81,cooling_validation,3900.0,4.545,-0.357,-0.40495241587718267,-0.40395268877116586,300.12076907385847,307.518,302.62615215545804,317.947,303.9410396814774,326.173,302.61516064348444,318.933,303.92908487172906,327.93399999999997,297.96877658690386,330.404,302.655313435537,304.801
C81,cooling_validation,3950.0,4.527000000000001,-0.355,-0.40588265963424286,-0.40493435676169093,299.87757599977186,307.21299999999997,302.29637394342615,317.368,303.571949023691,325.36699999999996,302.28571011796555,318.33099999999996,303.5603502427801,327.054,297.80657998287415,329.474,302.45420617615287,304.673
C81,cooling_validation,4000.0,4.534,-0.357,-0.4056419463452736,-0.4047286546582484,299.64855728537634,306.92499999999995,301.9832572725288,316.78499999999997,303.22041714849007,324.58099999999996,301.97291287910633,317.73699999999997,303.20916457533644,326.24199999999996,297.665021693729,328.57,302.2585201146271,304.54499999999996
C81,cooling_validation,4050.0,4.534,-0.365,-0.40572668782402777,-0.4048510307870633,299.43057554792233,306.664,301.684866560749,316.2,302.8848833277791,323.755,301.67483121832083,317.128,302.87396623362713,325.366,297.52485752007385,327.64,302.0681515797279,304.38899999999995
C81,cooling_validation,4100.0,4.527000000000001,-0.37,-0.4061205793100762,-0.4052823206781669,299.2249276811407,306.43499999999995,301.40112327136467,315.681,302.5651903169906,323.03499999999997,301.39139062264826,316.596,302.55460132706617,324.606,297.3951514758638,326.801,301.88296729550234,304.256
C81,cooling_validation,4150.0,4.533,-0.367,-0.40591172356423755,-0.40510355381401,299.0300258353615,306.20799999999997,301.1311696609689,315.20899999999995,302.2604263080482,322.332,301.12173002725285,316.067,302.25015548448454,323.878,297.2744968478461,325.986,301.70285317556414,304.114
C81,cooling_validation,4200.0,4.524,-0.359,-0.40640169054880565,-0.40563002754231564,298.8440526626838,306.01399999999995,300.8737606189998,314.77299999999997,301.96957012888083,321.664,300.86460410847,315.58799999999997,301.95960778599334,323.173,297.150081895701,325.219,301.52766377243,303.96999999999997
C81,cooling_validation,4250.0,4.531000000000001,-0.365,-0.40621712322986336,-0.40548445158134255,298.6604886116361,305.59999999999997,300.62599586545673,314.157,301.6905464590598,320.90599999999995,300.6171007632231,314.976,301.6808754637467,322.41499999999996,296.9969551846013,324.40999999999997,301.35711837539566,303.77599999999995
C81,cooling_validation,4300.0,4.526,-0.365,-0.40658545831368886,-0.40589585245242576,298.47657662536795,305.284,300.3851864374468,313.56399999999996,301.42143806518686,320.179,300.3765318889684,314.399,301.4120419972321,321.683,296.8434582804439,323.637,301.19076683696346,303.568
C81,cooling_validation,4350.0,4.5329999999999995,-0.368,-0.40640303415407286,-0.40575177645893273,298.29384005665884,304.926,300.150590447113,312.995,301.1614033312427,319.476,300.14215697414465,313.80199999999996,301.152266056683,320.97299999999996,296.6939708197557,322.85499999999996,301.02819878521024,303.352
C81,cooling_validation,4400.0,4.527000000000001,-0.375,-0.4068118582844046,-0.40620188063065366,298.11413293308124,304.49699999999996,299.9222828227279,312.38,300.9100429481948,318.763,299.9140574765229,313.207,300.9011520340891,320.25699999999995,296.5476344854434,322.116,300.8691574255471,303.149
C81,cooling_validation,4450.0,4.539999999999998,-0.382,-0.4063256715968463,-0.4057468189508339,297.93893247080206,304.167,299.7005700166826,311.77,300.6670628428245,318.018,299.6925412391564,312.577,300.6584060403677,319.52799999999996,296.41983025457625,321.328,300.7134744077557,302.95099999999996
C81,cooling_validation,4500.0,4.535,-0.366,-0.4066721931330302,-0.4061305396591796,297.7691982201025,303.87699999999995,299.48580345045104,311.212,300.43236398490586,317.317,299.47796421970787,311.99899999999997,300.423932299953,318.837,296.2873083879459,320.585,300.56105547462175,302.755
C81,cooling_validation,4550.0,4.529,-0.384,-0.40704951405435985,-0.4065422287575648,297.60637946912726,303.667,299.27880182982557,310.729,300.2062526901983,316.683,299.2711480760852,311.513,300.19803926036366,318.203,296.1653558341747,319.9,300.41181061796067,302.59299999999996
C81,cooling_validation,4600.0,4.539,-0.368,-0.40668880565871124,-0.4062102539237255,297.44897385888595,303.35299999999995,299.07896984980687,310.21799999999996,299.98805799164364,316.034,299.07149369960575,310.966,299.9800534082991,317.53,296.0510042474817,319.171,300.2656588153881,302.40599999999995
C81,cooling_validation,4650.0,4.522,-0.372,-0.40756068277712654,-0.4071164834957589,297.298344209583,303.097,298.88661417282833,309.77099999999996,299.7779655773854,315.438,298.8793132810565,310.5,299.77016497811513,316.918,295.93678160652235,318.527,300.12252715796325,302.25399999999996
C81,cooling_validation,4700.0,4.53,-0.371,-0.40729474970968266,-0.4068792426957236,297.1526420957818,302.87399999999997,298.7012783031322,309.32399999999996,299.57549186649857,314.85799999999995,298.6941448518004,310.03799999999995,299.5678867020857,316.317,295.82477401960296,317.86699999999996,299.98232265194434,302.087
C81,cooling_validation,4750.0,4.5440000000000005,-0.376,-0.4067306065983597,-0.40633847488473435,297.0104905881167,302.702,298.52156490675884,308.945,299.379590461201,314.318,298.5145902188857,309.662,299.3721717227109,315.73699999999997,295.72899885896226,317.267,299.84493535337106,301.948
C81,cooling_validation,4800.0,4.5280000000000005,-0.372,-0.40753873985910316,-0.4071758890635779,296.87557142147966,302.51599999999996,298.3487421152222,308.56199999999995,299.19112701943186,313.779,298.34192619994775,309.274,299.18389231253957,315.16999999999996,295.63071394847327,316.63399999999996,299.71032507574483,301.804
C81,cooling_validation,4850.0,4.534,-0.378,-0.4073215031147942,-0.40697972966879853,296.7483644742616,302.304,298.1835583769167,308.176,299.0103359788369,313.287,298.1769002466124,308.89,299.0032815228583,314.657,295.54884570067964,316.05499999999995,299.57847788282737,301.67999999999995
C81,cooling_validation,4900.0,4.529,-0.373,-0.40760789241611883,-0.40728889923789285,296.6275595135116,302.185,298.0254911229711,307.85999999999996,298.8367138439284,312.80199999999996,298.01898928443165,308.537,298.8298358246125,314.14099999999996,295.4669928545161,315.50399999999996,299.44938951681513,301.534
C81,cooling_validation,4950.0,4.542,-0.371,-0.40707763831171395,-0.4067786527757778,296.5111011658545,301.962,297.8735920276253,307.47799999999995,298.6696888557706,312.298,297.86723974357614,308.15,298.6629806606861,313.62399999999997,295.386275718245,314.938,299.32302257666464,301.394
C81,cooling_validation,5000.0,4.5440000000000005,-0.37,-0.407064355793879,-0.40678926993170905,296.3961407360117,301.695,297.7262671364995,307.08399999999995,298.5082017543014,311.80899999999997,297.72005589867933,307.738,298.5016559642939,313.13399999999996,295.29742321271186,314.429,299.19925714731704,301.262
C81,cooling_validation,5050.0,4.535999999999999,-0.38,-0.4075512486818137,-0.40730812403194566,296.2805484937308,301.34,297.5823653399388,306.539,298.3515369332356,311.272,297.5762832094034,307.25899999999996,298.3451442649023,312.59299999999996,295.183776411761,313.866,299.0778555182677,301.08799999999997
C81,cooling_validation,5100.0,4.531999999999999,-0.374,-0.4078648957379706,-0.4076542945674661,296.1618825289615,300.97799999999995,297.4402253735308,306.022,298.19845270706924,310.727,297.43425851104337,306.80499999999995,298.1922022697299,312.04499999999996,295.06599195296167,313.32399999999996,298.95846157279567,300.912
C81,cooling_validation,5150.0,4.534,-0.388,-0.40794252011536114,-0.4077694559525498,296.0377871976736,300.61899999999997,297.2980786835743,305.416,298.0476026261167,310.125,297.29220903232846,306.256,298.0414804466691,311.42999999999995,294.928038646231,312.698,298.840743563417,300.697
C81,cooling_validation,5200.0,4.531999999999999,-0.399,-0.4081759993886952,-0.408036723121304,295.9109032541545,300.50699999999995,297.155917060114,305.061,297.8987585198992,309.626,297.150133253754,305.861,297.89275459155124,310.9,294.80475369302405,312.154,298.7244059825685,300.529
C81,cooling_validation,5250.0,4.531999999999999,-0.404,-0.40831118010194567,-0.4082042182758586,295.78406919894445,300.263,297.0146482176897,304.669,297.7522210957298,309.178,297.00894301686156,305.53,297.7463276419997,310.42499999999995,294.68625756183735,311.642,298.60931623607985,300.37
C81,cooling_validation,5300.0,4.519,-0.408,-0.4090354195527489,-0.4089611757392918,295.65903498793506,300.04499999999996,296.87525188575864,304.26099999999997,297.60833607777334,308.68399999999997,296.8696224179174,305.133,297.60254793849447,309.91299999999995,294.5679347746597,311.091,298.49539822493466,300.207
C81,cooling_validation,5350.0,4.518,-0.403,-0.40919833432361946,-0.4091531911634899,295.5365815868736,299.85499999999996,296.73832462424036,303.902,297.46726219177384,308.256,296.73276874978643,304.811,297.4615745757296,309.43199999999996,294.4605741038568,310.597,298.3826199529026,300.078
C81,cooling_validation,5400.0,4.528,-0.414,-0.4088613250992313,-0.4088445669502189,295.41573106224587,299.64799999999997,296.60354260381064,303.573,297.32867323104244,307.846,296.59805580224236,304.49399999999997,297.3230800852359,308.995,294.35541709629194,310.126,298.27097803802826,299.93199999999996
C81,cooling_validation,5450.0,4.535,-0.41,-0.4086525208997883,-0.4086629919885279,295.2966005593432,299.404,296.4708285503196,303.188,297.1925394273854,307.42499999999995,296.46540754736407,304.16499999999996,297.1870361411133,308.56899999999996,294.2553232380484,309.657,298.1604663518202,299.81199999999995
C81,cooling_validation,5500.0,4.527000000000001,-0.412,-0.40912701214423586,-0.4091653265542304,295.18028551945775,299.207,296.34075264111124,302.792,297.0592698358385,306.98199999999997,296.33539687006146,303.78499999999997,297.0538540412652,308.10999999999996,294.15281041350187,309.173,298.0510721218996,299.671
C81,cooling_validation,5550.0,4.531000000000001,-0.405,-0.40903985362240514,-0.40910281982706226,295.06749171390436,299.116,296.21382223876196,302.53999999999996,296.9291155892674,306.618,296.20853190215087,303.517,296.9237852800349,307.69899999999996,294.06236373384087,308.76,297.94278303934277,299.558
C81,cooling_validation,5600.0,4.5329999999999995,-0.406,-0.4090578797810128,-0.40914761558075524,294.95705602585286,298.923,296.0897299264844,302.21799999999996,296.8018136549728,306.246,296.0845031339039,303.203,296.7965656447331,307.284,293.9643629636714,308.30199999999996,297.83559293696055,299.421
C81,cooling_validation,5650.0,4.526,-0.4,-0.40945884470256344,-0.40957110402035773,294.8502948452377,298.81399999999996,295.9688539989196,301.976,296.6776736092851,305.88199999999995,295.963692373697,302.91999999999996,296.6725074284148,306.92699999999996,293.8802904237924,307.91299999999995,297.72948967889374,299.28999999999996
C81,cooling_validation,5700.0,4.528,-0.399,-0.4094498387544736,-0.4095841023284993,294.7479755642773,298.669,295.8516580293874,301.707,296.5569623526535,305.52799999999996,295.84656302466067,302.618,296.55187745873206,306.542,293.79953733267087,307.50899999999996,297.62450354051293,299.145
C81,cooling_validation,5750.0,4.529,-0.411,-0.4094799026884466,-0.4096349302408614,294.6493402137484,298.567,295.73797657811235,301.493,296.43954044788507,305.188,295.73294892583505,302.39099999999996,296.43453590153854,306.195,293.72320210091,307.138,297.52067594165385,299.013
C81,cooling_validation,5800.0,4.53,-0.398,-0.40949761344851854,-0.40967120694811704,294.55487230619553,298.42199999999997,295.6279718816892,301.269,296.3255485931948,304.89,295.6230131496039,302.138,296.320624285461,305.878,293.6549132695029,306.78,297.41804256250833,298.9
C81,cooling_validation,5850.0,4.541,-0.414,-0.40908481786883905,-0.4092807369723363,294.46226664017223,298.27,295.5208580926406,301.001,296.21450218811066,304.566,295.515965553441,301.87899999999996,296.20965549427416,305.52599999999995,293.5762326395998,306.412,297.3166138204793,298.77
C81,cooling_validation,5863.0,4.528,-0.405,-0.4096976349031563,-0.4098988865189292,294.4384743679964,298.193,295.493471115164,300.909,296.1861222482504,304.457,295.4885958840789,301.79999999999995,296.18129575566064,305.42499999999995,293.55258767342195,306.32,297.29043253382326,298.727
