phase,simulation_id,time_s,model_T8_K,observed_T8_K,model_T12_K,observed_T12_K,model_T11_K,observed_T11_K,model_T9_K,observed_T9_K,model_T10_K,observed_T10_K,model_T3_K,observed_T3_K,model_T2_K,observed_T2_K
heating_training,E67,0.0,293.3685,296.62199999999996,293.3685,296.25,293.3685,296.35299999999995,293.3685,296.22499999999997,293.3685,296.43399999999997,293.36850000000004,296.686,293.3685,293.39799999999997
heating_training,E67,50.0,381.39117723854963,383.55999999999995,336.96213144117564,341.47999999999996,310.27689004401986,308.99899999999997,401.0052150720462,316.138,335.76206354444105,300.25399999999996,305.74767770814395,299.786,293.3696714731502,293.414
heating_training,E67,100.0,464.05124720793134,540.75,401.1412759091883,473.256,352.65293813136884,376.486,520.4064947830781,420.83,424.60308341200846,346.76099999999997,342.8573957402347,327.39099999999996,293.376221678427,293.438
heating_training,E67,150.0,533.2532525705354,664.299,466.2668305210769,589.1769999999999,405.28870721238604,445.365,610.0610847722443,529.854,511.62704795085045,403.433,391.43557900717263,354.489,293.39005706927423,293.471
heating_training,E67,200.0,589.0527150047667,748.8409999999999,524.8052545362026,676.7909999999999,457.8001490248608,499.078,669.8064573029765,618.247,579.050295208029,448.715,441.10134918839947,378.13699999999994,293.4171624904243,293.50899999999996
heating_training,E67,250.0,633.2152457474403,809.804,574.6192286546085,746.2349999999999,505.36672251615846,544.2439999999999,708.0051089125412,691.87,626.5082487563624,487.053,486.69629453755294,398.99399999999997,293.47137908550025,293.53999999999996
heating_training,E67,300.0,667.9076062868849,854.7379999999999,615.7923145660963,803.725,546.3388920014495,584.703,732.243419789402,752.739,658.6015653369652,521.4689999999999,526.2879053135247,420.99299999999994,293.5733257398771,293.59299999999996
heating_training,E67,350.0,695.0291710348071,882.3009999999999,649.2992978339465,844.107,580.6567657773037,616.0509999999999,747.9076735872259,795.891,680.1497249476596,548.444,559.6161513253654,442.34799999999996,293.7467143046406,293.645
heating_training,E67,400.0,716.0936754461264,903.242,676.2946937273974,877.372,608.9443191925615,644.2819999999999,758.2666093525808,831.799,694.8140435980221,572.938,587.1865465490706,461.29599999999994,294.01406740923125,293.70799999999997
heating_training,E67,450.0,732.4592645996107,918.233,697.8961973885542,900.886,632.0144984261281,666.63,765.292096633867,857.492,704.9713494220018,592.479,609.7366605875987,478.52299999999997,294.39332437074955,293.78099999999995
heating_training,E67,500.0,745.1636066016093,930.434,715.1457847566941,919.933,650.7225478317356,685.787,770.2843846195877,878.2909999999999,712.2226703214086,609.479,628.0613525750753,494.013,294.8959439450091,293.83799999999997
heating_training,E67,550.0,755.0393703540485,938.485,728.9065398019724,935.644,665.8563820952485,703.467,773.968066306965,895.824,717.584679787117,625.688,642.9126870481218,510.158,295.5263423948368,293.935
heating_training,E67,600.0,762.7580318554267,945.481,739.9048214077756,947.425,678.0966422649988,718.056,776.8238423943669,908.976,721.6950302575513,639.185,654.9430915738257,522.261,296.28247052766187,294.03099999999995
heating_training,E67,650.0,768.8145132946369,950.697,748.7323618134154,957.418,688.0232540877881,730.835,779.1510942585081,919.996,724.9819664048528,651.1659999999999,664.7121092161391,536.413,297.1569843925412,294.145
heating_training,E67,700.0,773.5308637216494,955.255,755.8370842751234,966.3199999999999,696.1116249458153,743.392,781.0712263336455,930.026,727.7149682796992,663.016,672.6858105535417,550.509,298.13865622722665,294.32599999999996
heating_training,E67,750.0,777.2044027199594,955.7379999999999,761.5550151008855,972.053,702.7217956650059,753.972,782.6297841752441,936.941,730.0051809642173,673.497,679.2198475636878,562.942,299.21373959733535,294.496
heating_training,E67,800.0,780.070092418821,959.4789999999999,766.1734009480347,977.4549999999999,708.1421165755285,763.094,783.9242827100907,942.962,731.9408128665624,682.845,684.593199802226,574.229,300.3671767203658,294.692
heating_training,E67,850.0,782.3782164776778,961.689,769.9342876514994,982.935,712.6064972923683,772.385,785.0565608532219,949.114,733.594224564128,692.27,689.030522436378,586.5219999999999,301.5835750854171,294.95399999999995
heating_training,E67,900.0,784.2568750820639,962.116,773.0499890526664,986.364,716.3259954903052,780.284,786.1344351212017,953.384,735.0820295193107,700.508,692.7327625488074,596.6769999999999,302.8479693120762,295.22999999999996
heating_training,E67,950.0,785.7348073529607,963.689,775.6428568817778,989.629,719.4674198143105,787.754,787.1065052402885,957.206,736.4674858028822,708.5129999999999,695.869380886656,606.607,304.14639484089196,295.532
heating_training,E67,1000.0,786.9340712360026,965.2819999999999,777.797351620684,994.1569999999999,722.1292083215044,794.189,787.937801303621,961.788,737.7062698939044,715.48,698.5408779285956,614.825,305.4659640672389,295.83
heating_training,E67,1050.0,787.8786923002377,963.408,779.6087402572675,997.732,724.4047647227189,801.0699999999999,788.6845037921879,964.0079999999999,738.8322268861689,723.037,700.8347515592598,622.938,306.79513374571025,296.166
heating_training,E67,1100.0,788.6820160016202,963.127,781.1376769961064,998.2529999999999,726.3581361505267,807.693,789.3466885577874,966.021,739.8361240812611,730.351,702.814845618785,631.546,308.1238599275539,296.543
heating_training,E67,1150.0,789.3581576270449,960.8299999999999,782.4640671667048,997.732,728.0605958255367,812.467,790.0018475658457,966.443,740.7762125787098,735.948,704.5454986283211,638.8399999999999,309.44355954554993,296.935
heating_training,E67,1200.0,789.9177382222539,959.7379999999999,783.6149610066827,997.293,729.5645392876937,816.3919999999999,790.601394930129,966.6179999999999,741.6678540455778,740.795,706.0826929738375,645.547,310.7470787582868,297.36499999999995
heating_training,E67,1250.0,790.3996421474038,959.459,784.6207086237591,998.155,730.9003505740625,820.221,791.151162657812,967.732,742.4965587311398,745.568,707.4563475070215,651.79,312.0285340456845,297.842
heating_training,E67,1300.0,790.7946783745442,958.593,785.5081565750676,999.324,732.1005505546431,824.156,791.6600058647497,969.259,743.2806685564996,750.065,708.6978813351434,657.969,313.2833917562498,298.337
heating_training,E67,1350.0,791.169040574268,959.971,786.2961380620585,1000.691,733.1808836798832,827.909,792.1320376237204,970.793,744.0027123766286,754.442,709.8229753315745,663.902,314.5081186220436,298.86499999999995
heating_training,E67,1400.0,791.5360662519562,961.14,787.028442071881,1001.857,734.1709709313687,831.9259999999999,792.6373797275693,972.268,744.7029451189208,758.939,710.8553693623663,670.017,315.70007291810634,299.448
heating_training,E67,1450.0,791.8286245037289,959.132,787.70315222491,1002.353,735.0995720134179,835.31,793.1164325217553,973.086,745.4114620713389,763.0429999999999,711.8281235077596,675.245,316.8573728249015,300.01399999999995
heating_training,E67,1500.0,792.0854122875427,960.8729999999999,788.3035529963835,1003.879,735.9588616644598,838.6809999999999,793.5138045344776,974.5799999999999,746.0658520272507,767.0519999999999,712.7381806280373,680.717,317.97872016614014,300.644
heating_training,E67,1550.0,792.3062987321948,960.36,788.8502226565628,1003.5219999999999,736.7540266372774,841.977,793.884074021801,974.894,746.6721669403908,770.9179999999999,713.5859285684197,685.712,319.06336996540267,301.243
heating_training,E67,1600.0,792.5359960096024,958.961,789.3539823129855,1003.0849999999999,737.4916412738926,844.481,794.2403192539589,974.788,747.235178096067,774.1279999999999,714.3770638514734,690.2339999999999,320.11099166217537,301.84999999999997
heating_training,E67,1650.0,792.6967372518313,957.069,789.8230024092542,1002.448,738.1913298906015,846.79,794.5817830404959,974.446,747.7969261438359,777.208,715.1306280373736,694.6769999999999,321.1215446009469,302.51099999999997
heating_training,E67,1700.0,792.906510628804,955.092,790.2487191704724,1000.703,738.8381252948307,848.728,794.8830628671191,973.215,748.2943133830406,779.741,715.834478202147,698.333,322.09514494835406,303.11699999999996
heating_training,E67,1750.0,793.0173438475022,954.569,790.6571871268877,999.749,739.461747010281,850.108,795.1979539776884,972.321,748.8139517614449,781.96,716.5128286462416,701.8389999999999,323.0321799171802,303.736
heating_training,E67,1800.0,793.1348196049136,954.257,791.0016150406956,999.802,740.0372306185421,851.733,795.4016529838074,972.346,749.2599982436459,784.309,717.151598721371,705.354,323.9332307551232,304.39799999999997
heating_training,E67,1850.0,793.2376618225903,955.423,791.3298336255467,1000.2869999999999,740.5739426811468,853.41,795.6366282379728,972.794,749.6765948454812,786.5849999999999,717.7484480955048,708.4549999999999,324.79903406855294,305.012
heating_training,E67,1900.0,793.3630522258741,956.5889999999999,791.6384009600031,1001.2049999999999,741.0811788628337,855.321,795.8685989327649,973.619,750.0773066632606,788.891,718.3158268054299,711.199,325.6305524477604,305.64099999999996
heating_training,E67,1950.0,793.439443549388,955.79,791.9346543413183,1002.038,741.5739825493874,857.5169999999999,796.1023843534256,974.564,750.4940857255913,791.4449999999999,718.8682169026762,714.434,326.4289556338462,306.32899999999995
heating_training,E67,2000.0,793.5089713256353,954.0029999999999,792.1938934313083,1001.9,742.039425494632,859.3389999999999,796.2730382878455,974.6419999999999,750.8740129661682,793.648,719.3982657413214,717.367,327.1955248677702,306.96999999999997
heating_training,E67,2050.0,793.5859120056596,952.7099999999999,792.4407721663501,1001.518,742.4786860204524,860.814,796.4565311567595,974.4119999999999,751.2281856119998,795.635,719.9009759763408,720.104,327.9315202059183,307.613
heating_training,E67,2100.0,793.6890448190616,953.5169999999999,792.6852337503377,1001.712,742.9015258139655,862.091,796.6630589291708,974.4929999999999,751.5791158574877,797.485,720.3853067446292,722.6320000000001,328.63823031402194,308.293
heating_training,E67,2150.0,793.7933822726617,954.617,792.9342553886169,1001.542,743.3191856542952,863.542,796.893709340501,974.592,751.9474853834752,799.309,720.8622345682195,724.988,329.31687977278955,308.94
heating_training,E67,2200.0,793.8846074187494,952.0889999999999,793.1742739630961,1001.03,743.7311973949294,864.771,797.104228153085,974.2049999999999,752.3182075461795,801.012,721.3346916073702,727.544,329.9686369484665,309.602
heating_training,E67,2250.0,793.9826481999039,952.5509999999999,793.4034866319031,1000.208,744.1300900251994,865.6659999999999,797.2985121299881,973.494,752.6683389109376,802.425,721.7948672348753,729.6089999999999,330.59455426074175,310.21799999999996
heating_training,E67,2300.0,794.0611001308495,950.836,793.6250345514097,999.5509999999999,744.5194150642868,866.4019999999999,797.4861884504105,972.929,753.0123734268197,803.709,722.2452600133705,731.569,331.1956795720919,310.83
heating_training,E67,2350.0,794.1801517617668,950.7719999999999,793.8396133862935,999.535,744.8926966105807,867.215,797.6718626360259,972.891,753.330371771339,805.009,722.6795750518971,733.453,331.77311401776547,311.46799999999996
heating_training,E67,2400.0,794.284158740254,949.99,794.0648087331898,999.3349999999999,745.2655731445975,868.174,797.8922453118657,972.744,753.6695457876621,806.313,723.1099488353242,735.324,332.3279179283713,312.058
heating_training,E67,2450.0,794.3143831211825,948.415,794.2607641902014,998.304,745.6349680096489,868.793,798.0344188662705,971.823,754.0080468553937,807.472,723.5421944424854,736.95,332.86110998911687,312.635
heating_training,E67,2500.0,794.3390403225674,949.93,794.4147303880808,998.3,745.9730393570347,869.323,798.1007738478924,971.576,754.2750441407065,808.4359999999999,723.9489371874218,738.574,333.3736733317161,313.253
heating_training,E67,2550.0,794.396593051906,950.8629999999999,794.5644883036581,999.054,746.2846872398661,870.217,798.203895262317,972.1469999999999,754.5080711419521,809.571,724.3260289225308,740.123,333.86661161385206,313.80899999999997
heating_training,E67,2600.0,794.4698405823627,951.547,794.7251740393382,999.8829999999999,746.5910525752363,871.331,798.3549677078449,972.901,754.7629731628085,810.9,724.6936964454164,741.78,334.3409005794841,314.41499999999996
heating_training,E67,2650.0,794.560899771235,952.322,794.8932167821206,1000.2049999999999,746.898426536799,872.4159999999999,798.5243056227987,973.263,755.0381763082752,812.178,725.0608782623679,743.4369999999999,334.79746496693326,314.96799999999996
heating_training,E67,2700.0,794.5859459706247,950.365,795.0530615390912,999.963,747.2111224703903,873.252,798.6641240413567,973.2049999999999,755.3349475351723,813.3249999999999,725.4349921682497,744.865,335.23718117565727,315.508
heating_training,E67,2750.0,794.6538081506555,949.35,795.187664070802,999.095,747.5021773638758,873.845,798.7522596050909,972.489,755.5741399727929,814.295,725.7917030159874,746.278,335.6608601501756,316.078
heating_training,E67,2800.0,794.7739125176182,947.946,795.3503630656802,998.558,747.7870599215113,874.2049999999999,798.9331082599546,971.971,755.819002596489,815.009,726.1346575636643,747.461,336.0693170346814,316.616
heating_training,E67,2850.0,794.8192720086005,948.2139999999999,795.5170441253684,998.358,748.0896339875733,874.54,799.1036253273207,971.699,756.1206609764914,815.673,726.4949960540603,748.614,336.46332337346047,317.13199999999995
heating_training,E67,2900.0,794.8495747603437,948.404,795.6438008922041,998.432,748.3766555514551,875.098,799.1708004134234,971.762,756.3712183204996,816.438,726.8478173416937,749.8820000000001,336.8434764400202,317.662
heating_training,E67,2950.0,794.8884352471629,946.838,795.7615249364545,998.067,748.6417065628332,875.509,799.2475815995333,971.437,756.579347794167,817.115,727.1772499631645,751.028,337.2103050512657,318.145
heating_training,E67,3000.0,794.933013231307,945.62,795.8777112955396,998.304,748.89700720212,876.05,799.3403982534156,971.6329999999999,756.7861814301494,817.889,727.4950759902333,751.943,337.5643172753497,318.652
heating_training,E67,3050.0,794.9734643271423,947.942,795.9919917637177,998.97,749.1481996737438,876.524,799.4377242414266,972.026,757.0004098413211,818.6089999999999,727.8082553979174,752.847,337.9061915326676,319.13399999999996
heating_training,E67,3100.0,795.0297246671302,946.183,796.1050502162567,999.471,749.394076702647,877.3389999999999,799.5387901272969,972.59,757.211827518182,819.4929999999999,728.1158142125929,753.822,338.2366416570454,319.59799999999996
heating_training,E67,3150.0,795.0520712817913,947.278,796.215868117012,999.0939999999999,749.6412119563837,877.976,799.6356980783626,972.338,757.4367376388284,820.345,728.4245105733605,755.016,338.5563108264413,320.12399999999997
heating_training,E67,3200.0,795.0954495259591,946.712,796.3127760517748,998.256,749.8768970806815,878.293,799.7047125053039,971.739,757.6344057417988,820.92,728.7240480105135,755.913,338.865819621333,320.575
heating_training,E67,3250.0,795.1433691368599,946.56,796.4181641771937,997.847,750.1087288423066,878.362,799.807083823055,971.3,757.835374270624,821.3059999999999,729.0166525013514,756.631,339.16563969747426,321.03999999999996
heating_training,E67,3300.0,795.2051221292982,947.1229999999999,796.5259188663379,997.579,750.340423472168,878.6089999999999,799.9139798363158,971.0,758.0428073238534,821.7379999999999,729.3085022004166,757.373,339.45620154687583,321.50699999999995
heating_training,E67,3350.0,795.2958979906723,945.468,796.6463571678196,997.482,750.5733464231438,878.8199999999999,800.0501867055425,970.9019999999999,758.256788664107,822.167,729.5991013773291,758.0419999999999,339.7379131056901,321.94399999999996
heating_training,E67,3400.0,795.3185918457774,942.838,796.764555497968,996.877,750.8171733410841,879.087,800.1648546762374,970.444,758.499466549236,822.624,729.9012701303291,758.7639999999999,340.0111228354324,322.38899999999995
heating_training,E67,3450.0,795.328141553363,944.692,796.8461927586403,996.117,751.0444958826733,879.1039999999999,800.1901666713246,969.77,758.6900587775688,822.9069999999999,730.1936804187993,759.396,340.276128507187,322.77299999999997
heating_training,E67,3500.0,795.3436013634408,943.771,796.9198897916799,996.322,751.2523149289048,879.177,800.2269378890354,969.855,758.845156998514,823.1519999999999,730.4651301006937,759.736,340.53317733305937,323.16999999999996
heating_training,E67,3550.0,795.3891075655142,944.607,796.997839181625,996.293,751.4512910292707,879.411,800.2939749051689,969.709,758.9989257691742,823.495,730.7251388964454,760.3009999999999,340.78260159710857,323.56399999999996
heating_training,E67,3600.0,795.3922577752824,944.8389999999999,797.0785162745284,997.088,751.6561331795359,879.794,800.3683855612977,970.3489999999999,759.1844155251346,823.967,730.9899301150501,760.7919999999999,341.02484416530274,323.986
heating_training,E67,3650.0,795.3991760530787,943.7909999999999,797.1378694399937,997.481,751.851024501724,880.332,800.3924828299357,970.731,759.3448656464132,824.55,731.2489298167673,761.45,341.2603488911814,324.371
heating_training,E67,3700.0,795.4712050388933,944.542,797.2123274552897,996.97,752.0356797456158,880.832,800.4744484045343,970.539,759.490343237241,825.101,731.4934044898704,762.155,341.4894970858384,324.76599999999996
heating_training,E67,3750.0,795.5476835107595,943.56,797.3170821607325,995.617,752.2362251415477,880.688,800.6221059478521,969.3439999999999,759.6887083224921,825.312,731.748030884476,762.6869999999999,341.7126131316553,325.17199999999997
heating_training,E67,3800.0,795.5899472190011,944.3199999999999,797.417975890499,995.655,752.4497510437043,880.5079999999999,800.730897907131,969.244,759.909457846693,825.357,732.0182457810256,763.005,341.9299118361795,325.522
heating_training,E67,3850.0,795.5898196176931,940.545,797.4943914426703,994.0799999999999,752.6577765658544,880.6419999999999,800.7718414315774,968.088,760.1025401999749,825.591,732.2878382514647,763.524,342.1416086032536,325.881
heating_training,E67,3900.0,795.6065101128102,939.569,797.5519085212705,992.978,752.8456855073234,879.994,800.7869681788794,966.722,760.2447851237067,825.341,732.5391356606176,763.718,342.3479736799752,326.238
heating_training,E67,3929.0,795.5967092071893,931.6279999999999,797.5836461028396,991.103,752.9464162084106,878.055,800.8029988298906,966.6659999999999,760.3186732256373,824.995,732.6740198965797,763.414,342.4653029031098,326.43699999999995
heating_validation,E68,0.0,293.44449999999995,294.839,293.44449999999995,293.585,293.44449999999995,293.493,293.44449999999995,293.60699999999997,293.44449999999995,293.66999999999996,293.44449999999995,293.688,293.44449999999995,293.464
heating_validation,E68,50.0,389.6459345597986,395.04499999999996,335.97801822897185,350.197,308.417651576858,307.61699999999996,397.84593443175606,319.7,330.60506124723554,299.80699999999996,303.95365583505065,298.01399999999995,293.4456537885221,293.45799999999997
heating_validation,E68,100.0,483.5585903482028,552.832,402.36379654672135,472.90599999999995,348.75780758978715,368.618,523.5496819423549,416.08799999999997,415.89100853860333,342.68899999999996,338.5125830828632,321.91999999999996,293.4520863478323,293.453
heating_validation,E68,150.0,564.2434713135724,675.702,473.1458372305639,577.13,401.9708183378805,425.735,625.7160106070673,511.938,506.63012523067533,389.541,386.68379368933734,344.582,293.4656077993295,293.471
heating_validation,E68,200.0,630.6650760080232,766.255,539.3394275540126,661.876,457.8819665485405,473.04699999999997,698.974640503172,595.0799999999999,582.8659422527165,429.431,438.6546019246332,364.28999999999996,293.4922037064235,293.491
heating_validation,E68,250.0,684.1794438397338,835.5649999999999,597.5381160799576,735.066,510.76777963161715,515.683,749.1593752450984,670.4159999999999,640.7525213354027,465.121,488.5708777317912,380.299,293.54627123476996,293.53299999999996
heating_validation,E68,300.0,726.8135886417195,881.4789999999999,646.972461430852,788.904,558.0089341341624,549.395,783.0750785456363,727.527,682.7285629867122,494.042,533.5994711569484,400.67499999999995,293.65007628781916,293.561
heating_validation,E68,350.0,760.5763949539895,916.164,688.1210376033058,831.0559999999999,598.7895809530012,577.912,806.1590440243173,773.017,712.6422889938169,519.087,572.7284023278412,417.221,293.8302680158856,293.60799999999995
heating_validation,E68,400.0,787.142194717313,942.081,721.9424378692395,867.308,633.2657072834179,604.1379999999999,822.1458177112404,812.697,734.0039910499835,541.9739999999999,605.9648991672248,433.42499999999995,294.1134281894455,293.654
heating_validation,E68,450.0,808.0330041280508,960.31,749.5016448487771,894.127,662.0127556089068,625.505,833.43214668627,842.568,749.4088442635981,560.814,633.7812316853432,449.365,294.52212083823156,293.719
heating_validation,E68,500.0,824.39939203495,975.043,771.862866688993,916.249,685.7838936318632,644.059,841.6525365500944,867.606,760.7409282342256,577.731,656.8479575337295,465.08299999999997,295.0723196059439,293.77299999999997
heating_validation,E68,550.0,837.1953920905364,987.1809999999999,789.9402213958851,935.992,705.3437295461525,662.0509999999999,847.7550545491686,889.398,769.2678595405602,594.005,675.8779027439847,481.10799999999995,295.77229748378704,293.87899999999996
heating_validation,E68,600.0,847.2803734786677,995.86,804.5464744974843,950.818,721.3852973763334,677.008,852.4325324461479,906.635,775.8056792324141,607.8820000000001,691.5204254607802,494.669,296.6227745131156,293.94599999999997
heating_validation,E68,650.0,855.2358612692442,1001.882,816.3885415296446,963.369,734.5483327176271,690.625,856.194337051457,921.51,780.9863364983813,620.785,704.3774330520964,508.187,297.6178039694163,294.063
heating_validation,E68,700.0,861.5057532700695,1008.092,826.0068492985631,974.073,745.378652566689,703.0319999999999,859.264112705255,934.0029999999999,785.22256170663,632.66,714.9762018749494,520.0699999999999,298.7462191164099,294.202
heating_validation,E68,750.0,866.5404083339297,1014.1949999999999,833.850877074855,984.3729999999999,754.3098746977556,715.1869999999999,861.8350860386302,945.99,788.7368780210487,644.352,723.7337454274978,531.421,299.9931789487292,294.36199999999997
heating_validation,E68,800.0,870.5466888586965,1016.922,840.3020833140654,992.417,761.7238074120395,725.847,864.0838962395403,955.442,791.7609903738332,654.643,731.0144768429026,541.423,301.34162477546045,294.544
heating_validation,E68,850.0,873.7796674918086,1021.178,845.6194420297312,999.259,767.9130574771835,735.652,866.0120723243589,963.351,794.3920754502915,664.125,737.1082721333421,551.072,302.7734926051411,294.762
heating_validation,E68,900.0,876.3744399940279,1023.201,850.039227988389,1005.557,773.1151994700688,745.316,867.717117973056,970.703,796.7173925139081,673.9639999999999,742.2427700912575,561.0989999999999,304.2707551808832,295.02
heating_validation,E68,950.0,878.3800593983487,1025.897,853.7094927486406,1010.572,777.5229104658783,753.717,869.1619802952628,976.497,798.8021627810778,682.37,746.6109648883557,570.2429999999999,305.8161640221199,295.303
heating_validation,E68,1000.0,880.0643385365137,1026.396,856.7596904789472,1015.091,781.2532819579312,761.5989999999999,870.3783619685136,981.7719999999999,800.5968391701077,690.374,750.3271461386992,579.226,307.3937147152452,295.60699999999997
heating_validation,E68,1050.0,881.4477890105123,1027.413,859.3597132864512,1018.453,784.4459845091584,768.923,871.549146974275,985.965,802.2177087395379,697.924,753.5142134754209,587.683,308.9888107464609,295.924
heating_validation,E68,1100.0,882.5684929121119,1027.013,861.5718744006324,1022.05,787.2124552942173,776.098,872.5881808684654,990.1129999999999,803.7168493353861,705.4259999999999,756.2885458341088,596.165,310.5884494461826,296.29999999999995
heating_validation,E68,1150.0,883.5255388893304,1028.73,863.4689195929379,1024.893,789.6191351713439,782.4590000000001,873.5248323441872,993.514,805.0748695505664,712.0840000000001,758.7144151493708,603.776,312.1814350489554,296.671
heating_validation,E68,1200.0,884.3074233668465,1028.179,865.1191035613192,1027.579,791.7379964955621,788.486,874.4002080568739,996.617,806.3400071211674,718.473,760.8591085023537,611.028,313.7581983840347,297.075
heating_validation,E68,1250.0,884.8869848021067,1029.731,866.5376679725315,1029.9560000000001,793.6205041495782,794.54,875.1422203929136,999.439,807.5217502531366,724.93,762.7790884612019,618.469,315.31085929357357,297.543
heating_validation,E68,1300.0,885.4003105321136,1029.464,867.7526982477622,1031.835,795.2814423491009,799.831,875.7651852457343,1001.6569999999999,808.562229762712,730.614,764.4888968109364,625.131,316.8330770936378,298.01399999999995
heating_validation,E68,1350.0,885.8371827760076,1030.103,868.834151717126,1033.409,796.7653278091096,804.7049999999999,876.3897080741226,1003.528,809.5260765986962,736.0039999999999,766.0226997140874,631.488,318.32000167351924,298.51399999999995
heating_validation,E68,1400.0,886.2783188952485,1029.7350000000001,869.805460734188,1035.338,798.1055461656404,809.6419999999999,876.9952697290581,1005.683,810.4308979902171,741.509,767.4151772682276,638.159,319.767921474673,299.08299999999997
heating_validation,E68,1450.0,886.6820509552188,1030.451,870.7110619654843,1037.199,799.3413650921661,814.081,877.6366831483664,1007.7479999999999,811.3259536047256,746.544,768.7008384230282,643.996,321.1740828019795,299.659
heating_validation,E68,1500.0,887.0220445380334,1030.5929999999998,871.5395854690452,1039.097,800.4965376110293,818.427,878.2268691138624,1009.8,812.211999229569,751.4169999999999,769.9097962235571,649.711,322.5366003504529,300.24199999999996
heating_validation,E68,1550.0,887.346452874073,1029.632,872.2955406371228,1040.425,801.5705071001203,822.6229999999999,878.7640181974805,1011.337,813.0447492409946,756.208,771.0421608983536,655.159,323.8543235004297,300.85999999999996
heating_validation,E68,1600.0,887.5882666438949,1030.75,872.9919932153298,1041.3249999999998,802.5790872057814,826.682,879.267597171554,1012.5079999999999,813.8494814376323,760.9110000000001,772.1114323320576,660.7249999999999,325.12666362040227,301.50699999999995
heating_validation,E68,1650.0,887.8634182206484,1028.946,873.6219167184876,1042.136,803.5136555140014,830.2719999999999,879.7083153189341,1013.5559999999999,814.5779642740304,765.027,773.1117925155942,665.653,326.3534286660123,302.14099999999996
heating_validation,E68,1700.0,888.0511975117173,1028.345,874.2191215859992,1042.711,804.3988934718972,833.588,880.1643568629655,1014.328,815.2982567051175,768.944,774.0608904763421,670.44,327.5347600280383,302.77099999999996
heating_validation,E68,1750.0,888.2764039762582,1026.7269999999999,874.7548255032499,1043.1399999999999,805.2249169310189,836.944,880.5404721808022,1014.9499999999999,815.9543321769432,772.896,774.956814029747,675.229,328.6710924007727,303.44599999999997
heating_validation,E68,1800.0,888.5040556284705,1025.9,875.2811736718055,1043.2559999999999,806.0060953976945,839.8349999999999,880.9746063285539,1015.2669999999999,816.5898642483269,776.336,775.8031130496079,679.421,329.7631485498954,304.096
heating_validation,E68,1850.0,888.7086136131792,1026.317,875.7811496155674,1043.476,806.7590453958898,842.487,881.3852590078196,1015.621,817.2287030483916,779.555,776.6219225066601,683.434,330.81188465382087,304.736
heating_validation,E68,1900.0,888.9619852068156,1026.498,876.2618153828922,1044.1619999999998,807.4766841802206,845.069,881.7907577387924,1016.304,817.8338866930511,782.63,777.4058596785626,687.222,331.81841237684296,305.399
heating_validation,E68,1950.0,889.114544017519,1025.5169999999998,876.7305846277562,1044.616,808.1821532264697,847.762,882.1979718248533,1016.901,818.4664860725151,785.837,778.1763128355412,691.112,332.78412031980974,306.09499999999997
heating_validation,E68,2000.0,889.2812932972708,1027.63,877.1429820628106,1045.509,808.8518608826724,850.1809999999999,882.493915565129,1017.737,819.0387875010048,788.771,778.9196961469215,694.623,333.7105319062812,306.784
heating_validation,E68,2050.0,889.428890464357,1025.6,877.5420298261806,1046.0169999999998,809.4884611964983,852.625,882.815442385657,1018.422,819.5774623856987,791.5609999999999,779.6280274425529,697.979,334.59924962551355,307.46999999999997
heating_validation,E68,2100.0,889.5891733241572,1025.167,877.9171561635978,1046.6309999999999,810.0983423783409,855.009,883.1144167593493,1019.034,820.0948347543641,794.389,780.3109852276871,701.365,335.4518816178472,308.21099999999996
heating_validation,E68,2150.0,889.7596892374825,1025.0639999999999,878.2867343317898,1047.626,810.6865404811069,857.216,883.4353578252218,1019.982,820.601570947599,796.952,780.9703931024884,704.461,336.27001850054796,308.883
heating_validation,E68,2200.0,889.7990582147792,1024.94,878.6266137921365,1048.7060000000001,811.267647115458,859.387,883.7004540843425,1021.062,821.1293758420342,799.4929999999999,781.6257566213628,707.429,337.05508625960033,309.532
heating_validation,E68,2250.0,889.9262204097921,1025.132,878.9119237290408,1049.38,811.8011900770241,861.6229999999999,883.8702889974342,1021.803,821.5550336307614,802.0849999999999,782.2417167291724,710.468,337.8084381029066,310.21999999999997
heating_validation,E68,2300.0,890.0816204828079,1024.155,879.2244715674119,1050.548,812.3105839304202,863.691,884.1665139421839,1022.927,821.9758488184018,804.384,782.8233920012077,713.307,338.5314089942992,310.849
heating_validation,E68,2350.0,890.1784835026191,1021.971,879.5275878297024,1050.1999999999998,812.8220408537838,865.794,884.4392494139423,1022.891,822.4416219999572,806.789,783.4072711058534,716.086,339.2252956650413,311.479
heating_validation,E68,2400.0,890.3251008156227,1022.4019999999999,879.8084965524977,1049.499,813.3120294183022,867.304,884.6696513773481,1022.353,822.8669803922877,808.817,783.9733703077259,718.674,339.8913789868453,312.138
heating_validation,E68,2450.0,890.489352906436,1021.048,880.1055942571265,1049.186,813.7914399573382,868.846,884.9623871263597,1022.193,823.2938423876914,810.778,784.5235580957672,721.239,340.53100219071644,312.81199999999995
heating_validation,E68,2500.0,890.5516853414712,1019.6039999999999,880.3864355932276,1048.1399999999999,814.276092003995,870.055,885.2087051098514,1021.31,823.7542843378935,812.477,785.081125676182,723.516,341.14541446822835,313.45399999999995
heating_validation,E68,2550.0,890.6849799174744,1019.983,880.6293900121809,1047.688,814.7302521558319,871.0459999999999,885.378621065946,1020.797,824.1387767113306,813.915,785.6147963844246,725.625,341.73586586040915,314.10299999999995
heating_validation,E68,2600.0,890.8163872252629,1018.603,880.893270148021,1047.466,815.1720397641136,872.212,885.6361247045128,1020.6619999999999,824.5253122169518,815.457,786.1288276531272,727.703,342.30356390176007,314.782
heating_validation,E68,2650.0,890.8805416385588,1018.454,881.1374614367836,1046.9850000000001,815.6150236186518,873.273,885.8414240740099,1020.2339999999999,824.9357825114404,816.918,786.646819177809,729.56,342.8496846433467,315.409
heating_validation,E68,2700.0,890.9554205133998,1019.115,881.3496784483922,1047.399,816.0355650236944,874.242,885.9866304204502,1020.449,825.2974799418004,818.2289999999999,787.147470829135,731.212,343.3753438864778,316.04699999999997
heating_validation,E68,2750.0,891.0136316050344,1017.5849999999999,881.5549230252702,1047.7730000000001,816.4382974046554,875.4259999999999,886.1482955678734,1020.8489999999999,825.6402897187717,819.669,787.6287368728847,733.0070000000001,343.8816320010699,316.67699999999996
heating_validation,E68,2800.0,891.0917454739649,1019.063,881.7472470740137,1047.777,816.8251925851271,876.625,886.2988724049274,1020.896,825.9669425198207,821.1619999999999,788.0947347044323,734.852,344.36955377125287,317.32399999999996
heating_validation,E68,2850.0,891.2135590058001,1019.736,881.9494863620839,1048.066,817.2008450758377,877.723,886.4937561288466,1021.178,826.2897118723316,822.481,788.5459995258915,736.457,344.8400532887871,317.924
heating_validation,E68,2900.0,891.3410471951003,1018.736,882.16758059151,1048.107,817.5800624112306,878.77,886.7264000261969,1021.289,826.6412045754189,823.769,788.9971607149437,738.115,345.29399502979646,318.52799999999996
heating_validation,E68,2950.0,891.4147092958199,1015.645,882.3778177844498,1047.7350000000001,817.9658030110982,879.8059999999999,886.9253678714348,1021.048,827.0142589111026,825.069,789.4565359199839,739.767,345.73217858342184,319.15
heating_validation,E68,3000.0,891.4833212041098,1016.404,882.5615807987028,1047.163,818.3386483799454,880.5219999999999,887.0623060042363,1020.513,827.3511221687504,826.117,789.9077607723088,741.222,346.1553607500669,319.72299999999996
heating_validation,E68,3050.0,891.5170774693188,1017.018,882.7315784408461,1047.087,818.6974797262211,881.126,887.1882846783413,1020.41,827.6654063883965,827.0369999999999,790.3453922869094,742.539,346.56431015598855,320.304
heating_validation,E68,3100.0,891.583464035529,1016.8919999999999,882.884421494767,1047.717,819.0366990621981,881.924,887.2948108745499,1020.896,827.9454574385429,828.014,790.764884975435,743.845,346.9597919250068,320.856
heating_validation,E68,3150.0,891.6637369535885,1016.826,883.0479082010352,1047.85,819.366721437777,882.8969999999999,887.4504824555002,1021.125,828.2276306255167,829.1519999999999,791.1711071029666,745.2639999999999,347.3425241981436,321.44399999999996
heating_validation,E68,3200.0,891.7067368351022,1018.3059999999999,883.2069952750792,1047.476,819.6990095116504,883.653,887.5948016968381,1020.802,828.5329205522061,830.158,791.5795958341466,746.499,347.7131452086745,321.99899999999997
heating_validation,E68,3250.0,891.7584906018668,1016.966,883.3490254192445,1047.6770000000001,820.0207679287739,884.297,887.7027294916464,1020.987,828.8161906794709,831.0169999999999,791.9803913516865,747.679,348.07230879378585,322.51399999999995
heating_validation,E68,3300.0,891.8171618480225,1015.3779999999999,883.4917571171884,1047.286,820.332627847507,885.004,887.8288877629986,1020.6949999999999,829.0876033981539,831.989,792.3696663697065,748.893,348.42053405676654,323.08799999999997
heating_validation,E68,3350.0,891.8898724250736,1015.978,883.6356677128051,1047.426,820.6399497110738,885.538,887.9641488706918,1020.736,829.3604896995677,832.7339999999999,792.7531877281236,749.9649999999999,348.7583531218789,323.616
heating_validation,E68,3400.0,891.9956163313199,1015.73,883.7893287637853,1047.7289999999998,820.9449365181493,886.2579999999999,888.1254793248598,1020.9929999999999,829.6366490598326,833.568,793.1321789205806,751.078,349.08629242153233,324.14099999999996
heating_validation,E68,3450.0,892.0687929791213,1015.622,883.9510801555499,1047.6999999999998,821.2578043814491,886.895,888.2977890965374,1020.9739999999999,829.9394774810701,834.365,793.5173378167704,752.1279999999999,349.4048524557023,324.63899999999995
heating_validation,E68,3500.0,892.127301448584,1016.595,884.0959908523661,1047.8229999999999,821.5685797345777,887.489,888.4195728822414,1021.0509999999999,830.2317673824671,835.168,793.9039366825319,753.1479999999999,349.714480289977,325.16499999999996
heating_validation,E68,3550.0,892.1967785097462,1017.6039999999999,884.2343902357422,1048.5819999999999,821.8685345119436,888.139,888.5365857432487,1021.65,830.4980953812183,835.947,794.280034129495,754.0840000000001,350.0156387398341,325.654
heating_validation,E68,3600.0,892.2969411787356,1016.004,884.3788904288032,1048.614,822.1619369532293,888.914,888.6786692653473,1021.851,830.757496100099,836.8059999999999,794.6473095456574,755.073,350.30874468536956,326.12699999999995
heating_validation,E68,3650.0,892.3913955298119,1015.6329999999999,884.5342091584823,1048.299,822.4592260611255,889.4549999999999,888.8453727422454,1021.581,831.0366560984544,837.555,795.0159471046711,755.9590000000001,350.5941879349458,326.615
heating_validation,E68,3700.0,892.5189798409295,1015.7959999999999,884.6926587377977,1048.364,822.7569771111598,889.927,889.0110656458967,1021.645,831.3160256004246,838.1999999999999,795.3848965183878,756.807,350.8723791412516,327.10799999999995
heating_validation,E68,3750.0,892.6218693613617,1016.387,884.8619766114728,1048.81,823.0615459061487,890.42,889.1958659527623,1021.965,831.6140296422196,838.831,795.7584752358207,757.64,351.1436563990284,327.54499999999996
heating_validation,E68,3800.0,892.6540143582905,1015.217,885.0083702674109,1048.286,823.3687606816711,891.0319999999999,889.3117351242918,1021.68,831.9127771720822,839.552,796.1391022522131,758.5129999999999,351.40829820070076,327.991
heating_validation,E68,3850.0,892.6855874175808,1013.906,885.121481326526,1047.297,823.6554583675658,891.295,889.3625731571778,1020.8589999999999,832.1554354188456,840.058,796.5044813255162,759.313,351.66658820929877,328.453
heating_validation,E68,3900.0,892.7955572831967,1015.438,885.241509911631,1047.375,823.9204399452957,891.334,889.4663026095652,1020.659,832.360306763422,840.369,796.8444424088356,760.172,351.9188687762039,328.89099999999996
heating_validation,E68,3950.0,892.8655980003376,1013.4449999999999,885.3845382485487,1047.6779999999999,824.1952812129982,891.7479999999999,889.6315708175928,1020.985,832.6167028839217,840.861,797.188248069536,760.7929999999999,352.165447191637,329.306
heating_validation,E68,4000.0,892.9302427771439,1013.126,885.5096166448042,1047.328,824.4711538189771,892.161,889.7375326429516,1020.682,832.8744586451202,841.414,797.5373436065286,761.515,352.40651368089885,329.712
heating_validation,E68,4050.0,893.0125803856233,1014.764,885.6353673844773,1047.824,824.7387696307851,892.435,889.8548430779541,1020.986,833.1129135346886,841.846,797.8774316461048,762.137,352.6422635913576,330.123
heating_validation,E68,4100.0,893.1142952977306,1014.823,885.769444638829,1048.376,825.0051975832199,892.978,889.9955308456202,1021.5699999999999,833.3556721645311,842.428,798.2140318651864,762.784,352.87289684404226,330.517
heating_validation,E68,4150.0,893.2271332026343,1016.023,885.9140853513996,1048.568,825.275786239389,893.438,890.1561366250263,1021.6469999999999,833.6126309617429,842.9879999999999,798.5528631379033,763.337,353.0986804868968,330.919
heating_validation,E68,4200.0,893.2942774185079,1015.677,886.0569597566504,1049.309,825.5541021238516,894.0269999999999,890.2999513020166,1022.4209999999999,833.88761699278,843.597,798.8999012360279,763.98,353.3198325957711,331.311
heating_validation,E68,4250.0,893.3102079771847,1014.665,886.1708222949975,1048.719,825.8271460260172,894.535,890.3697268685552,1022.059,834.1420370160653,844.184,799.2470064954672,764.644,353.53652158572925,331.68899999999996
heating_validation,E68,4300.0,893.3939421228912,1013.51,886.2707055834776,1048.134,826.0762984415541,894.726,890.4313815491048,1021.559,834.3377806843812,844.552,799.5715391835689,765.3019999999999,353.7489764957182,332.06399999999996
heating_validation,E68,4350.0,893.4574742483006,1012.933,886.3915538897461,1047.5149999999999,826.3257899214877,894.793,890.5636923858553,1020.951,834.5584458076135,844.786,799.8901276675723,765.7629999999999,353.9573977103428,332.412
heating_validation,E68,4400.0,893.5145918096761,1013.62,886.5010411269132,1047.13,826.5769257638606,894.828,890.6592153010715,1020.521,834.7889885637354,845.014,800.2126988300763,766.23,354.1619137681493,332.79699999999997
heating_validation,E68,4450.0,893.4600377791127,1013.62,886.588892832329,1047.687,826.8280074649882,895.007,890.7058218969937,1020.8919999999999,835.0243554569425,845.257,800.5382348601715,766.65,354.3626934061093,333.14099999999996
heating_validation,E68,4500.0,893.5779859498278,1015.025,886.6529803539199,1048.116,827.042664123756,895.356,890.721297041165,1021.293,835.1645935203601,845.66,800.8313025434238,767.094,354.55984784336886,333.465
heating_validation,E68,4550.0,893.6721159125673,1014.7669999999999,886.7839531775837,1048.487,827.2707106880042,895.843,890.9251149993516,1021.678,835.3771507726477,846.156,801.122196243932,767.641,354.75347456692253,333.835
heating_validation,E68,4600.0,893.728492980605,1013.584,886.8996255236245,1048.301,827.5190643669418,896.165,891.0454833349975,1021.5319999999999,835.6362548717121,846.571,801.4384655090003,768.0999999999999,354.94370188246535,334.176
heating_validation,E68,4650.0,893.7397502836955,1015.307,886.9968413280932,1048.875,827.7638226693622,896.439,891.1160833281084,1021.9499999999999,835.8717132094988,846.866,801.7552120361768,768.554,355.13065340215246,334.495
heating_validation,E68,4700.0,893.7574628234453,1014.095,887.0716398480707,1048.844,827.9924462192943,896.8199999999999,891.1464172278654,1022.0559999999999,836.0631757200348,847.3,802.0588383435161,768.961,355.3144526375869,334.798
heating_validation,E68,4750.0,893.7871403289538,1013.514,887.1467884004416,1048.556,828.2088107460155,897.069,891.2021786649689,1021.812,836.2377174918053,847.6619999999999,802.3481178485786,769.405,355.49518115390265,335.11899999999997
heating_validation,E68,4800.0,893.8317940718209,1013.4639999999999,887.2260720059279,1048.435,828.4219053228946,897.268,891.2775643026414,1021.696,836.419055448449,847.91,802.6322098740926,769.872,355.6729494278836,335.419
heating_validation,E68,4850.0,893.9441212965463,1012.265,887.3233298135759,1048.068,828.6340783941963,897.39,891.3986856884505,1021.374,836.6061054501146,848.1179999999999,802.9120646576597,770.219,355.84785470724967,335.721
heating_validation,E68,4900.0,894.0238412146726,1013.434,887.4463635032936,1047.9180000000001,828.8645914333076,897.3919999999999,891.565757988326,1021.161,836.8450619045874,848.2909999999999,803.2057081295779,770.525,356.0199846010071,336.03499999999997
heating_validation,E68,4950.0,894.0858571392545,1013.168,887.555379362618,1047.992,829.1027314430339,897.5939999999999,891.6709738130684,1021.2479999999999,837.0871711107919,848.5079999999999,803.5112971700573,770.8779999999999,356.18941405910414,336.32
heating_validation,E68,5000.0,894.202726891023,1012.943,887.6679683863542,1047.974,829.3330683008091,897.706,891.7873934437262,1021.167,837.2979660345908,848.713,803.8085959683834,771.114,356.356226966118,336.58399999999995
heating_validation,E68,5050.0,894.2614704756021,1012.2379999999999,887.7939551311895,1048.0839999999998,829.5741171670919,897.948,891.9311888446141,1021.329,837.5398916198402,848.967,804.1132412355832,771.4849999999999,356.5204513081965,336.85499999999996
heating_validation,E68,5100.0,894.3616631613675,1012.384,887.9024039546365,1047.478,829.8094748680886,898.127,892.0216044867135,1020.843,837.7557128092869,849.207,804.416459114662,771.788,356.6822027387939,337.15999999999997
heating_validation,E68,5150.0,894.4157615027627,1012.415,888.0213852703865,1047.7089999999998,830.0471305138446,898.112,892.1459305672096,1021.031,837.982355374191,849.3059999999999,804.71878046838,772.063,356.8416207663777,337.41099999999994
heating_validation,E68,5200.0,894.4380953723014,1013.091,888.113031397541,1047.6680000000001,830.2806825119455,898.308,892.1984152257455,1020.932,838.195523296213,849.512,805.0219710167465,772.352,356.9987559090712,337.686
heating_validation,E68,5250.0,894.3734859362565,1012.251,888.1740503908576,1047.5720000000001,830.5018365784262,898.468,892.1960752075486,1020.928,838.383265925177,849.7049999999999,805.3165414589537,772.576,357.1537140532309,337.93499999999995
heating_validation,E68,5300.0,894.3343992195362,1011.759,888.1941983545195,1047.666,830.691420780888,898.567,892.1306671953573,1020.947,838.5025430614105,849.8679999999999,805.584959447446,772.894,357.3065483519795,338.21299999999997
heating_validation,E68,5350.0,894.3466768276828,1013.081,888.2266114871455,1047.592,830.8601471354525,898.721,892.1446214029226,1020.827,838.6036778410358,850.0559999999999,805.8268323214656,773.123,357.45733712674803,338.46999999999997
heating_validation,E68,5362.0,894.3585119851999,1012.649,888.2348834423634,1047.717,830.8963312068922,898.751,892.1514506075745,1020.928,838.622884733878,850.0989999999999,805.8783981369407,773.207,357.4932297898151,338.52
heating_training,E69,0.0,297.293,317.638,297.293,337.873,297.293,361.47999999999996,297.293,344.65799999999996,297.293,372.239,297.2930000000001,381.022,297.293,326.62
heating_training,E69,50.0,400.0016288620205,450.529,338.7043977076256,403.87699999999995,310.8153247224747,375.92499999999995,398.40402417328073,377.097,330.5906057074669,376.729,306.4775279250433,383.818,297.29414100274437,326.07599999999996
heating_training,E69,100.0,503.19078655892946,605.89,405.92758059813445,520.0709999999999,349.10159425041525,429.397,526.9933452427381,469.57399999999996,411.91013370010853,413.349,338.7481691352689,405.503,297.300440200897,325.484
heating_training,E69,150.0,593.7604365871293,728.616,480.1695657447007,624.925,401.6764735275677,485.703,637.3642748471389,565.3689999999999,503.1938413124994,457.52799999999996,385.6575601664409,430.92499999999995,297.3134733825175,324.779
heating_training,E69,200.0,669.5774318676487,808.941,551.7503405822596,703.774,458.99527133609706,529.101,720.8682609022718,642.26,584.265437170506,493.313,438.1997369650018,450.582,297.3390535505034,324.118
heating_training,E69,250.0,731.633777343521,870.637,616.3331513001981,770.5989999999999,515.0207760620073,567.9849999999999,780.992727580806,710.447,649.2465218482336,525.736,490.3935151744305,468.57099999999997,297.39181011037357,323.42199999999997
heating_training,E69,300.0,781.6990865355745,912.973,672.4614662370662,819.39,566.5410973642443,597.854,823.6207452293334,762.25,698.8639091839884,551.305,538.9081105481769,483.20799999999997,297.49513210546144,322.777
heating_training,E69,350.0,821.7758857864842,946.02,720.0993514974863,859.0079999999999,612.1661846423966,622.684,853.817593803285,804.327,735.9215762873139,572.8499999999999,582.204464647285,495.62699999999995,297.67800192449954,322.198
heating_training,E69,400.0,853.8266047134151,972.026,759.9449354070425,892.893,651.5774591928695,645.3299999999999,875.4848856305567,841.3539999999999,763.3878969985459,592.732,619.8162281073409,508.09399999999994,297.97040363298095,321.61199999999997
heating_training,E69,450.0,879.2670518349098,989.41,792.9893199040883,917.9209999999999,685.1054372007877,663.4939999999999,891.392948643837,868.807,783.925237984791,608.96,651.945586392261,518.924,298.39894762251834,321.116
heating_training,E69,500.0,899.3470503227002,1002.538,820.1723102519962,937.465,713.3396240704915,679.274,903.1649140727542,890.329,799.4785040230472,623.031,679.1023923244684,529.084,298.98369280062144,320.65
heating_training,E69,550.0,915.2898856465736,1013.3199999999999,842.4279745186047,954.161,736.9197656527001,693.9110000000001,912.0281819760319,909.237,811.3451817901331,636.329,701.8567661332074,539.137,299.7363968217974,320.176
heating_training,E69,600.0,927.8581513243275,1022.308,860.6405510736114,967.117,756.5395536129165,705.883,918.9280547415591,924.173,820.5981081282539,647.4659999999999,720.8369693315276,548.192,300.6603590394698,319.779
heating_training,E69,650.0,937.7939889594694,1028.505,875.5047498439823,978.232,772.8307799593509,716.7149999999999,924.3188203471864,936.917,827.9391202579246,657.678,736.6403986207844,556.8389999999999,301.7511714736944,319.402
heating_training,E69,700.0,945.7764674770913,1036.351,887.6683275456583,988.632,786.3372631886634,727.241,928.688764247048,948.525,833.8297006877995,667.636,749.7724367081684,565.684,302.99805623603436,319.068
heating_training,E69,750.0,952.120916006124,1043.0839999999998,897.6782616295415,997.3589999999999,797.57578895444,736.366,932.3762263778117,958.673,838.728088185797,676.548,760.7178689724346,573.578,304.385537647939,318.79999999999995
heating_training,E69,800.0,957.1960102905634,1048.444,905.9172829928422,1005.636,806.9606113959047,745.4739999999999,935.4440180594188,968.209,842.8732893791747,685.605,769.8816927041275,581.759,305.89520600380365,318.568
heating_training,E69,850.0,961.2540681290897,1051.295,912.7342830936618,1012.459,814.8260024177533,753.46,938.0634024139813,975.952,846.4237846633307,693.5519999999999,777.5819083995593,589.047,307.50716473131905,318.40099999999995
heating_training,E69,900.0,964.5372640878522,1054.47,918.3972422379924,1018.28,821.4486449108592,760.847,940.3130144237558,982.808,849.4995769468234,701.038,784.0849156350795,596.0989999999999,309.20105683153713,318.28299999999996
heating_training,E69,950.0,967.2243987704272,1059.433,923.1411953894956,1023.757,827.0571050772337,768.298,942.3038716599925,989.2139999999999,852.2000151439212,708.544,789.6077022429473,603.447,310.9570190223872,318.236
heating_training,E69,1000.0,969.457682592558,1061.3890000000001,927.1504077757003,1028.726,831.8429668157556,774.761,944.0964239629201,994.8919999999999,854.6104938017091,715.073,794.3339730774643,610.017,312.7562152436461,318.20799999999997
heating_training,E69,1050.0,971.2859256777953,1062.7559999999999,930.5682701427024,1032.655,835.9666349272494,780.874,945.7248209307097,999.572,856.806442628486,721.304,798.4189223217143,616.3109999999999,314.58139475799317,318.23199999999997
heating_training,E69,1100.0,972.8175414752951,1061.3319999999999,933.4914602553025,1036.213,839.5442561921335,787.055,947.1740524754066,1003.837,858.8026503713008,727.601,801.9781800175724,622.934,316.41697947806983,318.291
heating_training,E69,1150.0,974.1072893754739,1060.7150000000001,936.0199452813905,1038.6799999999998,842.6710389689838,792.326,948.503114508063,1007.006,860.6266669062496,733.039,805.1011309624683,628.873,318.24921922323756,318.38599999999997
heating_training,E69,1200.0,975.0963601140654,1065.538,938.2088523636241,1041.166,845.4355299335208,797.204,949.6848657033264,1009.9639999999999,862.3309309160247,738.2049999999999,807.8764730011067,634.546,320.0663511330963,318.51099999999997
heating_training,E69,1250.0,975.9961746605838,1065.57,940.0931229318994,1044.345,847.8711568340104,802.172,950.6930320600112,1013.538,863.8463205012846,743.525,810.3402014562308,640.271,321.85847293031406,318.679
heating_training,E69,1300.0,976.72906504401,1066.005,941.7703790312755,1046.984,850.0443091512402,806.761,951.6891381426384,1016.5369999999999,865.2586020567684,748.409,812.5452198611947,645.52,323.6175814776029,318.899
heating_training,E69,1350.0,977.3456625658815,1067.894,943.2414046589857,1049.4969999999998,852.002160167689,811.0889999999999,952.5604932967877,1019.334,866.5829739155959,753.085,814.5458394151735,650.5840000000001,325.3373568755985,319.16499999999996
heating_training,E69,1400.0,978.0598101453327,1067.9180000000001,944.5731990790413,1051.923,853.7574381463808,815.658,953.4252851096497,1022.124,867.771739295451,757.924,816.347308784243,655.9269999999999,327.0128974217604,319.474
heating_training,E69,1450.0,978.598438433973,1067.732,945.8328015490858,1053.275,855.3914614649906,819.631,954.3680661152525,1023.84,868.9936837896469,762.2349999999999,818.0211927790643,660.7090000000001,328.64048089816254,319.806
heating_training,E69,1500.0,979.0828316065816,1068.743,946.9486010943142,1054.595,856.9110916829384,823.236,955.1270361101263,1025.3890000000001,870.1639303941843,766.256,819.5945021559141,665.262,330.21734481589283,320.14599999999996
heating_training,E69,1550.0,979.5181491278158,1068.467,947.9748110164339,1056.1680000000001,858.3140630083324,826.9309999999999,955.860219188715,1027.1689999999999,871.2460528614067,770.362,821.0550199850053,669.875,331.74164764204363,320.546
heating_training,E69,1600.0,979.9272747328245,1069.703,948.9173296011317,1057.452,859.6197251196464,830.175,956.5442525106859,1028.654,872.2676893672783,773.9590000000001,822.4217711444505,674.018,333.2123434383528,320.916
heating_training,E69,1650.0,980.2330003414988,1070.156,949.7864474424728,1058.7289999999998,860.8468025657097,833.303,957.1843724871893,1030.13,873.2554862915086,777.49,823.713155911009,677.9459999999999,334.6289331532064,321.306
heating_training,E69,1700.0,980.5817040150567,1068.554,950.5730195168295,1060.007,861.9856629771193,836.569,957.7423393174388,1031.653,874.1536416872787,781.135,824.9229322131706,682.0909999999999,335.99139307666843,321.70399999999995
heating_training,E69,1750.0,980.8854078445005,1069.117,951.3279077991546,1060.9569999999999,863.0587661439012,839.419,958.3424528621644,1032.694,875.0238101286957,784.2629999999999,826.0637301426636,685.747,337.30014755029674,322.102
heating_training,E69,1800.0,981.1467696998895,1068.426,952.0237016918244,1062.005,864.0803644292622,842.289,958.874514289447,1033.849,875.874801429689,787.444,827.1572959723294,689.487,338.55613518062256,322.553
heating_training,E69,1850.0,981.5512335050141,1069.088,952.6901186674074,1062.692,865.034792996276,844.8149999999999,959.4188420518348,1034.653,876.6461084766588,790.286,828.1838721145778,692.803,339.76063316272007,322.998
heating_training,E69,1900.0,981.8461282173048,1069.288,953.3716561643965,1063.655,865.9721156874612,847.222,960.0583298577128,1035.673,877.4767518555102,793.034,829.1846718488737,696.044,340.91516315138824,323.424
heating_training,E69,1950.0,982.0882945445077,1069.245,953.9852599758453,1064.443,866.8855500478189,849.747,960.5440152883502,1036.565,878.2971904387425,795.898,830.1720984606378,699.285,342.02136835409283,323.91299999999995
heating_training,E69,2000.0,982.3065414391791,1069.52,954.5546681513134,1065.2069999999999,867.7515412477424,852.002,960.9862652535437,1037.405,879.0459663626293,798.465,831.1166154094783,702.135,343.0809597042987,324.37
heating_training,E69,2050.0,982.4751439847274,1069.391,955.0811514858854,1065.5079999999998,868.5765810509342,854.132,961.3870319838633,1037.8629999999998,879.7530589498831,800.942,832.0227762611427,704.9839999999999,344.09567531854304,324.81399999999996
heating_training,E69,2100.0,982.6213944644212,1068.801,955.5605937980644,1065.951,869.3578488430499,856.2669999999999,961.7360023556691,1038.3829999999998,880.4106296090407,803.317,832.8890114241585,708.171,345.06724518376166,325.29499999999996
heating_training,E69,2150.0,982.811966786032,1066.931,956.0127167008739,1066.646,870.0923753722328,858.0799999999999,962.084965484261,1039.086,881.0136583301253,805.443,833.7087031131591,710.537,345.99735408884646,325.729
heating_training,E69,2200.0,982.9477303642257,1068.433,956.4538296179838,1067.1419999999998,870.8021766731572,859.989,962.4571643115518,1039.71,881.6235658571147,807.592,834.5009084903257,713.518,346.8875870731773,326.14799999999997
heating_training,E69,2250.0,983.011185835644,1067.106,956.8471099672205,1067.405,871.4879892507172,861.86,962.7429078738736,1040.059,882.2214844182779,809.72,835.2747958770302,716.373,347.7395098004539,326.611
heating_training,E69,2300.0,983.1831754592099,1067.391,957.2079540410193,1067.373,872.1243768637867,863.443,963.0047238187861,1040.145,882.7350375519644,811.5989999999999,836.0021555205354,718.721,348.55477831386713,327.058
heating_training,E69,2350.0,983.3581720004263,1067.375,957.5932557305689,1067.969,872.7414580758306,864.86,963.3756549629211,1040.652,883.2640283026084,813.338,836.7012911952595,720.8489999999999,349.33520968087305,327.491
heating_training,E69,2400.0,983.4919980858734,1068.03,957.9645021505487,1069.003,873.3569478205469,866.548,963.7117159100852,1041.596,883.828388669256,815.281,837.3999211343836,723.1389999999999,350.0825734413269,327.981
heating_training,E69,2450.0,983.6069540392957,1067.509,958.3104319974625,1069.251,873.9567492234715,868.139,963.9990604089725,1042.022,884.3723760585102,817.131,838.0867726416059,725.232,350.7985781774181,328.43399999999997
heating_training,E69,2500.0,983.7634865131835,1066.172,958.6422797924494,1069.251,874.5315264943908,869.559,964.279550536513,1042.079,884.8753294457384,818.817,838.749194827815,727.2629999999999,351.4847724475346,328.86199999999997
heating_training,E69,2550.0,983.8885127046971,1066.212,958.975202708729,1069.04,875.0952883500123,870.914,964.5854520028444,1041.982,885.3835316584856,820.447,839.3978387925648,729.303,352.14257479386174,329.32099999999997
heating_training,E69,2600.0,984.0290078705337,1066.502,959.288573367565,1069.301,875.6442041778297,871.972,964.8527194240521,1042.222,885.8748121786664,821.762,840.033880552992,731.001,352.77329166006666,329.717
heating_training,E69,2650.0,984.1217812611673,1065.513,959.593151963908,1069.674,876.181139477091,873.237,965.1188847493931,1042.625,886.3607966616681,823.275,840.6574564587501,732.877,353.37811482993163,330.126
heating_training,E69,2700.0,984.2092715960148,1064.786,959.8677068603344,1069.645,876.6992382562056,874.41,965.3280608398544,1042.726,886.8180450388011,824.673,841.2659546054391,734.508,353.95818953307355,330.52599999999995
heating_training,E69,2750.0,984.3113300878414,1064.24,960.1318193431566,1069.74,877.1945303466955,875.405,965.5444720768074,1042.782,887.2439915103464,825.88,841.8511823078004,736.0429999999999,354.51475169253354,330.918
heating_training,E69,2800.0,984.3116266947223,1065.086,960.3780543244225,1070.202,877.6830986442968,876.459,965.7385237097026,1043.1419999999998,887.6853647107152,827.116,842.4302993126831,737.597,355.0490489638549,331.32599999999996
heating_training,E69,2850.0,984.356919182482,1064.433,960.5806770774396,1070.647,878.1418741474981,877.461,965.8515359829393,1043.5929999999998,888.0671826061633,828.302,842.9862088671491,739.0609999999999,355.562354301455,331.70599999999996
heating_training,E69,2900.0,984.4445913546523,1066.9180000000001,960.7944298882053,1070.786,878.5757315949537,878.482,966.0393571162691,1043.809,888.4228478544887,829.477,843.51196728959,740.5139999999999,356.05580203981333,332.104
heating_training,E69,2950.0,984.5587618246356,1065.462,961.0191445708742,1070.7869999999998,879.0052261029623,879.486,966.2635845038851,1043.899,888.8015092683628,830.6709999999999,844.029469620615,741.968,356.53044032678054,332.542
heating_training,E69,3000.0,984.7012063264993,1064.28,961.2562801486561,1070.801,879.4349841743083,880.336,966.5135828784214,1043.905,889.1984325028852,831.7189999999999,844.5447392288801,743.255,356.9872302434461,332.89799999999997
heating_training,E69,3050.0,984.8131383316137,1064.182,961.4999174994911,1070.649,879.8713992491693,881.121,966.7670296550752,1043.838,889.6204033293506,832.682,845.0654610996186,744.5129999999999,357.4269975480406,333.26399999999995
heating_training,E69,3100.0,984.8670180064544,1064.4279999999999,961.7228067991057,1070.21,880.3083888746672,881.879,966.9593840705803,1043.482,890.0416772080714,833.645,845.5906208874212,745.768,357.8505733724637,333.65799999999996
heating_training,E69,3150.0,984.8983657778176,1063.149,961.9146365219123,1070.223,880.7287792400342,882.39,967.089758700837,1043.4679999999998,890.4206072704105,834.43,846.1039000809727,746.797,358.2587464558219,333.981
heating_training,E69,3200.0,984.9546044102063,1063.277,962.0909985871847,1070.8400000000001,881.1251237739949,883.0749999999999,967.2145888359821,1043.9879999999998,890.7538629910151,835.221,846.5936308667317,747.845,358.6522338130811,334.304
heating_training,E69,3250.0,985.0532793342346,1063.849,962.2733027329374,1070.83,881.505352919039,883.893,967.3802293965613,1044.1039999999998,891.0733014293926,836.1859999999999,847.0637433203331,748.983,359.03166341705514,334.643
heating_training,E69,3300.0,985.1353155094122,1063.1190000000001,962.4653729000148,1070.87,881.8859231180979,884.53,967.5751493345914,1044.1129999999998,891.4188914436899,837.0219999999999,847.530923979109,749.915,359.39762219235524,334.967
heating_training,E69,3350.0,985.1921923631965,1065.5520000000001,962.6463467093037,1071.4479999999999,882.2667000284873,885.138,967.7372969839528,1044.554,891.774278304399,837.773,848.0001137456669,750.851,359.75084776141193,335.29499999999996
heating_training,E69,3400.0,985.2868732130858,1064.987,962.8196710556376,1072.5079999999998,882.6359345524742,885.958,967.8888478578931,1045.5459999999998,892.1044789708977,838.685,848.4588963646065,751.826,360.0921042537781,335.64
heating_training,E69,3450.0,985.397210228297,1063.798,963.0062402565641,1072.566,883.0013314076475,886.821,968.0821957674118,1045.779,892.4380296018171,839.6229999999999,848.9103429340905,752.851,360.42215825049124,335.972
heating_training,E69,3500.0,985.4339071971214,1064.588,963.187818040651,1071.775,883.3745507720791,887.468,968.2552719304349,1045.126,892.800103228056,840.396,849.3698979426283,753.74,360.74161503349103,336.298
heating_training,E69,3550.0,985.4595904570901,1064.557,963.3374590484303,1071.636,883.7368281092815,887.853,968.3523251576797,1044.946,893.1302925899419,840.989,849.8243077634497,754.6099999999999,361.05099229096123,336.644
heating_training,E69,3600.0,985.4363161152233,1065.21,963.4698437174131,1071.6100000000001,884.0841896696185,888.252,968.4347824189794,1044.942,893.4341926280543,841.547,850.2649211687492,755.355,361.3507837788553,336.96099999999996
heating_training,E69,3650.0,985.4901352390452,1063.774,963.5838932915187,1071.661,884.4066820933155,888.752,968.4991314164439,1045.01,893.6896857422182,842.1759999999999,850.6822340095001,756.085,361.6414254293277,337.25699999999995
heating_training,E69,3700.0,985.5846260342282,1063.313,963.7271418745015,1071.587,884.7206038443005,889.1469999999999,968.6609703474137,1044.9589999999998,893.9537756401497,842.764,851.0833432709453,756.796,361.92329225869247,337.54499999999996
heating_training,E69,3750.0,985.6132794991047,1061.5259999999998,963.876346712159,1071.644,885.0482868592004,889.643,968.8223679667722,1045.087,894.2709858906104,843.408,851.4964345096237,757.558,362.1966538330696,337.811
heating_training,E69,3800.0,985.6924670687979,1064.2579999999998,964.0078395842814,1071.3919999999998,885.3679873553821,889.999,968.9311413580547,1044.82,894.5615312186451,843.928,851.905670084985,758.204,362.46176964222195,338.08899999999994
heating_training,E69,3850.0,985.6729915673212,1062.23,964.1440498203067,1071.545,885.6908978876869,890.3009999999999,969.0614586109672,1044.981,894.8704636511787,844.424,852.3158178095978,758.755,362.7190072711035,338.364
heating_training,E69,3900.0,985.690905001341,1062.867,964.2425427916112,1071.679,885.9986102330371,890.691,969.1006901875854,1044.99,895.1369172500075,844.9069999999999,852.717479797042,759.357,362.96880745484395,338.616
heating_training,E69,3950.0,985.7313532015299,1064.321,964.3538317905293,1071.8609999999999,886.2914726761811,891.084,969.2037698228313,1045.173,895.3824410429951,845.423,853.1000428751582,759.961,363.211600878548,338.902
heating_training,E69,4000.0,985.7818670166142,1064.0349999999999,964.470676823188,1072.3539999999998,886.5848729695296,891.495,969.3222358732125,1045.645,895.6461978578717,845.9399999999999,853.4809929009067,760.518,363.4478184501697,339.17199999999997
heating_training,E69,4050.0,985.8328054163566,1064.319,964.5921764460562,1072.5369999999998,886.8802506345606,891.991,969.4485533560722,1045.862,895.9217832798194,846.483,853.8630895512654,761.127,363.6778578343701,339.428
heating_training,E69,4100.0,985.9442660721912,1062.324,964.7218816204129,1072.31,887.1730980088834,892.418,969.5902178414033,1045.713,896.1910410910326,847.005,854.2414173663199,761.731,363.9020220127386,339.67699999999996
heating_training,E69,4150.0,985.940820213204,1061.3229999999999,964.8616337438451,1072.04,887.4817989256792,892.6999999999999,969.7460219746431,1045.5079999999998,896.5062182502153,847.382,854.6331121195401,762.246,364.1205502864982,339.90599999999995
heating_training,E69,4200.0,985.780973725823,1060.1509999999998,964.9353164719524,1071.788,887.7899111222482,892.92,969.7275261732046,1045.288,896.806832358729,847.7139999999999,855.03615355612,762.702,364.3335199787077,340.111
heating_training,E69,4250.0,985.7226477476038,1061.217,964.9514413442628,1071.318,888.0455491130698,893.146,969.621851948977,1044.926,896.9702535175778,847.992,855.3954733056569,763.203,364.5409587637447,340.29999999999995
heating_training,E69,4300.0,985.8220283790707,1060.057,965.0121590523522,1070.8890000000001,888.2680705896585,893.216,969.6951792357179,1044.501,897.0965822313435,848.265,855.7089532364403,763.607,364.7429595200887,340.527
heating_training,E69,4350.0,985.9045952333695,1061.37,965.1295450374905,1071.213,888.5158615286366,893.324,969.8955999944834,1044.65,897.3321009677995,848.451,856.0355743251139,763.893,364.93979336248003,340.74
heating_training,E69,4400.0,985.9753211924314,1061.725,965.2489771508824,1071.8020000000001,888.7880499814135,893.614,970.0496891344446,1045.159,897.6221481201374,848.7959999999999,856.3889573107795,764.2819999999999,365.1317702888267,340.95899999999995
heating_training,E69,4450.0,986.0232918052207,1063.234,965.3683919811048,1072.23,889.0683586783447,894.024,970.181822295944,1045.587,897.9121877480336,849.2189999999999,856.7523882497647,764.78,365.31919200246796,341.20899999999995
heating_training,E69,4500.0,986.0583594973019,1061.925,965.4775926990549,1072.003,889.3486840635735,894.385,970.2797222514379,1045.496,898.1867540728172,849.607,857.1179435172479,765.194,365.50232546844154,341.41499999999996
heating_training,E69,4550.0,986.1029400922503,1061.3600000000001,965.5817140151311,1071.67,889.6225318942677,894.631,970.3702312764004,1045.204,898.4391508516894,849.913,857.4775081007017,765.626,365.68134324400194,341.633
heating_training,E69,4600.0,986.2372161585677,1062.541,965.6993636586723,1071.3809999999999,889.8879033193026,894.739,970.5006970008625,1044.916,898.672118405783,850.107,857.8257128495197,765.9639999999999,365.8564261997025,341.83899999999994
heating_training,E69,4650.0,986.2965468233537,1059.9679999999998,965.8434632445882,1070.937,890.1711272820455,894.861,970.6855169688083,1044.571,898.9609428302209,850.326,858.1861775518571,766.308,366.02774739551785,342.048
heating_training,E69,4700.0,986.4055939619407,1058.67,965.9681985313598,1070.865,890.4542395621318,894.939,970.7978824230676,1044.431,899.2331541122314,850.467,858.5516301394317,766.606,366.19541755345523,342.234
heating_training,E69,4750.0,986.5149006671663,1056.397,966.1139895077793,1070.6999999999998,890.7371659276354,895.018,970.9676883859895,1044.289,899.5035569199679,850.622,858.9126092147112,766.875,366.359475972973,342.373
heating_training,E69,4800.0,986.5138870780786,1061.962,966.2443686455193,1070.556,891.0319944710088,895.069,971.0830054666897,1044.192,899.8025125456925,850.761,859.2877521790241,767.121,366.5199212125956,342.54999999999995
heating_training,E69,4850.0,986.5077223973286,1060.995,966.329929323382,1071.003,891.3096390829006,895.233,971.0965527493837,1044.529,900.0461536132517,850.962,859.6538878570274,767.322,366.67688971876316,342.73299999999995
heating_training,E69,4900.0,986.5048191529842,1059.02,966.4063527315088,1071.4009999999998,891.5654256910851,895.534,971.1287051641087,1044.899,900.2481688312716,851.2379999999999,859.9974249936321,767.627,366.83062813739366,342.899
heating_training,E69,4950.0,986.5120366075955,1059.2440000000001,966.4779198759894,1070.909,891.8101800899927,895.727,971.1729383367589,1044.511,900.4450877025728,851.492,860.3286089415418,767.909,366.9814356549324,343.082
heating_training,E69,5000.0,986.5062776347834,1060.884,966.5489386512077,1070.666,892.0509002000974,895.8489999999999,971.2297372537049,1044.292,900.6510481759159,851.656,860.6546554816412,768.223,367.1295682295316,343.293
heating_training,E69,5050.0,986.5215798573842,1061.4589999999998,966.615448936785,1070.937,892.2859451721483,895.891,971.2821361376284,1044.472,900.8530197584546,851.761,860.9753037406654,768.428,367.27516317218334,343.442
heating_training,E69,5100.0,986.5393278708898,1060.5900000000001,966.6895158713946,1071.083,892.5193973757155,896.1,971.3594900242325,1044.6419999999998,901.0613947257146,851.978,861.2923147703187,768.6759999999999,367.4182411199592,343.609
heating_training,E69,5150.0,986.5249104250697,1060.885,966.759684884263,1070.9270000000001,892.7560432066803,896.268,971.4231727256974,1044.5079999999998,901.2831192813053,852.18,861.612749823262,768.899,367.55883750303803,343.769
heating_training,E69,5200.0,986.4680450883519,1059.3519999999999,966.8107691459318,1071.186,892.9889810988813,896.437,971.4419960263947,1044.762,901.4953424654763,852.3679999999999,861.9324924746055,769.121,367.6969287462555,343.895
heating_training,E69,5250.0,986.4374463458629,1057.077,966.8444027197229,1071.1709999999998,893.2053066804749,896.607,971.4357143292323,1044.7669999999998,901.6686954958209,852.574,862.2377546824623,769.373,367.8323940269519,344.019
heating_training,E69,5300.0,986.4347869731415,1060.281,966.8864832485428,1070.978,893.4108421586445,896.707,971.4717905569606,1044.603,901.8315701039269,852.701,862.528900332428,769.576,367.9650903852124,344.12699999999995
heating_training,E69,5350.0,986.5060996743106,1058.899,966.9473267355553,1070.749,893.6146486251035,896.788,971.5557490262432,1044.388,902.0042158347625,852.821,862.814326944678,769.736,368.0949993554018,344.269
heating_training,E69,5363.0,986.5091335721587,1058.429,966.9646602082556,1070.73,893.6639076384946,896.755,971.5806063242733,1044.378,902.0441769218623,852.837,862.8826159926093,769.76,368.12834580995866,344.308
heating_validation,E70,0.0,293.4835,294.94599999999997,293.4835,293.65799999999996,293.4835,293.539,293.4835,293.64,293.4835,293.731,293.48350000000005,293.736,293.4835,293.491
heating_validation,E70,50.0,401.0327068240946,444.51099999999997,334.0069250400224,370.727,306.131653290824,313.39099999999996,391.98659138572566,333.43399999999997,324.44005129593273,303.28299999999996,301.930322909984,298.885,293.48465117412974,293.486
heating_validation,E70,100.0,511.4974990224879,620.742,401.4152428642251,486.856,342.8901413501729,367.85999999999996,521.6274577829273,428.88199999999995,402.6272384998937,343.33099999999996,332.6350390717088,321.75,293.49105255718155,293.49699999999996
heating_validation,E70,150.0,610.0379584309894,757.4549999999999,477.7084927437156,586.8879999999999,394.6072358014197,417.83399999999995,637.1608116323691,522.46,493.2823467096944,383.921,378.3684749125117,345.743,293.5044167383949,293.51599999999996
heating_validation,E70,250.0,767.4375843329259,932.858,631.4076338714674,739.613,520.7628441600475,496.128,808.0428733967499,676.858,660.5532400831853,450.424,494.41199790310185,382.03299999999996,293.58435569915525,293.536
heating_validation,E70,300.0,822.9442618701971,982.757,690.37359970482,792.6809999999999,572.4534489035351,525.079,850.786553015169,732.62,707.3593062627461,476.32599999999996,542.5426190638134,396.99399999999997,293.689287160492,293.57599999999996
heating_validation,E70,350.0,867.9436045108821,1020.457,741.4868033281525,834.975,619.5047381071072,549.6289999999999,884.165946022598,778.4359999999999,746.2955032820269,498.534,586.7358390974041,410.842,293.87543915881497,293.621
heating_validation,E70,400.0,904.1848749970288,1049.318,785.0137793676791,871.733,661.1375279484974,572.405,909.680617846577,818.185,777.3013602154231,519.182,626.098315215292,424.94499999999994,294.17477060160377,293.67499999999995
heating_validation,E70,450.0,933.2733067342471,1069.81,821.6338334773101,899.677,697.2681258084713,591.1469999999999,929.0986055886966,848.879,801.5555841320637,536.1679999999999,660.4378505022323,437.67099999999994,294.61666816280876,293.71
heating_validation,E70,500.0,956.6850152848809,1087.024,852.209487548638,922.985,728.1993526489349,607.838,944.0001461704592,874.463,820.4377484305127,551.5999999999999,689.9587935326385,449.193,295.2245548305691,293.78999999999996
heating_validation,E70,550.0,975.4061351563306,1100.558,877.6458842412727,943.013,754.4697010946294,622.944,955.6606742094211,896.424,835.2924078359054,565.626,715.11303337415,460.303,296.01382410124745,293.86899999999997
heating_validation,E70,600.0,990.3801420144973,1111.3519999999999,898.7150026958993,961.141,776.6655779867359,637.674,964.8173090258172,916.4879999999999,847.1122580361864,579.673,736.4335388787487,471.68399999999997,296.9911469049359,293.96799999999996
heating_validation,E70,650.0,1002.3499694698612,1120.307,916.1497178923698,975.86,795.3527521613224,650.46,972.1407536379277,932.694,856.6217141493731,592.072,754.4353999233329,481.972,298.15493302549083,294.08299999999997
heating_validation,E70,750.0,1020.214128316767,1134.176,943.3610725232937,1000.866,825.2558069956826,674.169,984.0923199140605,960.87,872.0951682113754,615.492,783.3707869046372,502.224,301.0016574957298,294.39099999999996
heating_validation,E70,800.0,1026.4392453846415,1139.52,953.1626614011433,1010.887,836.1577208666505,684.525,987.7400276521703,972.1759999999999,876.7825774952547,625.797,793.9433173899457,511.424,302.65204563912755,294.57599999999996
heating_validation,E70,850.0,1031.4908391173433,1143.311,961.3682914738835,1019.877,845.4116432692418,694.2049999999999,991.0841378641833,982.771,881.1319726670763,635.49,802.9426531976694,519.808,304.4268644058393,294.79999999999995
heating_validation,E70,900.0,1035.6721812882838,1147.384,968.2736695663722,1028.205,853.2885064099708,703.9069999999999,994.0900414631117,992.813,885.0308120387753,645.182,810.6242882374698,528.27,306.3041828945466,295.07
heating_validation,E70,950.0,1039.0691729635978,1151.516,974.1298338801139,1035.321,860.0396870962633,712.468,996.8057338549125,1001.196,888.5460841855862,653.669,817.2247399010747,536.6389999999999,308.26187038601944,295.37399999999997
heating_validation,E70,1000.0,1041.8647890247864,1154.282,979.0983845499286,1041.846,865.8572898981853,720.597,999.1785518423043,1008.731,891.7014273739275,661.718,822.9338432712274,545.289,310.27853575548625,295.705
heating_validation,E70,1050.0,1044.193017987933,1156.71,983.347875988866,1048.136,870.8922138914861,729.039,1001.2995921344265,1015.909,894.5240817022944,670.063,827.8926769062754,553.9939999999999,312.3342193576998,296.094
heating_validation,E70,1150.0,1048.0138074798945,1158.74,990.510520162991,1058.426,879.5272552721796,743.595,1005.3780148124246,1027.438,899.9210961918068,684.806,836.4501889794159,569.246,316.4911046765012,296.90299999999996
heating_validation,E70,1200.0,1049.3924706213277,1158.404,993.229352877853,1063.013,882.8428659696259,750.928,1006.7679573520752,1032.5520000000001,901.7777366433912,692.316,839.7489293218757,577.348,318.56162515661094,297.378
heating_validation,E70,1250.0,1050.678407594959,1162.326,995.6322013055598,1066.6970000000001,885.803097730605,757.3879999999999,1008.1394912960543,1036.6709999999998,903.6127003033085,699.074,842.7082653574325,584.508,320.6098133947089,297.86199999999997
heating_validation,E70,1300.0,1051.751842220461,1163.876,997.8032826077846,1070.483,888.4815901374792,763.5519999999999,1009.5276729985078,1040.733,905.4184255977947,705.549,845.3925159346758,591.287,322.6255269586185,298.38399999999996
heating_validation,E70,1350.0,1052.6451547979123,1165.039,999.7311297001066,1074.3400000000001,890.9247309849055,769.8499999999999,1010.7597352678018,1044.851,907.1557929167722,712.171,847.8569211940518,597.556,324.6005216490672,299.001
heating_validation,E70,1400.0,1053.4493849620953,1165.778,1001.4552630170202,1077.6190000000001,893.1459729542847,775.3889999999999,1011.8828225580427,1048.335,908.7594684698147,718.0419999999999,850.1120498587804,603.162,326.52840097602655,299.589
heating_validation,E70,1450.0,1054.2348323647077,1165.144,1003.0277174038466,1080.658,895.1735052908767,780.8309999999999,1012.9686980962059,1051.645,910.2450766753933,723.9259999999999,852.1788741518521,609.1959999999999,328.40424063012745,300.23499999999996
heating_validation,E70,1500.0,1054.9107996902962,1166.025,1004.4845117334663,1083.473,897.0545711739858,786.319,1014.0389134212494,1054.641,911.6856064646563,729.779,854.1014408163186,615.2919999999999,330.2244150021457,300.936
heating_validation,E70,1550.0,1055.5322283512198,1167.391,1005.8144646063867,1086.342,898.8067879612902,791.288,1015.0081308960606,1057.6399999999999,913.0606089478567,735.159,855.9034970215669,620.901,331.9863902239112,301.63899999999995
heating_validation,E70,1650.0,1056.817608465009,1165.874,1008.3821025331903,1090.902,902.1957502138831,801.013,1017.0750770159422,1062.585,915.8894993032063,745.7090000000001,859.4135247485199,631.87,335.33030497885204,303.13199999999995
heating_validation,E70,1700.0,1057.33500543447,1166.473,1009.4370906521655,1092.615,903.5932886851891,805.2669999999999,1017.834919974962,1064.472,916.928933313494,750.45,860.866163587707,636.915,336.9112658618356,303.85999999999996
heating_validation,E70,1750.0,1057.7555668653026,1167.978,1010.4277656968227,1094.851,904.9364742495877,809.63,1018.5931801202207,1066.7849999999999,918.0335942491208,755.232,862.2702734137564,642.0999999999999,338.4317992131921,304.645
heating_validation,E70,1800.0,1058.1340479299906,1166.618,1011.3381860068721,1096.9299999999998,906.2138698932154,813.746,1019.2764006811141,1068.903,919.1054925468983,759.622,863.6174405232622,646.909,339.8926262219154,305.381
heating_validation,E70,1850.0,1058.504585483955,1167.1039999999998,1012.1900614049275,1098.44,907.4204205174951,817.669,1019.9358138114733,1070.5529999999999,920.1143595887698,763.9069999999999,864.8977076603352,651.526,341.29489735112395,306.147
heating_validation,E70,1900.0,1058.8328222923853,1167.007,1012.9944008307276,1099.816,908.569680185653,821.665,1020.5784437211084,1072.058,921.089542656469,768.28,866.1224999787911,656.29,342.6400589361972,306.966
heating_validation,E70,1950.0,1059.150666837217,1166.469,1013.7471845858553,1100.991,909.6643710301703,825.1949999999999,1021.1770675712733,1073.341,922.0221195903197,772.1289999999999,867.2962836629482,660.698,343.9297823984679,307.72799999999995
heating_validation,E70,2050.0,1059.685025512227,1163.059,1015.2208297849934,1102.5810000000001,911.8719882883444,832.004,1022.4080950192014,1075.1799999999998,923.9966866058805,779.711,869.6864482978079,669.479,346.34995006815427,309.35499999999996
heating_validation,E70,2100.0,1059.9223912903221,1163.538,1015.8174210188573,1103.152,912.7864030367342,835.033,1022.826057531507,1075.813,924.6938092973163,783.086,870.6845058506756,673.297,347.4841269728697,310.15299999999996
heating_validation,E70,2150.0,1060.1412763101234,1163.31,1016.3916891002282,1103.905,913.6680401445774,838.04,1023.2819929018361,1076.65,925.4253491442055,786.505,871.6508670201437,677.18,348.5702972704727,310.984
heating_validation,E70,2200.0,1060.3731046512821,1162.07,1016.9395801822589,1104.618,914.5190487395076,840.744,1023.7317720211986,1077.384,926.156755348071,789.572,872.5886133732415,680.655,349.61042327482664,311.775
heating_validation,E70,2250.0,1060.4643749911095,1162.241,1017.4597927597299,1105.5259999999998,915.354189223909,843.388,1024.1615305794892,1078.2869999999998,926.9114615175035,792.5559999999999,873.5126858718431,684.0029999999999,350.60651349450103,312.55699999999996
heating_validation,E70,2300.0,1060.6299215780239,1161.844,1017.9168170203061,1106.444,916.1445871447888,846.146,1024.4803621540784,1079.203,927.5884105902802,795.708,874.4013122412148,687.5809999999999,351.5606173752644,313.423
heating_validation,E70,2350.0,1060.8215035637213,1163.577,1018.3805173249373,1107.3629999999998,916.8965147187846,848.6129999999999,1024.8878826759299,1080.1190000000001,928.2285479681943,798.555,875.2462439665388,690.9259999999999,352.4748086100112,314.214
heating_validation,E70,2400.0,1060.9989721675977,1162.529,1018.8341563986081,1108.123,917.6338704518348,851.092,1025.2944619492048,1080.932,928.8867145809073,801.284,876.0751698476777,694.1579999999999,353.350996567032,315.00899999999996
heating_validation,E70,2450.0,1061.2612461243802,1161.458,1019.280502210678,1108.4209999999998,918.3470869840238,853.554,1025.7027092063925,1081.346,929.5183732788456,804.087,876.8799644627508,697.614,354.1909055788525,315.832
heating_validation,E70,2550.0,1061.7387163478652,1160.27,1020.2769602978261,1109.138,919.8905223385233,857.848,1026.7035535224234,1082.145,931.0151455063766,808.999,878.6141977300023,703.66,355.76873331896957,317.39
heating_validation,E70,2600.0,1061.9755087347748,1158.969,1020.6900690037949,1109.396,920.5482418889341,859.8009999999999,1027.0316253676344,1082.437,931.5570789031829,811.231,879.3591280624779,706.326,356.5099908343973,318.16299999999995
heating_validation,E70,2650.0,1062.2281824820902,1160.449,1021.1093041857695,1109.8319999999999,921.1968721897954,861.786,1027.4171345128227,1082.865,932.1322326185125,813.486,880.0939594353538,709.131,357.2217219565355,318.952
heating_validation,E70,2700.0,1062.322094522259,1158.951,1021.5119812476473,1110.1,921.8542768438165,863.606,1027.7751649596846,1083.165,932.7636804491627,815.562,880.8399336506949,711.598,357.90550803090196,319.66999999999996
heating_validation,E70,2750.0,1062.3557266720982,1159.917,1021.8424523903143,1110.505,922.4905179115995,865.331,1027.9769469412695,1083.566,933.3464104759205,817.646,881.5775391853566,714.031,358.56278735170423,320.38899999999995
heating_validation,E70,2800.0,1062.4904393570393,1158.1190000000001,1022.1426040733758,1110.975,923.0750178960473,867.127,1028.1746914399241,1084.066,933.8216744929496,819.84,882.2660871441949,716.508,359.1948682423673,321.13
heating_validation,E70,2850.0,1062.6314908576026,1158.304,1022.4606702632714,1111.339,923.6371774795178,868.795,1028.4701316878443,1084.433,934.297170055598,821.858,882.9246566778158,718.7570000000001,359.80293453150216,321.823
heating_validation,E70,2950.0,1062.8743095616076,1157.05,1023.1127413541113,1112.04,924.8360146789729,871.9929999999999,1029.0713110416275,1085.19,935.4193975920924,825.747,884.3362417579342,723.13,360.95158386054845,323.20799999999997
heating_validation,E70,3000.0,1062.9882616361274,1156.7269999999999,1023.3856974957371,1112.1999999999998,925.3455630037251,873.4689999999999,1029.2850736155715,1085.373,935.8307424044636,827.4789999999999,884.9397272686679,725.126,361.49431722292763,323.87
heating_validation,E70,3050.0,1063.0528347013696,1156.6799999999998,1023.6514569498535,1112.591,925.8525812715194,874.827,1029.510432462843,1085.734,936.2824339326492,829.097,885.5419731695592,727.029,362.01744085671174,324.53499999999997
heating_validation,E70,3100.0,1063.1759030159433,1157.667,1023.8995373714552,1112.989,926.3441583995169,876.323,1029.71135213509,1086.114,936.7150994111066,830.809,886.1320858445176,729.093,362.5220847371286,325.253
heating_validation,E70,3150.0,1063.2866885206272,1157.512,1024.1611094068803,1113.434,926.8293323318036,877.616,1029.9683547049779,1086.562,937.1571212500432,832.346,886.7124131250691,730.899,363.00925524647533,325.899
heating_validation,E70,3200.0,1063.4599753566038,1157.79,1024.419953713438,1113.874,927.3079437245563,878.922,1030.2167620172397,1087.016,937.594929241544,833.847,887.2864196780449,732.637,363.47973934061883,326.517
heating_validation,E70,3250.0,1063.6251831565125,1157.179,1024.6993397520307,1113.9479999999999,927.7884530717525,880.2909999999999,1030.5176206092192,1087.156,938.051760408742,835.381,887.8584838702915,734.443,363.9342824772169,327.18199999999996
heating_validation,E70,3300.0,1063.809311494646,1157.521,1024.9773152100256,1114.232,928.2723690449372,881.4119999999999,1030.7985321129663,1087.408,938.5187088446348,836.701,888.4345298860799,736.064,364.3737701385354,327.80499999999995
heating_validation,E70,3350.0,1063.8930255448456,1157.568,1025.2523758311136,1114.617,928.7640542588107,882.52,1031.0672786357582,1087.7869999999998,939.0068249984886,838.005,889.0189836068005,737.637,364.7990270110938,328.402
heating_validation,E70,3450.0,1063.9128804678517,1156.4850000000001,1025.691698847285,1114.992,929.7729474328064,884.793,1031.3544495130564,1088.19,939.9518767428963,840.535,890.2559421205038,740.73,365.609956096411,329.61699999999996
heating_validation,E70,3500.0,1064.0283255025836,1156.405,1025.8726950811783,1114.953,930.1797295004413,885.8109999999999,1031.4769691479205,1088.1979999999999,940.2417653337008,841.696,890.7616869863895,742.1859999999999,365.9971072094318,330.22499999999997
heating_validation,E70,3550.0,1064.1309733227959,1154.9009999999998,1026.0835792125106,1115.1480000000001,930.58586076159,886.737,1031.7028216818237,1088.382,940.5888854655476,842.749,891.2600709597183,743.5129999999999,366.3728304670333,330.78
heating_validation,E70,3600.0,1064.2660114827897,1155.599,1026.293012830713,1115.292,930.9965868968116,887.607,1031.9125389968854,1088.5149999999999,940.9684308307255,843.763,891.7640535567773,744.799,366.7375771878545,331.315
heating_validation,E70,3650.0,1064.3642534659214,1154.9279999999999,1026.5120524725924,1115.618,931.4130472482386,888.588,1032.1426444803549,1088.827,941.3709249423787,844.847,892.2727706814004,746.13,367.0917455317708,331.865
heating_validation,E70,3700.0,1064.4400499797482,1155.561,1026.7143839977218,1115.7559999999999,931.8305194768491,889.501,1032.32245592745,1088.991,941.773053615982,845.8489999999999,892.7859099302742,747.376,367.4357178635404,332.36899999999997
heating_validation,E70,3750.0,1064.4475372181196,1154.5459999999998,1026.8984558943796,1115.576,932.2427929552647,890.3589999999999,1032.4682541250002,1088.902,942.1628533707781,846.805,893.2967898574524,748.5229999999999,367.76987533781625,332.88599999999997
heating_validation,E70,3850.0,1064.540770172891,1153.8339999999998,1027.223052276992,1115.6109999999999,933.0650722680741,891.807,1032.6999626619947,1088.944,942.891137475114,848.519,894.3423959717957,750.75,368.41039723097373,333.914
heating_validation,E70,3900.0,1064.5795928903228,1153.4479999999999,1027.3721449028535,1115.635,933.4178055545324,892.509,1032.829414352047,1088.982,943.1742718560514,849.3149999999999,894.7895952906339,751.77,368.7175937481366,334.388
heating_validation,E70,3950.0,1064.705576332365,1152.877,1027.5279686848332,1115.768,933.7660962993572,893.207,1032.9835205754553,1089.109,943.4735868384323,850.159,895.2320548356703,752.838,369.0165991831842,334.91299999999995
heating_validation,E70,4000.0,1064.7693507069866,1152.274,1027.7100246592327,1115.9270000000001,934.1288929831634,893.932,1033.1999055518218,1089.246,943.8289286830521,850.9399999999999,895.6847976110718,753.837,369.30781557623783,335.388
heating_validation,E70,4050.0,1064.7456594941732,1152.07,1027.8626275805257,1115.903,934.5035693956917,894.567,1033.3214028051616,1089.24,944.2073030245813,851.658,896.1559241751908,754.7729999999999,369.5916286458489,335.864
heating_validation,E70,4100.0,1064.6991172541937,1153.181,1027.9782976013753,1116.0810000000001,934.8625292932712,895.179,1033.368976668468,1089.403,944.5351307147881,852.4159999999999,896.6183947940792,755.721,369.86837855925717,336.364
heating_validation,E70,4150.0,1064.6896769849016,1152.607,1028.079274931246,1116.341,935.1973156568298,895.816,1033.4182129292542,1089.656,944.8119257207078,853.098,897.0575777762804,756.5709999999999,370.1384442904751,336.83
heating_validation,E70,4200.0,1064.702058888933,1152.036,1028.1873401598928,1116.541,935.5198864306806,896.4879999999999,1033.5123422648182,1089.859,945.083072976871,853.824,897.4812527149711,757.449,370.40217536017997,337.29699999999997
heating_validation,E70,4250.0,1064.7750703662116,1151.5520000000001,1028.3065650118722,1116.4270000000001,935.8377166570192,897.1039999999999,1033.6391810348773,1089.829,945.3611224383139,854.543,897.8973969080305,758.329,370.6599102469878,337.77799999999996
heating_validation,E70,4350.0,1065.0144331192303,1151.282,1028.6541894936306,1116.623,936.567942293209,898.163,1034.0763794596942,1089.946,946.093809561191,855.735,898.8281805396398,759.9069999999999,371.1584704560993,338.63699999999994
heating_validation,E70,4400.0,1065.1575386985478,1153.3629999999998,1028.8193847804848,1116.5839999999998,936.8957234530312,898.6859999999999,1034.2533034109615,1089.964,946.3885845308614,856.357,899.2427617161353,760.7049999999999,371.39969825301165,339.086
heating_validation,E70,4450.0,1065.2358401860301,1152.061,1028.9983170203075,1116.8319999999999,937.242920236371,899.226,1034.4545002834243,1090.1979999999999,946.741232953653,856.929,899.676251525453,761.432,371.63588533808206,339.508
heating_validation,E70,4500.0,1065.342532949796,1151.933,1029.1602568621086,1116.9189999999999,937.5922081202579,899.726,1034.599215027917,1090.2649999999999,947.0838093386476,857.4929999999999,900.1169066393944,762.13,371.8673220691853,339.904
heating_validation,E70,4550.0,1065.5361455009363,1152.588,1029.3417509231776,1117.143,937.9340658469094,900.185,1034.800400898256,1090.452,947.4017839419915,858.0559999999999,900.5473396845769,762.7829999999999,372.09425593216923,340.313
heating_validation,E70,4600.0,1065.5516525887656,1153.37,1029.5370518372538,1117.4119999999998,938.3015743485151,900.6999999999999,1035.021655335318,1090.749,947.7915789156569,858.595,901.0003653831461,763.4549999999999,372.3169088094613,340.707
heating_validation,E70,4650.0,1065.5432595758807,1153.078,1029.667503004245,1117.712,938.6626956439533,901.216,1035.0676759879993,1091.042,948.1405599065719,859.1709999999999,901.4600057539527,764.1469999999999,372.5355234854229,341.11199999999997
heating_validation,E70,4750.0,1065.6393767676566,1151.1390000000001,1029.929954401704,1117.741,939.3623723397179,902.168,1035.2633828084756,1091.136,948.7445478310284,860.235,902.3712215160654,765.3969999999999,372.96158594203536,341.849
heating_validation,E70,4800.0,1065.6515493173472,1152.259,1030.0473227298176,1117.797,939.6675064533775,902.6,1035.3615406545637,1091.173,948.9950920007124,860.711,902.7670576848245,766.02,373.16934471039065,342.23299999999995
heating_validation,E70,4850.0,1065.7498577395645,1152.746,1030.162652176345,1118.011,939.9658428303126,902.986,1035.4637375776115,1091.367,949.2480197520281,861.144,903.1575611599472,766.557,373.37372364443286,342.58399999999995
heating_validation,E70,4900.0,1065.894248596875,1151.778,1030.3145041419339,1118.186,940.2678246305253,903.396,1035.6610333258811,1091.566,949.5270502346146,861.596,903.5455993987721,767.111,373.5747557569605,342.93199999999996
heating_validation,E70,4950.0,1065.9487916891765,1151.951,1030.477854666324,1118.277,940.5944932890579,903.831,1035.8576120299879,1091.657,949.8716863522677,862.069,903.957095381747,767.701,373.7725243254231,343.29499999999996
heating_validation,E70,5000.0,1066.0190138776436,1151.895,1030.6154716491365,1118.432,940.921824457682,904.2139999999999,1035.9706050956227,1091.8249999999998,950.1960831446893,862.506,904.3758898833706,768.202,373.96715384424704,343.64799999999997
heating_validation,E70,5050.0,1066.0175268282885,1152.268,1030.749722464972,1118.509,941.2469390670628,904.581,1036.088632052582,1091.897,950.5103530799264,862.909,904.79275377243,768.712,374.1588087588212,343.97499999999997
heating_validation,E70,5100.0,1066.1103220370621,1152.4569999999999,1030.8629208413765,1118.741,941.5550229762345,904.901,1036.1631772042697,1092.1309999999999,950.777010655755,863.318,905.1960138102326,769.2149999999999,374.3475989323564,344.291
heating_validation,E70,5150.0,1066.2042583333948,1152.539,1031.007348833392,1118.936,941.8603689643915,905.3249999999999,1036.33523254628,1092.311,951.0541999366714,863.745,905.5896419619963,769.721,374.5336239535254,344.63199999999995
heating_validation,E70,5250.0,1066.3293439659806,1150.594,1031.3053033550304,1118.9470000000001,942.5506069096207,906.083,1036.636432859855,1092.368,951.7425151982932,864.5509999999999,906.4764281248919,770.693,374.8978370445904,345.27599999999995
heating_validation,E70,5300.0,1066.3296669121203,1152.1329999999998,1031.4226204739048,1118.578,942.8510954853213,906.295,1036.7201810124168,1092.0729999999999,952.0004416684262,864.862,906.8646930498694,771.085,375.0761556213914,345.563
heating_validation,E70,5350.0,1066.4617266463176,1153.192,1031.5323338149526,1118.99,943.1348775365287,906.518,1036.8034952775758,1092.353,952.2292492004201,865.124,907.238645623901,771.49,375.2520220276517,345.875
heating_validation,E70,5400.0,1066.5808396401476,1152.045,1031.6871743773086,1119.437,943.42710423172,906.9209999999999,1037.010874473726,1092.821,952.5039915357185,865.509,907.6124887610499,771.934,375.42556627709166,346.187
heating_validation,E70,5450.0,1066.6361950480339,1151.5079999999998,1031.835152522837,1119.355,943.7400838763482,907.289,1037.1686600836445,1092.775,952.8300433554496,865.903,908.0093967343118,772.361,375.596892846636,346.47799999999995
heating_validation,E70,5500.0,1066.7114789023585,1151.742,1031.966812398464,1119.31,944.0491768021418,907.549,1037.2800132657048,1092.7440000000001,953.1289017260156,866.2239999999999,908.4070350318112,772.7429999999999,375.76607463172456,346.76199999999994
heating_validation,E70,5550.0,1066.7105728699028,1152.242,1032.094982194232,1119.614,944.3584559976482,907.841,1037.3935187525612,1092.946,953.4278252768437,866.512,908.8048198993617,773.124,375.93315213576057,347.05199999999996
heating_validation,E70,5650.0,1066.7632713088506,1150.7350000000001,1032.296886362739,1119.344,944.9790933498678,908.345,1037.5162485709104,1092.835,953.9812833993038,867.124,909.6294010775415,773.8969999999999,376.26133851898857,347.59999999999997
heating_validation,E70,5700.0,1066.7432654234192,1151.301,1032.3889862156045,1119.387,945.2485725620847,908.5319999999999,1037.5926123447848,1092.871,954.2032989290839,867.36,909.9855768047306,774.222,376.4225693317868,347.88599999999997
heating_validation,E70,5750.0,1066.787028771861,1152.009,1032.4706086134397,1119.548,945.511221449083,908.81,1037.6507752868747,1092.9560000000001,954.4244675266883,867.626,910.3377556049306,774.567,376.5819247080277,348.147
heating_validation,E70,5800.0,1066.9854968812576,1152.196,1032.5911581824619,1119.759,945.7659132627883,909.019,1037.8164876921637,1093.167,954.6393202192493,867.898,910.6757728957151,774.873,376.7394285533533,348.412
heating_validation,E70,5850.0,1067.1017485731297,1152.0149999999999,1032.7640417671223,1119.998,946.0543414854974,909.3,1038.081632614563,1093.399,954.9537419831743,868.198,911.038587995305,775.2239999999999,376.89508660399736,348.662
heating_validation,E70,5900.0,1067.1030727394677,1152.1129999999998,1032.9057503399233,1120.05,946.3692890358255,909.581,1038.2150602674878,1093.4470000000001,955.3084295135919,868.467,911.4362182183091,775.538,377.0489177549868,348.902
heating_validation,E70,5950.0,1067.2081594743245,1151.789,1033.0192654943885,1120.086,946.6631156016143,909.8,1038.284404052464,1093.513,955.577060675478,868.735,911.8197705726998,775.858,377.2009203415474,349.14799999999997
heating_validation,E70,6000.0,1067.2590292805949,1151.963,1033.1581068204348,1120.202,946.9560048314476,910.033,1038.4403789327791,1093.6219999999998,955.853292399445,868.983,912.1959778837471,776.142,377.3511911804182,349.39799999999997
heating_validation,E70,6050.0,1067.2688223497141,1152.679,1033.2710561016374,1120.377,947.2525037309496,910.281,1038.521322116701,1093.778,956.1385055549782,869.23,912.5799679352907,776.452,377.49984775908285,349.631
heating_validation,E70,6150.0,1067.3981388642005,1151.066,1033.4988044696934,1119.962,947.8522263829116,910.631,1038.7167436221075,1093.4859999999999,956.6788836001998,869.683,913.3715766600125,777.044,377.79257980030343,350.11899999999997
heating_validation,E70,6200.0,1067.599890943151,1152.3220000000001,1033.6256948739324,1119.9189999999999,948.1076201049855,910.786,1038.866840192872,1093.422,956.8776571702456,869.845,913.7059285679893,777.31,377.9367762606178,350.35499999999996
heating_validation,E70,6250.0,1067.6864652591348,1151.8310000000001,1033.7988235334665,1120.054,948.3961183550488,910.942,1039.1143216640114,1093.548,957.1849335847998,870.0409999999999,914.0659385874953,777.549,378.07955381506895,350.58899999999994
heating_validation,E70,6300.0,1067.798342722417,1151.894,1033.941821353887,1120.281,948.6965366122671,911.122,1039.2433728236954,1093.726,957.4979275113544,870.2139999999999,914.4465072736167,777.7729999999999,378.22092392962236,350.803
heating_validation,E70,6350.0,1067.900957425932,1151.6419999999998,1034.096104898704,1120.291,948.9950817906495,911.332,1039.4079212444847,1093.783,957.7924659621702,870.454,914.8243300493372,778.0409999999999,378.3608827185966,351.03099999999995
heating_validation,E70,6400.0,1067.865982183432,1150.62,1034.229310178531,1120.2559999999999,949.3039146188838,911.504,1039.5135046278174,1093.77,958.1084186343015,870.644,915.2155212265693,778.2829999999999,378.49950510445154,351.229
heating_validation,E70,6450.0,1067.9380440195855,1150.891,1034.3210307099932,1119.969,949.5862400426967,911.669,1039.5333695869938,1093.548,958.3435704308419,870.823,915.5881326491516,778.506,378.6368726288064,351.43899999999996
heating_validation,E70,6550.0,1068.3005964640906,1150.183,1034.6608092881092,1120.0369999999998,950.1957668023068,911.9069999999999,1039.9685807785584,1093.5929999999998,958.9144995354955,871.107,916.364727619698,778.948,378.90802877663145,351.83099999999996
heating_validation,E70,6600.0,1068.3065440549747,1150.574,1034.810357368111,1119.8229999999999,950.4895646884564,911.991,1040.1134873073838,1093.3980000000001,959.2079750415398,871.249,916.7323369142068,779.142,379.0417777395204,352.02099999999996
heating_validation,E70,6650.0,1068.2310749722126,1150.8919999999998,1034.8998340641992,1119.769,950.7824891626668,912.0699999999999,1040.1128338505512,1093.353,959.4897551494527,871.39,917.111906053896,779.353,379.17431333551554,352.24
heating_validation,E70,6700.0,1068.2909754317054,1152.554,1034.9666104113444,1120.2379999999998,951.0374872484729,912.1659999999999,1040.1090241941351,1093.714,959.6749259790208,871.496,917.4575189113108,779.53,379.3057334102939,352.42199999999997
heating_validation,E70,6702.0,1068.2931384907927,1152.474,1034.9689987761424,1120.277,951.0463486983962,912.173,1040.109211816727,1093.725,959.6797763900784,871.483,917.4695617611535,779.518,379.31096798430207,352.421
heating_training,E71,0.0,293.758,303.734,293.758,307.638,293.758,305.654,293.758,307.28999999999996,293.758,304.23499999999996,293.7579999999999,303.241,293.758,293.61699999999996
heating_training,E71,50.0,408.5218524872915,314.317,332.7925031516707,308.688,305.12468699647945,306.623,388.04022385712665,305.181,321.3513057443663,303.01099999999997,301.1471720378882,302.849,293.75917226131946,293.642
heating_training,E71,100.0,530.0303077893166,543.252,399.7530790639484,420.43899999999996,339.36522367532467,336.19599999999997,517.5796197168486,373.44399999999996,394.31414500419703,321.029,329.36250697119783,311.23299999999995,293.76570385502333,293.674
heating_training,E71,200.0,745.8902459290995,834.843,572.8069512648627,614.327,461.1252152332946,427.092,759.2685546428308,550.7729999999999,587.3486655753494,393.775,437.9510649941815,351.95899999999995,293.80568274464235,293.71999999999997
heating_training,E71,250.0,824.5698420605228,919.466,644.2907275199282,684.318,516.5479548000892,461.46,826.0114053398471,621.241,649.8875631995415,423.534,488.25631580151946,368.68399999999997,293.85942699056136,293.762
heating_training,E71,300.0,890.0629649091527,982.526,709.6703763689077,744.075,570.9150901419857,491.787,881.0864563513203,683.353,706.3610329402744,450.417,538.192332150819,383.62199999999996,293.964803593665,293.823
heating_training,E71,350.0,943.9128487509136,1024.551,767.7139805237259,788.496,621.8547991433172,515.5169999999999,924.7371722248688,730.9649999999999,753.9499891499569,471.625,585.398982430287,396.00699999999995,294.1534198454433,293.876
heating_training,E71,400.0,987.8668516966877,1057.44,818.1891473900573,824.337,668.1270541159192,535.585,958.7270913492949,770.026,792.7552159983132,490.13199999999995,628.5913043906663,407.144,294.46010034150066,293.929
heating_training,E71,450.0,1023.7465735339243,1081.466,861.4719036538255,853.899,709.2256239575897,553.059,985.1285061547189,803.055,823.8522730207484,506.292,667.1829940620573,417.364,294.91835673099024,293.99199999999996
heating_training,E71,550.0,1077.7208242599856,1118.474,931.8437337998959,900.981,779.2792509319953,583.43,1025.5244902829154,855.209,872.6633464942441,534.6769999999999,733.4870524270278,437.013,296.3958019326991,294.15099999999995
heating_training,E71,600.0,1096.6885509036176,1131.28,957.4377906904804,918.9549999999999,805.3245790647949,596.1089999999999,1036.8448709191312,875.025,886.5305582958829,546.681,758.2343489561792,446.53499999999997,297.44783235740306,294.24699999999996
heating_training,E71,650.0,1112.1473771566752,1143.059,979.018646414807,935.4599999999999,827.6793865254804,608.47,1046.787999337896,893.534,898.7083907766304,558.685,779.5429412211236,456.905,298.7158131232245,294.35299999999995
heating_training,E71,700.0,1124.786338919079,1151.771,997.2034896980593,949.192,846.8218858653814,619.2929999999999,1055.3081961468536,908.7819999999999,909.1693495440176,569.218,797.8430374876855,466.635,300.1944905717337,294.481
heating_training,E71,750.0,1135.1247530017229,1158.328,1012.5473416580971,961.1949999999999,863.2038805787541,629.313,1062.592824185217,921.8969999999999,918.1156604186675,579.0509999999999,813.5465913475862,475.87399999999997,301.8715181195022,294.63399999999996
heating_training,E71,850.0,1151.0655303741312,1170.3519999999999,1037.3879485633713,982.5029999999999,890.3422827850999,648.539,1075.3389081874448,945.443,933.8475837148097,597.995,839.6853399881948,493.818,305.7445089298211,295.029
heating_training,E71,900.0,1156.766969529397,1174.5140000000001,1046.5251797966366,991.364,900.445429998402,657.096,1079.3531081534493,955.264,938.8163722616658,606.691,849.4432742498369,501.548,307.89391854684925,295.245
heating_training,E71,950.0,1161.5622870658697,1179.19,1054.3551349366294,999.477,909.1991001262795,665.287,1083.1609381001185,964.524,943.5375025197625,615.011,857.9219100815089,508.84799999999996,310.15151573057864,295.493
heating_training,E71,1000.0,1165.591782066793,1183.402,1061.1084512175912,1007.482,916.8206002598617,673.6610000000001,1086.6837192255427,973.736,947.8948113405675,623.423,865.3237819047671,516.278,312.4918125522819,295.784
heating_training,E71,1050.0,1168.8952689227513,1187.579,1066.9508606697193,1014.467,923.5033729043101,681.066,1089.86284127907,981.663,951.906318873315,630.825,871.8354727487693,522.66,314.8904299476015,296.106
heating_training,E71,1100.0,1171.6761579076685,1190.426,1072.002312961195,1020.861,929.380167683597,688.204,1092.6566819412737,989.138,955.5398837521249,638.0840000000001,877.5869948862746,527.364,317.32487717643767,296.462
heating_training,E71,1200.0,1176.565663311118,1194.4099999999999,1080.738053049951,1032.351,939.6577885421814,701.939,1098.1160049444047,1002.294,962.4425644468198,652.1569999999999,887.7026644929078,541.837,322.22190991514583,297.352
heating_training,E71,1250.0,1178.3897760774887,1196.865,1084.1183057421986,1037.347,943.6553125175689,708.143,1100.034192214715,1007.922,964.8413945020708,658.577,891.6480321104731,548.25,324.65077258827347,297.84799999999996
heating_training,E71,1300.0,1180.034373381302,1197.933,1087.147651516595,1041.966,947.2807147226551,714.096,1101.9270172157605,1013.096,967.2653995374044,664.778,895.2415189578692,554.449,327.0479765092731,298.356
heating_training,E71,1350.0,1181.5013034622873,1199.504,1089.8919887574473,1046.538,950.583894869051,720.345,1103.7693681711708,1018.129,969.6080226945877,671.278,898.527840988333,560.96,329.40250398170906,298.95599999999996
heating_training,E71,1400.0,1182.765384582451,1201.916,1092.3784997717553,1050.5839999999998,953.617126947107,725.905,1105.4921212308382,1022.52,971.8555815747617,677.121,901.5589548734714,566.779,331.7053733684576,299.53299999999996
heating_training,E71,1500.0,1185.034116660949,1203.217,1096.9354181624471,1057.953,959.3209430621954,736.8389999999999,1108.8622000473435,1030.504,976.3934626178014,688.646,907.3130827720499,578.316,336.129777165824,300.79699999999997
heating_training,E71,1550.0,1185.9379283353665,1204.882,1098.7504185178561,1061.195,961.6137086709624,741.814,1110.0456541506378,1033.961,977.9830681481408,693.847,909.6371059495798,583.674,338.24221001150534,301.445
heating_training,E71,1600.0,1186.7939397033272,1206.316,1100.4364380463214,1064.301,963.7587498454095,746.623,1111.2637208850106,1037.269,979.6136565131833,698.9739999999999,911.821082547108,588.851,340.2843109149946,302.126
heating_training,E71,1650.0,1187.5627206988659,1206.953,1102.0118371590163,1067.4650000000001,965.7785305828481,751.546,1112.4687309938754,1040.65,981.2328890204107,704.256,913.8861269192074,594.233,342.2546948032309,302.87199999999996
heating_training,E71,1700.0,1188.2554386857087,1206.895,1103.4745053302238,1070.2469999999998,967.6861842837284,756.0419999999999,1113.5998772013895,1043.57,982.8058928636846,709.0429999999999,915.8472715271242,599.17,344.15286954044973,303.601
heating_training,E71,1750.0,1189.0068168793794,1207.315,1104.843130994381,1072.79,969.4762090248438,760.326,1114.680224547337,1046.243,984.2784075596823,713.5889999999999,917.6964705374154,603.939,345.979079372029,304.339
heating_training,E71,1850.0,1190.2514906945,1206.772,1107.5684708192034,1077.297,973.0813858347339,768.689,1117.0280467669538,1051.051,987.4978907690494,722.555,921.4415149802884,613.332,349.41914846806134,305.895
heating_training,E71,1900.0,1190.7055324010946,1208.074,1108.6550846091177,1079.217,974.5780388014424,772.5329999999999,1117.777502792146,1053.066,988.6551718781787,726.693,923.0106639543224,617.673,351.0357438737246,306.669
heating_training,E71,1950.0,1191.2772567357042,1208.083,1109.6761128348628,1081.2379999999998,975.9894036209223,776.172,1118.5484278896452,1055.161,989.7878014649183,730.671,924.5005170547395,621.866,352.5857137794152,307.42999999999995
heating_training,E71,2000.0,1191.7392488560997,1208.563,1110.6832037864383,1083.2150000000001,977.3516126696129,780.019,1119.4195704710285,1057.216,990.9571902978831,734.835,925.9377459143568,626.249,354.0710826210171,308.262
heating_training,E71,2050.0,1192.074973726177,1208.615,1111.6136369210785,1084.933,978.6793567217749,783.506,1120.17154985496,1059.013,992.1454489403835,738.603,927.349264193126,630.236,355.49403143928066,309.048
heating_training,E71,2150.0,1192.8235556456775,1209.452,1113.396461380731,1088.304,981.3214760056504,790.273,1121.6368530029795,1062.473,994.5114173057586,745.895,930.1985761714278,638.056,358.1619488276069,310.66999999999996
heating_training,E71,2200.0,1193.2685083877236,1209.193,1114.1538167452034,1089.78,982.4131338275856,793.401,1122.2282049722405,1064.01,995.3418835677691,749.28,931.37829595232,641.6669999999999,359.4116682709234,311.46999999999997
heating_training,E71,2250.0,1193.5976736971345,1208.712,1114.921660130482,1091.186,983.4948660162786,796.385,1122.9315928195463,1065.434,996.2916730555481,752.573,932.5444215235002,645.203,360.60841146146686,312.26099999999997
heating_training,E71,2300.0,1193.8324920134642,1209.059,1115.6308455068202,1092.38,984.5659895900309,799.289,1123.5198809956341,1066.6680000000001,997.2809008311339,755.7149999999999,933.7093182976066,648.624,361.7544973105861,313.043
heating_training,E71,2350.0,1194.1127534879201,1210.304,1116.2903605035572,1093.6779999999999,985.5906856733835,802.204,1124.0489426981596,1068.0430000000001,998.1934814731272,758.95,934.8349907634399,652.145,362.852227204873,313.888
heating_training,E71,2450.0,1194.7367416720238,1209.473,1117.6701124482836,1096.1129999999998,987.6935860683086,807.559,1125.3109164871987,1070.513,1000.1367498215305,764.731,937.1548270930598,658.48,364.9118206706867,315.44899999999996
heating_training,E71,2500.0,1195.0307290461553,1210.255,1118.2527718566073,1097.085,988.5850846790918,810.068,1125.7767308197497,1071.498,1000.8584152473079,767.48,938.1422785559907,661.482,365.8780201840192,316.21799999999996
heating_training,E71,2550.0,1195.3092177472483,1209.755,1118.8303938317804,1098.246,989.4643690130199,812.674,1126.2899917389786,1072.643,1001.6375884946824,770.304,939.1183162564896,664.606,366.80459768369997,317.027
heating_training,E71,2600.0,1195.674479839912,1210.232,1119.397290837861,1099.201,990.3226763515534,815.016,1126.806546077536,1073.638,1002.410556474546,772.8389999999999,940.0743953605461,667.422,367.6935558700982,317.80199999999996
heating_training,E71,2650.0,1196.0511526267085,1210.9099999999999,1119.9829156121004,1100.096,991.1701462367575,817.281,1127.39171266552,1074.562,1003.1972526946824,775.2629999999999,941.015638242047,670.162,368.54684767168465,318.556
heating_training,E71,2700.0,1196.4032527349527,1210.451,1120.564580383332,1101.194,992.0181563299769,819.616,1127.9613302761334,1075.6509999999998,1004.0101959722516,777.768,941.9575977219044,673.017,369.36636404774333,319.344
heating_training,E71,2800.0,1196.902400052332,1210.089,1121.733164544196,1102.884,993.8420946085224,823.8349999999999,1129.0458553542705,1077.338,1005.8134900160733,782.242,944.0038911054723,678.108,370.9111819748776,320.839
heating_training,E71,2850.0,1197.1198670668305,1208.403,1122.2029478684024,1103.5720000000001,994.610340731648,825.848,1129.3865221029125,1078.028,1006.4413587489726,784.4079999999999,944.8747496385728,680.5360000000001,371.6399375484302,321.54999999999995
heating_training,E71,2900.0,1197.2399103643188,1209.424,1122.6521848077955,1104.157,995.3653135943977,827.865,1129.7471163677096,1078.6619999999998,1007.1097410261748,786.677,945.7354028291952,683.0699999999999,372.3417314514552,322.327
heating_training,E71,2950.0,1197.5114277230048,1208.532,1123.0655666447617,1104.79,996.0829621523461,829.664,1130.0652758239353,1079.321,1007.7225695136835,788.685,946.5630464958651,685.3340000000001,373.0180415546881,323.02599999999995
heating_training,E71,3000.0,1197.8054290539515,1208.746,1123.5148820953084,1105.375,996.7809722878499,831.41,1130.522031485374,1079.905,1008.3404802749641,790.622,947.3629752362873,687.524,373.6701730304476,323.734
heating_training,E71,3100.0,1198.5021062919802,1209.0259999999998,1124.5092401413422,1106.586,998.3063639118564,834.8919999999999,1131.5481661206954,1081.1419999999998,1009.8314162199915,794.434,949.1065823945445,691.823,374.90669050075724,325.15799999999996
heating_training,E71,3150.0,1198.6887581895248,1207.908,1124.9414265351684,1107.137,998.9824392210475,836.47,1131.9306629373002,1081.7179999999998,1010.4372192304676,796.199,949.8789062068291,693.838,375.493363955734,325.818
heating_training,E71,3200.0,1198.8442007837962,1209.2469999999998,1125.3329218467513,1107.589,999.6572472847863,838.121,1132.2380850334562,1082.158,1011.0686468438417,798.0079999999999,950.6588589118443,695.902,376.0604801796218,326.542
heating_training,E71,3250.0,1198.9926896012594,1207.847,1125.7032569303674,1108.1309999999999,1000.3120777912592,839.568,1132.5392987086245,1082.724,1011.6673001352783,799.632,951.4227603956889,697.751,376.6091480100206,327.188
heating_training,E71,3300.0,1199.1927854270402,1208.204,1126.0611859202875,1108.5140000000001,1000.9443006493797,841.002,1132.846358341172,1083.099,1012.2329205458649,801.2479999999999,952.1644034196288,699.5509999999999,377.1403170893473,327.84799999999996
heating_training,E71,3350.0,1199.412547647393,1208.368,1126.427595946398,1108.976,1001.5633370617145,842.422,1133.2001122055692,1083.56,1012.7958279461673,802.8009999999999,952.8899425727932,701.345,377.6549350696668,328.47999999999996
heating_training,E71,3450.0,1199.735974475195,1207.3,1127.1947293555654,1109.8609999999999,1002.9095732928763,845.138,1133.941051072091,1084.431,1014.1155970637567,805.8439999999999,954.4722602684739,704.8399999999999,378.63788213539,329.77099999999996
heating_training,E71,3500.0,1199.8346087506097,1206.661,1127.5041354746627,1110.094,1003.4872822353269,846.4309999999999,1134.1712249864577,1084.69,1014.6019058779373,807.25,955.157107505047,706.441,379.1077097217901,330.388
heating_training,E71,3550.0,1199.9797438551052,1208.1390000000001,1127.7960932099638,1110.466,1004.0480378950225,847.7049999999999,1134.401079373922,1085.024,1015.0880933083165,808.68,955.8282054241656,708.0909999999999,379.56405681817256,331.03799999999995
heating_training,E71,3600.0,1200.1630862221662,1207.182,1128.0973158564627,1110.8919999999998,1004.5954789286549,848.852,1134.6863153095903,1085.4679999999998,1015.5751250806571,809.959,956.4837133281711,709.597,380.0075826731595,331.631
heating_training,E71,3650.0,1200.328305449158,1207.74,1128.406163752934,1111.217,1005.1444396305084,850.0079999999999,1134.996347390385,1085.788,1016.0914928260116,811.2189999999999,957.1388825534444,711.064,380.4388652658791,332.231
heating_training,E71,3750.0,1200.6249607161838,1207.607,1129.0464606513892,1112.011,1006.3369437699977,852.2379999999999,1135.6158790266113,1086.551,1017.2649680208353,813.709,958.5698988741799,713.909,381.2669920863797,333.38
heating_training,E71,3800.0,1200.7329987126166,1207.473,1129.3154704300307,1112.42,1006.8515856433447,853.292,1135.834197638887,1086.94,1017.7023278524429,814.8489999999999,959.1902540339324,715.246,381.66480385438985,333.952
heating_training,E71,3850.0,1200.803180666188,1207.272,1129.5717274886042,1112.71,1007.3648524117426,854.3389999999999,1136.0480385758026,1087.251,1018.1711979243822,815.982,959.8123414321102,716.558,382.0524759856312,334.496
heating_training,E71,3900.0,1200.7683259542266,1207.413,1129.802454724287,1112.9969999999998,1007.8772075254196,855.4069999999999,1136.2221309752779,1087.531,1018.6555137859264,817.138,960.4382881899927,717.8779999999999,382.4304910592464,335.061
heating_training,E71,3950.0,1200.776424927255,1208.3319999999999,1129.9927498776933,1113.387,1008.3657528721233,856.323,1136.3277264207206,1087.936,1019.0867681847604,818.1859999999999,961.046661114013,719.087,382.79926656477755,335.59999999999997
heating_training,E71,4000.0,1200.7488593169342,1206.7359999999999,1130.1816629282625,1113.749,1008.8359820597816,857.278,1136.4772097587168,1088.318,1019.4993977031203,819.2379999999999,961.6353431524161,720.276,383.1591949815868,336.142
heating_training,E71,4100.0,1200.9504624744748,1207.163,1130.5811284341992,1114.042,1009.7958361373675,859.112,1136.8446929433742,1088.615,1020.3580550526887,821.2769999999999,962.8493067818898,722.637,383.8539304600225,337.19399999999996
heating_training,E71,4150.0,1201.0445047768576,1206.137,1130.7848380514563,1114.2440000000001,1010.2197345792533,859.915,1137.0643504973016,1088.841,1020.7211060092126,822.1899999999999,963.3783438681072,723.681,384.18925105215646,337.688
heating_training,E71,4200.0,1201.1659708495538,1206.346,1130.9979788645435,1114.4769999999999,1010.6560059069191,860.7479999999999,1137.2944444020286,1089.047,1021.1377296899411,823.127,963.9200347062454,724.778,384.51687801761113,338.20599999999996
heating_training,E71,4250.0,1201.3160197215166,1206.261,1131.226480396746,1114.658,1011.0993249051915,861.505,1137.5498180854156,1089.254,1021.5725954725681,823.996,964.4681174203622,725.78,384.8370817462639,338.69
heating_training,E71,4300.0,1201.384258777777,1205.922,1131.4614301120785,1114.8229999999999,1011.5591413351837,862.218,1137.8036489263484,1089.4389999999999,1022.0445998026887,824.802,965.0330172540365,726.736,385.15015942204747,339.16099999999994
heating_training,E71,4400.0,1201.6720701975453,1206.05,1131.9286470426948,1115.135,1012.5368012294912,863.7189999999999,1138.2474788948928,1089.7469999999998,1023.0028497322352,826.429,966.2503348339164,728.625,385.7563585601656,340.118
heating_training,E71,4450.0,1201.8055296835548,1206.624,1132.151534080855,1115.436,1012.96482897997,864.404,1138.4701352006978,1090.033,1023.3747677717906,827.194,966.7792625319763,729.557,386.05013233864815,340.58399999999995
heating_training,E71,4500.0,1201.923191585144,1205.1619999999998,1132.3791072462582,1115.606,1013.4047307542976,865.068,1138.7019397256556,1090.219,1023.7978943798788,827.933,967.3209477050344,730.406,386.33815925747103,341.017
heating_training,E71,4550.0,1201.9955391003618,1205.0079999999998,1132.6004762903804,1115.6970000000001,1013.8524028027637,865.73,1138.9146176607476,1090.321,1024.240792567399,828.667,967.8732203562641,731.259,386.62068504642633,341.48199999999997
heating_training,E71,4600.0,1202.1372793614185,1205.424,1132.8103653658734,1115.8339999999998,1014.2908427505638,866.3439999999999,1139.1023373176588,1090.464,1024.652953282212,829.372,968.4188631381379,732.102,386.89800741644666,341.91999999999996
heating_training,E71,4650.0,1202.1911044380715,1205.144,1133.0328183791648,1115.9499999999998,1014.7340787697038,866.923,1139.3327113860776,1090.601,1025.0859112498367,830.0409999999999,968.9672016922117,732.899,387.1703196729484,342.34
heating_training,E71,4750.0,1202.3358244068972,1205.525,1133.4341561470474,1116.4180000000001,1015.6686721069267,868.071,1139.6665017963326,1091.029,1025.981513551905,831.324,970.1448501601068,734.406,387.70071568811454,343.16099999999994
heating_training,E71,4800.0,1202.4179556853712,1206.152,1133.615936581711,1116.743,1016.0683014690761,868.7099999999999,1139.8282481263807,1091.358,1026.3107525847279,831.948,970.6483489399582,735.1469999999999,387.95912349329194,343.568
heating_training,E71,4850.0,1202.5685069795304,1205.7559999999999,1133.8080285767976,1117.027,1016.4663309827206,869.271,1140.0242577530157,1091.663,1026.6656406904526,832.574,971.1491105543704,735.825,388.2131898253695,343.95
heating_training,E71,4900.0,1202.694264494925,1205.578,1134.0224222322802,1117.27,1016.8751036954928,869.804,1140.2708472344807,1091.9270000000001,1027.0633440052195,833.1619999999999,971.6578537898822,736.509,388.46303469170937,344.337
heating_training,E71,4950.0,1202.7564796761178,1206.146,1134.2280779311616,1117.3719999999998,1017.2980451873935,870.367,1140.4759794282543,1092.07,1027.4930777246154,833.788,972.1835729386702,737.2049999999999,388.7087840030504,344.724
heating_training,E71,5050.0,1202.920590575472,1205.289,1134.6240642560804,1117.827,1018.1945116706628,871.4019999999999,1140.8297398881728,1092.54,1028.3673987519583,834.911,973.3152987516554,738.5039999999999,389.188528713389,345.48499999999996
heating_training,E71,5100.0,1202.9942937895682,1205.404,1134.7994906777003,1117.716,1018.5815117380841,871.933,1140.9830575289282,1092.4470000000001,1028.6938393676576,835.483,973.8040556330318,739.165,389.422831110759,345.876
heating_training,E71,5150.0,1202.9881138954695,1205.449,1134.9693554874227,1117.789,1018.9769611098144,872.355,1141.1341179558206,1092.512,1029.0676824199177,835.941,974.3032577692261,739.76,389.6535689092295,346.222
heating_training,E71,5200.0,1203.1212263525385,1205.664,1135.121545665931,1117.916,1019.3557868121253,872.751,1141.2505946300976,1092.6399999999999,1029.4007182820158,836.418,974.7894415902497,740.2929999999999,389.8808351193744,346.568
heating_training,E71,5250.0,1203.251117488148,1205.266,1135.3153140817176,1118.057,1019.7348536491304,873.177,1141.4881623891047,1092.809,1029.7541686862828,836.86,975.268724379129,740.8389999999999,390.10470093040294,346.92699999999996
heating_training,E71,5350.0,1203.439295533116,1205.777,1135.7258571492446,1118.226,1020.6047255039015,874.007,1141.9200405856873,1092.9879999999998,1030.6464276406812,837.785,976.3627327681886,741.938,390.5425350845668,347.59999999999997
heating_training,E71,5400.0,1203.6600348793736,1204.388,1135.9103394627914,1118.399,1020.9726800482923,874.415,1142.093284059539,1093.17,1030.9470096995826,838.201,976.8280840989725,742.4559999999999,390.75669204776295,347.92199999999997
heating_training,E71,5450.0,1203.7280215027374,1204.078,1136.1309862731002,1118.3319999999999,1021.3656582874538,874.764,1142.360646851673,1093.1390000000001,1031.3425298507052,838.627,977.3137620129485,742.95,390.9678121634287,348.22499999999997
heating_training,E71,5500.0,1203.847441214922,1205.1480000000001,1136.3124433390485,1118.47,1021.7637623931033,875.154,1142.5030298243123,1093.233,1031.7361819638736,839.054,977.8129778803773,743.449,391.1760439536381,348.568
heating_training,E71,5550.0,1203.8831083987623,1205.269,1136.503382232507,1118.666,1022.1608885249926,875.495,1142.6913924519927,1093.444,1032.1248684200325,839.415,978.3110456429145,743.928,391.3815336590153,348.865
heating_training,E71,5600.0,1203.8987616064649,1204.579,1136.6606905071612,1118.821,1022.5549336564044,875.865,1142.7976169540977,1093.6039999999998,1032.5013296811076,839.804,978.811122150808,744.351,391.58434976633623,349.15999999999997
heating_training,E71,5700.0,1204.0495845393252,1205.04,1136.9925332990028,1118.7759999999998,1023.3598993234173,876.5319999999999,1143.0946031546061,1093.637,1033.2425703541428,840.5749999999999,979.8462552608097,745.2639999999999,391.9821844534327,349.782
heating_training,E71,5750.0,1204.127544528782,1205.255,1137.1465581060163,1119.024,1023.7106270218511,876.881,1143.2398126397195,1093.788,1033.5370010952797,840.906,980.2954288447249,745.6869999999999,392.17736930498364,350.05699999999996
heating_training,E71,5800.0,1204.279164752376,1204.191,1137.3124214111447,1119.1,1024.062677221323,877.18,1143.4168195143766,1093.877,1033.8564102699725,841.263,980.7450583108243,746.0840000000001,392.37007060282343,350.317
heating_training,E71,5850.0,1204.3271213630348,1204.75,1137.4978811258609,1119.239,1024.4334953537582,877.51,1143.634342763728,1094.011,1034.234146101318,841.632,981.211449874994,746.5360000000001,392.5602911836787,350.604
heating_training,E71,5900.0,1204.400719646911,1205.656,1137.655749578148,1119.348,1024.8069770068535,877.775,1143.7643006025944,1094.1480000000001,1034.60345415678,841.963,981.6864653562393,746.901,392.74807512739983,350.866
heating_training,E71,6000.0,1204.5872995914879,1204.347,1138.024692723291,1119.6619999999998,1025.6096082960146,878.481,1144.1470702712206,1094.462,1035.3919131959015,842.658,982.7072583491877,747.685,393.116588992773,351.40999999999997
heating_training,E71,6050.0,1204.5663216522528,1204.362,1138.1758966431742,1119.516,1025.9687694352383,878.717,1144.2673586454296,1094.3690000000001,1035.7164963461112,842.942,983.1637746430018,748.046,393.2974644038484,351.67199999999997
heating_training,E71,6100.0,1204.565523874003,1203.795,1138.2945805918373,1119.525,1026.3201284023437,878.958,1144.3246153224134,1094.364,1036.0315341515832,843.211,983.6192393462635,748.3779999999999,393.47615326872324,351.916
heating_training,E71,6150.0,1204.5392851355884,1203.099,1138.4115425028283,1119.413,1026.6610882094803,879.174,1144.4124330045279,1094.3,1036.3351808145283,843.466,984.0646017148348,748.713,393.6527186192552,352.16999999999996
heating_training,E71,6200.0,1204.5585531320903,1204.359,1138.5174341690931,1119.5,1026.9917835757453,879.434,1144.4882927088547,1094.338,1036.6256178253188,843.704,984.5006781424739,749.064,393.8271736513243,352.42699999999996
heating_training,E71,6250.0,1204.632620510397,1204.476,1138.6396958503085,1119.686,1027.314306492089,879.6419999999999,1144.620023373948,1094.533,1036.9107611288844,843.9599999999999,984.9254082190824,749.3589999999999,393.9995104594735,352.66099999999994
heating_training,E71,6350.0,1204.738683428599,1203.9270000000001,1138.9490188350296,1119.657,1028.0526940393222,880.088,1144.9791677209682,1094.528,1037.6561687032474,844.485,985.8802795672277,749.988,394.3377068331968,353.115
heating_training,E71,6400.0,1204.737505875115,1203.7669999999998,1139.0744855444552,1119.627,1028.3808939829087,880.314,1145.081420113717,1094.503,1037.9501003577664,844.727,986.3056308883093,750.276,394.5035633629837,353.349
heating_training,E71,6450.0,1204.8276874988685,1202.719,1139.1917908614607,1119.6329999999998,1028.7005707704716,880.53,1145.175345466977,1094.509,1038.231966341363,844.949,986.725122275297,750.554,394.6673272601845,353.558
heating_training,E71,6500.0,1204.873644763055,1203.894,1139.3347019242929,1119.483,1029.0261741005525,880.6709999999999,1145.3443974602878,1094.388,1038.5437159854541,845.149,987.1466127174896,750.822,394.8290547400852,353.765
heating_training,E71,6550.0,1204.9519466069037,1204.4009999999998,1139.4685879955946,1119.663,1029.3569111607487,880.872,1145.474401622034,1094.492,1038.8656601866887,845.361,987.5752853032704,751.1089999999999,394.98880850104314,354.005
heating_training,E71,6650.0,1205.0615484831376,1204.828,1139.7868496058347,1120.042,1030.0964456673016,881.2429999999999,1145.8206604198347,1094.891,1039.6152565254483,845.7869999999999,988.5266977505484,751.575,395.30261168484276,354.417
heating_training,E71,6700.0,1205.0501360380379,1204.763,1139.911686922909,1120.268,1030.4232879022732,881.531,1145.9127496710344,1095.0819999999999,1039.9059240028087,846.044,988.9491984437561,751.854,395.45676609423697,354.60999999999996
heating_training,E71,6750.0,1205.1262147283046,1204.367,1140.0228640642558,1120.269,1030.7386045990258,881.715,1145.9887731852293,1095.132,1040.1785602193174,846.2719999999999,989.3635412693194,752.105,395.6091404736908,354.787
heating_training,E71,6800.0,1205.2136571320939,1203.4479999999999,1140.161029017061,1120.268,1031.052622813274,881.924,1146.1499282766358,1095.149,1040.46549526098,846.494,989.7720939494536,752.3679999999999,395.7597638131823,354.97799999999995
heating_training,E71,6850.0,1205.2657939214034,1203.5639999999999,1140.3028259983123,1120.2179999999998,1031.3791992435386,882.077,1146.3051156149563,1095.12,1040.7903696215405,846.669,990.1928235329368,752.585,395.90865646075815,355.164
heating_training,E71,6900.0,1205.329099505338,1203.159,1140.4381910902073,1120.2350000000001,1031.7076965349888,882.24,1146.435786256928,1095.15,1041.1120633002254,846.851,990.617734909134,752.8119999999999,396.0558356205388,355.35699999999997
heating_training,E71,7000.0,1205.4654485967592,1204.245,1140.7441567546916,1120.312,1032.4262985288399,882.52,1146.7545844175008,1095.24,1041.8259890866518,847.183,991.5456053100395,753.218,396.3451800625001,355.71
heating_training,E71,7050.0,1205.4898645539126,1203.5,1140.8740789146011,1120.3719999999998,1032.743335174066,882.7049999999999,1146.8653191406054,1095.307,1042.1052046307661,847.369,991.954932799387,753.444,396.4874553795797,355.88699999999994
heating_training,E71,7084.0,1205.4557542579093,1203.298,1140.9524008686965,1120.348,1032.9546225958488,882.823,1146.9224532043431,1095.306,1042.2978829765964,847.476,992.2284589755207,753.56,396.5833294856136,356.00399999999996
heating_training,E72,0.0,294.0745,295.56,294.0745,294.102,294.0745,294.015,294.0745,294.229,294.0745,294.226,294.0745,294.17999999999995,294.0745,294.07599999999996
heating_training,E72,50.0,343.562034286629,373.46,322.5568842531604,362.34299999999996,307.1640670038847,324.21099999999996,364.6466927584818,328.62899999999996,327.3640782599915,307.11899999999997,304.45484219692054,304.986,294.07522418845684,294.07399999999996
heating_training,E72,100.0,388.3746012230118,453.884,360.3829889508988,454.865,335.500784346424,387.39599999999996,432.33238090951613,404.428,385.19791692341556,351.84299999999996,330.43346068014876,338.248,294.0792679794432,294.046
heating_training,E72,150.0,425.1847599979112,515.521,396.46033667646606,527.652,367.3040775040826,439.84399999999994,478.3250122413071,472.907,434.30954976685126,393.721,360.78723466082073,364.9,294.08779044041023,294.043
heating_training,E72,200.0,454.51804671436884,566.458,427.59835853320106,587.3820000000001,396.89239806569464,484.692,506.7290745952216,532.14,468.32229696188483,430.62699999999995,389.49143241202074,387.02099999999996,294.1043505449961,294.056
heating_training,E72,250.0,477.59869167679426,600.6179999999999,453.36781078615877,631.105,422.4180724555702,519.356,523.8671125456863,576.909,490.2535954958715,459.476,414.44759563144845,407.085,294.1367344209708,294.08
heating_training,E72,300.0,495.6669703433801,625.5519999999999,474.2688327080266,662.649,443.66583880540907,546.762,534.3422549928908,610.781,504.1698030948299,483.17499999999995,435.3061257964531,423.78,294.19584357160994,294.12
heating_training,E72,350.0,509.7444620749069,644.915,491.0409664551162,688.435,461.0348954734229,570.3979999999999,540.9495497267144,638.979,513.1379584564881,503.76099999999997,452.39825167474845,441.294,294.2933594397132,294.154
heating_training,E72,400.0,520.7271398825889,660.424,504.42035833125084,707.871,475.0852664619717,588.377,545.2976208706817,660.075,519.0794100227727,519.235,466.2462791328482,455.501,294.43948502843585,294.215
heating_training,E72,450.0,529.3011508070546,671.613,515.0824133560486,722.509,486.40208562609047,603.733,548.343732034339,676.726,523.2044007541678,532.96,477.4100151346966,470.66999999999996,294.64163557381517,294.27099999999996
heating_training,E72,500.0,536.0160651655897,681.039,523.5816159647082,734.97,495.50592192186923,617.3599999999999,550.596477017063,690.972,526.2128584392494,545.644,486.39676343888783,484.707,294.9037655010835,294.344
heating_training,E72,550.0,541.3098415717608,687.9459999999999,530.3806713130916,744.2629999999999,502.84008974700913,628.391,552.372883414416,701.685,528.5227116975441,556.144,493.6388888287445,496.54499999999996,295.22651867283355,294.423
heating_training,E72,600.0,545.5443129351108,693.515,535.8615830096952,751.25,508.77457517769295,637.449,553.8831333403112,709.749,530.3943457527685,565.315,499.4972091793173,507.08,295.6076740222577,294.52099999999996
heating_training,E72,650.0,548.9788736743317,698.5070000000001,540.3330016017217,756.723,513.6196843086846,645.352,555.2584513956918,716.5409999999999,532.0115874083897,573.3820000000001,504.27574093759864,516.4449999999999,296.0428492898617,294.62699999999995
heating_training,E72,700.0,551.8009442746202,704.932,544.0241369437775,763.856,517.6192522730462,653.028,556.5421877272773,724.288,533.4725374571847,581.29,508.2166009090622,525.539,296.5262094478878,294.76
heating_training,E72,750.0,554.1040646120568,707.6379999999999,547.0931258308616,768.467,520.9586408572256,659.949,557.711169552675,729.995,534.8205336558032,588.575,511.50708144225575,533.712,297.05115605490175,294.892
heating_training,E72,800.0,556.0283764235762,708.393,549.6587439063657,770.241,523.7603267288664,665.681,558.7614386225679,733.479,536.0291924400308,594.95,514.268975927229,541.6469999999999,297.6107135454181,295.019
heating_training,E72,850.0,557.6336399971922,710.553,551.8321281828971,770.93,526.1386648682198,669.906,559.7345033348035,735.2629999999999,537.143088418487,600.3009999999999,516.6133822692715,548.774,298.19791028411174,295.178
heating_training,E72,900.0,558.9435847107316,711.989,553.6660975743989,772.8779999999999,528.1717988103977,673.469,560.5722587781671,737.701,538.1567877300097,604.787,518.6226377990176,554.634,298.80609933592615,295.34499999999997
heating_training,E72,950.0,560.0474240557669,713.896,555.2156489235982,774.5039999999999,529.9062848815827,677.169,561.2936054548785,740.002,539.0383866636636,609.28,520.3411594621919,560.228,299.4290933095208,295.501
heating_training,E72,1000.0,560.9718198465905,717.2090000000001,556.5438570686888,777.149,531.4022975559349,680.702,561.9506844148688,742.7159999999999,539.8370853763224,613.44,521.8255999141156,565.664,300.06135386941435,295.67699999999996
heating_training,E72,1050.0,561.7719999606295,719.933,557.6895215703303,779.527,532.700563448864,684.7829999999999,562.5484625006219,745.646,540.55841118896,617.928,523.1165674361079,571.3489999999999,300.6979937773742,295.899
heating_training,E72,1100.0,562.4604778261574,721.0909999999999,558.6935102914142,781.153,533.8434303909829,688.1279999999999,563.1121484918609,747.813,541.2352557434775,621.819,524.2548782916675,576.26,301.3348248298697,296.114
heating_training,E72,1150.0,563.0858038389787,721.613,559.5832689277798,782.594,534.8575337961527,691.095,563.6485836442866,749.6769999999999,541.8659996552382,625.4449999999999,525.2668802408102,580.81,301.96837131658066,296.35299999999995
heating_training,E72,1200.0,563.6713077617492,724.1769999999999,560.3972373068816,784.7249999999999,535.7757953874811,694.277,564.1999463838529,752.06,542.4829215256349,629.142,526.182505190926,585.413,302.59581111528604,296.628
heating_training,E72,1250.0,564.2433156954875,724.68,561.160237046594,785.3199999999999,536.6243854023018,696.92,564.7748164259879,753.2339999999999,543.1008883692847,632.577,527.0274376983418,589.245,303.2148293614074,296.89799999999997
heating_training,E72,1300.0,564.7815968892651,726.819,561.8848198843684,787.651,537.4262054506302,699.364,565.3577405344158,755.362,543.7346212648666,635.622,527.8257078751009,592.576,303.8235126099777,297.17699999999996
heating_training,E72,1350.0,565.2888792810662,727.116,562.5653410291656,788.184,538.1840948659028,702.315,565.9093640968375,756.825,544.353571462621,639.1569999999999,528.5826132921457,596.443,304.42034492051744,297.508
heating_training,E72,1400.0,565.7468968747103,728.573,563.2004607626873,788.674,538.9004600711722,704.068,566.4177119193491,757.512,544.9472153142815,641.707,529.300920785779,599.887,305.00415696280754,297.82
heating_training,E72,1450.0,566.1547514264952,728.538,563.7810958269805,789.1759999999999,539.5699532450225,705.915,566.8603901991232,758.3820000000001,545.492491372347,644.1569999999999,529.9766370262257,603.03,305.57398756932275,298.133
heating_training,E72,1500.0,566.5393745767033,728.813,564.3160389752373,789.994,540.1906640763971,707.636,567.2675434219732,759.3489999999999,545.9857547482959,646.391,530.6054983859462,605.987,306.129130549264,298.455
heating_training,E72,1550.0,566.8900555736757,727.467,564.8160443290535,789.542,540.7736141865737,709.221,567.6573750779714,759.517,546.4560220783299,648.729,531.19742378076,608.8340000000001,306.66906560706974,298.787
heating_training,E72,1600.0,567.2074674724144,729.074,565.2764379174248,790.153,541.3197648872327,710.519,568.0089189851452,760.25,546.8959220198896,650.604,531.7550246385312,611.5360000000001,307.1934121615318,299.101
heating_training,E72,1650.0,567.5114165631802,730.12,565.7054829349935,791.237,541.8302853263364,711.967,568.3430571607979,761.266,547.3048164124742,652.578,532.2779199636076,613.903,307.70197139342054,299.429
heating_training,E72,1700.0,567.8066618594952,732.126,566.1151033973506,792.5409999999999,542.3145488840357,713.583,568.6802437396299,762.447,547.7030983205807,654.608,532.7742382444558,616.208,308.1947505572052,299.74399999999997
heating_training,E72,1750.0,568.1012500378885,732.5619999999999,566.5110093361566,794.53,542.7797097926946,715.7349999999999,569.0218015164879,764.4749999999999,548.0986915176593,656.919,533.2513870437948,618.807,308.67192967828385,300.11699999999996
heating_training,E72,1800.0,568.3900305897085,732.9849999999999,566.8974329233561,795.189,543.2319699538504,717.537,569.3669228294361,765.51,548.4973386053484,659.105,533.715650670911,621.269,309.1338482761606,300.47799999999995
heating_training,E72,1850.0,568.673556526855,734.403,567.2728370838144,795.4979999999999,543.6724097363924,718.905,569.7048081825959,766.16,548.8920669397181,660.9369999999999,534.1687725759699,623.499,309.58088322410157,300.83299999999997
heating_training,E72,1900.0,568.9458432372026,734.14,567.6366289107135,795.5319999999999,544.1014056594599,720.0519999999999,570.0315515414434,766.502,549.2794961592897,662.6289999999999,534.6111983945533,625.679,310.0134132755891,301.222
heating_training,E72,1950.0,569.2286739242852,733.7,567.9927939204856,794.035,544.5174165066804,720.483,570.3588032271606,765.506,549.6532375254474,663.8209999999999,535.0403983309224,627.38,310.43179662082844,301.58099999999996
heating_training,E72,2000.0,569.5103931714057,733.575,568.3494824644423,793.433,544.9286383852291,720.825,570.6999732665134,765.1479999999999,550.0343863544331,664.652,535.4636640463009,628.9359999999999,310.8363968565068,301.926
heating_training,E72,2050.0,569.7759082517383,732.991,568.696265392247,793.621,545.3343915381612,721.1679999999999,571.0214975306781,765.134,550.4134325209217,665.575,535.882798643694,630.194,311.22758672660296,302.30899999999997
heating_training,E72,2100.0,570.001671720931,734.7139999999999,569.0189520122639,794.953,545.7272110774651,722.213,571.2935651941825,766.25,550.7703761819204,666.806,536.2921462523212,631.659,311.6057619716343,302.666
heating_training,E72,2150.0,570.2141962856635,733.3019999999999,569.3130178091095,794.398,546.0948783591226,723.239,571.5231648640062,766.3199999999999,551.0805294266569,668.218,536.6787379949047,633.285,311.9712954502785,303.01599999999996
heating_training,E72,2200.0,570.4216645667735,733.1679999999999,569.5940183885123,794.2869999999999,546.4428570088178,723.602,571.7556799284556,766.189,551.3707086542989,669.0409999999999,537.0447879952872,634.535,312.32456009950124,303.335
heating_training,E72,2250.0,570.6064994629519,735.1659999999999,569.8596389415121,794.446,546.7775260586003,724.135,571.9744683544696,766.367,551.656017539939,669.9839999999999,537.3983100035125,635.7929999999999,312.6658699004512,303.69399999999996
heating_training,E72,2300.0,570.7891947196135,733.492,570.1087238317584,794.7429999999999,547.0947359434743,724.8309999999999,572.1781569466931,766.693,551.9209518675768,670.951,537.7352829951701,636.846,312.9956105032166,304.03799999999995
heating_training,E72,2350.0,570.9464996153381,733.7049999999999,570.3443722362717,795.1229999999999,547.4008692924477,725.515,572.3706619182741,767.067,552.1836428127073,671.909,538.061955681126,637.978,313.3142483682102,304.387
heating_training,E72,2400.0,571.1384012558393,736.6579999999999,570.5733706220217,797.554,547.6904265364032,726.708,572.5729929820471,768.949,552.424501493505,673.086,538.3713769621045,639.1479999999999,313.6223393158943,304.75399999999996
heating_training,E72,2450.0,571.3350961275107,737.174,570.8182245361174,798.584,547.984945896325,728.173,572.8253664044929,770.162,552.7009502442924,674.603,538.682461250094,640.54,313.9204107573238,305.11499999999995
heating_training,E72,2500.0,571.534828848343,736.799,571.0632212907717,799.538,548.2825470654197,729.2909999999999,573.0711195766153,771.131,552.9885306070066,675.887,538.997497341142,641.728,314.20895222267745,305.453
heating_training,E72,2550.0,571.7481235098063,739.3199999999999,571.3133480671257,801.947,548.5804320287818,730.723,573.3274620517553,773.044,553.276777312316,677.304,539.3119327225264,642.983,314.4883690546807,305.817
heating_training,E72,2600.0,571.9436364427747,740.728,571.5634086199157,804.242,548.8819129665668,732.555,573.5759357754164,775.211,553.5737931022087,678.999,539.6303264053898,644.3340000000001,314.75900527838127,306.13
heating_training,E72,2650.0,572.1258899887773,741.0319999999999,571.798884227984,806.232,549.1761535127924,734.44,573.7876342598806,777.3489999999999,553.8494027858434,680.779,539.9438102996162,645.885,315.0211800625381,306.436
heating_training,E72,2700.0,572.3044554240806,741.152,572.0252224624264,806.536,549.4596007899179,735.674,573.9893746939867,777.942,554.1041213494327,682.222,540.246672759294,647.29,315.27522641532227,306.74199999999996
heating_training,E72,2750.0,572.4386061819964,740.226,572.2330213975519,805.154,549.7347869436304,736.626,574.1551850885938,777.7729999999999,554.349892752164,683.434,540.5434807666516,648.9849999999999,315.52145403119584,307.067
heating_training,E72,2800.0,572.5642860764231,738.3969999999999,572.4125463528084,802.654,549.9865060663346,735.736,574.2760864714106,775.578,554.5490126141611,683.4179999999999,540.8195587991871,649.6479999999999,315.76014992973296,307.366
heating_training,E72,2850.0,572.6805844384929,738.203,572.5815978348849,801.524,550.2224513942158,734.971,574.4032353257466,774.443,554.735380097023,683.172,541.079062751607,649.997,315.9916307381431,307.69
heating_training,E72,2900.0,572.7988915407409,736.2349999999999,572.742021317357,799.307,550.4469730152829,734.3399999999999,574.5322840809703,772.739,554.9166020279428,683.092,541.3270500525832,650.498,316.21625201564456,308.01
heating_training,E72,2950.0,572.9080966119096,738.183,572.8977722480358,799.3729999999999,550.6656949351484,733.822,574.6653102935092,772.392,555.1031793584423,682.8879999999999,541.5690273784645,650.567,316.43432268946106,308.32099999999997
heating_training,E72,3000.0,573.0211943818305,739.169,573.047535784109,800.636,550.877088065145,734.064,574.7956792233161,773.082,555.2843019985075,683.1859999999999,541.8039143663466,650.887,316.6461515390117,308.628
heating_training,E72,3050.0,573.1370744757771,737.7919999999999,573.1983421504161,800.3919999999999,551.0852813254571,734.894,574.9379607069562,773.443,555.4696220058092,684.045,542.0346864901051,651.824,316.8519989409375,308.926
heating_training,E72,3100.0,573.2542964190593,737.963,573.3489790805814,798.812,551.2922924192271,734.5989999999999,575.0829241131293,772.135,555.6593427746575,684.2049999999999,542.2640847039054,652.367,317.05210774974694,309.24199999999996
heating_training,E72,3150.0,573.3709264770763,737.231,573.4990005307392,798.288,551.4979148444547,734.231,575.2278512643426,771.567,555.8498488586132,684.15,542.4919546929315,652.662,317.2466908879188,309.55499999999995
heating_training,E72,3200.0,573.4940101167518,738.578,573.6496025823616,797.723,551.7017569471658,733.992,575.3760335723123,771.04,556.0389925482232,684.18,542.7176771445114,652.896,317.43593669142524,309.84499999999997
heating_training,E72,3214.0,573.5256981587884,737.656,573.6882617288215,797.899,551.7536549406262,733.977,575.4092762462855,771.112,556.0805574783312,684.1869999999999,542.7750755723218,652.9549999999999,317.48799889858077,309.928
heating_validation,E73,0.0,295.45849999999996,303.36899999999997,295.45849999999996,307.25399999999996,295.45849999999996,312.529,295.45849999999996,310.394,295.45849999999996,315.89799999999997,295.45849999999996,317.337,295.45849999999996,305.697
heating_validation,E73,50.0,354.9388379112881,392.937,323.45978910049973,368.455,305.90286278123983,330.962,364.307971102686,340.856,321.5320276419732,323.31899999999996,302.95191661608953,321.92999999999995,295.4592253161993,305.51599999999996
heating_validation,E73,100.0,412.99225951489115,498.575,365.64904261089697,468.585,333.0314447059354,387.46,443.2302905503675,421.967,378.5394945166691,363.22499999999997,326.6839326960319,348.27599999999995,295.46326503218813,305.316
heating_validation,E73,150.0,463.08667778410177,573.7929999999999,409.93683078901,544.684,367.7286593856899,434.78499999999997,505.9714976262881,492.655,436.6589571696118,400.965,358.6742716879734,372.02099999999996,295.4717425877591,305.096
heating_validation,E73,200.0,504.4774927629061,633.126,451.08218820303296,606.717,403.4347593451215,474.0,550.6198783493696,553.153,484.04045795474605,433.18399999999997,392.36732172146515,392.22799999999995,295.4883411091884,304.905
heating_validation,E73,250.0,537.9996593983036,678.6279999999999,487.14432650266616,658.078,436.7444504401361,507.31899999999996,581.154609380576,604.692,519.2911491709223,460.739,424.19691982283325,409.043,295.52171687149917,304.71099999999996
heating_validation,E73,300.0,564.7854240636898,714.9559999999999,517.753312389583,701.4110000000001,466.23822311744965,537.565,601.8794769306022,649.015,544.5690158893984,486.134,452.595529001525,425.885,295.58481205522094,304.525
heating_validation,E73,350.0,586.0098747374659,740.957,543.2080403540588,734.049,491.5529696764312,561.082,616.0007493089031,682.383,562.4880067788239,506.293,477.09716476482015,440.48799999999994,295.692646493512,304.371
heating_validation,E73,400.0,602.8054354599984,759.2149999999999,564.116485453337,759.249,512.8493348657324,581.4179999999999,625.7953641799711,709.6859999999999,575.2094503503749,523.939,497.7842654440727,453.71,295.8596566581839,304.222
heating_validation,E73,450.0,616.0314170435024,776.419,581.1751213382446,781.612,530.5559560066571,599.555,632.7921916964766,733.511,584.4008389358758,540.0889999999999,515.0279121573496,466.55999999999995,296.09761483087067,304.10299999999995
heating_validation,E73,500.0,626.402199131554,788.013,595.0105084407965,798.3389999999999,545.1687911740554,614.63,637.8743557131963,752.028,591.1817335310897,553.574,529.2911427224163,477.941,296.41443006525674,303.991
heating_validation,E73,550.0,634.5642332247714,797.6089999999999,606.1985944959299,812.01,557.1635151652212,627.7929999999999,641.6616504992986,767.223,596.2718423866022,565.7819999999999,541.0219633842328,488.73199999999997,296.8136480676086,303.918
heating_validation,E73,600.0,641.024939728979,803.773,615.2596760956087,822.821,566.9905923464319,640.237,644.6169036943747,780.05,600.1983822998322,577.616,550.6458215372569,499.465,297.29479540230057,303.83799999999997
heating_validation,E73,650.0,646.1184565428858,810.72,622.6137179744611,831.487,575.0555158276154,650.247,646.9945721147258,789.9019999999999,603.3417293143056,587.185,558.553703305707,508.428,297.85391431728203,303.78
heating_validation,E73,700.0,650.094020806203,816.16,628.5750646682836,838.875,581.6874816794156,659.3,648.8921772926757,798.545,605.9154371309993,596.054,565.0693903217705,517.0029999999999,298.48435725452634,303.73699999999997
heating_validation,E73,750.0,653.2498003070315,820.4879999999999,633.4096375195154,846.183,587.1397693795166,668.103,650.4208121600973,806.958,608.0180467525015,604.728,570.4383949882904,525.401,299.177717336957,303.7
heating_validation,E73,800.0,655.7417269239953,824.189,637.360138758582,851.728,591.6432831866592,675.7429999999999,651.7236806030226,813.463,609.7915081425549,612.473,574.8804770425191,532.853,299.92465133931233,303.693
heating_validation,E73,850.0,657.7289823905966,827.0169999999999,640.5954639586377,856.581,595.3814072199299,682.776,652.8249736913211,819.137,611.3111442458055,619.825,578.5767846881976,540.435,300.7154890501107,303.70599999999996
heating_validation,E73,900.0,659.3188729314485,828.785,643.2668950052322,860.6179999999999,598.5040834881954,689.2159999999999,653.7909867249786,823.994,612.6390430764438,626.637,581.6718072134042,547.636,301.5407620862236,303.73299999999995
heating_validation,E73,950.0,660.6208274960298,829.8389999999999,645.4899059913488,863.997,601.1318244456836,695.52,654.6516752701682,828.189,613.815948661866,633.3199999999999,584.2832802544691,554.924,302.39158103939883,303.822
heating_validation,E73,1000.0,661.6800996462881,832.9689999999999,647.362058150487,867.2579999999999,603.367272264121,700.87,655.4425746957062,831.794,614.8888602074879,638.982,586.5105200390278,561.3889999999999,303.2597968068376,303.93899999999996
heating_validation,E73,1050.0,662.5897979839026,834.2959999999999,648.953280695862,870.257,605.2843359549688,705.997,656.1704639321529,835.227,615.8650229154024,644.217,588.4264349856842,567.7860000000001,304.138078918968,304.07
heating_validation,E73,1100.0,663.3454642709604,835.968,650.3310792263513,873.184,606.9541720496977,711.229,656.87085536941,838.6329999999999,616.7888067646102,649.557,590.0989066686402,574.351,305.01989968725684,304.25899999999996
heating_validation,E73,1150.0,663.981226604727,836.55,651.5206902750153,874.9739999999999,608.4211078310802,715.861,657.4969624196863,841.1859999999999,617.6509440438132,654.521,591.5752623637997,580.356,305.8995793550728,304.443
heating_validation,E73,1200.0,664.47333841631,836.471,652.5496152199471,876.3349999999999,609.7199111297541,719.848,658.0483641328359,843.062,618.4545548527915,659.12,592.8898281106033,585.838,306.7722335380391,304.64
heating_validation,E73,1250.0,664.860155307456,836.694,653.424580986239,876.911,610.8661044250994,723.526,658.4922561232056,844.3199999999999,619.1706585740889,663.366,594.0602619944116,591.0799999999999,307.6336652872826,304.842
heating_validation,E73,1300.0,665.2291240450563,836.8009999999999,654.1882240689257,878.881,611.8742730088749,727.072,658.907270013864,846.384,619.7955853664256,667.495,595.0951964235194,596.233,308.4803932626007,305.061
heating_validation,E73,1350.0,665.552987999412,838.9979999999999,654.8819078087915,880.505,612.7841742424752,730.476,659.3441819263559,848.262,620.4000850052653,671.354,596.0302515158672,600.828,309.30955737444697,305.287
heating_validation,E73,1400.0,665.829695581054,840.097,655.5034799437792,882.851,613.6165791557981,733.8679999999999,659.7443985436004,850.663,620.9870343628966,675.088,596.8907203384872,605.3019999999999,310.118979351023,305.537
heating_validation,E73,1450.0,666.0909209358718,842.406,656.0668639093041,884.87,614.3790470843821,737.47,660.1225683091467,852.958,621.539690456897,679.247,597.6832625004588,609.825,310.907140234923,305.856
heating_validation,E73,1500.0,666.2992806207862,842.286,656.5826998894274,887.639,615.0885699717087,740.8969999999999,660.4824540132798,855.81,622.0799669387102,682.999,598.4243295496791,614.12,311.67306750160134,306.179
heating_validation,E73,1550.0,666.5101310148845,841.381,657.049137991805,887.372,615.7440343347141,744.1289999999999,660.8045326062511,856.375,622.5787560161426,686.605,599.1143549459181,618.4179999999999,312.41614636872043,306.501
heating_validation,E73,1600.0,666.7226711832407,842.332,657.4938496096619,886.8629999999999,616.3578249174011,746.46,661.149222563824,856.274,623.0606464113862,689.691,599.7609357090308,622.4,313.13591833799137,306.861
heating_validation,E73,1650.0,666.9286334204812,842.446,657.9176712822685,887.438,616.9425743371876,748.469,661.4926101184545,856.999,623.5410235400249,692.327,600.3783426339982,625.755,313.8321032180562,307.202
heating_validation,E73,1700.0,667.1193506581526,841.5,658.3199757044899,887.903,617.5022307256768,750.5889999999999,661.8221100821586,857.733,624.013663923342,694.961,600.9715044299902,628.9929999999999,314.5046759613964,307.572
heating_validation,E73,1750.0,667.301234688197,843.369,658.6993826000953,888.6,618.0367986708901,752.7159999999999,662.1305798563892,858.557,624.4681951927703,697.606,601.5408888481984,632.327,315.1538176815204,307.953
heating_validation,E73,1800.0,667.471451684097,841.5889999999999,659.0593495359346,888.997,618.5480145820462,754.741,662.4255754504286,859.196,624.90518296505,700.0360000000001,602.0876078569271,635.2919999999999,315.7798539462433,308.33599999999996
heating_validation,E73,1850.0,667.6219183780006,841.692,659.3975533968052,889.427,619.0376848209012,756.596,662.6980300093498,859.75,625.3255750905461,702.297,602.6140976423086,638.165,316.3832079314804,308.70899999999995
heating_validation,E73,1900.0,667.7378811447671,841.548,659.7081055665069,889.4689999999999,619.5046147748171,758.285,662.93400425751,860.012,625.7236412620167,704.458,603.1201082596801,640.826,316.96434352274537,309.043
heating_validation,E73,1950.0,667.843222221834,842.307,659.9886460089958,890.2099999999999,619.9430357763326,759.991,663.1340165242451,860.726,626.0843892805433,706.654,603.5999237281379,643.547,317.52371909632996,309.436
heating_validation,E73,2000.0,667.9711433734386,843.848,660.2566603548516,890.65,620.3548654329899,761.669,663.3449570057476,861.303,626.4176627478382,708.7349999999999,604.0520697222431,645.9559999999999,318.0618959260273,309.793
heating_validation,E73,2050.0,668.0795618737769,843.5749999999999,660.519885351132,891.5319999999999,620.7549247983331,763.1959999999999,663.5705445059494,862.086,626.7612135344827,710.665,604.4909666233157,648.115,318.5795091216181,310.15999999999997
heating_validation,E73,2100.0,668.1790795201076,842.812,660.7642620862711,892.212,621.141077718635,765.011,663.7662151484467,862.9789999999999,627.0954400630703,712.774,604.9180980818993,650.546,319.07732063273005,310.58
heating_validation,E73,2150.0,668.2747026878576,843.3589999999999,660.9968813956435,892.6759999999999,621.511889987212,766.472,663.9561264468077,863.525,627.4152043303362,714.6569999999999,605.3303029065872,652.64,319.5561911201945,310.998
heating_validation,E73,2200.0,668.4025034898593,843.632,661.2260761517423,893.16,621.8686429649019,767.98,664.1580961503703,864.1619999999999,627.7221203581796,716.42,605.7275095995445,654.829,320.01699218719546,311.397
heating_validation,E73,2250.0,668.4956177897519,842.535,661.4567955628294,892.889,622.22437407715,769.24,664.3731063050495,864.136,628.0494368113481,717.9939999999999,606.122374604275,656.865,320.4604812647774,311.78499999999997
heating_validation,E73,2300.0,668.588723124153,842.362,661.6668081060315,892.465,622.5685959347875,770.348,664.5422318086079,863.9259999999999,628.3564346486271,719.461,606.5089935621027,658.96,320.8873529021596,312.21
heating_validation,E73,2350.0,668.6414858244016,842.8059999999999,661.8636606818046,892.0509999999999,622.9016188116095,771.0989999999999,664.6974407103322,863.5799999999999,628.65172753949,720.6569999999999,606.8850063770371,660.616,321.2982923611473,312.602
heating_validation,E73,2400.0,668.71931389838,840.5269999999999,662.0395654326866,892.055,623.2133720235305,771.996,664.8224542730097,863.6469999999999,628.9080913964434,721.848,607.2417058171951,662.3340000000001,321.69385789425553,312.96099999999996
heating_validation,E73,2450.0,668.8014293266026,841.986,662.2207052948911,892.4929999999999,623.5140926706271,772.942,664.9853286670101,863.978,629.1633007980236,723.077,607.5840392098439,663.992,322.07453022554625,313.30699999999996
heating_validation,E73,2500.0,668.818172368582,841.1129999999999,662.3842304216673,892.775,623.8119331775074,773.998,665.1096091109652,864.4159999999999,629.4312121478545,724.363,607.9257173536282,665.463,322.4407730155295,313.65099999999995
heating_validation,E73,2550.0,668.8381537700849,841.3299999999999,662.5140885858891,892.957,624.0864975956009,774.8889999999999,665.1715783313966,864.536,629.6508537901681,725.5219999999999,608.2487358542896,666.872,322.7931791852119,314.01
heating_validation,E73,2600.0,668.8812777862756,841.558,662.6430076351811,893.711,624.3419909053816,775.9079999999999,665.2675804874773,865.271,629.8492246522602,726.7159999999999,608.5500789381528,668.3199999999999,323.1324684999295,314.404
heating_validation,E73,2650.0,668.9270352368933,842.739,662.7756858390331,894.332,624.593535714197,776.915,665.3875451338082,865.8829999999999,630.0639752225329,727.895,608.8455185854436,669.7439999999999,323.4593411136385,314.769
heating_validation,E73,2700.0,668.9773437865225,842.706,662.9070838401531,893.5509999999999,624.8426486218546,777.79,665.5078911643382,865.502,630.2862554982473,729.026,609.1384748656449,671.107,323.7744687408408,315.15299999999996
heating_validation,E73,2750.0,669.0592685851495,841.0079999999999,663.0444811210403,893.049,625.0878861059092,778.318,665.6464322515417,865.137,630.5066429641106,729.8409999999999,609.4261182916732,672.308,324.0783684069113,315.519
heating_validation,E73,2800.0,669.1312353532095,840.255,663.1920740392005,892.029,625.3385210891923,778.7049999999999,665.8049442491938,864.3629999999999,630.7480392480435,730.595,609.7172494232642,673.509,324.3714843611119,315.919
heating_validation,E73,2850.0,669.2183817603506,840.6519999999999,663.337212106515,891.554,625.5886123578356,778.867,665.9482805421228,863.8199999999999,630.9851358446754,731.0799999999999,610.0087043305754,674.424,324.654277303017,316.26399999999995
heating_validation,E73,2900.0,669.2540315285582,840.762,663.4780297908004,891.5849999999999,625.8410406701325,779.268,666.0774890290221,863.8249999999999,631.229830404478,731.688,610.3029514569146,675.348,324.9271599593219,316.609
heating_validation,E73,2950.0,669.2749967962469,839.183,663.5898987143083,891.098,626.0800358832338,779.7529999999999,666.1402087050606,863.509,631.4381011816805,732.393,610.5883914002163,676.3399999999999,325.1905514678813,316.98499999999996
heating_validation,E73,3000.0,669.2899425945182,840.384,663.6897868385321,891.096,626.3020891401973,780.059,666.1996665163733,863.413,631.6165863664908,732.8979999999999,610.8568226066648,677.174,325.4448847692985,317.32099999999997
heating_validation,E73,3050.0,669.3355459589305,841.418,663.7866795115367,891.6419999999999,626.510805201229,780.524,666.2733368566809,863.804,631.7801409759996,733.5029999999999,611.1106335701382,677.9549999999999,325.69053016066607,317.635
heating_validation,E73,3100.0,669.3548144094244,840.3009999999999,663.8881362024787,891.9309999999999,626.720089204198,781.204,666.3675814972346,864.198,631.9653929112139,734.288,611.3631150369233,678.8409999999999,325.92784538608277,317.957
heating_validation,E73,3150.0,669.3516711063384,840.577,663.9706274432228,891.81,626.9236232233378,781.729,666.4165842413584,864.146,632.1427436499115,735.01,611.6130150356819,679.707,326.15722234666737,318.292
heating_validation,E73,3200.0,669.3621139194513,838.497,664.0433801463734,891.7479999999999,627.113165415886,782.2159999999999,666.4594490727295,864.223,632.2938638055647,735.598,611.8493400694326,680.508,326.37903499081665,318.594
heating_validation,E73,3250.0,669.3995570649895,838.862,664.1232487960314,891.584,627.2959788200567,782.5219999999999,666.5349714437209,864.012,632.4438760892097,736.114,612.0763117887391,681.185,326.5936104595171,318.885
heating_validation,E73,3300.0,669.4253180427377,839.4069999999999,664.2104100839923,891.529,627.4829259633366,782.858,666.6273499932418,863.971,632.6163471013166,736.625,612.3057753258074,681.941,326.8012382318092,319.174
heating_validation,E73,3350.0,669.4131527705582,839.663,664.283854690506,891.649,627.6697937229499,783.2529999999999,666.6797560387114,864.146,632.7899232995322,737.141,612.537731166541,682.594,327.0021264114021,319.45
heating_validation,E73,3400.0,669.428698428516,838.375,664.3441492705313,891.725,627.8422934542799,783.623,666.7113897692528,864.184,632.9281603514446,737.643,612.7568473602262,683.134,327.1965154232213,319.702
heating_validation,E73,3450.0,669.4651658205547,838.0889999999999,664.4182022426604,892.0029999999999,628.0114652040643,784.017,666.7911871384147,864.425,633.0721622406654,738.1479999999999,612.9689103131503,683.7429999999999,327.3847679379871,319.97299999999996
heating_validation,E73,3500.0,669.534038814811,840.078,664.5063128443156,893.038,628.1859356663962,784.489,666.9000393293777,865.144,633.2361458846998,738.692,613.1841246184565,684.336,327.56730774918753,320.27299999999997
heating_validation,E73,3550.0,669.6051465138154,839.971,664.6113845746685,893.409,628.3722460461566,785.225,667.0355198271627,865.716,633.4286790854139,739.412,613.4090951764183,685.01,327.74452595970035,320.53999999999996
heating_validation,E73,3600.0,669.6492434712053,839.29,664.7139493583802,893.529,628.5676779007671,785.7099999999999,667.1442678890752,865.845,633.6331690886252,740.009,613.6448882416213,685.664,327.91673847164554,320.82399999999996
heating_validation,E73,3650.0,669.707321830441,841.198,664.8083955686507,894.322,628.7585128363118,786.148,667.2286034817281,866.415,633.8139306587914,740.5519999999999,613.87784131406,686.1469999999999,328.0842545068839,321.109
heating_validation,E73,3700.0,669.7854814883683,842.485,664.9126657349318,896.206,628.9476114772792,786.935,667.3414302185805,867.976,633.9903237585079,741.258,614.1067029279574,686.7539999999999,328.24734790891046,321.354
heating_validation,E73,3750.0,669.820866317599,842.605,665.0161479847408,897.435,629.1435439669959,788.0849999999999,667.4439940643995,869.31,634.1852165529581,742.242,614.3425793585775,687.5419999999999,328.4062106133392,321.592
heating_validation,E73,3800.0,669.8357396898182,840.8349999999999,665.0960388728561,897.4739999999999,629.3314050230165,788.989,667.4878732003547,869.689,634.3538456640235,743.0999999999999,614.5744939353202,688.3879999999999,328.5609908376903,321.816
heating_validation,E73,3850.0,669.8438441925488,840.322,665.1631103789545,896.535,629.5050888731549,789.249,667.5200678073747,868.99,634.4932364781549,743.596,614.7928271252728,689.0429999999999,328.71182655453265,322.058
heating_validation,E73,3900.0,669.8971929705035,838.903,665.231763794516,895.112,629.6668897484375,789.189,667.576081257901,867.906,634.6165440869671,743.7919999999999,614.9975068033025,689.483,328.858899616193,322.29499999999996
heating_validation,E73,3950.0,669.9233370178243,839.712,665.3128574931396,895.366,629.835082336843,788.9599999999999,667.666561284327,867.7869999999999,634.7728557501417,743.775,615.2056187301363,689.846,329.00239675588284,322.52299999999997
heating_validation,E73,4000.0,669.9451813514906,840.0409999999999,665.3803370069538,895.071,630.0012074667999,789.1419999999999,667.7167668929865,867.598,634.9233268864608,744.0419999999999,615.4145323993341,690.192,329.1424545471088,322.756
heating_validation,E73,4050.0,669.9444911421929,840.6419999999999,665.4411608960904,896.097,630.1620520411252,789.42,667.758732124422,868.372,635.0645265102096,744.3599999999999,615.6185021940603,690.574,329.2791867038329,322.965
heating_validation,E73,4100.0,669.9288215148085,841.3439999999999,665.4857592274458,896.63,630.3138047841671,789.968,667.7703321914603,868.884,635.1883429638767,744.857,615.8152921064351,691.019,329.4127264854611,323.166
heating_validation,E73,4150.0,669.94526120541,842.251,665.5274271786811,897.365,630.453082398874,790.463,667.7935602719543,869.563,635.2912336962158,745.371,615.9988051568489,691.432,329.54316536905617,323.385
heating_validation,E73,4200.0,670.0177984995718,840.2339999999999,665.5921889327994,897.778,630.5921831611073,791.167,667.8832456080409,870.1619999999999,635.4083220013584,746.008,616.1772397235802,692.0509999999999,329.6706616901939,323.59999999999997
heating_validation,E73,4250.0,670.0803978484213,841.168,665.6807542850324,897.405,630.7492455076074,791.417,668.013573173778,869.795,635.5763710389053,746.364,616.3702951264589,692.586,329.79533682638765,323.801
heating_validation,E73,4300.0,670.1148797176642,841.096,665.7625381813932,897.095,630.9162066011897,791.576,668.1007517689906,869.6569999999999,635.7552973993686,746.6289999999999,616.5761534914249,692.8889999999999,329.9173014517711,324.008
heating_validation,E73,4350.0,670.1882350258919,840.227,665.8419794009379,896.891,631.0770070530147,791.669,668.1794196405599,869.441,635.905221307788,746.8340000000001,616.7765543211356,693.2919999999999,330.03666194392764,324.227
heating_validation,E73,4400.0,670.2090403892007,840.683,665.9275869152838,896.8629999999999,631.2451576073875,791.717,668.2703174463466,869.376,636.0754530743988,746.988,616.9826708884617,693.546,330.1535460694058,324.426
heating_validation,E73,4450.0,670.2038553533536,839.596,665.9834585069881,896.494,631.4055145320045,791.9069999999999,668.2842789441413,869.153,636.2183050662,747.222,617.1864497129478,693.9169999999999,330.26806779406644,324.621
heating_validation,E73,4500.0,670.2381948944239,839.511,666.034549020669,896.297,631.5485313234371,791.942,668.311450073179,868.9739999999999,636.322945335096,747.3489999999999,617.3720618857318,694.208,330.38039689731124,324.823
heating_validation,E73,4550.0,670.2833606358843,837.692,666.1018423932918,895.172,631.692628752449,791.8829999999999,668.3904253019571,868.132,636.4475165028065,747.443,617.554673443619,694.575,330.4906654923766,325.051
heating_validation,E73,4572.0,670.2975245674215,837.694,666.1303104886878,894.482,631.7533692034326,791.76,668.4200100069093,867.5509999999999,636.4997592362242,747.4,617.6311164439829,694.626,330.53856962746283,325.12
heating_training,E74,0.0,293.93899999999996,295.561,293.93899999999996,294.243,293.93899999999996,294.05699999999996,293.93899999999996,294.191,293.93899999999996,294.125,293.93899999999996,294.08799999999997,293.93899999999996,293.87899999999996
heating_training,E74,50.0,361.6772031152451,391.716,320.729178544969,351.337,302.56636570776993,308.75199999999995,359.0659430993376,323.70099999999996,315.1026998985689,301.13599999999997,299.7399806772859,297.69399999999996,293.93973288248935,293.863
heating_training,E74,100.0,432.0860501118457,502.76099999999997,364.3064589444581,439.308,327.38543746191203,352.388,442.2312925768408,394.82599999999996,367.78355562786777,332.69599999999997,320.7743497720959,316.37399999999997,293.9438151718915,293.86899999999997
heating_training,E74,150.0,495.91212657078137,600.0039999999999,413.3046133977319,519.002,361.7793626407543,395.89799999999997,515.7747692549947,467.955,427.5778140811577,367.801,351.66230236850635,338.086,293.9523403273761,293.86199999999997
heating_training,E74,200.0,550.903501562787,672.164,461.7584329842239,581.7429999999999,399.7984148814296,429.871,574.132825304906,528.356,481.8322858376307,396.284,386.66587846186394,355.342,293.9689655112451,293.85999999999996
heating_training,E74,250.0,597.10915836688,729.309,506.6682267197488,634.7059999999999,437.6449263620521,459.254,618.5216785988625,580.316,526.7527123421526,421.456,421.99213241522267,370.315,294.00264971290767,293.88599999999997
heating_training,E74,300.0,635.3089593113403,775.7829999999999,546.7542113171227,681.179,473.1758753727639,485.86699999999996,651.8377616223601,627.717,562.4454467148508,444.42699999999996,455.44444887644454,384.26599999999996,294.06749420548147,293.9
heating_training,E74,350.0,666.6199650747564,809.006,581.666335613642,716.899,505.33278028733264,507.31899999999996,676.7969283257181,664.692,590.2931512922041,463.10699999999997,485.9030047764834,396.38199999999995,294.18080737166235,293.931
heating_training,E74,400.0,692.148827259353,834.749,611.598135134586,746.5039999999999,533.7369456581293,526.072,695.6626875939554,696.1569999999999,611.9047948681462,479.80899999999997,512.9236753850117,407.68499999999995,294.3604598849266,293.976
heating_training,E74,450.0,712.8179799615328,856.736,636.984524306908,772.788,558.4289036715303,543.5999999999999,710.0911881543472,724.468,628.7575087573996,495.711,536.490670643455,418.90099999999995,294.6225090943751,294.036
heating_training,E74,500.0,729.527061339698,873.03,658.3368884895699,793.405,579.6485947666189,558.231,721.2217160309326,746.8599999999999,641.9820331490757,509.25699999999995,556.8009128736087,429.01099999999997,294.97943954887967,294.09999999999997
heating_training,E74,550.0,743.0774565707426,885.572,676.2188753214192,811.059,597.7340319021882,571.3599999999999,729.9645657102964,766.064,652.4411386108662,521.5319999999999,574.1500519580643,438.36699999999996,295.43919943066874,294.176
heating_training,E74,600.0,754.0327779200962,896.818,691.1703529041471,825.895,613.0827105149775,583.2349999999999,736.9775282450264,782.348,660.8482598882272,532.601,588.8995409750825,447.407,296.00501024969583,294.262
heating_training,E74,650.0,762.9190874776497,906.271,703.6499835587654,839.78,626.076934790429,594.852,742.6565565839132,797.454,667.6995078088586,543.6389999999999,601.4083407130854,456.65299999999996,296.67566022854226,294.38599999999997
heating_training,E74,700.0,770.067400888998,913.651,714.0715630800922,850.7579999999999,637.0745535311917,604.855,747.330917584419,809.56,673.3770342748539,553.3,612.0126527971671,464.806,297.4462399799062,294.503
heating_training,E74,750.0,775.8854495380737,920.55,722.7635538934113,860.665,646.3770434551476,614.0989999999999,751.1729217614936,820.523,678.1099546685577,562.423,621.001003451023,472.731,298.30885877715787,294.644
heating_training,E74,800.0,780.664776700952,926.356,730.0515085098294,870.012,654.2530651909728,623.4449999999999,754.4430660400342,831.1809999999999,682.0994268324426,571.682,628.622569652378,480.96799999999996,299.2535731003853,294.82
heating_training,E74,850.0,784.6396439093764,930.2049999999999,736.1950483059958,877.259,660.9464056841442,631.5899999999999,757.2801582625276,839.523,685.5255952100231,579.7629999999999,635.1081558989603,488.484,300.2691526647103,294.99899999999997
heating_training,E74,900.0,787.8563006240478,932.9119999999999,741.4013400337597,883.8829999999999,666.6745386035349,639.094,759.7688724935197,846.906,688.5492962210731,587.304,640.6667970207828,495.74699999999996,301.34362888581694,295.188
heating_training,E74,950.0,790.5060044723645,936.531,745.7998363252739,889.866,671.5911596812899,646.226,761.8761290961772,853.483,691.2038803961373,594.467,645.4525520942317,503.029,302.4649769723902,295.37399999999997
heating_training,E74,1000.0,792.7054358075645,939.774,749.5465642104392,896.09,675.8229104230433,653.483,763.7306952627074,860.233,693.5350599048184,601.9079999999999,649.582108622034,510.557,303.6215872106494,295.597
heating_training,E74,1050.0,794.4936990664542,942.84,752.7497096555239,901.256,679.4910741498503,660.025,765.360358511354,865.997,695.6221084431162,608.5070000000001,653.1722440315115,517.424,304.80263143965783,295.837
heating_training,E74,1100.0,796.0321633753936,944.704,755.4948517652304,905.866,682.6777594660465,666.226,766.7854875702254,871.215,697.4708831826412,614.843,656.3027708260582,524.007,305.9982380349335,296.087
heating_training,E74,1150.0,797.3056043146416,945.935,757.8838651107882,910.2909999999999,685.4713495858764,672.481,768.1055211343495,876.2429999999999,699.1548651478063,621.226,659.0539045133793,530.789,307.19965814428383,296.40299999999996
heating_training,E74,1200.0,798.4474530668845,948.741,759.9636737248304,914.001,687.9334333765062,677.996,769.2864731827859,880.358,700.6830846192822,626.762,661.4880706007026,536.864,308.3993120229831,296.74199999999996
heating_training,E74,1250.0,799.4162476010165,949.886,761.8130282913992,917.621,690.127737345039,683.259,770.4211659603407,884.29,702.1102291745034,632.299,663.6621149780242,542.726,309.59068080008944,297.099
heating_training,E74,1300.0,800.2250101375236,952.439,763.444428405409,920.877,692.1029509221136,688.2729999999999,771.4315759801162,887.9549999999999,703.4534865059167,637.62,665.6286313936627,548.326,310.76821673929237,297.488
heating_training,E74,1350.0,800.9919210939802,953.602,764.8960641464341,924.202,693.877650661764,693.415,772.3562672686012,891.826,704.6760932357735,643.073,667.4040838173994,554.092,311.92736882017164,297.93199999999996
heating_training,E74,1400.0,801.6846429611533,953.12,766.2231617844436,927.2099999999999,695.4926820752066,698.016,773.2749201676752,895.3489999999999,705.8324793462418,648.028,669.02254602887,559.401,313.0643316526322,298.35699999999997
heating_training,E74,1450.0,802.3497593238525,953.262,767.4365059821666,929.317,696.9767230010331,702.424,774.1442029596827,897.9399999999999,706.9340405187705,652.733,670.5147202405528,564.477,314.1760661187546,298.81399999999996
heating_training,E74,1500.0,802.9566314407583,953.7909999999999,768.564603056214,931.235,698.3540191484277,706.798,774.9966819794909,900.231,707.9967721365223,657.421,671.9026191577702,569.621,315.26011243948716,299.299
heating_training,E74,1550.0,803.5079404598321,954.697,769.6055872043,933.197,699.6413925745521,710.637,775.7878887033825,902.366,709.0202708488785,661.704,673.2054306394108,574.218,316.3145588858976,299.76
heating_training,E74,1600.0,804.0131143345086,954.6039999999999,770.5694681236081,935.0459999999999,700.8458499535566,714.39,776.5277276844748,904.449,709.9920445883649,665.787,674.4298433689005,578.637,317.33801771362783,300.22799999999995
heating_training,E74,1650.0,804.4652276389635,955.846,771.4629239479824,936.939,701.9767234266815,717.995,777.21764474719,906.492,710.9164577494013,669.74,675.5847556658614,582.856,318.3296086491682,300.717
heating_training,E74,1700.0,804.8239707931103,955.875,772.2838719618687,938.935,703.0433513099961,721.779,777.8409930328726,908.699,711.801646716768,673.8889999999999,676.6806848217956,587.144,319.2888483373992,301.263
heating_training,E74,1750.0,805.1367112473738,957.015,773.0245696543099,940.7869999999999,704.0414866846326,725.1279999999999,778.37561028048,910.668,712.6206337276296,677.611,677.7152509803185,591.098,320.21574941404594,301.791
heating_training,E74,1800.0,805.4326851723869,957.198,773.706919662681,942.587,704.9719713379195,728.4459999999999,778.8801172979606,912.667,713.3744578419935,681.327,678.6854434496855,595.0139999999999,321.11060393879325,302.332
heating_training,E74,1850.0,805.74442431101,956.805,774.3484102689241,944.105,705.8447640785971,731.623,779.3805139690057,914.342,714.0846258544831,684.863,679.5987666622273,598.805,321.97390460594465,302.87399999999997
heating_training,E74,1900.0,806.0477985212382,957.794,774.9655775120762,945.555,706.6755941210612,734.775,779.8959378152072,915.927,714.7818588122966,688.42,680.4693208611608,602.627,322.8062517932629,303.477
heating_training,E74,1950.0,806.3166567041961,958.918,775.5519742983977,947.424,707.4751801892586,737.6679999999999,780.3879634638793,917.814,715.4749345704555,691.6279999999999,681.3101310243022,606.124,323.6083432389008,304.034
heating_training,E74,2000.0,806.590941522521,959.7379999999999,776.1051203908277,949.035,708.2398017962057,740.5609999999999,780.846708220317,919.571,716.1378188552887,694.771,682.1185061879154,609.502,324.38089437574956,304.58299999999997
heating_training,E74,2050.0,806.8681635441746,961.824,776.6403188816656,950.838,708.9730501427664,743.5429999999999,781.3099052813334,921.401,716.7774686065037,698.078,682.8953642092723,612.992,325.12465665732304,305.179
heating_training,E74,2100.0,807.1424353624743,961.463,777.1578914507995,952.615,709.6820466487862,746.2860000000001,781.7653151536849,923.3109999999999,717.4059264019826,701.098,683.6481641033329,616.145,325.8404831059913,305.715
heating_training,E74,2150.0,807.4436622376736,961.573,777.662067163823,953.989,710.3669364698817,748.938,782.217925701778,924.798,718.0151659547181,704.149,684.3768712227596,619.231,326.5291911147144,306.24699999999996
heating_training,E74,2200.0,807.6163684996721,959.587,778.149134293043,954.832,711.0442490381776,751.54,782.6528565267787,925.899,718.6468459109473,707.12,685.0986506299569,622.355,327.1916507617598,306.786
heating_training,E74,2250.0,807.8133982373286,958.659,778.5766962816208,954.6569999999999,711.6887292020668,753.92,782.9672983399936,926.066,719.215496836059,710.076,685.7960947630894,625.4110000000001,327.82876857803785,307.37699999999995
heating_training,E74,2300.0,808.0875767732791,959.8249999999999,779.0036914130529,955.188,712.2938582593433,755.822,783.3412560301713,926.611,719.7259207827095,712.401,686.4511477514749,628.077,328.4415474959109,307.93499999999995
heating_training,E74,2350.0,808.2992115498976,959.761,779.4369868839633,955.9209999999999,712.893749957075,757.76,783.7556784717909,927.4209999999999,720.2742571343812,714.684,687.0969652228966,630.6659999999999,329.03104411330304,308.52099999999996
heating_training,E74,2400.0,808.4550705676974,959.4839999999999,779.8338289336218,956.6419999999999,713.4847330139306,759.781,784.0868612921292,928.177,720.8236567864132,717.03,687.7392207632174,633.338,329.59836214237623,309.12399999999997
heating_training,E74,2450.0,808.605594569279,959.919,780.1985321483711,957.285,714.0489433871142,761.6479999999999,784.3734943886797,928.884,721.3253661325388,719.1659999999999,688.3586386611928,635.806,330.14451638076173,309.705
heating_training,E74,2500.0,808.7429460928861,958.009,780.5443984119455,957.74,714.5886618024023,763.482,784.6550254876004,929.48,721.797881640091,721.2059999999999,688.9540994427197,638.213,330.67049288921817,310.268
heating_training,E74,2550.0,808.8767227408084,956.789,780.8710597413731,957.328,715.107297381802,765.151,784.9224250799687,929.323,722.2512587664672,723.143,689.5292828719435,640.578,331.1771782910487,310.83799999999997
heating_training,E74,2600.0,809.0300251713126,955.0079999999999,781.1866348633696,957.105,715.6053350973582,766.575,785.1927721025934,929.199,722.6851407230946,724.881,690.0836509376661,642.769,331.66534537901134,311.383
heating_training,E74,2650.0,809.1285419569352,955.905,781.493113414633,956.549,716.0936911395169,767.977,785.4628147258621,928.783,723.1273724812909,726.603,690.6279107666257,644.9939999999999,332.1356953129547,311.96799999999996
heating_training,E74,2700.0,809.2113337381843,956.26,781.7680980741555,957.0559999999999,716.5650886078488,769.178,785.6729733653153,929.1659999999999,723.5473387706842,728.074,691.1591300677887,646.892,332.5888981760669,312.517
heating_training,E74,2750.0,809.3411924421474,957.033,782.0313507805923,957.6569999999999,717.0106212148057,770.538,785.8884207740433,929.755,723.9264737905795,729.62,691.6645014945527,648.7539999999999,333.025598995014,313.04699999999997
heating_training,E74,2800.0,809.4345683519879,957.252,782.2972362199836,958.163,717.4474923195728,772.0409999999999,786.1340328667947,930.304,724.3177867852581,731.297,692.1585390023668,650.72,333.4464434854963,313.58599999999996
heating_training,E74,2850.0,809.5027966270093,956.031,782.5403042420777,958.509,717.8758535984479,773.3399999999999,786.331802234129,930.709,724.7073309164837,732.789,692.6469147129998,652.489,333.85219900790554,314.10699999999997
heating_training,E74,2900.0,809.5768022316981,955.906,782.7675815067233,959.05,718.2870228020327,774.595,786.5140106405742,931.188,725.0705129740423,734.175,693.1196170048682,654.182,334.2436790805443,314.61899999999997
heating_training,E74,2950.0,809.7310393697724,956.761,782.9970057900101,959.534,718.6797141613367,775.8889999999999,786.7241565463538,931.728,725.4080712147027,735.663,693.5719824762805,655.8889999999999,334.6216465802147,315.18499999999995
heating_training,E74,3050.0,809.9093478747897,958.629,783.5240485009377,961.2769999999999,719.5580899775757,778.3409999999999,787.267827271105,933.3299999999999,726.2814733062859,738.364,694.5738668031389,658.998,335.3397848493746,316.17199999999997
heating_training,E74,3100.0,810.024219272628,959.286,783.7307191815164,962.276,719.9271670327407,779.7570000000001,787.4151071581791,934.342,726.5782016743751,739.8589999999999,695.0011032726118,660.654,335.681149111778,316.678
heating_training,E74,3150.0,810.1827938685321,957.422,783.9522053925534,963.2289999999999,720.2873626217734,781.076,787.6298102500899,935.27,726.8877101924948,741.245,695.4165820361998,662.21,336.0114167631297,317.145
heating_training,E74,3200.0,810.2828922327999,957.759,784.1813717149826,963.371,720.6573410057453,782.3499999999999,787.8636205925633,935.62,727.2446052640765,742.5799999999999,695.8402612540932,663.771,336.3310084299633,317.57399999999996
heating_training,E74,3250.0,810.3810648839694,956.394,784.3891315347885,962.702,721.0244227975567,783.393,788.0395874692388,935.206,727.5935806489936,743.777,696.2652974309754,665.211,336.6403633410061,318.02799999999996
heating_training,E74,3300.0,810.4635702880129,951.4639999999999,784.5913230701391,962.134,721.382378348538,784.21,788.2180628039896,934.736,727.9249068598225,744.795,696.6816797914963,666.633,336.9398891170833,318.50699999999995
heating_training,E74,3350.0,810.5022337696,954.501,784.7766852799549,961.199,721.7341372284927,784.825,788.3665239762813,933.9159999999999,728.2503954823551,745.606,697.0936493059432,667.8499999999999,337.22995306473865,318.93499999999995
heating_training,E74,3400.0,810.5904013830735,955.3679999999999,784.9455325246358,961.199,722.0672898277463,785.3729999999999,788.4937608255806,933.8389999999999,728.5374057500064,746.328,697.4888917348927,668.948,337.5109103555553,319.388
heating_training,E74,3450.0,810.6659988458238,953.947,785.1250249504714,961.437,722.3937157112273,786.025,788.6686506041667,934.019,728.8295367933696,747.1279999999999,697.8740536531551,670.03,337.78313623859106,319.815
heating_training,E74,3500.0,810.718417233945,953.543,785.293730468318,961.549,722.7195452050059,786.8149999999999,788.8171330090928,934.135,729.1330252564334,748.0319999999999,698.2598244867004,671.2059999999999,338.0471120879997,320.268
heating_training,E74,3550.0,810.7596675374723,955.669,785.4505957379329,961.981,723.0379201294719,787.4789999999999,788.9463042901759,934.419,729.4246734156936,748.8299999999999,698.6398152363718,672.245,338.30334640224385,320.691
heating_training,E74,3600.0,810.8453035285972,955.167,785.6035978652682,962.6659999999999,723.3442448326032,788.2909999999999,789.07994006911,935.086,729.6947946346916,749.698,699.0076192871468,673.249,338.55229491096213,321.096
heating_training,E74,3650.0,810.9052062658823,954.413,785.76682716808,963.095,723.6509563934354,789.1759999999999,789.2474077685239,935.562,729.9815653904428,750.664,699.3730922866338,674.357,338.79434336332895,321.53999999999996
heating_training,E74,3700.0,810.9535673806165,955.47,785.9178920230062,963.446,723.9571101726339,789.956,789.3803280958386,935.8969999999999,730.2711694139826,751.5,699.7399010341098,675.323,339.02985310681487,321.929
heating_training,E74,3750.0,811.0191970404475,956.042,786.0648292246253,964.09,724.2548974716003,790.73,789.5118379965096,936.491,730.5431241436327,752.319,700.0986885259267,676.305,339.2591019688531,322.31399999999996
heating_training,E74,3800.0,811.0924801336595,957.683,786.2154082422713,964.86,724.5485450916128,791.535,789.6591001787505,937.213,730.8135119278658,753.19,700.4519346803812,677.202,339.48233605863646,322.69599999999997
heating_training,E74,3850.0,811.2555048978677,956.202,786.3775338744672,965.702,724.8359243436579,792.52,789.8343365430992,938.091,731.0733976877287,754.136,700.7966763089707,678.318,339.6997491490016,323.07
heating_training,E74,3900.0,811.4062640227612,951.713,786.5729242408861,964.9639999999999,725.1354491733766,793.328,790.0809217575963,937.703,731.3736549457344,754.9939999999999,701.1477201411112,679.2829999999999,339.91146812009185,323.424
heating_training,E74,3950.0,811.5046462761325,948.1899999999999,786.7621671023803,963.579,725.450091112994,793.773,790.2804868802443,936.622,731.7035173544652,755.592,701.5157799970661,680.179,340.1175812682251,323.76099999999997
heating_training,E74,4000.0,811.5894069557272,952.256,786.9327360067953,962.302,725.7607826489036,793.889,790.4272033615258,935.3299999999999,732.0081187203974,755.919,701.8836788030311,680.987,340.318160827903,324.15
heating_training,E74,4050.0,811.6011622223921,951.7819999999999,787.0861091504084,962.175,726.065674659753,793.997,790.5444946931206,935.1,732.2977804809516,756.188,702.2477071015261,681.5989999999999,340.5134023602375,324.49899999999997
heating_training,E74,4100.0,811.5980803095421,952.814,787.2040337200759,962.371,726.3534558404604,794.2909999999999,790.5948406442866,935.178,732.547713080203,756.565,702.5994091525629,682.2349999999999,340.70366023805445,324.83799999999997
heating_training,E74,4150.0,811.6197108469825,952.146,787.3106246308545,962.864,726.6192151030048,794.716,790.6555318714326,935.563,732.759810132281,757.053,702.9290881546563,682.901,340.8892863712891,325.173
heating_training,E74,4200.0,811.6368196738082,953.593,787.4180476827567,963.007,726.8755190327375,795.271,790.74301555532,935.765,732.974229221148,757.642,703.2471995682045,683.6289999999999,341.0706021523498,325.524
heating_training,E74,4250.0,811.6521270857576,952.667,787.5197333728954,962.946,727.1267908859909,795.749,790.8261253600551,935.7429999999999,733.1938764642277,758.178,703.5602674488545,684.303,341.24782927917965,325.85499999999996
heating_training,E74,4300.0,811.6632557788048,951.021,787.6177865265838,962.745,727.3728957091847,796.135,790.909423346358,935.62,733.4128675891319,758.6469999999999,703.8681313399579,684.944,341.4211038690944,326.162
heating_training,E74,4350.0,811.6881113119822,951.4879999999999,787.713083818764,962.7239999999999,727.613323646768,796.4689999999999,790.9927967193668,935.543,733.6268250467051,759.076,704.1700856072192,685.556,341.59052481649644,326.489
heating_training,E74,4400.0,811.7049595141075,950.4879999999999,787.8104612661986,962.99,727.8513709300054,796.8439999999999,791.086395838938,935.802,733.8441832078092,759.4929999999999,704.4686511610314,686.097,341.7561296017593,326.758
heating_training,E74,4450.0,811.8113534184796,951.235,787.9133785764159,963.175,728.0814258315684,797.293,791.1940124179788,935.98,734.0452636971411,759.971,704.7580755991078,686.678,341.9178783596045,327.036
heating_training,E74,4500.0,811.8260687763551,951.8,788.0398384920527,963.471,728.3262553015619,797.7239999999999,791.3544594279307,936.2139999999999,734.2960052349654,760.438,705.0576532849481,687.239,342.0757830831994,327.311
heating_training,E74,4550.0,811.8242620368022,951.972,788.1324058638428,963.866,728.5722999353451,798.165,791.4107375138498,936.639,734.5378072464755,760.906,705.3649600528242,687.7819999999999,342.2300019820052,327.59799999999996
heating_training,E74,4600.0,811.8429577048979,952.876,788.2197623261544,964.3,728.8040638813873,798.577,791.4746095657648,936.9259999999999,734.7414318361248,761.351,705.6585018300372,688.28,342.3807905049988,327.86199999999997
heating_training,E74,4650.0,811.8837893160597,952.864,788.3116842280018,964.817,729.0297925196684,799.079,791.5616318285583,937.459,734.9402707463604,761.847,705.9439367434293,688.867,342.5283659597916,328.131
heating_training,E74,4700.0,811.9005335573802,950.684,788.4082493014334,964.013,729.2581308618272,799.557,791.6610997566839,936.996,735.1554137173304,762.371,706.2306260194637,689.463,342.6728700353403,328.41499999999996
heating_training,E74,4750.0,811.9233003785174,949.914,788.4962125504682,963.5799999999999,729.4844065715936,799.7289999999999,791.7363593940869,936.536,735.3660460534163,762.653,706.5166422158801,689.97,342.8143838381778,328.71799999999996
heating_training,E74,4800.0,811.9031596101988,947.813,788.5800321233711,962.8589999999999,729.7091030545533,799.879,791.8074573892839,935.965,735.5767849432684,762.875,706.8011848487621,690.387,342.9529239467639,328.97799999999995
heating_training,E74,4850.0,811.8962994668033,946.559,788.6458823132214,962.387,729.9242366048109,799.949,791.8407188971213,935.507,735.7649519798168,763.031,707.0786212850339,690.837,343.08845140926894,329.262
heating_training,E74,4900.0,811.9632603027509,949.269,788.721629989137,961.8489999999999,730.1264749999361,799.983,791.9158190100494,934.937,735.9301409357568,763.154,707.340552850547,691.19,343.22094347766017,329.519
heating_training,E74,4950.0,812.0439923433252,951.6709999999999,788.8250825257545,962.144,730.3348980416116,800.057,792.0570906459552,935.116,736.1261204802407,763.2829999999999,707.6032099784459,691.487,343.35037952739447,329.755
heating_training,E74,5000.0,812.0962315981886,951.834,788.9347843944872,962.836,730.5574389087326,800.353,792.1898987718633,935.685,736.3574099043232,763.583,707.8795769675332,691.829,343.4768914432732,330.02099999999996
heating_training,E74,5050.0,812.1357057954497,951.713,789.0369314845651,963.552,730.7842347344194,800.725,792.2897020475846,936.307,736.5874784634624,763.954,708.1624078072097,692.1759999999999,343.600749622736,330.229
heating_training,E74,5100.0,812.1177261451367,951.637,789.1279971191301,963.693,731.0116763933135,801.15,792.3627657209888,936.549,736.812467827965,764.366,708.4476638422028,692.579,343.7221922526991,330.453
heating_training,E74,5150.0,812.129996257791,952.592,789.1981933614428,963.975,731.2265100321206,801.462,792.3944478893588,936.773,737.0008850283957,764.704,708.7234652410757,692.952,343.8414448277174,330.66999999999996
heating_training,E74,5200.0,812.1587366132569,950.034,789.277571347964,964.201,731.4326383315334,801.852,792.4698371875371,937.071,737.1782284969441,765.0909999999999,708.9878199066545,693.385,343.95867702238553,330.907
heating_training,E74,5250.0,812.2171558253477,949.9879999999999,789.3641710566853,963.49,731.6383936871215,802.097,792.5636024906913,936.566,737.3645351231227,765.395,709.2499218491442,693.779,344.0739637439981,331.125
heating_training,E74,5300.0,812.2863026834523,950.967,789.4647317548233,963.317,731.8485391182779,802.161,792.6859022581642,936.2909999999999,737.5667877901647,765.534,709.514128663786,694.055,344.1873054726152,331.33
heating_training,E74,5350.0,812.3715624312463,951.784,789.5734545822262,963.68,732.0644427780255,802.327,792.8140716796461,936.591,737.780942229097,765.708,709.7830137327452,694.373,344.2986296275676,331.49
heating_training,E74,5400.0,812.3879049643134,950.884,789.6830261434993,964.068,732.2899667993569,802.597,792.931755883174,936.917,738.0150482835547,765.9929999999999,710.0615631386735,694.6279999999999,344.4078247160399,331.652
heating_training,E74,5450.0,812.3664531755373,951.067,789.7623847287449,964.701,732.5118980269052,802.891,792.9700631733721,937.482,738.2290853673792,766.309,710.3417601993046,694.935,344.51489207477294,331.827
heating_training,E74,5500.0,812.3730460191333,951.1899999999999,789.8270053908574,964.866,732.7161376283798,803.27,792.9957601660279,937.76,738.3985398870471,766.656,710.6059119380137,695.276,344.6199937956433,332.029
heating_training,E74,5550.0,812.3904528162726,951.446,789.8974034175563,964.821,732.9120339935183,803.55,793.0570358271632,937.72,738.5626330470719,766.958,710.859211793376,695.62,344.7233432846145,332.25399999999996
heating_training,E74,5600.0,812.4320128049903,950.768,789.9727095814313,965.071,733.1065386715624,803.773,793.1342174493386,937.937,738.7353014870858,767.182,711.1096660359948,695.932,344.8251348977639,332.45099999999996
heating_training,E74,5650.0,812.471484436493,950.929,790.0579197337422,964.509,733.3047962966897,803.989,793.2331709122614,937.5699999999999,738.9241435839052,767.431,711.362110703625,696.247,344.92549843507794,332.642
heating_training,E74,5700.0,812.4584229245228,947.8679999999999,790.1375915778973,963.884,733.5095644346468,804.082,793.309279792587,937.05,739.1291179098278,767.566,711.6220184137846,696.544,345.0244621208409,332.825
heating_training,E74,5750.0,812.5041982111866,949.025,790.2043451051019,963.0509999999999,733.7042452488939,803.9789999999999,793.3551470912606,936.27,739.3016567203779,767.596,711.8742756364522,696.78,345.1220058558697,333.024
heating_training,E74,5800.0,812.4964791318243,948.381,790.284691795028,962.843,733.9012629694985,803.91,793.4451850218596,936.014,739.4894351078029,767.586,712.1254984326899,696.949,345.21811466983536,333.20899999999995
heating_training,E74,5850.0,812.4849582467122,948.817,790.3431743009394,962.559,734.0958327362606,803.925,793.4749191405866,935.755,739.6693918896656,767.627,712.3778340142559,697.15,345.31281851447136,333.383
heating_training,E74,5900.0,812.5024381516984,947.2959999999999,790.4024012745831,962.24,734.2798566232273,803.942,793.5224859112305,935.442,739.8264332704058,767.683,712.6189924996044,697.343,345.4060995468262,333.573
heating_training,E74,5950.0,812.5685651607142,949.023,790.4751481192808,962.107,734.4609394896011,803.919,793.6085804860497,935.235,739.9855558415326,767.701,712.8541802470336,697.49,345.4979876630134,333.74199999999996
heating_training,E74,6000.0,812.6242262765873,949.501,790.5668800028519,962.385,734.6517325601936,803.962,793.7318363697859,935.4069999999999,740.1759258976103,767.775,713.0958151805376,697.613,345.5885146847122,333.92699999999996
heating_training,E74,6015.0,812.6490205954572,948.538,790.5919128143087,962.509,734.7045570155158,804.0,793.7580978397472,935.491,740.2214425089292,767.8009999999999,713.1624273422633,697.672,345.61542025063557,333.964
heating_validation,E75,0.0,293.989,295.551,293.989,294.193,293.989,294.042,293.989,294.188,293.989,294.12199999999996,293.989,294.09999999999997,293.989,293.94399999999996
heating_validation,E75,50.0,366.33786445874483,398.05999999999995,319.9238231056024,350.034,301.7404889312215,307.512,356.6091463118683,324.29699999999997,312.83029074078377,300.98199999999997,299.04404021033304,297.56899999999996,293.98973128638687,293.938
heating_validation,E75,100.0,444.1618333459153,512.8019999999999,363.50547144372234,432.506,325.02351525523295,345.801,440.3258639320408,391.575,362.38898017402585,328.9,318.47672540547984,313.294,293.99380302226706,293.933
heating_validation,E75,150.0,516.624482364962,610.047,414.0976652110782,504.436,358.4244803796591,382.461,517.9992792858033,457.152,421.248531193795,358.433,348.0832970747461,331.063,294.00228597269927,293.945
heating_validation,E75,200.0,580.6136733692729,687.853,465.6809919800155,565.025,396.54797347606313,413.586,582.7920821645398,515.274,477.1528778807009,384.402,382.73562901274863,346.26199999999994,294.01877519951256,293.942
heating_validation,E75,250.0,635.5888650584676,751.592,514.9247457429722,619.22,435.68295442289343,441.94499999999994,634.6852724530524,569.4639999999999,525.6871806153816,408.625,418.7891309083641,360.115,294.052246148756,293.977
heating_validation,E75,300.0,682.0863461525992,797.235,560.1206006828,660.8879999999999,473.5227592974545,464.28599999999994,675.6139304438808,611.846,566.1313781336462,428.11899999999997,453.9434169985217,371.186,294.1171990279097,293.996
heating_validation,E75,350.0,720.945744829805,834.3679999999999,600.5644149358934,697.712,508.7659818991533,484.822,707.8255227077723,649.816,599.2360003079199,446.29699999999997,486.87475309592617,381.875,294.2318979280455,294.03299999999996
heating_validation,E75,450.0,781.4336629086299,883.9689999999999,669.9447201923572,750.1949999999999,572.5864774434696,516.309,757.2889809417587,704.702,652.3929726920966,475.12699999999995,546.9351902240174,400.272,294.6876262683039,294.135
heating_validation,E75,500.0,803.0434870752754,901.629,695.7752628415365,770.828,596.926689603203,529.497,771.1451596177276,726.72,667.6359769752472,487.572,569.9105101831336,408.99199999999996,295.0623876326349,294.197
heating_validation,E75,550.0,820.9313899418412,917.208,717.9812813501462,789.482,618.2558138349083,542.1949999999999,783.2613709492334,746.8689999999999,681.0610146172656,499.42999999999995,590.0882869167458,417.865,295.5511593199559,294.274
heating_validation,E75,600.0,835.6583162616449,928.404,736.9947319981636,804.545,636.8415581162609,552.976,793.5825996393132,763.329,692.6060576672046,509.563,607.705040826027,426.27299999999997,296.16002002816305,294.36899999999997
heating_validation,E75,650.0,847.7862980423911,939.333,753.2152871808945,817.6,652.9661871387374,562.8599999999999,802.2515822854377,777.6579999999999,702.4280363659586,519.083,623.0198937000989,434.05199999999996,296.8901651537298,294.46799999999996
heating_validation,E75,700.0,857.8121907470543,948.332,767.0363291762817,829.4259999999999,666.9097700417686,571.9590000000001,809.5451599685902,790.489,710.7530234857877,527.991,636.2882287606925,441.64199999999994,297.7384189176139,294.577
heating_validation,E75,750.0,866.0489031875462,956.853,778.8169050389016,840.643,678.9591018080026,581.096,815.726908899696,802.9,717.8592605119552,536.967,647.7744073283077,449.753,298.698021853226,294.72499999999997
heating_validation,E75,800.0,872.9447382888513,962.374,788.8514799221322,850.04,689.3596245151294,589.2439999999999,820.957788551608,813.294,723.9259588458469,545.017,657.7083369586562,457.46899999999994,299.75944643932223,294.892
heating_validation,E75,850.0,878.7597202468909,968.3249999999999,797.4509481520802,858.254,698.3441195888432,596.74,825.5219540377173,822.414,729.1500195863927,552.646,666.3009260696182,465.075,300.91113650406965,295.06199999999995
heating_validation,E75,900.0,883.6415115228106,971.685,804.848936359543,866.364,706.1398604934607,604.448,829.5321096629564,831.418,733.7362116311581,560.3019999999999,673.766318120572,472.432,302.1402356563351,295.262
heating_validation,E75,950.0,887.675018857338,976.723,811.2228493745671,873.17,712.9365160518511,611.2429999999999,833.0373180263448,838.838,737.8146811708053,567.105,680.288041345858,479.034,303.4333619643299,295.44399999999996
heating_validation,E75,1000.0,891.1391498517143,980.428,816.7136956783625,879.616,718.8656591919763,617.7729999999999,836.0713828702434,845.853,741.4058334548449,573.766,685.99258477059,485.311,304.7771676273966,295.65599999999995
heating_validation,E75,1050.0,894.0547625663183,982.8109999999999,821.4942041950195,885.382,724.0622211715905,624.063,838.8124816066512,852.1659999999999,744.6134213044573,580.113,691.0015357918056,490.938,306.1588342543025,295.86699999999996
heating_validation,E75,1100.0,896.5897116482314,986.4879999999999,825.6563737139882,890.98,728.6374681923064,630.423,841.2360823828578,858.524,747.4937803475873,586.603,695.4232013225072,497.41099999999994,307.56637988680865,296.142
heating_validation,E75,1150.0,898.8228421062785,989.762,829.322820003598,895.995,732.6827888687229,636.011,843.4638088503598,864.067,750.0944412831675,592.441,699.3404506811239,503.13699999999994,308.988871707212,296.426
heating_validation,E75,1250.0,902.8395681566203,994.568,835.8319878775709,905.236,739.905318818026,646.662,847.890460362922,874.0029999999999,755.2021707121927,603.4929999999999,706.357810179941,514.471,311.84128924212024,297.10499999999996
heating_validation,E75,1300.0,904.3081522585298,997.638,838.3747523323703,909.629,742.7499566509633,652.044,849.4289622289623,878.8489999999999,757.0094333528688,609.123,709.1290004961238,520.131,313.25530400132703,297.505
heating_validation,E75,1350.0,905.5522139483476,999.75,840.6521961606367,913.597,745.3575802639169,656.929,850.8950828610135,883.254,758.84729504314,614.2139999999999,711.6828488731487,525.182,314.65246659780075,297.909
heating_validation,E75,1400.0,906.6901483014097,1000.752,842.6984920574449,917.403,747.7359495960079,661.621,852.261310946344,887.3299999999999,760.5790347955588,619.15,714.0243086434144,529.774,316.0275376553971,298.33
heating_validation,E75,1450.0,907.7286166830285,1001.106,844.565540853093,920.843,749.9140150464987,666.497,853.5782820157318,891.1859999999999,762.2041784898598,624.185,716.1754548170909,534.95,317.37619304422753,298.803
heating_validation,E75,1500.0,908.6733938383566,1001.611,846.2756316986,923.8249999999999,751.9239941721377,670.874,854.8244026503797,894.49,763.7446570423883,628.681,718.1671772372706,539.7339999999999,318.69493876729433,299.25899999999996
heating_validation,E75,1550.0,909.4861423979395,1002.802,847.8451476001377,926.444,753.7916821654137,675.0229999999999,855.990208942374,897.487,765.2147430444409,633.006,720.0254690568858,544.213,319.98088923639045,299.72299999999996
heating_validation,E75,1600.0,910.249849309279,1003.076,849.2773101014354,929.144,755.5248190934466,678.98,857.0477067430327,900.313,766.5881349294226,637.18,721.7590899855234,548.5699999999999,321.2318469112438,300.179
heating_validation,E75,1650.0,910.9785576046254,1006.083,850.6083177774265,931.872,757.1356630577272,683.077,858.068605143422,903.268,767.8731117702862,641.555,723.3757542866647,553.055,322.44620023639465,300.69899999999996
heating_validation,E75,1700.0,911.5270741023057,1008.199,851.8440963088775,934.608,758.6576033492646,686.7929999999999,859.0308444602971,906.1229999999999,769.1331170709481,645.53,724.9092717566762,557.152,323.62291223656604,301.195
heating_validation,E75,1750.0,912.0889464224668,1009.7239999999999,852.9584239594855,937.235,760.0777662989846,690.412,859.8475255709965,908.851,770.2929563905584,649.412,726.3521816781475,561.05,324.76152311982446,301.71799999999996
heating_validation,E75,1800.0,912.6521121247532,1009.413,854.0145735258667,939.851,761.4020319515367,694.2090000000001,860.6881788166627,911.659,771.3696807429228,653.486,727.7007611563082,565.197,325.86199491347594,302.29699999999997
heating_validation,E75,1850.0,913.1844335742819,1009.828,855.0160545598235,941.915,762.6585836716608,697.5709999999999,861.5128142901294,913.9399999999999,772.4224107900551,657.154,728.9828216503716,568.909,326.9246319095892,302.84
heating_validation,E75,1900.0,913.6704118635062,1010.2959999999999,855.9633389042777,943.775,763.8579415877973,700.7860000000001,862.3009002856655,916.034,773.4512015961614,660.685,730.2110629776223,572.538,327.94987913935773,303.38899999999995
heating_validation,E75,1950.0,914.1045956372844,1012.159,856.8535406661406,945.704,765.004644325571,704.0409999999999,863.0355404338529,918.174,774.4475212293611,664.211,731.3911082537262,575.9369999999999,328.9383579326279,303.998
heating_validation,E75,2050.0,914.990627712595,1012.2959999999999,858.6002922541331,949.262,767.2991954539448,709.906,864.5351223854215,922.1179999999999,776.5092425618932,670.515,733.7725232923652,582.4929999999999,330.80814678869433,305.111
heating_validation,E75,2100.0,915.3511303709305,1014.526,859.3260729619183,951.138,768.2573468924869,712.68,865.0869357935452,924.098,777.26159266317,673.5229999999999,734.7704975463507,585.642,331.6912649484258,305.668
heating_validation,E75,2150.0,915.6978553786479,1014.009,860.0205815963836,953.196,769.185542084918,715.704,865.655671362055,926.3009999999999,778.0533989589615,676.835,735.7414828637294,589.024,332.54114460768415,306.27299999999997
heating_validation,E75,2200.0,916.0426118567057,1013.276,860.6877769813576,954.702,770.082324403847,718.409,866.2240928618729,927.947,778.8417590274958,679.809,736.6833906603883,592.068,333.3588086529932,306.794
heating_validation,E75,2250.0,916.3871012169666,1012.1659999999999,861.3326171497198,955.794,770.949878202134,721.009,866.7891513674879,929.244,779.6161228904425,682.616,737.5973843091867,595.069,334.1452958787221,307.35699999999997
heating_validation,E75,2300.0,916.6662670909881,1012.487,861.9534293540454,956.643,771.7965151694755,723.44,867.3366160567462,930.241,780.3892892767294,685.307,738.4923152317295,597.948,334.9016672696448,307.917
heating_validation,E75,2350.0,916.9613713344596,1011.938,862.534931331269,957.462,772.6129069257776,725.863,867.8251612235761,931.235,781.1245933760563,688.0229999999999,739.3612367730583,600.794,335.6290542586739,308.527
heating_validation,E75,2400.0,917.2131825156894,1012.035,863.098743030983,958.242,773.4025116097187,727.957,868.319996791764,932.0889999999999,781.8377946848329,690.502,740.2041567210431,603.394,336.3286718674078,309.08599999999996
heating_validation,E75,2450.0,917.4279899941064,1012.28,863.6266204963076,959.02,774.1688412940093,729.9839999999999,868.7623269383747,932.9309999999999,782.5329153045132,692.863,741.0271585755806,605.8879999999999,337.0016926572747,309.662
heating_validation,E75,2500.0,917.6170917771898,1012.655,864.1222974210432,959.952,774.9064467895454,732.077,869.1714185235162,933.92,783.1942137401737,695.2819999999999,741.8246212257819,608.495,337.64929775647215,310.27
heating_validation,E75,2550.0,917.8276865412263,1011.2669999999999,864.5909917978782,960.814,775.6125050816606,734.0319999999999,869.5601916113387,934.842,783.8166365071121,697.469,742.5922795716717,610.896,338.27266584012307,310.84499999999997
heating_validation,E75,2600.0,918.0803840088251,1012.126,865.0521931209626,961.428,776.2905441056805,735.891,869.9723092371225,935.504,784.4130631315785,699.5409999999999,743.3305729102041,613.231,338.87292419151026,311.417
heating_validation,E75,2650.0,918.3287980927754,1012.0269999999999,865.5142722947439,962.1999999999999,776.9546767608225,737.662,870.4106204632353,936.284,785.0172932032042,701.534,744.0528875909288,615.4549999999999,339.4511504714428,311.981
heating_validation,E75,2700.0,918.5053135403216,1011.947,865.9612896449482,963.036,777.6143189745359,739.544,870.8222160853476,937.189,785.6401621592585,703.624,744.7720138672096,617.827,340.0083817498945,312.572
heating_validation,E75,2750.0,918.6677154144236,1012.434,866.3738298013118,963.5509999999999,778.2566906797798,741.226,871.1665373874055,937.756,786.2355941795778,705.498,745.4784689822613,619.9,340.5455291358411,313.118
heating_validation,E75,2850.0,919.1533352184201,1012.406,867.2354026200793,964.888,779.5655207058802,744.4649999999999,871.9645700034414,939.155,787.4474050257304,709.0419999999999,746.9260737324645,623.958,341.56302658297403,314.19899999999996
heating_validation,E75,2900.0,919.3697332774651,1012.486,867.6161211250579,965.654,780.1282677683914,746.1179999999999,872.2986386608054,939.9259999999999,787.9166270094743,710.872,747.5473212543304,626.0219999999999,342.04506297806665,314.768
heating_validation,E75,2950.0,919.5324478309407,1012.151,867.9925710371155,966.1279999999999,780.6954365626725,747.613,872.6453147031648,940.491,788.4440976951007,712.5139999999999,748.1742318890766,627.883,342.5104014332944,315.27799999999996
heating_validation,E75,3000.0,919.6647142226113,1012.353,868.3446338593013,966.615,781.2573335731357,749.031,872.9463891072755,940.991,788.9748104529418,714.085,748.800165238836,629.712,342.9598105287365,315.78799999999995
heating_validation,E75,3050.0,919.8549261288604,1011.092,868.6813441108276,967.062,781.7984548667376,750.406,873.2361126535067,941.495,789.4654536140123,715.6089999999999,749.407241724419,631.462,343.39405876330864,316.30899999999997
heating_validation,E75,3100.0,919.9481418071778,1012.48,869.0197479426782,967.582,782.3356357950662,751.797,873.5549190611478,942.012,789.9723715547544,717.163,750.009082727046,633.251,343.81376794524755,316.828
heating_validation,E75,3150.0,920.0089979102368,1012.4689999999999,869.315851662169,968.381,782.8618128620304,753.122,873.7788168469243,942.795,790.4625956075134,718.595,750.6056418167844,634.8889999999999,344.2194751106446,317.286
heating_validation,E75,3200.0,920.0703856703536,1014.044,869.5889323990845,969.199,783.3622489714058,754.471,873.9861003764523,943.607,790.9052516781818,720.045,751.1791142453245,636.487,344.611684049327,317.76099999999997
heating_validation,E75,3250.0,920.1947340787272,1012.391,869.8514944295531,969.6949999999999,783.8373321042081,755.885,874.2025837132113,944.212,791.3123038725688,721.583,751.7265273966273,638.17,344.9909562370516,318.26
heating_validation,E75,3300.0,920.3330812119742,1012.217,870.1266343682729,969.983,784.300891613203,757.076,874.4735464231005,944.519,791.7248522737326,722.903,752.2587599112029,639.663,345.3579655864804,318.736
heating_validation,E75,3350.0,920.4800603118551,1012.341,870.4034385481355,970.41,784.7626769364406,758.165,874.7478670763139,944.924,792.1554624940968,724.1279999999999,752.7879068505204,641.101,345.7133388857514,319.202
heating_validation,E75,3400.0,920.6653213362758,1012.6469999999999,870.6847850762853,970.8299999999999,785.2197331347753,759.2860000000001,875.0319115618751,945.37,792.5852759778443,725.3409999999999,753.311408881028,642.506,346.0576559240717,319.67199999999997
heating_validation,E75,3450.0,920.800970899238,1010.9159999999999,870.9739695995102,971.196,785.6815903389432,760.4359999999999,875.3313961579644,945.77,793.037371488721,726.6099999999999,753.8383016008833,644.011,346.39141908316316,320.168
heating_validation,E75,3500.0,920.9998788558834,1011.9689999999999,871.2503895532437,971.2189999999999,786.1365668278249,761.442,875.5908960483969,945.856,793.4696612319387,727.712,754.3601217860736,645.313,346.71506497730024,320.60699999999997
heating_validation,E75,3550.0,921.2057935065457,1011.348,871.5455386505805,971.404,786.5876276668095,762.347,875.9039948660087,946.044,793.9003005549081,728.736,754.8748720528978,646.557,347.0290139684544,321.032
heating_validation,E75,3650.0,921.6626261340334,1011.251,872.1933950101784,972.177,787.5802279707617,764.185,876.5779369111085,946.769,794.8968761515443,730.742,756.005046285379,649.0139999999999,347.62949431808795,321.881
heating_validation,E75,3700.0,921.7515338467803,1011.11,872.4701831561595,972.598,788.0215717670224,765.1089999999999,876.8171012060604,947.1899999999999,795.2984986539655,731.736,756.5075776004745,650.169,347.91680994417004,322.291
heating_validation,E75,3750.0,921.8392887972143,1010.1619999999999,872.7094621094556,972.8199999999999,788.4562568435751,766.026,876.9841073752701,947.452,795.6983792101555,732.702,757.010247193047,651.319,348.19602957646845,322.66299999999995
heating_validation,E75,3800.0,921.9468221312192,1010.7429999999999,872.9408910290787,972.978,788.872317369048,766.924,877.1722178201098,947.6419999999999,796.0671493119801,733.694,757.4953969011219,652.482,348.4674625992899,323.078
heating_validation,E75,3850.0,922.0365630927879,1011.342,873.1681555390794,973.346,789.2804777897128,767.721,877.3732851109447,947.996,796.4382890035363,734.564,757.9719640087525,653.498,348.73142559791665,323.476
heating_validation,E75,3900.0,922.0938849970398,1010.8299999999999,873.3825641499823,973.81,789.683377237977,768.53,877.5564875915685,948.4069999999999,796.8121219714727,735.432,758.4447148545321,654.525,348.98830817282703,323.86899999999997
heating_validation,E75,3950.0,922.2144059482081,1010.586,873.5854834210695,974.047,790.0708511648546,769.354,877.7276258234654,948.675,797.1574891749668,736.3340000000001,758.9032308147457,655.573,349.2385187802258,324.27299999999997
heating_validation,E75,4000.0,922.2717829293742,1010.911,873.7993077677975,974.29,790.4576245375104,770.0799999999999,877.9425664280001,948.895,797.5215744913789,737.143,759.3585769412543,656.5409999999999,349.48243353849074,324.652
heating_validation,E75,4050.0,922.340937721344,1011.9309999999999,873.9905734798896,974.6809999999999,790.8399112306159,770.795,878.099692926816,949.24,797.8800120014495,737.925,759.8124294966219,657.4459999999999,349.7203923919627,325.02299999999997
heating_validation,E75,4100.0,922.3715686644225,1012.528,874.1788311836801,975.27,791.2148432930901,771.492,878.2682401620517,949.7769999999999,798.2296619753841,738.707,760.2591803978261,658.322,349.952661854805,325.39099999999996
heating_validation,E75,4150.0,922.4299065906774,1012.92,874.3501717973531,975.881,791.5790826350903,772.31,878.404939559325,950.408,798.5605083263811,739.558,760.6968096483631,659.294,350.1794580454857,325.768
heating_validation,E75,4200.0,922.5185525983685,1012.274,874.5279785453996,976.51,791.9319866668664,773.095,878.5758715901649,950.9739999999999,798.8770516474978,740.357,761.121320895271,660.178,350.4009586372797,326.10699999999997
heating_validation,E75,4250.0,922.5904193046864,1011.674,874.7112168816017,976.704,792.2854148822969,773.875,878.7622920968392,951.29,799.2100299467869,741.1759999999999,761.5445250827663,661.0619999999999,350.6173284554827,326.45599999999996
heating_validation,E75,4300.0,922.6117908123288,1014.5409999999999,874.8850624206301,976.963,792.6414241675807,774.508,878.9226001306006,951.487,799.5553749954281,741.875,761.9716232892675,661.852,350.8287420111834,326.787
heating_validation,E75,4350.0,922.6534131254746,1012.255,875.0408281417497,977.752,792.98761296805,775.239,879.0451272241338,952.222,799.8759008680319,742.637,762.3914695349171,662.72,351.03535328367866,327.164
heating_validation,E75,4450.0,923.022209897665,1013.93,875.4402096244693,978.106,793.7075175950797,776.5360000000001,879.4871251439522,952.601,800.5475703234579,744.01,763.2591046804338,664.29,351.43495876492966,327.798
heating_validation,E75,4500.0,923.1380653997279,1011.659,875.6413121189838,978.345,794.0392579542771,777.1859999999999,879.7110401079747,952.9159999999999,800.8584882269819,744.702,763.6512769081677,665.096,351.62830630143105,328.13199999999995
heating_validation,E75,4550.0,923.1456423335956,1011.1089999999999,875.8279972266752,978.0749999999999,794.3919706813072,777.741,879.8851235960648,952.718,801.2264966402349,745.323,764.0686930578831,665.847,351.81760765824947,328.453
heating_validation,E75,4600.0,923.2211889866802,1012.284,875.9842691994963,978.105,794.7322867953852,778.172,879.9907877734951,952.682,801.5469449683762,745.836,764.4799185780053,666.4849999999999,352.0030867534083,328.78099999999995
heating_validation,E75,4650.0,923.2348592985593,1012.3349999999999,876.1509685320195,978.4159999999999,795.0675184100279,778.65,880.150741281262,952.927,801.8634446213207,746.347,764.8840935465606,667.154,352.1849506662128,329.082
heating_validation,E75,4700.0,923.2975901784821,1013.09,876.2961826285945,978.566,795.3946452658565,779.142,880.2601533418019,953.073,802.1628206678907,746.903,765.2826779861804,667.823,352.3634298547024,329.418
heating_validation,E75,4750.0,923.352379202504,1013.334,876.4537111690645,978.9879999999999,795.7151511950351,779.653,880.4194996830764,953.405,802.457569221093,747.434,765.6724586016869,668.4459999999999,352.5387237140046,329.72299999999996
heating_validation,E75,4800.0,923.360009924968,1012.668,876.6021976096919,979.146,796.0390846289015,780.17,880.5543960889978,953.617,802.7698343246883,747.988,766.0663811720227,669.064,352.71097945078,330.02599999999995
heating_validation,E75,4850.0,923.4008173743873,1010.954,876.7359503703584,979.1619999999999,796.353341277573,780.6949999999999,880.6599528286071,953.655,803.0582797367292,748.555,766.4529456152773,669.746,352.8803403190169,330.346
heating_validation,E75,4900.0,923.5158729524888,1012.651,876.8818439552942,978.981,796.6560606312926,781.068,880.8099155886476,953.467,803.3269752183057,749.002,766.8253355404722,670.297,353.0469283551157,330.615
heating_validation,E75,4950.0,923.5439398189109,1012.053,877.0452606722037,979.3349999999999,796.9705430484297,781.453,880.9993492650545,953.741,803.6402261096146,749.434,767.2060624047419,670.844,353.21083894666435,330.92199999999997
heating_validation,E75,5000.0,923.6409155465036,1012.098,877.1879168800509,979.456,797.2815923677687,781.872,881.1211710454295,953.881,803.9368261669086,749.877,767.5868314530487,671.377,353.3721630672692,331.192
heating_validation,E75,5050.0,923.8360984430059,1012.043,877.3598163032003,979.679,797.5827017749168,782.325,881.3250989892343,954.0989999999999,804.211322243648,750.363,767.9530288982908,671.969,353.53087380020565,331.46099999999996
heating_validation,E75,5100.0,923.9844755409316,1011.404,877.5622358059871,979.795,797.9013816441629,782.7639999999999,881.583557804489,954.2139999999999,804.5391923667906,750.823,768.3313616830723,672.519,353.68683303580815,331.66999999999996
heating_validation,E75,5150.0,924.0447211028156,1009.989,877.7504944480786,979.555,798.2372578856651,783.162,881.7742004321867,954.074,804.8978334665477,751.25,768.7299875475275,673.06,353.83984587864995,331.868
heating_validation,E75,5250.0,924.0795592527932,1010.847,878.0573583522918,979.245,798.9310141524177,783.722,881.9918654158599,953.684,805.5714626309548,751.915,769.5775161175629,673.9739999999999,354.13670175395157,332.28799999999995
heating_validation,E75,5300.0,924.0837476609026,1009.996,878.1773953377058,979.393,799.2196186539222,783.9929999999999,882.0652507202354,953.864,805.7986828335493,752.2239999999999,769.9340820502649,674.393,354.2807662913283,332.52299999999997
heating_validation,E75,5350.0,924.093265140065,1009.375,878.288304257894,979.3249999999999,799.4990565719003,784.3009999999999,882.1421094615775,953.813,806.0326723732902,752.5619999999999,770.2824289732868,674.8199999999999,354.42219151257075,332.76599999999996
heating_validation,E75,5400.0,924.0956788777237,1009.3149999999999,878.3960998905715,979.183,799.7727343939454,784.5840000000001,882.2299768577182,953.726,806.2731169062329,752.877,770.6252171344375,675.269,354.5612006490276,333.044
heating_validation,E75,5450.0,924.1770667921431,1008.4,878.5045843325911,978.898,800.0370898329332,784.816,882.3293024880139,953.516,806.502398313103,753.1610000000001,770.9582053432968,675.654,354.69794283321846,333.274
heating_validation,E75,5500.0,924.2715053488452,1008.995,878.639847925136,978.765,800.3042559713858,785.015,882.4979804585491,953.337,806.7534841488679,753.3979999999999,771.2895971006806,676.0519999999999,354.8324779411546,333.52
heating_validation,E75,5550.0,924.2965777454465,1008.727,878.7782157102405,978.65,800.5870429052469,785.242,882.653761820702,953.228,807.0465212160993,753.6469999999999,771.6363971751105,676.441,354.964844008992,333.75699999999995
heating_validation,E75,5600.0,924.3463273756639,1008.269,878.8988833894966,978.536,800.8682466010563,785.447,882.7551625483966,953.106,807.3224279112922,753.884,771.9852707747438,676.776,355.09502696763747,333.964
heating_validation,E75,5650.0,924.408796719863,1007.2189999999999,879.0266351089042,978.37,801.1436938247464,785.645,882.8842241452384,952.9689999999999,807.5821460414405,754.114,772.3272581728155,677.127,355.2230028358523,334.167
heating_validation,E75,5700.0,924.4480738482843,1005.882,879.1547985236715,978.2869999999999,801.4213753203769,785.819,883.0124394699886,952.8249999999999,807.8508690150607,754.347,772.6708129827102,677.463,355.3487032762978,334.341
heating_validation,E75,5750.0,924.4728368794368,1008.066,879.274050094531,978.283,801.6979036421097,786.044,883.1179327818544,952.745,808.1160332151824,754.602,773.0144913733379,677.822,355.4720545316492,334.52599999999995
heating_validation,E75,5800.0,924.49791286449,1008.316,879.3863278946632,978.462,801.9687217378633,786.2429999999999,883.2135346140725,952.922,808.368098002852,754.8299999999999,773.3532360353751,678.0899999999999,355.5930077674069,334.692
heating_validation,E75,5850.0,924.4090939650074,1008.447,879.4870454182482,978.692,802.2421197341574,786.4599999999999,883.2903317403362,953.127,808.6337887692517,755.068,773.6958343131222,678.367,355.71167266244765,334.88
heating_validation,E75,5900.0,924.4056787242603,1009.747,879.5515983594948,978.967,802.4957696050478,786.693,883.2913104867932,953.374,808.8473020993973,755.3019999999999,774.0238327997404,678.623,355.82828208459296,335.06199999999995
heating_validation,E75,5950.0,924.4843557137458,1009.443,879.6433668601137,979.309,802.7317875529773,786.9929999999999,883.3944210065615,953.726,809.0359267698099,755.5909999999999,774.3287582763637,678.954,355.9430130686766,335.265
heating_validation,E75,6050.0,924.4696327097596,1007.441,879.8799618125878,979.129,803.295824312532,787.509,883.674160297797,953.649,809.6180394743939,756.1189999999999,775.0357624695175,679.56,356.1671062593698,335.645
heating_validation,E75,6100.0,924.5487980741106,1008.384,879.9687769817075,978.85,803.5324910336931,787.649,883.7351545935702,953.414,809.8079253521707,756.298,775.3379077400652,679.813,356.27646056553306,335.811
heating_validation,E75,6150.0,924.5854128182661,1009.095,880.0818737209958,979.029,803.7738393511355,787.76,883.870743871915,953.524,810.0320748908233,756.463,775.6412558411972,680.059,356.38399549185476,335.964
heating_validation,E75,6200.0,924.6255648756003,1008.1279999999999,880.183473521974,979.4159999999999,804.0212647592252,787.9839999999999,883.9636649282478,953.8629999999999,810.2734930779013,756.678,775.9527120234761,680.336,356.4896144114032,336.094
heating_validation,E75,6250.0,924.6695679229977,1009.254,880.2887279163521,979.554,804.2669358281938,788.268,884.0697859702431,954.007,810.5085712278222,756.96,776.2625706423785,680.604,356.5932310752968,336.215
heating_validation,E75,6300.0,924.722948555524,1007.917,880.3954123403199,979.672,804.513339476928,788.494,884.1777548654701,954.1519999999999,810.7455153969961,757.208,776.5728197455153,680.853,356.69484866786973,336.365
heating_validation,E75,6350.0,924.8229035415673,1008.725,880.510375316634,979.689,804.7586490913933,788.678,884.3040029303423,954.178,810.9788323809261,757.393,776.8808690843758,681.066,356.7946370402902,336.517
heating_validation,E75,6351.0,924.8246663098322,1008.725,880.5123840516111,979.689,804.7629206883724,788.678,884.3056658048059,954.178,810.9818740471178,757.393,776.8862325736958,681.066,356.79661547825197,336.517
heating_training,E76,0.0,293.91499999999996,295.539,293.91499999999996,294.173,293.91499999999996,293.988,293.91499999999996,294.034,293.91499999999996,294.09299999999996,293.915,294.05899999999997,293.91499999999996,293.84799999999996
heating_training,E76,50.0,371.9801581939521,388.98499999999996,318.683834931951,338.00899999999996,300.7152477837428,303.316,353.2539789995682,316.23699999999997,310.2807732671423,298.755,298.2073867672367,297.16299999999995,293.9157366469923,293.84299999999996
heating_training,E76,100.0,459.3495595468228,511.162,361.6377048430068,416.14199999999994,322.015078782762,334.74199999999996,436.1965981953886,378.296,355.71192219559873,321.602,315.67619348346386,307.73299999999995,293.9198359350514,293.851
heating_training,E76,200.0,628.9578472836306,700.3,478.849934008927,544.614,400.9277444903846,397.027,603.1867600866368,497.96399999999994,481.6959261828899,373.34499999999997,386.0295528300149,336.02799999999996,293.94474192234094,293.892
heating_training,E76,250.0,693.8287258984556,763.457,529.4551857990378,591.7249999999999,437.8952041588288,420.307,654.1019776290843,544.708,524.7790022488305,393.48799999999994,419.4837603052131,346.83099999999996,293.9779052917978,293.89
heating_training,E76,300.0,750.2767054401103,812.036,577.8926178719827,630.901,475.32622628978106,440.054,699.8826404763043,584.457,565.7950659131789,410.849,453.6448555742409,356.32899999999995,294.0424077695334,293.917
heating_training,E76,350.0,798.8670276117592,851.872,622.886943104744,665.641,511.6207383291085,458.176,739.1799165186993,620.162,602.3863484756337,427.121,486.9510608514183,365.84499999999997,294.15721658672084,293.933
heating_training,E76,400.0,840.3295529633759,881.778,663.8589278621256,692.524,545.8170046289907,472.745,772.3345747612616,648.804,634.1252686838752,440.529,518.4547720509776,374.131,294.3435255050364,293.97299999999996
heating_training,E76,500.0,907.7682833358324,926.023,736.9415640867774,736.017,609.8027808006224,497.871,828.2405684582083,695.319,689.4823351861606,463.83399999999995,577.6981600309836,389.94,295.0120897286582,294.072
heating_training,E76,550.0,932.3480490017832,941.799,764.8690359780371,752.6610000000001,634.8179612693583,508.155,845.0570941803832,713.287,706.5007777171737,473.48199999999997,600.913327660796,397.16099999999994,295.5277077870032,294.14799999999997
heating_training,E76,600.0,953.1641383697304,954.999,789.4592594111886,767.079,657.3000133274771,517.4689999999999,860.3394333495742,728.824,722.22351414206,482.50199999999995,621.8217424809211,403.948,296.17913706267586,294.239
heating_training,E76,650.0,970.6818621548236,966.6999999999999,811.0321538155996,779.8689999999999,677.379850120342,526.069,873.8163335836003,742.745,736.2428320136246,490.79599999999994,640.5338979810804,410.59999999999997,296.9713675196782,294.334
heating_training,E76,700.0,985.5912816676527,976.573,829.8748687594035,792.0989999999999,695.2184519557427,534.675,885.4642878120467,756.112,748.5189394337831,499.17499999999995,657.188345676823,417.67199999999997,297.90454438728455,294.47999999999996
heating_training,E76,750.0,998.2560596480876,985.573,846.3474970582731,802.184,711.0139035367553,542.171,895.6214280281935,767.095,759.2246513720352,506.59799999999996,671.9592565230266,423.998,298.97446044294975,294.59999999999997
heating_training,E76,850.0,1019.0864675588585,999.5509999999999,874.5840440131682,820.409,738.687451494735,556.149,913.8595203041644,787.167,778.6453234708022,520.581,697.910813671444,435.96,301.48985082350305,294.93899999999996
heating_training,E76,900.0,1026.6995905803064,1005.175,885.2918974232496,827.944,749.3081626340489,562.383,919.7042309593584,795.443,784.9283202117247,526.924,707.8903763344409,441.664,302.91173483444663,295.12399999999997
heating_training,E76,950.0,1033.2251436780111,1009.88,894.6929758246307,835.0169999999999,758.766219766009,568.4,925.2195362043486,803.222,790.9733956622903,533.0989999999999,716.7979170158328,447.38699999999994,304.4246398442466,295.347
heating_training,E76,1000.0,1038.9316646359614,1015.2819999999999,902.9709082653296,841.577,767.1778250111263,574.204,930.2839552624905,810.459,796.5225586534141,539.057,724.7360687643504,452.95899999999995,306.013828064732,295.556
heating_training,E76,1050.0,1043.8563972857846,1019.6619999999999,910.3006479433682,848.199,774.6829976434436,580.179,934.9301117553675,817.776,801.5912707977137,545.281,731.8324211585297,458.71299999999997,307.66447583242126,295.804
heating_training,E76,1150.0,1052.195934031853,1026.875,923.1969048226892,859.345,788.1460121019536,590.682,943.7253821427472,829.934,811.384860180678,556.0419999999999,744.6187766896211,468.96,311.0934273685038,296.32899999999995
heating_training,E76,1200.0,1055.3510068277342,1031.3229999999999,928.1783378542221,864.7429999999999,793.4002257382222,595.952,946.6576279909249,835.837,814.6827901414505,561.501,749.62344160027,474.23,312.8455526456834,296.669
heating_training,E76,1250.0,1058.234751140182,1034.601,932.6554587621266,869.581,798.1599047235926,600.663,949.549113686103,841.058,817.9356785236022,566.3969999999999,754.1680569828559,478.93399999999997,314.6072339141606,296.99699999999996
heating_training,E76,1300.0,1060.779708252949,1036.819,936.7203392338799,874.218,802.4961431147836,605.296,952.3580271137441,846.0609999999999,821.0580610653421,571.274,758.3186424568225,483.56399999999996,316.36832153182206,297.36199999999997
heating_training,E76,1350.0,1063.0883281324675,1038.5529999999999,940.401814895415,878.75,806.4640203865134,610.0229999999999,954.9616267568175,850.999,824.0089674720878,576.134,762.1270128999653,488.4,318.11985109681063,297.772
heating_training,E76,1450.0,1067.4546607477578,1042.328,947.2596060169686,886.3249999999999,813.9013310912839,618.461,960.2583376811091,859.323,829.950067474702,584.9,769.2971729625269,497.14099999999996,321.5641519632044,298.60299999999995
heating_training,E76,1500.0,1069.1221290136407,1044.969,950.0075173234561,889.824,816.9026282826717,622.462,962.127159246029,863.1129999999999,832.0703554083835,589.01,772.2006379485683,501.26599999999996,323.24456735046283,299.043
heating_training,E76,1550.0,1070.6791870834793,1045.7269999999999,952.5436347926453,893.452,819.7113923145332,626.603,963.980975472354,867.058,834.237674718752,593.309,774.928158896295,505.609,324.8905989763759,299.522
heating_training,E76,1600.0,1072.0770836733439,1047.009,954.9054997769566,896.5989999999999,822.3435541038048,630.335,965.8004139076291,870.461,836.3554850307257,597.1959999999999,777.4943612677822,509.55199999999996,326.4983707425422,299.96099999999996
heating_training,E76,1650.0,1073.3860785918964,1049.282,957.0938101155236,899.568,824.813471517766,633.989,967.5056156703072,873.688,838.3826832872115,601.078,779.911265002138,513.3979999999999,328.06483395584416,300.421
heating_training,E76,1750.0,1075.8868274789888,1052.658,961.3294549404134,905.3389999999999,829.6456313119367,641.208,971.0475769868926,879.881,842.577231416924,608.6579999999999,784.6696351938209,521.0519999999999,331.06545594988984,301.418
heating_training,E76,1800.0,1076.8691997682188,1053.632,963.0539489496823,908.077,831.6363842892799,644.518,972.2978444613389,882.781,844.0900843915024,612.1610000000001,786.638894664764,524.583,332.49716026526823,301.914
heating_training,E76,1850.0,1077.8472083703653,1054.817,964.6781691298678,910.669,833.5304529456548,647.751,973.5691049208832,885.509,845.6424024387085,615.538,788.5194827486739,528.039,333.8824398967499,302.43699999999995
heating_training,E76,1900.0,1078.6779720872473,1055.683,966.2286280330464,913.276,835.3459737122001,651.104,974.8591429347482,888.274,847.2038384645592,619.0419999999999,790.3300749906402,531.6099999999999,335.22136896636414,303.00199999999995
heating_training,E76,1950.0,1079.5006897778092,1056.632,967.6751778343015,915.559,837.0800406009719,654.111,976.0398309232246,890.684,848.7128993548253,622.229,792.0670112067017,534.8789999999999,336.51431994448944,303.548
heating_training,E76,2050.0,1081.1075597296292,1059.371,970.5720772565347,919.9739999999999,840.5678311638743,660.055,978.5977232275183,895.374,851.8864926217575,628.441,795.5831650178144,541.3009999999999,338.96482949781984,304.67699999999996
heating_training,E76,2100.0,1081.7540323380501,1059.56,971.7654089789623,922.082,842.0272652302551,662.7860000000001,979.5016117823001,897.603,853.0475531580223,631.351,797.061534917692,544.2429999999999,340.1240791721557,305.19899999999996
heating_training,E76,2150.0,1082.4004799872778,1060.99,972.9059433498359,924.05,843.4351112567125,665.4639999999999,980.4364652292717,899.621,854.2512422755156,634.197,798.4934516000214,547.142,341.2406312092292,305.729
heating_training,E76,2200.0,1083.0782904017485,1061.7669999999998,974.0076457735878,925.994,844.7893415405034,668.044,981.3889343999117,901.644,855.4392353760962,636.941,799.8741246385273,549.953,342.31560802245156,306.25699999999995
heating_training,E76,2250.0,1083.7120890092206,1062.0639999999999,975.0819395658332,927.972,846.1036024871064,670.7439999999999,982.3555349679662,903.691,856.6241288051818,639.795,801.2170437804396,552.873,343.35015525132457,306.80999999999995
heating_training,E76,2300.0,1084.3382609715368,1061.763,976.1139210954368,929.578,847.3803825382467,673.226,983.2759364118288,905.414,857.7892405468796,642.4839999999999,802.5254525637342,555.597,344.34553189346525,307.351
heating_training,E76,2400.0,1085.5368405271213,1063.0349999999999,978.2263727816086,932.427,850.0306369850754,677.9549999999999,985.2360794828377,908.497,860.3113806376633,647.683,805.2592400049889,560.904,346.2242290513541,308.453
heating_training,E76,2450.0,1086.0517905523966,1062.387,979.1047656209519,933.807,851.150289014503,680.137,985.9266309700955,909.98,861.2305397172152,650.063,806.4194060649171,563.3589999999999,347.1103072519528,308.989
heating_training,E76,2500.0,1086.5859917717885,1063.1399999999999,979.960742847494,934.981,852.2405505218154,682.249,986.6650829490077,911.242,862.1883484568946,652.358,807.5525762086236,565.748,347.96265357745744,309.505
heating_training,E76,2550.0,1086.993715114983,1062.5169999999998,980.7978236966196,936.2239999999999,853.3173538370174,684.2909999999999,987.4216365973418,912.5509999999999,863.1871940856188,654.579,808.6765661740267,568.046,348.7826001432785,310.022
heating_training,E76,2600.0,1087.4357192415675,1063.108,981.581002550069,937.336,854.3651120312525,686.4169999999999,988.0886233264894,913.8,864.1545071502319,656.886,809.7758886022002,570.471,349.5715936115349,310.62199999999996
heating_training,E76,2700.0,1088.4264803939116,1063.962,983.2317494195473,939.512,856.5295247735061,690.149,989.6499948897978,916.105,866.2060515759566,660.881,812.0565849181339,574.788,351.0625993213573,311.67699999999996
heating_training,E76,2750.0,1088.7134922507714,1063.493,983.9292222262534,940.511,857.4667854116193,692.067,990.2211760836831,917.1709999999999,867.0115060625338,662.94,813.0495123309687,577.01,351.7673248735288,312.24
heating_training,E76,2800.0,1088.996362875759,1063.042,984.5751573498413,941.329,858.3878526469884,693.799,990.734908113336,918.045,867.8464325415628,664.805,814.0327807274002,579.0229999999999,352.4464724247125,312.768
heating_training,E76,2850.0,1089.3355832603215,1063.458,985.1992771447325,942.1229999999999,859.2729160283977,695.438,991.2680317946982,918.882,868.6385358504117,666.593,814.9825505440568,580.9749999999999,353.10114967020894,313.294
heating_training,E76,2900.0,1089.786956186134,1063.96,985.8208142089483,943.024,860.124587845978,697.049,991.8428047522694,919.795,869.3972079601364,668.3199999999999,815.895535300871,582.844,353.732431935444,313.792
heating_training,E76,3000.0,1090.5533070758472,1065.431,987.1963741306189,945.054,861.9715174684512,700.318,993.2376468487788,921.8299999999999,871.2168031591475,671.8599999999999,817.8743188058061,586.644,354.92893850501525,314.846
heating_training,E76,3050.0,1090.8247987591365,1065.202,987.7624488640035,945.92,862.7722539322415,701.816,993.6885894113509,922.741,871.9121540598512,673.491,818.7384442658098,588.4,355.4961629758185,315.33399999999995
heating_training,E76,3100.0,1091.0577695271202,1065.342,988.3013202330009,946.687,863.5623283450557,703.313,994.1366474885983,923.509,872.6364410796543,675.112,819.5975866626621,590.108,356.04403417131914,315.82599999999996
heating_training,E76,3150.0,1091.3136805149347,1065.4209999999998,988.8150701775462,947.528,864.3311802209489,704.824,994.5728276968699,924.375,873.3412670718516,676.765,820.4380497377296,591.8879999999999,356.57356207328985,316.35799999999995
heating_training,E76,3200.0,1091.5842247116227,1066.3400000000001,989.3207543468209,948.292,865.078949655066,706.2159999999999,995.0314480549779,925.167,874.0268639023884,678.241,821.2578959429572,593.49,357.0856479851273,316.83599999999996
heating_training,E76,3300.0,1092.0333198603364,1066.195,990.3729834468302,949.894,866.670120905021,708.9659999999999,996.0295061956851,926.833,875.572746516513,681.201,823.0117045210849,596.697,358.0602934457253,317.76
heating_training,E76,3350.0,1092.2770768103435,1066.478,990.8099592172418,950.635,867.3442106155319,710.2439999999999,996.3743781800327,927.579,876.1289685379137,682.586,823.7581515045084,598.182,358.5240400766744,318.18499999999995
heating_training,E76,3400.0,1092.449954273308,1065.628,991.2501685237893,951.316,868.0146738906005,711.555,996.7780525489661,928.288,876.7393694507421,683.949,824.5030656692359,599.6669999999999,358.97286135744014,318.62899999999996
heating_training,E76,3450.0,1092.6946642925122,1066.028,991.6663485413384,951.8439999999999,868.6724240703883,712.828,997.1408102426495,928.856,877.3456028537973,685.345,825.2361016598567,601.1669999999999,359.40746478157166,319.092
heating_training,E76,3500.0,1093.0063277147449,1066.5079999999998,992.096245603456,952.506,869.3120405361981,713.962,997.5654046548652,929.471,877.931947889427,686.558,825.9490925070038,602.501,359.82858552847284,319.52299999999997
heating_training,E76,3550.0,1093.3106354778213,1066.501,992.5406993739587,953.158,869.9523926665902,715.106,998.0261667068381,930.145,878.5452696539296,687.799,826.660267295683,603.8399999999999,360.23692137899343,319.965
heating_training,E76,3650.0,1093.682676497941,1066.51,993.4671076280068,954.308,871.3755862010689,717.3589999999999,998.9428667412734,931.324,880.0013602131994,690.265,828.2494581023553,606.497,361.01757982161166,320.83599999999996
heating_training,E76,3700.0,1093.8347110318077,1066.403,993.8393578315766,954.711,871.9849196551199,718.4069999999999,999.2220644233602,931.774,880.5235922261114,691.4,828.9357691189358,607.736,361.3909362378581,321.262
heating_training,E76,3750.0,1094.0750452883635,1066.609,994.202256354562,955.1129999999999,872.5738056735917,719.3879999999999,999.5294414048914,932.197,881.0390438498893,692.4590000000001,829.6021378607694,608.919,361.75368220710504,321.668
heating_training,E76,3800.0,1094.2661545923497,1066.679,994.5805078032306,955.679,873.159513907692,720.419,999.9047392379238,932.76,881.5846041742817,693.577,830.2644973402063,610.1659999999999,362.1062527460856,322.09299999999996
heating_training,E76,3850.0,1094.4320858681185,1066.1190000000001,994.9428838662589,956.22,873.7470287103838,721.377,1000.2411151247948,933.289,882.1512699688911,694.593,830.9301328795947,611.316,362.44903219655095,322.45099999999996
heating_training,E76,3950.0,1094.9591754248324,1066.345,995.7199342049537,957.015,874.982606594506,723.213,1001.0066957095498,934.1129999999999,883.3479055446961,696.55,832.3360725472418,613.486,363.10649090087907,323.178
heating_training,E76,4000.0,1095.0535887400872,1066.371,996.0672074733866,957.425,875.5327941261805,724.115,1001.3261513732846,934.521,883.8456087924785,697.5419999999999,832.9621307543113,614.574,363.42200229970433,323.57599999999996
heating_training,E76,4050.0,1095.2722551010256,1066.2379999999998,996.382689802416,957.7909999999999,876.0751418349676,724.954,1001.5808427810977,934.8729999999999,884.344842354254,698.4369999999999,833.5822583282411,615.594,363.7293389582492,323.945
heating_training,E76,4100.0,1095.515257702191,1066.487,996.7273553184419,958.097,876.6068597589037,725.7529999999999,1001.9405575050342,935.209,884.8386395509858,699.284,834.1902450540905,616.5609999999999,364.02895281220503,324.32
heating_training,E76,4150.0,1095.7067410897478,1066.0520000000001,997.0770411409484,958.449,877.1506041046174,726.5899999999999,1002.302154550857,935.595,885.3777612567225,700.173,834.8092748612011,617.5899999999999,364.3212060666363,324.73299999999995
heating_training,E76,4250.0,1096.0113523189882,1065.751,997.7896033315214,959.093,878.3408205112878,728.085,1002.9915038734044,936.254,886.585793017367,701.7919999999999,836.1751226603578,619.424,364.88500911862786,325.447
heating_training,E76,4300.0,1096.142961218646,1065.7849999999999,998.0876064295877,959.3199999999999,878.8520996781277,728.8019999999999,1003.2326605401693,936.5079999999999,887.024779395529,702.554,836.7647875374148,620.309,365.15711069675353,325.77799999999996
heating_training,E76,4350.0,1096.3433383381491,1065.62,998.3830103166118,959.5649999999999,879.3531867159634,729.529,1003.4981324501551,936.7819999999999,887.4734535335479,703.345,837.3441150539057,621.227,365.42294657694094,326.10799999999995
heating_training,E76,4400.0,1096.4855821040535,1066.8,998.6922664071855,959.944,879.8573753325583,730.218,1003.813757603059,937.135,887.9552109213977,704.067,837.9264976379197,622.082,365.6826259669306,326.42499999999995
heating_training,E76,4450.0,1096.6042450213254,1066.4479999999999,998.9848906880302,960.43,880.3654931660462,730.932,1004.0839125545033,937.576,888.4530609291585,704.807,838.5148690725941,622.9,365.936303460178,326.746
heating_training,E76,4550.0,1096.8206884370054,1067.193,999.5860276138862,961.22,881.4501847591426,732.309,1004.6507244262929,938.346,889.523839500166,706.261,839.7819953562131,624.502,366.4268189517259,327.38899999999995
heating_training,E76,4600.0,1096.9589219344182,1067.2640000000001,999.8410645944281,961.64,881.9132511736165,732.938,1004.8605702146181,938.7429999999999,889.9118828963612,706.9459999999999,840.3246935255545,625.248,366.66425898131394,327.705
heating_training,E76,4650.0,1097.0827894445515,1067.579,1000.105949432476,961.8919999999999,882.37692665076,733.611,1005.1191199828651,939.01,890.3387976381917,707.671,840.8681714262441,626.0419999999999,366.89683059649417,328.032
heating_training,E76,4700.0,1097.2683314080641,1067.3029999999999,1000.3691140137367,962.223,882.8382748700501,734.2049999999999,1005.3751866850066,939.34,890.7739953384869,708.306,841.4084361426104,626.775,367.1247051424352,328.327
heating_training,E76,4750.0,1097.408801247473,1066.358,1000.6487530939686,962.507,883.304769059158,734.8,1005.6748906709413,939.61,891.2321007811868,708.932,841.9537522241695,627.47,367.34805527787057,328.63199999999995
heating_training,E76,4850.0,1097.8323854905693,1066.0529999999999,1001.2433464358214,963.044,884.3189760785195,735.929,1006.2801709148557,940.168,892.2475489183873,710.1610000000001,843.1405054001531,628.858,367.7814668730763,329.15599999999995
heating_training,E76,4900.0,1097.8900369760856,1067.984,1001.5135187981397,963.3729999999999,884.7741478149517,736.502,1006.5383236214876,940.4789999999999,892.6682880407967,710.755,843.6722404248565,629.538,367.99155901695815,329.416
heating_training,E76,4950.0,1097.9975106448833,1066.952,1001.7526100788593,963.728,885.2297338972008,737.077,1006.7257331474781,940.819,893.1015591514936,711.351,844.2077494634705,630.172,368.19734484601827,329.686
heating_training,E76,5000.0,1098.1517912942554,1067.107,1002.0019812052591,963.8779999999999,885.6728908697903,737.603,1006.9672220156494,940.985,893.5122694667481,711.902,844.7310102828576,630.7819999999999,368.39905605297906,329.942
heating_training,E76,5050.0,1098.2737372386898,1067.3319999999999,1002.2602671162243,964.116,886.1207181394819,738.125,1007.2340235338005,941.208,893.9478596421108,712.473,845.2577639588492,631.41,368.5969637806387,330.245
heating_training,E76,5100.0,1098.2528240726483,1066.913,1002.5068175435343,964.385,886.5825413205625,738.588,1007.4675507296998,941.475,894.4203310101001,712.978,845.802793756847,632.002,368.791362012175,330.522
heating_training,E76,5200.0,1098.3806626546204,1066.798,1002.9362346805573,964.61,887.524446690984,739.53,1007.7971178851385,941.72,895.3152321777216,713.989,846.9382179777795,633.131,369.1703379204978,331.066
heating_training,E76,5250.0,1098.5019054888305,1067.385,1003.1415526245479,964.838,887.9215710975149,739.9459999999999,1007.9931815214189,941.894,895.6357482176755,714.4359999999999,847.4153864343599,633.659,369.3551271002232,331.308
heating_training,E76,5300.0,1098.5769665828946,1066.606,1003.3648128442615,965.039,888.3295882425449,740.372,1008.2370706468487,942.134,896.0212701222995,714.899,847.9023011391189,634.189,369.53677677017595,331.537
heating_training,E76,5350.0,1098.6328542213516,1066.547,1003.5782476434329,965.182,888.7463618593831,740.798,1008.4439897617993,942.298,896.4344790221814,715.365,848.3999115998895,634.741,369.7152102858598,331.777
heating_training,E76,5400.0,1098.8032497790546,1066.974,1003.789131408603,965.387,889.1517213499402,741.2570000000001,1008.6469739102463,942.5,896.8149202322269,715.813,848.8856036577422,635.242,369.8903219911625,331.993
heating_training,E76,5500.0,1099.2093771503683,1067.016,1004.3441381390078,965.8439999999999,890.059499565051,742.073,1009.2988749881409,942.91,897.7396537463369,716.685,849.956793546594,636.1949999999999,370.23079794197946,332.442
heating_training,E76,5550.0,1099.4057550132916,1067.063,1004.5895876206555,965.982,890.4649953042511,742.479,1009.5334656289873,943.047,898.1102757745599,717.111,850.4337790034289,636.6769999999999,370.39648570065407,332.68399999999997
heating_training,E76,5600.0,1099.5729664447983,1067.263,1004.8463233579408,966.1569999999999,890.8828216673004,742.844,1009.8009980061057,943.2049999999999,898.5251710264213,717.505,850.9244363240226,637.122,370.5594741497465,332.90999999999997
heating_training,E76,5650.0,1099.7009938066712,1067.637,1005.097912336801,966.375,891.311720718122,743.171,1010.049156113587,943.3969999999999,898.9629591626141,717.8789999999999,851.4282796532315,637.553,370.71999960685145,333.13399999999996
heating_training,E76,5700.0,1099.8293406636074,1067.848,1005.3396999917312,966.592,891.7408428363323,743.54,1010.2750067471165,943.629,899.3906117181685,718.247,851.934621807246,637.983,370.8782220367568,333.361
heating_training,E76,5800.0,1100.056700276117,1068.529,1005.851023909805,967.083,892.6694191559291,744.2729999999999,1010.7744703255144,944.095,900.3225374152435,719.0229999999999,853.0355263056686,638.8309999999999,371.188302643919,333.791
heating_training,E76,5850.0,1100.1462080986382,1067.943,1006.065946637957,967.381,893.0716854603897,744.621,1010.9509660968079,944.377,900.6708781417532,719.394,853.5142834845662,639.237,371.34023366015265,333.943
heating_training,E76,5900.0,1100.2542980209312,1067.76,1006.2773175396158,967.579,893.4709102152442,745.026,1011.1399230070975,944.572,901.036696067183,719.818,853.9909607737599,639.689,371.4899733735537,334.104
heating_training,E76,5950.0,1100.2346940953903,1067.246,1006.4872484371527,967.7379999999999,893.8785777114592,745.372,1011.338595919108,944.75,901.4384757858795,720.165,854.4790535380417,640.074,371.63746087782476,334.275
heating_training,E76,6000.0,1100.2072655945792,1067.917,1006.6584738781821,967.848,894.2817313085274,745.6949999999999,1011.4488172621494,944.852,901.8263135810587,720.498,854.9672993558215,640.4459999999999,371.7827645432551,334.457
heating_training,E76,6100.0,1100.1554117410387,1067.866,1006.9948602900779,968.101,895.106574597767,746.285,1011.7215136509617,945.111,902.5996199087381,721.1389999999999,855.9827396103628,641.1610000000001,372.0674547256469,334.86899999999997
heating_training,E76,6150.0,1100.252633886515,1067.6979999999999,1007.1385982133079,968.2429999999999,895.4495431466254,746.588,1011.8347874195908,945.2579999999999,902.8650251799305,721.45,856.4066983016239,641.529,372.2070142312417,335.078
heating_training,E76,6200.0,1100.341805802668,1068.174,1007.3148552254082,968.4069999999999,895.7951648558619,746.872,1012.0438059550976,945.385,903.1764855769685,721.752,856.8304212633938,641.858,372.3446805983151,335.28099999999995
heating_training,E76,6250.0,1100.4174961660465,1068.71,1007.4942873121335,968.672,896.1541401850599,747.149,1012.2402778953123,945.612,903.5334975008969,722.0229999999999,857.2669453535698,642.182,372.4803607364386,335.471
heating_training,E76,6300.0,1100.5550737101962,1068.54,1007.6777073095708,968.881,896.5134316779095,747.448,1012.4355004811232,945.816,903.8858977666981,722.346,857.7036061568568,642.5139999999999,372.6139908797842,335.64099999999996
heating_training,E76,6400.0,1100.6423421415113,1068.4969999999998,1008.1061771016721,969.114,897.3398213228689,748.019,1012.9079946560769,946.044,904.7572551601123,722.935,858.7006320778002,643.154,372.87501761551954,335.99899999999997
heating_training,E76,6450.0,1100.703109315992,1067.444,1008.2721265693763,969.193,897.6976081659504,748.269,1013.0281794741012,946.155,905.0704641356052,723.2139999999999,859.1360045770539,643.476,373.0025226714082,336.183
heating_training,E76,6500.0,1100.7489290560802,1066.938,1008.4415648991979,969.199,898.0530246803872,748.53,1013.1827410830335,946.177,905.3983914807745,723.476,859.5704069344857,643.7860000000001,373.12811362816944,336.36699999999996
heating_training,E76,6550.0,1100.8583184926033,1066.991,1008.6077193982693,969.1089999999999,898.4036697082694,748.74,1013.3364320280064,946.083,905.723904083144,723.707,859.999230921308,644.0709999999999,373.25184576825745,336.53099999999995
heating_training,E76,6600.0,1100.932580990345,1067.8319999999999,1008.7910278975577,969.0989999999999,898.7577402203785,748.948,1013.5387321972194,946.066,906.0677831234608,723.9179999999999,860.4306531721609,644.338,373.3737145011321,336.69399999999996
heating_training,E76,6650.0,1101.092541708081,1067.78,1008.9706271971567,969.2909999999999,899.1107767815673,749.127,1013.7194159123025,946.208,906.4078628614728,724.14,860.859597874511,644.6089999999999,373.4937586858467,336.847
heating_training,E76,6750.0,1101.4079620237387,1068.2069999999999,1009.4402257577481,969.711,899.9128329751311,749.586,1014.2739647961064,946.619,907.240248206972,724.627,861.8200142782903,645.13,373.7285728538525,337.171
heating_training,E76,6800.0,1101.529418922672,1068.501,1009.6411467134637,969.779,900.2723596896429,749.803,1014.4568098083386,946.678,907.5727382037554,724.853,862.2502849640434,645.392,373.8435679520842,337.306
heating_training,E76,6850.0,1101.5497674206538,1067.705,1009.838314111194,969.891,900.6445941596083,750.011,1014.6409879339798,946.781,907.9470681276496,725.066,862.6972057818074,645.631,373.957121950259,337.448
heating_training,E76,6900.0,1101.5558006081787,1067.272,1010.0057784805904,969.9119999999999,901.0160223618442,750.2249999999999,1014.7598579586202,946.832,908.3123379692637,725.287,863.1477187492532,645.891,374.06937407002295,337.57899999999995
heating_training,E76,6950.0,1101.5098058017556,1068.299,1010.1606013718092,969.853,901.3794640572912,750.383,1014.8762435858764,946.798,908.6578312414515,725.487,863.5936530944879,646.1179999999999,374.1803519192954,337.702
heating_training,E76,7050.0,1101.7239853110555,1068.665,1010.4732463900924,970.313,902.1059465026618,750.752,1015.1483546299488,947.184,909.3143728058855,725.877,864.4962907105538,646.5809999999999,374.39835732485346,337.91099999999994
heating_training,E76,7100.0,1101.7587730459536,1068.137,1010.6388543639576,970.491,902.4308010191806,750.986,1015.33480433979,947.3489999999999,909.6026314248188,726.1289999999999,864.8946358223667,646.8340000000001,374.5053002855003,338.025
heating_training,E76,7144.0,1101.7715876111545,1067.693,1010.7744240062997,970.472,902.7239674158653,751.1579999999999,1015.4631644812155,947.353,909.8891325112314,726.308,865.2528813721057,647.019,374.5983112579874,338.123
heating_training,E77,0.0,295.3565,310.26,295.3565,317.86199999999997,295.3565,319.984,295.3565,318.99399999999997,295.3565,321.865,295.3565,322.57,295.3565,308.08399999999995
heating_training,E77,50.0,326.0391538568252,346.686,310.64529074582475,346.442,301.3916899301811,329.808,333.0122741386444,333.02299999999997,310.51032601212364,325.60999999999996,299.7974124811954,325.294,295.3568685152926,307.83299999999997
heating_training,E77,100.0,355.89051215969414,383.27,332.94742178918455,392.364,316.48830783256193,358.804,374.2496235407707,369.07599999999996,342.0277453003137,344.88699999999994,313.272809714946,339.876,295.3589199343737,307.59499999999997
heating_training,E77,150.0,381.7188292001271,414.554,355.99554211224216,431.01599999999996,335.25227939521835,386.082,406.28205474383867,403.24199999999996,372.90863554983616,365.55199999999996,330.86335352405206,355.041,295.36324130264336,307.33099999999996
heating_training,E77,200.0,403.13748462667235,442.467,377.23090366621966,465.436,354.1900861925494,410.928,428.80731446935874,435.465,397.36651411754167,385.241,348.9845397867899,368.95899999999995,295.37176835659034,307.09
heating_training,E77,250.0,420.524532211065,462.21899999999994,395.7471755974837,490.384,371.62366671748356,429.941,444.1098103150988,459.856,415.19467857358023,400.849,365.84616871085876,380.08099999999996,295.38891060771743,306.88199999999995
heating_training,E77,300.0,434.4679302499481,477.556,411.40391950000026,510.346,386.9077924208824,445.645,454.4472909602861,480.022,427.7795107584332,414.16599999999994,380.7232827402974,389.953,295.42103808516697,306.68399999999997
heating_training,E77,350.0,445.5734624473067,490.54099999999994,424.4007513883248,526.992,399.92933519148573,459.188,461.5043385614745,496.95399999999995,436.6046079160244,425.93499999999995,393.45022553161346,399.06899999999996,295.4753329738754,306.491
heating_training,E77,400.0,454.3862249442853,501.03,435.0698166824704,540.175,410.8308293679311,470.032,466.42696235233916,510.437,442.8491567476277,435.388,404.1348470631485,406.751,295.5584518538155,306.32399999999996
heating_training,E77,450.0,461.33899013372894,508.92099999999994,443.76398081740234,550.858,419.86176899646443,479.489,469.9419754219326,521.6949999999999,447.35696242063693,443.79699999999997,413.00520659895875,414.01699999999994,295.67560981821464,306.176
heating_training,E77,500.0,466.8132494388512,514.259,450.8083981376743,558.2059999999999,427.28825887853924,487.24899999999997,472.49645710747524,529.991,450.6720098464638,450.95899999999995,420.3137486946958,420.655,295.83011998647515,306.046
heating_training,E77,550.0,471.139861004457,518.91,456.5064796964395,564.922,433.36804963903467,494.068,474.4171345516071,537.476,453.1628618243712,457.34399999999994,426.30580415323504,426.92099999999994,296.02326164371294,305.91499999999996
heating_training,E77,600.0,474.5688439757165,523.649,461.1220794504563,569.947,438.34148277842814,499.437,475.9224661519249,542.8979999999999,455.095657960857,462.501,431.2126518200206,432.272,296.25445319960136,305.804
heating_training,E77,650.0,477.27469153771165,527.077,464.86388899284213,574.2919999999999,442.4159033285753,504.38199999999995,477.12492063060216,547.8,456.6447020049273,467.24299999999994,435.23747844634613,437.23299999999995,296.52146299539004,305.66299999999995
heating_training,E77,700.0,479.4051010721191,529.94,467.89505672984865,578.4,445.7569399444767,509.13599999999997,478.0845988285861,552.3,457.90425639399746,471.86899999999997,438.5435476454744,442.205,296.82093183360814,305.532
heating_training,E77,750.0,481.10395508767056,533.538,470.3580268901944,582.267,448.49967645254304,513.152,478.87290832618123,556.271,458.93793330639966,475.80499999999995,441.26183787893973,446.45099999999996,297.1488047029821,305.417
heating_training,E77,800.0,482.45582418679777,536.864,472.37269597915036,585.899,450.764209141027,517.064,479.5470786463976,560.086,459.81681386891296,479.61899999999997,443.50929502248295,450.566,297.50073781192015,305.33599999999996
heating_training,E77,850.0,483.52997578255406,539.5899999999999,474.023784665472,589.371,452.64398021892964,521.0219999999999,480.1167113688496,563.746,460.5755963316195,483.495,445.37920148121896,454.772,297.8723615929709,305.239
heating_training,E77,900.0,484.4107267035987,541.467,475.3883198537486,592.191,454.2115803850171,524.429,480.61777041971794,566.861,461.23354629321085,486.91999999999996,446.94169936662627,458.514,298.25948830620086,305.17499999999995
heating_training,E77,950.0,485.11256414366767,543.962,476.5280744807667,594.925,455.5354645508011,527.632,481.0711099064095,569.804,461.8329558147098,490.109,448.26418725317063,462.131,298.65823979945685,305.12899999999996
heating_training,E77,1000.0,485.70718949700495,545.738,477.48362524765435,597.69,456.65794352370654,530.8820000000001,481.47325838164636,572.7159999999999,462.3654864638959,493.335,449.38901757967767,465.86,299.06508161878173,305.114
heating_training,E77,1050.0,486.1984324319294,547.813,478.302695198456,599.99,457.62531184622605,533.663,481.86093186368504,575.2149999999999,462.8657256866367,496.254,450.36003878281224,469.158,299.47684305445443,305.09799999999996
heating_training,E77,1100.0,486.6217379022214,549.265,479.0060475888583,601.858,458.46584057483824,536.363,482.21415603232475,577.422,463.3284307431875,499.04699999999997,451.20676816498656,472.299,299.89068081158837,305.09
heating_training,E77,1150.0,486.97639509908583,550.64,479.62004723585346,603.692,459.2061855139274,538.886,482.54879076839785,579.404,463.7667920435439,501.71399999999994,451.9547075290594,475.356,300.3041178671706,305.08799999999997
heating_training,E77,1200.0,487.2895584492817,552.3119999999999,480.1570416150652,605.905,459.8619027881956,541.256,482.8543852381646,581.675,464.1729206378724,504.18499999999995,452.6199815546876,478.144,300.7150325432599,305.118
heating_training,E77,1250.0,487.58043753495207,553.281,480.6402187449597,608.0989999999999,460.4498153036814,543.655,483.159367303889,583.961,464.55711026263157,506.75699999999995,453.21726083271477,480.84399999999994,301.1216088570301,305.12699999999995
heating_training,E77,1300.0,487.81609728793046,554.211,481.07476134387485,609.337,460.9874172258452,546.117,483.4440049540525,585.675,464.93539661744774,509.361,453.7656204804162,483.784,301.52230778311366,305.13599999999997
heating_training,E77,1350.0,488.0377408126642,554.9449999999999,481.46017558111765,609.958,461.47320731866165,547.703,483.69263629096196,586.491,465.27655321174217,511.41999999999996,454.26425280583334,486.116,301.9158317061908,305.15799999999996
heating_training,E77,1400.0,488.2213467478851,557.683,481.8120285227331,612.011,461.92030544659445,549.48,483.93403132111797,588.281,465.6056470668803,513.4269999999999,454.724516095975,488.327,302.30119410751206,305.2
heating_training,E77,1450.0,488.3867099877521,557.866,482.12556767691245,613.553,462.32980941047174,551.573,484.1424312547918,590.072,465.9080732830256,515.559,455.1492573961346,490.70799999999997,302.67771350394275,305.25399999999996
heating_training,E77,1500.0,488.5529250915917,558.941,482.41747356143605,614.476,462.7074830389975,553.358,484.3556109322833,591.191,466.1920484847697,517.5999999999999,455.54157222248296,493.08299999999997,303.04489325390216,305.30499999999995
heating_training,E77,1550.0,488.6992407679865,559.9749999999999,482.6920930197853,615.863,463.06458091307195,554.922,484.56777243346124,592.5799999999999,466.47720124226936,519.39,455.91336133655034,495.04499999999996,303.4023873241142,305.36199999999997
heating_training,E77,1600.0,488.83664457062656,561.0419999999999,482.9454225224012,617.093,463.4004333710184,556.576,484.76062292992896,593.9449999999999,466.74840586348927,521.174,456.2651066874254,497.06899999999996,303.7499538977155,305.428
heating_training,E77,1650.0,488.95463233118863,561.144,483.18130549294193,617.952,463.71798648058865,558.0909999999999,484.9419759028347,594.977,467.00937400966933,522.9069999999999,456.59919276127874,498.981,304.08746409721556,305.49699999999996
heating_training,E77,1700.0,489.07301273108743,561.457,483.39983575564423,617.8979999999999,464.01620095755186,559.275,485.1095855092278,595.328,467.25210652510583,524.468,456.91469585595945,500.855,304.41491433460914,305.587
heating_training,E77,1750.0,489.18742488171887,563.345,483.61021104480585,619.623,464.3008179768609,560.526,485.283261522383,596.703,467.4905831660158,525.814,457.21606030721483,502.43899999999996,304.7324153350339,305.678
heating_training,E77,1800.0,489.29294536700695,564.684,483.8096033361532,621.171,464.5745541589199,561.986,485.44785102610444,598.15,467.72544800543125,527.405,457.50708709537065,504.14,305.0401019460262,305.75
heating_training,E77,1850.0,489.4068850386347,564.384,484.0013862201288,621.938,464.83632893930667,563.633,485.6112838733072,599.223,467.9496632696332,529.1479999999999,457.7859989722533,505.99199999999996,305.33810677579754,305.84299999999996
heating_training,E77,1900.0,489.51687890872296,564.555,484.19098531052134,622.2929999999999,465.09187146643677,564.703,485.78236589177925,599.843,468.1769968172873,530.434,458.0580098272811,507.56999999999994,305.6266028320035,305.938
heating_training,E77,1950.0,489.6159415760052,563.377,484.371526672178,621.825,465.34089235753726,565.5039999999999,485.93884137711484,599.8299999999999,468.4008767851779,531.531,458.3244137840271,508.938,305.90581362486455,306.043
heating_training,E77,2000.0,489.7092445929918,565.2729999999999,484.5419539353968,622.4079999999999,465.5803368097303,566.039,486.0818072924446,600.18,468.6121393940553,532.3399999999999,458.58188371613534,510.157,306.17597689967863,306.145
heating_training,E77,2050.0,489.7980702691826,564.99,484.7042914230416,622.999,465.8102115086261,566.983,486.2182483863493,600.88,468.812751990947,533.3879999999999,458.8299210191426,511.35299999999995,306.4372962311948,306.236
heating_training,E77,2100.0,489.8865815946963,566.31,484.8600949315048,624.136,466.031540397774,567.951,486.3512022184038,601.8889999999999,469.00566402803247,534.421,459.06937627750415,512.5409999999999,306.6900014628345,306.32899999999995
heating_training,E77,2150.0,489.96467248002745,567.174,485.0093068980429,625.0999999999999,466.2461670921106,569.04,486.4784204344027,602.8409999999999,469.1950537845344,535.575,459.3022938172686,513.778,306.93433965977556,306.42199999999997
heating_training,E77,2200.0,490.0631498285469,569.21,485.1548675701755,626.6659999999999,466.4514598444447,570.26,486.60788206938446,604.1959999999999,469.3718821192592,536.845,459.52534056283514,515.015,307.1705119177044,306.53
heating_training,E77,2250.0,490.1592793518305,565.941,485.3061680360224,626.047,466.6565298976664,571.569,486.7576809795766,604.622,469.56132403474874,538.1949999999999,459.7465916029672,516.501,307.39872328188056,306.614
heating_training,E77,2300.0,490.22172292505866,565.2049999999999,485.4454897210799,624.823,466.86015765692866,571.486,486.8758172335594,603.524,469.7524882834341,538.607,459.9685483922837,517.4209999999999,307.6192266957026,306.71
heating_training,E77,2350.0,490.2668219602242,564.169,485.56322432478953,623.087,467.0501061939863,571.276,486.95174393575445,602.28,469.91352710109663,538.771,460.179385946273,518.208,307.8323049659159,306.804
heating_training,E77,2400.0,490.3118367004879,562.924,485.66931086613255,621.699,467.22496394000405,570.789,487.0218726020548,601.092,470.0510815318074,538.7249999999999,460.3750987060726,518.7,308.0382481249404,306.92499999999995
heating_training,E77,2450.0,490.35946473683214,563.449,485.77120545221277,620.726,467.39064242599005,570.3009999999999,487.1006047415122,600.025,470.1842891710801,538.616,460.560863301955,519.0219999999999,308.2373413342132,307.008
heating_training,E77,2500.0,490.4111344089512,563.232,485.87159010066847,620.777,467.55149806318406,570.396,487.18700130591935,600.068,470.3206640110329,538.838,460.74129970973564,519.463,308.42989737487704,307.13199999999995
heating_training,E77,2550.0,490.4730580385967,564.861,485.97384312230537,621.981,467.7098066165893,570.861,487.284169515822,600.8789999999999,470.4609401764993,539.303,460.9184128574357,520.029,308.61622487901565,307.239
heating_training,E77,2600.0,490.52968436698677,564.656,486.0778100118498,622.438,467.8691713015711,571.612,487.3860358578176,601.412,470.61060221223937,540.056,461.09630734162295,520.787,308.79658023240563,307.35699999999997
heating_training,E77,2650.0,490.58020691656895,564.4639999999999,486.1765690675309,622.393,468.02661406107745,572.0709999999999,487.47443049422236,601.489,470.75719123920044,540.654,461.2731662378918,521.481,308.9712726054892,307.48499999999996
heating_training,E77,2700.0,490.63677216776244,565.156,486.27305672167915,623.011,468.1800205947689,572.5229999999999,487.5618569022436,601.952,470.8965980258553,541.159,461.4460203407871,522.125,309.1406066752561,307.618
heating_training,E77,2750.0,490.70071001455193,565.7139999999999,486.37258519288696,623.1479999999999,468.33253694649255,572.94,487.6602534015044,602.056,471.0383982579574,541.7139999999999,461.61721560433995,522.7249999999999,309.30497952422354,307.738
heating_training,E77,2800.0,490.77373350772064,565.164,486.4763635134715,623.199,468.486178317503,573.414,487.7680103173903,602.29,471.1852972729609,542.271,461.7888335963333,523.362,309.4646803894811,307.85799999999995
heating_training,E77,2850.0,490.82935031048515,565.313,486.57921453481805,623.4359999999999,468.6422341552069,573.673,487.86875116563465,602.511,471.3385071494171,542.645,461.9631965651465,523.848,309.61982871103936,307.94399999999996
heating_training,E77,2900.0,490.8860961384134,565.319,486.67372523189215,623.03,468.7928573831265,573.904,487.9493440578157,602.276,471.4761393147925,543.0,462.13325379389204,524.3299999999999,309.7705014836628,308.06899999999996
heating_training,E77,2950.0,490.92385076842874,564.928,486.7630361883981,623.1379999999999,468.9398820966645,574.0519999999999,488.023232497214,602.3879999999999,471.6095960073526,543.287,462.29991604852484,524.739,309.9169006425601,308.18499999999995
heating_training,E77,3000.0,490.9713154358413,564.679,486.8436536624164,622.6669999999999,469.077949227784,574.156,488.0842086173075,602.0139999999999,471.7249766230664,543.528,462.45819591874096,525.13,310.05919911556975,308.27599999999995
heating_training,E77,3041.0,491.01358224495857,565.544,486.91124078896075,623.3499999999999,469.18629868247535,574.299,488.146536647068,602.429,471.8164413403897,543.727,462.58159466822184,525.356,310.1728973215121,308.37
heating_validation,E78,0.0,294.32149999999996,295.871,294.32149999999996,294.484,294.32149999999996,294.279,294.32149999999996,294.42199999999997,294.32149999999996,294.36499999999995,294.32149999999996,294.347,294.32149999999996,294.179
heating_validation,E78,50.0,328.64234306456206,335.716,309.2255843524363,323.96299999999997,299.4560615658471,302.85799999999995,330.6920398940215,309.332,307.0113521215747,298.21799999999996,297.85990884184065,296.46099999999996,294.3218866281336,294.19399999999996
heating_validation,E78,100.0,363.86072521335853,378.948,332.5671690123001,372.39599999999996,313.73214064886184,330.118,374.73966190882476,347.21999999999997,337.195118663869,317.24899999999997,310.226119175453,309.018,294.32406680302927,294.20399999999995
heating_validation,E78,150.0,395.65854819717595,419.0,358.1748466120716,417.12699999999995,332.89376667453547,358.618,412.30476416129807,387.101,369.99448633501635,339.794,327.7945356244435,324.234,294.32872544808083,294.215
heating_validation,E78,200.0,423.0485245506476,449.211,383.0599480469435,450.703,353.51786914457557,381.044,441.32939622066186,419.03999999999996,398.6183467916761,358.30999999999995,347.1581115143083,336.614,294.33781671296083,294.229
heating_validation,E78,250.0,446.05428387365976,475.2,405.8279571135813,479.303,373.60416954197,400.006,462.9828291833576,446.678,421.5423983472855,374.29499999999996,366.2556688099064,347.30899999999997,294.3558785788404,294.243
heating_validation,E78,300.0,465.1006067963218,498.313,425.93432290963324,505.282,392.1175478725254,417.52,478.975414268245,472.27,439.2421892658101,389.26099999999997,383.993466990959,357.816,294.38978219818887,294.255
heating_validation,E78,350.0,480.7145871889138,516.12,443.3001109103436,525.376,408.61686201026754,431.58,490.8317862824248,492.45899999999995,452.7369982289427,401.491,399.88203322697933,366.82399999999996,294.4476117429564,294.287
heating_validation,E78,400.0,493.4297137011763,531.6659999999999,458.07538910072134,543.7239999999999,423.003571598024,444.871,499.70180177717066,511.068,463.02458325896845,413.248,413.78669925003067,375.80699999999996,294.53742499567295,294.317
heating_validation,E78,450.0,503.7371288487359,543.231,470.5190451439533,558.045,435.36458196389543,455.676,506.42240002967543,525.717,470.9191721758987,422.91099999999994,425.76653362486655,383.60499999999996,294.66609224264414,294.378
heating_validation,E78,500.0,512.083082104684,552.94,480.9281681272793,570.04,445.87807112002804,465.24299999999994,511.5910745041128,538.267,477.03825097028533,431.575,435.97790342912424,390.90599999999995,294.83856623895906,294.40999999999997
heating_validation,E78,550.0,518.8105049788398,561.3489999999999,489.6001262117156,580.3969999999999,454.76485406176545,473.705,515.6351664719749,549.104,481.85408999466574,439.36199999999997,444.624658577421,397.65999999999997,295.0575940709323,294.474
heating_validation,E78,600.0,524.2647416929093,568.345,496.80313902984074,589.828,462.2423152420052,481.904,518.8381189252804,559.137,485.6858669861071,446.97499999999997,451.9120936643475,404.568,295.3238335734916,294.537
heating_validation,E78,650.0,528.7056411448974,574.9110000000001,502.7967019540329,597.517,468.5241405201063,488.71,521.4561387629127,567.117,488.7911455521567,453.352,458.04086544096367,410.48799999999994,295.63603451219643,294.63399999999996
heating_validation,E78,700.0,532.3199459614181,579.665,507.79180996246515,604.535,473.808460598018,495.48299999999995,523.6311306296155,574.719,491.3661809967567,459.70899999999995,463.20191155568733,416.629,295.99147493791213,294.715
heating_validation,E78,750.0,535.2738044641127,582.768,511.9613473736041,609.5419999999999,478.26089065655196,501.042,525.4543939603981,580.344,493.5313761873776,465.10699999999997,467.5558872368337,422.179,296.386267516934,294.79699999999997
heating_validation,E78,800.0,537.7069170651997,586.15,515.4552958240554,614.0319999999999,482.02178593786624,506.062,527.0103578892956,585.352,495.3745959189336,470.02,471.2378818472833,427.432,296.8156475211073,294.897
heating_validation,E78,850.0,539.6901536379464,589.829,518.3936265724113,618.7249999999999,485.21405656595243,511.003,528.3495033048301,590.364,496.9742664321987,474.846,474.36756873128036,432.65599999999995,297.2744582908486,295.00199999999995
heating_validation,E78,900.0,541.309320924027,592.4929999999999,520.8632191513155,622.576,487.9316266058732,515.4259999999999,529.4833176060222,594.5360000000001,498.3639021811456,479.24899999999997,477.0381057133787,437.417,297.7574036321337,295.10799999999995
heating_validation,E78,950.0,542.6361357297645,595.429,522.9466591495603,626.17,490.25164052206924,519.533,530.4572557125459,598.414,499.57348480375424,483.376,479.32345510660247,441.85299999999995,298.25939041888057,295.203
heating_validation,E78,1000.0,543.7560304878234,598.877,524.7156460489504,630.0619999999999,492.23954715136665,523.7239999999999,531.3122479888542,602.471,500.6315121631494,487.54999999999995,481.2860754534625,446.402,298.77562321683246,295.337
heating_validation,E78,1050.0,544.7350592241271,600.997,526.2417986349785,633.265,493.95651921344813,527.598,532.1072449887646,605.9929999999999,501.5789590715113,491.46399999999994,482.98301292240916,450.59999999999997,299.3017652683051,295.45399999999995
heating_validation,E78,1100.0,545.5739514808527,602.914,527.5759776134531,636.2719999999999,495.4611240317183,531.376,532.8582842210561,609.303,502.4634635508642,495.29599999999994,484.4716654923733,454.79099999999994,299.8339408464136,295.61899999999997
heating_validation,E78,1150.0,546.2924581694011,605.75,528.7429688310552,639.345,496.7915985865484,534.729,533.538988933559,612.447,503.28874770915274,498.73,485.7919411813997,458.55899999999997,300.36871792193404,295.791
heating_validation,E78,1200.0,546.9003737938995,607.957,529.7678940851572,642.25,497.9753003170483,538.0999999999999,534.1537977627842,615.553,504.0538687765086,502.14599999999996,486.97075368526913,462.215,300.90309990254025,295.96299999999997
heating_validation,E78,1250.0,547.4347032070804,610.1659999999999,530.6709701121285,645.106,499.03181973899314,541.6189999999999,534.7073102653069,618.6569999999999,504.754393384073,505.71799999999996,488.0271459604446,466.051,301.4345009327111,296.178
heating_validation,E78,1300.0,547.9136320857898,611.6769999999999,531.4793426572255,647.4639999999999,499.9817086550077,544.6859999999999,535.2299517003308,621.238,505.40337378063896,508.846,488.97943699492765,469.48199999999997,301.96075904894616,296.366
heating_validation,E78,1350.0,548.3268948465162,612.488,532.2065073567957,649.701,500.8452943792288,547.653,535.7170585596913,623.662,506.01763358731847,511.86799999999994,489.8481236792465,472.798,302.4799535331466,296.56
heating_validation,E78,1400.0,548.6902212778932,615.425,532.858335621459,652.329,501.63267652975225,550.597,536.1563862439693,626.246,506.5905794675715,514.904,490.6440456111354,476.154,302.9904667387059,296.77099999999996
heating_validation,E78,1450.0,549.029727259906,616.142,533.450419403127,654.4079999999999,502.3521143603967,553.377,536.5698694917247,628.517,507.1214551416477,517.799,491.3738676852294,479.22299999999996,303.49099535560003,296.96
heating_validation,E78,1500.0,549.3075668825728,615.885,533.9914545937469,655.807,503.0187249816903,556.027,536.958631115695,630.245,507.63270580464666,520.5419999999999,492.0525997184721,482.32599999999996,303.9804905138508,297.15099999999995
heating_validation,E78,1550.0,549.5701551690822,617.31,534.4778253796103,656.738,503.6320430977324,558.343,537.2989113374936,631.4159999999999,508.10159626245064,523.073,492.6812813088873,485.269,304.45813229125537,297.371
heating_validation,E78,1600.0,549.8444051011676,616.0319999999999,534.9356963236816,657.928,504.19946142574025,560.402,537.6508154337258,632.737,508.54030903359654,525.316,493.2632354333963,487.88,304.9233289687486,297.58799999999997
heating_validation,E78,1650.0,550.0999683218795,615.931,535.3738636909117,657.762,504.73807443887574,562.173,538.0120157765061,633.015,508.98139675688344,527.405,493.81568891649994,490.433,305.3757408539929,297.82399999999996
heating_validation,E78,1700.0,550.3251897915441,615.799,535.7833644409841,657.88,505.2519946251805,563.723,538.3440762483269,633.3820000000001,509.41604933724807,529.31,494.34538917779685,492.828,305.8151623746361,298.06
heating_validation,E78,1750.0,550.5242343251573,617.766,536.1623382318675,658.615,505.73859822808106,565.073,538.64314205771,634.063,509.8274217750377,530.997,494.84993868928376,494.89,306.2414368359593,298.28099999999995
heating_validation,E78,1800.0,550.69140403784,618.506,536.51129050225,660.096,506.1983351640215,566.854,538.9120141494219,635.5129999999999,510.2146018794676,533.001,495.32960653565516,497.145,306.6545509244123,298.541
heating_validation,E78,1850.0,550.8558922240132,618.211,536.8327896211428,660.762,506.6294916008287,568.5709999999999,539.1572042310027,636.42,510.5709210800713,534.9179999999999,495.7822104162521,499.246,307.0546720144643,298.792
heating_validation,E78,1900.0,551.0218941316776,619.703,537.1400907786913,661.876,507.03762406934055,570.055,539.4086923836298,637.43,510.9115947379859,536.684,496.21128004562786,501.20099999999996,307.4420007527605,299.036
heating_validation,E78,1950.0,551.1715504867636,620.111,537.4338336264417,663.034,507.4302538792771,571.794,539.6560053998292,638.688,511.2505604496734,538.617,496.62504985785574,503.328,307.8167980125728,299.303
heating_validation,E78,2000.0,551.3181147900482,620.53,537.7113351657943,663.586,507.8067142416124,573.296,539.8874715403026,639.39,511.57752694987647,540.265,497.0236660732125,505.24299999999994,308.17936229838074,299.55699999999996
heating_validation,E78,2050.0,551.4604818729131,620.712,537.9783002947,664.395,508.16868549938204,574.652,540.1168203091357,640.241,511.8945842294031,541.7719999999999,497.40782942335346,507.032,308.52999874603165,299.793
heating_validation,E78,2100.0,551.6162260261195,621.395,538.2376231565801,665.0,508.5177163953925,576.077,540.3463419492657,641.0029999999999,512.2022093861489,543.354,497.7788541257162,508.86799999999994,308.86900613050284,300.08099999999996
heating_validation,E78,2150.0,551.7588523754287,621.053,538.4937162208346,665.804,508.8598469341956,577.342,540.5821338172677,641.832,512.5139400599533,544.784,498.14240461715764,510.51699999999994,309.19674265315325,300.32599999999996
heating_validation,E78,2200.0,551.9051692005884,622.037,538.739570433761,666.256,509.19299431370916,578.545,540.8019763451672,642.377,512.817303158611,546.165,498.4979104243624,512.1469999999999,309.51357023552214,300.578
heating_validation,E78,2250.0,552.040636751745,622.179,538.9803678815028,666.699,509.5188348221166,579.761,541.0218493883114,642.939,513.1170524459933,547.546,498.8459964775474,513.756,309.8199049401137,300.85999999999996
heating_validation,E78,2300.0,552.2039450694725,623.18,539.2162328905679,667.7639999999999,509.83508410209873,580.866,541.2394111750165,643.886,513.4041532552269,548.777,499.1845070884395,515.199,310.1161963014393,301.11899999999997
heating_validation,E78,2350.0,552.3269830120418,624.112,539.4527461542365,668.88,510.15138552285,582.183,541.4663022386598,644.972,513.706148216356,550.191,499.52235839110983,516.735,310.4029041744219,301.399
heating_validation,E78,2400.0,552.4362459350908,624.904,539.6668354852675,669.62,510.458557262022,583.435,541.6419228909795,645.8199999999999,513.9899205834188,551.527,499.8544035298505,518.1759999999999,310.68042276599067,301.65299999999996
heating_validation,E78,2450.0,552.5496585339126,625.77,539.8715318964771,670.948,510.75158561441873,584.601,541.8149597338503,646.999,514.2495974907522,552.755,500.1723704036678,519.498,310.94911923844893,301.9
heating_validation,E78,2500.0,552.6858679593133,626.065,540.075070226259,671.923,511.0346321286785,585.9849999999999,542.0013609397968,648.0989999999999,514.5004801058517,554.189,500.47920395778266,520.9749999999999,311.2093222622676,302.192
heating_validation,E78,2550.0,552.8096294687322,625.1769999999999,540.2818454634429,672.231,511.31675888009653,587.154,542.2031531864726,648.689,514.7648430837794,555.4459999999999,500.78401446417865,522.353,311.46146995900284,302.46099999999996
heating_validation,E78,2600.0,552.9166956190942,625.731,540.4781054596298,672.4939999999999,511.59597447788724,588.009,542.3800408705405,648.983,515.0286238893727,556.4749999999999,501.0875000419559,523.5799999999999,311.7060091155513,302.712
heating_validation,E78,2650.0,553.0318078494524,627.142,540.6664321754511,673.189,511.86612404627436,588.9069999999999,542.547077746986,649.614,515.2755632519678,557.5329999999999,501.3824853008527,524.804,311.9432609338194,302.981
heating_validation,E78,2700.0,553.1632183993676,626.402,540.8564677784758,673.509,512.1298160126739,589.814,542.7286868633242,650.121,515.5166290547853,558.5509999999999,501.66977153626823,525.961,312.1735295263077,303.22299999999996
heating_validation,E78,2750.0,553.2791483572383,626.477,541.0470919076798,673.874,512.3932070880986,590.592,542.9144274085432,650.501,515.7668888756248,559.4449999999999,501.9562011409703,527.0129999999999,312.3970402932385,303.46299999999997
heating_validation,E78,2800.0,553.3974781912876,626.454,541.2296493840357,674.026,512.6515115513475,591.4079999999999,543.0816098761816,650.823,516.00824715425,560.373,502.23853841200025,528.112,312.6139587102663,303.705
heating_validation,E78,2850.0,553.4838558581159,625.8299999999999,541.4054452438319,673.978,512.9059269948034,592.038,543.2393884142366,650.906,516.2473427660815,561.1569999999999,502.51738519412305,529.0459999999999,312.8244550128203,303.926
heating_validation,E78,2900.0,553.5626158537627,625.778,541.5630100965302,673.961,513.1495915512021,592.6189999999999,543.3617147234876,650.967,516.4651398714312,561.893,502.7876047207133,530.0129999999999,313.02874434558845,304.167
heating_validation,E78,2950.0,553.6522104101857,625.615,541.7147885536822,674.1379999999999,513.3804604377827,593.1659999999999,543.488905792878,651.2239999999999,516.6632514582354,562.577,503.04440553125784,530.855,313.22696772286724,304.36199999999997
heating_validation,E78,3000.0,553.7213174555253,626.281,541.8621744512212,674.982,513.6060661415939,593.7919999999999,543.6178025318012,651.867,516.8645282527509,563.277,503.2955365665478,531.6959999999999,313.4192042800022,304.57099999999997
heating_validation,E78,3050.0,553.7847513452001,627.375,541.9966304434125,675.333,513.823379128404,594.512,543.7244248896321,652.271,517.0557382516071,564.0840000000001,503.53976314676805,532.535,313.60568780693575,304.794
heating_validation,E78,3100.0,553.8615100157464,627.4079999999999,542.1277073968217,675.92,514.0316287190253,595.338,543.8375710021893,652.906,517.2363461085243,564.943,503.77443976470926,533.492,313.78673496865224,305.03499999999997
heating_validation,E78,3150.0,553.9483380492597,626.722,542.2623364325462,675.969,514.2365724049882,595.962,543.9681255594876,653.0909999999999,517.4213025474953,565.6759999999999,504.00452915990763,534.3409999999999,313.9626805829245,305.25699999999995
heating_validation,E78,3200.0,554.0313033657217,627.213,542.398722214997,676.031,514.4421545900071,596.488,544.1036041435977,653.202,517.6157516092582,566.3299999999999,504.2348120401537,535.163,314.133797982421,305.498
heating_validation,E78,3250.0,554.0985430163281,625.8019999999999,542.5300670775915,676.0429999999999,514.6471505937017,596.9839999999999,544.2257939216709,653.3399999999999,517.8117037795887,566.921,504.46529552803366,535.9269999999999,314.30029228865465,305.736
heating_validation,E78,3300.0,554.1627423286859,625.9649999999999,542.6530899576561,675.671,514.8466791902114,597.29,544.3317273656269,653.048,517.9958148993248,567.3779999999999,504.6912432166953,536.5799999999999,314.46231921452124,305.93499999999995
heating_validation,E78,3350.0,554.2194261943303,626.884,542.7711768621342,675.865,515.0405423136788,597.614,544.4342420533069,653.1859999999999,518.1718300333284,567.837,504.91158966943357,537.1859999999999,314.6200049509789,306.16499999999996
heating_validation,E78,3400.0,554.2517849285648,627.576,542.8792740030038,676.669,515.2295752051426,598.085,544.5200340345092,653.822,518.3432587117031,568.367,505.1280527367089,537.7819999999999,314.773517107846,306.37699999999995
heating_validation,E78,3450.0,554.3095549235951,628.299,542.9787754961176,677.3399999999999,515.4075546394288,598.7719999999999,544.5968578114597,654.5,518.4936493528965,569.0409999999999,505.3339746750519,538.433,314.92303111293586,306.575
heating_validation,E78,3500.0,554.3759101197583,627.995,543.0869387635972,678.01,515.5828307715103,599.5419999999999,544.7064803086793,655.213,518.6503918599095,569.8,505.5348466454126,539.165,315.06872755593406,306.79999999999995
heating_validation,E78,3550.0,554.4392977165751,627.944,543.1963288475872,678.366,515.7601375767674,600.124,544.816718961534,655.603,518.8189949076146,570.4459999999999,505.7375716884662,539.837,315.2108135665288,307.006
heating_validation,E78,3600.0,554.4858252761229,629.747,543.3020067102701,678.825,515.9378984950165,600.616,544.9161197449317,655.989,518.990428188197,571.005,505.94145664797895,540.412,315.3494843141076,307.226
heating_validation,E78,3650.0,554.5214178842826,630.987,543.398212270825,680.192,516.1116648876574,601.386,544.9949845358148,657.135,519.1522930675453,571.713,506.1426405103659,541.059,315.4849452013093,307.428
heating_validation,E78,3700.0,554.5804757733905,630.239,543.4920843116415,680.7909999999999,516.2778597513018,602.213,545.0773597356865,657.851,519.2987904230976,572.511,506.33595689069347,541.785,315.6173790571986,307.62699999999995
heating_validation,E78,3750.0,554.6279193167009,629.8299999999999,543.5914543156703,680.726,516.4448774216456,602.76,545.178372844705,657.944,519.455965562763,573.1569999999999,506.5287028052401,542.472,315.7469647034994,307.83299999999997
heating_validation,E78,3800.0,554.7083628359137,629.991,543.6905013711508,681.026,516.6095016528226,603.171,545.2766875487747,658.2049999999999,519.6083821041009,573.635,506.7191530629827,543.0809999999999,315.8738752364861,308.04699999999997
heating_validation,E78,3850.0,554.768031954415,629.056,543.7998638846457,680.903,516.7796734098586,603.577,545.399081677288,658.269,519.7789963516964,574.098,506.91340532463136,543.64,315.99826262819624,308.239
heating_validation,E78,3900.0,554.8268911791048,629.825,543.9007157668347,680.807,516.9499415144141,603.809,545.4922028777574,658.1669999999999,519.945412869853,574.471,507.1095807569994,544.1579999999999,316.12023476223317,308.45899999999995
heating_validation,E78,3950.0,554.9148187757074,629.479,544.0066851290131,680.762,517.116694184863,604.1189999999999,545.6015521529813,658.222,520.1019754142002,574.832,507.30111711199083,544.601,316.2399425648389,308.65799999999996
heating_validation,E78,4000.0,554.998884554646,629.1669999999999,544.1229173570164,680.5989999999999,517.2884240575167,604.3299999999999,545.7326177765627,658.113,520.2736263704793,575.145,507.49590917540377,545.066,316.3575468454934,308.84
heating_validation,E78,4050.0,555.0976190423897,629.7729999999999,544.2408424502651,680.69,517.4627445005575,604.534,545.858304144072,658.153,520.4476096933624,575.4369999999999,507.69350903152883,545.4459999999999,316.4730997754898,309.05199999999996
heating_validation,E78,4100.0,555.1787664248716,630.23,544.3633229116654,681.252,517.6416622595586,604.912,545.9895058487377,658.634,520.6303775420074,575.805,507.8951711428591,545.895,316.58671049646784,309.241
heating_validation,E78,4150.0,555.2596774493135,629.5219999999999,544.4789485658298,681.425,517.8197036941546,605.3009999999999,546.0982372585217,658.856,520.8051001283711,576.238,508.09730796539446,546.354,316.6984881359644,309.421
heating_validation,E78,4200.0,555.3251302164659,630.598,544.5918440349111,681.893,517.9957796310938,605.662,546.2035170462469,659.227,520.9744005852763,576.635,508.2975560725155,546.771,316.80851583074787,309.609
heating_validation,E78,4250.0,555.4010270672267,630.415,544.6985011563334,681.9649999999999,518.1665445154473,606.0509999999999,546.2974264371036,659.3820000000001,521.1311142386747,577.06,508.49311203131043,547.236,316.91687068861654,309.791
heating_validation,E78,4300.0,555.4946491609045,630.035,544.8110063242746,681.891,518.3345442193888,606.323,546.4122315489582,659.384,521.2861365186658,577.415,508.68436920507537,547.6610000000001,317.0236314662452,309.96799999999996
heating_validation,E78,4350.0,555.5723512277715,629.593,544.9271814598467,681.808,518.5064637062397,606.5509999999999,546.53353568771,659.409,521.4554596828367,577.6959999999999,508.8789004368064,548.02,317.12886939571206,310.16299999999995
heating_validation,E78,4400.0,555.6384238165176,630.2819999999999,545.03536419692,681.983,518.6777033735859,606.7339999999999,546.6316883565405,659.499,521.6212842890517,577.9359999999999,509.0742378116244,548.364,317.23267600130794,310.337
heating_validation,E78,4450.0,555.7108802683088,631.779,545.1396871720743,682.627,518.8439151195045,607.011,546.7257232302114,659.968,521.7748685064672,578.237,509.26472909230597,548.644,317.335125711106,310.50699999999995
heating_validation,E78,4500.0,555.7711198691235,632.5519999999999,545.24246019852,683.457,519.0078323701324,607.555,546.8210224858121,660.75,521.9273995488657,578.728,509.45253845056357,549.054,317.43621074613327,310.644
heating_validation,E78,4550.0,555.8474951430674,631.739,545.3409208972312,684.212,519.1661864952443,608.111,546.9095500008581,661.5029999999999,522.0691665087927,579.271,509.63496332453286,549.515,317.53573580468264,310.77099999999996
heating_validation,E78,4600.0,555.914915842112,631.718,545.443060165951,684.213,519.3235744899554,608.549,547.0118444000498,661.625,522.2155172953215,579.7049999999999,509.81517716729866,549.972,317.63352336469575,310.88
heating_validation,E78,4650.0,555.9489394348665,630.425,545.5343159847673,684.122,519.4801439371263,608.856,547.086609808847,661.692,522.36328267955,580.046,509.99613823364143,550.372,317.72947882205307,311.003
heating_validation,E78,4700.0,555.9946291794023,630.228,545.6128908822074,683.602,519.6265478925305,608.904,547.1397879261933,661.27,522.4877564531218,580.2249999999999,510.168369122078,550.683,317.82366531730634,311.161
heating_validation,E78,4750.0,556.031433343683,630.785,545.6922157223252,683.394,519.768188046233,608.9110000000001,547.2087083610797,661.049,522.610966713714,580.322,510.3346792783252,550.912,317.91624764341157,311.31399999999996
heating_validation,E78,4800.0,556.0793571286599,631.202,545.7672963056942,683.5509999999999,519.9057246382187,609.028,547.2726217940532,661.1949999999999,522.7311395315382,580.491,510.4971549256258,551.127,318.0073514611911,311.457
heating_validation,E78,4850.0,556.0923958254056,630.233,545.8404254934115,683.906,520.043649629324,609.298,547.3372210696191,661.5429999999999,522.8601261183293,580.751,510.6599230254587,551.433,318.0970737030183,311.61199999999997
heating_validation,E78,4900.0,556.1047578246764,629.971,545.897813546493,683.0319999999999,520.1741966610101,609.415,547.3679419404077,660.92,522.9725171318036,580.98,510.81758896779405,551.73,318.18551407829926,311.78099999999995
heating_validation,E78,4950.0,556.115195540561,632.137,545.9526202507341,683.7629999999999,520.2974475177622,609.404,547.4071526643893,661.247,523.0749989832533,581.0039999999999,510.9673318055801,551.848,318.2727303721651,311.916
heating_validation,E78,5000.0,556.1556946504111,631.932,546.0085440181929,684.603,520.41517876584,609.816,547.4574458225175,662.0509999999999,523.1721957057525,581.3789999999999,511.11068163442945,552.124,318.3586936344494,312.03799999999995
heating_validation,E78,5050.0,556.1882159716408,631.8489999999999,546.0742906754093,684.903,520.5363679330687,610.289,547.5337067600085,662.424,523.2870112044659,581.8019999999999,511.25554856928215,552.508,318.4433604729089,312.144
heating_validation,E78,5100.0,556.190787252333,631.124,546.1314504218373,684.798,520.6599399533287,610.5509999999999,547.581912917836,662.421,523.4080182330101,582.103,511.404494849365,552.833,318.5266741444949,312.27099999999996
heating_validation,E78,5150.0,556.2094482324834,633.068,546.1792121679138,685.25,520.7753986683678,610.707,547.6120704400702,662.72,523.5069673159504,582.27,511.54648646196745,553.027,318.6085984738251,312.37899999999996
heating_validation,E78,5200.0,556.26632594935,633.848,546.238067516647,686.2819999999999,520.8868803684179,611.1379999999999,547.6788168944239,663.53,523.602480665083,582.664,511.68190703140397,553.3340000000001,318.6891195571775,312.506
heating_validation,E78,5250.0,556.2836037766949,633.2429999999999,546.3049804758969,686.9359999999999,521.0079248149804,611.703,547.7591312112336,664.271,523.728284765402,583.141,511.8257204513985,553.69,318.76829359029955,312.631
heating_validation,E78,5300.0,556.2987691955883,632.299,546.3570384977003,686.403,521.1267971181004,612.0419999999999,547.7949947849701,664.0509999999999,523.8418876820276,583.547,511.9703406870758,554.098,318.8462179312297,312.751
heating_validation,E78,5350.0,556.3168795314111,632.064,546.4088288226433,686.227,521.2404714906914,612.0609999999999,547.8390625151537,663.877,523.9432352617318,583.649,512.1091685584215,554.318,318.92295304383333,312.88599999999997
heating_validation,E78,5381.0,556.3342434891083,631.689,546.4395715333945,685.819,521.3067210298261,612.092,547.8655659578468,663.635,523.9987298266728,583.704,512.1900708307205,554.4549999999999,318.9699407594572,312.95899999999995
heating_training,E79,0.0,295.85450000000003,299.974,295.85450000000003,301.267,295.85450000000003,302.44399999999996,295.85450000000003,301.828,295.85450000000003,303.04699999999997,295.85450000000003,303.267,295.85450000000003,300.508
heating_training,E79,50.0,332.2848690060701,335.207,310.43093033300835,323.995,300.51340038034294,307.335,331.2031047381967,312.45599999999996,307.2630314222686,304.796,298.95713632160624,304.253,295.8548784727375,300.42999999999995
heating_training,E79,100.0,370.7717785745432,382.953,334.0593913239311,373.77299999999997,314.1481012119623,331.942,376.1544291470642,350.74399999999997,336.22436822950084,321.888,310.5768057997957,314.45599999999996,295.8569763974137,300.334
heating_training,E79,150.0,406.33914545120246,423.04499999999996,360.77091548342503,414.405,333.1562456473186,355.99699999999996,416.2730295112813,386.461,369.30753332391396,340.97799999999995,327.7897223417333,326.813,295.8613311901406,300.238
heating_training,E79,200.0,437.65030765256125,458.456,387.45610102930056,449.971,354.28858044256526,377.448,448.72293299016974,419.28099999999995,399.5546648519777,358.616,347.4146955226016,338.25,295.8698449642096,300.144
heating_training,E79,250.0,464.55095680874456,489.625,412.5214484809063,482.197,375.4742070492234,397.323,474.08992203735664,450.32099999999997,424.8884064434465,375.426,367.3504058145277,349.40999999999997,295.88716425678047,300.048
heating_training,E79,300.0,487.30312506976,514.004,435.2328245716896,507.438,395.5408324427045,413.18999999999994,493.74821687328324,475.149,445.3512260390428,389.10799999999995,386.38249708410325,358.774,295.92044805145434,299.99399999999997
heating_training,E79,350.0,506.34475356358723,534.0909999999999,455.3340512099823,528.973,413.8957241589545,427.15599999999995,508.997997001272,496.48199999999997,461.65949775460945,401.30199999999996,403.8823608137307,367.407,295.9784131028713,299.936
heating_training,E79,400.0,522.1719981650048,552.271,472.84381901855414,548.6089999999999,430.3005504062083,440.164,520.9028822707496,516.133,474.62226246965474,412.801,419.5812387639046,375.76,296.06988683590566,299.87899999999996
heating_training,E79,450.0,535.2461021791403,567.1659999999999,487.9279764978961,564.362,444.73350588836547,450.91099999999994,530.2799590760447,532.227,484.9667173588221,422.395,433.43180874059004,383.02,296.20267571965775,299.84999999999997
heating_training,E79,500.0,546.0205469442722,577.086,500.8162793330666,577.832,457.28903417719016,460.706,537.7257322014435,546.149,493.2687177238213,431.17699999999996,445.50818512238277,389.96,296.3827821302144,299.832
heating_training,E79,550.0,554.9041347907003,587.736,511.77472267188205,589.5070000000001,468.1243067987702,469.81499999999994,543.7151093575382,558.3979999999999,499.98117194066884,439.55499999999995,455.94848513161475,396.88,296.61393563495506,299.811
heating_training,E79,600.0,562.2301469295675,595.8489999999999,521.0683315762756,599.248,477.429437536083,477.42099999999994,548.6023981936247,568.6089999999999,505.4691090740331,446.53,464.9270158204335,402.95899999999995,296.89752810006803,299.796
heating_training,E79,650.0,568.243808714734,602.5619999999999,528.9362269987859,607.693,485.40136648196307,484.35299999999995,552.6300787017224,577.553,510.01646322302815,452.986,472.6293405592207,408.754,297.23285768532264,299.774
heating_training,E79,700.0,573.2080247991279,609.702,535.5860694540788,615.733,492.2170395303344,491.14799999999997,555.9636449362531,586.0039999999999,513.8091371945865,459.352,479.22396889068244,414.667,297.61747367165935,299.765
heating_training,E79,750.0,577.3004219840836,616.212,541.2160040166962,622.601,498.0437498921822,497.097,558.7725702415556,593.2139999999999,517.0094262303045,464.932,484.868484751031,419.955,298.047626545299,299.76
heating_training,E79,800.0,580.7078990725947,621.0429999999999,545.9871884321473,628.91,503.0287915360836,502.681,561.1537640941514,599.823,519.7335062450835,470.24699999999996,489.7040768785823,425.05999999999995,298.51867099025196,299.774
heating_training,E79,850.0,583.5402775367398,625.6189999999999,550.04902301972,634.828,507.305942825418,508.21399999999994,563.2149719834098,606.1379999999999,522.0870185689363,475.566,493.8576787020733,430.231,299.02547488898693,299.80899999999997
heating_training,E79,900.0,585.9301902484749,629.922,553.5162066405823,640.255,510.9870091714735,513.12,565.004110501359,611.775,524.1375625610156,480.316,497.43749436060773,434.897,299.5626561590444,299.86499999999995
heating_training,E79,950.0,587.9519764105099,633.9639999999999,556.4979374486061,644.881,514.1707178085743,517.7379999999999,566.5959935757553,616.7049999999999,525.950113529664,484.798,500.5371022304026,439.32899999999995,300.1248717473139,299.92499999999995
heating_training,E79,1000.0,589.6334431650765,636.8299999999999,559.0688178293245,649.6959999999999,516.9430191375096,522.39,568.0020674107617,621.767,527.5787406810265,489.258,503.24117766376247,443.966,300.70685940661014,300.01099999999997
heating_training,E79,1050.0,591.0804172458838,640.423,561.2883244012384,653.7059999999999,519.3618344356311,526.508,569.2336684282109,625.947,529.0267325496799,493.34,505.6064165275337,448.109,301.3036142082543,300.109
heating_training,E79,1100.0,592.3435716894114,642.944,563.2296048319289,657.356,521.483628604194,530.4749999999999,570.3641639941372,629.8409999999999,530.328788345675,497.36799999999994,507.68404401814325,452.152,301.91044171606245,300.181
heating_training,E79,1150.0,593.4153000658833,645.2919999999999,564.936730807386,660.958,523.3638993699176,534.496,571.3965729834363,633.6659999999999,531.5299328078063,501.43999999999994,509.52875739295473,456.318,302.5230634177115,300.28999999999996
heating_training,E79,1200.0,594.3646552941037,647.271,566.4385149551553,663.987,525.0351931701275,538.0409999999999,572.3206103991049,636.905,532.6239070327406,505.014,511.1734211327346,460.073,303.1376104369831,300.38399999999996
heating_training,E79,1250.0,595.1894468106173,649.431,567.7773657783598,666.71,526.5319854994804,541.6289999999999,573.1826473943547,639.9590000000001,533.6353776864686,508.67199999999997,512.6494172075919,463.92199999999997,303.7506839329593,300.508
heating_training,E79,1300.0,595.9297109026742,651.935,568.9718086115671,669.5799999999999,527.8804093856122,544.798,573.9680781934733,642.912,534.5715367568159,511.894,513.9832530512831,467.38199999999995,304.35945886920507,300.64099999999996
heating_training,E79,1350.0,596.5626802519782,653.973,570.0478188282088,672.509,529.1054239698425,548.171,574.7007074598151,646.01,535.4510958480026,515.2909999999999,515.1984760054145,470.966,304.96153182314487,300.80499999999995
heating_training,E79,1400.0,597.1523467308947,655.3389999999999,571.0142326963044,674.723,530.2192887792095,551.136,575.3630663817925,648.461,536.2619767164571,518.347,516.3080182535348,474.19499999999994,305.5549149653575,300.959
heating_training,E79,1450.0,597.7050809876436,656.4929999999999,571.903803438588,676.886,531.2396694315039,553.988,576.0118417124557,650.81,537.0229363662983,521.256,517.3258557536119,477.45399999999995,306.13796501597596,301.126
heating_training,E79,1500.0,598.1800853463517,657.7829999999999,572.7223867356887,678.8019999999999,532.1882614014247,556.6669999999999,576.6244699543421,652.855,537.7610961225474,524.035,518.2748217388964,480.467,306.7093548891387,301.29499999999996
heating_training,E79,1550.0,598.6072176519019,660.356,573.4666402856394,681.0519999999999,533.0687914351407,559.421,577.1725268958019,655.1189999999999,538.4554671795445,526.894,519.16055515071,483.544,307.26805726926153,301.50199999999995
heating_training,E79,1600.0,599.047816390479,661.2909999999999,574.1577127183909,682.924,533.883293980895,561.941,577.7014565873421,657.144,539.0960093158955,529.578,519.9819815108477,486.306,307.8133020779328,301.693
heating_training,E79,1650.0,599.4368401738367,662.578,574.814435447232,685.037,534.6524947828508,564.521,578.2374633695202,659.297,539.7276078336739,532.3299999999999,520.7579669752487,489.15099999999995,308.344510040386,301.89599999999996
heating_training,E79,1700.0,599.7940036305924,663.9939999999999,575.4216066853621,686.7059999999999,535.380379964964,566.8589999999999,578.7194149461689,661.101,540.3365730789254,534.844,521.4962797410212,491.676,308.861275557589,302.09099999999995
heating_training,E79,1750.0,600.0953351005028,665.063,575.986885225073,688.5509999999999,536.0689553731664,569.122,579.1690829931221,662.999,540.9184186409896,537.284,522.1978993544905,494.15999999999997,309.36338432948776,302.29499999999996
heating_training,E79,1800.0,600.4143101372341,667.059,576.5096225625764,690.482,536.7141026907051,571.477,579.5787958164167,664.999,541.4535467239524,539.836,522.8587747115408,496.69599999999997,309.8507424155132,302.527
heating_training,E79,1850.0,600.7145204445864,666.766,577.0148463080462,692.072,537.3273398005273,573.693,580.0082064702425,666.785,541.9738984233488,542.163,523.486727060737,499.06499999999994,310.32340182962065,302.77099999999996
heating_training,E79,1900.0,600.9971102491814,667.983,577.4925578461424,693.1869999999999,537.9157056359378,575.691,580.4111892240903,668.059,542.4849509653159,544.326,524.0913974867201,501.341,310.78151018481276,302.97999999999996
heating_training,E79,1950.0,601.2842875663382,669.336,577.949410075813,694.921,538.4778039557926,577.747,580.8035019748784,669.808,542.9741807412394,546.5070000000001,524.6705916097615,503.67099999999994,311.22522799789215,303.21299999999997
heating_training,E79,2000.0,601.5500108780983,669.758,578.3904977819789,696.288,539.0202528307925,579.662,581.1917785370913,671.355,543.4557588197492,548.546,525.2303296870954,505.78599999999994,311.6546805033396,303.42999999999995
heating_training,E79,2050.0,601.7993082335656,670.905,578.8088749287061,697.462,539.5435862561704,581.49,581.552405379346,672.6469999999999,543.9232571704371,550.481,525.7726269074701,507.86199999999997,312.0700969767122,303.647
heating_training,E79,2100.0,602.0258985486313,672.304,579.2065019228775,698.913,540.0470007792976,583.313,581.8932517644331,674.188,544.3722383377739,552.434,526.2962947138836,509.923,312.4717427260374,303.873
heating_training,E79,2150.0,602.1923277307017,672.7719999999999,579.5757842047439,700.497,540.532260519701,585.135,582.1955467587256,675.789,544.8067440250516,554.258,526.8042948126126,511.885,312.85981720585903,304.072
heating_training,E79,2200.0,602.3817281081512,672.28,579.9121648633406,701.184,540.9877269372959,586.872,582.453855765063,676.737,545.1940531617768,556.068,527.285267596189,513.88,313.2345626095558,304.274
heating_training,E79,2250.0,602.525906920547,671.149,580.237478430672,701.3979999999999,541.4240124477367,588.39,582.7281153601062,677.183,545.5730665790682,557.732,527.7461973284414,515.814,313.59630227097097,304.491
heating_training,E79,2300.0,602.6689781435108,671.958,580.5334837785972,701.402,541.8396241569051,589.568,582.9578813342548,677.364,545.9308339525462,559.053,528.1891449545067,517.489,313.94547899732675,304.702
heating_training,E79,2350.0,602.8219824363541,671.8119999999999,580.8198097535137,701.995,542.2346509488239,590.7339999999999,583.1999693465967,677.971,546.2691254962783,560.386,528.610928650042,519.13,314.2825989888353,304.953
heating_training,E79,2400.0,602.9841189842679,671.929,581.1003257546533,702.74,542.6168901757538,591.9559999999999,583.4507837892171,678.75,546.605633188312,561.72,529.0191901088339,520.729,314.60817536021705,305.19
heating_training,E79,2450.0,603.1481164292597,671.544,581.377500681058,702.699,542.9906071817662,593.1179999999999,583.7080283727923,678.958,546.9443783160461,563.0319999999999,529.4183983147483,522.26,314.92268858635055,305.431
heating_training,E79,2500.0,603.3089559646173,671.75,581.6493213327075,703.1769999999999,543.3574994760236,594.179,583.9612452475428,679.4369999999999,547.2831399632573,564.284,529.810798419125,523.757,315.2264614023238,305.642
heating_training,E79,2550.0,603.4417800129334,671.749,581.9114975651119,703.719,543.718334514815,595.217,584.1995698521955,680.001,547.6204384202983,565.478,530.1979748806644,525.153,315.5197601822583,305.859
heating_training,E79,2600.0,603.570111749296,672.595,582.15681507505,703.8820000000001,544.0676633263027,596.2339999999999,584.4085480126016,680.3389999999999,547.9395805471446,566.681,530.5753836915527,526.487,315.80288891335704,306.082
heating_training,E79,2650.0,603.7396693870703,673.232,582.3988870197752,704.7529999999999,544.4023128101029,597.3019999999999,584.6284333557521,681.114,548.2364132132622,567.8689999999999,530.9373091919288,527.852,316.0762285597667,306.315
heating_training,E79,2700.0,603.8399587393484,673.201,582.6417856089543,705.333,544.7379648113188,598.338,584.8612537695908,681.752,548.5560392840149,569.054,531.2992565083537,529.111,316.3402010813273,306.52599999999995
heating_training,E79,2750.0,603.9016921615664,673.0429999999999,582.8504602382251,705.827,545.0641180653608,599.315,585.0148641616155,682.313,548.8577415660187,570.189,531.6567100589863,530.316,316.59516882575474,306.74899999999997
heating_training,E79,2800.0,603.9751834192408,674.383,583.0398513668503,706.489,545.36849255334,600.3389999999999,585.1518977741433,682.967,549.11727213627,571.336,531.9937822296722,531.5799999999999,316.84150108505787,306.99399999999997
heating_training,E79,2850.0,604.0328819562117,673.989,583.2214213113732,707.281,545.6592332732703,601.319,585.298401840124,683.7919999999999,549.3669671239456,572.394,532.3165535664052,532.747,317.0795761736114,307.214
heating_training,E79,2900.0,604.1256468071072,674.1389999999999,583.393823530093,707.5809999999999,545.9362454650794,602.267,585.4407481206531,684.247,549.60236278936,573.4169999999999,532.6256633596981,533.865,317.3097922382977,307.429
heating_training,E79,2950.0,604.2398772253567,673.64,583.5767268411976,708.097,546.2072158006355,603.171,585.623944171988,684.805,549.8436752100259,574.42,532.9259705776423,535.035,317.5325093506353,307.65299999999996
heating_training,E79,3000.0,604.3280353350885,674.733,583.7612866867221,708.5989999999999,546.4813930050129,603.986,585.8089695553367,685.3119999999999,550.1065230201615,575.317,533.2290130808467,536.054,317.74799747525765,307.86199999999997
heating_training,E79,3050.0,604.3986655138605,675.289,583.9330251486315,709.355,546.7525815498076,604.884,585.9608614550864,686.072,550.3647072408226,576.2570000000001,533.5310633563648,537.103,317.9564567594366,308.051
heating_training,E79,3100.0,604.4544080232704,674.111,584.0932168804565,709.557,547.0153274379744,605.8209999999999,586.0946898570236,686.506,550.6065762883336,577.2539999999999,533.825819154598,538.212,318.1580860637479,308.26099999999997
heating_training,E79,3150.0,604.5350481041244,675.4069999999999,584.2455933990113,709.553,547.2663718895521,606.492,586.2231074471415,686.5840000000001,550.8279026404447,578.03,534.1090302169223,539.159,318.3531005936318,308.465
heating_training,E79,3200.0,604.5928707728233,675.747,584.3997270872139,710.16,547.5138820625148,607.174,586.3680902865065,687.127,551.0551392698654,578.815,534.3875026975882,540.082,318.5417916427134,308.678
heating_training,E79,3250.0,604.6439732054397,675.739,584.5413060247402,710.486,547.756268366551,607.9069999999999,586.4862130224531,687.529,551.2775033128378,579.588,534.662348505035,540.961,318.7244296464344,308.887
heating_training,E79,3300.0,604.6965170956086,675.515,584.6777550587806,710.654,547.9906490315796,608.569,586.6040685608788,687.8199999999999,551.4885536093192,580.333,534.9293193725327,541.819,318.90131297675697,309.092
heating_training,E79,3350.0,604.7476278312819,674.266,584.8104378975081,710.672,548.2195807391798,609.2090000000001,586.7219980829321,687.928,551.6962707587304,581.053,535.1906590307383,542.6949999999999,319.0727542396585,309.303
heating_training,E79,3400.0,604.8076883783604,673.847,584.9406743628065,710.6189999999999,548.443367996598,609.6949999999999,586.8409787730404,687.94,551.8998695702053,581.643,535.4466558591549,543.4549999999999,319.23900485146703,309.49699999999996
heating_training,E79,3450.0,604.892074552448,675.44,585.074783324083,710.6610000000001,548.663256883707,610.121,586.9743045717937,687.9649999999999,552.1016213561022,582.182,535.6976277974389,544.1579999999999,319.40027737122386,309.703
heating_training,E79,3500.0,604.9618624589788,675.231,585.2150326835655,711.2049999999999,548.8861126109863,610.7159999999999,587.1215665264165,688.471,552.3179395693622,582.825,535.9504697035779,544.9269999999999,319.55680721253384,309.936
heating_training,E79,3550.0,605.0352304622226,675.1099999999999,585.3501756349746,711.442,549.1086225670138,611.298,587.2509448594736,688.707,552.5329897532616,583.451,536.203911757575,545.6389999999999,319.7088559820238,310.12
heating_training,E79,3600.0,605.1201425743893,676.505,585.4875900108643,711.826,549.328467923937,611.804,587.387928330571,689.068,552.7422679657249,584.0219999999999,536.454095492953,546.315,319.8566099466097,310.32
heating_training,E79,3650.0,605.1873830489848,676.345,585.6257464866169,712.108,549.5496302242569,612.4169999999999,587.5257186917237,689.449,552.9577228783257,584.684,536.7052801643873,547.027,320.00022079022017,310.50899999999996
heating_training,E79,3700.0,605.2707090859293,676.4459999999999,585.7585967502574,712.6099999999999,549.7673244545621,612.943,587.6495950595562,689.8979999999999,553.1638537209096,585.26,536.9537197055834,547.671,320.1398703636022,310.70399999999995
heating_training,E79,3750.0,605.3902300783174,675.194,585.900815806054,712.449,549.9818915975532,613.508,587.8002039738885,689.91,553.3652874977372,585.906,537.197183128283,548.3820000000001,320.27577898936613,310.90799999999996
heating_training,E79,3800.0,605.4889367099053,675.111,586.0535625515294,712.498,550.2037525765766,613.864,587.9703240484209,689.947,553.5892207567372,586.3299999999999,537.4463703837828,548.978,320.40819315005115,311.09499999999997
heating_training,E79,3850.0,605.564362202081,675.169,586.1975867449848,712.4849999999999,550.4290678810717,614.208,588.1081502035714,689.9839999999999,553.8166914390329,586.761,537.7008681315945,549.505,320.53731906469056,311.269
heating_training,E79,3900.0,605.6441859965324,675.13,586.3335942918268,712.818,550.6487625722995,614.603,588.2292531884387,690.259,554.0257099216358,587.2249999999999,537.95084270121,550.064,320.6632634617156,311.43899999999996
heating_training,E79,3950.0,605.7012683366543,675.242,586.4653102157284,713.227,550.8645342783651,615.065,588.3476820488125,690.641,554.2286788756813,587.694,538.1968632253531,550.5889999999999,320.7860550860505,311.58
heating_training,E79,4000.0,605.7469542320854,675.335,586.5838841469125,713.55,551.073543893793,615.515,588.4409467772118,690.992,554.4190933300267,588.1610000000001,538.4375189905913,551.1289999999999,320.9056596466977,311.715
heating_training,E79,4050.0,605.7958218415288,674.7919999999999,586.6950368179505,713.51,551.2731572781126,615.997,588.5299427002102,691.083,554.5940804139993,588.6859999999999,538.6689761433945,551.7090000000001,321.0220840382347,311.87
heating_training,E79,4100.0,605.8404933285484,673.894,586.8025536111563,713.114,551.4664771384466,616.322,588.6219384305712,690.852,554.7647905774452,589.094,538.8937626094327,552.2249999999999,321.13538688473795,312.02599999999995
heating_training,E79,4150.0,605.8899836536289,674.5699999999999,586.9060222587129,712.843,551.654444283057,616.469,588.7120110740289,690.573,554.9318803986974,589.332,539.1131145984469,552.649,321.24564616914495,312.167
heating_training,E79,4200.0,605.9584002130721,675.846,587.0114215506861,713.308,551.8380238132343,616.707,588.8134825718967,690.877,555.0966460901026,589.621,539.3272341184083,553.05,321.3529475494253,312.339
heating_training,E79,4250.0,605.9823358578303,675.371,587.1169821296817,713.55,552.0247276094042,617.076,588.9167055732348,691.2049999999999,555.2774236329914,590.019,539.5441884860751,553.461,321.457450912534,312.48499999999996
heating_training,E79,4300.0,605.9698986240641,675.121,587.2007715197045,713.803,552.2074022583794,617.433,588.9676429892461,691.44,555.4483460915546,590.402,539.7604636471802,553.903,321.5593005690133,312.643
heating_training,E79,4350.0,605.9554263399997,675.304,587.267721773337,713.921,552.3765714902207,617.795,588.9960665221944,691.5899999999999,555.5899759755866,590.784,539.9649210380887,554.348,321.65865119863724,312.803
heating_training,E79,4400.0,605.9862187701666,676.0039999999999,587.3337682367868,714.204,552.5324771779952,618.096,589.0435880811012,691.826,555.7113828405163,591.134,540.1548816070218,554.729,321.7556592184888,312.95399999999995
heating_training,E79,4450.0,606.0388281460456,675.439,587.4155194572642,714.171,552.6877111968556,618.432,589.1386925476293,691.935,555.8477496554182,591.489,540.340834083297,555.136,321.85045171149466,313.097
heating_training,E79,4500.0,606.1203221431242,676.039,587.5090611032222,714.217,552.8479242362197,618.682,589.2533135145928,691.9449999999999,556.002700177675,591.7929999999999,540.5300927213551,555.5229999999999,321.9430492458697,313.236
heating_training,E79,4550.0,606.1395643185095,676.606,587.6084147318759,714.835,553.0198373187275,618.982,589.3689477156651,692.434,556.1868682246694,592.083,540.7307161751532,555.843,322.0334061301809,313.35999999999996
heating_training,E79,4600.0,606.1289381609868,676.6189999999999,587.6824744259638,715.192,553.1895276467653,619.403,589.4130065539864,692.871,556.3545062288684,592.499,540.9335593809067,556.229,322.12148914684883,313.479
heating_training,E79,4650.0,606.1484024018879,676.8889999999999,587.747287784391,715.693,553.3448834970043,619.824,589.4514124462291,693.313,556.484927697178,592.9359999999999,541.1226380925287,556.6469999999999,322.20731213367924,313.60299999999995
heating_training,E79,4700.0,606.1794147918366,676.3779999999999,587.8197222844361,715.592,553.4953708615258,620.169,589.5226862101313,693.319,556.6150251019986,593.319,541.304509065336,557.0139999999999,322.2909825645171,313.72799999999995
heating_training,E79,4750.0,606.1917185192431,676.578,587.8927031309375,715.805,553.6484015139151,620.405,589.5949828917238,693.4559999999999,556.759916104405,593.614,541.4886390541068,557.361,322.3727071483021,313.871
heating_training,E79,4800.0,606.2337620864286,677.0889999999999,587.9630140859649,716.044,553.7982049368444,620.673,589.6602692261389,693.718,556.8973778370721,593.8969999999999,541.6699937517815,557.688,322.4526912168357,314.00399999999996
heating_training,E79,4850.0,606.299038724203,676.829,588.0470988315411,716.31,553.9488836578141,620.9590000000001,589.7609691753777,693.986,557.040813809767,594.2059999999999,541.8498307388636,558.0219999999999,322.5310624468987,314.12399999999997
heating_training,E79,4900.0,606.3302158972291,676.6669999999999,588.1362559600136,716.217,554.1083558647709,621.246,589.8634248872139,693.995,557.2069659989368,594.5070000000001,542.0379677300509,558.356,322.60786497458935,314.265
heating_training,E79,4950.0,606.3330555167785,675.8019999999999,588.2113536597165,715.798,554.2686856836539,621.396,589.9234015159817,693.707,557.3679258628968,594.717,542.229602492123,558.672,322.68312062810264,314.392
heating_training,E79,5000.0,606.338702814618,675.13,588.2753433012077,715.574,554.4205975654206,621.4559999999999,589.9646477776504,693.5139999999999,557.5047940642744,594.8340000000001,542.4141306236936,558.914,322.75687841184026,314.498
heating_training,E79,5050.0,606.3515466857648,675.463,588.3375917190779,715.236,554.565498170131,621.502,590.0140916106367,693.2249999999999,557.6302414843273,594.934,542.5909945303258,559.137,322.8291488270902,314.611
heating_training,E79,5100.0,606.3638967547698,675.864,588.3996097219621,715.5619999999999,554.7074573319409,621.593,590.0695146672817,693.453,557.7565581183947,595.048,542.7642847071127,559.323,322.89990880418407,314.70799999999997
heating_training,E79,5150.0,606.4325995184605,676.707,588.4672823555964,716.057,554.8447887059325,621.8199999999999,590.1414677103884,693.847,557.8761896630557,595.266,542.9317045619881,559.5319999999999,322.96914206807224,314.80499999999995
heating_training,E79,5200.0,606.4657726887168,676.315,588.5515664712615,716.3019999999999,554.9912071923023,622.179,590.2504081472058,694.149,558.026100125924,595.6189999999999,543.1055011310993,559.863,323.0368365459447,314.909
heating_training,E79,5230.0,606.4730917089474,676.213,588.594519646284,716.108,555.0775098657135,622.325,590.2886029324761,694.063,558.1112558450113,595.766,543.2084039011638,560.0329999999999,323.0767203551029,314.96
heating_validation,E80,0.0,294.288,295.969,294.288,294.645,294.288,294.544,294.288,294.71799999999996,294.288,294.654,294.28799999999995,294.585,294.288,294.35499999999996
heating_validation,E80,50.0,332.31265918293326,337.548,308.5923744479497,322.27599999999995,298.6350303857617,301.268,328.8026219338604,308.774,304.8592936834516,297.763,297.12319008340984,296.393,294.2883940055856,294.363
heating_validation,E80,100.0,373.37403893868947,382.642,332.3172101693842,367.40999999999997,311.7670730778851,323.393,374.14775427871206,344.044,332.8137697909194,313.601,308.1941145186181,305.67199999999997,294.2905785763198,294.34499999999997
heating_validation,E80,150.0,412.0688644185205,427.794,359.6968550202067,410.575,330.5332357679762,347.78,415.8805295644751,381.938,365.79579016569915,333.159,325.0422677385721,318.005,294.29508962816226,294.335
heating_validation,E80,200.0,446.76768766869816,464.30999999999995,387.61322794210577,445.429,351.8604742025045,368.067,450.7736901623377,414.313,396.9045956092122,350.05699999999996,344.6897318951187,328.87399999999997,294.3038441746039,294.342
heating_validation,E80,250.0,477.0652060472139,495.288,414.3604034541301,475.075,373.69610959344334,385.609,478.991763666276,442.94499999999994,423.8118818736869,365.085,365.0763329430655,338.719,294.32154900799435,294.352
heating_validation,E80,300.0,503.14697883600695,522.971,439.05360608237004,501.984,394.78936947985125,401.89599999999996,501.56870542394955,469.563,446.2273556142866,379.26199999999994,384.9275008664991,348.11899999999997,294.35551449319416,294.385
heating_validation,E80,350.0,525.3114910973969,544.7339999999999,461.3237815674706,523.643,414.45514004503514,415.131,519.6699309522886,490.995,464.65194719789633,390.94,403.530393364618,356.02799999999996,294.41476077140624,294.39799999999997
heating_validation,E80,400.0,544.0537597470268,562.8979999999999,481.06792299714215,542.22,432.356515031483,426.93399999999997,534.2090145048121,509.75199999999995,479.7273277127031,401.412,420.52697904116525,363.467,294.50862086172015,294.42999999999995
heating_validation,E80,450.0,559.8108825592028,577.769,498.38560917607504,558.207,448.38623700932544,437.41099999999994,546.0066316924277,526.125,492.08729125376766,410.756,435.78629800527807,370.404,294.6455928290545,294.486
heating_validation,E80,500.0,573.0253748560333,591.277,513.4479536528037,572.828,462.57759046799185,447.412,555.6388124210378,541.284,502.2745269935701,419.76199999999994,449.3236098456318,377.426,294.83255171439873,294.539
heating_validation,E80,550.0,584.0964859489474,603.106,526.4801252056957,584.996,475.0390037830052,455.79499999999996,563.5815936659083,553.8,510.72252340838395,427.46999999999997,461.2299976580814,383.597,295.0742359101022,294.601
heating_validation,E80,600.0,593.3666729475477,612.611,537.7169910550839,595.607,485.9228091728754,463.542,570.1914754458649,564.9159999999999,517.7852376365429,434.623,471.6430069233801,389.41099999999994,295.3730756761364,294.67499999999995
heating_validation,E80,650.0,601.1390123121259,621.238,547.3867374463749,605.68,495.39583592529294,471.159,575.7405103941599,575.391,523.7375137082732,441.76599999999996,480.7168891260411,395.53,295.72934421873066,294.75399999999996
heating_validation,E80,700.0,607.6667404379148,629.169,555.704137005529,614.086,503.6258950739248,477.706,580.4450393644687,584.0840000000001,528.7968311489178,447.905,488.60837136272755,401.07399999999996,296.1414134157669,294.83599999999996
heating_validation,E80,750.0,613.1731578108306,635.249,562.8619311979099,621.512,510.77199929057275,483.806,584.4685759416471,591.886,533.132353710796,453.678,495.46708005582474,406.388,296.6060510298644,294.931
heating_validation,E80,800.0,617.8236323717975,641.8389999999999,569.0332001189054,628.655,516.9821416021558,489.83899999999994,587.9459913743694,599.377,536.8834913500776,459.397,501.4328428387513,411.789,297.1186982911735,295.02
heating_validation,E80,850.0,621.760585647421,646.488,574.3620538198278,634.787,522.3881970007021,495.178,590.9651449788751,605.854,540.1567126966451,464.519,506.6316481280465,416.679,297.6739816144489,295.11699999999996
heating_validation,E80,900.0,625.0965686989284,650.1389999999999,578.9740140823208,640.105,527.1048112837524,500.173,593.602748372221,611.5709999999999,543.0334051707613,469.31899999999996,511.1729362490998,421.346,298.2661328370998,295.212
heating_validation,E80,950.0,627.9228230388763,654.588,582.9733937009325,644.942,531.2312351441348,504.813,595.9132221279408,616.755,545.5780060920443,473.803,515.1519202563894,425.841,298.8892027153606,295.33099999999996
heating_validation,E80,1000.0,630.3720277146662,659.4649999999999,586.4525400439079,649.98,534.8474639291194,509.53,597.95090125226,622.044,547.8282601603287,478.51199999999994,518.644204371108,430.465,299.53732922005736,295.45799999999997
heating_validation,E80,1050.0,632.409823761448,662.895,589.4985693089865,654.432,538.0385181494704,513.828,599.7823742895175,626.69,549.8636644930887,482.745,521.7307263856106,434.652,300.2049169338555,295.60299999999995
heating_validation,E80,1100.0,634.205000676981,666.784,592.1525663693814,658.678,540.8551980837872,517.894,601.3713781679214,631.1099999999999,551.6772734941891,486.81999999999994,524.4627253637059,438.456,300.8868241597411,295.756
heating_validation,E80,1150.0,635.7526503234217,670.077,594.5021700737962,663.0899999999999,543.3543357924682,522.116,602.8434084276372,635.711,553.3188813242897,490.985,526.8898650443479,442.643,301.57833373786116,295.92699999999996
heating_validation,E80,1200.0,637.1478197346612,671.814,596.5820326701335,666.511,545.5835319194398,525.942,604.1708066518127,639.4359999999999,554.8135902545637,494.851,529.0593826195477,446.49699999999996,302.2751297292899,296.133
heating_validation,E80,1250.0,638.3824500606855,674.468,598.4509683189527,669.784,547.5871180302939,529.4739999999999,605.4235646389741,642.8679999999999,556.1975403662672,498.491,531.0116772378547,450.18999999999994,302.9734006352414,296.313
heating_validation,E80,1300.0,639.4746280107812,676.702,600.1291365838401,672.745,549.4024967881564,532.9079999999999,606.5702537079137,646.021,557.4918207722748,501.984,532.7849562659042,453.78999999999996,303.6697211423285,296.524
heating_validation,E80,1350.0,640.454854429892,678.602,601.6439442433119,675.929,551.0529411640687,536.425,607.6277109009858,649.352,558.6944076613692,505.558,534.4014473833048,457.49899999999997,304.36111840315266,296.75399999999996
heating_validation,E80,1400.0,641.3021736088848,680.654,603.0164160995091,678.55,552.5636402302257,539.564,608.60378521005,652.1099999999999,559.8235010285521,508.84299999999996,535.8855783563874,460.772,305.0449573698191,296.96
heating_validation,E80,1450.0,642.09737752549,682.5,604.2573610977112,681.133,553.9448821314916,542.547,609.4879824096801,654.881,560.8625007886047,511.991,537.2474812845081,463.967,305.71895476875545,297.159
heating_validation,E80,1500.0,642.8407349945874,684.748,605.4030216962165,683.875,555.2148799529665,545.72,610.345316504985,657.74,561.8332375503792,515.21,538.5014307324634,467.24899999999997,306.3811395870656,297.37
heating_validation,E80,1550.0,643.503350816081,687.101,606.4613467679342,686.6179999999999,556.3962555816172,548.573,611.1552394098376,660.526,562.7647521785675,518.158,539.6707684939427,470.211,307.02989454498675,297.566
heating_validation,E80,1600.0,644.0783482942275,688.651,607.432274734709,689.2439999999999,557.4992707592936,551.424,611.8945975807845,663.27,563.6527182387098,521.103,540.7674327360206,473.17699999999996,307.6640278103365,297.77599999999995
heating_validation,E80,1650.0,644.6288776973589,689.759,608.3230675270817,691.623,558.5241451124086,554.348,612.570593712562,665.8199999999999,564.475865511367,524.161,541.7909418446507,476.28599999999994,308.282733884575,298.025
heating_validation,E80,1700.0,645.1863199842576,691.24,609.1612869005925,693.568,559.47958342264,556.9459999999999,613.2401355305475,667.963,565.2473994656407,526.896,542.7462754288272,479.056,308.8854766596861,298.294
heating_validation,E80,1750.0,645.6611619791588,691.92,609.9569676838544,695.323,560.3885222686629,559.396,613.9015668258584,669.896,566.0138402824836,529.4739999999999,543.6564743334825,481.717,309.47195102976707,298.54499999999996
heating_validation,E80,1800.0,646.0997705157815,693.106,610.691056038904,697.056,561.2505014299976,561.692,614.4881229557554,671.798,566.747506533277,531.9459999999999,544.5248207912663,484.32099999999997,310.04197753138374,298.832
heating_validation,E80,1850.0,646.5190483440957,694.259,611.3814411292467,698.7339999999999,562.0638532641142,564.06,615.0512220059431,673.613,567.4369810659101,534.4659999999999,545.3469858036156,487.006,310.5955277492899,299.116
heating_validation,E80,1900.0,646.8908874492472,695.825,612.0318899196384,700.3209999999999,562.8379173687788,566.202,615.588280790711,675.268,568.1023278606493,536.7539999999999,546.131940943853,489.426,311.13255882622855,299.393
heating_validation,E80,1950.0,647.21957741194,696.722,612.6369683970047,702.024,563.5743510993611,568.316,616.078074822143,677.0039999999999,568.7381005203745,539.01,546.8826585544341,491.768,311.6530605707877,299.662
heating_validation,E80,2000.0,647.5248061120245,697.601,613.2007355490383,703.467,564.2717114990791,570.527,616.5315480378848,678.598,569.3358667729092,541.3009999999999,547.5971238255548,494.224,312.15714955094217,299.95099999999996
heating_validation,E80,2050.0,647.8186395011749,698.602,613.7314763566816,704.995,564.9326158543389,572.495,616.9657812485677,680.192,569.9010771415202,543.3489999999999,548.2766992815328,496.447,312.6450590624561,300.23499999999996
heating_validation,E80,2100.0,648.1176505454465,700.146,614.2371059194526,706.4839999999999,565.5613754979738,574.404,617.3917932036682,681.751,570.4413380522852,545.345,548.9247514439346,498.563,313.1170626543013,300.501
heating_validation,E80,2150.0,648.4393599042722,701.054,614.7280793519615,708.063,566.1633101251626,576.318,617.8250959221355,683.3879999999999,570.9649647665702,547.3109999999999,549.5454794982139,500.63699999999994,313.5734623276011,300.774
heating_validation,E80,2200.0,648.7691816572934,701.749,615.2128914927273,709.5699999999999,566.7473397426694,578.325,618.2738117375986,685.0419999999999,571.4878878062808,549.394,550.1472587114292,502.852,314.0146715209379,301.085
heating_validation,E80,2250.0,649.082895722617,702.322,615.6882970411118,710.854,567.3200071863523,580.097,618.7178056840063,686.409,572.0160023488852,551.228,550.7377640116548,504.81399999999996,314.441121403945,301.35799999999995
heating_validation,E80,2300.0,649.3593404358612,702.175,616.1458301594721,711.767,567.881545757111,581.7819999999999,619.1342630714769,687.538,572.5405711548948,553.005,551.3189094807499,506.74699999999996,314.8531561495041,301.61499999999995
heating_validation,E80,2350.0,649.61009019151,703.511,616.5779515886588,712.925,568.4264353535984,583.454,619.5105163281319,688.73,573.0435086421629,554.765,551.8859545257542,508.679,315.2511045949964,301.893
heating_validation,E80,2400.0,649.8595109048533,703.894,616.9889224407348,714.1769999999999,568.9501884357721,585.0229999999999,619.8654936705095,690.009,573.5167658393153,556.4079999999999,552.4333707736617,510.447,315.6353300596893,302.174
heating_validation,E80,2450.0,650.0915763355878,703.816,617.3855984968328,714.978,569.456873526687,586.547,620.2160612770296,690.9649999999999,573.9756177994087,558.045,552.9641908137738,512.209,316.0064080671874,302.46799999999996
heating_validation,E80,2500.0,650.294633605496,704.572,617.7631581227247,715.903,569.9493894760545,588.068,620.5448896528358,691.899,574.4253188150151,559.642,553.4823529749752,513.992,316.3650016510861,302.774
heating_validation,E80,2550.0,650.4985845515612,704.317,618.1209216382557,716.8309999999999,570.424141820084,589.4369999999999,620.8516986537402,692.851,574.8536091504145,561.131,553.9842990283989,515.623,316.71172649222655,303.051
heating_validation,E80,2600.0,650.6985943433319,704.429,618.46806899052,717.322,570.8832164624823,590.751,621.1601917747249,693.5,575.2681514064979,562.573,554.4706873052121,517.201,317.04714690926676,303.34099999999995
heating_validation,E80,2650.0,650.9117933867184,705.223,618.8056640565065,717.9169999999999,571.3287356299645,591.934,621.4655446187351,694.144,575.6721759567769,563.8889999999999,554.9434908669753,518.73,317.3717441016914,303.621
heating_validation,E80,2700.0,651.126229814464,705.4659999999999,619.1402799718079,718.6479999999999,571.7642626831345,593.208,621.780264768966,694.949,576.0730241584919,565.2829999999999,555.4056564794287,520.269,317.6858861418434,303.904
heating_validation,E80,2750.0,651.2905453506436,704.9359999999999,619.4642857416452,719.343,572.1953310496167,594.375,622.0791158071908,695.7159999999999,576.480777927749,566.53,555.8642986432644,521.68,317.98986392358717,304.16999999999996
heating_validation,E80,2800.0,651.4341670571417,705.476,619.7627171473015,719.8,572.6139130171806,595.5070000000001,622.3287061227333,696.298,576.8683383871678,567.751,556.3134261771831,523.081,318.2839208915889,304.407
heating_validation,E80,2850.0,651.5702920907104,705.568,620.0440477292626,720.5889999999999,573.0146848215703,596.669,622.5634414794496,697.092,577.2278421499852,569.012,556.7459163766462,524.479,318.56829895766214,304.668
heating_validation,E80,2900.0,651.7156319047359,705.558,620.3130980082805,721.135,573.3992102304986,597.761,622.793455766857,697.7090000000001,577.5685237970401,570.183,557.1623209745727,525.76,318.84329262724884,304.918
heating_validation,E80,2950.0,651.8667941595876,705.76,620.5775834749719,721.697,573.7720485384111,598.7719999999999,623.0331822322767,698.318,577.9030799126516,571.2929999999999,557.5664347902307,526.991,319.10938874776275,305.188
heating_validation,E80,3000.0,652.0335297386497,706.122,620.8396350740618,722.192,574.1368895929745,599.797,623.2793914293891,698.857,578.2367561944385,572.441,557.9619350111924,528.2819999999999,319.3671163112449,305.47499999999997
heating_validation,E80,3050.0,652.2256631374821,708.1479999999999,621.1053730239181,723.029,574.4961917094498,600.7639999999999,623.5417725482095,699.62,578.5712917497398,573.472,558.3506677351885,529.433,319.6169623000329,305.75199999999995
heating_validation,E80,3100.0,652.415609771603,707.711,621.377218153177,723.835,574.8557248846852,601.794,623.81925964363,700.49,578.917508015612,574.55,558.7384282282479,530.583,319.85928017600486,306.024
heating_validation,E80,3150.0,652.5584790197623,708.145,621.643226385161,724.449,575.2183236956383,602.775,624.0781246048454,701.1679999999999,579.276169564399,575.614,559.1302847654567,531.712,320.0943572232608,306.296
heating_validation,E80,3200.0,652.6653674280163,707.512,621.8876685954114,725.073,575.5754079633705,603.8019999999999,624.2876816021748,701.835,579.6206154708467,576.7049999999999,559.5197388017696,532.896,320.3224724286272,306.57099999999997
heating_validation,E80,3250.0,652.797864856226,707.707,622.1160833975937,725.2049999999999,575.9160372286328,604.665,624.4771074800732,702.114,579.9287817957854,577.654,559.8940762052073,533.934,320.5438479743546,306.82
heating_validation,E80,3300.0,652.9320379736266,708.807,622.3451435794041,725.68,576.2459345730282,605.406,624.6892906506321,702.583,580.2269605155118,578.521,560.2561938330884,534.925,320.75868103245693,307.03299999999996
heating_validation,E80,3350.0,653.0289887495162,709.884,622.5655265679995,726.5139999999999,576.5720879698071,606.281,624.8889649071843,703.332,580.5315359602905,579.4179999999999,560.6150700631838,535.896,320.96706529949404,307.255
heating_validation,E80,3400.0,653.1068009564256,709.6379999999999,622.7672006687302,727.2439999999999,576.8892430282287,607.2529999999999,625.0540610216648,704.096,580.8233672041641,580.46,560.9670920118427,536.957,321.1691772798304,307.51599999999996
heating_validation,E80,3450.0,653.1676375087076,709.249,622.9547949198884,727.644,577.1944491977574,608.105,625.2051678453805,704.592,581.0980371495259,581.377,561.3083684224699,537.9110000000001,321.3653444927108,307.763
heating_validation,E80,3500.0,653.248055270742,709.539,623.1311542971387,727.8589999999999,577.4861907579258,608.827,625.3486585056478,704.886,581.3539406354007,582.1859999999999,561.6365523805066,538.797,321.55596112198964,308.00199999999995
heating_validation,E80,3550.0,653.3600210891603,709.528,623.3114077846562,728.2529999999999,577.768202570277,609.559,625.5191368659874,705.303,581.6034479647313,583.006,561.9533118319339,539.76,321.74136441370854,308.27799999999996
heating_validation,E80,3600.0,653.5047022382361,709.163,623.5021850114443,728.4,578.0482049333393,610.223,625.7191182697334,705.527,581.8629458913834,583.75,562.2657867957919,540.607,321.9219201712602,308.51599999999996
heating_validation,E80,3650.0,653.6344286070072,709.239,623.7031591682317,728.611,578.3340655193049,610.829,625.9372876572952,705.7629999999999,582.1453805632162,584.439,562.5826959291982,541.4169999999999,322.09784863071326,308.76
heating_validation,E80,3700.0,653.7697071956419,710.123,623.9011107198916,729.152,578.6221065268167,611.4079999999999,626.1368541814787,706.2159999999999,582.4310133214564,585.112,562.9024998371211,542.191,322.2692643587243,308.989
heating_validation,E80,3750.0,653.898426629233,709.6759999999999,624.1005204674668,729.572,578.9098331467513,612.159,626.338073629242,706.707,582.7141962308442,585.89,563.2218051643896,543.048,322.4362412410442,309.2
heating_validation,E80,3800.0,654.0154834917629,708.419,624.2949706393832,729.776,579.1963977609566,612.784,626.5251613201253,706.9659999999999,582.9938146000342,586.582,563.540441685388,543.7929999999999,322.5987981966233,309.399
heating_validation,E80,3850.0,654.1147781682059,708.9179999999999,624.4816631183274,729.899,579.4791438453375,613.3299999999999,626.6968695267553,707.155,583.2651302789342,587.1869999999999,563.8561226713103,544.5039999999999,322.75688945948707,309.55699999999996
heating_validation,E80,3900.0,654.2216256024352,708.496,624.6597786391637,730.142,579.7545769115688,613.915,626.855468607119,707.4259999999999,583.5218138013608,587.822,564.1651726057537,545.2539999999999,322.91063170566497,309.78099999999995
heating_validation,E80,3950.0,654.3019958851379,708.9079999999999,624.8346684393027,730.266,580.0262248831328,614.396,627.0168639808784,707.554,583.7776536561638,588.394,564.4703750397573,545.912,323.06034030465855,309.98699999999997
heating_validation,E80,4000.0,654.3647054211178,708.3299999999999,624.9957826685176,730.3599999999999,580.2926486457432,614.887,627.1518086469124,707.74,584.0266549959853,588.9269999999999,564.7719279207421,546.546,323.2063260601886,310.198
heating_validation,E80,4050.0,654.3961328729602,709.726,625.1443775124932,730.453,580.5517557373263,615.298,627.2709652247947,707.824,584.265414041067,589.432,565.0674733371833,547.1659999999999,323.34885956360256,310.424
heating_validation,E80,4100.0,654.4013966588042,708.842,625.2743367461251,730.9449999999999,580.8011481400424,615.8389999999999,627.3612209857848,708.274,584.4893933582681,589.991,565.3552382111848,547.825,323.48817452902676,310.662
heating_validation,E80,4150.0,654.460744429571,709.798,625.3937785754259,730.972,581.033487903015,616.307,627.4476142214533,708.405,584.6824033320736,590.501,565.6261452618761,548.4169999999999,323.624401987507,310.87399999999997
heating_validation,E80,4200.0,654.5379945441099,709.803,625.5275860713379,731.2249999999999,581.2597736613878,616.7729999999999,627.5868777009779,708.6320000000001,584.8806228342253,591.01,565.8876603370837,548.999,323.75759598605157,311.091
heating_validation,E80,4250.0,654.6132068304651,709.058,625.6654787446071,731.449,581.489062543364,617.247,627.7316096749859,708.873,585.0985676209567,591.5409999999999,566.151171083941,549.615,323.88780445532217,311.30199999999996
heating_validation,E80,4300.0,654.6991566581846,708.788,625.8050534044768,731.2909999999999,581.7188007759534,617.655,627.8753919281385,708.827,585.3203274931062,591.998,566.4149376848554,550.151,324.01504253980215,311.486
heating_validation,E80,4350.0,654.7702379982898,708.79,625.9468463353097,731.315,581.9502319455853,617.949,628.0213264062278,708.8489999999999,585.5477227919816,592.3689999999999,566.6800937418438,550.633,324.1393130187797,311.671
heating_validation,E80,4400.0,654.8165564128118,709.71,626.080706223913,731.5909999999999,582.1818859584075,618.3119999999999,628.144891256583,709.088,585.7747675503189,592.755,566.9466401594276,551.108,324.26063338772485,311.856
heating_validation,E80,4450.0,654.9000394054569,710.8889999999999,626.2081386727136,732.12,582.4054982665348,618.747,628.2577956657703,709.5519999999999,585.9808665067359,593.25,567.2056805506314,551.62,324.37909783067477,312.075
heating_validation,E80,4500.0,654.9666046558837,709.645,626.3441518462668,732.4069999999999,582.6285425481354,619.223,628.3992456465259,709.894,586.1932850831993,593.73,567.4623671287312,552.117,324.49486298379753,312.245
heating_validation,E80,4550.0,655.0756168955279,709.921,626.477577490067,732.355,582.8489452771292,619.6279999999999,628.5299543536067,709.932,586.4007849893095,594.174,567.7164314548676,552.615,324.60798510569225,312.42499999999995
heating_validation,E80,4600.0,655.1757781962654,711.1659999999999,626.6252826467236,732.79,583.0723204077079,619.962,628.6962476482616,710.255,586.62043268192,594.573,567.9713289204898,553.075,324.7185784278604,312.60499999999996
heating_validation,E80,4650.0,655.2327762170839,711.034,626.7668542246012,733.182,583.3022471616972,620.402,628.8363015194124,710.6669999999999,586.8550617789501,595.012,568.2339853825164,553.5429999999999,324.8267640091261,312.78999999999996
heating_validation,E80,4700.0,655.2411486543248,711.268,626.8901494571475,733.3299999999999,583.5303020127816,620.808,628.9326974809007,710.829,587.0797837803597,595.452,568.4977873400048,553.99,324.9327240922241,312.964
heating_validation,E80,4750.0,655.2442935597109,711.18,626.99222371779,733.679,583.7461104050976,621.162,628.9926619716524,711.151,587.2734893018943,595.8409999999999,568.7518279614367,554.428,325.0366154786144,313.126
heating_validation,E80,4800.0,655.281941295753,710.1379999999999,627.0892187120864,733.867,583.9472742839292,621.558,629.0637712292129,711.391,587.4410466888996,596.258,568.9906207858711,554.887,325.13850461515676,313.303
heating_validation,E80,4850.0,655.3397851003882,710.919,627.1944683032306,733.88,584.1428215826635,621.87,629.1688674352573,711.429,587.6112005113314,596.617,569.2214283813655,555.304,325.23838465344477,313.43399999999997
heating_validation,E80,4900.0,655.4008032010267,710.93,627.3055673021611,734.115,584.3398895665756,622.174,629.2872240906978,711.684,587.7962051171431,596.94,569.4524715959083,555.6859999999999,325.3362559142156,313.577
heating_validation,E80,4950.0,655.4223224961963,710.799,627.4149047228786,734.0999999999999,584.5409782543288,622.5429999999999,629.3965667399492,711.776,587.9951332831155,597.3340000000001,569.6879533471848,556.097,325.43210280653216,313.73199999999997
heating_validation,E80,5000.0,655.5173982156862,710.5070000000001,627.5176838617109,734.151,584.7339346326712,622.785,629.4887317804144,711.814,588.1705113825745,597.642,569.9160070864566,556.472,325.5259582006378,313.887
heating_validation,E80,5050.0,655.6128979317656,710.396,627.644957720412,734.2539999999999,584.9300525409265,623.035,629.6458936942989,711.881,588.3616165887014,597.914,570.1433035287997,556.785,325.6179644288371,314.036
heating_validation,E80,5100.0,655.6401128732089,709.853,627.7680293757431,734.223,585.1386329220666,623.3,629.7750928921064,711.922,588.5831267049984,598.2090000000001,570.3842073462592,557.137,325.7083395484815,314.205
heating_validation,E80,5150.0,655.7106648664349,710.103,627.8750622317411,734.289,585.3405824201817,623.516,629.8610449768321,711.938,588.7765206134324,598.47,570.6212383654253,557.4659999999999,325.79730447308907,314.38199999999995
heating_validation,E80,5200.0,655.7614165371874,709.249,627.992974071928,734.259,585.5410690741885,623.749,629.9853560871063,711.967,588.9696200612589,598.758,570.8548065616972,557.789,325.885029649608,314.542
heating_validation,E80,5250.0,655.8329964200614,710.627,628.1046609117182,734.424,585.740522978355,623.912,630.0898553671872,712.057,589.1603685135084,598.961,571.0879384232638,558.059,325.9716076854606,314.68699999999995
heating_validation,E80,5300.0,655.9249255384582,710.876,628.2260419038063,734.7339999999999,585.9384317461003,624.184,630.2214017207631,712.375,589.3494367228291,599.241,571.3179022823474,558.365,326.0570528904618,314.84
heating_validation,E80,5350.0,655.9946606465879,711.101,628.3522524126189,735.115,586.1417946088109,624.486,630.3581940950188,712.7349999999999,589.5540645961897,599.54,571.5525838032825,558.672,326.1413641218087,314.969
heating_validation,E80,5400.0,656.0821665749628,710.814,628.4740951318757,735.423,586.344658676003,624.824,630.4775431009407,713.0609999999999,589.7529606265626,599.891,571.7875516368252,559.005,326.22450103247616,315.092
heating_validation,E80,5450.0,656.2052648550983,710.2529999999999,628.6056983927857,735.406,586.5457824535866,625.1179999999999,630.6213208756008,713.12,589.9466643362616,600.188,572.019161305708,559.335,326.3064674815702,315.23699999999997
heating_validation,E80,5500.0,656.327024595694,710.586,628.7503242346705,735.425,586.7532462126961,625.308,630.7890341736364,713.0989999999999,590.1572254928583,600.439,572.2551899798589,559.6189999999999,326.38734015813196,315.37199999999996
heating_validation,E80,5550.0,656.414460426925,710.774,628.8944667047464,735.7049999999999,586.9685627681863,625.53,630.9418921991631,713.358,590.3823164925568,600.665,572.4996721179373,559.8779999999999,326.46719216132703,315.49899999999997
heating_validation,E80,5600.0,656.4450784213917,710.7829999999999,629.023095748038,735.865,587.1855593298416,625.755,631.0520840499793,713.5519999999999,590.6035154182148,600.9179999999999,572.7485489576837,560.146,326.5460206437589,315.616
heating_validation,E80,5650.0,656.458897135212,710.5129999999999,629.127982051943,735.951,587.3922484484696,626.04,631.1151967506515,713.6679999999999,590.7944150743699,601.1869999999999,572.990229376509,560.457,326.62379138254494,315.72799999999995
heating_validation,E80,5700.0,656.4623434246969,710.386,629.2197177816852,735.731,587.5854297500521,626.223,631.1703206251932,713.5319999999999,590.9593224144537,601.4159999999999,573.2192058468148,560.7429999999999,326.70047794563766,315.851
heating_validation,E80,5750.0,656.5017662088181,709.885,629.3041768978894,735.646,587.765141302802,626.3489999999999,631.2281143126128,713.467,591.1043470927373,601.5899999999999,573.4343143654941,560.967,326.7759932132741,315.966
heating_validation,E80,5800.0,656.5708143999257,709.384,629.3994397627877,735.432,587.9388679479588,626.4739999999999,631.3267177927088,713.316,591.2518653173586,601.7349999999999,573.6407980917097,561.211,326.85026793903694,316.085
heating_validation,E80,5811.0,656.5847152065211,710.3340000000001,629.4188957827631,735.351,587.9733790718548,626.4849999999999,631.3445869056516,713.233,591.2773370189047,601.77,573.6816910297489,561.2539999999999,326.86644084394163,316.11899999999997
heating_training,E81,0.0,295.2925,300.84099999999995,295.2925,302.834,295.2925,303.662,295.2925,303.075,295.2925,303.926,295.2925,303.96799999999996,295.2925,299.68199999999996
heating_training,E81,50.0,335.76153364247534,342.306,309.12787362825964,326.51599999999996,299.18566754629086,308.46299999999997,328.4384072968687,314.686,304.6727630448647,305.97499999999997,297.7535477440055,305.15099999999995,295.2928891186025,299.609
heating_training,E81,100.0,380.9001768319586,390.14799999999997,332.7836512219907,368.91999999999996,311.4710367566909,326.58299999999997,373.89654430869166,347.19399999999996,330.89333163002533,319.034,307.9364462470619,311.813,295.29504760988607,299.532
heating_training,E81,150.0,424.6375669015116,435.95099999999996,360.85492727446507,409.42199999999997,329.63035289489005,347.816,417.47868807005693,382.609,363.20904318371254,336.142,324.0174299008372,321.865,295.29950575387954,299.43399999999997
heating_training,E81,200.0,464.9080359918923,474.943,390.27100103966666,442.42199999999997,350.8917533925589,365.48699999999997,455.51505050490584,412.85799999999995,394.9689338496466,351.006,343.354952356296,330.62699999999995,295.30812079575554,299.34999999999997
heating_training,E81,250.0,501.0346070586013,507.57099999999997,419.22796536349534,470.97499999999997,373.27120549505156,381.188,487.6585997189826,440.086,423.5706267430167,364.474,363.98617105070866,338.695,295.3255325986164,299.289
heating_training,E81,300.0,532.9354290540124,537.8119999999999,446.6982728792018,497.337,395.47997184956733,395.81399999999996,514.5644562684332,465.861,448.3947785838426,377.22999999999996,384.6192218843934,346.522,295.3591505836795,299.209
heating_training,E81,350.0,560.8042702861371,561.229,472.14018393664014,518.227,416.73443844814494,407.748,537.076632650648,486.80999999999995,469.62902331365905,387.741,404.461411717907,353.188,295.418290459673,299.157
heating_training,E81,400.0,584.8992440989381,581.009,495.3179449000632,536.488,436.6002984619647,418.424,555.9750136320694,505.264,487.7331861161192,397.24199999999996,423.06875486232286,359.45799999999997,295.5130680440971,299.12399999999997
heating_training,E81,450.0,605.7154759117207,599.7,516.1657335451222,553.607,454.8500541775829,428.62,571.8573432554199,522.758,503.1414200709715,406.37399999999997,440.2030358588856,365.791,295.6531222987958,299.07899999999995
heating_training,E81,500.0,623.635514742348,613.9559999999999,534.782343486128,567.4649999999999,471.41334347407224,437.253,585.3414574366919,536.962,516.2889181694834,414.182,455.7790316897369,371.404,295.84663960192563,299.077
heating_training,E81,550.0,639.0312905931629,627.046,551.3069756312576,579.671,486.32598746445615,445.049,596.8419618989634,549.463,527.5728690969889,421.328,469.820000798276,376.817,296.09978284149014,299.06899999999996
heating_training,E81,600.0,652.2601551080038,638.374,565.9168932138887,590.577,499.6721610135131,452.212,606.7088710357848,560.7139999999999,537.3008224315886,427.93499999999995,482.398407789062,381.993,296.41637807685936,299.05699999999996
heating_training,E81,650.0,663.6010377342631,648.481,578.802997762995,600.881,511.57165210822836,459.30199999999996,615.2277311232236,571.535,545.7396637144226,434.542,493.62308002008467,387.4,296.7979212493679,299.077
heating_training,E81,700.0,673.3383092552175,656.9,590.1449518941495,609.434,522.1533784167616,465.37399999999997,622.602973125742,580.5409999999999,553.0940253107716,440.268,503.6131767493065,392.163,297.2438224378732,299.08099999999996
heating_training,E81,750.0,681.7919029179999,664.97,600.1250489237402,617.252,531.54062362945,471.073,629.0320108740625,588.749,559.5124598285762,445.65299999999996,512.4806238649203,396.799,297.7517069936341,299.099
heating_training,E81,800.0,689.0833425182816,672.633,608.9309205388603,625.053,539.8739135173294,476.84299999999996,634.72076395024,596.838,565.1753023797049,451.139,520.3562632735791,401.602,298.3177248115245,299.11499999999995
heating_training,E81,850.0,695.3090243907576,679.367,616.6925124303086,631.675,547.2877665608785,481.91499999999996,639.7252003751871,603.723,570.2247572362024,456.02,527.3703530831691,405.933,298.9369482574381,299.15999999999997
heating_training,E81,900.0,700.7124012952016,685.5909999999999,623.5234096916422,637.935,553.8772330440597,486.735,644.103858028187,610.212,574.7030999839067,460.664,533.6122469662918,410.14199999999994,299.6037660381613,299.21599999999995
heating_training,E81,950.0,705.4790978015327,690.337,629.5642700013827,643.624,559.7321537402275,491.354,648.0147374010469,616.16,578.6737868568996,465.139,539.1619895673881,414.26,300.3121597400335,299.286
heating_training,E81,1000.0,709.6458974639125,694.278,634.936072807455,649.073,564.9572907548753,496.018,651.5600921070402,621.9549999999999,582.2531068470181,469.75199999999995,544.1177863692348,418.51599999999996,301.0560181543947,299.38399999999996
heating_training,E81,1050.0,713.2924249275744,697.46,639.7161562975492,653.502,569.6393735073758,500.063,654.7471641407469,626.737,585.5061741713197,473.806,548.5635636391064,422.30899999999997,301.8292422743478,299.476
heating_training,E81,1100.0,716.4821323813031,701.663,643.9807181989994,657.655,573.8463694250853,503.902,657.6223997806126,631.116,588.4675907180145,477.65299999999996,552.564380997023,426.006,302.6259027419683,299.611
heating_training,E81,1150.0,719.2514122243058,705.616,647.7909923099585,662.063,577.6395725199611,507.84299999999996,660.2135905094374,635.7239999999999,591.175593080692,481.62,556.1790091059056,429.854,303.4403299322394,299.75199999999995
heating_training,E81,1200.0,721.8116609545433,708.582,651.200538904011,665.8979999999999,581.0547532248133,511.394,662.5472508024254,639.756,593.6176088285014,485.192,559.4374507991004,433.33399999999995,304.26729418988305,299.895
heating_training,E81,1250.0,724.131563095816,711.9849999999999,654.3009651480278,669.5899999999999,584.1474538440676,514.837,664.7618974696135,643.5989999999999,595.8627315195116,488.65999999999997,562.3895995016439,436.67999999999995,305.10187806645877,300.02799999999996
heating_training,E81,1300.0,726.1899900367853,715.024,657.1189720181342,673.1579999999999,586.9752301742468,518.192,666.8103651641061,647.347,597.9737427928014,492.08399999999995,565.0928781884841,439.99399999999997,305.93948351548806,300.17999999999995
heating_training,E81,1350.0,728.0142179004395,717.962,659.6784333464165,676.722,589.5689770041118,521.6659999999999,668.6822762465874,651.0809999999999,599.9475768296921,495.616,567.5790058497687,443.42699999999996,306.7761021224836,300.359
heating_training,E81,1400.0,729.7102592782129,720.454,662.0076750294745,679.932,591.9462255685257,524.8,670.3966993182786,654.5039999999999,601.767647546352,498.806,569.862403708802,446.54699999999997,307.60823910484737,300.537
heating_training,E81,1450.0,731.2287239903972,722.3599999999999,664.1519949432704,682.951,594.1383973236476,527.857,672.0214205132747,657.692,603.4738474034485,501.89799999999997,571.9722457894192,449.606,308.4328905056285,300.698
heating_training,E81,1500.0,732.6145908039158,724.0319999999999,666.1171073694336,685.607,596.168674336032,530.81,673.5135136875955,660.585,605.0778819395832,504.907,573.931279296128,452.602,309.24740221509086,300.876
heating_training,E81,1550.0,733.8955113705475,725.7819999999999,667.9305009883907,688.305,598.0508705069109,533.777,674.9122751884621,663.467,606.5779294559321,507.953,575.7518380520033,455.65999999999997,310.04950194356087,301.05899999999997
heating_training,E81,1600.0,735.0472951037581,728.429,669.6102561245676,690.756,599.8063658952937,536.452,676.2274541226723,666.068,607.9994567243419,510.729,577.4544995180001,458.42199999999997,310.8373277032855,301.265
heating_training,E81,1650.0,736.1088146455278,730.322,671.1622337992644,693.2860000000001,601.4464487552417,539.055,677.4434295557805,668.689,609.3401036896332,513.443,579.0501843289079,461.11699999999996,311.60938063771675,301.465
heating_training,E81,1700.0,737.1465925684276,732.5840000000001,672.6079390317709,695.934,602.9766426694836,541.816,678.5949517576058,671.4559999999999,610.5920258258616,516.307,580.5418615761887,463.92999999999995,312.3645091087563,301.693
heating_training,E81,1750.0,738.0944058524362,733.923,673.9727197012644,698.258,604.4184506925671,544.319,679.7198000104916,673.922,611.7955932744475,518.924,581.9500325545162,466.51599999999996,313.10183925395927,301.911
heating_training,E81,1800.0,738.943838247451,734.806,675.247944814345,700.374,605.7859510459361,546.722,680.7653346386284,676.152,612.9602333549551,521.458,583.2904278984878,469.032,313.8207147811522,302.144
heating_training,E81,1850.0,739.7507801396741,736.605,676.4382809385016,702.438,607.0774222652973,549.193,681.7364988605733,678.329,614.0604163796053,524.077,584.5609183273524,471.635,314.5207589104799,302.392
heating_training,E81,1900.0,740.5240797984458,738.281,677.5619904560846,704.396,608.2984355067839,551.404,682.6713419020979,680.3399999999999,615.1028524246327,526.3919999999999,585.7650367238782,473.979,315.2017325662923,302.637
heating_training,E81,1950.0,741.2416412106777,739.825,678.6270370826869,706.37,609.4608679721171,553.588,683.571662807552,682.344,616.1085864508597,528.652,586.9143269583507,476.27799999999996,315.86354596163017,302.894
heating_training,E81,2000.0,741.8911517086142,740.7149999999999,679.632209537983,708.294,610.5719102260791,555.736,684.4206504348699,684.357,617.081919606519,530.8689999999999,588.0168727458705,478.513,316.50627089822297,303.135
heating_training,E81,2050.0,742.481695899707,742.3199999999999,680.5766656469499,710.207,611.6328040658051,557.9369999999999,685.2112659965303,686.355,618.0144621728489,533.135,589.0742271863825,480.849,317.13001049481124,303.405
heating_training,E81,2100.0,743.0614779087481,743.075,681.4656511479561,711.848,612.6410889486226,559.951,685.9543311261696,688.083,618.8939986393382,535.2239999999999,590.0825448475948,482.971,317.73489637745274,303.644
heating_training,E81,2150.0,743.6786593091564,743.846,682.3169733539025,713.304,613.5981095869298,561.877,686.6879045517077,689.6679999999999,619.7233553161185,537.2090000000001,591.0403169065772,485.00699999999995,318.3210849029174,303.888
heating_training,E81,2200.0,744.1980197043359,744.9449999999999,683.1451026683492,714.8209999999999,614.5252701465544,563.843,687.432271220998,691.3309999999999,620.5555285336734,539.269,591.970231986461,487.13199999999995,318.8888441956042,304.167
heating_training,E81,2250.0,744.7310914010975,745.733,683.9210931590694,716.2829999999999,615.4174275521635,565.596,688.0959792292066,692.856,621.3557104503429,541.0840000000001,592.8681941060421,489.029,319.4385338855475,304.39099999999996
heating_training,E81,2300.0,745.2297656407558,746.949,684.6740826227659,717.745,616.2749027230099,567.346,688.767559933435,694.401,622.1254910139937,542.914,593.733537049604,490.919,319.9704760631738,304.63599999999997
heating_training,E81,2350.0,745.7229879767061,747.6379999999999,685.3927839764029,719.335,617.103212557422,569.202,689.4008384713655,696.055,622.8738114677578,544.835,594.5712407295076,492.895,320.4850912937305,304.9
heating_training,E81,2400.0,746.1741641363473,748.2249999999999,686.0878797860773,720.575,617.9054047931303,570.884,690.0249132050352,697.403,623.6047624125553,546.607,595.3850082895162,494.679,320.9829009881107,305.159
heating_training,E81,2450.0,746.5957984383141,748.809,686.7496111734946,721.728,618.6834590123998,572.486,690.6074346540169,698.6279999999999,624.3170955505796,548.296,596.1772033003125,496.441,321.4644543866751,305.42699999999996
heating_training,E81,2500.0,747.0277660490455,749.8399999999999,687.3841012284659,722.922,619.4327169492611,574.01,691.1678234588544,699.8489999999999,624.9961140367736,549.894,596.9421840496144,498.11299999999994,321.930352333553,305.681
heating_training,E81,2550.0,747.4753837002075,750.4839999999999,688.0034282068685,724.162,620.1564679958965,575.622,691.7323636992212,701.1479999999999,625.6523950178985,551.5989999999999,597.6816692301146,499.905,322.3811641981473,305.96299999999997
heating_training,E81,2600.0,747.8582911950114,751.266,688.6095074178978,725.246,620.8668313800116,577.054,692.2953209110917,702.2629999999999,626.3144863906829,553.102,598.4091167234175,501.45899999999995,322.8174371348784,306.21799999999996
heating_training,E81,2650.0,748.190462862116,751.6189999999999,689.181792784566,726.364,621.5621935443627,578.469,692.7999983127727,703.404,626.9663980346494,554.578,599.1251133957246,503.008,323.2396853195942,306.49699999999996
heating_training,E81,2700.0,748.5670320978711,752.275,689.7255834543449,727.377,622.2289421787685,579.8399999999999,693.2727723760195,704.441,627.5716782712224,556.006,599.8140665842035,504.49899999999997,323.64848897446774,306.75899999999996
heating_training,E81,2750.0,748.9325729082367,752.953,690.2647296960488,728.43,622.8753910417619,581.275,693.7740415204646,705.519,628.1622599818337,557.49,600.482349311534,506.078,324.04442625838226,307.048
heating_training,E81,2800.0,749.3022750883237,753.271,690.7886730415694,729.344,623.50771909367,582.554,694.2584970829741,706.4929999999999,628.7483703741694,558.8409999999999,601.1366011982109,507.503,324.428042521347,307.313
heating_training,E81,2850.0,749.6187243520268,753.995,691.3020352338401,730.2570000000001,624.130014932765,583.795,694.7393261474269,707.441,629.335683527505,560.142,601.7824543202661,508.86899999999997,324.79979197923217,307.592
heating_training,E81,2900.0,749.9184894824876,754.1189999999999,691.7887666779519,731.2159999999999,624.7389147533167,585.125,695.1730426903666,708.441,629.9082888442032,561.51,602.4172043777966,510.312,325.1601982589431,307.86699999999996
heating_training,E81,2950.0,750.2785221729175,754.776,692.2614631781388,731.968,625.3245940824554,586.274,695.6015783705303,709.265,630.4428500534178,562.7570000000001,603.0285611888202,511.61699999999996,325.5097370512691,308.131
heating_training,E81,3000.0,750.5440692902282,755.495,692.7360682011099,732.899,625.9051585172199,587.429,696.0600338753748,710.193,630.9942557748215,563.969,603.6354717254571,512.908,325.84886840788243,308.409
heating_training,E81,3050.0,750.7539491138202,755.9659999999999,693.173112640787,733.825,626.4784076567798,588.652,696.4357275352131,711.169,631.542058542576,565.278,604.2390609417967,514.236,326.1780648006736,308.692
heating_training,E81,3100.0,751.0241566159683,756.48,693.5848547809536,734.651,627.024146324313,589.7719999999999,696.7840627005266,712.021,632.0350538971489,566.448,604.8166272590178,515.4639999999999,326.4977475746516,308.95099999999996
heating_training,E81,3150.0,751.3347681394521,756.2909999999999,694.0007801522985,735.415,627.54958352606,590.848,697.1776799007987,712.817,632.5072410683597,567.588,605.3715809356096,516.681,326.80832340125346,309.224
heating_training,E81,3200.0,751.6710995177207,756.836,694.42165239422,736.019,628.0671737800076,591.8689999999999,697.5944790276005,713.502,632.9882357568753,568.671,605.9163129557975,517.824,327.11017312320126,309.47999999999996
heating_training,E81,3250.0,751.946948213095,757.442,694.8450360368524,736.771,628.5872215265805,592.9159999999999,698.019178651543,714.277,633.4945417622171,569.788,606.4639690911558,519.024,327.403640306946,309.758
heating_training,E81,3300.0,752.1612141671252,757.386,695.2456080990082,737.442,629.1068829110769,593.8789999999999,698.3872655462028,714.972,634.0054049037481,570.804,607.0144929806397,520.1129999999999,327.68909677641614,309.998
heating_training,E81,3350.0,752.3909306537502,757.6869999999999,695.6217523477509,738.01,629.6105127637716,594.8109999999999,698.71399942628,715.612,634.4797455032908,571.781,607.55135438901,521.174,327.9668822288244,310.25899999999996
heating_training,E81,3400.0,752.6346922587521,758.267,695.9916580866635,738.539,630.0977154981076,595.738,699.0532501713427,716.1679999999999,634.9290889697911,572.756,608.0716373430006,522.241,328.2373484084618,310.52599999999995
heating_training,E81,3450.0,752.9272772968276,758.749,696.3592057553569,739.2819999999999,630.5719746562211,596.67,699.4029362194893,716.8979999999999,635.3657270667468,573.737,608.5772104293926,523.3209999999999,328.50084902921344,310.792
heating_training,E81,3500.0,753.2018677880649,759.25,696.735723610067,739.893,631.0433186533261,597.554,699.7839696105547,717.545,635.8149795918904,574.6389999999999,609.0786677656625,524.295,328.75768210920205,311.049
heating_training,E81,3550.0,753.4396533132216,759.774,697.1036512029165,740.621,631.5160524505194,598.422,700.1408723668314,718.24,636.2776626618697,575.539,609.5825057446664,525.232,329.0081252899696,311.298
heating_training,E81,3600.0,753.6397017182014,759.557,697.4563449438389,741.26,631.984462825989,599.274,700.466913941333,718.935,636.7334076095952,576.4369999999999,610.0844544786502,526.188,329.2524530418224,311.558
heating_training,E81,3650.0,753.8725310581783,759.185,697.7926059721071,741.655,632.4391416412915,600.126,700.767488449917,719.439,637.160060344381,577.3399999999999,610.5734498816386,527.174,329.4909479025571,311.80899999999997
heating_training,E81,3700.0,754.0190793336814,759.4110000000001,698.1266362563058,741.97,632.8897367886369,600.8789999999999,701.0835623415891,719.775,637.5921767320954,578.116,611.0596712180122,528.056,329.72383142687676,312.065
heating_training,E81,3750.0,754.180019625559,759.867,698.4294649006291,742.322,633.3285447290409,601.569,701.3332199273086,720.163,638.0026455094296,578.8599999999999,611.5362404503405,528.89,329.9513484216465,312.28999999999996
heating_training,E81,3800.0,754.369512004049,759.626,698.7285118528008,742.785,633.7489306373747,602.305,701.6037421602331,720.673,638.3825714709558,579.6379999999999,611.9941033863558,529.778,330.17365856514994,312.53
heating_training,E81,3850.0,754.5736069041112,759.972,699.0273188785231,743.231,634.1600189612452,602.971,701.8890535552146,721.135,638.7604196511061,580.353,612.4410845007935,530.566,330.3907941251182,312.714
heating_training,E81,3900.0,754.783277337085,760.47,699.3267744465408,743.669,634.5659380695926,603.653,702.1828527757173,721.607,639.1419992326394,581.063,612.8820875362397,531.3489999999999,330.60275936521987,312.911
heating_training,E81,3950.0,754.9782957212645,760.265,699.6245107204942,744.2159999999999,634.9697113732291,604.395,702.4750919085569,722.1569999999999,639.5296407311772,581.814,613.3209258777943,532.171,330.8096399500346,313.096
heating_training,E81,4000.0,755.2215903784945,759.875,699.9174375043463,744.516,635.365796592797,605.028,702.757603068508,722.54,639.9042035229638,582.501,613.7513271742444,532.913,331.01147617691504,313.268
heating_training,E81,4050.0,755.4447434751338,760.265,700.2206170823976,744.8,635.7607006353119,605.651,703.0706065268391,722.8779999999999,640.2861696600977,583.1569999999999,614.1795525468297,533.622,331.2082639652573,313.445
heating_training,E81,4100.0,755.6566417355939,760.682,700.5166570587828,745.241,636.1566346126131,606.278,703.3599008450184,723.309,640.6748164090278,583.825,614.6091699510176,534.367,331.40009806377554,313.64099999999996
heating_training,E81,4150.0,755.7706825405385,761.037,700.8037494349135,745.664,636.5551465113115,606.866,703.6318992423543,723.746,641.0724543554896,584.471,615.0442216327872,535.04,331.5871441259634,313.818
heating_training,E81,4200.0,755.8323412240865,760.528,701.0543019569155,745.976,636.9465252032801,607.4639999999999,703.8239058415836,724.135,641.4504604452703,585.083,615.4766215304637,535.7139999999999,331.7695636294217,313.99699999999996
heating_training,E81,4250.0,755.9009809347497,760.799,701.2792555421564,746.2439999999999,637.3167792584748,607.998,703.9873256259082,724.4,641.7824775619123,585.689,615.8903779343362,536.353,331.9475423323452,314.176
heating_training,E81,4300.0,756.032951073626,759.8879999999999,701.4959502395484,746.525,637.6647452765511,608.563,704.165077076184,724.71,642.0793313251678,586.308,616.280440740838,537.053,332.12126392761735,314.364
heating_training,E81,4350.0,756.172111948228,760.047,701.7233719443117,746.53,638.0039667244971,609.054,704.3905104311957,724.794,642.3819707678999,586.8389999999999,616.6593717887631,537.662,332.29090072473275,314.537
heating_training,E81,4400.0,756.2819303820163,760.1679999999999,701.9492570668054,746.711,638.3446716155497,609.512,704.6126893883998,724.953,642.7062566844406,587.342,617.0396049073883,538.246,332.4566167042806,314.72799999999995
heating_training,E81,4450.0,756.4013976365724,760.75,702.1664152436658,747.0609999999999,638.6812038512423,609.948,704.8150776857258,725.27,643.0264073364644,587.827,617.4163209314494,538.81,332.61860946492595,314.90999999999997
heating_training,E81,4500.0,756.524434435142,761.3889999999999,702.3835512448536,747.4259999999999,639.0124780840996,610.4559999999999,705.0253544475501,725.6389999999999,643.3404020639695,588.367,617.7875766621358,539.399,332.776965426256,315.087
heating_training,E81,4550.0,756.6052355206472,761.712,702.5968245723893,747.844,639.3438569070831,610.949,705.2299112919181,726.0029999999999,643.6620673121319,588.883,618.1596481025425,539.94,332.9317426450117,315.255
heating_training,E81,4600.0,756.7386884644714,761.275,702.7976568141079,748.202,639.6660376140514,611.434,705.408193413303,726.402,643.9629674038925,589.4159999999999,618.5226295336302,540.5,333.08304407262835,315.41499999999996
heating_training,E81,4650.0,756.836720480137,761.7059999999999,703.0086934245007,748.508,639.9859342294618,611.928,705.6241535774512,726.7059999999999,644.2687719340827,589.9459999999999,618.8827071286108,541.055,333.23100318749243,315.60499999999996
heating_training,E81,4700.0,756.9295476969005,761.4069999999999,703.2073186288102,748.7529999999999,640.3052809550368,612.393,705.8063449670493,726.972,644.5777097692443,590.43,619.2429168081013,541.601,333.37576360899,315.77299999999997
heating_training,E81,4750.0,757.0825446563977,761.415,703.40567858117,748.938,640.6147550630048,612.8019999999999,705.9964327395109,727.153,644.865168497868,590.885,619.5924279784333,542.0889999999999,333.51748248726926,315.942
heating_training,E81,4800.0,757.2930455368632,762.094,703.621968796621,749.155,640.9204497572329,613.182,706.2336246109089,727.3789999999999,645.1527999663701,591.309,619.9347617220809,542.55,333.6563054639207,316.10799999999995
heating_training,E81,4850.0,757.3879168653167,761.679,703.8524852844246,749.4739999999999,641.242282938037,613.6389999999999,706.4936233085782,727.694,645.4884420788624,591.771,620.2932552033225,543.0809999999999,333.7923316600559,316.28999999999996
heating_training,E81,4900.0,757.4967182945896,762.102,704.054150306994,749.615,641.5647239132146,614.009,706.6658290322034,727.8599999999999,645.8130764127375,592.185,620.6553443559897,543.527,333.9256742004656,316.44899999999996
heating_training,E81,4950.0,757.5980147677569,762.223,704.25644135291,749.914,641.8786056016128,614.361,706.8566873329729,728.125,646.1137928162257,592.582,621.0096427053866,543.9739999999999,334.05645290867267,316.599
heating_training,E81,5000.0,757.6808694431304,760.6679999999999,704.4500900884592,749.981,642.1895427022943,614.808,707.0327075386683,728.294,646.4120856697191,593.028,621.3613073451415,544.479,334.18474770893033,316.78
heating_training,E81,5050.0,757.801018518839,761.223,704.6374044143561,749.787,642.4914420677895,615.097,707.2028147394839,728.175,646.6923888981161,593.362,621.7037509543813,544.891,334.31064592237215,316.92999999999995
heating_training,E81,5100.0,757.8634240845976,760.063,704.8292203501662,749.894,642.7935094839626,615.3589999999999,707.3938879182277,728.262,646.9837675632466,593.675,622.0464585993428,545.284,334.4342009911936,317.082
heating_training,E81,5150.0,757.9950374917502,758.025,705.0054374688112,749.435,643.0871528455534,615.622,707.5462525081699,727.988,647.2563164966197,593.978,622.3805997776408,545.691,334.5554620064771,317.22799999999995
heating_training,E81,5200.0,758.1348661183634,756.902,705.1997431427653,748.592,643.3759832301897,615.77,707.7559635046318,727.305,647.5272436429013,594.181,622.7079081672482,546.069,334.67439026138317,317.35799999999995
heating_training,E81,5250.0,758.2438102191858,756.939,705.3944343852334,748.149,643.6709630480844,615.81,707.9571861573195,726.863,647.8202855638323,594.299,623.0409191359348,546.3779999999999,334.79094748765624,317.479
heating_training,E81,5300.0,758.3443782612974,758.789,705.5819198490041,748.1949999999999,643.9658478045606,615.856,708.1368792037473,726.824,648.1111066005448,594.429,623.3749782900068,546.604,334.9051875754696,317.594
heating_training,E81,5350.0,758.4186582269571,760.444,705.7638526930768,748.826,644.2589275789013,616.113,708.3075800356181,727.2860000000001,648.3974125286805,594.6769999999999,623.7083680712053,546.909,335.01724899818225,317.77799999999996
heating_training,E81,5400.0,758.4727847199812,762.002,705.9343834666906,749.525,644.5484753409557,616.4459999999999,708.4569029592335,727.881,648.6762971601233,594.999,624.0394623367873,547.2139999999999,335.12736397802297,317.95099999999996
heating_training,E81,5450.0,758.5634089968809,763.06,706.0970906994853,750.4159999999999,644.8283122285422,616.891,708.5988602296165,728.65,648.9345210880373,595.392,624.3609203948275,547.5419999999999,335.235722185744,318.126
heating_training,E81,5500.0,758.6584001159812,762.1389999999999,706.2669945639554,751.1089999999999,645.1037388631734,617.387,708.7698292027133,729.355,649.1919978816718,595.884,624.6766556756262,547.9749999999999,335.3424816482502,318.30199999999996
heating_training,E81,5550.0,758.7339849194294,760.8409999999999,706.4359975856106,751.035,645.3805469070481,617.7819999999999,708.9375497849184,729.442,649.4602296181686,596.278,624.9935682787499,548.346,335.4476798072736,318.445
heating_training,E81,5600.0,758.8217325616706,759.46,706.5993953055182,750.697,645.6541380919537,618.05,709.0918785573929,729.245,649.7223105418894,596.565,625.3074869291239,548.69,335.5511426910137,318.532
heating_training,E81,5650.0,758.8761805178315,759.578,706.7626080833612,750.409,645.9267305507733,618.18,709.2509178849762,729.0139999999999,649.986273346087,596.752,625.620790578685,548.968,335.6526986170315,318.623
heating_training,E81,5700.0,758.9596607510628,757.881,706.9149341071936,750.035,646.1935047649205,618.308,709.385194473438,728.745,650.2374282474015,596.9259999999999,625.9285072374817,549.251,335.75225463371515,318.705
heating_training,E81,5750.0,759.0513707948363,757.558,707.0737554292905,749.526,646.4552670926108,618.385,709.5452854785042,728.345,650.4828806365639,597.055,626.230270617456,549.486,335.8497945291731,318.793
heating_training,E81,5800.0,759.1426318483202,757.999,707.2335097167452,749.2529999999999,646.7173706862436,618.423,709.7063145181608,728.0360000000001,650.7354194750048,597.145,626.5316453206786,549.712,335.9453914416712,318.87899999999996
heating_training,E81,5850.0,759.2480557211331,757.992,707.3943778235208,749.279,646.9783532826407,618.521,709.8687744062379,728.006,650.9875648811168,597.29,626.8315145366577,549.935,336.03911902447055,319.005
heating_training,E81,5900.0,759.3854074558168,758.816,707.5612296040833,749.431,647.237949078773,618.633,710.0441222013376,728.108,651.2381494555649,597.424,627.1286735715706,550.125,336.1310559634398,319.09
heating_training,E81,5950.0,759.5213152925104,759.309,707.7390181952993,749.6769999999999,647.5013540315891,618.8340000000001,710.2406967187749,728.323,651.5003764857391,597.6189999999999,627.4284010301096,550.348,336.2213002257783,319.219
heating_training,E81,5986.0,759.627854206124,760.0609999999999,707.8645658443793,749.902,647.6869300866283,618.9749999999999,710.3704267865975,728.5039999999999,651.6802313468143,597.766,627.6387053950174,550.499,336.28532717474366,319.315
cooling_validation,C69,0.0,1060.472,1060.472,1070.801,1070.801,896.78,896.78,1044.5364970402325,1044.384,854.8529548219619,852.8969999999999,871.5946819992391,769.855,370.9087194332652,344.40299999999996
cooling_validation,C69,50.0,950.3329267713757,811.433,1021.5183017198835,1028.6480000000001,905.4847561977291,894.765,939.5061938727537,1015.497,899.9532440548008,852.217,885.5469389307292,770.963,376.9781992995065,344.586
cooling_validation,C69,100.0,843.5666568423833,685.5219999999999,945.4522362329242,914.28,887.825561137197,876.684,802.8393237293884,918.829,859.7590790241593,840.9209999999999,878.5996131714664,771.962,380.8593394287513,344.885
cooling_validation,C69,150.0,750.8361966903851,606.1289999999999,864.5449139277991,801.514,849.4289969549535,828.108,690.0101788462188,816.923,782.7577933913877,806.487,849.5301544360674,762.48,383.48035785437906,345.356
cooling_validation,C69,200.0,673.137854924195,554.2919999999999,788.2655620135995,719.448,801.5699101249742,775.637,606.8269919066754,740.804,705.1977042299176,766.3389999999999,808.5495990743758,745.18,385.2217024191706,345.82399999999996
cooling_validation,C69,250.0,609.1087682726851,515.413,720.2168326356218,655.578,752.0342086912736,726.25,547.3518294812766,680.204,640.4563172484791,727.049,763.8913272234084,724.1189999999999,386.25909910525183,346.35799999999995
cooling_validation,C69,300.0,556.8199328430032,483.679,661.3363172070988,603.103,705.0633575276881,680.6769999999999,504.8562042954243,629.606,590.2956672935929,689.6179999999999,720.3615182162619,700.403,386.6880457476369,346.905
cooling_validation,C69,350.0,514.3712121676518,463.109,611.3409466293078,565.727,662.6225299342527,645.232,474.1550573899789,592.5409999999999,552.527704432071,659.457,680.3535490224657,678.837,386.57835272475006,347.33299999999997
cooling_validation,C69,400.0,480.02141637151107,445.575,569.3978661550169,536.664,625.3672615919345,614.728,451.5764947865452,562.71,524.2334333098235,632.443,644.8207613089952,657.4559999999999,385.9952813237354,347.697
cooling_validation,C69,450.0,452.2743143740574,431.586,534.4710286860993,515.05,593.2413407975396,591.529,434.61035835624364,540.171,502.8575922407506,611.2729999999999,613.915028651191,639.3489999999999,385.0053541388411,347.878
cooling_validation,C69,500.0,429.87047208062353,419.912,505.51912937814456,496.741,565.8484594161446,571.729,421.5810841847562,521.248,486.461614709415,592.8679999999999,587.382602038749,622.719,383.6756062057174,347.921
cooling_validation,C69,550.0,411.7693262824641,408.865,481.5741311481181,481.081,542.6499238192882,553.655,411.35484350609374,504.256,473.64879594938594,575.682,564.785776737497,606.332,382.0709517919762,347.82599999999996
cooling_validation,C69,600.0,397.1244376212731,399.815,461.78386618667537,468.08299999999997,523.0794489827917,539.019,403.16936352245597,490.504,463.44391284207416,561.403,545.6298168703212,592.262,380.25173203527663,347.628
cooling_validation,C69,650.0,385.2552111046304,392.924,445.4215896225741,457.351,506.60159190978413,525.876,396.51011850956564,478.765,455.1765690698255,548.387,529.431127182988,579.053,378.272097148889,347.30999999999995
cooling_validation,C69,700.0,375.6053416367175,386.058,431.8717130597176,446.9,492.7294629682746,513.2719999999999,391.00257540509267,467.38699999999994,448.36244575619406,535.775,515.7389557106609,566.0609999999999,376.17924442363176,346.84999999999997
cooling_validation,C69,750.0,367.7246152849908,379.91499999999996,420.6133564001356,438.30999999999995,481.02734279946736,502.64799999999997,386.3595397264105,458.03,442.6348597667472,525.019,504.14378926973427,554.573,374.0132397643586,346.36199999999997
cooling_validation,C69,800.0,361.26589228941145,374.657,411.2257675331621,430.441,471.1293857419888,492.86199999999997,382.40132735171557,449.51,437.75687625676113,515.025,494.30087600588774,543.7059999999999,371.807501798098,345.82399999999996
cooling_validation,C69,850.0,355.9428242626438,368.811,403.36477551424946,421.794,462.72752209624656,482.784,378.98695244532746,440.336,433.54660558976644,504.86199999999997,485.9144128568223,532.574,369.58927671276865,345.2
cooling_validation,C69,900.0,351.5295426446467,365.29699999999997,396.744671660689,415.676,455.5596036088193,474.13599999999997,376.0011099678451,433.23299999999995,429.86208286950296,495.85799999999995,478.7336100857439,522.641,367.38037256414043,344.586
cooling_validation,C69,950.0,347.8422821456552,361.472,391.1340684459164,410.072,449.4077371163301,466.48699999999997,373.3575146543905,426.917,426.59341599387204,487.68399999999997,472.5469418816991,513.4839999999999,365.19797868046464,343.938
cooling_validation,C69,1000.0,344.7410536696888,357.68399999999997,386.34645561066645,404.54999999999995,444.09378584940004,458.846,370.99596497531184,420.633,423.66638016177274,479.43399999999997,467.1830572586666,504.23799999999994,363.05530120407263,343.23699999999997
cooling_validation,C69,1050.0,342.1086149418238,354.78299999999996,382.230409884847,399.90099999999995,439.4697052765471,452.181,368.8639231228918,415.21799999999996,421.0131965030397,472.131,462.4961216175185,496.06899999999996,360.96232751792934,342.54699999999997
cooling_validation,C69,1100.0,339.8605998927748,350.841,378.6673822159567,394.455,435.4199410038649,445.716,366.9349435148051,409.64799999999997,418.6041304830646,465.253,458.37643469803675,488.30999999999995,358.92632587620926,341.84799999999996
cooling_validation,C69,1150.0,337.9234082826458,347.83899999999994,375.56433343265064,389.429,431.85290174128147,438.76599999999996,365.18577398462327,404.037,416.4100097879327,457.91099999999994,454.73325886651446,480.032,356.95234581318994,341.072
cooling_validation,C69,1200.0,336.2364281670252,344.697,372.8392725984838,384.89,428.6878219256016,432.726,363.58168394457823,399.101,414.3945285856364,451.525,451.4884499902554,472.66999999999996,355.0435651506542,340.30699999999996
cooling_validation,C69,1250.0,334.748177030825,342.038,370.423399130405,380.294,425.8544506569878,426.43899999999996,362.09038369924957,394.003,412.5175628092938,444.893,448.57168480811083,465.19599999999997,353.2017351531725,339.49699999999996
cooling_validation,C69,1300.0,333.42426948067833,339.731,368.26210322844935,376.70799999999997,423.295914946387,421.178,360.6949100619769,389.92199999999997,410.7571504004324,439.121,445.92787716965677,458.53499999999997,351.42753318259855,338.764
cooling_validation,C69,1350.0,332.23772107788767,337.58,366.3163519565279,372.868,420.9709183812121,415.495,359.39250671111625,385.524,409.10651465556543,432.91999999999996,443.5162014676348,451.34999999999997,349.7208561749345,337.929
cooling_validation,C69,1400.0,331.1598940218223,335.722,364.5452864061239,369.897,418.83461762455187,410.681,358.15293341012983,381.93399999999997,407.5259116282218,427.561,441.2892163079639,445.062,348.0809592220178,337.176
cooling_validation,C69,1450.0,330.1815955574499,333.90599999999995,362.92424590891784,366.977,416.86051241096305,406.37,356.98481059562465,378.58799999999997,406.02716835231627,422.73699999999997,439.22458107731103,439.419,346.50672247896716,336.486
cooling_validation,C69,1500.0,329.2945815390107,331.998,361.44082863041575,363.83399999999995,415.0344796706694,401.98299999999995,355.9012361296223,375.099,404.6204811221084,418.01599999999996,437.3067224201292,434.0,344.9966663946118,335.82899999999995
cooling_validation,C69,1550.0,328.482821276828,330.48499999999996,360.07465229341875,360.84999999999997,413.33473316450323,397.48799999999994,354.8827565831901,371.683,403.28520160242414,413.129,435.5132417892984,428.36,343.54908223666257,335.143
cooling_validation,C69,1600.0,327.738226737389,329.365,358.8108879653816,358.83,411.7462054432543,393.83099999999996,353.9245137057626,369.10699999999997,402.0191670583825,408.98799999999994,433.8307226070742,423.383,342.16202244951563,334.471
cooling_validation,C69,1650.0,327.0487627552206,327.83,357.63572292550214,356.436,410.2535189661066,390.133,353.01551013455753,366.32899999999995,400.807156260296,404.782,432.24207455695637,418.42699999999996,340.83338500518846,333.772
cooling_validation,C69,1700.0,326.4112429463178,326.51099999999997,356.53946224492097,353.98499999999996,408.84728979459294,386.563,352.1567458087075,363.47299999999996,399.6545818966654,400.815,430.7405096442365,413.86,339.5609820906369,333.118
cooling_validation,C69,1750.0,325.82248183547773,325.371,355.5189635860824,351.893,407.5244364195735,383.205,351.35593573522857,360.996,398.56891869416444,397.067,429.32258426981423,409.474,338.34258213227406,332.479
cooling_validation,C69,1800.0,325.27474181468807,323.875,354.5644973962395,349.58799999999997,406.2744725856865,379.825,350.598731006374,358.41099999999994,397.5331967814511,393.25,427.97690826565326,405.057,337.1759478037465,331.82
cooling_validation,C69,1850.0,324.76410871326027,322.782,353.66859022680745,347.49199999999996,405.08953215208004,376.64599999999996,349.88059663860076,356.00699999999995,396.54351662659326,389.70799999999997,426.69666810496375,400.99199999999996,336.0588657909527,331.2
cooling_validation,C69,1900.0,324.28421369293767,321.29699999999997,352.8240243108554,344.885,403.96125462647905,372.836,349.1938672311618,353.164,395.588818349026,385.577,425.4721307535674,395.977,334.9891667032241,330.498
cooling_validation,C69,1950.0,323.83461168561576,320.30999999999995,352.0263149823257,342.907,402.88531471615033,369.923,348.54035197637705,350.837,394.67395388350036,382.28599999999994,424.300815931304,392.49,333.96471707686925,329.887
cooling_validation,C69,2000.0,323.4153984507875,319.34799999999996,351.27638241111487,341.30699999999996,401.86309491718504,367.25899999999996,347.9294700341059,348.937,393.809487417657,379.21299999999997,423.18432157433034,388.916,332.98346734452645,329.301
cooling_validation,C69,2050.0,323.0175177483366,318.37,350.5652736169117,339.67499999999995,400.8840767421099,364.673,347.34027455595924,347.056,392.9682516976145,376.312,422.10925574304747,385.53,332.04340349543264,328.714
cooling_validation,C69,2100.0,322.64099213862403,317.424,349.8868062640544,337.76199999999994,399.94162198744624,361.878,346.7697539985273,344.99699999999996,392.1497002423125,373.207,421.0715744375276,381.981,331.1426130663939,328.102
cooling_validation,C69,2150.0,322.2872301985831,316.52299999999997,349.24458511180245,335.99199999999996,399.04001175176745,359.346,346.2339862398912,343.091,391.37218859647953,370.383,420.07574155794737,378.78499999999997,330.2792710227007,327.553
cooling_validation,C69,2200.0,321.949925974689,315.912,348.63233417473776,334.604,398.1719840856025,356.97299999999996,345.71671388800047,341.40999999999997,390.6148570084112,367.67199999999997,419.1122920396408,375.68399999999997,329.4515848799182,327.003
cooling_validation,C69,2250.0,321.6268279037756,315.308,348.04438595812394,333.347,397.33139326052594,354.70399999999995,345.2120249301264,339.871,389.8729850433766,365.038,418.1765310962469,372.601,328.65786523398833,326.421
cooling_validation,C69,2300.0,321.31933950596095,314.66299999999995,347.481565164209,332.179,396.51923198977096,352.71,344.7283233155166,338.481,389.15596024107543,362.712,417.2697023071461,369.91999999999996,327.8964802566835,325.893
cooling_validation,C69,2350.0,321.0254542062593,313.865,346.94185708012526,330.697,395.73288131191333,350.65599999999995,344.262188325894,336.933,388.45826067969074,360.40599999999995,416.388282692364,367.275,327.1659017266975,325.385
cooling_validation,C69,2400.0,320.7473202084805,313.27099999999996,346.4264886636151,329.58099999999996,394.97533299788984,348.734,343.82094229809184,335.606,387.79344188351945,358.159,415.5377583929791,364.671,326.46465527812006,324.861
cooling_validation,C69,2450.0,320.48447899096897,312.606,345.9362250254743,328.30699999999996,394.2473901680017,346.711,343.40439640560527,334.123,387.15843972344845,355.85299999999995,414.7174559285977,362.04999999999995,325.79132916204253,324.31399999999996
cooling_validation,C69,2483.0,320.3224055769016,312.268,345.6342200344719,327.582,393.7962298783347,345.55899999999997,343.1574916160498,333.303,386.7801557686106,354.515,414.2076232060745,360.51599999999996,325.3615836873745,323.99
cooling_validation,C80,0.0,710.9749999999999,710.9749999999999,735.393,735.393,626.529,626.529,713.1998920059368,713.218,602.7513627578177,601.828,612.5498459609362,561.342,331.9938907041669,316.166
cooling_validation,C80,50.0,668.7136056190668,627.64,712.3070329395711,719.223,632.3677830385788,625.0039999999999,670.9956876548104,703.8340000000001,630.5079591668662,601.4079999999999,620.5962547888464,561.146,335.93280915514254,316.289
cooling_validation,C80,100.0,624.0153630975352,569.299,679.8528784472614,676.527,629.2861238478584,617.6189999999999,617.3469652202309,669.969,624.3326436789788,596.656,621.7264780911128,560.818,338.4504486502329,316.43699999999995
cooling_validation,C80,150.0,582.7269657384584,531.454,644.8276486824955,634.1610000000001,617.7204623951949,602.0799999999999,569.6881310038743,632.938,599.6830465603209,585.287,614.1475187511616,557.1569999999999,340.13379895621034,316.589
cooling_validation,C80,200.0,546.2526224269835,503.275,610.5162606901386,598.239,600.9037597789898,583.8969999999999,530.9255988595828,600.17,569.9331906859229,571.087,600.6175096106349,551.011,341.267497958062,316.755
cooling_validation,C80,250.0,514.6885753582974,478.811,578.515211347347,566.075,581.6099040133753,565.06,500.1673146765815,570.203,541.563369699611,555.827,583.9262441863177,543.1659999999999,342.0044078221331,316.92499999999995
cooling_validation,C80,300.0,487.6613545451717,460.664,549.5224720363261,540.817,561.7304011545034,548.828,475.8114442477087,546.2629999999999,516.8549395289605,542.387,566.0811575540059,535.428,342.4324293181087,317.097
cooling_validation,C80,350.0,464.65921721476917,446.49299999999994,523.7334035843623,520.172,542.4234004174743,534.2149999999999,456.3827799233116,526.275,496.1380670351899,530.028,548.3591890020973,527.607,342.6066797561007,317.24699999999996
cooling_validation,C80,400.0,445.1666790971202,432.82099999999997,501.0808834589643,501.64799999999997,524.3410761679502,520.489,440.7408733266236,508.211,479.0211904192956,518.175,531.5110904591589,519.442,342.56564468969464,317.416
cooling_validation,C80,450.0,428.6858682615884,421.538,481.3562651128085,486.46,507.8045105753758,508.96799999999996,428.0217403487346,493.384,464.92330270828154,508.08299999999997,515.9354926376715,512.075,342.3394748530967,317.55199999999996
cooling_validation,C80,500.0,414.76795996770727,412.74199999999996,464.2807851443303,473.381,492.92266705986583,498.467,417.57096380710027,480.41999999999996,453.27567832546,498.804,501.8028323745928,504.92699999999996,341.95405166032737,317.65099999999995
cooling_validation,C80,550.0,403.00717167994816,405.37399999999997,449.5513224310164,462.432,479.6748936306403,489.07599999999996,408.8892091496145,469.34399999999994,443.5864128919712,490.35699999999997,489.13944815520097,498.081,341.4327114714995,317.74399999999997
cooling_validation,C80,600.0,393.05480083061514,397.83799999999997,436.86536720050526,452.359,467.96398499340063,480.2,401.5918130705621,459.144,435.4506754612011,482.22299999999996,477.88539488430376,491.178,340.7969698349802,317.80199999999996
cooling_validation,C80,650.0,384.6269113122597,391.753,425.9493683211066,443.67499999999995,457.66093234832135,472.524,395.4104175759875,450.39,428.5634775260485,475.169,467.94005077278814,485.01,340.06667864452345,317.849
cooling_validation,C80,700.0,377.473236174821,386.063,416.5567844967447,435.756,448.62444098939625,465.327,390.1353651635453,442.381,422.6880329174691,468.496,459.18299864000244,479.01599999999996,339.26000357865064,317.85299999999995
cooling_validation,C80,750.0,371.3835016226486,380.053,408.46433289609786,427.995,440.7091665523687,458.115,385.5919312209718,434.52799999999996,417.63235023743385,461.748,451.4864118910053,472.81499999999994,338.3933541542118,317.81199999999995
cooling_validation,C80,800.0,366.17783307653156,375.93899999999996,401.4767936607516,421.64,433.77512790842536,451.822,381.64282315408707,427.942,413.24170593485525,455.81899999999996,444.72298721032183,467.236,337.4813413744379,317.769
cooling_validation,C80,850.0,361.7100917370559,372.227,395.42446203521285,416.051,427.69213076375337,446.12,378.17893197862537,422.14599999999996,409.39314194194543,450.318,438.77310347100826,461.92099999999994,336.53683499886046,317.71
cooling_validation,C80,900.0,357.8658297234212,368.49199999999996,390.168413339879,410.726,422.34732536401,440.43499999999995,375.12954841382384,416.53499999999997,406.0003654250017,444.80899999999997,433.5317985693662,456.46799999999996,335.5710538084284,317.62
cooling_validation,C80,950.0,354.54466220734776,364.98499999999996,385.5904053436059,406.207,417.6417031075868,435.51599999999996,372.4326319377025,411.758,402.99284078572055,440.019,428.905520957949,451.647,334.5936478461068,317.527
cooling_validation,C80,1000.0,351.66116711170116,361.93399999999997,381.58683078966885,401.717,413.4864660430628,430.784,370.02911354132016,407.116,400.3080199843801,435.393,424.8104839985332,446.97499999999997,333.61280600462885,317.423
cooling_validation,C80,1050.0,349.15106817435657,358.828,378.07347765816655,397.33099999999996,409.80652416775837,425.94899999999996,367.8808723183596,402.519,397.90106997579545,430.609,421.1756726103662,442.09,332.63535220305005,317.28799999999995
cooling_validation,C80,1100.0,346.9529540664727,356.325,374.9781692457979,393.43399999999997,406.53647403694544,421.639,365.9504616970496,398.423,395.73089666637185,426.34799999999996,417.93783752790347,437.702,331.6669759589547,317.152
cooling_validation,C80,1150.0,345.01457210832825,353.599,372.23526177734146,389.95599999999996,403.61662714344305,417.586,364.19676180585316,394.74699999999996,393.7565479856828,422.316,415.04002586898787,433.471,330.7122498798195,317.003
cooling_validation,C80,1200.0,343.29462369897163,351.32899999999995,369.7908750380304,386.373,400.99589453372795,413.60299999999995,362.5924336390012,391.025,391.94646739923564,418.389,412.4329769122795,429.371,329.77485040890053,316.84799999999996
cooling_validation,C80,1250.0,341.75607993966463,348.95899999999995,367.598818111657,382.823,398.63008735238145,409.48799999999994,361.1128382431115,387.33,390.2737147789981,414.30999999999995,410.0737400493024,425.075,328.85766839243166,316.655
cooling_validation,C80,1300.0,340.3756218478166,347.08299999999997,365.622617713844,379.93499999999995,396.4834650944968,405.88,359.745096058057,384.179,388.72263550144504,410.688,407.92838806389096,421.21899999999994,327.96289413962927,316.48199999999997
cooling_validation,C80,1350.0,339.1377881446003,345.08,363.83778941505244,377.063,394.53061953027986,402.496,358.4909094818463,381.193,387.29017469259617,407.25199999999995,405.9723234238808,417.537,327.0921982517512,316.304
cooling_validation,C80,1400.0,338.02183508074205,342.78,362.2211787574456,373.953,392.7490748625572,398.895,357.33910184874014,377.986,385.96606250834566,403.663,404.18318909608945,413.69399999999996,326.2467783014178,316.09499999999997
cooling_validation,C80,1450.0,337.0046024791854,341.05699999999996,360.7466423970093,371.267,391.11441332038584,395.604,356.26459078054967,375.155,384.72828255265176,400.352,402.53709746178026,410.169,325.42737779401125,315.89
cooling_validation,C80,1500.0,336.0692755355651,339.303,359.39160749273896,368.671,389.6046449619136,392.472,355.25097397973377,372.486,383.56014669118025,397.18499999999995,401.0130951678954,406.73799999999994,324.6343705468175,315.66999999999996
cooling_validation,C80,1550.0,335.2067385999538,337.721,358.14098623048443,366.22799999999995,388.2040992720369,389.452,354.29623117896944,369.909,382.45711839746195,394.099,399.5962796162842,403.43899999999996,323.8678115338869,315.44599999999997
cooling_validation,C80,1600.0,334.4029891179584,335.717,356.98074698029393,363.53,386.8987281779389,386.306,353.39217718408025,367.20799999999997,381.41057154499555,390.929,398.27225326169645,400.015,323.1274922344371,315.188
cooling_validation,C80,1650.0,333.6471565089734,333.995,355.8960264329934,360.866,385.6744076296966,383.311,352.5262907277026,364.539,380.40973494968637,387.957,397.0277511185446,396.841,322.41298118699945,314.918
cooling_validation,C80,1700.0,332.9394025431929,332.465,354.880557534798,358.52099999999996,384.52378132263624,380.41099999999994,351.7058051914167,362.091,379.45892352319703,385.058,395.8563627715961,393.722,321.7236956494248,314.62699999999995
cooling_validation,C80,1750.0,332.2703101214948,330.808,353.9266390069657,355.96299999999997,383.43843185050207,377.41099999999994,350.92443465002043,359.48199999999997,378.55004624393393,382.046,394.748244372959,390.49699999999996,321.0589876632388,314.323
cooling_validation,C80,1800.0,331.63725839229426,329.42499999999995,353.0244958908634,353.91099999999994,382.4083018074737,374.796,350.1723080302103,357.303,377.67356232649064,379.356,393.6943604734798,387.567,320.4182443916093,314.072
cooling_validation,C80,1850.0,331.0381053142086,328.25899999999996,352.17023342789014,351.913,381.42768125862347,372.24,349.45267013298854,355.187,376.8288600506446,376.76,392.6885222867126,384.755,319.80090848003874,313.84999999999997
cooling_validation,C80,1900.0,330.4721638534015,326.89,351.3602564178263,349.913,380.49258872209845,369.854,348.7659170541629,353.15599999999995,376.0171689725883,374.28,391.727142165885,382.042,319.2063701551616,313.631
cooling_validation,C80,1950.0,329.9393104493563,326.012,350.5927713385157,348.195,379.60038844460786,367.37,348.11402209151424,351.227,375.23935429935216,371.74899999999997,390.80737010934433,379.24899999999997,318.6339992188608,313.392
cooling_validation,C80,2000.0,329.43522830971364,324.606,349.86397171281004,346.328,378.74717611764174,365.16999999999996,347.4918225822586,349.35299999999995,374.4909670483206,369.44399999999996,389.92507157608117,376.739,318.08318904403893,313.173
cooling_validation,C80,2050.0,328.95551163838104,323.74399999999997,349.168931328413,344.71299999999997,377.92849197782766,362.942,346.8926501489982,347.57,373.767025614312,367.162,389.07606247289584,374.26199999999994,317.5532720454678,312.96299999999997
cooling_validation,C80,2100.0,328.502882823158,322.90799999999996,348.5071958527604,343.179,377.14368096779873,360.852,346.32220830243836,345.95399999999995,373.0729473255393,364.99899999999997,388.2605879912255,371.87699999999995,317.04353018401025,312.748
cooling_validation,C80,2150.0,328.0830169463419,322.02799999999996,347.8833161369673,341.68199999999996,376.39652648460435,358.77799999999996,345.79415827540305,344.33799999999997,372.42075056155437,362.82,387.48254097165614,369.448,316.553233099796,312.522
cooling_validation,C80,2200.0,327.683533256844,321.18199999999996,347.2917650005859,340.299,375.682213220825,356.916,345.29054570290094,342.87399999999997,371.7937826641446,360.86899999999997,386.7350938625014,367.28299999999996,316.0816872055309,312.32599999999996
cooling_validation,C80,2250.0,327.3060654140974,320.503,346.72733291034405,339.018,374.99660545906295,355.101,344.8054802485044,341.48299999999995,371.1894899819118,358.984,386.0167913599699,365.168,315.6282061809049,312.09999999999997
cooling_validation,C80,2300.0,326.9522634981716,319.48199999999997,346.19312022244117,337.38199999999995,374.34155581206164,352.929,344.3504493842314,339.77099999999996,370.61500231918706,356.70399999999995,385.32837106076903,362.644,315.1920661138056,311.84
cooling_validation,C80,2350.0,326.6164076320882,318.655,345.6849273540059,336.07399999999996,373.7135153950237,351.212,343.9149667335763,338.416,370.06168069884467,354.913,384.66597533003284,360.664,314.7725930935785,311.63199999999995
cooling_validation,C80,2400.0,326.29742768282006,317.941,345.1995736712828,334.839,373.1095975838353,349.52,343.4956751227603,337.109,369.52690690053544,353.187,384.02755418060985,358.73499999999996,314.3691155850081,311.417
cooling_validation,C80,2450.0,325.9913591841081,317.294,344.734551471218,333.671,372.52703506214135,347.89799999999997,343.08961810949063,335.87399999999997,369.0063786082589,351.46799999999996,383.40952869016513,356.85299999999995,313.9809694964699,311.217
cooling_validation,C80,2500.0,325.6978795982907,316.604,344.28682322360845,332.45099999999996,371.96295831075116,346.241,342.69407348307163,334.60299999999995,368.4981042242778,349.72499999999997,382.8098446950852,354.91999999999996,313.60751901366547,310.99699999999996
cooling_validation,C80,2550.0,325.41841107308187,316.001,343.8572353292475,331.363,371.41751782244523,344.746,342.31487903375756,333.453,368.0061421828001,348.16499999999996,382.22853015064675,353.19899999999996,313.2481956002775,310.782
cooling_validation,C80,2600.0,325.15348803341465,315.135,343.4463811450329,330.159,370.8913884912303,343.25399999999996,341.95447110897726,332.256,367.53365159953916,346.61199999999997,381.66637133934427,351.45899999999995,312.9024202102253,310.587
cooling_validation,C80,2650.0,324.8967189843382,314.568,343.0503850562163,329.042,370.38097019193486,341.75899999999996,341.6025295774376,331.097,367.07057969152237,345.08299999999997,381.1187846603675,349.774,312.56962126895235,310.39099999999996
cooling_validation,C80,2700.0,324.6529352063048,314.046,342.6687527925884,327.966,369.88584102913745,340.272,341.2629976265199,329.93699999999995,366.6217237875374,343.49899999999997,380.58723572005584,348.04499999999996,312.2492773766697,310.183
cooling_validation,C80,2750.0,324.4221447380324,313.30699999999996,342.3045059306279,326.92699999999996,369.40818233796523,338.929,340.9432057120106,328.868,366.1917552828719,342.077,380.0725779807702,346.486,311.9408795313543,309.99
cooling_validation,C80,2800.0,324.1994564094865,312.782,341.9536550408949,325.897,368.94495030129985,337.57899999999995,340.6320453698861,327.784,365.7723327165394,340.692,379.5718354823111,344.95899999999995,311.6439334078318,309.792
cooling_validation,C80,2850.0,323.9847276984364,312.28799999999995,341.61447437258545,324.967,368.49456513319666,336.21299999999997,340.32855212140754,326.78999999999996,365.3626322421406,339.269,379.0840728017288,343.392,311.35793349752953,309.59
cooling_validation,C80,2900.0,323.77705124459794,311.893,341.2862077796916,324.159,368.05583674749806,335.05999999999995,340.0326826273024,325.923,364.96095197201,338.03499999999997,378.60751070857896,342.01199999999994,311.08239192579356,309.412
cooling_validation,C80,2950.0,323.5732886302194,311.393,340.96579249323463,323.381,367.62576033943895,333.947,339.738881214301,325.075,364.56207440887164,336.84499999999997,378.1391313700429,340.664,310.81689658244284,309.212
cooling_validation,C80,3000.0,323.3779589592713,310.88399999999996,340.6546610021995,322.496,367.2056547657561,332.75199999999995,339.4547384658106,324.15599999999995,364.17386920152757,335.568,377.6813624611263,339.265,310.5610138759948,309.02
cooling_validation,C80,3050.0,323.191739090472,310.44399999999996,340.3559539329093,321.654,366.7983059087536,331.621,339.1869370788135,323.311,363.8019520997211,334.394,377.23623358171864,337.993,310.3143156846518,308.83099999999996
cooling_validation,C80,3100.0,323.0090470063685,310.029,340.06566825629284,320.88599999999997,366.4004241659067,330.56199999999995,338.9229922495208,322.49899999999997,363.43547269060144,333.293,376.79988021108375,336.75399999999996,310.07637813381643,308.65
cooling_validation,C80,3150.0,322.8292597516185,309.543,339.7813151647113,320.08799999999997,366.0097844012978,329.453,338.660225004378,321.66499999999996,363.07241784442317,332.135,376.3710459729316,335.46099999999996,309.84681808359596,308.457
cooling_validation,C80,3200.0,322.65310592424106,308.921,339.5042503814758,319.155,365.62772709365026,328.409,338.40465407406117,320.81199999999995,362.7184399805629,331.05199999999996,375.951200710826,334.30199999999996,309.6252022003697,308.25699999999995
cooling_validation,C80,3250.0,322.4744128194565,308.436,339.23162556537136,318.26099999999997,365.2521392764642,327.33299999999997,338.1486802585467,319.93399999999997,362.36707216581885,329.96299999999997,375.5374584553423,333.133,309.4110358199897,308.054
cooling_validation,C80,3300.0,322.2922464075493,307.953,338.9601759572433,317.47799999999995,364.8804752588335,326.26,337.8879476703448,319.115,362.0154369780345,328.82899999999995,375.1283811392184,331.90599999999995,309.20379303118705,307.813
cooling_validation,C80,3350.0,322.1062643742847,307.48299999999995,338.6906493289971,316.625,364.5132630341424,325.222,337.62748867691363,318.251,361.6671509685341,327.789,374.7243465478455,330.789,309.0029282049915,307.55699999999996
cooling_validation,C80,3400.0,321.91420142444235,306.905,338.4209471131572,315.774,364.14870202172074,324.234,337.3628144697862,317.40999999999997,361.3179806401846,326.75699999999995,374.3232108138384,329.681,308.80791967389325,307.30699999999996
cooling_validation,C80,3450.0,321.71600689901305,306.47799999999995,338.1482789926571,315.006,363.7833251203581,323.212,337.0894473940338,316.633,360.9614295554359,325.70399999999995,373.92137038333703,328.537,308.6183235784521,307.05199999999996
cooling_validation,C80,3500.0,321.5147791812089,306.27599999999995,337.872310685133,314.429,363.41525105315395,322.35799999999995,336.8099257477047,316.00399999999996,360.5968023470047,324.78499999999997,373.5167674439155,327.50899999999996,308.43387415677864,306.85799999999995
cooling_validation,C80,3550.0,321.32076628987267,305.96999999999997,337.5988355881456,313.89099999999996,363.04872469707226,321.602,336.54059845221445,315.42699999999996,360.23868394338274,323.974,373.1144573620756,326.577,308.2544511115416,306.691
cooling_validation,C80,3600.0,321.13265513103073,305.748,337.3318114885958,313.394,362.68718688165967,320.775,336.28527684811564,314.82099999999997,359.89082446595467,323.09799999999996,372.7162679866559,325.62,308.0799738812439,306.49699999999996
cooling_validation,C80,3650.0,320.94773873914056,305.55699999999996,337.06796782170926,312.967,362.3285117665586,320.115,336.0319036727151,314.376,359.54514667962485,322.35799999999995,372.3204975712778,324.75699999999995,307.91029162443783,306.341
cooling_validation,C80,3682.0,320.8407870846347,305.84999999999997,336.90978693472937,313.269,362.1119554124628,320.183,335.89225001506634,314.292,359.3519225394337,322.157,372.0820363626329,324.48199999999997,307.80415709118535,306.22999999999996
cooling_validation,C81,0.0,760.24,760.24,750.2529999999999,750.2529999999999,619.1189999999999,619.1189999999999,728.9837784581458,728.7719999999999,598.7586145676618,597.909,607.192162035425,550.641,335.561383100131,319.387
cooling_validation,C81,50.0,720.606216124791,678.7049999999999,731.5695800523031,737.98,628.273919517623,617.7570000000001,697.1747575371377,721.62,632.5489320805679,597.634,616.7573899121193,550.2,339.49233097281285,319.51
cooling_validation,C81,100.0,677.5315725787506,622.566,705.2082964415241,705.432,631.4729268121736,613.462,654.4772118196587,695.555,638.0799442714117,594.818,622.5839756516874,550.337,341.9989818499246,319.642
cooling_validation,C81,150.0,636.9685230545356,582.219,676.079224255794,669.076,627.3996780209036,602.9559999999999,614.462780924284,663.66,624.9757934808431,586.963,621.4974727363981,548.4739999999999,343.6760185519068,319.80199999999996
cooling_validation,C81,200.0,600.5573283991486,552.7529999999999,646.7627255647626,638.784,617.8616594362968,590.943,580.1618487947442,636.1679999999999,603.9821920535826,577.385,614.7116482347075,545.15,344.80767387033615,319.90299999999996
cooling_validation,C81,250.0,568.5383048540281,527.958,618.6594270427232,611.6320000000001,604.9122696088365,578.476,551.5343962212345,611.1610000000001,581.3309362821645,567.122,604.1363111106467,540.913,345.5470628419515,319.98299999999995
cooling_validation,C81,300.0,540.6557586097462,506.342,592.481310261809,586.412,590.1869147356504,565.595,527.7279326497124,587.5409999999999,559.8913582869001,556.322,591.4080116945065,535.842,345.9831119289327,320.03999999999996
cooling_validation,C81,350.0,516.4873387679868,489.049,568.542468768719,565.962,574.8414759582122,554.1679999999999,507.8384965775171,568.093,540.7009283806718,546.614,577.7250765966797,530.767,346.1718037281903,320.049
cooling_validation,C81,400.0,495.5573752148249,474.054,546.9090228180604,548.01,559.6337288191751,543.6089999999999,491.06853497634137,550.9269999999999,523.9253480255321,537.495,563.8961898570441,525.593,346.1518431831141,320.03499999999997
cooling_validation,C81,450.0,477.4639953430765,461.173,527.5188357474983,531.487,545.0322123829193,533.078,476.81267159913847,534.842,509.38654910973526,528.283,550.4380605025489,519.973,345.9527880954876,320.03799999999995
cooling_validation,C81,500.0,461.83338226176204,449.318,510.2522267250853,517.89,531.3146147503213,524.095,464.63670374529204,521.655,496.82246949885206,520.324,537.6667226537521,514.769,345.5992806980987,320.053
cooling_validation,C81,550.0,448.3277066147444,439.47499999999997,494.9431579021792,505.628,518.6230042006442,515.746,454.17627977384893,509.628,485.9575177775819,512.847,525.7586410600568,509.667,345.11308700275424,320.04999999999995
cooling_validation,C81,600.0,436.62614948792884,429.71999999999997,481.4023545842665,493.783,507.00456829776607,507.35699999999997,445.1232225817026,498.00199999999995,476.52768059065295,505.312,514.7891585928209,504.235,344.51398483792525,320.037
cooling_validation,C81,650.0,426.4748692856016,421.48699999999997,469.43766177808567,483.68999999999994,496.44475691328944,499.965,437.2324919834538,488.039,468.3010416292813,498.62699999999995,504.7694523275989,499.227,343.8199636584483,319.99699999999996
cooling_validation,C81,700.0,417.6455552555119,413.955,458.87241878223944,473.97299999999996,486.8962458853369,492.53099999999995,430.3235917066481,478.36299999999994,461.0897786017397,491.811,495.6702195947489,493.956,343.0475271848836,319.931
cooling_validation,C81,750.0,409.9495818284374,407.081,449.53864353352776,465.69499999999994,478.29067399688523,485.99399999999997,424.23983465291343,470.11699999999996,454.7365999916495,485.783,487.4400922837215,489.08899999999994,342.2117138689416,319.82899999999995
cooling_validation,C81,800.0,403.20921748219473,401.109,441.2820703738756,457.779,470.54866502890087,479.772,418.84843839438173,462.24699999999996,449.106591425307,480.04699999999997,480.0114319527657,484.364,341.32604029556137,319.71099999999996
cooling_validation,C81,850.0,397.28365749884733,396.0,433.95955706499984,450.634,463.5846563702957,473.455,414.03215952076744,454.89799999999997,444.0825246171483,474.149,473.31092253590407,479.35299999999995,340.40255797080306,319.58399999999995
cooling_validation,C81,900.0,392.0604225891767,391.561,427.4531188464962,444.707,457.3188652007974,468.042,409.7178708598311,448.788,439.5780095247165,469.032,467.26699781954744,474.842,339.4518954615757,319.447
cooling_validation,C81,950.0,387.4249130081579,386.90099999999995,421.6528053562087,438.631,451.67361021535135,462.568,405.824414659496,442.575,435.51371159670583,463.83,461.80793225031454,470.162,338.48330218841653,319.268
cooling_validation,C81,1000.0,383.30979188221517,382.31899999999996,416.46669807471056,433.11699999999996,446.578711244345,457.639,402.2995848817427,437.053,431.83111141359404,459.14,456.8718728324512,465.88699999999994,337.5047267263453,319.085
cooling_validation,C81,1050.0,379.6521364819063,378.34999999999997,411.82654380518545,427.83899999999994,441.97785880679476,452.84,399.1221698892145,431.71399999999994,428.4955771008959,454.553,452.4049782794414,461.667,336.52297169399907,318.88399999999996
cooling_validation,C81,1100.0,376.36936792687504,374.751,407.65701760098966,422.549,437.8130380386523,447.79699999999997,396.2262724172107,426.298,425.45470101575876,449.74299999999994,448.35208111850056,457.18999999999994,335.5437785201427,318.66499999999996
cooling_validation,C81,1150.0,373.41428547640436,371.49399999999997,403.89185378314556,418.18499999999995,434.02938821671285,443.417,393.5645250672808,421.779,422.6624199153693,445.46999999999997,444.6641848296908,453.13199999999995,334.5718798144377,318.43199999999996
cooling_validation,C81,1200.0,370.75039777379544,368.21,400.48485036367697,413.977,430.58383652723313,439.253,391.1248850530108,417.46999999999997,420.09412756748617,441.43499999999995,441.29966145288745,449.231,333.611194886133,318.222
cooling_validation,C81,1250.0,368.33598782588246,365.58,397.3916846536091,409.65599999999995,427.4377508205371,434.865,388.8799907427875,413.014,417.7247786484659,437.144,438.2216045232457,445.091,332.6649708198545,317.94599999999997
cooling_validation,C81,1300.0,366.13885315739793,362.63199999999995,394.5720818967141,406.009,424.55571412357614,430.99299999999994,386.80273859341247,409.229,415.52935943666023,433.327,435.3969233796592,441.322,331.73570324558614,317.692
cooling_validation,C81,1350.0,364.1326378359604,359.976,391.9934622594446,402.282,421.9072531020066,427.212,384.87653935067266,405.472,413.48833731947775,429.633,432.7965000295165,437.654,330.8253961385983,317.43899999999996
cooling_validation,C81,1400.0,362.2869550927449,357.23499999999996,389.624194597537,398.78499999999997,419.46374606359194,423.55999999999995,383.0773412603454,401.90299999999996,411.57958919568506,426.044,430.3923048911068,434.06499999999994,329.93559722796863,317.179
cooling_validation,C81,1450.0,360.59141620392336,354.7,387.44035270672754,394.93399999999997,417.2021149121874,419.683,381.39657774621696,398.065,409.7919658005486,422.24299999999994,428.16409635403943,430.304,329.0674291800278,316.89
cooling_validation,C81,1500.0,359.02858306903255,352.405,385.4248182334521,391.75899999999996,415.1045283201699,416.206,379.83122815004185,394.836,408.117991264174,418.81399999999996,426.0930636561149,426.847,328.2216906452902,316.618
cooling_validation,C81,1550.0,357.58330698418115,350.02,383.5578707642606,388.52599999999995,413.15330654827295,412.823,378.3650041732503,391.60999999999996,406.54553645368367,415.46799999999996,424.163066156523,423.481,327.39893594146145,316.34299999999996
cooling_validation,C81,1600.0,356.2346835648231,347.719,381.820687476014,385.145,411.3309599693484,409.25699999999995,376.98080854569525,388.166,405.058627693623,411.96399999999994,422.3562118316975,419.942,326.5994715893089,316.04499999999996
cooling_validation,C81,1650.0,354.98151471536926,345.75199999999995,380.1993036832296,382.269,409.6236317649585,406.049,375.67388629057143,385.20899999999995,403.6509331352772,408.79499999999996,420.6613060787419,416.72499999999997,325.8233916795094,315.78799999999995
cooling_validation,C81,1700.0,353.8138531055482,343.907,378.68628695392067,379.37,408.02216776779153,402.91999999999996,374.44787126981737,382.255,402.3210011162594,405.71999999999997,419.0676923125706,413.57399999999996,325.0706756875028,315.5
cooling_validation,C81,1750.0,352.7207856155514,342.154,377.2689229387496,376.60799999999995,406.5158370593476,399.71399999999994,373.28837564781884,379.346,401.06003975523686,402.51,417.565793124789,410.29699999999997,324.34111697026526,315.207
cooling_validation,C81,1800.0,351.6916366788102,340.211,375.9363570098924,374.07399999999996,405.0942205486183,396.82,372.1859297599458,376.755,399.8583457669369,399.647,416.1450702720178,407.29599999999994,323.6343778420095,314.916
cooling_validation,C81,1850.0,350.72204089177507,338.52099999999996,374.67942165178687,371.37,403.7483768084765,393.794,371.13492078232593,374.048,398.7099957852071,396.631,414.79768718385367,404.202,322.9500447855544,314.63199999999995
cooling_validation,C81,1900.0,349.8076127890489,336.74699999999996,373.4925188249572,368.519,402.4718741597939,390.601,370.13567476058796,371.14599999999996,397.61273005219414,393.46299999999997,413.5169817028208,400.913,322.28765722200916,314.32
cooling_validation,C81,1950.0,348.9493740489176,335.47499999999997,372.37204149372843,366.29999999999995,401.26065334078214,387.92699999999996,369.19046379819184,368.82599999999996,396.56820534798493,390.787,412.2998535145704,398.097,321.6467052913288,314.032
cooling_validation,C81,2000.0,348.1359117109481,333.88,371.31243826111455,364.157,400.1095507628254,385.34799999999996,368.2922494757426,366.639,395.57064201020387,388.17199999999997,411.139680334705,395.359,321.0266271665162,313.768
cooling_validation,C81,2050.0,347.3622413027965,332.517,370.30486334332744,361.799,399.0114233378195,382.614,367.42834313237876,364.23199999999997,394.6113349699309,385.45099999999996,410.0308958038409,392.518,320.42680772354277,313.45799999999997
cooling_validation,C81,2100.0,346.63813071354053,331.58799999999997,369.35101921986904,360.07399999999996,397.9655602097638,380.71399999999994,366.61364279816286,362.11199999999997,393.69822244081394,382.971,408.97389505205103,389.678,319.8466182817658,313.159
cooling_validation,C81,2150.0,345.9448665659625,330.561,368.4454444961551,358.49,396.96729091128424,378.06899999999996,365.83579514948326,360.601,392.82171719525155,380.793,407.96048081619745,387.41999999999996,319.2854607102636,312.88199999999995
cooling_validation,C81,2200.0,345.2767210904599,329.30499999999995,367.57560571865633,356.38699999999994,396.00715865629616,375.65299999999996,365.07244350929733,358.519,391.9668240596359,378.35499999999996,406.98430924278944,384.84499999999997,318.7427321222075,312.58799999999997
cooling_validation,C81,2250.0,344.642448520157,328.40099999999995,366.74299187764984,354.827,395.0835382039679,373.49199999999996,364.3396354754474,356.82599999999996,391.1398400177917,376.179,406.0440315752865,382.498,318.217858648698,312.322
cooling_validation,C81,2300.0,344.0399909100372,327.469,365.9486342739032,353.14799999999997,394.19639944711565,371.418,363.64309449346877,355.05699999999996,390.3452649260468,374.058,405.1384088469102,380.246,317.7103120826186,312.061
cooling_validation,C81,2350.0,343.46895655578163,326.24699999999996,365.1906129265868,351.354,393.3446775652668,369.22799999999995,362.97963465896095,353.236,389.5834102328363,371.84,404.26728689715725,377.88199999999995,317.2195374537322,311.768
cooling_validation,C81,2400.0,342.921994625283,325.056,364.4660087482497,349.539,392.5260243814881,367.173,362.34360099970877,351.44899999999996,388.8497886142618,369.78599999999994,403.427434737005,375.68899999999996,316.74494974130823,311.48199999999997
cooling_validation,C81,2450.0,342.3991125034525,324.33799999999997,363.77093569881276,347.972,391.7374316100684,365.152,361.7295853852877,349.75,388.14067089140934,367.753,402.6171550121912,373.558,316.28588914575,311.222
cooling_validation,C81,2500.0,341.9002999457047,323.14,363.1054267342678,346.308,390.97787768543344,363.14,361.14175233143635,348.11299999999994,387.4567835087057,365.683,401.8349344861279,371.33799999999997,315.8417694031164,310.942
cooling_validation,C81,2550.0,341.4139377065326,322.20399999999995,362.4631382965613,344.72499999999997,390.24245738403323,361.236,360.5661505880479,346.501,386.787822594172,363.779,401.07474136763153,369.30899999999997,315.41202503787184,310.66499999999996
cooling_validation,C81,2600.0,340.9447579669724,321.35699999999997,361.84080750221233,343.25199999999995,389.52816405056507,359.37699999999995,360.00234108804096,345.018,386.13327901449117,361.88599999999997,400.3362017165218,367.301,314.99609491689097,310.39799999999997
cooling_validation,C81,2650.0,340.4969459073514,320.61899999999997,361.242581289568,341.84999999999997,388.8368859488619,357.609,359.4645115914291,343.572,385.5013026963686,360.09,399.6199958945934,365.37899999999996,314.5934115708302,310.15099999999995
cooling_validation,C81,2700.0,340.0710495745757,319.88399999999996,360.66887642668365,340.51599999999996,388.16922489735435,355.804,358.9525334835383,342.154,384.8936891228028,358.274,398.9267847515166,363.399,314.2034724147086,309.881
cooling_validation,C81,2750.0,339.6613662609241,318.99399999999997,360.1176160987579,339.13199999999995,387.5237300383637,354.14,358.46028693746115,340.78299999999996,384.30620438160736,356.599,398.2545071393769,361.57,313.82584883105824,309.62899999999996
cooling_validation,C81,2800.0,339.2621885119789,318.383,359.5831690279743,337.90099999999995,386.8960683005204,352.522,357.9757383604988,339.493,383.7295460409415,354.96299999999997,397.5989424741668,359.804,313.46004710125135,309.38899999999995
cooling_validation,C81,2850.0,338.87630666257144,317.56899999999996,359.06405045223454,336.645,386.2841324017231,350.885,357.5010016233118,338.20099999999996,383.163345053196,353.27799999999996,396.9590550171873,357.981,313.10568756525333,309.154
cooling_validation,C81,2900.0,338.50489912099,317.09999999999997,358.56199646854805,335.479,385.68860622574164,349.344,357.0431978321182,336.981,382.6122054335807,351.72299999999996,396.335039079787,356.28599999999994,312.7623665841668,308.899
cooling_validation,C81,2950.0,338.14685726095615,316.28999999999996,358.07629153746365,334.38599999999997,385.10921444793735,347.928,356.6005645412724,335.852,382.0761902949872,350.24399999999997,395.7265342304287,354.668,312.4296382695077,308.67699999999996
cooling_validation,C81,3000.0,337.8037570580798,315.68699999999995,357.6072185346282,333.248,384.54608924432756,346.49,356.17461072165696,334.691,381.5565071009854,348.79999999999995,395.13416096030795,353.10799999999995,312.1071306816359,308.44899999999996
cooling_validation,C81,3050.0,337.4682493276839,314.993,357.1519795269567,332.066,383.99702398041217,344.98499999999996,355.75794569145893,333.462,381.04708962637847,347.25199999999995,394.5543786543573,351.447,311.7944694366864,308.19399999999996
cooling_validation,C81,3100.0,337.1425536187333,314.32599999999996,356.7081628824267,330.899,383.46023131969594,343.578,355.34812447209214,332.311,380.54677748755546,345.84299999999996,393.98729885239896,349.921,311.4912640136164,307.97299999999996
cooling_validation,C81,3150.0,336.82155980904423,313.808,356.27468473244056,329.866,382.9341174576675,342.21299999999997,354.94438789366444,331.214,380.0527009543925,344.462,393.42958035868963,348.42999999999995,311.1971347131608,307.72499999999997
cooling_validation,C81,3200.0,336.5152926932548,313.409,355.8529062250572,329.00399999999996,382.4197230268563,340.873,354.5536006941753,330.251,379.57143205007236,343.05699999999996,392.8849840423601,346.923,310.9117221076091,307.5
cooling_validation,C81,3250.0,336.218407019896,312.80199999999996,355.44537497118534,328.00699999999995,381.91853682848574,339.67499999999995,354.17985864987463,329.284,379.1044996743397,341.82399999999996,392.35193686227205,345.55699999999996,310.6347175560102,307.275
cooling_validation,C81,3300.0,335.93565290453273,312.387,355.05073537377456,327.145,381.4304465808891,338.491,353.819322737622,328.405,378.6522543655626,340.59499999999997,391.83293602418064,344.22499999999997,310.365793860419,307.07
cooling_validation,C81,3350.0,335.65898550397725,311.842,354.66845712702917,326.168,380.95437997838883,337.22999999999996,353.4693136231285,327.375,378.20979984671413,339.304,391.32409888174686,342.83299999999997,310.1046886170552,306.84999999999997
cooling_validation,C81,3400.0,335.39516128283987,311.23199999999997,354.2969853163451,325.238,380.48967143806584,336.073,353.1285090838992,326.45399999999995,377.7785165960294,338.14799999999997,390.82795190953925,341.55699999999996,309.85112043130425,306.64
cooling_validation,C81,3450.0,335.13944183549427,310.904,353.9382652342781,324.40099999999995,380.0370212627804,334.923,352.80128119850025,325.582,377.358848701097,336.98199999999997,390.34238688970214,340.30699999999996,309.60481691563405,306.442
cooling_validation,C81,3500.0,334.8840034835397,310.423,353.5852910821873,323.652,379.5917888298988,333.883,352.4705585275059,324.789,376.94007316155734,335.87199999999996,389.86364901142474,339.086,309.3655005702298,306.236
cooling_validation,C81,3550.0,334.6378268904867,310.08799999999997,353.23934870530354,322.80499999999995,379.15397489287204,332.75699999999995,352.14549206543023,323.918,376.5269837618893,334.736,389.39335136434306,337.844,309.13290541852723,306.029
cooling_validation,C81,3600.0,334.40563643932757,309.767,352.9062272385985,322.162,378.72742202778807,331.787,351.84034941011555,323.2,376.1294981293518,333.71999999999997,388.93419744895857,336.72799999999995,308.90685104871096,305.83299999999997
cooling_validation,C81,3650.0,334.1806572115576,309.388,352.58405759869834,321.465,378.31153961576007,330.835,351.5460477683445,322.488,375.7430515339247,332.717,388.48463266919293,335.64599999999996,308.6871445399427,305.65299999999996
cooling_validation,C81,3700.0,333.9624738168819,309.043,352.27010324413556,320.786,377.9045187132788,329.899,351.25655263634457,321.774,375.36366253450973,331.769,388.044093485533,334.585,308.47358505106456,305.472
cooling_validation,C81,3750.0,333.75396920342797,308.58099999999996,351.965995295282,320.03299999999996,377.5071243759913,328.92699999999996,350.97777593794734,321.03,374.9943678323164,330.74899999999997,387.61332379331895,333.469,308.26597242305303,305.26599999999996
cooling_validation,C81,3800.0,333.54812002125044,308.193,351.6693531590003,319.32399999999996,377.11754808802795,328.003,350.7028669171429,320.315,374.62976874954575,329.806,387.18924737117555,332.46999999999997,308.06410505344445,305.114
cooling_validation,C81,3850.0,333.3456039017097,307.83299999999997,351.3770297208691,318.64799999999997,376.73332339139665,327.113,350.42689556287763,319.625,374.26639820541374,328.88,386.77080658272666,331.45799999999997,307.86779617384275,304.967
cooling_validation,C81,3900.0,333.14387639676846,307.518,351.0884103545223,317.947,376.3531632027622,326.173,350.1510640163772,318.933,373.90307281174074,327.93399999999997,386.35575620304985,330.404,307.67689702876055,304.801
cooling_validation,C81,3950.0,332.9523852992833,307.21299999999997,350.80609750365437,317.368,375.9791421662939,325.36699999999996,349.8845685899642,318.33099999999996,373.54829824379823,327.054,385.9482146718096,329.474,307.49123381874824,304.673
cooling_validation,C81,4000.0,332.76875139879996,306.92499999999995,350.5335022352768,316.78499999999997,375.61362569732745,324.58099999999996,349.63280938370633,317.73699999999997,373.2051859343409,326.24199999999996,385.5481091196266,328.57,307.31066823655385,304.54499999999996
cooling_validation,C81,4050.0,332.5900347673172,306.664,350.2673855737462,316.2,375.25506664892697,323.755,349.3854874478871,317.128,372.8685871194835,325.366,385.1549265900366,327.64,307.13507616994247,304.38899999999995
cooling_validation,C81,4100.0,332.4195477083278,306.43499999999995,350.00893356406334,315.681,374.90403803439636,323.03499999999997,349.1468112968281,316.596,372.5404467778775,324.606,384.7696364974653,326.801,306.96431188301324,304.256
cooling_validation,C81,4150.0,332.2543336157872,306.20799999999997,349.75817374468966,315.20899999999995,374.56049669573,322.332,348.9158198441418,316.067,372.21959200565544,323.878,384.3911038239697,325.986,306.79823948161936,304.114
cooling_validation,C81,4200.0,332.09566957901353,306.01399999999995,349.5140917649648,314.77299999999997,374.2241126839228,321.664,348.69060924751403,315.58799999999997,371.90602080859003,323.173,384.0203398721499,325.219,306.6367165984409,303.96999999999997
cooling_validation,C81,4250.0,331.9363044397512,305.59999999999997,349.27549128005006,314.157,373.89411462094813,320.90599999999995,348.4682332551957,314.976,371.5971227405434,322.41499999999996,383.65532464928106,324.40999999999997,306.47951363857135,303.77599999999995
cooling_validation,C81,4300.0,331.77505554378456,305.284,349.0387216828946,313.56399999999996,373.5683044794899,320.179,348.24193745467164,314.399,371.2891685843002,321.683,383.2952236564024,323.637,306.3262250855559,303.568
cooling_validation,C81,4350.0,331.6089605053478,304.926,348.80216006050404,312.995,373.2446049567343,319.476,348.0107244969814,313.80199999999996,370.97855443462703,320.97299999999996,382.9369953193155,322.85499999999996,306.17651769440477,303.352
cooling_validation,C81,4400.0,331.4407587106849,304.49699999999996,348.5647634242679,312.38,372.9218400063436,318.763,347.77547378247357,313.207,370.6657582144475,320.25699999999995,382.58053055679636,322.116,306.03013080249696,303.149
cooling_validation,C81,4450.0,331.26713779038363,304.167,348.32573347087845,311.77,372.59851797535134,318.018,347.53543748557684,312.577,370.34815447728255,319.52799999999996,382.22280376043534,321.328,305.8868831658051,302.95099999999996
cooling_validation,C81,4500.0,331.09134511150324,303.87699999999995,348.08408797801417,311.212,372.27374297957044,317.317,347.29070264733883,311.99899999999997,370.0268088872888,318.837,381.86444573608173,320.585,305.7466662353462,302.755
cooling_validation,C81,4550.0,330.91861031484126,303.667,347.84394289310586,310.729,371.9501499582974,316.683,347.05221249866446,311.513,369.70930701768555,318.203,381.5076973983751,319.9,305.60936424063595,302.59299999999996
cooling_validation,C81,4600.0,330.74480725311224,303.35299999999995,347.6050274841796,310.21799999999996,371.6278199755081,316.034,346.8160390417616,310.966,369.39360139885906,317.53,381.15147005184224,319.171,305.47488931556535,302.40599999999995
cooling_validation,C81,4650.0,330.5769741144511,303.097,347.36865828989795,309.77099999999996,371.30813035921733,315.438,346.58560595516445,310.5,369.08382830375484,316.918,380.79920267373325,318.527,305.3431550705633,302.25399999999996
cooling_validation,C81,4700.0,330.41145835496917,302.87399999999997,347.13705521357605,309.32399999999996,370.9926159097651,314.85799999999995,346.363459637201,310.03799999999995,368.7806700621616,316.317,380.45019697623275,317.86699999999996,305.2140653268238,302.087
cooling_validation,C81,4750.0,330.2409056158438,302.702,346.90421991063755,308.945,370.67729423750103,314.318,346.13315671672876,309.662,368.4729744140521,315.73699999999997,380.100748032482,317.267,305.0875096848172,301.948
cooling_validation,C81,4800.0,330.0748060878004,302.51599999999996,346.6718699857004,308.56199999999995,370.3627948526038,313.779,345.9037722184975,309.274,368.166260157228,315.16999999999996,379.7535651402894,316.63399999999996,304.963435232068,301.804
cooling_validation,C81,4850.0,329.9131179774313,302.304,346.44408995094636,308.176,370.05172463977556,313.287,345.6839656549567,308.89,367.86568518638734,314.657,379.4090638292122,316.05499999999995,304.84180133984285,301.67999999999995
cooling_validation,C81,4900.0,329.75586216570196,302.185,346.2198368751584,307.85999999999996,369.7441235654667,312.80199999999996,345.4687466846864,308.537,367.5702248484646,314.14099999999996,379.068386137196,315.50399999999996,304.7225874198474,301.534
cooling_validation,C81,4950.0,329.5976208518738,301.962,345.9976742829976,307.47799999999995,369.43880996215995,312.298,345.25351094795195,308.15,367.2753922369505,313.62399999999997,378.7290937171562,314.938,304.6057404333344,301.394
cooling_validation,C81,5000.0,329.43669690116036,301.695,345.7743718676503,307.08399999999995,369.13362728002244,311.80899999999997,345.032150568668,307.738,366.977447993896,313.13399999999996,378.3902555000065,314.429,304.49115979772876,301.262
cooling_validation,C81,5050.0,329.2761178414333,301.34,345.55188368903316,306.539,368.829874960775,311.272,344.8124463976402,307.25899999999996,366.6817550246782,312.59299999999996,378.05365073855967,313.866,304.3786703984339,301.08799999999997
cooling_validation,C81,5100.0,329.116084731457,300.97799999999995,345.33186770428,306.022,368.529293041001,310.727,344.5976652427874,306.80499999999995,366.3917861979426,312.04499999999996,377.7205553064779,313.32399999999996,304.2679885857914,300.912
cooling_validation,C81,5150.0,328.9518774366723,300.61899999999997,345.11247982576776,305.416,368.23099879379095,310.125,344.3817957988687,306.256,366.1037143451402,311.42999999999995,377.3898177284735,312.698,304.1588269210457,300.697
cooling_validation,C81,5200.0,328.7835500026825,300.50699999999995,344.89155552354515,305.061,367.93324312032456,309.626,344.16080919745656,305.861,365.8137539299521,310.9,377.0601676943288,312.154,304.0508965774169,300.529
cooling_validation,C81,5250.0,328.6124306061273,300.263,344.669147539557,304.669,367.63518959960095,309.178,343.9368254511351,305.53,365.52123296147107,310.42499999999995,376.7304724391266,311.642,303.9440526010685,300.37
cooling_validation,C81,5300.0,328.4439015041728,300.04499999999996,344.44766343189815,304.26099999999997,367.3383832422596,308.68399999999997,343.71681795607606,305.133,365.2316358845743,309.91299999999995,376.402943527789,311.091,303.8382196714697,300.207
cooling_validation,C81,5350.0,328.2779362610957,299.85499999999996,344.22915136554616,303.902,367.04425543110483,308.256,343.5034826875475,304.811,364.9468838761405,309.43199999999996,376.07788382180104,310.597,303.73334492041965,300.078
cooling_validation,C81,5400.0,328.1085711608916,299.64799999999997,344.01040471621275,303.573,366.7506570638091,307.846,343.2867411838996,304.49399999999997,364.66016041013273,308.995,375.7527119079759,310.126,303.6294077839785,299.93199999999996
cooling_validation,C81,5450.0,327.9333954685031,299.404,343.78734435998604,303.188,366.4542057688098,307.42499999999995,343.0588632880346,304.16499999999996,364.3649796144568,308.56899999999996,375.4246495948359,309.657,303.5263813804213,299.81199999999995
cooling_validation,C81,5500.0,327.7584572471276,299.207,343.56228301348267,302.792,366.15589502671395,306.98199999999997,342.8296974081073,303.78499999999997,364.06749550395836,308.10999999999996,375.09552280512725,309.173,303.4242489617084,299.671
cooling_validation,C81,5550.0,327.58433523674086,299.116,343.3376336887842,302.53999999999996,365.85742723811967,306.618,342.6041498779527,303.517,363.771489018397,307.69899999999996,374.7659099906869,308.76,303.3229932861767,299.558
cooling_validation,C81,5600.0,327.4094266149991,298.923,343.11244334414266,302.21799999999996,365.55863371102714,306.246,342.37818411086675,303.203,363.47568570264036,307.284,374.43597989312354,308.30199999999996,303.22261310994065,299.421
cooling_validation,C81,5650.0,327.2379146277379,298.81399999999996,342.888408678222,301.976,365.2607834877132,305.88199999999995,342.1560305181215,302.91999999999996,363.1831418241258,306.92699999999996,374.1075368946648,307.91299999999995,303.1230794338113,299.28999999999996
cooling_validation,C81,5700.0,327.0696739000638,298.669,342.6671604256936,301.707,364.96505572507533,305.52799999999996,341.939755379365,302.618,362.8949810273672,306.542,373.7809311555764,307.50899999999996,303.0244116234204,299.145
cooling_validation,C81,5750.0,326.9035831387864,298.567,342.44793878498524,301.493,364.6712858631836,305.188,341.72581577289066,302.39099999999996,362.6095486035798,306.195,373.4562228155345,307.138,302.9266295885949,299.013
cooling_validation,C81,5800.0,326.73979839425374,298.42199999999997,342.2305903623643,301.269,364.37926941062784,304.89,341.5136731500033,302.138,362.3259084280689,305.878,373.13324907359225,306.78,302.82975397807985,298.9
cooling_validation,C81,5850.0,326.5737920818228,298.27,342.0133099667239,301.001,364.0876451798131,304.566,341.29877968193153,301.87899999999996,362.0404107104807,305.52599999999995,372.8101015754339,306.412,302.73379935981467,298.77
cooling_validation,C81,5863.0,326.5350464825455,298.193,341.9620989336873,300.909,364.01899621882404,304.457,341.2557835144345,301.79999999999995,361.98354732097175,305.42499999999995,372.7342899162155,306.32,302.7089950255138,298.727
