RunID,Case,T9_SS_sim,T9_SS_exp,dT_T09,T3_SS_sim,T3_SS_exp,dT_T03,T2_SS_sim,T2_SS_exp,dT_T02,R_leak_sim,R_leak_exp,t90_sim_T09_s,t90_exp_T09_s,dt90_T09_s,t90_sim_T03_s,t90_exp_T03_s,dt90_T03_s,Gap_ss_sim,Gap_ss_exp,dGap_ss
1.0,E67,845.0337042107031,966.722,-121.68829578929683,627.5905330777464,763.718,-136.12746692225357,395.14630618241404,326.238,68.90830618241404,0.6042427358350752,0.6975164053140701,2250.0,600.0,1650.0,2300.0,2000.0,300.0,-217.44317113295676,-203.00400000000002,-14.439171132956744
1.0,E68,920.0514957018228,1020.827,-100.77550429817722,680.632125162611,773.123,-92.49087483738901,439.6902377192303,338.46999999999997,101.22023771923034,0.6165937540791112,0.6584471939208169,2900.0,800.0,2100.0,2900.0,2550.0,350.0,-239.41937053921174,-247.70399999999995,8.28462946078821
1.0,E69,986.5351629152793,1044.388,-57.85283708472059,728.7846734442169,769.736,-40.95132655578311,507.15883999611594,344.269,162.88983999611594,0.6269552380370846,0.6332055716556044,2950.0,850.0,2100.0,3100.0,2600.0,500.0,-257.75048947106245,-274.65199999999993,16.90151052893748
1.0,E70,1020.6110531131235,1093.714,-73.10294688687645,755.875728989363,779.53,-23.65427101063699,491.9875008082479,352.42199999999997,139.56550080824792,0.6348544029834813,0.6063429376180907,3500.0,1050.0,2450.0,3550.0,3200.0,350.0,-264.7353241237605,-314.18399999999997,49.44867587623946
1.0,E71,1087.0644860833843,1095.307,-8.242513916615735,808.6471036310409,753.444,55.203103631040904,520.8840738327211,355.88699999999994,164.99707383272118,0.6482259358446025,0.5725157526050101,3750.0,1350.0,2400.0,3800.0,3600.0,200.0,-278.4173824523434,-341.86300000000006,63.44561754765664
1.0,E72,592.8781521018512,771.04,-178.16184789814872,469.28198209640954,652.896,-183.61401790359042,340.5176746702417,309.84499999999997,30.672674670241747,0.5842434513990145,0.7515070187320431,1950.0,700.0,1250.0,1950.0,1750.0,200.0,-123.5961700054417,-118.144,-5.452170005441701
1.0,E73,670.7973973389635,868.132,-197.33460266103646,522.8854065047177,694.575,-171.68959349528234,386.8109709458167,325.051,61.75997094581669,0.6057776428126328,0.6968616710972625,2700.0,800.0,1900.0,2800.0,2250.0,550.0,-147.91199083424578,-173.5569999999999,25.645009165754118
1.0,E74,746.6341077053179,935.4069999999999,-188.77289229468204,579.0151293400256,697.613,-118.59787065997443,406.54957295599024,333.92699999999996,72.62257295599028,0.6283690473960785,0.6283359565120218,3550.0,1150.0,2400.0,3600.0,3000.0,600.0,-167.61897836529226,-237.79399999999987,70.1750216347076
1.0,E75,795.9458107768232,954.178,-158.23218922317676,617.4587836453748,681.066,-63.60721635462528,422.1240721223427,336.517,85.60707212234269,0.6432740919674746,0.5853017097391358,3900.0,1450.0,2450.0,3950.0,3400.0,550.0,-178.48702713144849,-273.11199999999997,94.62497286855148
1.0,E76,873.9272545721927,947.3489999999999,-73.4217454278072,681.0469568261799,646.8340000000001,34.212956826179834,451.34556531225564,338.025,113.32056531225567,0.6664870465722988,0.5389113327022131,4450.0,1800.0,2650.0,4500.0,3900.0,600.0,-192.88029774601284,-300.5149999999999,107.63470225398703
1.0,E77,508.8401349562624,602.0139999999999,-93.17386504373752,422.2387081507988,525.13,-102.8912918492012,347.9942514364395,308.27599999999995,39.71825143643957,0.5938821995792427,0.7490862095974103,2000.0,1050.0,950.0,2100.0,1850.0,250.0,-86.60142680546357,-76.8839999999999,-9.717426805463674
1.0,E78,556.6089091255574,663.877,-107.26809087444258,455.86205543093047,554.318,-98.45594456906952,354.87941656852263,312.88599999999997,41.99341656852266,0.6140128624042938,0.7025108681190076,3300.0,1450.0,1850.0,3300.0,2850.0,450.0,-100.7468536946269,-109.55899999999997,8.812146305373062
1.0,E79,582.2000033472407,694.149,-111.94899665275932,475.26822036181255,559.863,-84.5947796381875,363.70352656633327,314.909,48.794526566333275,0.6268979918613063,0.6630644509736522,3350.0,1550.0,1800.0,3400.0,2950.0,450.0,-106.93178298542813,-134.28599999999994,27.354217014571816
1.0,E80,605.8776384932647,713.316,-107.4383615067353,493.58626940779476,561.211,-67.62473059220525,368.52990794070996,316.085,52.44490794070998,0.6380962359284575,0.6358667809383364,3800.0,1800.0,2000.0,3800.0,3300.0,500.0,-112.29136908546997,-152.10500000000002,39.81363091453005
1.0,E81,649.1787582822903,728.323,-79.14424171770963,528.6592232697328,550.348,-21.688776730267136,383.95160448776693,319.219,64.73260448776693,0.6591456627955483,0.5887110751632099,4050.0,2050.0,2000.0,4100.0,3600.0,500.0,-120.51953501255753,-177.97500000000002,57.4554649874425
1.0,E67,845.0337042107031,966.722,-121.68829578929683,627.5905330777464,763.718,-136.12746692225357,395.14630618241404,326.238,68.90830618241404,0.6042427358350752,0.6975164053140701,2250.0,600.0,1650.0,2300.0,2000.0,300.0,-217.44317113295676,-203.00400000000002,-14.439171132956744
1.0,E68,920.0514957018228,1020.827,-100.77550429817722,680.632125162611,773.123,-92.49087483738901,439.6902377192303,338.46999999999997,101.22023771923034,0.6165937540791112,0.6584471939208169,2900.0,800.0,2100.0,2900.0,2550.0,350.0,-239.41937053921174,-247.70399999999995,8.28462946078821
1.0,E69,986.5351629152793,1044.388,-57.85283708472059,728.7846734442169,769.736,-40.95132655578311,507.15883999611594,344.269,162.88983999611594,0.6269552380370846,0.6332055716556044,2950.0,850.0,2100.0,3100.0,2600.0,500.0,-257.75048947106245,-274.65199999999993,16.90151052893748
1.0,E70,1020.6110531131235,1093.714,-73.10294688687645,755.875728989363,779.53,-23.65427101063699,491.9875008082479,352.42199999999997,139.56550080824792,0.6348544029834813,0.6063429376180907,3500.0,1050.0,2450.0,3550.0,3200.0,350.0,-264.7353241237605,-314.18399999999997,49.44867587623946
1.0,E71,1087.0644860833843,1095.307,-8.242513916615735,808.6471036310409,753.444,55.203103631040904,520.8840738327211,355.88699999999994,164.99707383272118,0.6482259358446025,0.5725157526050101,3750.0,1350.0,2400.0,3800.0,3600.0,200.0,-278.4173824523434,-341.86300000000006,63.44561754765664
1.0,E72,592.8781521018512,771.04,-178.16184789814872,469.28198209640954,652.896,-183.61401790359042,340.5176746702417,309.84499999999997,30.672674670241747,0.5842434513990145,0.7515070187320431,1950.0,700.0,1250.0,1950.0,1750.0,200.0,-123.5961700054417,-118.144,-5.452170005441701
1.0,E73,670.7973973389635,868.132,-197.33460266103646,522.8854065047177,694.575,-171.68959349528234,386.8109709458167,325.051,61.75997094581669,0.6057776428126328,0.6968616710972625,2700.0,800.0,1900.0,2800.0,2250.0,550.0,-147.91199083424578,-173.5569999999999,25.645009165754118
1.0,E74,746.6341077053179,935.4069999999999,-188.77289229468204,579.0151293400256,697.613,-118.59787065997443,406.54957295599024,333.92699999999996,72.62257295599028,0.6283690473960785,0.6283359565120218,3550.0,1150.0,2400.0,3600.0,3000.0,600.0,-167.61897836529226,-237.79399999999987,70.1750216347076
1.0,E75,795.9458107768232,954.178,-158.23218922317676,617.4587836453748,681.066,-63.60721635462528,422.1240721223427,336.517,85.60707212234269,0.6432740919674746,0.5853017097391358,3900.0,1450.0,2450.0,3950.0,3400.0,550.0,-178.48702713144849,-273.11199999999997,94.62497286855148
1.0,E76,873.9272545721927,947.3489999999999,-73.4217454278072,681.0469568261799,646.8340000000001,34.212956826179834,451.34556531225564,338.025,113.32056531225567,0.6664870465722988,0.5389113327022131,4450.0,1800.0,2650.0,4500.0,3900.0,600.0,-192.88029774601284,-300.5149999999999,107.63470225398703
1.0,E77,508.8401349562624,602.0139999999999,-93.17386504373752,422.2387081507988,525.13,-102.8912918492012,347.9942514364395,308.27599999999995,39.71825143643957,0.5938821995792427,0.7490862095974103,2000.0,1050.0,950.0,2100.0,1850.0,250.0,-86.60142680546357,-76.8839999999999,-9.717426805463674
1.0,E78,556.6089091255574,663.877,-107.26809087444258,455.86205543093047,554.318,-98.45594456906952,354.87941656852263,312.88599999999997,41.99341656852266,0.6140128624042938,0.7025108681190076,3300.0,1450.0,1850.0,3300.0,2850.0,450.0,-100.7468536946269,-109.55899999999997,8.812146305373062
1.0,E79,582.2000033472407,694.149,-111.94899665275932,475.26822036181255,559.863,-84.5947796381875,363.70352656633327,314.909,48.794526566333275,0.6268979918613063,0.6630644509736522,3350.0,1550.0,1800.0,3400.0,2950.0,450.0,-106.93178298542813,-134.28599999999994,27.354217014571816
1.0,E80,605.8776384932647,713.316,-107.4383615067353,493.58626940779476,561.211,-67.62473059220525,368.52990794070996,316.085,52.44490794070998,0.6380962359284575,0.6358667809383364,3800.0,1800.0,2000.0,3800.0,3300.0,500.0,-112.29136908546997,-152.10500000000002,39.81363091453005
1.0,E81,649.1787582822903,728.323,-79.14424171770963,528.6592232697328,550.348,-21.688776730267136,383.95160448776693,319.219,64.73260448776693,0.6591456627955483,0.5887110751632099,4050.0,2050.0,2000.0,4100.0,3600.0,500.0,-120.51953501255753,-177.97500000000002,57.4554649874425
2.0,E67,845.0337042107031,966.722,-121.68829578929683,627.5905330777464,763.718,-136.12746692225357,395.14630618241404,326.238,68.90830618241404,0.6042427358350752,0.6975164053140701,2250.0,600.0,1650.0,2300.0,2000.0,300.0,-217.44317113295676,-203.00400000000002,-14.439171132956744
2.0,E68,920.0514957018228,1020.827,-100.77550429817722,680.632125162611,773.123,-92.49087483738901,439.6902377192303,338.46999999999997,101.22023771923034,0.6165937540791112,0.6584471939208169,2900.0,800.0,2100.0,2900.0,2550.0,350.0,-239.41937053921174,-247.70399999999995,8.28462946078821
2.0,E69,986.5351629152793,1044.388,-57.85283708472059,728.7846734442169,769.736,-40.95132655578311,507.15883999611594,344.269,162.88983999611594,0.6269552380370846,0.6332055716556044,2950.0,850.0,2100.0,3100.0,2600.0,500.0,-257.75048947106245,-274.65199999999993,16.90151052893748
2.0,E70,1020.6110531131235,1093.714,-73.10294688687645,755.875728989363,779.53,-23.65427101063699,491.9875008082479,352.42199999999997,139.56550080824792,0.6348544029834813,0.6063429376180907,3500.0,1050.0,2450.0,3550.0,3200.0,350.0,-264.7353241237605,-314.18399999999997,49.44867587623946
2.0,E71,1087.0644860833843,1095.307,-8.242513916615735,808.6471036310409,753.444,55.203103631040904,520.8840738327211,355.88699999999994,164.99707383272118,0.6482259358446025,0.5725157526050101,3750.0,1350.0,2400.0,3800.0,3600.0,200.0,-278.4173824523434,-341.86300000000006,63.44561754765664
2.0,E72,592.8781521018512,771.04,-178.16184789814872,469.28198209640954,652.896,-183.61401790359042,340.5176746702417,309.84499999999997,30.672674670241747,0.5842434513990145,0.7515070187320431,1950.0,700.0,1250.0,1950.0,1750.0,200.0,-123.5961700054417,-118.144,-5.452170005441701
2.0,E73,670.7973973389635,868.132,-197.33460266103646,522.8854065047177,694.575,-171.68959349528234,386.8109709458167,325.051,61.75997094581669,0.6057776428126328,0.6968616710972625,2700.0,800.0,1900.0,2800.0,2250.0,550.0,-147.91199083424578,-173.5569999999999,25.645009165754118
2.0,E74,746.6341077053179,935.4069999999999,-188.77289229468204,579.0151293400256,697.613,-118.59787065997443,406.54957295599024,333.92699999999996,72.62257295599028,0.6283690473960785,0.6283359565120218,3550.0,1150.0,2400.0,3600.0,3000.0,600.0,-167.61897836529226,-237.79399999999987,70.1750216347076
2.0,E75,795.9458107768232,954.178,-158.23218922317676,617.4587836453748,681.066,-63.60721635462528,422.1240721223427,336.517,85.60707212234269,0.6432740919674746,0.5853017097391358,3900.0,1450.0,2450.0,3950.0,3400.0,550.0,-178.48702713144849,-273.11199999999997,94.62497286855148
2.0,E76,873.9272545721927,947.3489999999999,-73.4217454278072,681.0469568261799,646.8340000000001,34.212956826179834,451.34556531225564,338.025,113.32056531225567,0.6664870465722988,0.5389113327022131,4450.0,1800.0,2650.0,4500.0,3900.0,600.0,-192.88029774601284,-300.5149999999999,107.63470225398703
2.0,E77,508.8401349562624,602.0139999999999,-93.17386504373752,422.2387081507988,525.13,-102.8912918492012,347.9942514364395,308.27599999999995,39.71825143643957,0.5938821995792427,0.7490862095974103,2000.0,1050.0,950.0,2100.0,1850.0,250.0,-86.60142680546357,-76.8839999999999,-9.717426805463674
2.0,E78,556.6089091255574,663.877,-107.26809087444258,455.86205543093047,554.318,-98.45594456906952,354.87941656852263,312.88599999999997,41.99341656852266,0.6140128624042938,0.7025108681190076,3300.0,1450.0,1850.0,3300.0,2850.0,450.0,-100.7468536946269,-109.55899999999997,8.812146305373062
2.0,E79,582.2000033472407,694.149,-111.94899665275932,475.26822036181255,559.863,-84.5947796381875,363.70352656633327,314.909,48.794526566333275,0.6268979918613063,0.6630644509736522,3350.0,1550.0,1800.0,3400.0,2950.0,450.0,-106.93178298542813,-134.28599999999994,27.354217014571816
2.0,E80,605.8776384932647,713.316,-107.4383615067353,493.58626940779476,561.211,-67.62473059220525,368.52990794070996,316.085,52.44490794070998,0.6380962359284575,0.6358667809383364,3800.0,1800.0,2000.0,3800.0,3300.0,500.0,-112.29136908546997,-152.10500000000002,39.81363091453005
2.0,E81,649.1787582822903,728.323,-79.14424171770963,528.6592232697328,550.348,-21.688776730267136,383.95160448776693,319.219,64.73260448776693,0.6591456627955483,0.5887110751632099,4050.0,2050.0,2000.0,4100.0,3600.0,500.0,-120.51953501255753,-177.97500000000002,57.4554649874425
3.0,E67,845.0337042107031,966.722,-121.68829578929683,627.5905330777464,763.718,-136.12746692225357,395.14630618241404,326.238,68.90830618241404,0.6042427358350752,0.6975164053140701,2250.0,600.0,1650.0,2300.0,2000.0,300.0,-217.44317113295676,-203.00400000000002,-14.439171132956744
3.0,E68,920.0514957018228,1020.827,-100.77550429817722,680.632125162611,773.123,-92.49087483738901,439.6902377192303,338.46999999999997,101.22023771923034,0.6165937540791112,0.6584471939208169,2900.0,800.0,2100.0,2900.0,2550.0,350.0,-239.41937053921174,-247.70399999999995,8.28462946078821
3.0,E69,986.5351629152793,1044.388,-57.85283708472059,728.7846734442169,769.736,-40.95132655578311,507.15883999611594,344.269,162.88983999611594,0.6269552380370846,0.6332055716556044,2950.0,850.0,2100.0,3100.0,2600.0,500.0,-257.75048947106245,-274.65199999999993,16.90151052893748
3.0,E70,1020.6110531131235,1093.714,-73.10294688687645,755.875728989363,779.53,-23.65427101063699,491.9875008082479,352.42199999999997,139.56550080824792,0.6348544029834813,0.6063429376180907,3500.0,1050.0,2450.0,3550.0,3200.0,350.0,-264.7353241237605,-314.18399999999997,49.44867587623946
3.0,E71,1087.0644860833843,1095.307,-8.242513916615735,808.6471036310409,753.444,55.203103631040904,520.8840738327211,355.88699999999994,164.99707383272118,0.6482259358446025,0.5725157526050101,3750.0,1350.0,2400.0,3800.0,3600.0,200.0,-278.4173824523434,-341.86300000000006,63.44561754765664
3.0,E72,592.8781521018512,771.04,-178.16184789814872,469.28198209640954,652.896,-183.61401790359042,340.5176746702417,309.84499999999997,30.672674670241747,0.5842434513990145,0.7515070187320431,1950.0,700.0,1250.0,1950.0,1750.0,200.0,-123.5961700054417,-118.144,-5.452170005441701
3.0,E73,670.7973973389635,868.132,-197.33460266103646,522.8854065047177,694.575,-171.68959349528234,386.8109709458167,325.051,61.75997094581669,0.6057776428126328,0.6968616710972625,2700.0,800.0,1900.0,2800.0,2250.0,550.0,-147.91199083424578,-173.5569999999999,25.645009165754118
3.0,E74,746.6341077053179,935.4069999999999,-188.77289229468204,579.0151293400256,697.613,-118.59787065997443,406.54957295599024,333.92699999999996,72.62257295599028,0.6283690473960785,0.6283359565120218,3550.0,1150.0,2400.0,3600.0,3000.0,600.0,-167.61897836529226,-237.79399999999987,70.1750216347076
3.0,E75,795.9458107768232,954.178,-158.23218922317676,617.4587836453748,681.066,-63.60721635462528,422.1240721223427,336.517,85.60707212234269,0.6432740919674746,0.5853017097391358,3900.0,1450.0,2450.0,3950.0,3400.0,550.0,-178.48702713144849,-273.11199999999997,94.62497286855148
3.0,E76,873.9272545721927,947.3489999999999,-73.4217454278072,681.0469568261799,646.8340000000001,34.212956826179834,451.34556531225564,338.025,113.32056531225567,0.6664870465722988,0.5389113327022131,4450.0,1800.0,2650.0,4500.0,3900.0,600.0,-192.88029774601284,-300.5149999999999,107.63470225398703
3.0,E77,508.8401349562624,602.0139999999999,-93.17386504373752,422.2387081507988,525.13,-102.8912918492012,347.9942514364395,308.27599999999995,39.71825143643957,0.5938821995792427,0.7490862095974103,2000.0,1050.0,950.0,2100.0,1850.0,250.0,-86.60142680546357,-76.8839999999999,-9.717426805463674
3.0,E78,556.6089091255574,663.877,-107.26809087444258,455.86205543093047,554.318,-98.45594456906952,354.87941656852263,312.88599999999997,41.99341656852266,0.6140128624042938,0.7025108681190076,3300.0,1450.0,1850.0,3300.0,2850.0,450.0,-100.7468536946269,-109.55899999999997,8.812146305373062
3.0,E79,582.2000033472407,694.149,-111.94899665275932,475.26822036181255,559.863,-84.5947796381875,363.70352656633327,314.909,48.794526566333275,0.6268979918613063,0.6630644509736522,3350.0,1550.0,1800.0,3400.0,2950.0,450.0,-106.93178298542813,-134.28599999999994,27.354217014571816
3.0,E80,605.8776384932647,713.316,-107.4383615067353,493.58626940779476,561.211,-67.62473059220525,368.52990794070996,316.085,52.44490794070998,0.6380962359284575,0.6358667809383364,3800.0,1800.0,2000.0,3800.0,3300.0,500.0,-112.29136908546997,-152.10500000000002,39.81363091453005
3.0,E81,649.1787582822903,728.323,-79.14424171770963,528.6592232697328,550.348,-21.688776730267136,383.95160448776693,319.219,64.73260448776693,0.6591456627955483,0.5887110751632099,4050.0,2050.0,2000.0,4100.0,3600.0,500.0,-120.51953501255753,-177.97500000000002,57.4554649874425
4.0,E67,845.0337042107031,966.722,-121.68829578929683,627.5905330777464,763.718,-136.12746692225357,395.14630618241404,326.238,68.90830618241404,0.6042427358350752,0.6975164053140701,2250.0,600.0,1650.0,2300.0,2000.0,300.0,-217.44317113295676,-203.00400000000002,-14.439171132956744
4.0,E68,920.0514957018228,1020.827,-100.77550429817722,680.632125162611,773.123,-92.49087483738901,439.6902377192303,338.46999999999997,101.22023771923034,0.6165937540791112,0.6584471939208169,2900.0,800.0,2100.0,2900.0,2550.0,350.0,-239.41937053921174,-247.70399999999995,8.28462946078821
4.0,E69,986.5351629152793,1044.388,-57.85283708472059,728.7846734442169,769.736,-40.95132655578311,507.15883999611594,344.269,162.88983999611594,0.6269552380370846,0.6332055716556044,2950.0,850.0,2100.0,3100.0,2600.0,500.0,-257.75048947106245,-274.65199999999993,16.90151052893748
4.0,E70,1020.6110531131235,1093.714,-73.10294688687645,755.875728989363,779.53,-23.65427101063699,491.9875008082479,352.42199999999997,139.56550080824792,0.6348544029834813,0.6063429376180907,3500.0,1050.0,2450.0,3550.0,3200.0,350.0,-264.7353241237605,-314.18399999999997,49.44867587623946
4.0,E71,1087.0644860833843,1095.307,-8.242513916615735,808.6471036310409,753.444,55.203103631040904,520.8840738327211,355.88699999999994,164.99707383272118,0.6482259358446025,0.5725157526050101,3750.0,1350.0,2400.0,3800.0,3600.0,200.0,-278.4173824523434,-341.86300000000006,63.44561754765664
4.0,E72,592.8781521018512,771.04,-178.16184789814872,469.28198209640954,652.896,-183.61401790359042,340.5176746702417,309.84499999999997,30.672674670241747,0.5842434513990145,0.7515070187320431,1950.0,700.0,1250.0,1950.0,1750.0,200.0,-123.5961700054417,-118.144,-5.452170005441701
4.0,E73,670.7973973389635,868.132,-197.33460266103646,522.8854065047177,694.575,-171.68959349528234,386.8109709458167,325.051,61.75997094581669,0.6057776428126328,0.6968616710972625,2700.0,800.0,1900.0,2800.0,2250.0,550.0,-147.91199083424578,-173.5569999999999,25.645009165754118
4.0,E74,746.6341077053179,935.4069999999999,-188.77289229468204,579.0151293400256,697.613,-118.59787065997443,406.54957295599024,333.92699999999996,72.62257295599028,0.6283690473960785,0.6283359565120218,3550.0,1150.0,2400.0,3600.0,3000.0,600.0,-167.61897836529226,-237.79399999999987,70.1750216347076
4.0,E75,795.9458107768232,954.178,-158.23218922317676,617.4587836453748,681.066,-63.60721635462528,422.1240721223427,336.517,85.60707212234269,0.6432740919674746,0.5853017097391358,3900.0,1450.0,2450.0,3950.0,3400.0,550.0,-178.48702713144849,-273.11199999999997,94.62497286855148
4.0,E76,873.9272545721927,947.3489999999999,-73.4217454278072,681.0469568261799,646.8340000000001,34.212956826179834,451.34556531225564,338.025,113.32056531225567,0.6664870465722988,0.5389113327022131,4450.0,1800.0,2650.0,4500.0,3900.0,600.0,-192.88029774601284,-300.5149999999999,107.63470225398703
4.0,E77,508.8401349562624,602.0139999999999,-93.17386504373752,422.2387081507988,525.13,-102.8912918492012,347.9942514364395,308.27599999999995,39.71825143643957,0.5938821995792427,0.7490862095974103,2000.0,1050.0,950.0,2100.0,1850.0,250.0,-86.60142680546357,-76.8839999999999,-9.717426805463674
4.0,E78,556.6089091255574,663.877,-107.26809087444258,455.86205543093047,554.318,-98.45594456906952,354.87941656852263,312.88599999999997,41.99341656852266,0.6140128624042938,0.7025108681190076,3300.0,1450.0,1850.0,3300.0,2850.0,450.0,-100.7468536946269,-109.55899999999997,8.812146305373062
4.0,E79,582.2000033472407,694.149,-111.94899665275932,475.26822036181255,559.863,-84.5947796381875,363.70352656633327,314.909,48.794526566333275,0.6268979918613063,0.6630644509736522,3350.0,1550.0,1800.0,3400.0,2950.0,450.0,-106.93178298542813,-134.28599999999994,27.354217014571816
4.0,E80,605.8776384932647,713.316,-107.4383615067353,493.58626940779476,561.211,-67.62473059220525,368.52990794070996,316.085,52.44490794070998,0.6380962359284575,0.6358667809383364,3800.0,1800.0,2000.0,3800.0,3300.0,500.0,-112.29136908546997,-152.10500000000002,39.81363091453005
4.0,E81,649.1787582822903,728.323,-79.14424171770963,528.6592232697328,550.348,-21.688776730267136,383.95160448776693,319.219,64.73260448776693,0.6591456627955483,0.5887110751632099,4050.0,2050.0,2000.0,4100.0,3600.0,500.0,-120.51953501255753,-177.97500000000002,57.4554649874425
5.0,E67,839.3185159303639,966.722,-127.40348406963608,629.8392789689892,763.718,-133.87872103101074,394.0432083390395,326.238,67.8052083390395,0.6147299378561552,0.6975164053140701,2300.0,600.0,1700.0,2250.0,2000.0,250.0,-209.47923696137468,-203.00400000000002,-6.475236961374662
5.0,E68,925.0945538511805,1020.827,-95.73244614881946,676.6373904925799,773.123,-96.48560950742012,440.265486885452,338.46999999999997,101.79548688545202,0.6053081437244239,0.6584471939208169,2950.0,800.0,2150.0,2900.0,2550.0,350.0,-248.4571633586006,-247.70399999999995,-0.7531633586006592
5.0,E69,1000.7967647524165,1044.388,-43.59123524758343,716.6372447259939,769.736,-53.098755274006066,509.55029344863357,344.269,165.28129344863356,0.5970504569358027,0.6332055716556044,3050.0,850.0,2200.0,3150.0,2600.0,550.0,-284.15952002642257,-274.65199999999993,-9.50752002642264
5.0,E70,1041.5816747158265,1093.714,-52.132325284173476,736.3352692676783,779.53,-43.19473073232166,496.40682311395824,352.42199999999997,143.98482311395827,0.5908135582666362,0.6063429376180907,3600.0,1050.0,2550.0,3550.0,3200.0,350.0,-305.24640544814815,-314.18399999999997,8.937594551851817
5.0,E71,1116.6754454336426,1095.307,21.36844543364259,771.8055905178599,753.444,18.361590517859895,527.6044965421801,355.88699999999994,171.71749654218013,0.5799788962250161,0.5725157526050101,3850.0,1350.0,2500.0,3850.0,3600.0,250.0,-344.86985491578275,-341.86300000000006,-3.0068549157826965
5.0,E72,621.0849919631243,771.04,-149.9550080368757,499.58086864134424,652.896,-153.31513135865572,344.9476894688936,309.84499999999997,35.10268946889363,0.6267005246847294,0.7515070187320431,1900.0,700.0,1200.0,1900.0,1750.0,150.0,-121.50412332178001,-118.144,-3.3601233217800086
5.0,E73,718.4546965847181,868.132,-149.6773034152818,554.5539238487593,694.575,-140.02107615124078,396.2300553527011,325.051,71.17905535270108,0.6123964121657897,0.6968616710972625,2700.0,800.0,1900.0,2750.0,2250.0,500.0,-163.90077273595887,-173.5569999999999,9.656227264041036
5.0,E74,817.6769234886425,935.4069999999999,-117.73007651135742,606.8736699444083,697.613,-90.73933005559172,423.4124117170423,333.92699999999996,89.48541171704233,0.5962233983023066,0.6283359565120218,3600.0,1150.0,2450.0,3550.0,3000.0,550.0,-210.80325354423417,-237.79399999999987,26.990746455765702
5.0,E75,879.7857061350211,954.178,-74.39229386497891,637.3868193681076,681.066,-43.67918063189245,442.5356891425976,336.517,106.01868914259762,0.5850667786718389,0.5853017097391358,3950.0,1450.0,2500.0,3900.0,3400.0,500.0,-242.3988867669135,-273.11199999999997,30.71311323308646
5.0,E76,972.6048427285674,947.3489999999999,25.255842728567472,679.4336273969732,646.8340000000001,32.59962739697312,477.2448403570695,338.025,139.21984035706953,0.5669597457094899,0.5389113327022131,4500.0,1800.0,2700.0,4450.0,3900.0,550.0,-293.1712153315942,-300.5149999999999,7.343784668405647
5.0,E77,584.9519733774271,602.0139999999999,-17.06202662257283,474.24197340687465,525.13,-50.888026593125346,358.2093345555832,308.27599999999995,49.93333455558326,0.6173890454023776,0.7490862095974103,2000.0,1050.0,950.0,2050.0,1850.0,200.0,-110.70999997055242,-76.8839999999999,-33.825999970552516
5.0,E78,663.0417300837267,663.877,-0.8352699162732051,517.4568051060282,554.318,-36.86119489397174,378.4043262594539,312.88599999999997,65.51832625945394,0.6037898783998162,0.7025108681190076,3300.0,1450.0,1850.0,3300.0,2850.0,450.0,-145.5849249776985,-109.55899999999997,-36.02592497769854
5.0,E79,701.5490636532484,694.149,7.400063653248367,537.055639599732,559.863,-22.807360400268067,388.8856298391816,314.909,73.97662983918161,0.5947949425893809,0.6630644509736522,3400.0,1550.0,1850.0,3400.0,2950.0,450.0,-164.49342405351638,-134.28599999999994,-30.207424053516434
5.0,E80,739.0891819466476,713.316,25.773181946647583,555.8067101139663,561.211,-5.404289886033666,398.895228801575,316.085,82.81022880157502,0.5867280358806992,0.6358667809383364,3800.0,1800.0,2000.0,3800.0,3300.0,500.0,-183.28247183268127,-152.10500000000002,-31.17747183268125
5.0,E81,800.210127314032,728.323,71.887127314032,583.8227397931583,550.348,33.47473979315839,418.406208221859,319.219,99.18720822185901,0.5711807627916745,0.5887110751632099,4050.0,2050.0,2000.0,4050.0,3600.0,450.0,-216.38738752087363,-177.97500000000002,-38.41238752087361
6.0,E67,1225.4576815475582,966.722,258.7356815475582,809.7078615151594,763.718,45.98986151515942,445.7803516939,326.238,119.5423516939,0.552889722737016,0.6975164053140701,2800.0,600.0,2200.0,2650.0,2000.0,650.0,-415.7498200323988,-203.00400000000002,-212.7458200323988
6.0,E68,1302.4397627905714,1020.827,281.6127627905714,825.4055348918108,773.123,52.28253489181077,510.7088883443065,338.46999999999997,172.23888834430653,0.5262073490310847,0.6584471939208169,3500.0,800.0,2700.0,3300.0,2550.0,750.0,-477.0342278987606,-247.70399999999995,-229.33022789876065
6.0,E69,1335.4256842553898,1044.388,291.0376842553899,826.9227470013742,769.736,57.186747001374215,573.794111437161,344.269,229.52511143716094,0.5109738421533281,0.6332055716556044,3450.0,850.0,2600.0,3350.0,2600.0,750.0,-508.5029372540156,-274.65199999999993,-233.85093725401566
6.0,E70,1350.7311650631027,1093.714,257.01716506310277,822.3607718678285,779.53,42.8307718678285,568.148171066049,352.42199999999997,215.72617106604906,0.4992381903153667,0.6063429376180907,4050.0,1050.0,3000.0,3750.0,3200.0,550.0,-528.3703931952742,-314.18399999999997,-214.18639319527426
6.0,E71,1368.8700059825762,1095.307,273.5630059825762,800.5642288523691,753.444,47.12022885236911,589.164328631864,355.88699999999994,233.27732863186407,0.47049231326039714,0.5725157526050101,4150.0,1350.0,2800.0,3850.0,3600.0,250.0,-568.3057771302072,-341.86300000000006,-226.4427771302071
6.0,E72,913.6212533498191,771.04,142.58125334981912,681.601126470988,652.896,28.705126470988034,375.55280118624427,309.84499999999997,65.7078011862443,0.6245770274480256,0.7515070187320431,2500.0,700.0,1800.0,2400.0,1750.0,650.0,-232.0201268788311,-118.144,-113.87612687883109
6.0,E73,1022.6019523198896,868.132,154.46995231988967,701.665944199023,694.575,7.0909441990229425,442.2059543177724,325.051,117.15495431777242,0.5585498440596492,0.6968616710972625,3350.0,800.0,2550.0,3250.0,2250.0,1000.0,-320.93600812086663,-173.5569999999999,-147.37900812086673
6.0,E74,1077.30008241325,935.4069999999999,141.8930824132501,704.758541775077,697.613,7.145541775076936,473.75016382322406,333.92699999999996,139.8231638232241,0.5234226068733595,0.6283359565120218,4200.0,1150.0,3050.0,4000.0,3000.0,1000.0,-372.54154063817305,-237.79399999999987,-134.74754063817318
6.0,E75,1096.0016782546854,954.178,141.82367825468543,689.4284155924423,681.066,8.36241559244229,486.46796830737304,336.517,149.95096830737305,0.4920397373125602,0.5853017097391358,4400.0,1450.0,2950.0,4150.0,3400.0,750.0,-406.5732626622431,-273.11199999999997,-133.46126266224314
6.0,E76,1133.2321209608838,947.3489999999999,185.88312096088384,634.8787651890942,646.8340000000001,-11.955234810905836,513.323780669611,338.025,175.298780669611,0.40504649547930505,0.5389113327022131,4800.0,1800.0,3000.0,4500.0,3900.0,600.0,-498.35335577178955,-300.5149999999999,-197.83835577178968
6.0,E77,781.7546850110472,602.0139999999999,179.74068501104728,583.0909700883661,525.13,57.96097008836614,377.15707228969274,308.27599999999995,68.88107228969278,0.5913586688247089,0.7490862095974103,2400.0,1050.0,1350.0,2350.0,1850.0,500.0,-198.66371492268104,-76.8839999999999,-121.77971492268114
6.0,E78,881.7249542180849,663.877,217.84795421808496,620.8305974247771,554.318,66.51259742477714,415.26762794976975,312.88599999999997,102.38162794976978,0.5548842193388793,0.7025108681190076,4000.0,1450.0,2550.0,3850.0,2850.0,1000.0,-260.8943567933078,-109.55899999999997,-151.33535679330782
6.0,E79,886.3320230144694,694.149,192.18302301446943,609.9495359312149,559.863,50.086535931214826,418.95332759097795,314.909,104.04432759097796,0.5321371779588784,0.6630644509736522,3900.0,1550.0,2350.0,3750.0,2950.0,800.0,-276.38248708325455,-134.28599999999994,-142.0964870832546
6.0,E80,907.7706784219263,713.316,194.45467842192625,603.1726120621939,561.211,41.96161206219392,429.0078719423566,316.085,112.92287194235661,0.5024311324299335,0.6358667809383364,4300.0,1800.0,2500.0,4100.0,3300.0,800.0,-304.59806635973234,-152.10500000000002,-152.49306635973232
6.0,E81,929.7367677681435,728.323,201.41376776814354,564.0428838472413,550.348,13.694883847241385,441.9302941800475,319.219,122.7112941800475,0.4233219880122379,0.5887110751632099,4400.0,2050.0,2350.0,4200.0,3600.0,600.0,-365.6938839209022,-177.97500000000002,-187.71888392090216
7.0,E67,1073.9709472470192,966.722,107.24894724701926,796.0790227514838,763.718,32.3610227514838,419.93661678823526,326.238,93.69861678823526,0.6429835781441341,0.6975164053140701,2900.0,600.0,2300.0,2800.0,2000.0,800.0,-277.8919244955355,-203.00400000000002,-74.88792449553546
7.0,E68,1151.0875132746398,1020.827,130.26051327463983,819.2629572087448,773.123,46.139957208744704,474.9331835817972,338.46999999999997,136.46318358179724,0.6121231751915484,0.6584471939208169,3700.0,800.0,2900.0,3500.0,2550.0,950.0,-331.8245560658951,-247.70399999999995,-84.12055606589513
7.0,E69,1190.9424113936823,1044.388,146.55441139368236,827.1694850786573,769.736,57.43348507865733,539.4000445173406,344.269,195.13104451734057,0.5937061518608461,0.6332055716556044,3650.0,850.0,2800.0,3550.0,2600.0,950.0,-363.77292631502496,-274.65199999999993,-89.12092631502503
7.0,E70,1202.801268513601,1093.714,109.08726851360097,822.2503099693437,779.53,42.7203099693437,525.1083306869089,352.42199999999997,172.6863306869089,0.5805229414927401,0.6063429376180907,4350.0,1050.0,3300.0,4100.0,3200.0,900.0,-380.55095854425724,-314.18399999999997,-66.36695854425727
7.0,E71,1223.6473910625323,1095.307,128.34039106253226,803.1396684017903,753.444,49.695668401790385,544.8881280995973,355.88699999999994,189.0011280995974,0.546890794056447,0.5725157526050101,4500.0,1350.0,3150.0,4200.0,3600.0,600.0,-420.50772266074193,-341.86300000000006,-78.64472266074188
7.0,E72,798.0136012378159,771.04,26.973601237815956,657.5378719094139,652.896,4.641871909413908,360.6157659950924,309.84499999999997,50.770765995092404,0.7203993487019354,0.7515070187320431,2500.0,700.0,1800.0,2450.0,1750.0,700.0,-140.47572932840205,-118.144,-22.331729328402048
7.0,E73,897.1009674217333,868.132,28.968967421733396,686.3734559202476,694.575,-8.201544079752466,418.9678111028975,325.051,93.9168111028975,0.6496650508562865,0.6968616710972625,3450.0,800.0,2650.0,3350.0,2250.0,1100.0,-210.72751150148576,-173.5569999999999,-37.17051150148586
7.0,E74,945.9229071304259,935.4069999999999,10.515907130425944,692.6122059510726,697.613,-5.000794048927446,442.16000420128654,333.92699999999996,108.23300420128658,0.6104859303373559,0.6283359565120218,4350.0,1150.0,3200.0,4150.0,3000.0,1150.0,-253.31070117935326,-237.79399999999987,-15.51670117935339
7.0,E75,964.5524298400321,954.178,10.374429840032121,679.9325312207088,681.066,-1.1334687792912064,453.1227092844487,336.517,116.60570928444872,0.5745302132353249,0.5853017097391358,4550.0,1450.0,3100.0,4350.0,3400.0,950.0,-284.6198986193233,-273.11199999999997,-11.507898619323328
7.0,E76,1002.8196876177387,947.3489999999999,55.470687617738804,629.0645634613126,646.8340000000001,-17.7694365386875,476.62603661171727,338.025,138.6010366117173,0.4715163141907987,0.5389113327022131,5000.0,1800.0,3200.0,4700.0,3900.0,800.0,-373.7551241564262,-300.5149999999999,-73.2401241564263
7.0,E77,693.0573778657695,602.0139999999999,91.04337786576957,567.8422929476028,525.13,42.712292947602805,366.67231767244004,308.27599999999995,58.39631767244009,0.6849613019812695,0.7490862095974103,2400.0,1050.0,1350.0,2350.0,1850.0,500.0,-125.21508491816667,-76.8839999999999,-48.331084918166766
7.0,E78,773.9000025769154,663.877,110.02300257691547,604.7305084860798,554.318,50.41250848607979,392.9748313602087,312.88599999999997,80.08883136020876,0.6463123859414919,0.7025108681190076,4050.0,1450.0,2600.0,3900.0,2850.0,1050.0,-169.16949409083566,-109.55899999999997,-59.61049409083569
7.0,E79,779.5423184451367,694.149,85.39331844513674,596.1062941562635,559.863,36.24329415626346,397.40747643877717,314.909,82.49847643877717,0.6209563429151638,0.6630644509736522,3950.0,1550.0,2400.0,3800.0,2950.0,850.0,-183.43602428887323,-134.28599999999994,-49.15002428887328
7.0,E80,797.9072023413746,713.316,84.59120234137458,590.6897431612522,561.211,29.47874316125217,404.54791250855953,316.085,88.46291250855955,0.5874703106886439,0.6358667809383364,4350.0,1800.0,2550.0,4200.0,3300.0,900.0,-207.21745918012243,-152.10500000000002,-55.112459180122414
7.0,E81,820.0919225851325,728.323,91.76892258513249,555.0457292066261,550.348,4.69772920662615,416.8645708723213,319.219,97.64557087232129,0.4946629847069663,0.5887110751632099,4450.0,2050.0,2400.0,4300.0,3600.0,700.0,-265.04619337850636,-177.97500000000002,-87.07119337850634
8.0,E67,988.6599872248978,966.722,21.937987224897824,766.161232550762,763.718,2.4432325507619908,405.8694621488185,326.238,79.63146214881851,0.6789626919735604,0.6975164053140701,2950.0,600.0,2350.0,2850.0,2000.0,850.0,-222.49875467413585,-203.00400000000002,-19.494754674135834
8.0,E68,1063.2680428953806,1020.827,42.44104289538063,792.0917313730658,773.123,18.968731373065793,455.0172259517155,338.46999999999997,116.54722595171552,0.6467540787451684,0.6584471939208169,3800.0,800.0,3000.0,3600.0,2550.0,1050.0,-271.1763115223148,-247.70399999999995,-23.47231152231484
8.0,E69,1106.9806590690487,1044.388,62.59265906904875,804.161993024572,769.736,34.425993024571994,520.2054111441047,344.269,175.93641114410468,0.6267868647921069,0.6332055716556044,3750.0,850.0,2900.0,3650.0,2600.0,1050.0,-302.8186660444767,-274.65199999999993,-28.166666044476756
8.0,E70,1115.2320229783236,1093.714,21.518022978323643,798.3376697698428,779.53,18.807669769842846,500.673293289581,352.42199999999997,148.25129328958104,0.6133709139391575,0.6063429376180907,4500.0,1050.0,3450.0,4250.0,3200.0,1050.0,-316.89435320848077,-314.18399999999997,-2.7103532084807966
8.0,E71,1137.017111206452,1095.307,41.710111206451984,781.7315154200683,753.444,28.287515420068303,519.5500706613057,355.88699999999994,163.6630706613057,0.5777543069149398,0.5725157526050101,4700.0,1350.0,3350.0,4400.0,3600.0,800.0,-355.28559578638374,-341.86300000000006,-13.422595786383681
8.0,E72,796.2230679403846,771.04,25.183067940384603,669.7816872524496,652.896,16.885687252449657,360.4494963305194,309.84499999999997,50.60449633051945,0.7474329817159858,0.7515070187320431,2500.0,700.0,1800.0,2450.0,1750.0,700.0,-126.44138068793495,-118.144,-8.297380687934947
8.0,E73,895.2198495988142,868.132,27.087849598814273,700.6080288410675,694.575,6.033028841067448,418.7048998885935,325.051,93.65389988859351,0.6754424127673889,0.6968616710972625,3450.0,800.0,2650.0,3300.0,2250.0,1050.0,-194.61182075774673,-173.5569999999999,-21.054820757746825
8.0,E74,944.0794905655982,935.4069999999999,8.67249056559831,707.3162855397128,697.613,9.703285539712738,441.8205482239276,333.92699999999996,107.89354822392761,0.634895970863589,0.6283359565120218,4350.0,1150.0,3200.0,4150.0,3000.0,1150.0,-236.76320502588544,-237.79399999999987,1.0307949741144284
8.0,E75,962.9821399692236,954.178,8.80413996922357,694.2834098404098,681.066,13.2174098404098,452.81444771408906,336.517,116.29744771408906,0.597385202859024,0.5853017097391358,4550.0,1450.0,3100.0,4300.0,3400.0,900.0,-268.69873012881374,-273.11199999999997,4.41326987118623
8.0,E76,1001.9707304068695,947.3489999999999,54.621730406869574,640.8013884092068,646.8340000000001,-6.0326115907932945,476.4356433595482,338.025,138.4106433595482,0.4886986339497707,0.5389113327022131,5000.0,1800.0,3200.0,4700.0,3900.0,800.0,-361.16934199766274,-300.5149999999999,-60.65434199766287
8.0,E77,691.9284001211533,602.0139999999999,89.91440012115345,577.7613391888457,525.13,52.631339188845686,366.5722129471318,308.27599999999995,58.296212947131835,0.7119396824028432,0.7490862095974103,2400.0,1050.0,1350.0,2350.0,1850.0,500.0,-114.16706093230766,-76.8839999999999,-37.28306093230776
8.0,E78,772.3685304967829,663.877,108.49153049678296,616.1289529860383,554.318,61.810952986038274,392.7332352760265,312.88599999999997,79.84723527602654,0.6722960679890451,0.7025108681190076,4050.0,1450.0,2600.0,3900.0,2850.0,1050.0,-156.23957751074465,-109.55899999999997,-46.68057751074468
8.0,E79,778.1944183750498,694.149,84.04541837504985,607.4158110071683,559.863,47.5528110071682,397.1984511699642,314.909,82.2894511699642,0.646125414807449,0.6630644509736522,3950.0,1550.0,2400.0,3800.0,2950.0,850.0,-170.7786073678816,-134.28599999999994,-36.49260736788165
8.0,E80,796.6846106236409,713.316,83.36861062364085,601.9077548896763,561.211,40.6967548896763,404.3371727954909,316.085,88.25217279549094,0.6112910391048969,0.6358667809383364,4350.0,1800.0,2550.0,4200.0,3300.0,900.0,-194.77685573396457,-152.10500000000002,-42.67185573396455
8.0,E81,819.3710105218217,728.323,91.04801052182177,564.6286376267091,550.348,14.280637626709108,416.73394614856363,319.219,97.51494614856364,0.5136397489413986,0.5887110751632099,4450.0,2050.0,2400.0,4300.0,3600.0,700.0,-254.74237289511268,-177.97500000000002,-76.76737289511266
9.0,E67,950.493372159159,966.722,-16.228627840841,759.8257041133845,763.718,-3.892295886615443,399.73263350298606,326.238,73.49463350298606,0.708857817368365,0.6975164053140701,2950.0,600.0,2350.0,2850.0,2000.0,850.0,-190.66766804577446,-203.00400000000002,12.336331954225557
9.0,E68,1023.2478018599629,1020.827,2.4208018599629213,787.7693003337712,773.123,14.646300333771137,446.2094900360305,338.46999999999997,107.73949003603053,0.6763848475952586,0.6584471939208169,3850.0,800.0,3050.0,3650.0,2550.0,1100.0,-235.47850152619174,-247.70399999999995,12.225498473808216
9.0,E69,1068.6118051941467,1044.388,24.223805194146735,802.495603598627,769.736,32.759603598626995,511.68499338473333,344.269,167.41599338473333,0.6557419805346386,0.6332055716556044,3800.0,850.0,2950.0,3700.0,2600.0,1100.0,-266.11620159551967,-274.65199999999993,8.53579840448026
9.0,E70,1074.8579514757691,1093.714,-18.8560485242308,796.1472384282006,779.53,16.617238428200608,489.74962016442555,352.42199999999997,137.32762016442558,0.6423392315751069,0.6063429376180907,4600.0,1050.0,3550.0,4300.0,3200.0,1100.0,-278.71071304756856,-314.18399999999997,35.47328695243141
9.0,E71,1097.0442703409014,1095.307,1.737270340901432,781.0970942225108,753.444,27.653094222510845,508.20460741865395,355.88699999999994,152.317607418654,0.605778718036831,0.5725157526050101,4750.0,1350.0,3400.0,4450.0,3600.0,850.0,-315.94717611839064,-341.86300000000006,25.915823881609413
9.0,E72,766.4645334027008,771.04,-4.575466597299169,661.0959801906306,652.896,8.19998019063064,356.648980752342,309.84499999999997,46.803980752342056,0.7762241617584754,0.7515070187320431,2500.0,700.0,1800.0,2450.0,1750.0,700.0,-105.3685532120702,-118.144,12.775446787929809
9.0,E73,862.009484825251,868.132,-6.122515174748969,695.0734064635293,694.575,0.4984064635292498,412.69183580211507,325.051,87.64083580211508,0.7052741993513343,0.6968616710972625,3450.0,800.0,2650.0,3350.0,2250.0,1100.0,-166.93607836172168,-173.5569999999999,6.620921638278219
9.0,E74,908.6021614434134,935.4069999999999,-26.80483855658656,702.9886328417315,697.613,5.375632841731431,433.5314680817751,333.92699999999996,99.60446808177511,0.6645805338131263,0.6283359565120218,4350.0,1150.0,3200.0,4150.0,3000.0,1150.0,-205.61352860168188,-237.79399999999987,32.18047139831799
9.0,E75,927.241452487955,954.178,-26.936547512044967,691.2592540095666,681.066,10.193254009566544,444.018695831449,336.517,107.50169583144901,0.6263996760373473,0.5853017097391358,4600.0,1450.0,3150.0,4350.0,3400.0,950.0,-235.98219847838845,-273.11199999999997,37.12980152161151
9.0,E76,966.1023492130403,947.3489999999999,18.753349213040337,640.1314527541593,646.8340000000001,-6.702547245840719,466.66224505919416,338.025,128.63724505919419,0.5138422340713114,0.5389113327022131,5050.0,1800.0,3250.0,4750.0,3900.0,850.0,-325.97089645888093,-300.5149999999999,-25.455896458881057
9.0,E77,669.2895064479254,602.0139999999999,67.27550644792552,572.6009851282643,525.13,47.47098512826426,363.9133588770699,308.27599999999995,55.63735887706997,0.7412611214027288,0.7490862095974103,2400.0,1050.0,1350.0,2350.0,1850.0,500.0,-96.68852131966116,-76.8839999999999,-19.804521319661262
9.0,E78,744.2733048759978,663.877,80.39630487599788,610.6986997347382,554.318,56.38069973473819,387.0121641934901,312.88599999999997,74.12616419349013,0.7022911586850624,0.7025108681190076,4050.0,1450.0,2600.0,3900.0,2850.0,1050.0,-133.57460514125967,-109.55899999999997,-24.015605141259698
9.0,E79,750.3162250071258,694.149,56.16722500712581,602.9872763995567,559.863,43.12427639955661,391.6607486365275,314.909,76.75174863652751,0.6759994640521383,0.6630644509736522,3950.0,1550.0,2400.0,3850.0,2950.0,900.0,-147.32894860756915,-134.28599999999994,-13.042948607569201
9.0,E80,767.798882937853,713.316,54.48288293785299,598.1843342747992,561.211,36.973334274799186,398.02045876622003,316.085,81.93545876622005,0.6408000179758728,0.6358667809383364,4350.0,1800.0,2550.0,4200.0,3300.0,900.0,-169.61454866305382,-152.10500000000002,-17.509548663053806
9.0,E81,790.3747309351859,728.323,62.0517309351859,562.8715065078297,550.348,12.52350650782978,410.2330922298707,319.219,91.0140922298707,0.5401901298039048,0.5887110751632099,4500.0,2050.0,2450.0,4300.0,3600.0,700.0,-227.50322442735614,-177.97500000000002,-49.52822442735612
10.0,E67,930.7256310934301,966.722,-35.99636890656984,758.7010087139455,763.718,-5.016991286054463,396.5922947527353,326.238,70.35429475273531,0.7291495221467085,0.6975164053140701,2950.0,600.0,2350.0,2850.0,2000.0,850.0,-172.02462237948464,-203.00400000000002,30.97937762051538
10.0,E68,1002.3299850491859,1020.827,-18.497014950814105,787.9602899835272,773.123,14.837289983527171,441.67258999247565,338.46999999999997,103.20258999247568,0.6966746947914925,0.6584471939208169,3850.0,800.0,3050.0,3700.0,2550.0,1150.0,-214.36969506565868,-247.70399999999995,33.334304934341276
10.0,E69,1048.5127169796783,1044.388,4.1247169796783965,804.3392934258521,769.736,34.603293425852144,507.28476100247207,344.269,163.01576100247206,0.6756957753019768,0.6332055716556044,3800.0,850.0,2950.0,3700.0,2600.0,1100.0,-244.17342355382618,-274.65199999999993,30.478576446173747
10.0,E70,1053.628222529147,1093.714,-40.08577747085292,797.6668636902289,779.53,18.136863690228893,484.0932051433942,352.42199999999997,131.67120514339422,0.6623335703094922,0.6063429376180907,4600.0,1050.0,3550.0,4350.0,3200.0,1150.0,-255.96135883891816,-314.18399999999997,58.22264116108181
10.0,E71,1076.0207873345246,1095.307,-19.286212665475432,783.5510814128846,753.444,30.107081412884668,502.32630335708706,355.88699999999994,146.4393033570871,0.6252419705470822,0.5725157526050101,4800.0,1350.0,3450.0,4500.0,3600.0,900.0,-292.46970592163996,-341.86300000000006,49.3932940783601
10.0,E72,733.187639282624,771.04,-37.85236071737597,644.8675485657026,652.896,-8.02845143429738,352.3877345556099,309.84499999999997,42.54273455560991,0.7981668604820908,0.7515070187320431,2500.0,700.0,1800.0,2450.0,1750.0,700.0,-88.32009071692141,-118.144,29.823909283078592
10.0,E73,824.5435669181844,868.132,-43.58843308181554,681.0724174824547,694.575,-13.502582517545306,405.9232815732776,325.051,80.87228157327763,0.7287600872209951,0.6968616710972625,3450.0,800.0,2650.0,3350.0,2250.0,1100.0,-143.47114943572967,-173.5569999999999,30.08585056427023
10.0,E74,868.2264425042744,935.4069999999999,-67.18055749572557,689.7837114106703,697.613,-7.829288589329735,424.1498432901974,333.92699999999996,90.22284329019743,0.6883795532174041,0.6283359565120218,4400.0,1150.0,3250.0,4200.0,3000.0,1200.0,-178.44273109360404,-237.79399999999987,59.35126890639583
10.0,E75,886.3366616606758,954.178,-67.84133833932424,679.5435863973421,681.066,-1.5224136026579345,434.0244992017582,336.517,97.50749920175821,0.6499415245956647,0.5853017097391358,4600.0,1450.0,3150.0,4400.0,3400.0,1000.0,-206.79307526333366,-273.11199999999997,66.3189247366663
10.0,E76,924.4935731864825,947.3489999999999,-22.855426813517397,631.9274128951918,646.8340000000001,-14.906587104808295,455.4460433728661,338.025,117.42104337286611,0.5347937356134992,0.5389113327022131,5100.0,1800.0,3300.0,4800.0,3900.0,900.0,-292.56616029129077,-300.5149999999999,7.948839708709102
10.0,E77,657.7423211234263,602.0139999999999,55.72832112342644,571.2211357373502,525.13,46.091135737350214,362.5641501780271,308.27599999999995,54.28815017802714,0.7610864499609594,0.7490862095974103,2400.0,1050.0,1350.0,2350.0,1850.0,500.0,-86.52118538607613,-76.8839999999999,-9.637185386076226
10.0,E78,729.8365056645646,663.877,65.95950566456463,609.4331705139545,554.318,55.11517051395447,384.09495620066497,312.88599999999997,71.208956200665,0.7227253373895454,0.7025108681190076,4050.0,1450.0,2600.0,3900.0,2850.0,1050.0,-120.40333515061013,-109.55899999999997,-10.844335150610164
10.0,E79,736.0008321518407,694.149,41.851832151840654,602.3292201689089,559.863,42.466220168908876,388.83831952608955,314.909,73.92931952608956,0.6964787639311891,0.6630644509736522,3950.0,1550.0,2400.0,3850.0,2950.0,900.0,-133.67161198293172,-134.28599999999994,0.6143880170682223
10.0,E80,752.9548319021272,713.316,39.63883190212721,597.9840159771968,561.211,36.77301597719679,394.79960199622275,316.085,78.71460199622277,0.6611599409581059,0.6358667809383364,4350.0,1800.0,2550.0,4200.0,3300.0,900.0,-154.97081592493043,-152.10500000000002,-2.8658159249304163
10.0,E81,775.5119520091494,728.323,47.188952009149375,563.7554891246125,550.348,13.407489124612539,406.92482876300244,319.219,87.70582876300244,0.5587616029956558,0.5887110751632099,4500.0,2050.0,2450.0,4300.0,3600.0,700.0,-211.75646288453686,-177.97500000000002,-33.781462884536836
11.0,E67,929.2840405064935,966.722,-37.43795949350647,769.7023682990902,763.718,5.9843682990901925,396.42244434001884,326.238,70.18444434001884,0.7481691847277357,0.6975164053140701,2950.0,600.0,2350.0,2850.0,2000.0,850.0,-159.58167220740336,-203.00400000000002,43.42232779259666
11.0,E68,1000.7585713977004,1020.827,-20.068428602299605,799.7867339045877,773.123,26.663733904587616,441.4101065986932,338.46999999999997,102.9401065986932,0.714998476028281,0.6584471939208169,3850.0,800.0,3050.0,3700.0,2550.0,1150.0,-200.97183749311273,-247.70399999999995,46.73216250688722
11.0,E69,1046.9958636973688,1044.388,2.6078636973688845,816.6177354818584,769.736,46.88173548185841,507.0168663437113,344.269,162.74786634371128,0.6934006079257408,0.6332055716556044,3800.0,850.0,2950.0,3700.0,2600.0,1100.0,-230.3781282155104,-274.65199999999993,44.27387178448953
11.0,E70,1052.1219495116231,1093.714,-41.5920504883768,809.7512962357391,779.53,30.221296235739146,483.7735668459178,352.42199999999997,131.35156684591783,0.6796259346021402,0.6063429376180907,4600.0,1050.0,3550.0,4350.0,3200.0,1150.0,-242.37065327588402,-314.18399999999997,71.81334672411595
11.0,E71,1074.7604632444454,1095.307,-20.546536755554598,795.1652035510186,753.444,41.721203551018675,502.04049752197096,355.88699999999994,146.15349752197102,0.6411592281676565,0.5725157526050101,4800.0,1350.0,3450.0,4500.0,3600.0,900.0,-279.5952596934268,-341.86300000000006,62.26774030657327
11.0,E72,732.0657669431375,771.04,-38.97423305686243,652.4179934069275,652.896,-0.4780065930724504,352.2854223539184,309.84499999999997,42.44042235391845,0.817517398606467,0.7515070187320431,2500.0,700.0,1800.0,2450.0,1750.0,700.0,-79.64777353621002,-118.144,38.49622646378998
11.0,E73,823.2810015071457,868.132,-44.85099849285427,690.259946424299,694.575,-4.315053575701086,405.75026057386594,325.051,80.69926057386596,0.7479148376905876,0.6968616710972625,3450.0,800.0,2650.0,3350.0,2250.0,1100.0,-133.02105508284671,-173.5569999999999,40.53594491715319
11.0,E74,866.9585599703133,935.4069999999999,-68.4484400296866,699.3565974367687,697.613,1.7435974367685958,423.9219536340027,333.92699999999996,89.99495363400274,0.7066616524209286,0.6283359565120218,4400.0,1150.0,3250.0,4200.0,3000.0,1200.0,-167.60196253354468,-237.79399999999987,70.19203746645519
11.0,E75,885.2471537448021,954.178,-68.93084625519793,688.9025122619483,681.066,7.8365122619483145,433.8154287643008,336.517,97.29842876430081,0.6670144606570046,0.5853017097391358,4600.0,1450.0,3150.0,4400.0,3400.0,1000.0,-196.34464148285372,-273.11199999999997,76.76735851714625
11.0,E76,923.9282719505077,947.3489999999999,-23.420728049492254,639.1314140253266,646.8340000000001,-7.702585974673411,455.3207553152628,338.025,117.2957553152628,0.5467401927952726,0.5389113327022131,5100.0,1800.0,3300.0,4800.0,3900.0,900.0,-284.79685792518103,-300.5149999999999,15.718142074818843
11.0,E77,625.2927290736485,602.0139999999999,23.278729073648606,555.0319571415508,525.13,29.901957141550838,358.74010253724833,308.27599999999995,50.46410253724838,0.7868914309624813,0.7490862095974103,2400.0,1050.0,1350.0,2400.0,1850.0,550.0,-70.26077193209767,-76.8839999999999,6.623228067902232
11.0,E78,689.304977744489,663.877,25.427977744489,590.6399980031437,554.318,36.321998003143676,375.8466925718219,312.88599999999997,62.96069257182194,0.7493948918391341,0.7025108681190076,4050.0,1450.0,2600.0,3950.0,2850.0,1100.0,-98.66497974134529,-109.55899999999997,10.894020258654677
11.0,E79,695.6653407753818,694.149,1.5163407753817637,584.7725681293113,559.863,24.909568129311197,380.8387585964962,314.909,65.92975859649619,0.7228147330618238,0.6630644509736522,3950.0,1550.0,2400.0,3850.0,2950.0,900.0,-110.89277264607051,-134.28599999999994,23.393227353929433
11.0,E80,710.9193470088321,713.316,-2.3966529911679118,580.8895718967468,561.211,19.678571896746803,385.6408827821796,316.085,69.5558827821796,0.6869176697789143,0.6358667809383364,4400.0,1800.0,2600.0,4250.0,3300.0,950.0,-130.0297751120853,-152.10500000000002,22.075224887914715
11.0,E81,732.8471370490597,728.323,4.524137049059732,549.3185482785732,550.348,-1.029451721426767,397.42655776907026,319.219,78.20755776907026,0.58026540656181,0.5887110751632099,4500.0,2050.0,2450.0,4350.0,3600.0,750.0,-183.52858877048652,-177.97500000000002,-5.553588770486499
12.0,E67,957.8686845496364,966.722,-8.853315450363539,777.6781001640006,763.718,13.960100164000664,486.2864116372072,326.238,160.0484116372072,0.7279200354335921,0.6975164053140701,3050.0,600.0,2450.0,2950.0,2000.0,950.0,-180.19058438563582,-203.00400000000002,22.813415614364203
12.0,E68,1043.0244634558367,1020.827,22.19746345583667,811.7899523939939,773.123,38.666952393993824,554.2045561920794,338.46999999999997,215.73455619207942,0.6906257372896648,0.6584471939208169,4000.0,800.0,3200.0,3800.0,2550.0,1250.0,-231.2345110618428,-247.70399999999995,16.469488938157156
12.0,E69,1082.1772848842866,1044.388,37.789284884286644,821.6916455451098,769.736,51.95564554510986,602.3511604378846,344.269,258.08216043788457,0.6688374022238627,0.6332055716556044,3950.0,850.0,3100.0,3800.0,2600.0,1200.0,-260.4856393391767,-274.65199999999993,14.166360660823216
12.0,E70,1103.3263313605,1093.714,9.612331360500093,822.1624241680661,779.53,42.63242416806611,608.2027767262982,352.42199999999997,255.78077672629826,0.6519078305463738,0.6063429376180907,4800.0,1050.0,3750.0,4500.0,3200.0,1300.0,-281.16390719243395,-314.18399999999997,33.020092807566016
12.0,E71,1127.0123097616258,1095.307,31.705309761625813,803.7405981615136,753.444,50.29659816151366,627.1338957889336,355.88699999999994,271.24689578893367,0.6111785570628473,0.5725157526050101,4950.0,1350.0,3600.0,4650.0,3600.0,1050.0,-323.2717116001122,-341.86300000000006,18.591288399887844
12.0,E72,748.6645703938156,771.04,-22.37542960618441,659.9140485485582,652.896,7.018048548558227,408.3204063525459,309.84499999999997,98.47540635254592,0.8041115199293706,0.7515070187320431,2550.0,700.0,1850.0,2500.0,1750.0,750.0,-88.75052184525737,-118.144,29.39347815474264
12.0,E73,850.9831082586232,868.132,-17.1488917413767,699.4103299216022,694.575,4.835329921602124,479.674729132913,325.051,154.623729132913,0.727085267352111,0.6968616710972625,3550.0,800.0,2750.0,3450.0,2250.0,1200.0,-151.57277833702108,-173.5569999999999,21.984221662978825
12.0,E74,907.9900024898199,935.4069999999999,-27.416997510180067,712.4689700723562,697.613,14.855970072356172,517.223541113671,333.92699999999996,183.29654111367103,0.6807256926567817,0.6283359565120218,4550.0,1150.0,3400.0,4350.0,3000.0,1350.0,-195.52103241746363,-237.79399999999987,42.27296758253624
12.0,E75,929.2023786497717,954.178,-24.975621350228266,699.8618714521872,681.066,18.795871452187157,530.7647890276879,336.517,194.24778902768793,0.6380383170862622,0.5853017097391358,4800.0,1450.0,3350.0,4550.0,3400.0,1150.0,-229.34050719758454,-273.11199999999997,43.77149280241542
12.0,E76,973.4453465248108,947.3489999999999,26.096346524810883,642.4211587613452,646.8340000000001,-4.412841238654892,559.1586781799502,338.025,221.13367817995027,0.511653782432636,0.5389113327022131,5300.0,1800.0,3500.0,4950.0,3900.0,1050.0,-331.02418776346565,-300.5149999999999,-30.509187763465775
12.0,E77,635.7318079239527,602.0139999999999,33.71780792395282,557.9514842995144,525.13,32.821484299514395,393.5043881481988,308.27599999999995,85.22838814819886,0.7713243382091894,0.7490862095974103,2450.0,1050.0,1400.0,2400.0,1850.0,550.0,-77.78032362443832,-76.8839999999999,-0.8963236244384234
12.0,E78,717.2740487494494,663.877,53.39704874944948,602.3573272085354,554.318,48.03932720853538,438.6006807135624,312.88599999999997,125.71468071356242,0.7274762892468787,0.7025108681190076,4200.0,1450.0,2750.0,4100.0,2850.0,1250.0,-114.91672154091407,-109.55899999999997,-5.357721540914099
12.0,E79,722.3428433770961,694.149,28.193843377096073,593.9011092814524,559.863,34.03810928145231,441.5188395854998,314.909,126.6098395854998,0.6990198333055304,0.6630644509736522,4100.0,1550.0,2550.0,4000.0,2950.0,1050.0,-128.4417340956437,-134.28599999999994,5.844265904356234
12.0,E80,742.7009784406537,713.316,29.38497844065364,590.4819851301572,561.211,29.270985130157214,452.9538987697351,316.085,136.8688987697351,0.6595437725747532,0.6358667809383364,4550.0,1800.0,2750.0,4400.0,3300.0,1100.0,-152.21899331049644,-152.10500000000002,-0.11399331049642569
12.0,E81,765.7282041168976,728.323,37.40520411689761,552.7054502425594,550.348,2.35745024255948,465.72356289767936,319.219,146.50456289767936,0.5468856244314604,0.5887110751632099,4700.0,2050.0,2650.0,4500.0,3600.0,900.0,-213.02275387433815,-177.97500000000002,-35.04775387433813
13.0,E67,899.999004621296,966.722,-66.72299537870401,752.485079726533,763.718,-11.232920273467016,469.2516851091332,326.238,143.01368510913318,0.755933686795918,0.6975164053140701,3050.0,600.0,2450.0,2950.0,2000.0,950.0,-147.51392489476302,-203.00400000000002,55.490075105237
13.0,E68,981.2549144357677,1020.827,-39.57208556423234,788.2585984048785,773.123,15.135598404878465,531.7066764324427,338.46999999999997,193.23667643244272,0.7185234889817931,0.6584471939208169,4050.0,800.0,3250.0,3900.0,2550.0,1350.0,-192.99631603088915,-247.70399999999995,54.7076839691108
13.0,E69,1022.6940293641488,1044.388,-21.693970635851088,801.5361598652231,769.736,31.800159865223122,580.5750795872411,344.269,236.30607958724113,0.695834029389034,0.6332055716556044,4000.0,850.0,3150.0,3850.0,2600.0,1250.0,-221.15786949892572,-274.65199999999993,53.49413050107421
13.0,E70,1040.444772155497,1093.714,-53.26922784450289,801.3322691572849,779.53,21.802269157284968,582.195629153943,352.42199999999997,229.77362915394298,0.6789775938663878,0.6063429376180907,4850.0,1050.0,3800.0,4600.0,3200.0,1400.0,-239.1125029982121,-314.18399999999997,75.07149700178786
13.0,E71,1064.4402896910217,1095.307,-30.866710308978327,785.3688176153557,753.444,31.924817615355778,600.5213126946729,355.88699999999994,244.63431269467299,0.6370237748136647,0.5725157526050101,5050.0,1350.0,3700.0,4750.0,3600.0,1150.0,-279.07147207566595,-341.86300000000006,62.791527924334105
13.0,E72,747.5377934882657,771.04,-23.502206511734244,667.4931274061429,652.896,14.597127406142931,408.11320858885983,309.84499999999997,98.26820858885986,0.8228864392216856,0.7515070187320431,2550.0,700.0,1850.0,2500.0,1750.0,750.0,-80.04466608212283,-118.144,38.099333917877175
13.0,E73,849.6297466716834,868.132,-18.502253328316556,709.1502772769657,694.575,14.575277276965608,479.33257295856424,325.051,154.28157295856425,0.7464414805854704,0.6968616710972625,3550.0,800.0,2750.0,3450.0,2250.0,1200.0,-140.47946939471774,-173.5569999999999,33.07753060528216
13.0,E74,906.576035196987,935.4069999999999,-28.830964803012876,722.9847166362682,697.613,25.37171663626816,516.7894671546234,333.92699999999996,182.8624671546234,0.699512408000843,0.6283359565120218,4550.0,1150.0,3400.0,4350.0,3000.0,1350.0,-183.59131856071883,-237.79399999999987,54.20268143928104
13.0,E75,927.9630621888685,954.178,-26.21493781113145,710.3472413180136,681.066,29.2812413180136,530.3661966877446,336.517,193.8491966877446,0.6558699493650084,0.5853017097391358,4800.0,1450.0,3350.0,4550.0,3400.0,1150.0,-217.61582087085492,-273.11199999999997,55.49617912914505
13.0,E76,972.7585382277296,947.3489999999999,25.409538227729627,651.0830202803002,646.8340000000001,4.249020280300101,558.9148455975492,338.025,220.8898455975492,0.5249641705505739,0.5389113327022131,5300.0,1800.0,3500.0,4950.0,3900.0,1050.0,-321.6755179474294,-300.5149999999999,-21.160517947429526
13.0,E77,635.0237310454381,602.0139999999999,33.00973104543823,564.0383932946087,525.13,38.908393294608686,393.3773882646773,308.27599999999995,85.10138826467733,0.7908663626290406,0.7490862095974103,2450.0,1050.0,1400.0,2400.0,1850.0,550.0,-70.98533775082944,-76.8839999999999,5.898662249170457
13.0,E78,716.2157393774012,663.877,52.338739377401225,609.8314475943824,554.318,55.513447594382455,438.31068966747813,312.88599999999997,125.42468966747816,0.7470760697337947,0.7025108681190076,4200.0,1450.0,2750.0,4100.0,2850.0,1250.0,-106.38429178301874,-109.55899999999997,3.17470821698123
13.0,E79,721.387947253817,694.149,27.238947253816946,601.4825469792157,559.863,41.61954697921567,441.2593885431991,314.909,126.35038854319913,0.7183930690521338,0.6630644509736522,4100.0,1550.0,2550.0,4000.0,2950.0,1050.0,-119.90540027460122,-134.28599999999994,14.380599725398724
13.0,E80,741.7999933829792,713.316,28.48399338297918,598.2282514333691,561.211,37.0172514333691,452.6905085765684,316.085,136.6055085765684,0.6782359915941004,0.6358667809383364,4550.0,1800.0,2750.0,4400.0,3300.0,1100.0,-143.5717419496101,-152.10500000000002,8.533258050389918
13.0,E81,765.173285502079,728.323,36.85028550207903,559.5196483661135,550.348,9.171648366113573,465.55409777683275,319.219,146.33509777683275,0.5620433112954899,0.5887110751632099,4650.0,2050.0,2600.0,4500.0,3600.0,900.0,-205.65363713596548,-177.97500000000002,-27.67863713596546
14.0,E67,925.6565730959014,966.722,-41.06542690409856,763.118740844266,763.718,-0.5992591557339892,458.9016768960515,326.238,132.66367689605153,0.742027425397963,0.6975164053140701,3050.0,600.0,2450.0,2950.0,2000.0,950.0,-162.53783225163545,-203.00400000000002,40.46616774836457
14.0,E68,1010.2713898569116,1020.827,-10.555610143088415,798.116415535493,773.123,24.993415535493,522.5437343881662,338.46999999999997,184.0737343881662,0.7031441532139665,0.6584471939208169,4050.0,800.0,3250.0,3850.0,2550.0,1300.0,-212.15497432141854,-247.70399999999995,35.549025678581415
14.0,E69,1050.8314197916263,1044.388,6.443419791626411,809.2286044298106,769.736,39.492604429810626,573.5478534205381,344.269,229.2788534205381,0.6800951745111128,0.6332055716556044,4000.0,850.0,3150.0,3850.0,2600.0,1250.0,-241.60281536181571,-274.65199999999993,33.049184638184215
14.0,E70,1071.1650113250105,1093.714,-22.54898867498946,809.3864994861115,779.53,29.85649948611149,575.3764591324423,352.42199999999997,222.9544591324423,0.662468222582513,0.6063429376180907,4850.0,1050.0,3800.0,4550.0,3200.0,1350.0,-261.778511838899,-314.18399999999997,52.40548816110095
14.0,E71,1095.6781108309665,1095.307,0.37111083096647235,791.3244199277782,753.444,37.880419927778235,594.5526857701991,355.88699999999994,238.66568577019916,0.6195959794737489,0.5725157526050101,5050.0,1350.0,3700.0,4750.0,3600.0,1150.0,-304.3536909031883,-341.86300000000006,37.50930909681176
14.0,E72,767.0542212491474,771.04,-3.985778750852546,678.5441407955651,652.896,25.648140795565155,399.9154370808722,309.84499999999997,90.07043708087224,0.8122623555182488,0.7515070187320431,2600.0,700.0,1900.0,2500.0,1750.0,750.0,-88.5100804535823,-118.144,29.6339195464177
14.0,E73,874.1385154683088,868.132,6.006515468308862,719.1337712113319,694.575,24.558771211331873,471.7022077030895,325.051,146.65120770308954,0.7320762503011464,0.6968616710972625,3550.0,800.0,2750.0,3450.0,2250.0,1200.0,-155.0047442569769,-173.5569999999999,18.55225574302301
14.0,E74,934.714156926286,935.4069999999999,-0.6928430737139024,732.2682600969306,697.613,34.65526009693053,510.41337859311915,333.92699999999996,176.48637859311918,0.683240840283271,0.6283359565120218,4550.0,1150.0,3400.0,4350.0,3000.0,1350.0,-202.44589682935543,-237.79399999999987,35.348103170644436
14.0,E75,957.1556879059669,954.178,2.9776879059669454,717.9192539208866,681.066,36.85325392088657,524.520401935968,336.517,188.00340193596804,0.6383740399989348,0.5853017097391358,4800.0,1450.0,3350.0,4550.0,3400.0,1150.0,-239.23643398508034,-273.11199999999997,33.87556601491963
14.0,E76,1003.8544101861607,947.3489999999999,56.505410186160816,653.7798806233782,646.8340000000001,6.945880623378116,554.2849226025269,338.025,216.2599226025269,0.505723457595297,0.5389113327022131,5300.0,1800.0,3500.0,4950.0,3900.0,1050.0,-350.0745295627826,-300.5149999999999,-49.5595295627827
14.0,E77,632.24731698212,602.0139999999999,30.233316982120073,559.094029930711,525.13,33.964029930711035,384.65876177082066,308.27599999999995,76.38276177082071,0.7827018105749068,0.7490862095974103,2450.0,1050.0,1400.0,2450.0,1850.0,600.0,-73.15328705140894,-76.8839999999999,3.7307129485909627
14.0,E78,715.5385777702206,663.877,51.661577770220674,605.0805631011585,554.318,50.76256310115855,426.47998137416045,312.88599999999997,113.59398137416048,0.7369675127477165,0.7025108681190076,4200.0,1450.0,2750.0,4100.0,2850.0,1250.0,-110.4580146690621,-109.55899999999997,-0.8990146690621259
14.0,E79,720.8469659658656,694.149,26.697965965865592,596.3963546992751,559.863,36.53335469927504,429.6016035471921,314.909,114.6926035471921,0.7073464694172118,0.6630644509736522,4150.0,1550.0,2600.0,4000.0,2950.0,1050.0,-124.4506112665905,-134.28599999999994,9.835388733409445
14.0,E80,741.9125762057321,713.316,28.59657620573205,592.819234341239,561.211,31.60823434123904,440.6533108461345,316.085,124.56831084613452,0.665945613670105,0.6358667809383364,4550.0,1800.0,2750.0,4400.0,3300.0,1100.0,-149.09334186449303,-152.10500000000002,3.011658135506991
14.0,E81,765.9934878531606,728.323,37.67048785316058,553.0768388333418,550.348,2.728838833341797,453.550028222411,319.219,134.33102822241102,0.5473667275348457,0.5887110751632099,4700.0,2050.0,2650.0,4500.0,3600.0,900.0,-212.9166490198188,-177.97500000000002,-34.94164901981878
15.0,E67,905.9390466367903,966.722,-60.782953363209685,760.5582806150379,763.718,-3.1597193849620453,453.7393093615107,326.238,127.50130936151072,0.761804049026597,0.6975164053140701,3100.0,600.0,2500.0,3000.0,2000.0,1000.0,-145.38076602175238,-203.00400000000002,57.62323397824764
15.0,E68,989.1168260406522,1020.827,-31.7101739593478,796.7226324712348,773.123,23.599632471234713,515.5106582471687,338.46999999999997,177.04065824716878,0.7225825942349547,0.6584471939208169,4050.0,800.0,3250.0,3900.0,2550.0,1350.0,-192.39419356941744,-247.70399999999995,55.30980643058251
15.0,E69,1030.4653862809348,1044.388,-13.922613719065112,809.2085791870045,769.736,39.4725791870045,566.72624673293,344.269,222.45724673293,0.698916006854405,0.6332055716556044,4000.0,850.0,3150.0,3850.0,2600.0,1250.0,-221.25680709393032,-274.65199999999993,53.39519290606961
15.0,E70,1049.6498955687966,1093.714,-44.064104431203305,809.1486879772103,779.53,29.618687977210357,567.0851698654063,352.42199999999997,214.66316986540636,0.6810548332218284,0.6063429376180907,4850.0,1050.0,3800.0,4600.0,3200.0,1400.0,-240.5012075915863,-314.18399999999997,73.68279240841366
15.0,E71,1074.414934290286,1095.307,-20.89206570971396,791.6744766612661,753.444,38.23047666126615,586.0710622330041,355.88699999999994,230.18406223300417,0.6369615949778065,0.5725157526050101,5050.0,1350.0,3700.0,4750.0,3600.0,1150.0,-282.74045762901994,-341.86300000000006,59.12254237098011
15.0,E72,751.3655246421098,771.04,-19.674475357890174,674.3879728319172,652.896,21.491972831917224,396.4827404563191,309.84499999999997,86.63774045631914,0.8311034734854376,0.7515070187320431,2600.0,700.0,1900.0,2550.0,1750.0,800.0,-76.97755181019261,-118.144,41.1664481898074
15.0,E73,856.184653612661,868.132,-11.94734638733894,717.0374678674774,694.575,22.462467867477358,466.5262229395744,325.051,141.4752229395744,0.7517829137592567,0.6968616710972625,3550.0,800.0,2750.0,3450.0,2250.0,1200.0,-139.1471857451836,-173.5569999999999,34.4098142548163
15.0,E74,915.3324160015801,935.4069999999999,-20.074583998419826,730.9320339548656,697.613,33.31903395486552,503.6670005433639,333.92699999999996,169.74000054336392,0.7024525711571191,0.6283359565120218,4550.0,1150.0,3400.0,4350.0,3000.0,1350.0,-184.40038204671453,-237.79399999999987,53.39361795328534
15.0,E75,937.6547184310347,954.178,-16.52328156896533,717.1463461623179,681.066,36.080346162317824,517.4681894336516,336.517,180.95118943365156,0.656559356924785,0.5853017097391358,4800.0,1450.0,3350.0,4550.0,3400.0,1150.0,-220.5083722687168,-273.11199999999997,52.603627731283154
15.0,E76,984.4648116668789,947.3489999999999,37.115811666878926,653.0770006649943,646.8340000000001,6.24300066499427,546.7291129685206,338.025,208.70411296852058,0.5189377606971484,0.5389113327022131,5300.0,1800.0,3500.0,4950.0,3900.0,1050.0,-331.38781100188453,-300.5149999999999,-30.872811001884656
15.0,E77,621.5002597310759,602.0139999999999,19.48625973107596,556.9658132799208,525.13,31.835813279920785,382.47348379174014,308.27599999999995,74.19748379174018,0.8019822062467231,0.7490862095974103,2450.0,1050.0,1400.0,2450.0,1850.0,600.0,-64.53444645115508,-76.8839999999999,12.349553548844824
15.0,E78,701.5346475531612,663.877,37.65764755316127,602.8065697116328,554.318,48.48856971163286,422.13127013768155,312.88599999999997,109.24527013768159,0.7567894437798968,0.7025108681190076,4250.0,1450.0,2800.0,4100.0,2850.0,1250.0,-98.72807784152837,-109.55899999999997,10.830922158471594
15.0,E79,706.9698444321309,694.149,12.820844432130912,594.6544288806786,559.863,34.791428880678495,425.36791439849776,314.909,110.45891439849777,0.7269734983771297,0.6630644509736522,4150.0,1550.0,2600.0,4000.0,2950.0,1050.0,-112.31541555145236,-134.28599999999994,21.970584448547584
15.0,E80,727.4074803171509,713.316,14.091480317150854,591.3796251674609,561.211,30.168625167460846,435.91557634858106,316.085,119.83057634858108,0.684981777033284,0.6358667809383364,4600.0,1800.0,2800.0,4400.0,3300.0,1100.0,-136.02785514969003,-152.10500000000002,16.077144850309992
15.0,E81,751.4442164241111,728.323,23.12121642411114,552.0707100186834,550.348,1.722710018683415,448.70785161159927,319.219,129.48885161159927,0.5626298974917142,0.5887110751632099,4700.0,2050.0,2650.0,4500.0,3600.0,900.0,-199.37350640542775,-177.97500000000002,-21.398506405427725
16.0,E67,905.0618002166976,966.722,-61.660199783302346,766.6371516257825,763.718,2.919151625782547,453.5603296727383,326.238,127.3223296727383,0.7728746997907052,0.6975164053140701,3100.0,600.0,2500.0,2950.0,2000.0,950.0,-138.42464859091513,-203.00400000000002,64.5793514090849
16.0,E68,988.1980599423651,1020.827,-32.62894005763485,802.8357931356481,773.123,29.7127931356481,515.2591891507576,338.46999999999997,176.78918915075764,0.7323675270514098,0.6584471939208169,4050.0,800.0,3250.0,3850.0,2550.0,1300.0,-185.362266806717,-247.70399999999995,62.34173319328295
16.0,E69,1029.6260234300753,1044.388,-14.761976569924627,815.1218791147567,769.736,45.385879114756676,566.4830462507103,344.269,222.21404625071034,0.7077711783905037,0.6332055716556044,4000.0,850.0,3150.0,3850.0,2600.0,1250.0,-214.50414431531863,-274.65199999999993,60.1478556846813
16.0,E70,1048.8491624598596,1093.714,-44.86483754014034,814.7111329890968,779.53,35.181132989096795,566.8178855129213,352.42199999999997,214.39588551292132,0.6891634010810572,0.6063429376180907,4850.0,1050.0,3800.0,4600.0,3200.0,1400.0,-234.13802947076283,-314.18399999999997,80.04597052923714
16.0,E71,1073.85061688459,1095.307,-21.456383115410063,796.0606272618958,753.444,42.616627261895815,585.8676427759483,355.88699999999994,229.98064277594835,0.6430593568259229,0.5725157526050101,5050.0,1350.0,3700.0,4750.0,3600.0,1150.0,-277.7899896226942,-341.86300000000006,64.07301037730588
16.0,E72,750.5886663219217,771.04,-20.4513336780783,679.3230658195766,652.896,26.427065819576683,396.35680856739395,309.84499999999997,86.51180856739398,0.8433690935279051,0.7515070187320431,2600.0,700.0,1900.0,2550.0,1750.0,800.0,-71.26560050234502,-118.144,46.87839949765498
16.0,E73,855.3654401911587,868.132,-12.766559808841293,722.4784707871307,694.575,27.903470787130686,466.3351660555317,325.051,141.28416605553173,0.7626032529533203,0.6968616710972625,3550.0,800.0,2750.0,3450.0,2250.0,1200.0,-132.88696940402792,-173.5569999999999,40.67003059597198
16.0,E74,914.5810221580115,935.4069999999999,-20.825977841988447,736.0067721622645,697.613,38.39377216226444,503.4462951093677,333.92699999999996,169.51929510936776,0.7115037996144565,0.6283359565120218,4550.0,1150.0,3400.0,4350.0,3000.0,1350.0,-178.57424999574698,-237.79399999999987,59.21975000425289
16.0,E75,937.0999978424996,954.178,-17.07800215750035,721.3062213768354,681.066,40.24022137683539,517.29264475567,336.517,180.77564475567004,0.6636116844664208,0.5853017097391358,4800.0,1450.0,3350.0,4550.0,3400.0,1150.0,-215.79377646566422,-273.11199999999997,57.31822353433574
16.0,E76,984.4125395994637,947.3489999999999,37.06353959946375,653.2037298567897,646.8340000000001,6.369729856789604,546.6986074530768,338.025,208.67360745307678,0.5191611229123191,0.5389113327022131,5300.0,1800.0,3500.0,4950.0,3900.0,1050.0,-331.208809742674,-300.5149999999999,-30.693809742674148
16.0,E77,604.3188768978094,602.0139999999999,2.3048768978095495,548.1063188622287,525.13,22.97631886222871,378.95260599988035,308.27599999999995,70.6766059998804,0.8179178596522716,0.7490862095974103,2450.0,1050.0,1400.0,2450.0,1850.0,600.0,-56.21255803558074,-76.8839999999999,20.67144196441916
16.0,E78,679.2310981306725,663.877,15.354098130672583,592.0518778919726,554.318,37.73387789197261,415.15667682538356,312.88599999999997,102.27067682538359,0.7727536527387815,0.7025108681190076,4250.0,1450.0,2800.0,4100.0,2850.0,1250.0,-87.17922023869994,-109.55899999999997,22.37977976130003
16.0,E79,684.8064148558522,694.149,-9.342585144147847,584.4627390714826,559.863,24.59973907148253,418.5648102462023,314.909,103.6558102462023,0.7421852355850708,0.6630644509736522,4150.0,1550.0,2600.0,4000.0,2950.0,1050.0,-100.34367578436957,-134.28599999999994,33.94232421563038
16.0,E80,704.1568248936994,713.316,-9.159175106300609,581.1399430058177,561.211,19.9289430058177,428.28495003705535,316.085,112.19995003705537,0.6989004412769967,0.6358667809383364,4600.0,1800.0,2800.0,4450.0,3300.0,1150.0,-123.01688188788171,-152.10500000000002,29.08811811211831
16.0,E81,727.8387128809676,728.323,-0.48428711903238764,542.2402336116209,550.348,-8.107766388379105,440.83960739868456,319.219,121.62060739868457,0.5706131474004448,0.5887110751632099,4700.0,2050.0,2650.0,4550.0,3600.0,950.0,-185.59847926934674,-177.97500000000002,-7.623479269346717
17.0,E67,904.2714709993692,966.722,-62.45052900063081,772.0364242037738,763.718,8.318424203773816,453.39760252345474,326.238,127.15960252345474,0.7827487920929407,0.6975164053140701,3050.0,600.0,2450.0,2950.0,2000.0,950.0,-132.2350467955954,-203.00400000000002,70.76895320440462
17.0,E68,987.3985952139761,1020.827,-33.42840478602386,808.0407122754258,773.123,34.91771227542574,515.0367683222065,338.46999999999997,176.56676832220654,0.7407375995635356,0.6584471939208169,4050.0,800.0,3250.0,3850.0,2550.0,1300.0,-179.35788293855035,-247.70399999999995,68.3461170614496
17.0,E69,1028.9187614565697,1044.388,-15.469238543430265,819.9705046635514,769.736,50.234504663551434,566.2735649811572,344.269,222.00456498115716,0.7150656741560248,0.6332055716556044,4000.0,850.0,3150.0,3850.0,2600.0,1250.0,-208.94825679301823,-274.65199999999993,65.7037432069817
17.0,E70,1048.1953948229077,1093.714,-45.51860517709224,819.1014563055988,779.53,39.57145630559887,566.5934376959889,352.42199999999997,214.1714376959889,0.695595626435544,0.6063429376180907,4850.0,1050.0,3800.0,4600.0,3200.0,1400.0,-229.09393851730886,-314.18399999999997,85.09006148269111
17.0,E71,1073.4439403194883,1095.307,-21.863059680511697,799.0133623637507,753.444,45.56936236375077,585.712454971359,355.88699999999994,229.82545497135902,0.6471916047501394,0.5725157526050101,5050.0,1350.0,3700.0,4750.0,3600.0,1150.0,-274.4305779557376,-341.86300000000006,67.43242204426247
17.0,E72,749.8709538488298,771.04,-21.169046151170164,683.8634089874248,652.896,30.967408987424847,396.24039754085544,309.84499999999997,86.39539754085547,0.8546962915089799,0.7515070187320431,2600.0,700.0,1900.0,2550.0,1750.0,800.0,-66.007544861405,-118.144,52.13645513859501
17.0,E73,854.6331785629861,868.132,-13.498821437013817,727.2664125194228,694.575,32.691412519422784,466.1626254019989,325.051,141.11162540199894,0.7721668135966635,0.6968616710972625,3550.0,800.0,2750.0,3450.0,2250.0,1200.0,-127.3667660435633,-173.5569999999999,46.1902339564366
17.0,E74,913.9440616490737,935.4069999999999,-21.462938350926265,740.1891473567284,697.613,42.57614735672837,503.25529363882606,333.92699999999996,169.3282936388261,0.7190005321147249,0.6283359565120218,4550.0,1150.0,3400.0,4350.0,3000.0,1350.0,-173.75491429234523,-237.79399999999987,64.03908570765464
17.0,E75,936.6712090326558,954.178,-17.50679096734416,724.3492275868495,681.066,43.28322758684942,517.1512815532886,336.517,180.63428155328864,0.6688022858322398,0.5853017097391358,4800.0,1450.0,3350.0,4550.0,3400.0,1150.0,-212.3219814458064,-273.11199999999997,60.79001855419358
17.0,E76,984.4949858410218,947.3489999999999,37.14598584102191,651.5628909352762,646.8340000000001,4.728890935276127,546.7092371437726,338.025,208.68423714377263,0.5167171554694869,0.5389113327022131,5300.0,1800.0,3500.0,4900.0,3900.0,1000.0,-332.93209490574566,-300.5149999999999,-32.417094905745785
17.0,E77,587.0900693507634,602.0139999999999,-14.923930649236468,538.4329290018121,525.13,13.302929001812117,375.42280131610426,308.27599999999995,67.1468013161043,0.8330755946214086,0.7490862095974103,2450.0,1050.0,1400.0,2450.0,1850.0,600.0,-48.657140348951316,-76.8839999999999,28.226859651048585
17.0,E78,656.7693330734581,663.877,-7.10766692654181,580.2042208780268,554.318,25.886220878026847,408.14692557662755,312.88599999999997,95.26092557662759,0.7880088889007733,0.7025108681190076,4250.0,1450.0,2800.0,4150.0,2850.0,1300.0,-76.56511219543131,-109.55899999999997,32.99388780456866
17.0,E79,662.47206088419,694.149,-31.67693911581,573.1841958338754,559.863,13.321195833875322,411.7245368458078,314.909,96.8155368458078,0.7566252985149042,0.6630644509736522,4150.0,1550.0,2600.0,4050.0,2950.0,1100.0,-89.28786505031462,-134.28599999999994,44.99813494968532
17.0,E80,680.677023682722,713.316,-32.63897631727798,569.7466599705656,561.211,8.535659970565575,420.60166841367004,316.085,104.51666841367006,0.7119283136970991,0.6358667809383364,4600.0,1800.0,2800.0,4450.0,3300.0,1150.0,-110.93036371215646,-152.10500000000002,41.174636287843555
17.0,E81,703.9390625182955,728.323,-24.383937481704493,531.2051278924298,550.348,-19.142872107570156,432.90308119706214,319.219,113.68408119706214,0.5769861263508702,0.5887110751632099,4750.0,2050.0,2700.0,4550.0,3600.0,950.0,-172.7339346258657,-177.97500000000002,5.241065374134337
18.0,E67,873.8671255368829,966.722,-92.85487446311708,762.2497017663572,763.718,-1.468298233642713,445.44491817394277,326.238,119.20691817394277,0.8069801432561412,0.6975164053140701,3100.0,600.0,2500.0,3000.0,2000.0,1000.0,-111.61742377052565,-203.00400000000002,91.38657622947437
18.0,E68,954.4486703893043,1020.827,-66.37832961069569,800.2381836350038,773.123,27.115183635003746,504.1371397243631,338.46999999999997,165.66713972436315,0.7659401535355804,0.6584471939208169,4100.0,800.0,3300.0,3900.0,2550.0,1350.0,-154.21048675430052,-247.70399999999995,93.49351324569943
18.0,E69,997.0799346104462,1044.388,-47.30806538955369,814.7665439664357,769.736,45.030543966435744,555.6756787998938,344.269,211.40667879989383,0.7401025149061685,0.6332055716556044,4000.0,850.0,3150.0,3900.0,2600.0,1300.0,-182.3133906440105,-274.65199999999993,92.33860935598943
18.0,E70,1014.3103263945488,1093.714,-79.4036736054511,813.7584330063121,779.53,34.228433006312116,553.6348390062061,352.42199999999997,201.21283900620614,0.7209566525812714,0.6063429376180907,4900.0,1050.0,3850.0,4650.0,3200.0,1450.0,-200.55189338823675,-314.18399999999997,113.63210661176322
18.0,E71,1039.6937207119083,1095.307,-55.61327928809169,795.6889612685314,753.444,42.24496126853148,572.3679923654589,355.88699999999994,216.48099236545897,0.672078802966469,0.5725157526050101,5100.0,1350.0,3750.0,4800.0,3600.0,1200.0,-244.00475944337688,-341.86300000000006,97.85824055662317
18.0,E72,730.1937234577357,771.04,-40.84627654226426,675.5706152078062,652.896,22.674615207806255,391.9232349206286,309.84499999999997,82.07823492062863,0.8743128261471685,0.7515070187320431,2600.0,700.0,1900.0,2550.0,1750.0,800.0,-54.62310824992949,-118.144,63.52089175007052
18.0,E73,831.7964757912873,868.132,-36.33552420871263,722.2448281450141,694.575,27.669828145014094,459.59832120915667,325.051,134.54732120915668,0.7956882524057833,0.6968616710972625,3600.0,800.0,2800.0,3450.0,2250.0,1200.0,-109.55164764627318,-173.5569999999999,64.00535235372672
18.0,E74,889.0203002717034,935.4069999999999,-46.38669972829655,736.8064798944272,697.613,39.19347989442713,494.63229612630437,333.92699999999996,160.7052961263044,0.743498314256839,0.6283359565120218,4600.0,1150.0,3450.0,4400.0,3000.0,1400.0,-152.2138203772762,-237.79399999999987,85.58017962272368
18.0,E75,911.4235993251192,954.178,-42.7544006748808,722.5169695254622,681.066,41.45096952546214,508.08765840220065,336.517,171.57065840220065,0.6932465457644518,0.5853017097391358,4850.0,1450.0,3400.0,4600.0,3400.0,1200.0,-188.90662979965703,-273.11199999999997,84.20537020034294
18.0,E76,959.1025547725035,947.3489999999999,11.753554772503549,652.0919356454182,646.8340000000001,5.257935645418115,536.8999423082537,338.025,198.8749423082537,0.5372893570680154,0.5389113327022131,5350.0,1800.0,3550.0,4950.0,3900.0,1050.0,-307.0106191270853,-300.5149999999999,-6.495619127085433
18.0,E77,586.5224837789292,602.0139999999999,-15.491516221070697,543.1790169181457,525.13,18.049016918145753,375.33632951336097,308.27599999999995,67.06032951336101,0.8510147159229138,0.7490862095974103,2450.0,1050.0,1400.0,2450.0,1850.0,600.0,-43.34346686078345,-76.8839999999999,33.54053313921645
18.0,E78,655.8400660768668,663.877,-8.03693392313312,586.4823052484575,554.318,32.16430524845748,407.92425878338116,312.88599999999997,95.0382587833812,0.8074690122013399,0.7025108681190076,4250.0,1450.0,2800.0,4150.0,2850.0,1300.0,-69.35776082840937,-109.55899999999997,40.2012391715906
18.0,E79,661.5898834452007,694.149,-32.55911655479929,579.870455494559,559.863,20.00745549455894,411.5147558039205,314.909,96.60575580392049,0.77671792286378,0.6630644509736522,4150.0,1550.0,2600.0,4050.0,2950.0,1100.0,-81.71942795064172,-134.28599999999994,52.56657204935823
18.0,E80,679.7927119962178,713.316,-33.52328800378223,576.9639622853728,561.211,15.752962285372746,420.37377506848105,316.085,104.28877506848107,0.7323525116299432,0.6358667809383364,4600.0,1800.0,2800.0,4450.0,3300.0,1150.0,-102.82874971084505,-152.10500000000002,49.27625028915497
18.0,E81,703.3161692950717,728.323,-25.006830704928234,538.4069718544674,550.348,-11.941028145532528,432.7339079625228,319.219,113.51490796252278,0.5955313992365716,0.5887110751632099,4750.0,2050.0,2700.0,4550.0,3600.0,950.0,-164.90919744060432,-177.97500000000002,13.065802559395706
19.0,E67,717.9372025944646,966.722,-248.78479740553541,438.73128094064447,763.718,-324.9867190593555,413.7411599654703,326.238,87.50315996547027,0.33890597903619873,0.6975164053140701,2750.0,600.0,2150.0,2900.0,2000.0,900.0,-279.2059216538201,-203.00400000000002,-76.20192165382008
19.0,E68,764.764691288482,1020.827,-256.06230871151797,476.8998626310328,773.123,-296.22313736896723,454.1677106708082,338.46999999999997,115.69771067080825,0.3864337899459995,0.6584471939208169,3600.0,800.0,2800.0,3750.0,2550.0,1200.0,-287.8648286574492,-247.70399999999995,-40.16082865744926
19.0,E69,802.1567141701466,1044.388,-242.23128582985328,513.0675217463258,769.736,-256.66847825367415,502.17288308515737,344.269,157.90388308515736,0.4293076314017976,0.6332055716556044,3550.0,850.0,2700.0,4100.0,2600.0,1500.0,-289.0891924238208,-274.65199999999993,-14.437192423820875
19.0,E70,814.0516063222396,1093.714,-279.6623936777603,535.5168269070264,779.53,-244.0131730929736,491.71542091450806,352.42199999999997,139.2934209145081,0.4627585264744156,0.6063429376180907,4300.0,1050.0,3250.0,4500.0,3200.0,1300.0,-278.5347794152133,-314.18399999999997,35.64922058478669
19.0,E71,844.8236750217313,1095.307,-250.48332497826868,582.0992039388065,753.444,-171.3447960611935,509.9773901213606,355.88699999999994,154.09039012136066,0.5216456858603168,0.5725157526050101,4550.0,1350.0,3200.0,4800.0,3600.0,1200.0,-262.7244710829249,-341.86300000000006,79.13852891707518
19.0,E72,622.5706848990975,771.04,-148.46931510090246,391.29177993603855,652.896,-261.6042200639614,373.69314618348625,309.84499999999997,63.84814618348628,0.2926659759532186,0.7515070187320431,2350.0,700.0,1650.0,2450.0,1750.0,700.0,-231.27890496305895,-118.144,-113.13490496305894
19.0,E73,681.6826808642409,868.132,-186.44931913575908,436.45595724825256,694.575,-258.1190427517475,424.7416189472295,325.051,99.6906189472295,0.3648369495856339,0.6968616710972625,3200.0,800.0,2400.0,3450.0,2250.0,1200.0,-245.2267236159883,-173.5569999999999,-71.6697236159884
19.0,E74,726.5398019502117,935.4069999999999,-208.86719804978827,490.5639141013561,697.613,-207.04908589864397,449.0744402277711,333.92699999999996,115.14744022777114,0.4524181994391003,0.6283359565120218,4050.0,1150.0,2900.0,4250.0,3000.0,1250.0,-235.97588784885556,-237.79399999999987,1.8181121511443052
19.0,E75,752.9531333421304,954.178,-201.2248666578696,530.89770260967,681.066,-150.16829739033005,462.108766260589,336.517,125.591766260589,0.5144791988890852,0.5853017097391358,4300.0,1450.0,2850.0,4500.0,3400.0,1100.0,-222.05543073246042,-273.11199999999997,51.056569267539544
19.0,E76,802.6250814187358,947.3489999999999,-144.72391858126412,606.7163745266197,646.8340000000001,-40.11762547338037,488.18253257871464,338.025,150.15753257871467,0.6136129329740436,0.5389113327022131,4850.0,1800.0,3050.0,5000.0,3900.0,1100.0,-195.90870689211613,-300.5149999999999,104.60629310788374
19.0,E77,516.8348901893625,602.0139999999999,-85.17910981063744,369.033049830549,525.13,-156.09695016945102,363.9433887527379,308.27599999999995,55.66738875273796,0.33192949768772295,0.7490862095974103,2300.0,1050.0,1250.0,2500.0,1850.0,650.0,-147.80184035881348,-76.8839999999999,-70.91784035881358
19.0,E78,557.7745711208836,663.877,-106.10242887911636,401.34681176935493,554.318,-152.97118823064505,383.11347771355037,312.88599999999997,70.2274777135504,0.4033495873305804,0.7025108681190076,3800.0,1450.0,2350.0,3900.0,2850.0,1050.0,-156.42775935152866,-109.55899999999997,-46.868759351528695
19.0,E79,569.0130390700356,694.149,-125.13596092996443,419.25079462247913,559.863,-140.61220537752092,388.5772794796427,314.909,73.6682794796427,0.4522530839673576,0.6630644509736522,3750.0,1550.0,2200.0,3900.0,2950.0,950.0,-149.76224444755644,-134.28599999999994,-15.476244447556496
19.0,E80,583.9947151126188,713.316,-129.32128488738124,438.995654211812,561.211,-122.21534578818802,395.04210303194816,316.085,78.95710303194818,0.49722360449152586,0.6358667809383364,4150.0,1800.0,2350.0,4300.0,3300.0,1000.0,-144.9990609008068,-152.10500000000002,7.105939099193222
19.0,E81,609.7470733418792,728.323,-118.5759266581208,478.9383792545741,550.348,-71.40962074542585,407.62690330009934,319.219,88.40790330009935,0.5836094861086863,0.5887110751632099,4350.0,2050.0,2300.0,4500.0,3600.0,900.0,-130.80869408730507,-177.97500000000002,47.16630591269495
20.0,E67,760.5434311489834,966.722,-206.17856885101662,509.5262228689954,763.718,-254.19177713100459,428.796015105017,326.238,102.55801510501698,0.4601146898902335,0.6975164053140701,2600.0,600.0,2000.0,2700.0,2000.0,700.0,-251.01720827998798,-203.00400000000002,-48.013208279987964
20.0,E68,825.2133360504453,1020.827,-195.61366394955473,552.6804402343964,773.123,-220.44255976560362,477.7157785060894,338.46999999999997,139.24577850608944,0.4854135119114255,0.6584471939208169,3400.0,800.0,2600.0,3450.0,2550.0,900.0,-272.53289581604884,-247.70399999999995,-24.828895816048885
20.0,E69,876.3654502084188,1044.388,-168.02254979158113,589.9537090674207,769.736,-179.78229093257926,529.2248028351793,344.269,184.95580283517927,0.5068391986530684,0.6332055716556044,3400.0,850.0,2550.0,3750.0,2600.0,1150.0,-286.41174114099806,-274.65199999999993,-11.75974114099813
20.0,E70,905.2861137343918,1093.714,-188.4278862656081,614.7602947057192,779.53,-164.7697052942808,528.5494591328898,352.42199999999997,176.12745913288978,0.5234845284268752,0.6063429376180907,4150.0,1050.0,3100.0,4250.0,3200.0,1050.0,-290.5258190286727,-314.18399999999997,23.658180971327283
20.0,E71,956.4272615418299,1095.307,-138.8797384581701,660.1760955383015,753.444,-93.26790446169844,554.8744296738322,355.88699999999994,198.98742967383225,0.5516978692615355,0.5725157526050101,4400.0,1350.0,3050.0,4500.0,3600.0,900.0,-296.2511660035284,-341.86300000000006,45.61183399647166
20.0,E72,645.5006687750079,771.04,-125.53933122499211,446.9138176268891,652.896,-205.98218237311085,382.1054471909656,309.84499999999997,72.26044719096564,0.43245116751077783,0.7515070187320431,2200.0,700.0,1500.0,2250.0,1750.0,500.0,-198.58685114811874,-118.144,-80.44285114811873
20.0,E73,727.2603842615007,868.132,-140.87161573849926,499.9427979740264,694.575,-194.63220202597364,441.1443000051602,325.051,116.09330000516019,0.4733903287024299,0.6968616710972625,3050.0,800.0,2250.0,3150.0,2250.0,900.0,-227.31758628747428,-173.5569999999999,-53.76058628747438
20.0,E74,804.7216642161412,935.4069999999999,-130.6853357838587,559.5047884239362,697.613,-138.1082115760638,478.70450524096526,333.92699999999996,144.7775052409653,0.5183549832244655,0.6283359565120218,3950.0,1150.0,2800.0,4000.0,3000.0,1000.0,-245.21687579220497,-237.79399999999987,-7.4228757922051045
20.0,E75,850.67653443216,954.178,-103.50146556784,600.0741826751017,681.066,-80.9918173248983,498.9558596184658,336.517,162.4388596184658,0.5485281159117024,0.5853017097391358,4200.0,1450.0,2750.0,4300.0,3400.0,900.0,-250.60235175705827,-273.11199999999997,22.509648242941694
20.0,E76,925.4021127552204,947.3489999999999,-21.946887244779532,671.1381522281077,646.8340000000001,24.304152228107682,535.8888571409556,338.025,197.8638571409556,0.5962808826147904,0.5389113327022131,4750.0,1800.0,2950.0,4850.0,3900.0,950.0,-254.26396052711266,-300.5149999999999,46.251039472887214
20.0,E77,542.0916887432304,602.0139999999999,-59.92231125676949,407.0786852277307,525.13,-118.05131477226928,370.74988077834087,308.27599999999995,62.47388077834091,0.4522658807052008,0.7490862095974103,2200.0,1050.0,1150.0,2350.0,1850.0,500.0,-135.0130035154997,-76.8839999999999,-58.12900351549979
20.0,E78,601.3457126521567,663.877,-62.531287347843204,445.9084493419235,554.318,-108.40955065807651,398.9253187236569,312.88599999999997,86.03931872365695,0.49161594060044134,0.7025108681190076,3650.0,1450.0,2200.0,3750.0,2850.0,900.0,-155.43726331023328,-109.55899999999997,-45.87826331023331
20.0,E79,623.4383273111993,694.149,-70.71067268880074,464.9765192344467,559.863,-94.88648076555336,407.04216824819235,314.909,92.13316824819236,0.5166494330444765,0.6630644509736522,3650.0,1550.0,2100.0,3750.0,2950.0,800.0,-158.46180807675256,-134.28599999999994,-24.175808076752617
20.0,E80,648.969234512957,713.316,-64.34676548704306,486.11760139164187,561.211,-75.09339860835814,417.885685804428,316.085,101.80068580442804,0.5391485859176695,0.6358667809383364,4100.0,1800.0,2300.0,4200.0,3300.0,900.0,-162.8516331213151,-152.10500000000002,-10.746633121315085
20.0,E81,689.722836622768,728.323,-38.60016337723198,524.7805544046712,550.348,-25.567445595328763,435.16393715889865,319.219,115.94493715889865,0.5814973660846211,0.5887110751632099,4350.0,2050.0,2300.0,4400.0,3600.0,800.0,-164.9422822180968,-177.97500000000002,13.032717781903216
21.0,E67,808.7060382908338,966.722,-158.01596170916616,555.6420344663561,763.718,-208.07596553364385,443.7668918976811,326.238,117.52889189768109,0.5068017163257946,0.6975164053140701,2550.0,600.0,1950.0,2600.0,2000.0,600.0,-253.0640038244777,-203.00400000000002,-50.06000382447769
21.0,E68,883.6999671991279,1020.827,-137.12703280087214,603.4013979337974,773.123,-169.72160206620265,499.32983026105387,338.46999999999997,160.8598302610539,0.5233844045782234,0.6584471939208169,3300.0,800.0,2500.0,3350.0,2550.0,800.0,-280.29856926533046,-247.70399999999995,-32.594569265330506
21.0,E69,941.2022815567989,1044.388,-103.18571844320104,642.39196388333,769.736,-127.34403611666994,552.5975258973378,344.269,208.32852589733784,0.537161809161298,0.6332055716556044,3350.0,850.0,2500.0,3550.0,2600.0,950.0,-298.81031767346883,-274.65199999999993,-24.1583176734689
21.0,E70,978.7421260780048,1093.714,-114.9718739219951,669.9355120771688,779.53,-109.59448792283115,558.2629306810117,352.42199999999997,205.84093068101168,0.5479627179498359,0.6063429376180907,4000.0,1050.0,2950.0,4050.0,3200.0,850.0,-308.806614000836,-314.18399999999997,5.377385999163948
21.0,E71,1039.0579256540714,1095.307,-56.24907434592865,716.4213581653759,753.444,-37.022641834624096,588.7771543456322,355.88699999999994,232.89015434563225,0.5660336806925397,0.5725157526050101,4250.0,1350.0,2900.0,4350.0,3600.0,750.0,-322.6365674886955,-341.86300000000006,19.22643251130455
21.0,E72,640.0207282396868,771.04,-131.01927176031313,462.9104334228669,652.896,-189.98556657713306,381.7351452677078,309.84499999999997,71.89014526770785,0.4857764012206323,0.7515070187320431,2150.0,700.0,1450.0,2200.0,1750.0,450.0,-177.11029481681993,-118.144,-58.966294816819925
21.0,E73,728.1423160747064,868.132,-139.98968392529355,517.6137876368541,694.575,-176.96121236314593,442.2232100013875,325.051,117.1722100013875,0.5132787078365143,0.6968616710972625,3000.0,800.0,2200.0,3100.0,2250.0,850.0,-210.5285284378523,-173.5569999999999,-36.971528437852385
21.0,E74,815.2582676350635,935.4069999999999,-120.14873236493645,577.6961038942021,697.613,-119.91689610579795,483.0451415671389,333.92699999999996,149.11814156713893,0.5428510152950702,0.6283359565120218,3900.0,1150.0,2750.0,3950.0,3000.0,950.0,-237.56216374086137,-237.79399999999987,0.23183625913850392
21.0,E75,867.405465933401,954.178,-86.77253406659895,617.2272797674843,681.066,-63.8387202325157,505.45753683654755,336.517,168.94053683654755,0.5624782797168738,0.5853017097391358,4200.0,1450.0,2750.0,4250.0,3400.0,850.0,-250.1781861659167,-273.11199999999997,22.933813834083253
21.0,E76,949.9291859821951,947.3489999999999,2.5801859821951894,683.9259835784135,646.8340000000001,37.09198357841342,545.4996372708265,338.025,207.47463727082652,0.5934731400514054,0.5389113327022131,4750.0,1800.0,2950.0,4800.0,3900.0,900.0,-266.00320240378164,-300.5149999999999,34.51179759621823
21.0,E77,545.9188528408367,602.0139999999999,-56.09514715916316,420.43878305150895,525.13,-104.69121694849105,372.05945080984463,308.27599999999995,63.78345080984468,0.4987230653567938,0.7490862095974103,2150.0,1050.0,1100.0,2300.0,1850.0,450.0,-125.48006978932779,-76.8839999999999,-48.596069789327885
21.0,E78,610.7217969906363,663.877,-53.15520300936362,461.10271320522594,554.318,-93.21528679477404,402.5673505872656,312.88599999999997,89.68135058726563,0.5252053789201575,0.7025108681190076,3600.0,1450.0,2150.0,3650.0,2850.0,800.0,-149.6190837854104,-109.55899999999997,-40.06008378541043
21.0,E79,636.829643846233,694.149,-57.31935615376699,480.46832913787875,559.863,-79.3946708621213,411.74371290297483,314.909,96.83471290297484,0.5417736967594532,0.6630644509736522,3650.0,1550.0,2100.0,3700.0,2950.0,750.0,-156.36131470835426,-134.28599999999994,-22.075314708354313
21.0,E80,665.9880781356592,713.316,-47.32792186434085,501.75582426547817,561.211,-59.455175734521845,423.99223170325234,316.085,107.90723170325236,0.556596508478747,0.6358667809383364,4100.0,1800.0,2300.0,4150.0,3300.0,850.0,-164.232253870181,-152.10500000000002,-12.127253870180994
21.0,E81,712.2237790756052,728.323,-16.099220924394785,539.0564544319664,550.348,-11.291545568033598,442.9783798549061,319.219,123.75937985490611,0.5843576337790319,0.5887110751632099,4300.0,2050.0,2250.0,4400.0,3600.0,800.0,-173.16732464363884,-177.97500000000002,4.807675356361187
22.0,E67,820.0283655004888,966.722,-146.69363449951118,575.3332586584258,763.718,-188.3847413415741,447.6860176734758,326.238,121.44801767347582,0.5334078212489874,0.6975164053140701,2500.0,600.0,1900.0,2550.0,2000.0,550.0,-244.69510684206296,-203.00400000000002,-41.691106842062936
22.0,E68,899.9325547608206,1020.827,-120.89444523917939,624.2267832518066,773.123,-148.8962167481934,505.6154808721382,338.46999999999997,167.14548087213825,0.5437861870762447,0.6584471939208169,3250.0,800.0,2450.0,3300.0,2550.0,750.0,-275.70577150901397,-247.70399999999995,-28.00177150901402
22.0,E69,961.2464361175481,1044.388,-83.1415638824518,663.2558925481617,769.736,-106.48010745183831,559.9832039354336,344.269,215.7142039354336,0.5523304384106392,0.6332055716556044,3300.0,850.0,2450.0,3500.0,2600.0,900.0,-297.99054356938643,-274.65199999999993,-23.338543569386502
22.0,E70,1002.8030081455065,1093.714,-90.91099185449343,690.9523532399871,779.53,-88.57764676001284,568.1118129993266,352.42199999999997,215.68981299932665,0.559037830171366,0.6063429376180907,3950.0,1050.0,2900.0,4000.0,3200.0,800.0,-311.8506549055194,-314.18399999999997,2.333345094480592
22.0,E71,1068.0216088742,1095.307,-27.28539112580006,736.0502146117416,753.444,-17.39378538825838,600.7051893187124,355.88699999999994,244.81818931871248,0.5702210672375699,0.5725157526050101,4200.0,1350.0,2850.0,4250.0,3600.0,650.0,-331.9713942624584,-341.86300000000006,9.891605737541681
22.0,E72,644.8909525795119,771.04,-126.14904742048805,477.16200677640484,652.896,-175.73399322359512,383.52546674995455,309.84499999999997,73.68046674995458,0.5198043803505432,0.7515070187320431,2100.0,700.0,1400.0,2150.0,1750.0,400.0,-167.72894580310708,-118.144,-49.584945803107075
22.0,E73,739.0422766924974,868.132,-129.0897233075026,533.9323396634172,694.575,-160.64266033658282,446.1206884654102,325.051,121.0696884654102,0.5374617560543873,0.6968616710972625,2950.0,800.0,2150.0,3050.0,2250.0,800.0,-205.10993702908013,-173.5569999999999,-31.552937029080226
22.0,E74,834.3543752363279,935.4069999999999,-101.05262476367204,595.228714518518,697.613,-102.38428548148204,490.3167287655872,333.92699999999996,156.38972876558722,0.5561525177072544,0.6283359565120218,3850.0,1150.0,2700.0,3900.0,3000.0,900.0,-239.12566071780986,-237.79399999999987,-1.3316607178099957
22.0,E75,891.4390744968916,954.178,-62.73892550310836,634.3073012838612,681.066,-46.75869871613884,514.6051739596276,336.517,178.08817395962757,0.5684557775239917,0.5853017097391358,4150.0,1450.0,2700.0,4200.0,3400.0,800.0,-257.13177321303044,-273.11199999999997,15.980226786969524
22.0,E76,980.0938731196803,947.3489999999999,32.74487311968039,697.9738667687021,646.8340000000001,51.13986676870206,557.4014516352464,338.025,219.37645163524644,0.5878426482468345,0.5389113327022131,4700.0,1800.0,2900.0,4750.0,3900.0,850.0,-282.1200063509782,-300.5149999999999,18.39499364902167
22.0,E77,551.7495076225744,602.0139999999999,-50.26449237742554,430.7368264665598,525.13,-94.39317353344018,373.65518526948694,308.27599999999995,65.37918526948698,0.527573808644842,0.7490862095974103,2150.0,1050.0,1100.0,2250.0,1850.0,400.0,-121.01268115601454,-76.8839999999999,-44.128681156014636
22.0,E78,621.350756678273,663.877,-42.52624332172695,473.0481626469314,554.318,-81.26983735306857,406.4358039146275,312.88599999999997,93.54980391462755,0.5447387904139477,0.7025108681190076,3600.0,1450.0,2150.0,3600.0,2850.0,750.0,-148.30259403134158,-109.55899999999997,-38.743594031341615
22.0,E79,650.4543468911155,694.149,-43.694653108884495,492.6597871736084,559.863,-67.20321282639168,416.38600232779646,314.909,101.47700232779647,0.5553283431452194,0.6630644509736522,3650.0,1550.0,2100.0,3700.0,2950.0,750.0,-157.79455971750713,-134.28599999999994,-23.508559717507183
22.0,E80,682.4665653964075,713.316,-30.8494346035925,514.0959888430037,561.211,-47.115011156996275,429.80938040373366,316.085,113.72438040373368,0.5647861014996612,0.6358667809383364,4050.0,1800.0,2250.0,4100.0,3300.0,800.0,-168.3705765534038,-152.10500000000002,-16.265576553403776
22.0,E81,732.8691717716403,728.323,4.5461717716402745,550.2749222757412,550.348,-0.07307772425872372,450.1190515134993,319.219,130.9000515134993,0.5824233078158266,0.5887110751632099,4300.0,2050.0,2250.0,4350.0,3600.0,750.0,-182.59424949589902,-177.97500000000002,-4.619249495898998
23.0,E67,816.4900634215788,966.722,-150.23193657842114,577.0301735771701,763.718,-186.68782642282986,446.8106950227105,326.238,120.57269502271049,0.5402888493415109,0.6975164053140701,2500.0,600.0,1900.0,2550.0,2000.0,550.0,-239.45988984440874,-203.00400000000002,-36.455889844408716
23.0,E68,897.2882941455163,1020.827,-123.53870585448374,625.6106086141488,773.123,-147.5123913858513,504.77328144741864,338.46999999999997,166.30328144741867,0.5484758717652451,0.6584471939208169,3250.0,800.0,2450.0,3250.0,2550.0,700.0,-271.6776855313675,-247.70399999999995,-23.97368553136755
23.0,E69,959.6396208963996,1044.388,-84.74837910360031,664.2657164581279,769.736,-105.47028354187205,559.4436853581071,344.269,215.17468535810713,0.5551876642317359,0.6332055716556044,3300.0,850.0,2450.0,3500.0,2600.0,900.0,-295.37390443827167,-274.65199999999993,-20.721904438271736
23.0,E70,1001.9703039427563,1093.714,-91.7436960572436,691.4838098317575,779.53,-88.04619016824245,567.768196739525,352.42199999999997,215.34619673952506,0.5604492243283645,0.6063429376180907,3950.0,1050.0,2900.0,4000.0,3200.0,800.0,-310.4864941109988,-314.18399999999997,3.6975058890011496
23.0,E71,1068.4080000544252,1095.307,-26.898999945574815,735.4924253459675,753.444,-17.95157465403247,600.7839225818541,355.88699999999994,244.89692258185414,0.5692141992404186,0.5725157526050101,4200.0,1350.0,2850.0,4250.0,3600.0,650.0,-332.9155747084577,-341.86300000000006,8.947425291542345
23.0,E72,655.8719805658445,771.04,-115.16801943415544,486.4915565236473,652.896,-166.40444347635264,386.4300101337896,309.84499999999997,76.58501013378964,0.5298566280690903,0.7515070187320431,2100.0,700.0,1400.0,2100.0,1750.0,350.0,-169.3804240421972,-118.144,-51.2364240421972
23.0,E73,754.1175770056975,868.132,-114.01442299430244,544.9974213132551,694.575,-149.5775786867449,451.00603780242346,325.051,125.95503780242348,0.5439231688686569,0.6968616710972625,2950.0,800.0,2150.0,3000.0,2250.0,750.0,-209.12015569244238,-173.5569999999999,-35.56315569244248
23.0,E74,854.2042865325302,935.4069999999999,-81.20271346746972,607.680534663402,697.613,-89.93246533659806,497.68561859335085,333.92699999999996,163.7586185933509,0.5586806704246212,0.6283359565120218,3850.0,1150.0,2700.0,3850.0,3000.0,850.0,-246.5237518691282,-237.79399999999987,-8.729751869128336
23.0,E75,913.8364671351036,954.178,-40.34153286489641,646.9736857185345,681.066,-34.09231428146552,523.0856287698598,336.517,186.5686287698598,0.5683497621019891,0.5853017097391358,4150.0,1450.0,2700.0,4200.0,3400.0,800.0,-266.8627814165691,-273.11199999999997,6.249218583430888
23.0,E76,1005.5118426815815,947.3489999999999,58.16284268158154,709.8772280954025,646.8340000000001,63.04322809540247,567.5425686423544,338.025,229.51756864235438,0.5835626849175551,0.5389113327022131,4700.0,1800.0,2900.0,4700.0,3900.0,800.0,-295.63461458617894,-300.5149999999999,4.880385413820932
23.0,E77,549.9583333089867,602.0139999999999,-52.05566669101324,431.7621081876218,525.13,-93.36789181237822,373.313466864608,308.27599999999995,65.03746686460806,0.5353197427297564,0.7490862095974103,2150.0,1050.0,1100.0,2250.0,1850.0,400.0,-118.19622512136488,-76.8839999999999,-41.312225121364975
23.0,E78,620.0812228388334,663.877,-43.7957771611666,473.7729638593635,554.318,-80.54503614063651,406.05744154439554,312.88599999999997,93.17144154439558,0.5491037789274569,0.7025108681190076,3600.0,1450.0,2150.0,3600.0,2850.0,750.0,-146.30825897946988,-109.55899999999997,-36.749258979469914
23.0,E79,649.8207531051236,694.149,-44.32824689487643,493.09686534777654,559.863,-66.76613465222351,416.1930056181515,314.909,101.28400561815153,0.5575555596485479,0.6630644509736522,3650.0,1550.0,2100.0,3700.0,2950.0,750.0,-156.72388775734703,-134.28599999999994,-22.437887757347085
23.0,E80,682.3240285383936,713.316,-30.991971461606454,514.1369577366895,561.211,-47.0740422633105,429.74521607929415,316.085,113.66021607929417,0.5651002043039193,0.6358667809383364,4100.0,1800.0,2300.0,4100.0,3300.0,800.0,-168.18707080170407,-152.10500000000002,-16.08207080170405
23.0,E81,733.5010113531191,728.323,5.178011353119132,549.2060458233426,550.348,-1.1419541766573502,450.2775442709949,319.219,131.0585442709949,0.5791420457230803,0.5887110751632099,4300.0,2050.0,2250.0,4350.0,3600.0,750.0,-184.2949655297765,-177.97500000000002,-6.319965529776482
24.0,E67,828.1379971196617,966.722,-138.5840028803383,596.2725709829099,763.718,-167.44542901709008,450.7817364154293,326.238,124.5437364154293,0.5646046730934059,0.6975164053140701,2450.0,600.0,1850.0,2500.0,2000.0,500.0,-231.8654261367518,-203.00400000000002,-28.86142613675179
24.0,E68,913.34037761853,1020.827,-107.48662238146994,646.1639996824504,773.123,-126.95900031754968,510.9918949791295,338.46999999999997,172.5218949791295,0.5674954679876809,0.6584471939208169,3200.0,800.0,2400.0,3200.0,2550.0,650.0,-267.1763779360797,-247.70399999999995,-19.472377936079738
24.0,E69,979.0951549121867,1044.388,-65.29284508781325,685.0424081452475,769.736,-84.69359185475253,566.6599733825323,344.269,222.39097338253225,0.5697820471473388,0.6332055716556044,3250.0,850.0,2400.0,3450.0,2600.0,850.0,-294.0527467669392,-274.65199999999993,-19.400746766939278
24.0,E70,1025.0385370832275,1093.714,-68.6754629167724,712.5201879125586,779.53,-67.00981208744133,577.2870564445882,352.42199999999997,224.86505644458822,0.5715643245982486,0.6063429376180907,3900.0,1050.0,2850.0,3900.0,3200.0,700.0,-312.5183491706689,-314.18399999999997,1.6656508293310708
24.0,E71,1095.8786034363654,1095.307,0.5716034363654217,755.3695556185006,753.444,1.9255556185006526,612.2150950252909,355.88699999999994,256.32809502529096,0.574512931644556,0.5725157526050101,4150.0,1350.0,2800.0,4200.0,3600.0,600.0,-340.5090478178648,-341.86300000000006,1.353952182135231
24.0,E72,661.7188000461268,771.04,-109.32119995387313,500.80350092251587,652.896,-152.0924990774841,388.41408302038064,309.84499999999997,78.56908302038067,0.5604857765433224,0.7515070187320431,2050.0,700.0,1350.0,2100.0,1750.0,350.0,-160.91529912361096,-118.144,-42.77129912361096
24.0,E73,765.6103765377188,868.132,-102.52162346228113,561.6250139057208,694.575,-132.9499860942792,455.08994729752635,325.051,130.03894729752636,0.5660000186917886,0.6968616710972625,2900.0,800.0,2100.0,2950.0,2250.0,700.0,-203.985362631998,-173.5569999999999,-30.428362631998084
24.0,E74,873.349268680357,935.4069999999999,-62.057731319642926,625.7518102970772,697.613,-71.86118970292284,505.0389430395087,333.92699999999996,171.11194303950873,0.5714462748843153,0.6283359565120218,3800.0,1150.0,2650.0,3800.0,3000.0,800.0,-247.5974583832798,-237.79399999999987,-9.803458383279917
24.0,E75,937.5961490488589,954.178,-16.581850951141064,664.6832446026395,681.066,-16.382755397360484,532.2422899907789,336.517,195.7252899907789,0.5749007923923944,0.5853017097391358,4100.0,1450.0,2650.0,4150.0,3400.0,750.0,-272.9129044462194,-273.11199999999997,0.1990955537805803
24.0,E76,1034.8747888893001,947.3489999999999,87.5257888893002,724.5547626241107,646.8340000000001,77.72076262411065,579.3207190282651,338.025,241.29571902826513,0.5802383749509861,0.5389113327022131,4650.0,1800.0,2850.0,4650.0,3900.0,750.0,-310.3200262651894,-300.5149999999999,-9.805026265189554
24.0,E77,555.9409736849007,602.0139999999999,-46.07302631509924,441.88348471426843,525.13,-83.24651528573156,374.92815944723634,308.27599999999995,66.65215944723639,0.5618952670154305,0.7490862095974103,2100.0,1050.0,1050.0,2200.0,1850.0,350.0,-114.05748897063222,-76.8839999999999,-37.17348897063232
24.0,E78,630.5254516899064,663.877,-33.35154831009356,485.70809986919454,554.318,-68.60990013080544,409.86521294888064,312.88599999999997,96.97921294888067,0.5676157595024746,0.7025108681190076,3550.0,1450.0,2100.0,3600.0,2850.0,750.0,-144.81735182071185,-109.55899999999997,-35.25835182071188
24.0,E79,663.0802044793911,694.149,-31.068795520608887,505.41360596292054,559.863,-54.449394037079514,420.73381466684435,314.909,105.82481466684436,0.5709544663806634,0.6630644509736522,3600.0,1550.0,2050.0,3650.0,2950.0,700.0,-157.66659851647057,-134.28599999999994,-23.380598516470627
24.0,E80,698.2913122818557,713.316,-15.024687718144378,526.7095498092816,561.211,-34.5014501907184,435.41626722742734,316.085,119.33126722742736,0.5739145467792636,0.6358667809383364,4050.0,1800.0,2250.0,4100.0,3300.0,800.0,-171.58176247257404,-152.10500000000002,-19.476762472574023
24.0,E81,753.4835382188891,728.323,25.160538218889087,560.8535902613147,550.348,10.505590261314751,457.23550775978697,319.219,138.01650775978698,0.579305455448805,0.5887110751632099,4300.0,2050.0,2250.0,4350.0,3600.0,750.0,-192.62994795757436,-177.97500000000002,-14.654947957574336
25.0,E67,850.7596898172967,966.722,-115.96231018270328,634.2463552905807,763.718,-129.47164470941925,458.4884884614953,326.238,132.2504884614953,0.6099995037518342,0.6975164053140701,2400.0,600.0,1800.0,2400.0,2000.0,400.0,-216.513334526716,-203.00400000000002,-13.509334526715975
25.0,E68,944.3439366327483,1020.827,-76.4830633672517,686.70888758268,773.123,-86.4141124173201,523.0332003110358,338.46999999999997,184.5632003110358,0.6028721961831505,0.6584471939208169,3150.0,800.0,2350.0,3100.0,2550.0,550.0,-257.63504905006835,-247.70399999999995,-9.931049050068395
25.0,E69,1016.6810806437176,1044.388,-27.706919356282356,725.9417317958527,769.736,-43.79426820414733,580.671950329595,344.269,236.402950329595,0.5968018711681334,0.6332055716556044,3200.0,850.0,2350.0,3300.0,2600.0,700.0,-290.7393488478649,-274.65199999999993,-16.087348847864973
25.0,E70,1069.4220293328244,1093.714,-24.29197066717552,753.6572092107718,779.53,-25.872790789228134,595.6967214365911,352.42199999999997,243.27472143659116,0.5919423432814581,0.6063429376180907,3850.0,1050.0,2800.0,3800.0,3200.0,600.0,-315.7648201220526,-314.18399999999997,-1.5808201220526144
25.0,E71,1148.591079702175,1095.307,53.28407970217495,793.6043470526891,753.444,40.16034705268919,634.3061435377549,355.88699999999994,278.41914353775496,0.5838339828343854,0.5725157526050101,4050.0,1350.0,2700.0,4050.0,3600.0,450.0,-354.9867326494858,-341.86300000000006,-13.12373264948576
25.0,E72,673.28197141531,771.04,-97.75802858469001,529.0150163413082,652.896,-123.88098365869178,392.28230736664415,309.84499999999997,82.43730736664418,0.6180220343124847,0.7515070187320431,2000.0,700.0,1300.0,2000.0,1750.0,250.0,-144.26695507400177,-118.144,-26.122955074001766
25.0,E73,787.9033545107052,868.132,-80.22864548929476,594.5727229195404,694.575,-100.00227708045963,463.0241099659204,325.051,137.9731099659204,0.6072952897631733,0.6968616710972625,2850.0,800.0,2050.0,2850.0,2250.0,600.0,-193.33063159116477,-173.5569999999999,-19.77363159116487
25.0,E74,910.3990405554932,935.4069999999999,-25.007959444506696,661.395838254842,697.613,-36.21716174515802,519.3329049141424,333.92699999999996,185.40590491414247,0.5949857175328322,0.6283359565120218,3750.0,1150.0,2600.0,3700.0,3000.0,700.0,-249.0032023006512,-237.79399999999987,-11.209202300651327
25.0,E75,983.6030018997928,954.178,29.425001899792846,699.1645879571208,681.066,18.0985879571208,550.0791856292014,336.517,213.56218562920145,0.5865750784409266,0.5853017097391358,4050.0,1450.0,2600.0,4050.0,3400.0,650.0,-284.438413942672,-273.11199999999997,-11.326413942672048
25.0,E76,1091.501703343252,947.3489999999999,144.15270334325214,751.6484496482093,646.8340000000001,104.81444964820923,602.2359261077986,338.025,264.2109261077986,0.5729970192782567,0.5389113327022131,4550.0,1800.0,2750.0,4500.0,3900.0,600.0,-339.8532536950428,-300.5149999999999,-39.33825369504291
25.0,E77,567.5628003104118,602.0139999999999,-34.451199689588066,462.0863855019941,525.13,-63.04361449800592,378.0697314774837,308.27599999999995,69.79373147748373,0.6121688737364895,0.7490862095974103,2100.0,1050.0,1050.0,2150.0,1850.0,300.0,-105.47641480841776,-76.8839999999999,-28.592414808417857
25.0,E78,650.7790486874059,663.877,-13.097951312594091,509.5625774896655,554.318,-44.75542251033448,417.2676501075375,312.88599999999997,104.38165010753755,0.6024098928712137,0.7025108681190076,3500.0,1450.0,2050.0,3500.0,2850.0,650.0,-141.21647119774036,-109.55899999999997,-31.657471197740392
25.0,E79,688.937220415486,694.149,-5.211779584514034,530.005719317499,559.863,-29.857280682501028,429.6142778153603,314.909,114.70527781536032,0.5959429092016126,0.6630644509736522,3600.0,1550.0,2050.0,3600.0,2950.0,650.0,-158.93150109798694,-134.28599999999994,-24.645501097986994
25.0,E80,729.5388218191092,713.316,16.222821819109186,551.6563801749722,561.211,-9.554619825027771,446.54517653632206,316.085,130.46017653632208,0.5900767277472496,0.6358667809383364,4050.0,1800.0,2250.0,4000.0,3300.0,700.0,-177.88244164413697,-152.10500000000002,-25.777441644136957
25.0,E81,792.8043635457784,728.323,64.48136354577844,583.3779120089154,550.348,33.0299120089154,470.9704864730681,319.219,151.7514864730681,0.5787937023907762,0.5887110751632099,4300.0,2050.0,2250.0,4300.0,3600.0,700.0,-209.42645153686306,-177.97500000000002,-31.451451536863033
26.0,E67,839.5531392058231,966.722,-127.16886079417691,615.3454935664936,763.718,-148.37250643350637,454.67185931638966,326.238,128.43385931638966,0.5878196022439026,0.6975164053140701,2450.0,600.0,1850.0,2450.0,2000.0,450.0,-224.20764563932948,-203.00400000000002,-21.203645639329466
26.0,E68,929.0034527666036,1020.827,-91.82354723339643,666.5385817004257,773.123,-106.5844182995744,517.0719481279324,338.46999999999997,178.60194812793242,0.5856289681123243,0.6584471939208169,3150.0,800.0,2350.0,3150.0,2550.0,600.0,-262.4648710661779,-247.70399999999995,-14.76087106617797
26.0,E69,998.0753223148217,1044.388,-46.31267768517819,705.6205638485085,769.736,-64.11543615149151,573.7265976774493,344.269,229.45759767744926,0.5836808546322768,0.6332055716556044,3250.0,850.0,2400.0,3350.0,2600.0,750.0,-292.45475846631325,-274.65199999999993,-17.80275846631332
26.0,E70,1047.4757972209277,1093.714,-46.23820277907225,733.2742881342997,779.53,-46.25571186570028,586.5814970233904,352.42199999999997,234.15949702339043,0.5821109357824211,0.6063429376180907,3850.0,1050.0,2800.0,3850.0,3200.0,650.0,-314.201509086628,-314.18399999999997,-0.017509086628024306
26.0,E71,1122.545699094925,1095.307,27.238699094925096,774.793987895423,753.444,21.349987895423055,623.3692447929739,355.88699999999994,267.4822447929739,0.5794755683096909,0.5725157526050101,4100.0,1350.0,2750.0,4100.0,3600.0,500.0,-347.7517111995021,-341.86300000000006,-5.8887111995020405
26.0,E72,667.5222415263991,771.04,-103.5177584736009,514.9750467003086,652.896,-137.9209532996914,390.36383593289196,309.84499999999997,80.51883593289199,0.589843366487681,0.7515070187320431,2050.0,700.0,1350.0,2050.0,1750.0,300.0,-152.5471948260905,-118.144,-34.4031948260905
26.0,E73,776.8607666849765,868.132,-91.27123331502344,578.1547028146975,694.575,-116.4202971853025,459.0926952635897,325.051,134.0416952635897,0.5871152359468785,0.6968616710972625,2850.0,800.0,2050.0,2900.0,2250.0,650.0,-198.70606387027897,-173.5569999999999,-25.149063870279065
26.0,E74,892.0477780192434,935.4069999999999,-43.3592219807565,643.6792402418057,697.613,-53.933759758194356,512.2448940644006,333.92699999999996,178.3178940644006,0.5835885150259466,0.6283359565120218,3800.0,1150.0,2650.0,3750.0,3000.0,750.0,-248.36853777743772,-237.79399999999987,-10.574537777437854
26.0,E75,960.8067385130844,954.178,6.628738513084386,682.1229551235892,681.066,1.056955123589205,541.2266065250756,336.517,204.70960652507557,0.5810581442263878,0.5853017097391358,4100.0,1450.0,2650.0,4100.0,3400.0,700.0,-278.68378338949515,-273.11199999999997,-5.571783389495181
26.0,E76,1063.4815970336253,947.3489999999999,116.13259703362542,738.5652163040502,646.8340000000001,91.73121630405012,590.8672050779916,338.025,252.8422050779916,0.576867663295916,0.5389113327022131,4600.0,1800.0,2800.0,4600.0,3900.0,700.0,-324.91638072957517,-300.5149999999999,-24.401380729575294
26.0,E77,561.8042979053594,602.0139999999999,-40.209702094640534,451.9938733615663,525.13,-73.13612663843372,376.51251032286586,308.27599999999995,68.23651032286591,0.5874987729147098,0.7490862095974103,2100.0,1050.0,1050.0,2150.0,1850.0,300.0,-109.81042454379309,-76.8839999999999,-32.92642454379319
26.0,E78,640.7439602725569,663.877,-23.13303972744302,497.6465522939151,554.318,-56.671447706084905,413.5979086140892,312.88599999999997,100.71190861408923,0.5854003104494115,0.7025108681190076,3550.0,1450.0,2100.0,3550.0,2850.0,700.0,-143.09740797864185,-109.55899999999997,-33.538407978641885
26.0,E79,676.0996435857234,694.149,-18.049356414276645,517.7328630362038,559.863,-42.1301369637963,425.20244198525603,314.909,110.29344198525604,0.583794753007838,0.6630644509736522,3600.0,1550.0,2050.0,3650.0,2950.0,700.0,-158.3667805495196,-134.28599999999994,-24.08078054951966
26.0,E80,714.0042709835216,713.316,0.6882709835215337,539.2416713096304,561.211,-21.969328690369593,441.00917753757057,316.085,124.92417753757059,0.582313622443833,0.6358667809383364,4050.0,1800.0,2250.0,4050.0,3300.0,750.0,-174.76259967389115,-152.10500000000002,-22.657599673891127
26.0,E81,773.2195521852695,728.323,44.89655218526957,572.2951217516547,550.348,21.947121751654777,464.12422826455145,319.219,144.90522826455145,0.5793229398582999,0.5887110751632099,4300.0,2050.0,2250.0,4300.0,3600.0,700.0,-200.92443043361482,-177.97500000000002,-22.949430433614793
27.0,E67,839.5657878763361,966.722,-127.15621212366386,615.3394897940258,763.718,-148.37851020597418,454.67502763831465,326.238,128.43702763831465,0.5877948969042902,0.6975164053140701,2450.0,600.0,1850.0,2450.0,2000.0,450.0,-224.22629808231034,-203.00400000000002,-21.222298082310317
27.0,E68,929.0132042462503,1020.827,-91.81379575374967,666.5334058200863,773.123,-106.58959417991377,517.0750761228754,338.46999999999997,178.60507612287546,0.5856117809194223,0.6584471939208169,3150.0,800.0,2350.0,3150.0,2550.0,600.0,-262.47979842616405,-247.70399999999995,-14.775798426164101
27.0,E69,998.0815747041655,1044.388,-46.3064252958344,705.6165584264413,769.736,-64.11944157355867,573.7286523831999,344.269,229.4596523831999,0.5836699578336918,0.6332055716556044,3250.0,850.0,2400.0,3350.0,2600.0,750.0,-292.4650162777242,-274.65199999999993,-17.813016277724273
27.0,E70,1047.4792686172752,1093.714,-46.2347313827247,733.271872583053,779.53,-46.25812741694699,586.5829043877576,352.42199999999997,234.16090438775763,0.5821050355303359,0.6063429376180907,3850.0,1050.0,2800.0,3850.0,3200.0,650.0,-314.20739603422226,-314.18399999999997,-0.0233960342222872
27.0,E71,1122.5448005084604,1095.307,27.237800508460396,774.795494581439,753.444,21.351494581439056,623.3691275601454,355.88699999999994,267.4821275601455,0.5794780199727448,0.5725157526050101,4100.0,1350.0,2750.0,4100.0,3600.0,500.0,-347.7493059270214,-341.86300000000006,-5.88630592702134
27.0,E72,667.5348725277573,771.04,-103.50512747224263,514.9699440937475,652.896,-137.9260559062525,390.36648673846764,309.84499999999997,80.52148673846767,0.5898096163546569,0.7515070187320431,2050.0,700.0,1350.0,2050.0,1750.0,300.0,-152.56492843400986,-118.144,-34.42092843400985
27.0,E73,776.8703317288783,868.132,-91.26166827112161,578.1499908548736,694.575,-116.42500914512641,459.09537195100086,325.051,134.04437195100087,0.5870937766978208,0.6968616710972625,2850.0,800.0,2050.0,2900.0,2250.0,650.0,-198.7203408740047,-173.5569999999999,-25.163340874004803
27.0,E74,892.0516901950501,935.4069999999999,-43.3553098049498,643.6767096912388,697.613,-53.93629030876127,512.2462790182562,333.92699999999996,178.31927901825628,0.5835804445730084,0.6283359565120218,3800.0,1150.0,2650.0,3750.0,3000.0,750.0,-248.37498050381134,-237.79399999999987,-10.580980503811475
27.0,E75,960.806698839987,954.178,6.62869883998701,682.123521594738,681.066,1.0575215947379775,541.2267619672683,336.517,204.70976196726832,0.5810590304498032,0.5853017097391358,4100.0,1450.0,2650.0,4100.0,3400.0,700.0,-278.683177245249,-273.11199999999997,-5.571177245249032
27.0,E76,1063.4767871640356,947.3489999999999,116.12778716403568,738.5741055359837,646.8340000000001,91.74010553598362,590.8657178903945,338.025,252.84071789039456,0.576882853050288,0.5389113327022131,4600.0,1800.0,2800.0,4600.0,3900.0,700.0,-324.90268162805194,-300.5149999999999,-24.387681628052064
27.0,E77,561.8108119172236,602.0139999999999,-40.20318808277625,451.9902173862984,525.13,-73.13978261370158,376.5137716101253,308.27599999999995,68.23777161012532,0.5874706640149502,0.7490862095974103,2100.0,1050.0,1050.0,2150.0,1850.0,300.0,-109.82059453092523,-76.8839999999999,-32.93659453092533
27.0,E78,640.7488368341067,663.877,-23.128163165893284,497.64378017600944,554.318,-56.67421982399054,413.59937379920126,312.88599999999997,100.71337379920129,0.5853840078421156,0.7025108681190076,3550.0,1450.0,2100.0,3550.0,2850.0,700.0,-143.10505665809723,-109.55899999999997,-33.54605665809726
27.0,E79,676.1022574894448,694.149,-18.04674251055519,517.7310254368435,559.863,-42.13197456315652,425.20324054960673,314.909,110.29424054960674,0.583785913204941,0.6630644509736522,3600.0,1550.0,2050.0,3650.0,2950.0,700.0,-158.37123205260127,-134.28599999999994,-24.085232052601327
27.0,E80,714.005079983818,713.316,0.6890799838179191,539.2412474961282,561.211,-21.96975250387186,441.0095068095171,316.085,124.92450680951714,0.5823114836047975,0.6358667809383364,4050.0,1800.0,2250.0,4050.0,3300.0,750.0,-174.7638324876898,-152.10500000000002,-22.65883248768978
27.0,E81,773.2174017858332,728.323,44.894401785833224,572.2988991625351,550.348,21.950899162535165,464.12369947797816,319.219,144.90469947797817,0.5793334569909476,0.5887110751632099,4300.0,2050.0,2250.0,4300.0,3600.0,700.0,-200.91850262329808,-177.97500000000002,-22.94350262329806
28.0,E67,825.2449793771289,966.722,-141.47702062287112,640.6026447482755,763.718,-123.11535525172451,460.9793914578239,326.238,134.7413914578239,0.6513860329270735,0.6975164053140701,2000.0,600.0,1400.0,1950.0,2000.0,-50.0,-184.6423346288534,-203.00400000000002,18.361665371146614
28.0,E68,920.1111941345548,1020.827,-100.71580586544519,688.745165414184,773.123,-84.377834585816,524.5451582381781,338.46999999999997,186.07515823817818,0.6295257956223073,0.6584471939208169,2600.0,800.0,1800.0,2550.0,2550.0,0.0,-231.36602872037076,-247.70399999999995,16.337971279629187
28.0,E69,1000.3780103662024,1044.388,-44.009989633797545,725.935023428648,769.736,-43.80097657135195,585.3333963492186,344.269,241.06439634921855,0.6105976575655796,0.6332055716556044,2700.0,850.0,1850.0,2750.0,2600.0,150.0,-274.44298693755434,-274.65199999999993,0.20901306244559237
28.0,E70,1056.2337553935315,1093.714,-37.48024460646843,748.6121422530159,779.53,-30.917857746984055,601.0326533408142,352.42199999999997,248.61065334081428,0.5955730309031281,0.6063429376180907,3250.0,1050.0,2200.0,3100.0,3200.0,-100.0,-307.6216131405156,-314.18399999999997,6.562386859484377
28.0,E71,1145.476533005042,1095.307,50.16953300504201,780.1417596068347,753.444,26.69775960683478,644.61714694452,355.88699999999994,288.73014694452,0.5701329552278033,0.5725157526050101,3450.0,1350.0,2100.0,3350.0,3600.0,-250.0,-365.3347733982073,-341.86300000000006,-23.471773398207233
28.0,E72,649.3184018366981,771.04,-121.7215981633019,535.003344938466,652.896,-117.89265506153401,393.20610593066107,309.84499999999997,83.3611059306611,0.6768208553856391,0.7515070187320431,1650.0,700.0,950.0,1600.0,1750.0,-150.0,-114.31505689823211,-118.144,3.8289431017678908
28.0,E73,767.8172747247494,868.132,-100.31472527525057,598.9406209401682,694.575,-95.63437905983187,464.8907083996739,325.051,139.8397083996739,0.6423766186100361,0.6968616710972625,2400.0,800.0,1600.0,2350.0,2250.0,100.0,-168.8766537845812,-173.5569999999999,4.6803462154186946
28.0,E74,902.3318664722773,935.4069999999999,-33.07513352772264,661.3716613334444,697.613,-36.241338666555635,526.0936441311645,333.92699999999996,192.16664413116456,0.6028568397873622,0.6283359565120218,3200.0,1150.0,2050.0,3150.0,3000.0,150.0,-240.96020513883286,-237.79399999999987,-3.166205138832993
28.0,E75,986.9180205261287,954.178,32.74002052612866,693.6335558753046,681.066,12.567555875304606,562.3382955619696,336.517,225.82129556196963,0.5757616502591375,0.5853017097391358,3500.0,1450.0,2050.0,3400.0,3400.0,0.0,-293.284464650824,-273.11199999999997,-20.172464650824054
28.0,E76,1106.7255314692723,947.3489999999999,159.37653146927232,727.4892178834872,646.8340000000001,80.65521788348713,620.8472413118627,338.025,282.82224131186274,0.5324578455636461,0.5389113327022131,3950.0,1800.0,2150.0,3800.0,3900.0,-100.0,-379.23631358578507,-300.5149999999999,-78.7213135857852
28.0,E77,559.1579077925888,602.0139999999999,-42.85609220741105,469.5209176810094,525.13,-55.6090823189906,381.07952560024717,308.27599999999995,72.80352560024721,0.6598989927477127,0.7490862095974103,1750.0,1050.0,700.0,1800.0,1850.0,-50.0,-89.63699011157945,-76.8839999999999,-12.75299011157955
28.0,E78,642.4503166189365,663.877,-21.426683381063413,513.0856449410903,554.318,-41.23235505890966,420.61241202694987,312.88599999999997,107.7264120269499,0.6270324127026935,0.7025108681190076,3000.0,1450.0,1550.0,2950.0,2850.0,100.0,-129.36467167784622,-109.55899999999997,-19.80567167784625
28.0,E79,690.0784122512691,694.149,-4.070587748730873,534.2617581682422,559.863,-25.601241831757875,437.0843778021465,314.909,122.1753778021465,0.6050078806352047,0.6630644509736522,3150.0,1550.0,1600.0,3100.0,2950.0,150.0,-155.81665408302695,-134.28599999999994,-21.530654083027002
28.0,E80,736.5086614874662,713.316,23.192661487466125,553.6095373972213,561.211,-7.601462602778724,456.6410511096435,316.085,140.55605110964353,0.5851787219814276,0.6358667809383364,3600.0,1800.0,1800.0,3500.0,3300.0,200.0,-182.89912409024487,-152.10500000000002,-30.79412409024485
28.0,E81,813.9916009527998,728.323,85.6686009527998,579.2166541427176,550.348,28.868654142717673,487.2663711691085,319.219,168.0473711691085,0.5471106387529298,0.5887110751632099,3850.0,2050.0,1800.0,3800.0,3600.0,200.0,-234.77494681008216,-177.97500000000002,-56.79994681008213
29.0,E67,828.3291924149755,966.722,-138.39280758502446,549.8460372795071,763.718,-213.8719627204929,458.83275828501513,326.238,132.59475828501513,0.47725389633550575,0.6975164053140701,2200.0,600.0,1600.0,2250.0,2000.0,250.0,-278.48315513546845,-203.00400000000002,-75.47915513546843
29.0,E68,897.6069567772498,1020.827,-123.22004322275018,592.606355475895,773.123,-180.516644524105,513.7523689791509,338.46999999999997,175.28236897915093,0.49336202083417097,0.6584471939208169,2800.0,800.0,2000.0,2850.0,2550.0,300.0,-305.0006013013548,-247.70399999999995,-57.296601301354826
29.0,E69,953.7603108683419,1044.388,-90.62768913165803,629.264715069921,769.736,-140.47128493007904,566.7133618848077,344.269,222.44436188480768,0.5069672169919607,0.6332055716556044,2800.0,850.0,1950.0,3100.0,2600.0,500.0,-324.49559579842094,-274.65199999999993,-49.843595798421006
29.0,E70,987.8469076515032,1093.714,-105.86709234849673,653.9139890556665,779.53,-125.61601094433342,571.8792224325641,352.42199999999997,219.45722243256415,0.5176114907443848,0.6063429376180907,3400.0,1050.0,2350.0,3450.0,3200.0,250.0,-333.93291859583667,-314.18399999999997,-19.7489185958367
29.0,E71,1046.220265911274,1095.307,-49.08673408872596,697.6449203393914,753.444,-55.79907966060853,602.6910872752073,355.88699999999994,246.8040872752074,0.5356181645521753,0.5725157526050101,3600.0,1350.0,2250.0,3650.0,3600.0,50.0,-348.5753455718826,-341.86300000000006,-6.712345571882565
29.0,E72,672.4276562034141,771.04,-98.61234379658583,468.0455943816129,652.896,-184.85040561838707,396.5557970287698,309.84499999999997,86.71079702876983,0.45762744928049137,0.7515070187320431,1850.0,700.0,1150.0,1900.0,1750.0,150.0,-204.38206182180124,-118.144,-86.23806182180124
29.0,E73,761.0148215487324,868.132,-107.11717845126759,521.0503649177574,694.575,-173.52463508224264,460.24337693983824,325.051,135.19237693983825,0.48440957541572444,0.6968616710972625,2550.0,800.0,1750.0,2700.0,2250.0,450.0,-239.96445663097495,-173.5569999999999,-66.40745663097505
29.0,E74,849.2253921548249,935.4069999999999,-86.181607845175,579.9020383299326,697.613,-117.71096167006749,504.4309478953925,333.92699999999996,170.5039478953925,0.5135295730642342,0.6283359565120218,3350.0,1150.0,2200.0,3400.0,3000.0,400.0,-269.32335382489237,-237.79399999999987,-31.529353824892496
29.0,E75,903.1346204152317,954.178,-51.04337958476833,619.4443226865504,681.066,-61.621677313449595,528.9706562079785,336.517,192.45365620797855,0.5330482341380705,0.5853017097391358,3600.0,1450.0,2150.0,3700.0,3400.0,300.0,-283.69029772868123,-273.11199999999997,-10.578297728681264
29.0,E76,985.4539053912013,947.3489999999999,38.10490539120133,684.672738762348,646.8340000000001,37.83873876234793,571.177795162382,338.025,233.15279516238206,0.5639942134607266,0.5389113327022131,4050.0,1800.0,2250.0,4100.0,3900.0,200.0,-300.78116662885327,-300.5149999999999,-0.2661666288533979
29.0,E77,561.9371992217973,602.0139999999999,-40.076800778202596,420.718035668737,525.13,-104.411964331263,380.2677947083481,308.27599999999995,71.99179470834815,0.46977702131086513,0.7490862095974103,1900.0,1050.0,850.0,2050.0,1850.0,200.0,-141.2191635530603,-76.8839999999999,-64.3351635530604
29.0,E78,623.1793713153171,663.877,-40.697628684682854,457.9115274717226,554.318,-96.40647252827739,412.26542730056906,312.88599999999997,99.37942730056909,0.49549071371181824,0.7025108681190076,3200.0,1450.0,1750.0,3250.0,2850.0,400.0,-165.2678438435945,-109.55899999999997,-55.708843843594536
29.0,E79,652.3145467464223,694.149,-41.83445325357775,478.25595402664356,559.863,-81.60704597335649,423.03143016937275,314.909,108.12243016937276,0.5120534937127236,0.6630644509736522,3250.0,1550.0,1700.0,3350.0,2950.0,400.0,-174.0585927197787,-134.28599999999994,-39.77259271977874
29.0,E80,682.0006347666383,713.316,-31.315365233361717,499.14947326666913,561.211,-62.06152673333088,436.240169586485,316.085,120.15516958648504,0.5267859350638249,0.6358667809383364,3650.0,1800.0,1850.0,3700.0,3300.0,400.0,-182.85116149996918,-152.10500000000002,-30.746161499969162
29.0,E81,731.9545613185157,728.323,3.6315613185157645,537.640985083462,550.348,-12.7070149165379,457.56619465841527,319.219,138.34719465841528,0.5546908343765784,0.5887110751632099,3850.0,2050.0,1800.0,3950.0,3600.0,350.0,-194.3135762350537,-177.97500000000002,-16.338576235053665
30.0,E67,854.2449026013575,966.722,-112.47709739864251,605.568645892964,763.718,-158.14935410703595,468.37071506509227,326.238,142.13271506509227,0.5548596876659937,0.6975164053140701,2100.0,600.0,1500.0,2100.0,2000.0,100.0,-248.67625670839345,-203.00400000000002,-45.672256708393434
30.0,E68,935.5798750889018,1020.827,-85.24712491109824,653.6202681295255,773.123,-119.50273187047458,529.1654163530179,338.46999999999997,190.69541635301795,0.5594256369835342,0.6584471939208169,2700.0,800.0,1900.0,2700.0,2550.0,150.0,-281.9596069593763,-247.70399999999995,-34.25560695937634
30.0,E69,1001.5110829630038,1044.388,-42.87691703699613,693.1377574283999,769.736,-76.59824257160005,585.2508286192988,344.269,240.98182861929877,0.5631568064438814,0.6332055716556044,2700.0,850.0,1850.0,2900.0,2600.0,300.0,-308.37332553460385,-274.65199999999993,-33.72132553460392
30.0,E70,1045.445186870611,1093.714,-48.268813129388946,720.0739777952194,779.53,-59.45602220478054,596.415556338049,352.42199999999997,243.99355633804902,0.5660833103431572,0.6063429376180907,3250.0,1050.0,2200.0,3250.0,3200.0,50.0,-325.37120907539156,-314.18399999999997,-11.187209075391593
30.0,E71,1116.7593306532747,1095.307,21.452330653274657,764.4514597846676,753.444,11.007459784667617,632.8934666850672,355.88699999999994,277.00646668506727,0.5709638804005437,0.5725157526050101,3450.0,1350.0,2100.0,3450.0,3600.0,-150.0,-352.3078708686071,-341.86300000000006,-10.44487086860704
30.0,E72,683.3627920714075,771.04,-87.67720792859245,508.38928195223895,652.896,-144.506718047761,400.8722125366776,309.84499999999997,91.02721253667761,0.5487638029629393,0.7515070187320431,1750.0,700.0,1050.0,1750.0,1750.0,0.0,-174.97351011916857,-118.144,-56.82951011916856
30.0,E73,787.4145690444719,868.132,-80.71743095552802,569.5651055708701,694.575,-125.00989442912999,470.28527863943975,325.051,145.23427863943976,0.5570513943911005,0.6968616710972625,2450.0,800.0,1650.0,2550.0,2250.0,300.0,-217.84946347360187,-173.5569999999999,-44.29246347360197
30.0,E74,896.6372409590831,935.4069999999999,-38.769759040916824,635.5185060299727,697.613,-62.094493970027315,523.5520195808409,333.92699999999996,189.62501958084096,0.5655545975460087,0.6283359565120218,3250.0,1150.0,2100.0,3250.0,3000.0,250.0,-261.11873492911036,-237.79399999999987,-23.32473492911049
30.0,E75,963.7478906295975,954.178,9.569890629597467,677.1562542970213,681.066,-3.9097457029787392,553.4630569771846,336.517,216.94605697718458,0.571066851387911,0.5853017097391358,3500.0,1450.0,2050.0,3500.0,3400.0,100.0,-286.5916363325762,-273.11199999999997,-13.479636332576206
30.0,E76,1062.8192392098092,947.3489999999999,115.47023920980928,740.3329466429848,646.8340000000001,93.49894664298472,603.4865202512551,338.025,265.46152025125514,0.5796697535394543,0.5389113327022131,3950.0,1800.0,2150.0,3950.0,3900.0,50.0,-322.48629256682443,-300.5149999999999,-21.97129256682456
30.0,E77,575.3566514692603,602.0139999999999,-26.65734853073957,449.93907935625447,525.13,-75.19092064374553,384.32970140394724,308.27599999999995,76.05370140394729,0.5516936779101302,0.7490862095974103,1850.0,1050.0,800.0,1950.0,1850.0,100.0,-125.41757211300586,-76.8839999999999,-48.53357211300596
30.0,E78,648.453496100063,663.877,-15.423503899936918,493.2027107731974,554.318,-61.11528922680259,422.078141842816,312.88599999999997,109.19214184281606,0.5600159639207108,0.7025108681190076,3100.0,1450.0,1650.0,3100.0,2850.0,250.0,-155.25078532686564,-109.55899999999997,-45.69178532686567
30.0,E79,685.8247488541077,694.149,-8.324251145892276,516.1356056730455,559.863,-43.727394326954595,435.29556838728433,314.909,120.38656838728434,0.5651524564132246,0.6630644509736522,3150.0,1550.0,1600.0,3200.0,2950.0,250.0,-169.68914318106226,-134.28599999999994,-35.40314318106232
30.0,E80,723.1529005184734,713.316,9.836900518473385,539.1557425467545,561.211,-22.05525745324553,451.7851875922556,316.085,135.70018759225565,0.5696525574877163,0.6358667809383364,3600.0,1800.0,1800.0,3600.0,3300.0,300.0,-183.99715797171893,-152.10500000000002,-31.892157971718916
30.0,E81,785.4297168187328,728.323,57.10671681873282,578.7122319344608,550.348,28.364231934460804,477.4011898180648,319.219,158.18218981806478,0.5779826463120395,0.5887110751632099,3850.0,2050.0,1800.0,3850.0,3600.0,250.0,-206.71748488427204,-177.97500000000002,-28.742484884272017
31.0,E67,865.7568065043872,966.722,-100.96519349561277,600.6938723379717,763.718,-163.02412766202826,471.537447877801,326.238,145.29944787780101,0.5351068313905348,0.6975164053140701,2100.0,600.0,1500.0,2150.0,2000.0,150.0,-265.0629341664155,-203.00400000000002,-62.0589341664155
31.0,E68,945.5318202633905,1020.827,-75.2951797366095,648.6096004119704,773.123,-124.51339958802964,532.5368070717916,338.46999999999997,194.06680707179163,0.5431500706778266,0.6584471939208169,2700.0,800.0,1900.0,2750.0,2550.0,200.0,-296.9222198514201,-247.70399999999995,-49.218219851420145
31.0,E69,1009.4172694749635,1044.388,-34.9707305250364,688.069116959393,769.736,-81.66688304060699,587.9691645471204,344.269,243.70016454712038,0.549818607794194,0.6332055716556044,2700.0,850.0,1850.0,2950.0,2600.0,350.0,-321.3481525155705,-274.65199999999993,-46.69615251557059
31.0,E70,1051.8264145113685,1093.714,-41.88758548863143,715.3498612030274,779.53,-64.18013879697253,598.8814621218253,352.42199999999997,246.4594621218253,0.5550596263620259,0.6063429376180907,3250.0,1050.0,2200.0,3300.0,3200.0,100.0,-336.47655330834107,-314.18399999999997,-22.2925533083411
31.0,E71,1120.464709994127,1095.307,25.15770999412689,760.6876704455357,753.444,7.243670445535713,634.3943021638223,355.88699999999994,278.5073021638224,0.563836150508301,0.5725157526050101,3450.0,1350.0,2100.0,3500.0,3600.0,-100.0,-359.77703954859123,-341.86300000000006,-17.914039548591177
31.0,E72,694.1311929363959,771.04,-76.90880706360406,504.7608057511049,652.896,-148.13519424889506,403.40982535140176,309.84499999999997,93.5648253514018,0.5248315810534917,0.7515070187320431,1800.0,700.0,1100.0,1800.0,1750.0,50.0,-189.370387185291,-118.144,-71.226387185291
31.0,E73,796.5827884842018,868.132,-71.5492115157981,565.5360515588254,694.575,-129.03894844117463,473.0477032474789,325.051,147.99670324747893,0.5388148657678011,0.6968616710972625,2500.0,800.0,1700.0,2550.0,2250.0,300.0,-231.04673692537642,-173.5569999999999,-57.48973692537652
31.0,E74,902.634993236415,935.4069999999999,-32.772006763584955,631.6191749692748,697.613,-65.99382503072525,525.676480935366,333.92699999999996,191.74948093536608,0.553543159170217,0.6283359565120218,3250.0,1150.0,2100.0,3300.0,3000.0,300.0,-271.01581826714016,-237.79399999999987,-33.22181826714029
31.0,E75,967.3610260100222,954.178,13.183026010022218,673.954943863769,681.066,-7.111056136231014,554.803563163904,336.517,218.28656316390396,0.5632297837394287,0.5853017097391358,3500.0,1450.0,2050.0,3550.0,3400.0,150.0,-293.4060821462532,-273.11199999999997,-20.29408214625323
31.0,E76,1063.337253251922,947.3489999999999,115.98825325192206,739.6994660782422,646.8340000000001,92.8654660782421,603.7426589917851,338.025,265.71765899178513,0.5784535103515372,0.5389113327022131,3950.0,1800.0,2150.0,3950.0,3900.0,50.0,-323.63778717367984,-300.5149999999999,-23.122787173679967
31.0,E77,548.8560516365114,602.0139999999999,-53.15794836348846,429.5981060263078,525.13,-95.5318939736922,377.5402459049537,308.27599999999995,69.26424590495373,0.5291050182231972,0.7490862095974103,1850.0,1050.0,800.0,2000.0,1850.0,150.0,-119.25794561020365,-76.8839999999999,-42.37394561020375
31.0,E78,612.4960644051954,663.877,-51.380935594804555,467.60292209762804,554.318,-86.71507790237195,409.01875964187997,312.88599999999997,96.13275964188,0.5427768150634628,0.7025108681190076,3150.0,1450.0,1700.0,3150.0,2850.0,300.0,-144.89314230756736,-109.55899999999997,-35.33414230756739
31.0,E79,645.2692459347115,694.149,-48.879754065288466,488.4207660431055,559.863,-71.44223395689454,420.98863816659804,314.909,106.07963816659804,0.5514401549594622,0.6630644509736522,3200.0,1550.0,1650.0,3250.0,2950.0,300.0,-156.84847989160602,-134.28599999999994,-22.562479891606074
31.0,E80,677.8764552101948,713.316,-35.43954478980527,509.3230919991528,561.211,-51.88790800084723,435.0162588753575,316.085,118.93125887535751,0.5590822320385193,0.6358667809383364,3600.0,1800.0,1800.0,3650.0,3300.0,350.0,-168.55336321104198,-152.10500000000002,-16.448363211041965
31.0,E81,733.376812425224,728.323,5.0538124252240095,546.6266166249562,550.348,-3.721383375043729,458.1045096529561,319.219,138.8855096529561,0.5734142665203421,0.5887110751632099,3850.0,2050.0,1800.0,3950.0,3600.0,350.0,-186.75019580026776,-177.97500000000002,-8.775195800267738
32.0,E67,825.9752399765002,966.722,-140.74676002349975,520.2798260056103,763.718,-243.43817399438967,456.7200170082901,326.238,130.4820170082901,0.42362644749907713,0.6975164053140701,2250.0,600.0,1650.0,2350.0,2000.0,350.0,-305.69541397088994,-203.00400000000002,-102.69141397088993
32.0,E68,889.6677394423548,1020.827,-131.1592605576452,560.9549593670014,773.123,-212.16804063299867,509.4679486610954,338.46999999999997,170.99794866109545,0.4466764451192016,0.6584471939208169,2900.0,800.0,2100.0,3000.0,2550.0,450.0,-328.7127800753534,-247.70399999999995,-81.00878007535346
32.0,E69,940.9429715274705,1044.388,-103.44502847252943,596.614537328114,769.736,-173.12146267188598,560.932910631587,344.269,216.663910631587,0.4664428338468902,0.6332055716556044,2900.0,850.0,2050.0,3300.0,2600.0,700.0,-344.3284341993565,-274.65199999999993,-69.67643419935655
32.0,E70,970.0852399631694,1093.714,-123.6287600368305,620.6822339032854,779.53,-158.84776609671462,563.4533234387211,352.42199999999997,211.03132343872113,0.4819724001317455,0.6063429376180907,3500.0,1050.0,2450.0,3650.0,3200.0,450.0,-349.4030060598841,-314.18399999999997,-35.21900605988412
32.0,E71,1021.9192981377453,1095.307,-73.38770186225474,664.9458673860805,753.444,-88.49813261391944,591.4703433752009,355.88699999999994,235.5833433752009,0.5085185693068228,0.5725157526050101,3700.0,1350.0,2350.0,3850.0,3600.0,250.0,-356.97343075166475,-341.86300000000006,-15.110430751664694
32.0,E72,675.4182155010604,771.04,-95.62178449893952,446.23379855957273,652.896,-206.66220144042722,396.2006431673156,309.84499999999997,86.35564316731563,0.39659763333253173,0.7515070187320431,1950.0,700.0,1250.0,2000.0,1750.0,250.0,-229.1844169414877,-118.144,-111.0404169414877
32.0,E73,756.3179136601312,868.132,-111.81408633986871,495.5322191802067,694.575,-199.04278081979334,457.5941171999583,325.051,132.54311719995832,0.43396044592875216,0.6968616710972625,2650.0,800.0,1850.0,2850.0,2250.0,600.0,-260.78569447992453,-173.5569999999999,-87.22869447992463
32.0,E74,833.6888732149796,935.4069999999999,-101.71812678502033,551.5808033652135,697.613,-146.0321966347866,497.51475234975504,333.92699999999996,163.58775234975508,0.47572411298442985,0.6283359565120218,3450.0,1150.0,2300.0,3550.0,3000.0,550.0,-282.10806984976614,-237.79399999999987,-44.31406984976627
32.0,E75,880.7782799990664,954.178,-73.3997200009336,590.663986463564,681.066,-90.40201353643602,519.3439253089756,336.517,182.8269253089756,0.5042309123336056,0.5853017097391358,3700.0,1450.0,2250.0,3800.0,3400.0,400.0,-290.1142935355024,-273.11199999999997,-17.002293535502417
32.0,E76,954.9395324834612,947.3489999999999,7.590532483461288,658.1856763307081,646.8340000000001,11.351676330708074,557.8176555005151,338.025,219.79265550051514,0.5499239141890447,0.5389113327022131,4150.0,1800.0,2350.0,4250.0,3900.0,350.0,-296.7538561527531,-300.5149999999999,3.7611438472467853
32.0,E77,530.1517811150499,602.0139999999999,-71.86221888495004,392.2193743428348,525.13,-132.9106256571652,371.9085068215438,308.27599999999995,63.63250682154387,0.41193697191110945,0.7490862095974103,1950.0,1050.0,900.0,2150.0,1850.0,300.0,-137.93240677221507,-76.8839999999999,-61.04840677221517
32.0,E78,578.6106755735011,663.877,-85.26632442649884,422.18915256981956,554.318,-132.12884743018043,395.8076402178157,312.88599999999997,82.9216402178157,0.44729852581087887,0.7025108681190076,3300.0,1450.0,1850.0,3350.0,2850.0,500.0,-156.42152300368156,-109.55899999999997,-46.86252300368159
32.0,E79,601.0640225744182,694.149,-93.08497742558177,439.3908949590254,559.863,-120.47210504097467,404.7506493455012,314.909,89.8416493455012,0.47073286170148204,0.6630644509736522,3300.0,1550.0,1750.0,3450.0,2950.0,500.0,-161.67312761539284,-134.28599999999994,-27.3871276153929
32.0,E80,623.9842970418574,713.316,-89.33170295814261,457.0873432398272,561.211,-104.12365676017282,414.5890466521974,316.085,98.50404665219742,0.4917663882279569,0.6358667809383364,3700.0,1800.0,1900.0,3800.0,3300.0,500.0,-166.89695380203023,-152.10500000000002,-14.791953802030207
32.0,E81,663.8843313811839,728.323,-64.43866861881611,491.6301217743086,550.348,-58.71787822569138,432.28555268030897,319.219,113.06655268030897,0.5322818282153713,0.5887110751632099,3950.0,2050.0,1900.0,4050.0,3600.0,450.0,-172.2542096068753,-177.97500000000002,5.72079039312473
33.0,E67,865.7568065043872,966.722,-100.96519349561277,600.6938723379717,763.718,-163.02412766202826,471.537447877801,326.238,145.29944787780101,0.5351068313905348,0.6975164053140701,2100.0,600.0,1500.0,2150.0,2000.0,150.0,-265.0629341664155,-203.00400000000002,-62.0589341664155
33.0,E68,945.5318202633905,1020.827,-75.2951797366095,648.6096004119704,773.123,-124.51339958802964,532.5368070717916,338.46999999999997,194.06680707179163,0.5431500706778266,0.6584471939208169,2700.0,800.0,1900.0,2750.0,2550.0,200.0,-296.9222198514201,-247.70399999999995,-49.218219851420145
33.0,E69,1009.4172694749635,1044.388,-34.9707305250364,688.069116959393,769.736,-81.66688304060699,587.9691645471204,344.269,243.70016454712038,0.549818607794194,0.6332055716556044,2700.0,850.0,1850.0,2950.0,2600.0,350.0,-321.3481525155705,-274.65199999999993,-46.69615251557059
33.0,E70,1051.8264145113685,1093.714,-41.88758548863143,715.3498612030274,779.53,-64.18013879697253,598.8814621218253,352.42199999999997,246.4594621218253,0.5550596263620259,0.6063429376180907,3250.0,1050.0,2200.0,3300.0,3200.0,100.0,-336.47655330834107,-314.18399999999997,-22.2925533083411
33.0,E71,1120.464709994127,1095.307,25.15770999412689,760.6876704455357,753.444,7.243670445535713,634.3943021638223,355.88699999999994,278.5073021638224,0.563836150508301,0.5725157526050101,3450.0,1350.0,2100.0,3500.0,3600.0,-100.0,-359.77703954859123,-341.86300000000006,-17.914039548591177
33.0,E72,694.1311929363959,771.04,-76.90880706360406,504.7608057511049,652.896,-148.13519424889506,403.40982535140176,309.84499999999997,93.5648253514018,0.5248315810534917,0.7515070187320431,1800.0,700.0,1100.0,1800.0,1750.0,50.0,-189.370387185291,-118.144,-71.226387185291
33.0,E73,796.5827884842018,868.132,-71.5492115157981,565.5360515588254,694.575,-129.03894844117463,473.0477032474789,325.051,147.99670324747893,0.5388148657678011,0.6968616710972625,2500.0,800.0,1700.0,2550.0,2250.0,300.0,-231.04673692537642,-173.5569999999999,-57.48973692537652
33.0,E74,902.634993236415,935.4069999999999,-32.772006763584955,631.6191749692748,697.613,-65.99382503072525,525.676480935366,333.92699999999996,191.74948093536608,0.553543159170217,0.6283359565120218,3250.0,1150.0,2100.0,3300.0,3000.0,300.0,-271.01581826714016,-237.79399999999987,-33.22181826714029
33.0,E75,967.3610260100222,954.178,13.183026010022218,673.954943863769,681.066,-7.111056136231014,554.803563163904,336.517,218.28656316390396,0.5632297837394287,0.5853017097391358,3500.0,1450.0,2050.0,3550.0,3400.0,150.0,-293.4060821462532,-273.11199999999997,-20.29408214625323
33.0,E76,1063.337253251922,947.3489999999999,115.98825325192206,739.6994660782422,646.8340000000001,92.8654660782421,603.7426589917851,338.025,265.71765899178513,0.5784535103515372,0.5389113327022131,3950.0,1800.0,2150.0,3950.0,3900.0,50.0,-323.63778717367984,-300.5149999999999,-23.122787173679967
33.0,E77,548.8560516365114,602.0139999999999,-53.15794836348846,429.5981060263078,525.13,-95.5318939736922,377.5402459049537,308.27599999999995,69.26424590495373,0.5291050182231972,0.7490862095974103,1850.0,1050.0,800.0,2000.0,1850.0,150.0,-119.25794561020365,-76.8839999999999,-42.37394561020375
33.0,E78,612.4960644051954,663.877,-51.380935594804555,467.60292209762804,554.318,-86.71507790237195,409.01875964187997,312.88599999999997,96.13275964188,0.5427768150634628,0.7025108681190076,3150.0,1450.0,1700.0,3150.0,2850.0,300.0,-144.89314230756736,-109.55899999999997,-35.33414230756739
33.0,E79,645.2692459347115,694.149,-48.879754065288466,488.4207660431055,559.863,-71.44223395689454,420.98863816659804,314.909,106.07963816659804,0.5514401549594622,0.6630644509736522,3200.0,1550.0,1650.0,3250.0,2950.0,300.0,-156.84847989160602,-134.28599999999994,-22.562479891606074
33.0,E80,677.8764552101948,713.316,-35.43954478980527,509.3230919991528,561.211,-51.88790800084723,435.0162588753575,316.085,118.93125887535751,0.5590822320385193,0.6358667809383364,3600.0,1800.0,1800.0,3650.0,3300.0,350.0,-168.55336321104198,-152.10500000000002,-16.448363211041965
33.0,E81,733.376812425224,728.323,5.0538124252240095,546.6266166249562,550.348,-3.721383375043729,458.1045096529561,319.219,138.8855096529561,0.5734142665203421,0.5887110751632099,3850.0,2050.0,1800.0,3950.0,3600.0,350.0,-186.75019580026776,-177.97500000000002,-8.775195800267738
34.0,E67,865.7478206936306,966.722,-100.97417930636936,600.6976157904468,763.718,-163.02038420955319,471.5349061691477,326.238,145.2969061691477,0.5351218306431631,0.6975164053140701,2100.0,600.0,1500.0,2150.0,2000.0,150.0,-265.05020490318384,-203.00400000000002,-62.04620490318382
34.0,E68,945.5261219178482,1020.827,-75.30087808215183,648.6123745133731,773.123,-124.51062548662696,532.5347729893983,338.46999999999997,194.06477298939836,0.5431591011505648,0.6584471939208169,2700.0,800.0,1900.0,2750.0,2550.0,200.0,-296.9137474044751,-247.70399999999995,-49.20974740447514
34.0,E69,1009.4147549936976,1044.388,-34.97324500630236,688.0705842987824,769.736,-81.66541570121763,587.9681852212378,344.269,243.69918522123783,0.5498226002025515,0.6332055716556044,2700.0,850.0,1850.0,2950.0,2600.0,350.0,-321.3441706949152,-274.65199999999993,-46.69217069491526
34.0,E70,1051.8262501297327,1093.714,-41.88774987026727,715.3497880030717,779.53,-64.18021199692828,598.881251021299,352.42199999999997,246.45925102129905,0.5550596502194441,0.6063429376180907,3250.0,1050.0,2200.0,3300.0,3200.0,100.0,-336.476462126661,-314.18399999999997,-22.292462126661007
34.0,E71,1120.467963645464,1095.307,25.16096364546388,760.6840202785014,753.444,7.240020278501447,634.3954090619482,355.88699999999994,278.5084090619482,0.5638295013471958,0.5725157526050101,3450.0,1350.0,2100.0,3500.0,3600.0,-100.0,-359.7839433669625,-341.86300000000006,-17.920943366962433
34.0,E72,694.1209131865015,771.04,-76.91908681349844,504.76424425936864,652.896,-148.13175574063132,403.4073650514993,309.84499999999997,93.56236505149934,0.5248537470202689,0.7515070187320431,1800.0,700.0,1100.0,1800.0,1750.0,50.0,-189.3566689271329,-118.144,-71.21266892713288
34.0,E73,796.5763849250878,868.132,-71.55561507491211,565.5387968707767,694.575,-129.0362031292234,473.04571334889266,325.051,147.99471334889267,0.5388272328578435,0.6968616710972625,2500.0,800.0,1700.0,2550.0,2250.0,300.0,-231.0375880543112,-173.5569999999999,-57.48058805431128
34.0,E74,902.6340033025059,935.4069999999999,-32.77299669749402,631.6196439012421,697.613,-65.993356098758,525.6760138912873,333.92699999999996,191.74901389128735,0.5535448343642831,0.6283359565120218,3250.0,1150.0,2100.0,3300.0,3000.0,300.0,-271.01435940126385,-237.79399999999987,-33.22035940126398
34.0,E75,967.363331131272,954.178,13.18533113127205,673.952559169138,681.066,-7.113440830862032,554.8042447952839,336.517,218.28724479528393,0.5632243011588259,0.5853017097391358,3500.0,1450.0,2050.0,3550.0,3400.0,150.0,-293.41077196213405,-273.11199999999997,-20.298771962134083
34.0,E76,1063.3431610508294,947.3489999999999,115.99416105082946,739.689992056529,646.8340000000001,92.85599205652898,603.744749225064,338.025,265.719749225064,0.5784367190913854,0.5389113327022131,3950.0,1800.0,2150.0,3950.0,3900.0,50.0,-323.65316899430036,-300.5149999999999,-23.138168994300486
34.0,E77,548.851285193801,602.0139999999999,-53.16271480619889,429.600170397177,525.13,-95.52982960282299,377.53919463901366,308.27599999999995,69.2631946390137,0.5291231278387265,0.7490862095974103,1850.0,1050.0,800.0,2000.0,1850.0,150.0,-119.251114796624,-76.8839999999999,-42.367114796624094
34.0,E78,612.4932758408002,663.877,-51.3837241591998,467.6042263707501,554.318,-86.71377362924989,409.01783331187954,312.88599999999997,96.13183331187957,0.5427857070900657,0.7025108681190076,3150.0,1450.0,1700.0,3150.0,2850.0,300.0,-144.88904947005005,-109.55899999999997,-35.330049470050085
34.0,E79,645.2682939516503,694.149,-48.88070604834968,488.4212598711922,559.863,-71.44174012880785,420.98829114385927,314.909,106.07929114385928,0.5514430685320221,0.6630644509736522,3200.0,1550.0,1650.0,3250.0,2950.0,300.0,-156.84703408045812,-134.28599999999994,-22.56103408045817
34.0,E80,677.8770092519352,713.316,-35.43899074806484,509.322488968491,561.211,-51.88851103150904,435.01636829198753,316.085,118.93136829198755,0.5590798442915266,0.6358667809383364,3600.0,1800.0,1800.0,3650.0,3300.0,350.0,-168.55452028344422,-152.10500000000002,-16.4495202834442
34.0,E81,733.379724129443,728.323,5.056724129443069,546.6228419297455,550.348,-3.7251580702544516,458.10536539251524,319.219,138.88636539251524,0.5734018303960141,0.5887110751632099,3850.0,2050.0,1800.0,3950.0,3600.0,350.0,-186.75688219969754,-177.97500000000002,-8.78188219969752
35.0,E67,868.2343784421225,966.722,-98.48762155787745,604.2075439589871,763.718,-159.51045604101284,472.215816588968,326.238,145.97781658896798,0.5389275910108441,0.6975164053140701,2100.0,600.0,1500.0,2150.0,2000.0,150.0,-264.0268344831354,-203.00400000000002,-61.0228344831354
35.0,E68,949.1406793662126,1020.827,-71.68632063378743,653.0037340827975,773.123,-120.1192659172026,533.7486963739226,338.46999999999997,195.27869637392263,0.5468743593446713,0.6584471939208169,2700.0,800.0,1900.0,2750.0,2550.0,200.0,-296.1369452834151,-247.70399999999995,-48.432945283415165
35.0,E69,1013.9156179788582,1044.388,-30.472382021141698,693.1554473356455,769.736,-76.58055266435451,589.4944586605517,344.269,245.22545866055168,0.5534563504849835,0.6332055716556044,2750.0,850.0,1900.0,2950.0,2600.0,350.0,-320.76017064321275,-274.65199999999993,-46.108170643212816
35.0,E70,1057.15012602038,1093.714,-36.563873979619984,721.0241386226838,779.53,-58.50586137731614,600.8984003682986,352.42199999999997,248.47640036829858,0.5586303604006996,0.6063429376180907,3250.0,1050.0,2200.0,3300.0,3200.0,100.0,-336.1259873976961,-314.18399999999997,-21.941987397696153
35.0,E71,1126.9288428530283,1095.307,31.621842853028284,767.2038502647604,753.444,13.759850264760416,636.9114636281681,355.88699999999994,281.0244636281682,0.5672902122171546,0.5725157526050101,3450.0,1350.0,2100.0,3500.0,3600.0,-100.0,-359.7249925882679,-341.86300000000006,-17.861992588267867
35.0,E72,695.523937762873,771.04,-75.51606223712702,507.06778542319023,652.896,-145.82821457680973,403.73681393804696,309.84499999999997,93.891813938047,0.5287723687193715,0.7515070187320431,1800.0,700.0,1100.0,1800.0,1750.0,50.0,-188.45615233968272,-118.144,-70.31215233968271
35.0,E73,799.4569571450443,868.132,-68.67504285495568,569.0015084521688,694.575,-125.57349154783128,473.9056911224655,325.051,148.8546911224655,0.542619128974748,0.6968616710972625,2500.0,800.0,1700.0,2550.0,2250.0,300.0,-230.4554486928755,-173.5569999999999,-56.898448692875604
35.0,E74,907.4933932054284,935.4069999999999,-27.91360679457148,636.5327458164766,697.613,-61.08025418352349,527.3621222915144,333.92699999999996,193.43512229151446,0.5571781543091571,0.6283359565120218,3250.0,1150.0,2100.0,3300.0,3000.0,300.0,-270.9606473889519,-237.79399999999987,-33.166647388952015
35.0,E75,973.5156796211068,954.178,19.33767962110676,679.8020386004744,681.066,-1.2639613995256695,556.996971781642,336.517,220.47997178164195,0.5667414350592079,0.5853017097391358,3500.0,1450.0,2050.0,3550.0,3400.0,150.0,-293.7136410206324,-273.11199999999997,-20.601641020632428
35.0,E76,1071.3873391119723,947.3489999999999,124.03833911197239,746.9216270072917,646.8340000000001,100.08762700729164,606.7892656047278,338.025,268.7642656047278,0.5817605427833169,0.5389113327022131,3950.0,1800.0,2150.0,3950.0,3900.0,50.0,-324.4657121046806,-300.5149999999999,-23.950712104680747
35.0,E77,550.319372132889,602.0139999999999,-51.69462786711085,431.3658873557748,525.13,-93.76411264422518,377.8550916157997,308.27599999999995,69.57909161579977,0.5330054805332324,0.7490862095974103,1850.0,1050.0,800.0,2000.0,1850.0,150.0,-118.95348477711423,-76.8839999999999,-42.069484777114326
35.0,E78,615.2951416744411,663.877,-48.58185832555887,470.33695676047284,554.318,-83.98104323952714,409.8953568103248,312.88599999999997,97.00935681032485,0.5465765375482016,0.7025108681190076,3150.0,1450.0,1700.0,3200.0,2850.0,350.0,-144.95818491396824,-109.55899999999997,-35.39918491396827
35.0,E79,648.8539530108596,694.149,-45.29504698914036,491.71190760835185,559.863,-68.1510923916482,422.0749888533597,314.909,107.16598885335969,0.5551609419086648,0.6630644509736522,3200.0,1550.0,1650.0,3300.0,2950.0,350.0,-157.1420454025078,-134.28599999999994,-22.856045402507846
35.0,E80,682.3426209951828,713.316,-30.973379004817275,513.231046058945,561.211,-47.97995394105499,436.4408886323832,316.085,120.3558886323832,0.5627306347504594,0.6358667809383364,3650.0,1800.0,1850.0,3650.0,3300.0,350.0,-169.11157493623773,-152.10500000000002,-17.006574936237712
35.0,E81,739.3810280499134,728.323,11.058028049913446,551.6195801983332,550.348,1.271580198333254,460.01854503109547,319.219,140.79954503109548,0.5769071010294198,0.5887110751632099,3900.0,2050.0,1850.0,3950.0,3600.0,350.0,-187.76144785158021,-177.97500000000002,-9.786447851580192
