time,hour,T2,T3,T8,T9,T10,T11,T12,T13
0,0,293.398,296.686,296.622,296.225,296.434,296.353,296.25,293.412
1,0.000277778,293.398,296.686,296.622,296.225,296.434,296.353,296.25,293.412
2,0.000555556,293.398,296.686,296.622,296.225,296.434,296.353,296.25,293.412
3,0.000833333,293.404,296.672,296.612,296.222,296.417,296.354,296.25,293.413
4,0.001111111,293.404,296.672,296.612,296.222,296.417,296.354,296.25,293.413
5,0.001388889,293.404,296.672,296.612,296.222,296.417,296.354,296.25,293.413
6,0.001666667,293.404,296.672,296.612,296.222,296.417,296.354,296.25,293.413
7,0.001944444,293.398,296.624,296.587,296.185,296.382,296.309,296.215,293.414
8,0.002222222,293.398,296.624,296.587,296.185,296.382,296.309,296.215,293.414
9,0.0025,293.398,296.624,296.587,296.185,296.382,296.309,296.215,293.414
10,0.002777778,293.392,296.63,296.577,296.173,296.368,296.307,296.205,293.411
11,0.003055556,293.392,296.63,296.577,296.173,296.368,296.307,296.205,293.411
12,0.003333333,293.392,296.63,296.577,296.173,296.368,296.307,296.205,293.411
13,0.003611111,293.392,296.63,296.577,296.173,296.368,296.307,296.205,293.411
14,0.003888889,293.402,296.61,296.574,296.16,296.357,296.293,296.2,293.42
15,0.004166667,293.402,296.61,296.574,296.16,296.357,296.293,296.2,293.42
16,0.004444444,293.402,296.61,296.574,296.16,296.357,296.293,296.2,293.42
17,0.004722222,293.402,296.61,296.574,296.16,296.357,296.293,296.2,293.42
18,0.005,293.407,296.597,296.586,296.155,296.353,296.267,296.196,293.419
19,0.005277778,293.407,296.597,296.586,296.155,296.353,296.267,296.196,293.419
20,0.005555556,293.407,296.597,296.586,296.155,296.353,296.267,296.196,293.419
21,0.005833333,293.393,296.565,296.569,296.126,296.321,296.242,296.159,293.42
22,0.006111111,293.393,296.565,296.569,296.126,296.321,296.242,296.159,293.42
23,0.006388889,293.393,296.565,296.569,296.126,296.321,296.242,296.159,293.42
24,0.006666667,293.393,296.565,296.569,296.126,296.321,296.242,296.159,293.42
25,0.006944444,293.406,296.578,296.559,296.123,296.324,296.248,296.247,293.435
26,0.007222222,293.406,296.578,296.559,296.123,296.324,296.248,296.247,293.435
27,0.0075,293.406,296.578,296.559,296.123,296.324,296.248,296.247,293.435
28,0.007777778,293.401,296.939,302.083,296.19,296.408,297.841,298.49,293.426
29,0.008055556,293.401,296.939,302.083,296.19,296.408,297.841,298.49,293.426
30,0.008333333,293.401,296.939,302.083,296.19,296.408,297.841,298.49,293.426
31,0.008611111,293.401,296.939,302.083,296.19,296.408,297.841,298.49,293.426
32,0.008888889,293.41,297.235,315.162,296.774,296.547,298.449,301.359,293.433
33,0.009166667,293.41,297.235,315.162,296.774,296.547,298.449,301.359,293.433
34,0.009444444,293.41,297.235,315.162,296.774,296.547,298.449,301.359,293.433
35,0.009722222,293.407,297.551,329.313,298.366,296.759,299.465,306.7,293.434
36,0.01,293.407,297.551,329.313,298.366,296.759,299.465,306.7,293.434
37,0.010277778,293.407,297.551,329.313,298.366,296.759,299.465,306.7,293.434
38,0.010555556,293.404,297.921,343.488,301.262,297.136,300.907,314.07,293.435
39,0.010833333,293.404,297.921,343.488,301.262,297.136,300.907,314.07,293.435
40,0.011111111,293.404,297.921,343.488,301.262,297.136,300.907,314.07,293.435
41,0.011388889,293.404,297.921,343.488,301.262,297.136,300.907,314.07,293.435
42,0.011666667,293.406,298.344,357.053,305.288,297.774,303.023,322.525,293.431
43,0.011944444,293.406,298.344,357.053,305.288,297.774,303.023,322.525,293.431
44,0.012222222,293.406,298.344,357.053,305.288,297.774,303.023,322.525,293.431
45,0.0125,293.406,298.344,357.053,305.288,297.774,303.023,322.525,293.431
46,0.012777778,293.412,299.051,370.585,310.399,298.816,305.809,331.917,293.426
47,0.013055556,293.412,299.051,370.585,310.399,298.816,305.809,331.917,293.426
48,0.013333333,293.412,299.051,370.585,310.399,298.816,305.809,331.917,293.426
49,0.013611111,293.414,299.786,383.56,316.138,300.254,308.999,341.48,293.454
50,0.013888889,293.414,299.786,383.56,316.138,300.254,308.999,341.48,293.454
51,0.014166667,293.414,299.786,383.56,316.138,300.254,308.999,341.48,293.454
52,0.014444444,293.408,300.82,396.529,322.474,302.08,312.726,351.269,293.438
53,0.014722222,293.408,300.82,396.529,322.474,302.08,312.726,351.269,293.438
54,0.015,293.408,300.82,396.529,322.474,302.08,312.726,351.269,293.438
55,0.015277778,293.408,300.82,396.529,322.474,302.08,312.726,351.269,293.438
56,0.015555556,293.419,302.249,409.418,329.412,304.375,316.941,361.362,293.455
57,0.015833333,293.419,302.249,409.418,329.412,304.375,316.941,361.362,293.455
58,0.016111111,293.419,302.249,409.418,329.412,304.375,316.941,361.362,293.455
59,0.016388889,293.415,303.903,421.521,336.423,306.901,321.323,371.128,293.471
60,0.016666667,293.415,303.903,421.521,336.423,306.901,321.323,371.128,293.471
61,0.016944444,293.415,303.903,421.521,336.423,306.901,321.323,371.128,293.471
62,0.017222222,293.415,303.903,421.521,336.423,306.901,321.323,371.128,293.471
63,0.0175,293.417,305.731,433.592,343.764,309.76,325.936,380.93,293.468
64,0.017777778,293.417,305.731,433.592,343.764,309.76,325.936,380.93,293.468
65,0.018055556,293.417,305.731,433.592,343.764,309.76,325.936,380.93,293.468
66,0.018333333,293.41,307.677,445.483,351.28,312.881,330.793,390.687,293.466
67,0.018611111,293.41,307.677,445.483,351.28,312.881,330.793,390.687,293.466
68,0.018888889,293.41,307.677,445.483,351.28,312.881,330.793,390.687,293.466
69,0.019166667,293.41,307.677,445.483,351.28,312.881,330.793,390.687,293.466
70,0.019444444,293.417,309.644,456.739,358.717,316.131,335.556,400.066,293.469
71,0.019722222,293.417,309.644,456.739,358.717,316.131,335.556,400.066,293.469
72,0.02,293.417,309.644,456.739,358.717,316.131,335.556,400.066,293.469
73,0.020277778,293.414,311.821,468.337,366.517,319.678,340.675,409.714,293.48
74,0.020555556,293.414,311.821,468.337,366.517,319.678,340.675,409.714,293.48
75,0.020833333,293.414,311.821,468.337,366.517,319.678,340.675,409.714,293.48
76,0.021111111,293.414,311.821,468.337,366.517,319.678,340.675,409.714,293.48
77,0.021388889,293.43,314.104,479.606,374.458,323.407,345.931,419.41,293.5
78,0.021666667,293.43,314.104,479.606,374.458,323.407,345.931,419.41,293.5
79,0.021944444,293.43,314.104,479.606,374.458,323.407,345.931,419.41,293.5
80,0.022222222,293.419,316.394,490.628,382.319,327.186,351.039,428.789,293.492
81,0.0225,293.419,316.394,490.628,382.319,327.186,351.039,428.789,293.492
82,0.022777778,293.419,316.394,490.628,382.319,327.186,351.039,428.789,293.492
83,0.023055556,293.419,316.394,490.628,382.319,327.186,351.039,428.789,293.492
84,0.023333333,293.428,318.675,500.875,389.952,330.955,356.099,437.798,293.49
85,0.023611111,293.428,318.675,500.875,389.952,330.955,356.099,437.798,293.49
86,0.023888889,293.428,318.675,500.875,389.952,330.955,356.099,437.798,293.49
87,0.024166667,293.436,321.123,511.274,397.792,334.889,361.308,446.919,293.514
88,0.024444444,293.436,321.123,511.274,397.792,334.889,361.308,446.919,293.514
89,0.024722222,293.436,321.123,511.274,397.792,334.889,361.308,446.919,293.514
90,0.025,293.436,321.123,511.274,397.792,334.889,361.308,446.919,293.514
91,0.025277778,293.436,323.408,521.243,405.554,338.867,366.39,455.895,293.523
92,0.025555556,293.436,323.408,521.243,405.554,338.867,366.39,455.895,293.523
93,0.025833333,293.436,323.408,521.243,405.554,338.867,366.39,455.895,293.523
94,0.026111111,293.437,325.822,531.255,413.255,342.838,371.55,464.719,293.533
95,0.026388889,293.437,325.822,531.255,413.255,342.838,371.55,464.719,293.533
96,0.026666667,293.437,325.822,531.255,413.255,342.838,371.55,464.719,293.533
97,0.026944444,293.437,325.822,531.255,413.255,342.838,371.55,464.719,293.533
98,0.027222222,293.438,327.391,540.75,420.83,346.761,376.486,473.256,293.539
99,0.0275,293.438,327.391,540.75,420.83,346.761,376.486,473.256,293.539
100,0.027777778,293.438,327.391,540.75,420.83,346.761,376.486,473.256,293.539
101,0.028055556,293.435,329.238,550.133,428.502,350.747,381.461,481.835,293.54
102,0.028333333,293.435,329.238,550.133,428.502,350.747,381.461,481.835,293.54
103,0.028611111,293.435,329.238,550.133,428.502,350.747,381.461,481.835,293.54
104,0.028888889,293.437,332.061,559.578,436.051,354.65,386.406,490.147,293.558
105,0.029166667,293.437,332.061,559.578,436.051,354.65,386.406,490.147,293.558
106,0.029444444,293.437,332.061,559.578,436.051,354.65,386.406,490.147,293.558
107,0.029722222,293.437,332.061,559.578,436.051,354.65,386.406,490.147,293.558
108,0.03,293.44,333.925,568.58,443.668,358.57,391.316,498.489,293.558
109,0.030277778,293.44,333.925,568.58,443.668,358.57,391.316,498.489,293.558
110,0.030555556,293.44,333.925,568.58,443.668,358.57,391.316,498.489,293.558
111,0.030833333,293.446,336.106,577.044,451.277,362.474,396.092,506.704,293.57
112,0.031111111,293.446,336.106,577.044,451.277,362.474,396.092,506.704,293.57
113,0.031388889,293.446,336.106,577.044,451.277,362.474,396.092,506.704,293.57
114,0.031666667,293.446,336.106,577.044,451.277,362.474,396.092,506.704,293.57
115,0.031944444,293.433,339,585.905,458.894,366.407,400.965,514.834,293.559
116,0.032222222,293.433,339,585.905,458.894,366.407,400.965,514.834,293.559
117,0.0325,293.433,339,585.905,458.894,366.407,400.965,514.834,293.559
118,0.032777778,293.455,341.837,594.402,466.2,370.202,405.609,522.595,293.582
119,0.033055556,293.455,341.837,594.402,466.2,370.202,405.609,522.595,293.582
120,0.033333333,293.455,341.837,594.402,466.2,370.202,405.609,522.595,293.582
121,0.033611111,293.455,341.837,594.402,466.2,370.202,405.609,522.595,293.582
122,0.033888889,293.455,342.962,602.868,473.61,374.075,410.325,530.484,293.591
123,0.034166667,293.455,342.962,602.868,473.61,374.075,410.325,530.484,293.591
124,0.034444444,293.455,342.962,602.868,473.61,374.075,410.325,530.484,293.591
125,0.034722222,293.453,343.979,611.263,480.945,377.876,414.942,538.204,293.597
126,0.035,293.453,343.979,611.263,480.945,377.876,414.942,538.204,293.597
127,0.035277778,293.453,343.979,611.263,480.945,377.876,414.942,538.204,293.597
128,0.035555556,293.453,343.979,611.263,480.945,377.876,414.942,538.204,293.597
129,0.035833333,293.458,345.431,619.443,488.126,381.617,419.394,545.717,293.6
130,0.036111111,293.458,345.431,619.443,488.126,381.617,419.394,545.717,293.6
131,0.036388889,293.458,345.431,619.443,488.126,381.617,419.394,545.717,293.6
132,0.036666667,293.453,346.39,627.62,495.322,385.37,423.893,553.28,293.61
133,0.036944444,293.453,346.39,627.62,495.322,385.37,423.893,553.28,293.61
134,0.037222222,293.453,346.39,627.62,495.322,385.37,423.893,553.28,293.61
135,0.0375,293.453,346.39,627.62,495.322,385.37,423.893,553.28,293.61
136,0.037777778,293.476,347.664,635.343,502.441,389.079,428.322,560.685,293.619
137,0.038055556,293.476,347.664,635.343,502.441,389.079,428.322,560.685,293.619
138,0.038333333,293.476,347.664,635.343,502.441,389.079,428.322,560.685,293.619
139,0.038611111,293.464,349.681,642.739,509.293,392.656,432.576,567.822,293.61
140,0.038888889,293.464,349.681,642.739,509.293,392.656,432.576,567.822,293.61
141,0.039166667,293.464,349.681,642.739,509.293,392.656,432.576,567.822,293.61
142,0.039444444,293.464,349.681,642.739,509.293,392.656,432.576,567.822,293.61
143,0.039722222,293.464,351.132,650.247,516.161,396.245,436.801,574.936,293.624
144,0.04,293.464,351.132,650.247,516.161,396.245,436.801,574.936,293.624
145,0.040277778,293.464,351.132,650.247,516.161,396.245,436.801,574.936,293.624
146,0.040555556,293.471,352.616,657.413,523.092,399.877,441.153,582.165,293.638
147,0.040833333,293.471,352.616,657.413,523.092,399.877,441.153,582.165,293.638
148,0.041111111,293.471,352.616,657.413,523.092,399.877,441.153,582.165,293.638
149,0.041388889,293.471,352.616,657.413,523.092,399.877,441.153,582.165,293.638
150,0.041666667,293.471,354.489,664.299,529.854,403.433,445.365,589.177,293.656
151,0.041944444,293.471,354.489,664.299,529.854,403.433,445.365,589.177,293.656
152,0.042222222,293.471,354.489,664.299,529.854,403.433,445.365,589.177,293.656
153,0.0425,293.469,356.058,671.747,536.614,406.978,449.545,596.132,293.655
154,0.042777778,293.469,356.058,671.747,536.614,406.978,449.545,596.132,293.655
155,0.043055556,293.469,356.058,671.747,536.614,406.978,449.545,596.132,293.655
156,0.043333333,293.469,356.058,671.747,536.614,406.978,449.545,596.132,293.655
157,0.043611111,293.463,357.663,679.044,543.327,410.489,453.699,602.982,293.659
158,0.043888889,293.463,357.663,679.044,543.327,410.489,453.699,602.982,293.659
159,0.044166667,293.463,357.663,679.044,543.327,410.489,453.699,602.982,293.659
160,0.044444444,293.471,359.105,685.87,549.829,413.88,457.639,609.612,293.669
161,0.044722222,293.471,359.105,685.87,549.829,413.88,457.639,609.612,293.669
162,0.045,293.471,359.105,685.87,549.829,413.88,457.639,609.612,293.669
163,0.045277778,293.471,359.105,685.87,549.829,413.88,457.639,609.612,293.669
164,0.045555556,293.487,360.718,692.531,556.438,417.292,461.773,616.268,293.69
165,0.045833333,293.487,360.718,692.531,556.438,417.292,461.773,616.268,293.69
166,0.046111111,293.487,360.718,692.531,556.438,417.292,461.773,616.268,293.69
167,0.046388889,293.48,362.355,698.798,562.794,420.565,465.686,622.733,293.683
168,0.046666667,293.48,362.355,698.798,562.794,420.565,465.686,622.733,293.683
169,0.046944444,293.48,362.355,698.798,562.794,420.565,465.686,622.733,293.683
170,0.047222222,293.48,362.355,698.798,562.794,420.565,465.686,622.733,293.683
171,0.0475,293.482,363.983,705.435,569.271,423.951,469.727,629.314,293.702
172,0.047777778,293.482,363.983,705.435,569.271,423.951,469.727,629.314,293.702
173,0.048055556,293.482,363.983,705.435,569.271,423.951,469.727,629.314,293.702
174,0.048333333,293.489,365.853,711.744,575.514,427.206,473.56,635.674,293.694
175,0.048611111,293.489,365.853,711.744,575.514,427.206,473.56,635.674,293.694
176,0.048888889,293.489,365.853,711.744,575.514,427.206,473.56,635.674,293.694
177,0.049166667,293.489,365.853,711.744,575.514,427.206,473.56,635.674,293.694
178,0.049444444,293.497,367.64,717.011,581.544,430.336,477.317,641.754,293.724
179,0.049722222,293.497,367.64,717.011,581.544,430.336,477.317,641.754,293.724
180,0.05,293.497,367.64,717.011,581.544,430.336,477.317,641.754,293.724
181,0.050277778,293.494,369.39,722.277,587.663,433.411,480.949,647.73,293.726
182,0.050555556,293.494,369.39,722.277,587.663,433.411,480.949,647.73,293.726
183,0.050833333,293.494,369.39,722.277,587.663,433.411,480.949,647.73,293.726
184,0.051111111,293.484,371.301,727.778,593.932,436.529,484.65,653.693,293.72
185,0.051388889,293.484,371.301,727.778,593.932,436.529,484.65,653.693,293.72
186,0.051666667,293.484,371.301,727.778,593.932,436.529,484.65,653.693,293.72
187,0.051944444,293.484,371.301,727.778,593.932,436.529,484.65,653.693,293.72
188,0.052222222,293.506,373.029,733.428,600.09,439.593,488.292,659.517,293.745
189,0.0525,293.506,373.029,733.428,600.09,439.593,488.292,659.517,293.745
190,0.052777778,293.506,373.029,733.428,600.09,439.593,488.292,659.517,293.745
191,0.053055556,293.498,374.752,738.976,606.283,442.68,491.941,665.406,293.749
192,0.053333333,293.498,374.752,738.976,606.283,442.68,491.941,665.406,293.749
193,0.053611111,293.498,374.752,738.976,606.283,442.68,491.941,665.406,293.749
194,0.053888889,293.498,374.752,738.976,606.283,442.68,491.941,665.406,293.749
195,0.054166667,293.499,376.389,743.809,612.209,445.68,495.483,671.075,293.761
196,0.054444444,293.499,376.389,743.809,612.209,445.68,495.483,671.075,293.761
197,0.054722222,293.499,376.389,743.809,612.209,445.68,495.483,671.075,293.761
198,0.055,293.509,378.137,748.841,618.247,448.715,499.078,676.791,293.765
199,0.055277778,293.509,378.137,748.841,618.247,448.715,499.078,676.791,293.765
200,0.055555556,293.509,378.137,748.841,618.247,448.715,499.078,676.791,293.765
201,0.055833333,293.509,378.137,748.841,618.247,448.715,499.078,676.791,293.765
202,0.056111111,293.508,379.723,753.781,623.994,451.619,502.468,682.239,293.773
203,0.056388889,293.508,379.723,753.781,623.994,451.619,502.468,682.239,293.773
204,0.056666667,293.508,379.723,753.781,623.994,451.619,502.468,682.239,293.773
205,0.056944444,293.505,381.472,758.697,629.603,454.529,505.95,687.715,293.773
206,0.057222222,293.505,381.472,758.697,629.603,454.529,505.95,687.715,293.773
207,0.0575,293.505,381.472,758.697,629.603,454.529,505.95,687.715,293.773
208,0.057777778,293.505,381.472,758.697,629.603,454.529,505.95,687.715,293.773
209,0.058055556,293.513,382.878,763.526,635.28,457.439,509.393,693.105,293.791
210,0.058333333,293.513,382.878,763.526,635.28,457.439,509.393,693.105,293.791
211,0.058611111,293.513,382.878,763.526,635.28,457.439,509.393,693.105,293.791
212,0.058888889,293.507,384.22,768.528,640.871,460.281,512.705,698.357,293.788
213,0.059166667,293.507,384.22,768.528,640.871,460.281,512.705,698.357,293.788
214,0.059444444,293.507,384.22,768.528,640.871,460.281,512.705,698.357,293.788
215,0.059722222,293.507,384.22,768.528,640.871,460.281,512.705,698.357,293.788
216,0.06,293.513,385.771,773.04,646.362,463.101,516.03,703.478,293.809
217,0.060277778,293.513,385.771,773.04,646.362,463.101,516.03,703.478,293.809
218,0.060555556,293.513,385.771,773.04,646.362,463.101,516.03,703.478,293.809
219,0.060833333,293.521,387.241,777.445,651.748,465.861,519.28,708.495,293.818
220,0.061111111,293.521,387.241,777.445,651.748,465.861,519.28,708.495,293.818
221,0.061388889,293.521,387.241,777.445,651.748,465.861,519.28,708.495,293.818
222,0.061666667,293.521,387.241,777.445,651.748,465.861,519.28,708.495,293.818
223,0.061944444,293.525,388.897,781.841,657.142,468.645,522.556,713.563,293.82
224,0.062222222,293.525,388.897,781.841,657.142,468.645,522.556,713.563,293.82
225,0.0625,293.525,388.897,781.841,657.142,468.645,522.556,713.563,293.82
226,0.062777778,293.52,390.462,785.979,662.353,471.387,525.725,718.442,293.819
227,0.063055556,293.52,390.462,785.979,662.353,471.387,525.725,718.442,293.819
228,0.063333333,293.52,390.462,785.979,662.353,471.387,525.725,718.442,293.819
229,0.063611111,293.52,390.462,785.979,662.353,471.387,525.725,718.442,293.819
230,0.063888889,293.525,392.253,790.495,667.491,474.092,528.926,723.289,293.841
231,0.064166667,293.525,392.253,790.495,667.491,474.092,528.926,723.289,293.841
232,0.064444444,293.525,392.253,790.495,667.491,474.092,528.926,723.289,293.841
233,0.064722222,293.528,393.794,794.614,672.443,476.704,532,727.982,293.855
234,0.065,293.528,393.794,794.614,672.443,476.704,532,727.982,293.855
235,0.065277778,293.528,393.794,794.614,672.443,476.704,532,727.982,293.855
236,0.065555556,293.528,393.794,794.614,672.443,476.704,532,727.982,293.855
237,0.065833333,293.529,395.274,798.327,677.432,479.336,535.117,732.697,293.849
238,0.066111111,293.529,395.274,798.327,677.432,479.336,535.117,732.697,293.849
239,0.066388889,293.529,395.274,798.327,677.432,479.336,535.117,732.697,293.849
240,0.066666667,293.532,396.747,802.153,682.373,481.97,538.222,737.381,293.861
241,0.066944444,293.532,396.747,802.153,682.373,481.97,538.222,737.381,293.861
242,0.067222222,293.532,396.747,802.153,682.373,481.97,538.222,737.381,293.861
243,0.0675,293.532,396.747,802.153,682.373,481.97,538.222,737.381,293.861
244,0.067777778,293.537,397.764,806.048,687.18,484.529,541.279,741.855,293.881
245,0.068055556,293.537,397.764,806.048,687.18,484.529,541.279,741.855,293.881
246,0.068333333,293.537,397.764,806.048,687.18,484.529,541.279,741.855,293.881
247,0.068611111,293.54,398.994,809.804,691.87,487.053,544.244,746.235,293.893
248,0.068888889,293.54,398.994,809.804,691.87,487.053,544.244,746.235,293.893
249,0.069166667,293.54,398.994,809.804,691.87,487.053,544.244,746.235,293.893
250,0.069444444,293.54,398.994,809.804,691.87,487.053,544.244,746.235,293.893
251,0.069722222,293.545,400.06,813.072,696.365,489.498,547.04,750.45,293.895
252,0.07,293.545,400.06,813.072,696.365,489.498,547.04,750.45,293.895
253,0.070277778,293.545,400.06,813.072,696.365,489.498,547.04,750.45,293.895
254,0.070555556,293.554,401.418,816.252,700.924,491.992,550.048,754.676,293.916
255,0.070833333,293.554,401.418,816.252,700.924,491.992,550.048,754.676,293.916
256,0.071111111,293.554,401.418,816.252,700.924,491.992,550.048,754.676,293.916
257,0.071388889,293.554,401.418,816.252,700.924,491.992,550.048,754.676,293.916
258,0.071666667,293.56,402.848,819.599,705.374,494.458,552.911,758.879,293.924
259,0.071944444,293.56,402.848,819.599,705.374,494.458,552.911,758.879,293.924
260,0.072222222,293.56,402.848,819.599,705.374,494.458,552.911,758.879,293.924
261,0.0725,293.548,404.172,823.135,709.584,496.803,555.627,762.806,293.921
262,0.072777778,293.548,404.172,823.135,709.584,496.803,555.627,762.806,293.921
263,0.073055556,293.548,404.172,823.135,709.584,496.803,555.627,762.806,293.921
264,0.073333333,293.548,404.172,823.135,709.584,496.803,555.627,762.806,293.921
265,0.073611111,293.557,405.528,826.627,713.837,499.157,558.462,766.847,293.933
266,0.073888889,293.557,405.528,826.627,713.837,499.157,558.462,766.847,293.933
267,0.074166667,293.557,405.528,826.627,713.837,499.157,558.462,766.847,293.933
268,0.074444444,293.56,406.878,830.189,718.053,501.531,561.296,770.895,293.947
269,0.074722222,293.56,406.878,830.189,718.053,501.531,561.296,770.895,293.947
270,0.075,293.56,406.878,830.189,718.053,501.531,561.296,770.895,293.947
271,0.075277778,293.56,406.878,830.189,718.053,501.531,561.296,770.895,293.947
272,0.075555556,293.581,408.332,833.521,722.195,503.849,564.042,774.804,293.969
273,0.075833333,293.581,408.332,833.521,722.195,503.849,564.042,774.804,293.969
274,0.076111111,293.581,408.332,833.521,722.195,503.849,564.042,774.804,293.969
275,0.076388889,293.566,409.818,836.668,726.265,506.126,566.681,778.682,293.963
276,0.076666667,293.566,409.818,836.668,726.265,506.126,566.681,778.682,293.963
277,0.076944444,293.566,409.818,836.668,726.265,506.126,566.681,778.682,293.963
278,0.077222222,293.566,409.818,836.668,726.265,506.126,566.681,778.682,293.963
279,0.0775,293.572,411.314,839.41,730.254,508.386,569.35,782.467,293.984
280,0.077777778,293.572,411.314,839.41,730.254,508.386,569.35,782.467,293.984
281,0.078055556,293.572,411.314,839.41,730.254,508.386,569.35,782.467,293.984
282,0.078333333,293.57,412.71,841.976,734.159,510.623,571.97,786.177,293.974
283,0.078611111,293.57,412.71,841.976,734.159,510.623,571.97,786.177,293.974
284,0.078888889,293.57,412.71,841.976,734.159,510.623,571.97,786.177,293.974
285,0.079166667,293.57,412.71,841.976,734.159,510.623,571.97,786.177,293.974
286,0.079444444,293.576,413.931,844.439,738.045,512.846,574.648,789.873,293.989
287,0.079722222,293.576,413.931,844.439,738.045,512.846,574.648,789.873,293.989
288,0.08,293.576,413.931,844.439,738.045,512.846,574.648,789.873,293.989
289,0.080277778,293.583,415.109,847.049,741.799,515.022,577.179,793.421,293.992
290,0.080555556,293.583,415.109,847.049,741.799,515.022,577.179,793.421,293.992
291,0.080833333,293.583,415.109,847.049,741.799,515.022,577.179,793.421,293.992
292,0.081111111,293.583,415.109,847.049,741.799,515.022,577.179,793.421,293.992
293,0.081388889,293.595,416.391,849.741,745.546,517.212,579.727,796.94,294.018
294,0.081666667,293.595,416.391,849.741,745.546,517.212,579.727,796.94,294.018
295,0.081944444,293.595,416.391,849.741,745.546,517.212,579.727,796.94,294.018
296,0.082222222,293.593,417.783,852.124,749.158,519.334,582.227,800.33,294.011
297,0.0825,293.593,417.783,852.124,749.158,519.334,582.227,800.33,294.011
298,0.082777778,293.593,417.783,852.124,749.158,519.334,582.227,800.33,294.011
299,0.083055556,293.593,417.783,852.124,749.158,519.334,582.227,800.33,294.011
300,0.083333333,293.593,420.993,854.738,752.739,521.469,584.703,803.725,294.033
301,0.083611111,293.593,420.993,854.738,752.739,521.469,584.703,803.725,294.033
302,0.083888889,293.593,420.993,854.738,752.739,521.469,584.703,803.725,294.033
303,0.084166667,293.596,423.066,857.045,756.241,523.562,587.17,807.03,294.041
304,0.084444444,293.596,423.066,857.045,756.241,523.562,587.17,807.03,294.041
305,0.084722222,293.596,423.066,857.045,756.241,523.562,587.17,807.03,294.041
306,0.085,293.596,423.066,857.045,756.241,523.562,587.17,807.03,294.041
307,0.085277778,293.605,424.725,859.165,759.623,525.61,589.552,810.175,294.05
308,0.085555556,293.605,424.725,859.165,759.623,525.61,589.552,810.175,294.05
309,0.085833333,293.605,424.725,859.165,759.623,525.61,589.552,810.175,294.05
310,0.086111111,293.607,426.096,861.481,763.017,527.666,591.991,813.393,294.061
311,0.086388889,293.607,426.096,861.481,763.017,527.666,591.991,813.393,294.061
312,0.086666667,293.607,426.096,861.481,763.017,527.666,591.991,813.393,294.061
313,0.086944444,293.607,426.096,861.481,763.017,527.666,591.991,813.393,294.061
314,0.087222222,293.609,427.533,863.832,766.347,529.707,594.335,816.511,294.068
315,0.0875,293.609,427.533,863.832,766.347,529.707,594.335,816.511,294.068
316,0.087777778,293.609,427.533,863.832,766.347,529.707,594.335,816.511,294.068
317,0.088055556,293.608,429.315,865.657,769.522,531.656,596.595,819.494,294.072
318,0.088333333,293.608,429.315,865.657,769.522,531.656,596.595,819.494,294.072
319,0.088611111,293.608,429.315,865.657,769.522,531.656,596.595,819.494,294.072
320,0.088888889,293.608,429.315,865.657,769.522,531.656,596.595,819.494,294.072
321,0.089166667,293.62,430.623,867.754,772.676,533.608,598.883,822.431,294.096
322,0.089444444,293.62,430.623,867.754,772.676,533.608,598.883,822.431,294.096
323,0.089722222,293.62,430.623,867.754,772.676,533.608,598.883,822.431,294.096
324,0.09,293.622,432.002,869.866,775.746,535.526,601.096,825.297,294.087
325,0.090277778,293.622,432.002,869.866,775.746,535.526,601.096,825.297,294.087
326,0.090555556,293.622,432.002,869.866,775.746,535.526,601.096,825.297,294.087
327,0.090833333,293.625,433.739,871.693,778.764,537.436,603.278,828.131,294.111
328,0.091111111,293.625,433.739,871.693,778.764,537.436,603.278,828.131,294.111
329,0.091388889,293.625,433.739,871.693,778.764,537.436,603.278,828.131,294.111
330,0.091666667,293.625,433.739,871.693,778.764,537.436,603.278,828.131,294.111
331,0.091944444,293.625,435.044,873.666,781.788,539.333,605.554,830.964,294.117
332,0.092222222,293.625,435.044,873.666,781.788,539.333,605.554,830.964,294.117
333,0.0925,293.625,435.044,873.666,781.788,539.333,605.554,830.964,294.117
334,0.092777778,293.632,436.801,875.561,784.735,541.215,607.712,833.727,294.13
335,0.093055556,293.632,436.801,875.561,784.735,541.215,607.712,833.727,294.13
336,0.093333333,293.632,436.801,875.561,784.735,541.215,607.712,833.727,294.13
337,0.093611111,293.632,436.801,875.561,784.735,541.215,607.712,833.727,294.13
338,0.093888889,293.642,438.276,877.519,787.665,543.083,609.88,836.452,294.128
339,0.094166667,293.642,438.276,877.519,787.665,543.083,609.88,836.452,294.128
340,0.094444444,293.642,438.276,877.519,787.665,543.083,609.88,836.452,294.128
341,0.094722222,293.631,439.749,879.035,790.437,544.876,611.931,839.022,294.136
342,0.095,293.631,439.749,879.035,790.437,544.876,611.931,839.022,294.136
343,0.095277778,293.631,439.749,879.035,790.437,544.876,611.931,839.022,294.136
344,0.095555556,293.631,439.749,879.035,790.437,544.876,611.931,839.022,294.136
345,0.095833333,293.641,441.131,880.602,793.186,546.662,613.958,841.612,294.143
346,0.096111111,293.641,441.131,880.602,793.186,546.662,613.958,841.612,294.143
347,0.096388889,293.641,441.131,880.602,793.186,546.662,613.958,841.612,294.143
348,0.096666667,293.645,442.348,882.301,795.891,548.444,616.051,844.107,294.154
349,0.096944444,293.645,442.348,882.301,795.891,548.444,616.051,844.107,294.154
350,0.097222222,293.645,442.348,882.301,795.891,548.444,616.051,844.107,294.154
351,0.0975,293.645,442.348,882.301,795.891,548.444,616.051,844.107,294.154
352,0.097777778,293.657,443.527,884.29,798.631,550.227,618.11,846.628,294.169
353,0.098055556,293.657,443.527,884.29,798.631,550.227,618.11,846.628,294.169
354,0.098333333,293.657,443.527,884.29,798.631,550.227,618.11,846.628,294.169
355,0.098611111,293.66,444.944,886.174,801.191,551.942,620.061,849.056,294.18
356,0.098888889,293.66,444.944,886.174,801.191,551.942,620.061,849.056,294.18
357,0.099166667,293.66,444.944,886.174,801.191,551.942,620.061,849.056,294.18
358,0.099444444,293.657,446.265,887.461,803.715,553.643,621.994,851.4,294.19
359,0.099722222,293.657,446.265,887.461,803.715,553.643,621.994,851.4,294.19
360,0.1,293.657,446.265,887.461,803.715,553.643,621.994,851.4,294.19
361,0.100277778,293.657,446.265,887.461,803.715,553.643,621.994,851.4,294.19
362,0.100555556,293.657,447.471,888.63,806.202,555.29,623.927,853.719,294.186
363,0.100833333,293.657,447.471,888.63,806.202,555.29,623.927,853.719,294.186
364,0.101111111,293.657,447.471,888.63,806.202,555.29,623.927,853.719,294.186
365,0.101388889,293.662,448.869,890.256,808.775,557.015,625.932,856.087,294.195
366,0.101666667,293.662,448.869,890.256,808.775,557.015,625.932,856.087,294.195
367,0.101944444,293.662,448.869,890.256,808.775,557.015,625.932,856.087,294.195
368,0.102222222,293.662,448.869,890.256,808.775,557.015,625.932,856.087,294.195
369,0.1025,293.668,449.918,891.679,811.233,558.673,627.822,858.39,294.205
370,0.102777778,293.668,449.918,891.679,811.233,558.673,627.822,858.39,294.205
371,0.103055556,293.668,449.918,891.679,811.233,558.673,627.822,858.39,294.205
372,0.103333333,293.668,449.918,891.679,811.233,558.673,627.822,858.39,294.205
373,0.103611111,293.663,451.485,893.283,813.727,560.338,629.833,860.756,294.216
374,0.103888889,293.663,451.485,893.283,813.727,560.338,629.833,860.756,294.216
375,0.104166667,293.663,451.485,893.283,813.727,560.338,629.833,860.756,294.216
376,0.104444444,293.675,452.733,895.001,816.164,561.971,631.712,863.026,294.231
377,0.104722222,293.675,452.733,895.001,816.164,561.971,631.712,863.026,294.231
378,0.105,293.675,452.733,895.001,816.164,561.971,631.712,863.026,294.231
379,0.105277778,293.684,453.734,896.217,818.516,563.581,633.569,865.205,294.233
380,0.105555556,293.684,453.734,896.217,818.516,563.581,633.569,865.205,294.233
381,0.105833333,293.684,453.734,896.217,818.516,563.581,633.569,865.205,294.233
382,0.106111111,293.684,453.734,896.217,818.516,563.581,633.569,865.205,294.233
383,0.106388889,293.683,455.16,897.592,820.847,565.178,635.39,867.331,294.25
384,0.106666667,293.683,455.16,897.592,820.847,565.178,635.39,867.331,294.25
385,0.106944444,293.683,455.16,897.592,820.847,565.178,635.39,867.331,294.25
386,0.107222222,293.701,456.606,898.67,823.138,566.752,637.26,869.455,294.26
387,0.1075,293.701,456.606,898.67,823.138,566.752,637.26,869.455,294.26
388,0.107777778,293.701,456.606,898.67,823.138,566.752,637.26,869.455,294.26
389,0.108055556,293.701,456.606,898.67,823.138,566.752,637.26,869.455,294.26
390,0.108333333,293.685,457.213,899.448,825.375,568.317,639.039,871.52,294.26
391,0.108611111,293.685,457.213,899.448,825.375,568.317,639.039,871.52,294.26
392,0.108888889,293.685,457.213,899.448,825.375,568.317,639.039,871.52,294.26
393,0.109166667,293.694,458.563,900.436,827.513,569.83,640.782,873.488,294.264
394,0.109444444,293.694,458.563,900.436,827.513,569.83,640.782,873.488,294.264
395,0.109722222,293.694,458.563,900.436,827.513,569.83,640.782,873.488,294.264
396,0.11,293.694,458.563,900.436,827.513,569.83,640.782,873.488,294.264
397,0.110277778,293.701,459.978,901.977,829.652,571.373,642.488,875.417,294.277
398,0.110555556,293.701,459.978,901.977,829.652,571.373,642.488,875.417,294.277
399,0.110833333,293.701,459.978,901.977,829.652,571.373,642.488,875.417,294.277
400,0.111111111,293.708,461.296,903.242,831.799,572.938,644.282,877.372,294.292
401,0.111388889,293.708,461.296,903.242,831.799,572.938,644.282,877.372,294.292
402,0.111666667,293.708,461.296,903.242,831.799,572.938,644.282,877.372,294.292
403,0.111944444,293.708,461.296,903.242,831.799,572.938,644.282,877.372,294.292
404,0.112222222,293.717,462.589,904.37,833.874,574.452,646.06,879.278,294.297
405,0.1125,293.717,462.589,904.37,833.874,574.452,646.06,879.278,294.297
406,0.112777778,293.717,462.589,904.37,833.874,574.452,646.06,879.278,294.297
407,0.113055556,293.718,464.176,905.657,835.892,575.969,647.791,881.083,294.308
408,0.113333333,293.718,464.176,905.657,835.892,575.969,647.791,881.083,294.308
409,0.113611111,293.718,464.176,905.657,835.892,575.969,647.791,881.083,294.308
410,0.113888889,293.718,464.176,905.657,835.892,575.969,647.791,881.083,294.308
411,0.114166667,293.713,465.382,906.807,837.85,577.436,649.527,882.839,294.313
412,0.114444444,293.713,465.382,906.807,837.85,577.436,649.527,882.839,294.313
413,0.114722222,293.713,465.382,906.807,837.85,577.436,649.527,882.839,294.313
414,0.115,293.718,465.38,907.912,839.749,578.863,651.193,884.613,294.315
415,0.115277778,293.718,465.38,907.912,839.749,578.863,651.193,884.613,294.315
416,0.115555556,293.718,465.38,907.912,839.749,578.863,651.193,884.613,294.315
417,0.115833333,293.718,465.38,907.912,839.749,578.863,651.193,884.613,294.315
418,0.116111111,293.724,467.641,909.026,841.606,580.282,652.813,886.3,294.323
419,0.116388889,293.724,467.641,909.026,841.606,580.282,652.813,886.3,294.323
420,0.116666667,293.724,467.641,909.026,841.606,580.282,652.813,886.3,294.323
421,0.116944444,293.739,468.088,910.392,843.479,581.708,654.436,888.011,294.355
422,0.117222222,293.739,468.088,910.392,843.479,581.708,654.436,888.011,294.355
423,0.1175,293.739,468.088,910.392,843.479,581.708,654.436,888.011,294.355
424,0.117777778,293.739,468.088,910.392,843.479,581.708,654.436,888.011,294.355
425,0.118055556,293.743,469.718,911.795,845.341,583.117,656.032,889.712,294.358
426,0.118333333,293.743,469.718,911.795,845.341,583.117,656.032,889.712,294.358
427,0.118611111,293.743,469.718,911.795,845.341,583.117,656.032,889.712,294.358
428,0.118888889,293.74,471.31,913.103,847.119,584.481,657.566,891.362,294.36
429,0.119166667,293.74,471.31,913.103,847.119,584.481,657.566,891.362,294.36
430,0.119444444,293.74,471.31,913.103,847.119,584.481,657.566,891.362,294.36
431,0.119722222,293.74,471.31,913.103,847.119,584.481,657.566,891.362,294.36
432,0.12,293.748,472.686,914.357,848.915,585.862,659.068,893.018,294.366
433,0.120277778,293.748,472.686,914.357,848.915,585.862,659.068,893.018,294.366
434,0.120555556,293.748,472.686,914.357,848.915,585.862,659.068,893.018,294.366
435,0.120833333,293.756,473.792,915.296,850.692,587.235,660.624,894.637,294.385
436,0.121111111,293.756,473.792,915.296,850.692,587.235,660.624,894.637,294.385
437,0.121388889,293.756,473.792,915.296,850.692,587.235,660.624,894.637,294.385
438,0.121666667,293.756,473.792,915.296,850.692,587.235,660.624,894.637,294.385
439,0.121944444,293.76,475.001,916.162,852.413,588.561,662.161,896.215,294.391
440,0.122222222,293.76,475.001,916.162,852.413,588.561,662.161,896.215,294.391
441,0.1225,293.76,475.001,916.162,852.413,588.561,662.161,896.215,294.391
442,0.122777778,293.766,476.3,916.93,854.131,589.894,663.698,897.8,294.403
443,0.123055556,293.766,476.3,916.93,854.131,589.894,663.698,897.8,294.403
444,0.123333333,293.766,476.3,916.93,854.131,589.894,663.698,897.8,294.403
445,0.123611111,293.77,477.316,917.435,855.803,591.148,665.122,899.33,294.405
446,0.123888889,293.77,477.316,917.435,855.803,591.148,665.122,899.33,294.405
447,0.124166667,293.77,477.316,917.435,855.803,591.148,665.122,899.33,294.405
448,0.124444444,293.77,477.316,917.435,855.803,591.148,665.122,899.33,294.405
449,0.124722222,293.781,478.523,918.233,857.492,592.479,666.63,900.886,294.421
450,0.125,293.781,478.523,918.233,857.492,592.479,666.63,900.886,294.421
451,0.125277778,293.781,478.523,918.233,857.492,592.479,666.63,900.886,294.421
452,0.125555556,293.781,478.523,918.233,857.492,592.479,666.63,900.886,294.421
453,0.125833333,293.778,479.718,919.072,859.165,593.775,668.088,902.41,294.429
454,0.126111111,293.778,479.718,919.072,859.165,593.775,668.088,902.41,294.429
455,0.126388889,293.778,479.718,919.072,859.165,593.775,668.088,902.41,294.429
456,0.126666667,293.781,480.969,919.9,860.774,595.085,669.512,903.874,294.427
457,0.126944444,293.781,480.969,919.9,860.774,595.085,669.512,903.874,294.427
458,0.127222222,293.781,480.969,919.9,860.774,595.085,669.512,903.874,294.427
459,0.1275,293.781,480.969,919.9,860.774,595.085,669.512,903.874,294.427
460,0.127777778,293.779,481.88,920.608,862.31,596.303,670.844,905.256,294.441
461,0.128055556,293.779,481.88,920.608,862.31,596.303,670.844,905.256,294.441
462,0.128333333,293.779,481.88,920.608,862.31,596.303,670.844,905.256,294.441
463,0.128611111,293.794,483.043,921.561,863.854,597.569,672.32,906.67,294.454
464,0.128888889,293.794,483.043,921.561,863.854,597.569,672.32,906.67,294.454
465,0.129166667,293.794,483.043,921.561,863.854,597.569,672.32,906.67,294.454
466,0.129444444,293.793,483.804,922.703,865.375,598.82,673.717,908.062,294.454
467,0.129722222,293.793,483.804,922.703,865.375,598.82,673.717,908.062,294.454
468,0.13,293.793,483.804,922.703,865.375,598.82,673.717,908.062,294.454
469,0.130277778,293.793,483.804,922.703,865.375,598.82,673.717,908.062,294.454
470,0.130555556,293.81,484.899,923.501,866.853,600.059,675.101,909.403,294.465
471,0.130833333,293.81,484.899,923.501,866.853,600.059,675.101,909.403,294.465
472,0.131111111,293.81,484.899,923.501,866.853,600.059,675.101,909.403,294.465
473,0.131388889,293.808,485.968,924.515,868.302,601.238,676.455,910.759,294.466
474,0.131666667,293.808,485.968,924.515,868.302,601.238,676.455,910.759,294.466
475,0.131944444,293.808,485.968,924.515,868.302,601.238,676.455,910.759,294.466
476,0.132222222,293.808,485.968,924.515,868.302,601.238,676.455,910.759,294.466
477,0.1325,293.806,487.565,925.231,869.791,602.449,677.81,912.129,294.481
478,0.132777778,293.806,487.565,925.231,869.791,602.449,677.81,912.129,294.481
479,0.133055556,293.806,487.565,925.231,869.791,602.449,677.81,912.129,294.481
480,0.133333333,293.819,488.737,925.799,871.234,603.631,679.112,913.489,294.485
481,0.133611111,293.819,488.737,925.799,871.234,603.631,679.112,913.489,294.485
482,0.133888889,293.819,488.737,925.799,871.234,603.631,679.112,913.489,294.485
483,0.134166667,293.819,488.737,925.799,871.234,603.631,679.112,913.489,294.485
484,0.134444444,293.827,489.858,926.551,872.655,604.791,680.427,914.763,294.497
485,0.134722222,293.827,489.858,926.551,872.655,604.791,680.427,914.763,294.497
486,0.135,293.827,489.858,926.551,872.655,604.791,680.427,914.763,294.497
487,0.135277778,293.826,490.948,927.866,874.104,605.987,681.781,916.124,294.508
488,0.135555556,293.826,490.948,927.866,874.104,605.987,681.781,916.124,294.508
489,0.135833333,293.826,490.948,927.866,874.104,605.987,681.781,916.124,294.508
490,0.136111111,293.826,490.948,927.866,874.104,605.987,681.781,916.124,294.508
491,0.136388889,293.827,492.259,928.807,875.52,607.136,683.124,917.38,294.512
492,0.136666667,293.827,492.259,928.807,875.52,607.136,683.124,917.38,294.512
493,0.136944444,293.827,492.259,928.807,875.52,607.136,683.124,917.38,294.512
494,0.137222222,293.84,493.398,929.952,876.91,608.295,684.462,918.662,294.526
495,0.1375,293.84,493.398,929.952,876.91,608.295,684.462,918.662,294.526
496,0.137777778,293.84,493.398,929.952,876.91,608.295,684.462,918.662,294.526
497,0.138055556,293.84,493.398,929.952,876.91,608.295,684.462,918.662,294.526
498,0.138333333,293.838,494.013,930.434,878.291,609.479,685.787,919.933,294.545
499,0.138611111,293.838,494.013,930.434,878.291,609.479,685.787,919.933,294.545
500,0.138888889,293.838,494.013,930.434,878.291,609.479,685.787,919.933,294.545
501,0.139166667,293.84,494.93,931.025,879.579,610.558,687.013,921.1,294.529
502,0.139444444,293.84,494.93,931.025,879.579,610.558,687.013,921.1,294.529
503,0.139722222,293.84,494.93,931.025,879.579,610.558,687.013,921.1,294.529
504,0.14,293.84,494.93,931.025,879.579,610.558,687.013,921.1,294.529
505,0.140277778,293.858,495.737,931.92,880.895,611.708,688.24,922.313,294.546
506,0.140555556,293.858,495.737,931.92,880.895,611.708,688.24,922.313,294.546
507,0.140833333,293.858,495.737,931.92,880.895,611.708,688.24,922.313,294.546
508,0.141111111,293.867,496.921,932.56,882.181,612.798,689.501,923.452,294.551
509,0.141388889,293.867,496.921,932.56,882.181,612.798,689.501,923.452,294.551
510,0.141666667,293.867,496.921,932.56,882.181,612.798,689.501,923.452,294.551
511,0.141944444,293.867,496.921,932.56,882.181,612.798,689.501,923.452,294.551
512,0.142222222,293.878,497.761,932.867,883.415,613.888,690.69,924.568,294.573
513,0.1425,293.878,497.761,932.867,883.415,613.888,690.69,924.568,294.573
514,0.142777778,293.878,497.761,932.867,883.415,613.888,690.69,924.568,294.573
515,0.143055556,293.883,499.129,933.393,884.649,614.993,691.926,925.683,294.586
516,0.143333333,293.883,499.129,933.393,884.649,614.993,691.926,925.683,294.586
517,0.143611111,293.883,499.129,933.393,884.649,614.993,691.926,925.683,294.586
518,0.143888889,293.873,500.203,933.812,885.849,616.105,693.108,926.706,294.587
519,0.144166667,293.873,500.203,933.812,885.849,616.105,693.108,926.706,294.587
520,0.144444444,293.873,500.203,933.812,885.849,616.105,693.108,926.706,294.587
521,0.144722222,293.873,500.203,933.812,885.849,616.105,693.108,926.706,294.587
522,0.145,293.877,501.385,934.131,887.048,617.216,694.313,927.828,294.592
523,0.145277778,293.877,501.385,934.131,887.048,617.216,694.313,927.828,294.592
524,0.145555556,293.877,501.385,934.131,887.048,617.216,694.313,927.828,294.592
525,0.145833333,293.896,502.529,934.679,888.224,618.332,695.521,928.838,294.609
526,0.146111111,293.896,502.529,934.679,888.224,618.332,695.521,928.838,294.609
527,0.146388889,293.896,502.529,934.679,888.224,618.332,695.521,928.838,294.609
528,0.146666667,293.896,502.529,934.679,888.224,618.332,695.521,928.838,294.609
529,0.146944444,293.888,503.584,935.251,889.358,619.398,696.67,929.878,294.613
530,0.147222222,293.888,503.584,935.251,889.358,619.398,696.67,929.878,294.613
531,0.1475,293.888,503.584,935.251,889.358,619.398,696.67,929.878,294.613
532,0.147777778,293.901,504.586,935.817,890.495,620.458,697.875,930.912,294.62
533,0.148055556,293.901,504.586,935.817,890.495,620.458,697.875,930.912,294.62
534,0.148333333,293.901,504.586,935.817,890.495,620.458,697.875,930.912,294.62
535,0.148611111,293.901,504.586,935.817,890.495,620.458,697.875,930.912,294.62
536,0.148888889,293.908,505.555,935.942,891.566,621.506,699.004,931.874,294.633
537,0.149166667,293.908,505.555,935.942,891.566,621.506,699.004,931.874,294.633
538,0.149444444,293.908,505.555,935.942,891.566,621.506,699.004,931.874,294.633
539,0.149722222,293.906,506.705,936.299,892.682,622.583,700.109,932.849,294.627
540,0.15,293.906,506.705,936.299,892.682,622.583,700.109,932.849,294.627
541,0.150277778,293.906,506.705,936.299,892.682,622.583,700.109,932.849,294.627
542,0.150555556,293.906,506.705,936.299,892.682,622.583,700.109,932.849,294.627
543,0.150833333,293.921,507.856,936.592,893.757,623.652,701.298,933.791,294.641
544,0.151111111,293.921,507.856,936.592,893.757,623.652,701.298,933.791,294.641
545,0.151388889,293.921,507.856,936.592,893.757,623.652,701.298,933.791,294.641
546,0.151666667,293.937,509.219,937.308,894.795,624.661,702.389,934.714,294.656
547,0.151944444,293.937,509.219,937.308,894.795,624.661,702.389,934.714,294.656
548,0.152222222,293.937,509.219,937.308,894.795,624.661,702.389,934.714,294.656
549,0.1525,293.937,509.219,937.308,894.795,624.661,702.389,934.714,294.656
550,0.152777778,293.935,510.158,938.485,895.824,625.688,703.467,935.644,294.658
551,0.153055556,293.935,510.158,938.485,895.824,625.688,703.467,935.644,294.658
552,0.153333333,293.935,510.158,938.485,895.824,625.688,703.467,935.644,294.658
553,0.153611111,293.944,511.052,939.118,896.84,626.716,704.594,936.498,294.68
554,0.153888889,293.944,511.052,939.118,896.84,626.716,704.594,936.498,294.68
555,0.154166667,293.944,511.052,939.118,896.84,626.716,704.594,936.498,294.68
556,0.154444444,293.944,511.052,939.118,896.84,626.716,704.594,936.498,294.68
557,0.154722222,293.952,512.446,940.009,897.861,627.734,705.738,937.476,294.676
558,0.155,293.952,512.446,940.009,897.861,627.734,705.738,937.476,294.676
559,0.155277778,293.952,512.446,940.009,897.861,627.734,705.738,937.476,294.676
560,0.155555556,293.954,513.183,940.665,898.826,628.727,706.788,938.34,294.686
561,0.155833333,293.954,513.183,940.665,898.826,628.727,706.788,938.34,294.686
562,0.156111111,293.954,513.183,940.665,898.826,628.727,706.788,938.34,294.686
563,0.156388889,293.954,513.183,940.665,898.826,628.727,706.788,938.34,294.686
564,0.156666667,293.967,514.179,940.993,899.825,629.746,707.876,939.244,294.701
565,0.156944444,293.967,514.179,940.993,899.825,629.746,707.876,939.244,294.701
566,0.157222222,293.967,514.179,940.993,899.825,629.746,707.876,939.244,294.701
567,0.1575,293.971,515.046,941.338,900.814,630.709,708.921,940.126,294.709
568,0.157777778,293.971,515.046,941.338,900.814,630.709,708.921,940.126,294.709
569,0.158055556,293.971,515.046,941.338,900.814,630.709,708.921,940.126,294.709
570,0.158333333,293.971,515.046,941.338,900.814,630.709,708.921,940.126,294.709
571,0.158611111,293.975,515.932,941.603,901.771,631.692,709.989,940.992,294.713
572,0.158888889,293.975,515.932,941.603,901.771,631.692,709.989,940.992,294.713
573,0.159166667,293.975,515.932,941.603,901.771,631.692,709.989,940.992,294.713
574,0.159444444,293.975,516.115,941.927,902.738,632.641,711.022,941.854,294.71
575,0.159722222,293.975,516.115,941.927,902.738,632.641,711.022,941.854,294.71
576,0.16,293.975,516.115,941.927,902.738,632.641,711.022,941.854,294.71
577,0.160277778,293.975,516.115,941.927,902.738,632.641,711.022,941.854,294.71
578,0.160555556,293.991,516.81,942.245,903.705,633.631,712.052,942.705,294.729
579,0.160833333,293.991,516.81,942.245,903.705,633.631,712.052,942.705,294.729
580,0.161111111,293.991,516.81,942.245,903.705,633.631,712.052,942.705,294.729
581,0.161388889,293.988,517,942.513,904.602,634.555,713.081,943.519,294.727
582,0.161666667,293.988,517,942.513,904.602,634.555,713.081,943.519,294.727
583,0.161944444,293.988,517,942.513,904.602,634.555,713.081,943.519,294.727
584,0.162222222,293.988,517,942.513,904.602,634.555,713.081,943.519,294.727
585,0.1625,294.01,518.141,942.95,905.497,635.493,714.04,944.302,294.759
586,0.162777778,294.01,518.141,942.95,905.497,635.493,714.04,944.302,294.759
587,0.163055556,294.01,518.141,942.95,905.497,635.493,714.04,944.302,294.759
588,0.163333333,294.011,518.875,943.372,906.387,636.438,715.076,945.103,294.762
589,0.163611111,294.011,518.875,943.372,906.387,636.438,715.076,945.103,294.762
590,0.163888889,294.011,518.875,943.372,906.387,636.438,715.076,945.103,294.762
591,0.164166667,294.011,518.875,943.372,906.387,636.438,715.076,945.103,294.762
592,0.164444444,294.012,520.237,944.126,907.245,637.333,716.069,945.875,294.759
593,0.164722222,294.012,520.237,944.126,907.245,637.333,716.069,945.875,294.759
594,0.165,294.012,520.237,944.126,907.245,637.333,716.069,945.875,294.759
595,0.165277778,294.023,521.521,944.859,908.118,638.272,717.054,946.643,294.766
596,0.165555556,294.023,521.521,944.859,908.118,638.272,717.054,946.643,294.766
597,0.165833333,294.023,521.521,944.859,908.118,638.272,717.054,946.643,294.766
598,0.166111111,294.023,521.521,944.859,908.118,638.272,717.054,946.643,294.766
599,0.166388889,294.031,522.261,945.481,908.976,639.185,718.056,947.425,294.776
600,0.166666667,294.031,522.261,945.481,908.976,639.185,718.056,947.425,294.776
601,0.166944444,294.031,522.261,945.481,908.976,639.185,718.056,947.425,294.776
602,0.167222222,294.037,523.676,946.206,909.799,640.067,719.018,948.157,294.782
603,0.1675,294.037,523.676,946.206,909.799,640.067,719.018,948.157,294.782
604,0.167777778,294.037,523.676,946.206,909.799,640.067,719.018,948.157,294.782
605,0.168055556,294.046,524.765,946.343,910.613,640.959,719.896,948.89,294.796
606,0.168333333,294.046,524.765,946.343,910.613,640.959,719.896,948.89,294.796
607,0.168611111,294.046,524.765,946.343,910.613,640.959,719.896,948.89,294.796
608,0.168888889,294.046,524.765,946.343,910.613,640.959,719.896,948.89,294.796
609,0.169166667,294.056,525.363,946.295,911.454,641.865,720.962,949.67,294.808
610,0.169444444,294.056,525.363,946.295,911.454,641.865,720.962,949.67,294.808
611,0.169722222,294.056,525.363,946.295,911.454,641.865,720.962,949.67,294.808
612,0.17,294.063,527.021,946.809,912.27,642.758,721.883,950.374,294.817
613,0.170277778,294.063,527.021,946.809,912.27,642.758,721.883,950.374,294.817
614,0.170555556,294.063,527.021,946.809,912.27,642.758,721.883,950.374,294.817
615,0.170833333,294.063,527.021,946.809,912.27,642.758,721.883,950.374,294.817
616,0.171111111,294.075,527.866,947.102,913.094,643.637,722.735,951.137,294.82
617,0.171388889,294.075,527.866,947.102,913.094,643.637,722.735,951.137,294.82
618,0.171666667,294.075,527.866,947.102,913.094,643.637,722.735,951.137,294.82
619,0.171944444,294.081,528.872,947.111,913.879,644.503,723.691,951.835,294.832
620,0.172222222,294.081,528.872,947.111,913.879,644.503,723.691,951.835,294.832
621,0.1725,294.081,528.872,947.111,913.879,644.503,723.691,951.835,294.832
622,0.172777778,294.081,528.872,947.111,913.879,644.503,723.691,951.835,294.832
623,0.173055556,294.094,529.731,947.358,914.679,645.365,724.609,952.563,294.843
624,0.173333333,294.094,529.731,947.358,914.679,645.365,724.609,952.563,294.843
625,0.173611111,294.094,529.731,947.358,914.679,645.365,724.609,952.563,294.843
626,0.173888889,294.097,530.937,947.874,915.461,646.204,725.557,953.248,294.844
627,0.174166667,294.097,530.937,947.874,915.461,646.204,725.557,953.248,294.844
628,0.174444444,294.097,530.937,947.874,915.461,646.204,725.557,953.248,294.844
629,0.174722222,294.097,530.937,947.874,915.461,646.204,725.557,953.248,294.844
630,0.175,294.118,531.821,948.617,916.233,647.068,726.467,953.971,294.877
631,0.175277778,294.118,531.821,948.617,916.233,647.068,726.467,953.971,294.877
632,0.175555556,294.118,531.821,948.617,916.233,647.068,726.467,953.971,294.877
633,0.175833333,294.122,532.948,948.923,916.978,647.878,727.322,954.637,294.869
634,0.176111111,294.122,532.948,948.923,916.978,647.878,727.322,954.637,294.869
635,0.176388889,294.122,532.948,948.923,916.978,647.878,727.322,954.637,294.869
636,0.176666667,294.122,532.948,948.923,916.978,647.878,727.322,954.637,294.869
637,0.176944444,294.13,533.954,949.681,917.729,648.708,728.225,955.338,294.876
638,0.177222222,294.13,533.954,949.681,917.729,648.708,728.225,955.338,294.876
639,0.1775,294.13,533.954,949.681,917.729,648.708,728.225,955.338,294.876
640,0.177777778,294.141,535.074,950.216,918.467,649.528,729.095,956.026,294.892
641,0.178055556,294.141,535.074,950.216,918.467,649.528,729.095,956.026,294.892
642,0.178333333,294.141,535.074,950.216,918.467,649.528,729.095,956.026,294.892
643,0.178611111,294.141,535.074,950.216,918.467,649.528,729.095,956.026,294.892
644,0.178888889,294.147,535.89,950.323,919.232,650.344,730.002,956.741,294.903
645,0.179166667,294.147,535.89,950.323,919.232,650.344,730.002,956.741,294.903
646,0.179444444,294.147,535.89,950.323,919.232,650.344,730.002,956.741,294.903
647,0.179722222,294.145,536.413,950.697,919.996,651.166,730.835,957.418,294.901
648,0.18,294.145,536.413,950.697,919.996,651.166,730.835,957.418,294.901
649,0.180277778,294.145,536.413,950.697,919.996,651.166,730.835,957.418,294.901
650,0.180555556,294.145,536.413,950.697,919.996,651.166,730.835,957.418,294.901
651,0.180833333,294.17,537.446,950.897,920.754,651.992,731.73,958.103,294.914
652,0.181111111,294.17,537.446,950.897,920.754,651.992,731.73,958.103,294.914
653,0.181388889,294.17,537.446,950.897,920.754,651.992,731.73,958.103,294.914
654,0.181666667,294.178,538.354,951.369,921.502,652.789,732.615,958.772,294.921
655,0.181944444,294.178,538.354,951.369,921.502,652.789,732.615,958.772,294.921
656,0.182222222,294.178,538.354,951.369,921.502,652.789,732.615,958.772,294.921
657,0.1825,294.178,538.354,951.369,921.502,652.789,732.615,958.772,294.921
658,0.182777778,294.188,539.607,951.99,922.225,653.598,733.495,959.44,294.93
659,0.183055556,294.188,539.607,951.99,922.225,653.598,733.495,959.44,294.93
660,0.183333333,294.188,539.607,951.99,922.225,653.598,733.495,959.44,294.93
661,0.183611111,294.194,540.546,952.149,922.95,654.417,734.307,960.04,294.935
662,0.183888889,294.194,540.546,952.149,922.95,654.417,734.307,960.04,294.935
663,0.184166667,294.194,540.546,952.149,922.95,654.417,734.307,960.04,294.935
664,0.184444444,294.194,540.546,952.149,922.95,654.417,734.307,960.04,294.935
665,0.184722222,294.211,541.425,952.12,923.645,655.218,735.2,960.716,294.948
666,0.185,294.211,541.425,952.12,923.645,655.218,735.2,960.716,294.948
667,0.185277778,294.211,541.425,952.12,923.645,655.218,735.2,960.716,294.948
668,0.185555556,294.216,542.427,952.372,924.342,656.002,736.036,961.322,294.954
669,0.185833333,294.216,542.427,952.372,924.342,656.002,736.036,961.322,294.954
670,0.186111111,294.216,542.427,952.372,924.342,656.002,736.036,961.322,294.954
671,0.186388889,294.216,542.427,952.372,924.342,656.002,736.036,961.322,294.954
672,0.186666667,294.229,543.277,952.834,925.007,656.777,736.853,961.946,294.953
673,0.186944444,294.229,543.277,952.834,925.007,656.777,736.853,961.946,294.953
674,0.187222222,294.229,543.277,952.834,925.007,656.777,736.853,961.946,294.953
675,0.1875,294.234,544.192,953.037,925.683,657.569,737.736,962.526,294.969
676,0.187777778,294.234,544.192,953.037,925.683,657.569,737.736,962.526,294.969
677,0.188055556,294.234,544.192,953.037,925.683,657.569,737.736,962.526,294.969
678,0.188333333,294.234,544.192,953.037,925.683,657.569,737.736,962.526,294.969
679,0.188611111,294.242,545.135,953.663,926.347,658.349,738.604,963.117,294.967
680,0.188888889,294.242,545.135,953.663,926.347,658.349,738.604,963.117,294.967
681,0.189166667,294.242,545.135,953.663,926.347,658.349,738.604,963.117,294.967
682,0.189444444,294.255,546.02,953.857,926.993,659.122,739.4,963.698,294.988
683,0.189722222,294.255,546.02,953.857,926.993,659.122,739.4,963.698,294.988
684,0.19,294.255,546.02,953.857,926.993,659.122,739.4,963.698,294.988
685,0.190277778,294.255,546.02,953.857,926.993,659.122,739.4,963.698,294.988
686,0.190555556,294.271,546.887,953.987,927.628,659.903,740.18,964.23,295.001
687,0.190833333,294.271,546.887,953.987,927.628,659.903,740.18,964.23,295.001
688,0.191111111,294.271,546.887,953.987,927.628,659.903,740.18,964.23,295.001
689,0.191388889,294.274,547.639,954.354,928.244,660.683,741.037,964.783,295
690,0.191666667,294.274,547.639,954.354,928.244,660.683,741.037,964.783,295
691,0.191944444,294.274,547.639,954.354,928.244,660.683,741.037,964.783,295
692,0.192222222,294.274,547.639,954.354,928.244,660.683,741.037,964.783,295
693,0.1925,294.296,548.693,954.839,928.863,661.475,741.846,965.299,295.015
694,0.192777778,294.296,548.693,954.839,928.863,661.475,741.846,965.299,295.015
695,0.193055556,294.296,548.693,954.839,928.863,661.475,741.846,965.299,295.015
696,0.193333333,294.308,549.601,955.105,929.459,662.249,742.67,965.812,295.041
697,0.193611111,294.308,549.601,955.105,929.459,662.249,742.67,965.812,295.041
698,0.193888889,294.308,549.601,955.105,929.459,662.249,742.67,965.812,295.041
699,0.194166667,294.308,549.601,955.105,929.459,662.249,742.67,965.812,295.041
700,0.194444444,294.326,550.509,955.255,930.026,663.016,743.392,966.32,295.039
701,0.194722222,294.326,550.509,955.255,930.026,663.016,743.392,966.32,295.039
702,0.195,294.326,550.509,955.255,930.026,663.016,743.392,966.32,295.039
703,0.195277778,294.323,551.407,954.947,930.613,663.788,744.234,966.834,295.045
704,0.195555556,294.323,551.407,954.947,930.613,663.788,744.234,966.834,295.045
705,0.195833333,294.323,551.407,954.947,930.613,663.788,744.234,966.834,295.045
706,0.196111111,294.323,551.407,954.947,930.613,663.788,744.234,966.834,295.045
707,0.196388889,294.345,552.304,955.186,931.179,664.548,745.01,967.306,295.06
708,0.196666667,294.345,552.304,955.186,931.179,664.548,745.01,967.306,295.06
709,0.196944444,294.345,552.304,955.186,931.179,664.548,745.01,967.306,295.06
710,0.197222222,294.352,553.243,955.216,931.753,665.324,745.787,967.794,295.073
711,0.1975,294.352,553.243,955.216,931.753,665.324,745.787,967.794,295.073
712,0.197777778,294.352,553.243,955.216,931.753,665.324,745.787,967.794,295.073
713,0.198055556,294.368,554.145,954.854,932.286,666.09,746.569,968.241,295.076
714,0.198333333,294.368,554.145,954.854,932.286,666.09,746.569,968.241,295.076
715,0.198611111,294.368,554.145,954.854,932.286,666.09,746.569,968.241,295.076
716,0.198888889,294.368,554.145,954.854,932.286,666.09,746.569,968.241,295.076
717,0.199166667,294.387,555.115,954.631,932.824,666.83,747.326,968.714,295.095
718,0.199444444,294.387,555.115,954.631,932.824,666.83,747.326,968.714,295.095
719,0.199722222,294.387,555.115,954.631,932.824,666.83,747.326,968.714,295.095
720,0.2,294.384,555.942,954.321,933.351,667.596,748.112,969.15,295.102
721,0.200277778,294.384,555.942,954.321,933.351,667.596,748.112,969.15,295.102
722,0.200555556,294.384,555.942,954.321,933.351,667.596,748.112,969.15,295.102
723,0.200833333,294.384,555.942,954.321,933.351,667.596,748.112,969.15,295.102
724,0.201111111,294.397,556.95,954.309,933.86,668.363,748.865,969.553,295.105
725,0.201388889,294.397,556.95,954.309,933.86,668.363,748.865,969.553,295.105
726,0.201666667,294.397,556.95,954.309,933.86,668.363,748.865,969.553,295.105
727,0.201944444,294.412,557.725,954.7,934.322,669.074,749.613,969.951,295.118
728,0.202222222,294.412,557.725,954.7,934.322,669.074,749.613,969.951,295.118
729,0.2025,294.412,557.725,954.7,934.322,669.074,749.613,969.951,295.118
730,0.202777778,294.412,557.725,954.7,934.322,669.074,749.613,969.951,295.118
731,0.203055556,294.428,558.656,955.334,934.793,669.821,750.356,970.299,295.126
732,0.203333333,294.428,558.656,955.334,934.793,669.821,750.356,970.299,295.126
733,0.203611111,294.428,558.656,955.334,934.793,669.821,750.356,970.299,295.126
734,0.203888889,294.439,559.512,955.607,935.247,670.571,751.141,970.704,295.121
735,0.204166667,294.439,559.512,955.607,935.247,670.571,751.141,970.704,295.121
736,0.204444444,294.439,559.512,955.607,935.247,670.571,751.141,970.704,295.121
737,0.204722222,294.439,559.512,955.607,935.247,670.571,751.141,970.704,295.121
738,0.205,294.465,560.412,955.515,935.703,671.306,751.851,971.039,295.149
739,0.205277778,294.465,560.412,955.515,935.703,671.306,751.851,971.039,295.149
740,0.205555556,294.465,560.412,955.515,935.703,671.306,751.851,971.039,295.149
741,0.205833333,294.468,561.283,955.867,936.106,672.026,752.525,971.377,295.147
742,0.206111111,294.468,561.283,955.867,936.106,672.026,752.525,971.377,295.147
743,0.206388889,294.468,561.283,955.867,936.106,672.026,752.525,971.377,295.147
744,0.206666667,294.468,561.283,955.867,936.106,672.026,752.525,971.377,295.147
745,0.206944444,294.485,562.067,955.793,936.526,672.761,753.285,971.734,295.168
746,0.207222222,294.485,562.067,955.793,936.526,672.761,753.285,971.734,295.168
747,0.2075,294.485,562.067,955.793,936.526,672.761,753.285,971.734,295.168
748,0.207777778,294.496,562.942,955.738,936.941,673.497,753.972,972.053,295.168
749,0.208055556,294.496,562.942,955.738,936.941,673.497,753.972,972.053,295.168
750,0.208333333,294.496,562.942,955.738,936.941,673.497,753.972,972.053,295.168
751,0.208611111,294.496,562.942,955.738,936.941,673.497,753.972,972.053,295.168
752,0.208888889,294.504,563.792,955.753,937.347,674.201,754.664,972.373,295.176
753,0.209166667,294.504,563.792,955.753,937.347,674.201,754.664,972.373,295.176
754,0.209444444,294.504,563.792,955.753,937.347,674.201,754.664,972.373,295.176
755,0.209722222,294.529,564.601,955.986,937.772,674.907,755.308,972.728,295.193
756,0.21,294.529,564.601,955.986,937.772,674.907,755.308,972.728,295.193
757,0.210277778,294.529,564.601,955.986,937.772,674.907,755.308,972.728,295.193
758,0.210555556,294.529,564.601,955.986,937.772,674.907,755.308,972.728,295.193
759,0.210833333,294.548,565.423,956.306,938.163,675.602,756.053,973.09,295.205
760,0.211111111,294.548,565.423,956.306,938.163,675.602,756.053,973.09,295.205
761,0.211388889,294.548,565.423,956.306,938.163,675.602,756.053,973.09,295.205
762,0.211666667,294.545,566.286,956.649,938.578,676.284,756.712,973.457,295.206
763,0.211944444,294.545,566.286,956.649,938.578,676.284,756.712,973.457,295.206
764,0.212222222,294.545,566.286,956.649,938.578,676.284,756.712,973.457,295.206
765,0.2125,294.545,566.286,956.649,938.578,676.284,756.712,973.457,295.206
766,0.212777778,294.567,567.243,957.042,939.003,676.982,757.362,973.841,295.221
767,0.213055556,294.567,567.243,957.042,939.003,676.982,757.362,973.841,295.221
768,0.213333333,294.567,567.243,957.042,939.003,676.982,757.362,973.841,295.221
769,0.213611111,294.581,567.864,957.439,939.412,677.631,758.015,974.243,295.225
770,0.213888889,294.581,567.864,957.439,939.412,677.631,758.015,974.243,295.225
771,0.214166667,294.581,567.864,957.439,939.412,677.631,758.015,974.243,295.225
772,0.214444444,294.581,567.864,957.439,939.412,677.631,758.015,974.243,295.225
773,0.214722222,294.6,568.64,957.766,939.855,678.306,758.668,974.658,295.241
774,0.215,294.6,568.64,957.766,939.855,678.306,758.668,974.658,295.241
775,0.215277778,294.6,568.64,957.766,939.855,678.306,758.668,974.658,295.241
776,0.215555556,294.609,569.475,958.245,940.294,678.965,759.296,975.043,295.243
777,0.215833333,294.609,569.475,958.245,940.294,678.965,759.296,975.043,295.243
778,0.216111111,294.609,569.475,958.245,940.294,678.965,759.296,975.043,295.243
779,0.216388889,294.609,569.475,958.245,940.294,678.965,759.296,975.043,295.243
780,0.216666667,294.62,570.231,958.391,940.745,679.622,759.939,975.457,295.26
781,0.216944444,294.62,570.231,958.391,940.745,679.622,759.939,975.457,295.26
782,0.217222222,294.62,570.231,958.391,940.745,679.622,759.939,975.457,295.26
783,0.2175,294.639,571.186,958.77,941.18,680.256,760.599,975.857,295.256
784,0.217777778,294.639,571.186,958.77,941.18,680.256,760.599,975.857,295.256
785,0.218055556,294.639,571.186,958.77,941.18,680.256,760.599,975.857,295.256
786,0.218333333,294.639,571.186,958.77,941.18,680.256,760.599,975.857,295.256
787,0.218611111,294.656,571.944,959.159,941.624,680.902,761.237,976.274,295.273
788,0.218888889,294.656,571.944,959.159,941.624,680.902,761.237,976.274,295.273
789,0.219166667,294.656,571.944,959.159,941.624,680.902,761.237,976.274,295.273
790,0.219444444,294.671,572.666,959.232,942.08,681.553,761.825,976.691,295.285
791,0.219722222,294.671,572.666,959.232,942.08,681.553,761.825,976.691,295.285
792,0.22,294.671,572.666,959.232,942.08,681.553,761.825,976.691,295.285
793,0.220277778,294.671,572.666,959.232,942.08,681.553,761.825,976.691,295.285
794,0.220555556,294.683,573.495,959.224,942.533,682.199,762.413,977.093,295.29
795,0.220833333,294.683,573.495,959.224,942.533,682.199,762.413,977.093,295.29
796,0.221111111,294.683,573.495,959.224,942.533,682.199,762.413,977.093,295.29
797,0.221388889,294.692,574.229,959.479,942.962,682.845,763.094,977.455,295.293
798,0.221666667,294.692,574.229,959.479,942.962,682.845,763.094,977.455,295.293
799,0.221944444,294.692,574.229,959.479,942.962,682.845,763.094,977.455,295.293
800,0.222222222,294.692,574.229,959.479,942.962,682.845,763.094,977.455,295.293
801,0.2225,294.728,575.093,959.863,943.406,683.487,763.746,977.856,295.306
802,0.222777778,294.728,575.093,959.863,943.406,683.487,763.746,977.856,295.306
803,0.223055556,294.728,575.093,959.863,943.406,683.487,763.746,977.856,295.306
804,0.223333333,294.729,575.958,960.523,943.837,684.125,764.395,978.231,295.315
805,0.223611111,294.729,575.958,960.523,943.837,684.125,764.395,978.231,295.315
806,0.223888889,294.729,575.958,960.523,943.837,684.125,764.395,978.231,295.315
807,0.224166667,294.729,575.958,960.523,943.837,684.125,764.395,978.231,295.315
808,0.224444444,294.741,576.826,960.866,944.26,684.758,765.047,978.652,295.327
809,0.224722222,294.741,576.826,960.866,944.26,684.758,765.047,978.652,295.327
810,0.225,294.741,576.826,960.866,944.26,684.758,765.047,978.652,295.327
811,0.225277778,294.768,577.633,960.971,944.705,685.395,765.626,979.048,295.33
812,0.225555556,294.768,577.633,960.971,944.705,685.395,765.626,979.048,295.33
813,0.225833333,294.768,577.633,960.971,944.705,685.395,765.626,979.048,295.33
814,0.226111111,294.768,577.633,960.971,944.705,685.395,765.626,979.048,295.33
815,0.226388889,294.78,578.475,961.192,945.135,686.029,766.268,979.461,295.335
816,0.226666667,294.78,578.475,961.192,945.135,686.029,766.268,979.461,295.335
817,0.226944444,294.78,578.475,961.192,945.135,686.029,766.268,979.461,295.335
818,0.227222222,294.798,579.367,961.407,945.586,686.663,766.928,979.881,295.342
819,0.2275,294.798,579.367,961.407,945.586,686.663,766.928,979.881,295.342
820,0.227777778,294.798,579.367,961.407,945.586,686.663,766.928,979.881,295.342
821,0.228055556,294.798,579.367,961.407,945.586,686.663,766.928,979.881,295.342
822,0.228333333,294.807,580.225,961.476,946.003,687.281,767.528,980.241,295.358
823,0.228611111,294.807,580.225,961.476,946.003,687.281,767.528,980.241,295.358
824,0.228888889,294.807,580.225,961.476,946.003,687.281,767.528,980.241,295.358
825,0.229166667,294.829,580.875,961.425,946.421,687.891,768.058,980.597,295.364
826,0.229444444,294.829,580.875,961.425,946.421,687.891,768.058,980.597,295.364
827,0.229722222,294.829,580.875,961.425,946.421,687.891,768.058,980.597,295.364
828,0.23,294.829,580.875,961.425,946.421,687.891,768.058,980.597,295.364
829,0.230277778,294.858,581.656,961.124,946.841,688.532,768.727,980.927,295.377
830,0.230555556,294.858,581.656,961.124,946.841,688.532,768.727,980.927,295.377
831,0.230833333,294.858,581.656,961.124,946.841,688.532,768.727,980.927,295.377
832,0.231111111,294.863,582.575,961.304,947.247,689.162,769.349,981.259,295.387
833,0.231388889,294.863,582.575,961.304,947.247,689.162,769.349,981.259,295.387
834,0.231666667,294.863,582.575,961.304,947.247,689.162,769.349,981.259,295.387
835,0.231944444,294.863,582.575,961.304,947.247,689.162,769.349,981.259,295.387
836,0.232222222,294.876,583.293,961.351,947.612,689.776,769.908,981.582,295.4
837,0.2325,294.876,583.293,961.351,947.612,689.776,769.908,981.582,295.4
838,0.232777778,294.876,583.293,961.351,947.612,689.776,769.908,981.582,295.4
839,0.233055556,294.906,584.054,961.262,947.986,690.409,770.563,981.921,295.409
840,0.233333333,294.906,584.054,961.262,947.986,690.409,770.563,981.921,295.409
841,0.233611111,294.906,584.054,961.262,947.986,690.409,770.563,981.921,295.409
842,0.233888889,294.906,584.054,961.262,947.986,690.409,770.563,981.921,295.409
843,0.234166667,294.916,584.913,961.455,948.36,691.039,771.166,982.235,295.421
844,0.234444444,294.916,584.913,961.455,948.36,691.039,771.166,982.235,295.421
845,0.234722222,294.916,584.913,961.455,948.36,691.039,771.166,982.235,295.421
846,0.235,294.931,585.718,961.649,948.742,691.652,771.777,982.583,295.43
847,0.235277778,294.931,585.718,961.649,948.742,691.652,771.777,982.583,295.43
848,0.235555556,294.931,585.718,961.649,948.742,691.652,771.777,982.583,295.43
849,0.235833333,294.931,585.718,961.649,948.742,691.652,771.777,982.583,295.43
850,0.236111111,294.954,586.522,961.689,949.114,692.27,772.385,982.935,295.439
851,0.236388889,294.954,586.522,961.689,949.114,692.27,772.385,982.935,295.439
852,0.236666667,294.954,586.522,961.689,949.114,692.27,772.385,982.935,295.439
853,0.236944444,294.96,587.331,961.687,949.471,692.871,772.973,983.25,295.439
854,0.237222222,294.96,587.331,961.687,949.471,692.871,772.973,983.25,295.439
855,0.2375,294.96,587.331,961.687,949.471,692.871,772.973,983.25,295.439
856,0.237777778,294.96,587.331,961.687,949.471,692.871,772.973,983.25,295.439
857,0.238055556,294.972,588.116,961.894,949.832,693.478,773.547,983.553,295.442
858,0.238333333,294.972,588.116,961.894,949.832,693.478,773.547,983.553,295.442
859,0.238611111,294.972,588.116,961.894,949.832,693.478,773.547,983.553,295.442
860,0.238888889,294.996,588.874,962.05,950.198,694.101,774.181,983.853,295.446
861,0.239166667,294.996,588.874,962.05,950.198,694.101,774.181,983.853,295.446
862,0.239444444,294.996,588.874,962.05,950.198,694.101,774.181,983.853,295.446
863,0.239722222,294.996,588.874,962.05,950.198,694.101,774.181,983.853,295.446
864,0.24,295.02,589.602,961.973,950.547,694.709,774.732,984.125,295.461
865,0.240277778,295.02,589.602,961.973,950.547,694.709,774.732,984.125,295.461
866,0.240555556,295.02,589.602,961.973,950.547,694.709,774.732,984.125,295.461
867,0.240833333,295.044,590.207,961.75,950.878,695.304,775.268,984.384,295.472
868,0.241111111,295.044,590.207,961.75,950.878,695.304,775.268,984.384,295.472
869,0.241388889,295.044,590.207,961.75,950.878,695.304,775.268,984.384,295.472
870,0.241666667,295.066,590.846,961.786,951.183,695.89,775.873,984.637,295.48
871,0.241944444,295.066,590.846,961.786,951.183,695.89,775.873,984.637,295.48
872,0.242222222,295.066,590.846,961.786,951.183,695.89,775.873,984.637,295.48
873,0.2425,295.066,590.846,961.786,951.183,695.89,775.873,984.637,295.48
874,0.242777778,295.081,591.56,961.822,951.488,696.505,776.445,984.864,295.494
875,0.243055556,295.081,591.56,961.822,951.488,696.505,776.445,984.864,295.494
876,0.243333333,295.081,591.56,961.822,951.488,696.505,776.445,984.864,295.494
877,0.243611111,295.102,592.293,962.339,951.751,697.072,776.995,985.048,295.495
878,0.243888889,295.102,592.293,962.339,951.751,697.072,776.995,985.048,295.495
879,0.244166667,295.102,592.293,962.339,951.751,697.072,776.995,985.048,295.495
880,0.244444444,295.102,592.293,962.339,951.751,697.072,776.995,985.048,295.495
881,0.244722222,295.122,593.084,962.309,952.025,697.661,777.594,985.309,295.506
882,0.245,295.122,593.084,962.309,952.025,697.661,777.594,985.309,295.506
883,0.245277778,295.122,593.084,962.309,952.025,697.661,777.594,985.309,295.506
884,0.245555556,295.14,593.85,962.352,952.3,698.25,778.155,985.514,295.514
885,0.245833333,295.14,593.85,962.352,952.3,698.25,778.155,985.514,295.514
886,0.246111111,295.14,593.85,962.352,952.3,698.25,778.155,985.514,295.514
887,0.246388889,295.14,593.85,962.352,952.3,698.25,778.155,985.514,295.514
888,0.246666667,295.147,594.509,962.086,952.577,698.816,778.667,985.723,295.514
889,0.246944444,295.147,594.509,962.086,952.577,698.816,778.667,985.723,295.514
890,0.247222222,295.147,594.509,962.086,952.577,698.816,778.667,985.723,295.514
891,0.2475,295.176,595.239,962.172,952.856,699.364,779.228,985.942,295.541
892,0.247777778,295.176,595.239,962.172,952.856,699.364,779.228,985.942,295.541
893,0.248055556,295.176,595.239,962.172,952.856,699.364,779.228,985.942,295.541
894,0.248333333,295.176,595.239,962.172,952.856,699.364,779.228,985.942,295.541
895,0.248611111,295.189,596.017,962.252,953.117,699.928,779.769,986.166,295.539
896,0.248888889,295.189,596.017,962.252,953.117,699.928,779.769,986.166,295.539
897,0.249166667,295.189,596.017,962.252,953.117,699.928,779.769,986.166,295.539
898,0.249444444,295.23,596.677,962.116,953.384,700.508,780.284,986.364,295.557
899,0.249722222,295.23,596.677,962.116,953.384,700.508,780.284,986.364,295.557
900,0.25,295.23,596.677,962.116,953.384,700.508,780.284,986.364,295.557
901,0.250277778,295.23,596.677,962.116,953.384,700.508,780.284,986.364,295.557
902,0.250555556,295.238,597.36,961.976,953.663,701.072,780.882,986.61,295.559
903,0.250833333,295.238,597.36,961.976,953.663,701.072,780.882,986.61,295.559
904,0.251111111,295.238,597.36,961.976,953.663,701.072,780.882,986.61,295.559
905,0.251388889,295.257,597.999,961.693,953.913,701.609,781.374,986.818,295.559
906,0.251666667,295.257,597.999,961.693,953.913,701.609,781.374,986.818,295.559
907,0.251944444,295.257,597.999,961.693,953.913,701.609,781.374,986.818,295.559
908,0.252222222,295.257,597.999,961.693,953.913,701.609,781.374,986.818,295.559
909,0.2525,295.28,598.724,961.595,954.175,702.189,781.897,987.042,295.565
910,0.252777778,295.28,598.724,961.595,954.175,702.189,781.897,987.042,295.565
911,0.253055556,295.28,598.724,961.595,954.175,702.189,781.897,987.042,295.565
912,0.253333333,295.293,599.386,961.698,954.432,702.709,782.389,987.239,295.577
913,0.253611111,295.293,599.386,961.698,954.432,702.709,782.389,987.239,295.577
914,0.253888889,295.293,599.386,961.698,954.432,702.709,782.389,987.239,295.577
915,0.254166667,295.293,599.386,961.698,954.432,702.709,782.389,987.239,295.577
916,0.254444444,295.316,600.171,961.546,954.696,703.263,782.907,987.489,295.588
917,0.254722222,295.316,600.171,961.546,954.696,703.263,782.907,987.489,295.588
918,0.255,295.316,600.171,961.546,954.696,703.263,782.907,987.489,295.588
919,0.255277778,295.35,600.85,961.333,954.959,703.797,783.429,987.733,295.585
920,0.255555556,295.35,600.85,961.333,954.959,703.797,783.429,987.733,295.585
921,0.255833333,295.35,600.85,961.333,954.959,703.797,783.429,987.733,295.585
922,0.256111111,295.35,600.85,961.333,954.959,703.797,783.429,987.733,295.585
923,0.256388889,295.353,601.434,961.345,955.221,704.318,783.902,987.942,295.597
924,0.256666667,295.353,601.434,961.345,955.221,704.318,783.902,987.942,295.597
925,0.256944444,295.353,601.434,961.345,955.221,704.318,783.902,987.942,295.597
926,0.257222222,295.384,602.139,961.321,955.484,704.87,784.415,988.157,295.606
927,0.2575,295.384,602.139,961.321,955.484,704.87,784.415,988.157,295.606
928,0.257777778,295.384,602.139,961.321,955.484,704.87,784.415,988.157,295.606
929,0.258055556,295.384,602.139,961.321,955.484,704.87,784.415,988.157,295.606
930,0.258333333,295.402,602.79,961.468,955.729,705.398,784.885,988.361,295.605
931,0.258611111,295.402,602.79,961.468,955.729,705.398,784.885,988.361,295.605
932,0.258888889,295.402,602.79,961.468,955.729,705.398,784.885,988.361,295.605
933,0.259166667,295.423,603.413,961.619,955.977,705.937,785.321,988.493,295.615
934,0.259444444,295.423,603.413,961.619,955.977,705.937,785.321,988.493,295.615
935,0.259722222,295.423,603.413,961.619,955.977,705.937,785.321,988.493,295.615
936,0.26,295.423,603.413,961.619,955.977,705.937,785.321,988.493,295.615
937,0.260277778,295.442,604.056,961.984,956.201,706.469,785.825,988.682,295.615
938,0.260555556,295.442,604.056,961.984,956.201,706.469,785.825,988.682,295.615
939,0.260833333,295.442,604.056,961.984,956.201,706.469,785.825,988.682,295.615
940,0.261111111,295.467,604.693,962.438,956.439,706.993,786.324,988.918,295.625
941,0.261388889,295.467,604.693,962.438,956.439,706.993,786.324,988.918,295.625
942,0.261666667,295.467,604.693,962.438,956.439,706.993,786.324,988.918,295.625
943,0.261944444,295.494,605.254,962.771,956.686,707.485,786.772,989.135,295.637
944,0.262222222,295.494,605.254,962.771,956.686,707.485,786.772,989.135,295.637
945,0.2625,295.494,605.254,962.771,956.686,707.485,786.772,989.135,295.637
946,0.262777778,295.494,605.254,962.771,956.686,707.485,786.772,989.135,295.637
947,0.263055556,295.495,605.871,963.076,956.92,708.005,787.23,989.346,295.622
948,0.263333333,295.495,605.871,963.076,956.92,708.005,787.23,989.346,295.622
949,0.263611111,295.495,605.871,963.076,956.92,708.005,787.23,989.346,295.622
950,0.263888889,295.532,606.607,963.689,957.206,708.513,787.754,989.629,295.637
951,0.264166667,295.532,606.607,963.689,957.206,708.513,787.754,989.629,295.637
952,0.264444444,295.532,606.607,963.689,957.206,708.513,787.754,989.629,295.637
953,0.264722222,295.532,606.607,963.689,957.206,708.513,787.754,989.629,295.637
954,0.265,295.548,607.263,963.769,957.489,709.035,788.237,989.961,295.645
955,0.265277778,295.548,607.263,963.769,957.489,709.035,788.237,989.961,295.645
956,0.265555556,295.548,607.263,963.769,957.489,709.035,788.237,989.961,295.645
957,0.265833333,295.564,607.876,963.601,957.801,709.544,788.67,990.27,295.639
958,0.266111111,295.564,607.876,963.601,957.801,709.544,788.67,990.27,295.639
959,0.266388889,295.564,607.876,963.601,957.801,709.544,788.67,990.27,295.639
960,0.266666667,295.564,607.876,963.601,957.801,709.544,788.67,990.27,295.639
961,0.266944444,295.592,608.397,963.488,958.111,710.031,789.089,990.576,295.645
962,0.267222222,295.592,608.397,963.488,958.111,710.031,789.089,990.576,295.645
963,0.2675,295.592,608.397,963.488,958.111,710.031,789.089,990.576,295.645
964,0.267777778,295.61,608.985,963.587,958.429,710.526,789.547,990.884,295.644
965,0.268055556,295.61,608.985,963.587,958.429,710.526,789.547,990.884,295.644
966,0.268333333,295.61,608.985,963.587,958.429,710.526,789.547,990.884,295.644
967,0.268611111,295.61,608.985,963.587,958.429,710.526,789.547,990.884,295.644
968,0.268888889,295.627,609.475,963.747,958.748,711.008,789.953,991.175,295.646
969,0.269166667,295.627,609.475,963.747,958.748,711.008,789.953,991.175,295.646
970,0.269444444,295.627,609.475,963.747,958.748,711.008,789.953,991.175,295.646
971,0.269722222,295.66,610.117,964.185,959.078,711.514,790.474,991.467,295.653
972,0.27,295.66,610.117,964.185,959.078,711.514,790.474,991.467,295.653
973,0.270277778,295.66,610.117,964.185,959.078,711.514,790.474,991.467,295.653
974,0.270555556,295.66,610.117,964.185,959.078,711.514,790.474,991.467,295.653
975,0.270833333,295.672,610.645,964.516,959.394,711.999,790.924,991.778,295.648
976,0.271111111,295.672,610.645,964.516,959.394,711.999,790.924,991.778,295.648
977,0.271388889,295.672,610.645,964.516,959.394,711.999,790.924,991.778,295.648
978,0.271666667,295.694,611.24,964.703,959.704,712.481,791.361,992.079,295.645
979,0.271944444,295.694,611.24,964.703,959.704,712.481,791.361,992.079,295.645
980,0.272222222,295.694,611.24,964.703,959.704,712.481,791.361,992.079,295.645
981,0.2725,295.694,611.24,964.703,959.704,712.481,791.361,992.079,295.645
982,0.272777778,295.716,611.881,964.733,960.043,712.987,791.848,992.437,295.651
983,0.273055556,295.716,611.881,964.733,960.043,712.987,791.848,992.437,295.651
984,0.273333333,295.716,611.881,964.733,960.043,712.987,791.848,992.437,295.651
985,0.273611111,295.733,612.497,964.653,960.382,713.481,792.315,992.756,295.646
986,0.273888889,295.733,612.497,964.653,960.382,713.481,792.315,992.756,295.646
987,0.274166667,295.733,612.497,964.653,960.382,713.481,792.315,992.756,295.646
988,0.274444444,295.733,612.497,964.653,960.382,713.481,792.315,992.756,295.646
989,0.274722222,295.765,613.056,964.783,960.743,713.992,792.79,993.154,295.655
990,0.275,295.765,613.056,964.783,960.743,713.992,792.79,993.154,295.655
991,0.275277778,295.765,613.056,964.783,960.743,713.992,792.79,993.154,295.655
992,0.275555556,295.791,613.615,965.146,961.101,714.505,793.271,993.49,295.655
993,0.275833333,295.791,613.615,965.146,961.101,714.505,793.271,993.49,295.655
994,0.276111111,295.791,613.615,965.146,961.101,714.505,793.271,993.49,295.655
995,0.276388889,295.791,613.615,965.146,961.101,714.505,793.271,993.49,295.655
996,0.276666667,295.81,614.279,965.407,961.467,715.002,793.762,993.861,295.66
997,0.276944444,295.81,614.279,965.407,961.467,715.002,793.762,993.861,295.66
998,0.277222222,295.81,614.279,965.407,961.467,715.002,793.762,993.861,295.66
999,0.2775,295.83,614.825,965.282,961.788,715.48,794.189,994.157,295.647
1000,0.277777778,295.83,614.825,965.282,961.788,715.48,794.189,994.157,295.647
1001,0.278055556,295.83,614.825,965.282,961.788,715.48,794.189,994.157,295.647
1002,0.278333333,295.854,615.348,965.158,962.149,715.993,794.658,994.525,295.66
1003,0.278611111,295.854,615.348,965.158,962.149,715.993,794.658,994.525,295.66
1004,0.278888889,295.854,615.348,965.158,962.149,715.993,794.658,994.525,295.66
1005,0.279166667,295.854,615.348,965.158,962.149,715.993,794.658,994.525,295.66
1006,0.279444444,295.888,615.909,965.27,962.493,716.479,795.134,994.814,295.653
1007,0.279722222,295.888,615.909,965.27,962.493,716.479,795.134,994.814,295.653
1008,0.28,295.888,615.909,965.27,962.493,716.479,795.134,994.814,295.653
1009,0.280277778,295.909,616.6,965.348,962.82,716.984,795.644,995.151,295.658
1010,0.280555556,295.909,616.6,965.348,962.82,716.984,795.644,995.151,295.658
1011,0.280833333,295.909,616.6,965.348,962.82,716.984,795.644,995.151,295.658
1012,0.281111111,295.909,616.6,965.348,962.82,716.984,795.644,995.151,295.658
1013,0.281388889,295.921,617.111,965.256,963.159,717.468,796.119,995.465,295.648
1014,0.281666667,295.921,617.111,965.256,963.159,717.468,796.119,995.465,295.648
1015,0.281944444,295.921,617.111,965.256,963.159,717.468,796.119,995.465,295.648
1016,0.282222222,295.954,617.715,965.252,963.481,717.975,796.576,995.736,295.654
1017,0.2825,295.954,617.715,965.252,963.481,717.975,796.576,995.736,295.654
1018,0.282777778,295.954,617.715,965.252,963.481,717.975,796.576,995.736,295.654
1019,0.283055556,295.954,617.715,965.252,963.481,717.975,796.576,995.736,295.654
1020,0.283333333,295.964,618.388,965.29,963.806,718.485,797.114,996.054,295.66
1021,0.283611111,295.964,618.388,965.29,963.806,718.485,797.114,996.054,295.66
1022,0.283888889,295.964,618.388,965.29,963.806,718.485,797.114,996.054,295.66
1023,0.284166667,295.997,619.058,965.189,964.125,718.995,797.631,996.361,295.657
1024,0.284444444,295.997,619.058,965.189,964.125,718.995,797.631,996.361,295.657
1025,0.284722222,295.997,619.058,965.189,964.125,718.995,797.631,996.361,295.657
1026,0.285,295.997,619.058,965.189,964.125,718.995,797.631,996.361,295.657
1027,0.285277778,296.015,619.631,964.62,964.406,719.5,798.103,996.604,295.649
1028,0.285555556,296.015,619.631,964.62,964.406,719.5,798.103,996.604,295.649
1029,0.285833333,296.015,619.631,964.62,964.406,719.5,798.103,996.604,295.649
1030,0.286111111,296.039,619.966,964.003,963.146,720.132,798.687,996.909,295.646
1031,0.286388889,296.039,619.966,964.003,963.146,720.132,798.687,996.909,295.646
1032,0.286666667,296.039,619.966,964.003,963.146,720.132,798.687,996.909,295.646
1033,0.286944444,296.039,619.966,964.003,963.146,720.132,798.687,996.909,295.646
1034,0.287222222,296.065,620.537,963.829,963.131,720.786,799.222,997.113,295.65
1035,0.2875,296.065,620.537,963.829,963.131,720.786,799.222,997.113,295.65
1036,0.287777778,296.065,620.537,963.829,963.131,720.786,799.222,997.113,295.65
1037,0.288055556,296.094,621.06,963.611,963.309,721.351,799.647,997.311,295.654
1038,0.288333333,296.094,621.06,963.611,963.309,721.351,799.647,997.311,295.654
1039,0.288611111,296.094,621.06,963.611,963.309,721.351,799.647,997.311,295.654
1040,0.288888889,296.094,621.06,963.611,963.309,721.351,799.647,997.311,295.654
1041,0.289166667,296.119,621.701,963.584,963.542,721.918,800.146,997.463,295.649
1042,0.289444444,296.119,621.701,963.584,963.542,721.918,800.146,997.463,295.649
1043,0.289722222,296.119,621.701,963.584,963.542,721.918,800.146,997.463,295.649
1044,0.29,296.144,622.395,963.668,963.781,722.504,800.668,997.626,295.644
1045,0.290277778,296.144,622.395,963.668,963.781,722.504,800.668,997.626,295.644
1046,0.290555556,296.144,622.395,963.668,963.781,722.504,800.668,997.626,295.644
1047,0.290833333,296.144,622.395,963.668,963.781,722.504,800.668,997.626,295.644
1048,0.291111111,296.166,622.938,963.408,964.008,723.037,801.07,997.732,295.645
1049,0.291388889,296.166,622.938,963.408,964.008,723.037,801.07,997.732,295.645
1050,0.291666667,296.166,622.938,963.408,964.008,723.037,801.07,997.732,295.645
1051,0.291944444,296.195,623.615,963.103,964.23,723.584,801.633,997.861,295.639
1052,0.292222222,296.195,623.615,963.103,964.23,723.584,801.633,997.861,295.639
1053,0.2925,296.195,623.615,963.103,964.23,723.584,801.633,997.861,295.639
1054,0.292777778,296.195,623.615,963.103,964.23,723.584,801.633,997.861,295.639
1055,0.293055556,296.217,624.171,962.687,964.436,724.117,802.145,997.965,295.644
1056,0.293333333,296.217,624.171,962.687,964.436,724.117,802.145,997.965,295.644
1057,0.293611111,296.217,624.171,962.687,964.436,724.117,802.145,997.965,295.644
1058,0.293888889,296.244,624.733,962.314,964.634,724.634,802.508,998.058,295.641
1059,0.294166667,296.244,624.733,962.314,964.634,724.634,802.508,998.058,295.641
1060,0.294444444,296.244,624.733,962.314,964.634,724.634,802.508,998.058,295.641
1061,0.294722222,296.244,624.733,962.314,964.634,724.634,802.508,998.058,295.641
1062,0.295,296.257,625.275,961.723,964.82,725.138,802.954,998.12,295.625
1063,0.295277778,296.257,625.275,961.723,964.82,725.138,802.954,998.12,295.625
1064,0.295555556,296.257,625.275,961.723,964.82,725.138,802.954,998.12,295.625
1065,0.295833333,296.293,625.815,961.584,964.998,725.653,803.472,998.22,295.637
1066,0.296111111,296.293,625.815,961.584,964.998,725.653,803.472,998.22,295.637
1067,0.296388889,296.293,625.815,961.584,964.998,725.653,803.472,998.22,295.637
1068,0.296666667,296.293,625.815,961.584,964.998,725.653,803.472,998.22,295.637
1069,0.296944444,296.318,626.417,961.745,965.16,726.144,803.943,998.273,295.639
1070,0.297222222,296.318,626.417,961.745,965.16,726.144,803.943,998.273,295.639
1071,0.2975,296.318,626.417,961.745,965.16,726.144,803.943,998.273,295.639
1072,0.297777778,296.339,627.003,961.941,965.299,726.639,804.418,998.342,295.623
1073,0.298055556,296.339,627.003,961.941,965.299,726.639,804.418,998.342,295.623
1074,0.298333333,296.339,627.003,961.941,965.299,726.639,804.418,998.342,295.623
1075,0.298611111,296.368,627.597,961.162,965.447,727.119,804.856,998.401,295.635
1076,0.298888889,296.368,627.597,961.162,965.447,727.119,804.856,998.401,295.635
1077,0.299166667,296.368,627.597,961.162,965.447,727.119,804.856,998.401,295.635
1078,0.299444444,296.368,627.597,961.162,965.447,727.119,804.856,998.401,295.635
1079,0.299722222,296.382,628.152,961.311,965.571,727.602,805.249,998.422,295.631
1080,0.3,296.382,628.152,961.311,965.571,727.602,805.249,998.422,295.631
1081,0.300277778,296.382,628.152,961.311,965.571,727.602,805.249,998.422,295.631
1082,0.300555556,296.428,628.746,961.353,965.703,728.097,805.737,998.48,295.632
1083,0.300833333,296.428,628.746,961.353,965.703,728.097,805.737,998.48,295.632
1084,0.301111111,296.428,628.746,961.353,965.703,728.097,805.737,998.48,295.632
1085,0.301388889,296.428,628.746,961.353,965.703,728.097,805.737,998.48,295.632
1086,0.301666667,296.44,629.302,961.653,965.783,728.55,806.11,998.436,295.625
1087,0.301944444,296.44,629.302,961.653,965.783,728.55,806.11,998.436,295.625
1088,0.302222222,296.44,629.302,961.653,965.783,728.55,806.11,998.436,295.625
1089,0.3025,296.462,629.879,962.299,965.862,729.016,806.515,998.39,295.617
1090,0.302777778,296.462,629.879,962.299,965.862,729.016,806.515,998.39,295.617
1091,0.303055556,296.462,629.879,962.299,965.862,729.016,806.515,998.39,295.617
1092,0.303333333,296.462,629.879,962.299,965.862,729.016,806.515,998.39,295.617
1093,0.303611111,296.496,630.492,962.919,965.925,729.48,806.943,998.366,295.625
1094,0.303888889,296.496,630.492,962.919,965.925,729.48,806.943,998.366,295.625
1095,0.304166667,296.496,630.492,962.919,965.925,729.48,806.943,998.366,295.625
1096,0.304444444,296.524,631.009,963.196,965.979,729.908,807.332,998.329,295.621
1097,0.304722222,296.524,631.009,963.196,965.979,729.908,807.332,998.329,295.621
1098,0.305,296.524,631.009,963.196,965.979,729.908,807.332,998.329,295.621
1099,0.305277778,296.524,631.009,963.196,965.979,729.908,807.332,998.329,295.621
1100,0.305555556,296.543,631.546,963.127,966.021,730.351,807.693,998.253,295.626
1101,0.305833333,296.543,631.546,963.127,966.021,730.351,807.693,998.253,295.626
1102,0.306111111,296.543,631.546,963.127,966.021,730.351,807.693,998.253,295.626
1103,0.306388889,296.572,632.054,962.706,966.073,730.794,808.092,998.223,295.615
1104,0.306666667,296.572,632.054,962.706,966.073,730.794,808.092,998.223,295.615
1105,0.306944444,296.572,632.054,962.706,966.073,730.794,808.092,998.223,295.615
1106,0.307222222,296.572,632.054,962.706,966.073,730.794,808.092,998.223,295.615
1107,0.3075,296.602,632.577,962.501,966.117,731.218,808.491,998.187,295.616
1108,0.307777778,296.602,632.577,962.501,966.117,731.218,808.491,998.187,295.616
1109,0.308055556,296.602,632.577,962.501,966.117,731.218,808.491,998.187,295.616
1110,0.308333333,296.64,633.196,962.554,966.147,731.655,808.857,998.138,295.623
1111,0.308611111,296.64,633.196,962.554,966.147,731.655,808.857,998.138,295.623
1112,0.308888889,296.64,633.196,962.554,966.147,731.655,808.857,998.138,295.623
1113,0.309166667,296.64,633.196,962.554,966.147,731.655,808.857,998.138,295.623
1114,0.309444444,296.655,633.702,962.844,966.178,732.071,809.206,998.116,295.626
1115,0.309722222,296.655,633.702,962.844,966.178,732.071,809.206,998.116,295.626
1116,0.31,296.655,633.702,962.844,966.178,732.071,809.206,998.116,295.626
1117,0.310277778,296.686,634.183,962.767,966.221,732.485,809.527,998.051,295.626
1118,0.310555556,296.686,634.183,962.767,966.221,732.485,809.527,998.051,295.626
1119,0.310833333,296.686,634.183,962.767,966.221,732.485,809.527,998.051,295.626
1120,0.311111111,296.686,634.183,962.767,966.221,732.485,809.527,998.051,295.626
1121,0.311388889,296.72,634.728,962.686,966.241,732.879,809.899,998.025,295.626
1122,0.311666667,296.72,634.728,962.686,966.241,732.879,809.899,998.025,295.626
1123,0.311944444,296.72,634.728,962.686,966.241,732.879,809.899,998.025,295.626
1124,0.312222222,296.742,635.243,962.706,966.271,733.287,810.215,997.966,295.633
1125,0.3125,296.742,635.243,962.706,966.271,733.287,810.215,997.966,295.633
1126,0.312777778,296.742,635.243,962.706,966.271,733.287,810.215,997.966,295.633
1127,0.313055556,296.742,635.243,962.706,966.271,733.287,810.215,997.966,295.633
1128,0.313333333,296.769,635.742,962.68,966.291,733.675,810.54,997.923,295.63
1129,0.313611111,296.769,635.742,962.68,966.291,733.675,810.54,997.923,295.63
1130,0.313888889,296.769,635.742,962.68,966.291,733.675,810.54,997.923,295.63
1131,0.314166667,296.792,636.218,962.181,966.303,734.064,810.862,997.87,295.626
1132,0.314444444,296.792,636.218,962.181,966.303,734.064,810.862,997.87,295.626
1133,0.314722222,296.792,636.218,962.181,966.303,734.064,810.862,997.87,295.626
1134,0.315,296.792,636.218,962.181,966.303,734.064,810.862,997.87,295.626
1135,0.315277778,296.832,636.791,961.946,966.336,734.462,811.204,997.852,295.638
1136,0.315555556,296.832,636.791,961.946,966.336,734.462,811.204,997.852,295.638
1137,0.315833333,296.832,636.791,961.946,966.336,734.462,811.204,997.852,295.638
1138,0.316111111,296.848,637.308,961.512,966.354,734.829,811.528,997.822,295.622
1139,0.316388889,296.848,637.308,961.512,966.354,734.829,811.528,997.822,295.622
1140,0.316666667,296.848,637.308,961.512,966.354,734.829,811.528,997.822,295.622
1141,0.316944444,296.848,637.308,961.512,966.354,734.829,811.528,997.822,295.622
1142,0.317222222,296.886,637.798,960.994,966.401,735.214,811.841,997.795,295.621
1143,0.3175,296.886,637.798,960.994,966.401,735.214,811.841,997.795,295.621
1144,0.317777778,296.886,637.798,960.994,966.401,735.214,811.841,997.795,295.621
1145,0.318055556,296.904,638.295,960.656,966.421,735.584,812.146,997.768,295.628
1146,0.318333333,296.904,638.295,960.656,966.421,735.584,812.146,997.768,295.628
1147,0.318611111,296.904,638.295,960.656,966.421,735.584,812.146,997.768,295.628
1148,0.318888889,296.935,638.84,960.83,966.443,735.948,812.467,997.732,295.633
1149,0.319166667,296.935,638.84,960.83,966.443,735.948,812.467,997.732,295.633
1150,0.319444444,296.935,638.84,960.83,966.443,735.948,812.467,997.732,295.633
1151,0.319722222,296.935,638.84,960.83,966.443,735.948,812.467,997.732,295.633
1152,0.32,296.971,639.377,960.528,966.454,736.307,812.768,997.689,295.64
1153,0.320277778,296.971,639.377,960.528,966.454,736.307,812.768,997.689,295.64
1154,0.320555556,296.971,639.377,960.528,966.454,736.307,812.768,997.689,295.64
1155,0.320833333,297.008,639.855,959.854,966.464,736.672,813.041,997.602,295.639
1156,0.321111111,297.008,639.855,959.854,966.464,736.672,813.041,997.602,295.639
1157,0.321388889,297.008,639.855,959.854,966.464,736.672,813.041,997.602,295.639
1158,0.321666667,297.008,639.855,959.854,966.464,736.672,813.041,997.602,295.639
1159,0.321944444,297.031,640.355,960.251,966.463,737.035,813.362,997.561,295.642
1160,0.322222222,297.031,640.355,960.251,966.463,737.035,813.362,997.561,295.642
1161,0.3225,297.031,640.355,960.251,966.463,737.035,813.362,997.561,295.642
1162,0.322777778,297.061,640.833,960.018,966.465,737.379,813.647,997.486,295.647
1163,0.323055556,297.061,640.833,960.018,966.465,737.379,813.647,997.486,295.647
1164,0.323333333,297.061,640.833,960.018,966.465,737.379,813.647,997.486,295.647
1165,0.323611111,297.061,640.833,960.018,966.465,737.379,813.647,997.486,295.647
1166,0.323888889,297.088,641.273,959.533,966.458,737.729,813.904,997.426,295.647
1167,0.324166667,297.088,641.273,959.533,966.458,737.729,813.904,997.426,295.647
1168,0.324444444,297.088,641.273,959.533,966.458,737.729,813.904,997.426,295.647
1169,0.324722222,297.117,641.782,959.615,966.455,738.072,814.178,997.393,295.632
1170,0.325,297.117,641.782,959.615,966.455,738.072,814.178,997.393,295.632
1171,0.325277778,297.117,641.782,959.615,966.455,738.072,814.178,997.393,295.632
1172,0.325555556,297.117,641.782,959.615,966.455,738.072,814.178,997.393,295.632
1173,0.325833333,297.143,642.335,959.535,966.452,738.425,814.482,997.375,295.642
1174,0.326111111,297.143,642.335,959.535,966.452,738.425,814.482,997.375,295.642
1175,0.326388889,297.143,642.335,959.535,966.452,738.425,814.482,997.375,295.642
1176,0.326666667,297.181,642.815,959.701,966.481,738.775,814.776,997.333,295.646
1177,0.326944444,297.181,642.815,959.701,966.481,738.775,814.776,997.333,295.646
1178,0.327222222,297.181,642.815,959.701,966.481,738.775,814.776,997.333,295.646
1179,0.3275,297.181,642.815,959.701,966.481,738.775,814.776,997.333,295.646
1180,0.327777778,297.212,643.257,959.542,966.492,739.122,815.026,997.3,295.653
1181,0.328055556,297.212,643.257,959.542,966.492,739.122,815.026,997.3,295.653
1182,0.328333333,297.212,643.257,959.542,966.492,739.122,815.026,997.3,295.653
1183,0.328611111,297.237,643.722,959.586,966.524,739.456,815.324,997.314,295.653
1184,0.328888889,297.237,643.722,959.586,966.524,739.456,815.324,997.314,295.653
1185,0.329166667,297.237,643.722,959.586,966.524,739.456,815.324,997.314,295.653
1186,0.329444444,297.237,643.722,959.586,966.524,739.456,815.324,997.314,295.653
1187,0.329722222,297.267,644.174,959.72,966.534,739.786,815.557,997.302,295.646
1188,0.33,297.267,644.174,959.72,966.534,739.786,815.557,997.302,295.646
1189,0.330277778,297.267,644.174,959.72,966.534,739.786,815.557,997.302,295.646
1190,0.330555556,297.303,644.586,959.779,966.575,740.129,815.851,997.297,295.655
1191,0.330833333,297.303,644.586,959.779,966.575,740.129,815.851,997.297,295.655
1192,0.331111111,297.303,644.586,959.779,966.575,740.129,815.851,997.297,295.655
1193,0.331388889,297.303,644.586,959.779,966.575,740.129,815.851,997.297,295.655
1194,0.331666667,297.336,645.06,959.444,966.59,740.463,816.116,997.264,295.659
1195,0.331944444,297.336,645.06,959.444,966.59,740.463,816.116,997.264,295.659
1196,0.332222222,297.336,645.06,959.444,966.59,740.463,816.116,997.264,295.659
1197,0.3325,297.365,645.547,959.738,966.618,740.795,816.392,997.293,295.659
1198,0.332777778,297.365,645.547,959.738,966.618,740.795,816.392,997.293,295.659
1199,0.333055556,297.365,645.547,959.738,966.618,740.795,816.392,997.293,295.659
1200,0.333333333,297.365,645.547,959.738,966.618,740.795,816.392,997.293,295.659
1201,0.333611111,297.391,645.915,959.561,966.656,741.123,816.662,997.304,295.669
1202,0.333888889,297.391,645.915,959.561,966.656,741.123,816.662,997.304,295.669
1203,0.334166667,297.391,645.915,959.561,966.656,741.123,816.662,997.304,295.669
1204,0.334444444,297.419,646.326,959.012,966.689,741.442,816.873,997.279,295.666
1205,0.334722222,297.419,646.326,959.012,966.689,741.442,816.873,997.279,295.666
1206,0.335,297.419,646.326,959.012,966.689,741.442,816.873,997.279,295.666
1207,0.335277778,297.419,646.326,959.012,966.689,741.442,816.873,997.279,295.666
1208,0.335555556,297.448,646.778,959.514,966.726,741.769,817.156,997.308,295.654
1209,0.335833333,297.448,646.778,959.514,966.726,741.769,817.156,997.308,295.654
1210,0.336111111,297.448,646.778,959.514,966.726,741.769,817.156,997.308,295.654
1211,0.336388889,297.493,647.207,960.471,966.777,742.088,817.401,997.325,295.676
1212,0.336666667,297.493,647.207,960.471,966.777,742.088,817.401,997.325,295.676
1213,0.336944444,297.493,647.207,960.471,966.777,742.088,817.401,997.325,295.676
1214,0.337222222,297.493,647.207,960.471,966.777,742.088,817.401,997.325,295.676
1215,0.3375,297.522,647.674,960.341,966.822,742.413,817.694,997.348,295.673
1216,0.337777778,297.522,647.674,960.341,966.822,742.413,817.694,997.348,295.673
1217,0.338055556,297.522,647.674,960.341,966.822,742.413,817.694,997.348,295.673
1218,0.338333333,297.554,648.073,960.524,966.889,742.741,817.907,997.394,295.677
1219,0.338611111,297.554,648.073,960.524,966.889,742.741,817.907,997.394,295.677
1220,0.338888889,297.554,648.073,960.524,966.889,742.741,817.907,997.394,295.677
1221,0.339166667,297.554,648.073,960.524,966.889,742.741,817.907,997.394,295.677
1222,0.339444444,297.587,648.491,960.045,966.943,743.055,818.194,997.398,295.678
1223,0.339722222,297.587,648.491,960.045,966.943,743.055,818.194,997.398,295.678
1224,0.34,297.587,648.491,960.045,966.943,743.055,818.194,997.398,295.678
1225,0.340277778,297.616,648.89,959.84,967.003,743.363,818.416,997.481,295.683
1226,0.340555556,297.616,648.89,959.84,967.003,743.363,818.416,997.481,295.683
1227,0.340833333,297.616,648.89,959.84,967.003,743.363,818.416,997.481,295.683
1228,0.341111111,297.616,648.89,959.84,967.003,743.363,818.416,997.481,295.683
1229,0.341388889,297.643,649.333,959.795,967.087,743.684,818.687,997.528,295.681
1230,0.341666667,297.643,649.333,959.795,967.087,743.684,818.687,997.528,295.681
1231,0.341944444,297.643,649.333,959.795,967.087,743.684,818.687,997.528,295.681
1232,0.342222222,297.684,649.808,960.578,967.163,743.985,818.965,997.623,295.698
1233,0.3425,297.684,649.808,960.578,967.163,743.985,818.965,997.623,295.698
1234,0.342777778,297.684,649.808,960.578,967.163,743.985,818.965,997.623,295.698
1235,0.343055556,297.684,649.808,960.578,967.163,743.985,818.965,997.623,295.698
1236,0.343333333,297.712,650.231,960.598,967.247,744.301,819.208,997.695,295.694
1237,0.343611111,297.712,650.231,960.598,967.247,744.301,819.208,997.695,295.694
1238,0.343888889,297.712,650.231,960.598,967.247,744.301,819.208,997.695,295.694
1239,0.344166667,297.747,650.694,960.514,967.361,744.615,819.486,997.828,295.698
1240,0.344444444,297.747,650.694,960.514,967.361,744.615,819.486,997.828,295.698
1241,0.344722222,297.747,650.694,960.514,967.361,744.615,819.486,997.828,295.698
1242,0.345,297.747,650.694,960.514,967.361,744.615,819.486,997.828,295.698
1243,0.345277778,297.782,651.067,960.039,967.468,744.94,819.727,997.935,295.704
1244,0.345555556,297.782,651.067,960.039,967.468,744.94,819.727,997.935,295.704
1245,0.345833333,297.782,651.067,960.039,967.468,744.94,819.727,997.935,295.704
1246,0.346111111,297.81,651.459,959.451,967.588,745.245,819.932,998.054,295.691
1247,0.346388889,297.81,651.459,959.451,967.588,745.245,819.932,998.054,295.691
1248,0.346666667,297.81,651.459,959.451,967.588,745.245,819.932,998.054,295.691
1249,0.346944444,297.81,651.459,959.451,967.588,745.245,819.932,998.054,295.691
1250,0.347222222,297.842,651.79,959.459,967.732,745.568,820.221,998.155,295.715
1251,0.3475,297.842,651.79,959.459,967.732,745.568,820.221,998.155,295.715
1252,0.347777778,297.842,651.79,959.459,967.732,745.568,820.221,998.155,295.715
1253,0.348055556,297.892,652.276,959.642,967.866,745.88,820.515,998.283,295.732
1254,0.348333333,297.892,652.276,959.642,967.866,745.88,820.515,998.283,295.732
1255,0.348611111,297.892,652.276,959.642,967.866,745.88,820.515,998.283,295.732
1256,0.348888889,297.892,652.276,959.642,967.866,745.88,820.515,998.283,295.732
1257,0.349166667,297.918,652.74,960.085,967.994,746.21,820.788,998.42,295.724
1258,0.349444444,297.918,652.74,960.085,967.994,746.21,820.788,998.42,295.724
1259,0.349722222,297.918,652.74,960.085,967.994,746.21,820.788,998.42,295.724
1260,0.35,297.955,653.194,959.987,968.122,746.514,821.059,998.533,295.732
1261,0.350277778,297.955,653.194,959.987,968.122,746.514,821.059,998.533,295.732
1262,0.350555556,297.955,653.194,959.987,968.122,746.514,821.059,998.533,295.732
1263,0.350833333,297.955,653.194,959.987,968.122,746.514,821.059,998.533,295.732
1264,0.351111111,297.97,653.635,959.848,968.238,746.808,821.316,998.692,295.721
1265,0.351388889,297.97,653.635,959.848,968.238,746.808,821.316,998.692,295.721
1266,0.351666667,297.97,653.635,959.848,968.238,746.808,821.316,998.692,295.721
1267,0.351944444,298.016,654.156,959.628,968.406,747.154,821.615,998.827,295.737
1268,0.352222222,298.016,654.156,959.628,968.406,747.154,821.615,998.827,295.737
1269,0.3525,298.016,654.156,959.628,968.406,747.154,821.615,998.827,295.737
1270,0.352777778,298.016,654.156,959.628,968.406,747.154,821.615,998.827,295.737
1271,0.353055556,298.056,654.574,959.131,968.545,747.478,821.865,998.954,295.741
1272,0.353333333,298.056,654.574,959.131,968.545,747.478,821.865,998.954,295.741
1273,0.353611111,298.056,654.574,959.131,968.545,747.478,821.865,998.954,295.741
1274,0.353888889,298.088,654.948,958.719,968.682,747.803,822.196,999.048,295.741
1275,0.354166667,298.088,654.948,958.719,968.682,747.803,822.196,999.048,295.741
1276,0.354444444,298.088,654.948,958.719,968.682,747.803,822.196,999.048,295.741
1277,0.354722222,298.126,655.445,958.824,968.791,748.113,822.476,999.115,295.747
1278,0.355,298.126,655.445,958.824,968.791,748.113,822.476,999.115,295.747
1279,0.355277778,298.126,655.445,958.824,968.791,748.113,822.476,999.115,295.747
1280,0.355555556,298.126,655.445,958.824,968.791,748.113,822.476,999.115,295.747
1281,0.355833333,298.16,655.856,958.66,968.897,748.445,822.769,999.168,295.746
1282,0.356111111,298.16,655.856,958.66,968.897,748.445,822.769,999.168,295.746
1283,0.356388889,298.16,655.856,958.66,968.897,748.445,822.769,999.168,295.746
1284,0.356666667,298.204,656.274,958.595,969.003,748.784,822.984,999.177,295.769
1285,0.356944444,298.204,656.274,958.595,969.003,748.784,822.984,999.177,295.769
1286,0.357222222,298.204,656.274,958.595,969.003,748.784,822.984,999.177,295.769
1287,0.3575,298.204,656.274,958.595,969.003,748.784,822.984,999.177,295.769
1288,0.357777778,298.227,656.704,958.555,969.062,749.095,823.34,999.237,295.768
1289,0.358055556,298.227,656.704,958.555,969.062,749.095,823.34,999.237,295.768
1290,0.358333333,298.227,656.704,958.555,969.062,749.095,823.34,999.237,295.768
1291,0.358611111,298.285,657.041,958.442,969.138,749.422,823.579,999.258,295.773
1292,0.358888889,298.285,657.041,958.442,969.138,749.422,823.579,999.258,295.773
1293,0.359166667,298.285,657.041,958.442,969.138,749.422,823.579,999.258,295.773
1294,0.359444444,298.285,657.041,958.442,969.138,749.422,823.579,999.258,295.773
1295,0.359722222,298.308,657.47,958.385,969.191,749.749,823.875,999.298,295.781
1296,0.36,298.308,657.47,958.385,969.191,749.749,823.875,999.298,295.781
1297,0.360277778,298.308,657.47,958.385,969.191,749.749,823.875,999.298,295.781
1298,0.360555556,298.337,657.969,958.593,969.259,750.065,824.156,999.324,295.787
1299,0.360833333,298.337,657.969,958.593,969.259,750.065,824.156,999.324,295.787
1300,0.361111111,298.337,657.969,958.593,969.259,750.065,824.156,999.324,295.787
1301,0.361388889,298.337,657.969,958.593,969.259,750.065,824.156,999.324,295.787
1302,0.361666667,298.374,658.431,958.877,969.335,750.384,824.427,999.391,295.79
1303,0.361944444,298.374,658.431,958.877,969.335,750.384,824.427,999.391,295.79
1304,0.362222222,298.374,658.431,958.877,969.335,750.384,824.427,999.391,295.79
1305,0.3625,298.416,658.896,959.5,969.416,750.696,824.67,999.462,295.797
1306,0.362777778,298.416,658.896,959.5,969.416,750.696,824.67,999.462,295.797
1307,0.363055556,298.416,658.896,959.5,969.416,750.696,824.67,999.462,295.797
1308,0.363333333,298.416,658.896,959.5,969.416,750.696,824.67,999.462,295.797
1309,0.363611111,298.44,659.366,959.796,969.495,751.01,824.963,999.56,295.793
1310,0.363888889,298.44,659.366,959.796,969.495,751.01,824.963,999.56,295.793
1311,0.364166667,298.44,659.366,959.796,969.495,751.01,824.963,999.56,295.793
1312,0.364444444,298.488,659.86,960.471,969.615,751.322,825.276,999.694,295.809
1313,0.364722222,298.488,659.86,960.471,969.615,751.322,825.276,999.694,295.809
1314,0.365,298.488,659.86,960.471,969.615,751.322,825.276,999.694,295.809
1315,0.365277778,298.488,659.86,960.471,969.615,751.322,825.276,999.694,295.809
1316,0.365555556,298.523,660.207,960.235,969.744,751.651,825.536,999.802,295.811
1317,0.365833333,298.523,660.207,960.235,969.744,751.651,825.536,999.802,295.811
1318,0.366111111,298.523,660.207,960.235,969.744,751.651,825.536,999.802,295.811
1319,0.366388889,298.559,660.611,960.362,969.84,751.96,825.75,999.888,295.814
1320,0.366666667,298.559,660.611,960.362,969.84,751.96,825.75,999.888,295.814
1321,0.366944444,298.559,660.611,960.362,969.84,751.96,825.75,999.888,295.814
1322,0.367222222,298.559,660.611,960.362,969.84,751.96,825.75,999.888,295.814
1323,0.3675,298.599,661.073,960.214,969.978,752.277,826.008,999.968,295.82
1324,0.367777778,298.599,661.073,960.214,969.978,752.277,826.008,999.968,295.82
1325,0.368055556,298.599,661.073,960.214,969.978,752.277,826.008,999.968,295.82
1326,0.368333333,298.63,661.447,960.152,970.091,752.571,826.293,1000.101,295.834
1327,0.368611111,298.63,661.447,960.152,970.091,752.571,826.293,1000.101,295.834
1328,0.368888889,298.63,661.447,960.152,970.091,752.571,826.293,1000.101,295.834
1329,0.369166667,298.63,661.447,960.152,970.091,752.571,826.293,1000.101,295.834
1330,0.369444444,298.672,661.917,959.889,970.211,752.895,826.586,1000.203,295.824
1331,0.369722222,298.672,661.917,959.889,970.211,752.895,826.586,1000.203,295.824
1332,0.37,298.672,661.917,959.889,970.211,752.895,826.586,1000.203,295.824
1333,0.370277778,298.719,662.353,959.907,970.344,753.202,826.856,1000.319,295.838
1334,0.370555556,298.719,662.353,959.907,970.344,753.202,826.856,1000.319,295.838
1335,0.370833333,298.719,662.353,959.907,970.344,753.202,826.856,1000.319,295.838
1336,0.371111111,298.719,662.353,959.907,970.344,753.202,826.856,1000.319,295.838
1337,0.371388889,298.742,662.777,960.012,970.464,753.508,827.144,1000.431,295.843
1338,0.371666667,298.742,662.777,960.012,970.464,753.508,827.144,1000.431,295.843
1339,0.371944444,298.742,662.777,960.012,970.464,753.508,827.144,1000.431,295.843
1340,0.372222222,298.789,663.162,959.934,970.58,753.829,827.386,1000.517,295.846
1341,0.3725,298.789,663.162,959.934,970.58,753.829,827.386,1000.517,295.846
1342,0.372777778,298.789,663.162,959.934,970.58,753.829,827.386,1000.517,295.846
1343,0.373055556,298.789,663.162,959.934,970.58,753.829,827.386,1000.517,295.846
1344,0.373333333,298.827,663.612,959.88,970.698,754.133,827.665,1000.615,295.857
1345,0.373611111,298.827,663.612,959.88,970.698,754.133,827.665,1000.615,295.857
1346,0.373888889,298.827,663.612,959.88,970.698,754.133,827.665,1000.615,295.857
1347,0.374166667,298.865,663.902,959.971,970.793,754.442,827.909,1000.691,295.851
1348,0.374444444,298.865,663.902,959.971,970.793,754.442,827.909,1000.691,295.851
1349,0.374722222,298.865,663.902,959.971,970.793,754.442,827.909,1000.691,295.851
1350,0.375,298.865,663.902,959.971,970.793,754.442,827.909,1000.691,295.851
1351,0.375277778,298.9,664.353,960.05,970.891,754.727,828.233,1000.77,295.881
1352,0.375555556,298.9,664.353,960.05,970.891,754.727,828.233,1000.77,295.881
1353,0.375833333,298.9,664.353,960.05,970.891,754.727,828.233,1000.77,295.881
1354,0.376111111,298.95,664.804,960.669,970.992,755.011,828.48,1000.82,295.882
1355,0.376388889,298.95,664.804,960.669,970.992,755.011,828.48,1000.82,295.882
1356,0.376666667,298.95,664.804,960.669,970.992,755.011,828.48,1000.82,295.882
1357,0.376944444,298.95,664.804,960.669,970.992,755.011,828.48,1000.82,295.882
1358,0.377222222,298.973,665.112,960.937,971.075,755.287,828.696,1000.906,295.878
1359,0.3775,298.973,665.112,960.937,971.075,755.287,828.696,1000.906,295.878
1360,0.377777778,298.973,665.112,960.937,971.075,755.287,828.696,1000.906,295.878
1361,0.378055556,299.01,665.626,961.085,971.186,755.598,828.993,1000.99,295.887
1362,0.378333333,299.01,665.626,961.085,971.186,755.598,828.993,1000.99,295.887
1363,0.378611111,299.01,665.626,961.085,971.186,755.598,828.993,1000.99,295.887
1364,0.378888889,299.05,666.013,961.567,971.305,755.904,829.29,1001.101,295.889
1365,0.379166667,299.05,666.013,961.567,971.305,755.904,829.29,1001.101,295.889
1366,0.379444444,299.05,666.013,961.567,971.305,755.904,829.29,1001.101,295.889
1367,0.379722222,299.05,666.013,961.567,971.305,755.904,829.29,1001.101,295.889
1368,0.38,299.092,666.395,961.484,971.412,756.198,829.532,1001.207,295.895
1369,0.380277778,299.092,666.395,961.484,971.412,756.198,829.532,1001.207,295.895
1370,0.380555556,299.092,666.395,961.484,971.412,756.198,829.532,1001.207,295.895
1371,0.380833333,299.129,666.896,960.687,971.541,756.502,829.826,1001.336,295.898
1372,0.381111111,299.129,666.896,960.687,971.541,756.502,829.826,1001.336,295.898
1373,0.381388889,299.129,666.896,960.687,971.541,756.502,829.826,1001.336,295.898
1374,0.381666667,299.129,666.896,960.687,971.541,756.502,829.826,1001.336,295.898
1375,0.381944444,299.177,667.311,960.064,971.656,756.818,830.124,1001.445,295.907
1376,0.382222222,299.177,667.311,960.064,971.656,756.818,830.124,1001.445,295.907
1377,0.3825,299.177,667.311,960.064,971.656,756.818,830.124,1001.445,295.907
1378,0.382777778,299.212,667.657,959.97,971.765,757.112,830.302,1001.492,295.916
1379,0.383055556,299.212,667.657,959.97,971.765,757.112,830.302,1001.492,295.916
1380,0.383333333,299.212,667.657,959.97,971.765,757.112,830.302,1001.492,295.916
1381,0.383611111,299.212,667.657,959.97,971.765,757.112,830.302,1001.492,295.916
1382,0.383888889,299.247,668.052,960.022,971.853,757.422,830.577,1001.523,295.927
1383,0.384166667,299.247,668.052,960.022,971.853,757.422,830.577,1001.523,295.927
1384,0.384444444,299.247,668.052,960.022,971.853,757.422,830.577,1001.523,295.927
1385,0.384722222,299.284,668.411,960.298,971.932,757.712,830.856,1001.566,295.927
1386,0.385,299.284,668.411,960.298,971.932,757.712,830.856,1001.566,295.927
1387,0.385277778,299.284,668.411,960.298,971.932,757.712,830.856,1001.566,295.927
1388,0.385555556,299.284,668.411,960.298,971.932,757.712,830.856,1001.566,295.927
1389,0.385833333,299.327,668.828,960.63,972.008,758.011,831.14,1001.624,295.932
1390,0.386111111,299.327,668.828,960.63,972.008,758.011,831.14,1001.624,295.932
1391,0.386388889,299.327,668.828,960.63,972.008,758.011,831.14,1001.624,295.932
1392,0.386666667,299.373,669.285,960.484,972.081,758.322,831.41,1001.694,295.939
1393,0.386944444,299.373,669.285,960.484,972.081,758.322,831.41,1001.694,295.939
1394,0.387222222,299.373,669.285,960.484,972.081,758.322,831.41,1001.694,295.939
1395,0.3875,299.373,669.285,960.484,972.081,758.322,831.41,1001.694,295.939
1396,0.387777778,299.414,669.649,960.48,972.179,758.625,831.636,1001.756,295.951
1397,0.388055556,299.414,669.649,960.48,972.179,758.625,831.636,1001.756,295.951
1398,0.388333333,299.414,669.649,960.48,972.179,758.625,831.636,1001.756,295.951
1399,0.388611111,299.448,670.017,961.14,972.268,758.939,831.926,1001.857,295.954
1400,0.388888889,299.448,670.017,961.14,972.268,758.939,831.926,1001.857,295.954
1401,0.389166667,299.448,670.017,961.14,972.268,758.939,831.926,1001.857,295.954
1402,0.389444444,299.448,670.017,961.14,972.268,758.939,831.926,1001.857,295.954
1403,0.389722222,299.494,670.425,960.65,972.355,759.237,832.21,1001.958,295.963
1404,0.39,299.494,670.425,960.65,972.355,759.237,832.21,1001.958,295.963
1405,0.390277778,299.494,670.425,960.65,972.355,759.237,832.21,1001.958,295.963
1406,0.390555556,299.531,670.804,960.165,972.451,759.53,832.467,1002.013,295.957
1407,0.390833333,299.531,670.804,960.165,972.451,759.53,832.467,1002.013,295.957
1408,0.391111111,299.531,670.804,960.165,972.451,759.53,832.467,1002.013,295.957
1409,0.391388889,299.531,670.804,960.165,972.451,759.53,832.467,1002.013,295.957
1410,0.391666667,299.583,671.207,959.519,972.54,759.844,832.693,1002.033,295.985
1411,0.391944444,299.583,671.207,959.519,972.54,759.844,832.693,1002.033,295.985
1412,0.392222222,299.583,671.207,959.519,972.54,759.844,832.693,1002.033,295.985
1413,0.3925,299.612,671.557,959.199,972.597,760.133,832.925,1002.062,295.98
1414,0.392777778,299.612,671.557,959.199,972.597,760.133,832.925,1002.062,295.98
1415,0.393055556,299.612,671.557,959.199,972.597,760.133,832.925,1002.062,295.98
1416,0.393333333,299.612,671.557,959.199,972.597,760.133,832.925,1002.062,295.98
1417,0.393611111,299.65,671.94,959.347,972.664,760.44,833.175,1002.103,295.989
1418,0.393888889,299.65,671.94,959.347,972.664,760.44,833.175,1002.103,295.989
1419,0.394166667,299.65,671.94,959.347,972.664,760.44,833.175,1002.103,295.989
1420,0.394444444,299.681,672.191,959.229,972.696,760.723,833.338,1002.062,295.991
1421,0.394722222,299.681,672.191,959.229,972.696,760.723,833.338,1002.062,295.991
1422,0.395,299.681,672.191,959.229,972.696,760.723,833.338,1002.062,295.991
1423,0.395277778,299.681,672.191,959.229,972.696,760.723,833.338,1002.062,295.991
1424,0.395555556,299.735,672.571,959.025,972.743,761.024,833.649,1002.095,295.998
1425,0.395833333,299.735,672.571,959.025,972.743,761.024,833.649,1002.095,295.998
1426,0.396111111,299.735,672.571,959.025,972.743,761.024,833.649,1002.095,295.998
1427,0.396388889,299.767,672.991,959.037,972.768,761.321,833.904,1002.079,296.008
1428,0.396666667,299.767,672.991,959.037,972.768,761.321,833.904,1002.079,296.008
1429,0.396944444,299.767,672.991,959.037,972.768,761.321,833.904,1002.079,296.008
1430,0.397222222,299.806,673.402,958.9,972.809,761.624,834.155,1002.131,296.007
1431,0.3975,299.806,673.402,958.9,972.809,761.624,834.155,1002.131,296.007
1432,0.397777778,299.806,673.402,958.9,972.809,761.624,834.155,1002.131,296.007
1433,0.398055556,299.806,673.402,958.9,972.809,761.624,834.155,1002.131,296.007
1434,0.398333333,299.853,673.803,958.93,972.861,761.914,834.4,1002.175,296.021
1435,0.398611111,299.853,673.803,958.93,972.861,761.914,834.4,1002.175,296.021
1436,0.398888889,299.853,673.803,958.93,972.861,761.914,834.4,1002.175,296.021
1437,0.399166667,299.895,674.18,958.924,972.91,762.198,834.626,1002.207,296.021
1438,0.399444444,299.895,674.18,958.924,972.91,762.198,834.626,1002.207,296.021
1439,0.399722222,299.895,674.18,958.924,972.91,762.198,834.626,1002.207,296.021
1440,0.4,299.895,674.18,958.924,972.91,762.198,834.626,1002.207,296.021
1441,0.400277778,299.925,674.524,959.153,972.965,762.467,834.871,1002.253,296.031
1442,0.400555556,299.925,674.524,959.153,972.965,762.467,834.871,1002.253,296.031
1443,0.400833333,299.925,674.524,959.153,972.965,762.467,834.871,1002.253,296.031
1444,0.401111111,299.972,674.862,958.98,973.017,762.747,835.104,1002.311,296.036
1445,0.401388889,299.972,674.862,958.98,973.017,762.747,835.104,1002.311,296.036
1446,0.401666667,299.972,674.862,958.98,973.017,762.747,835.104,1002.311,296.036
1447,0.401944444,299.972,674.862,958.98,973.017,762.747,835.104,1002.311,296.036
1448,0.402222222,300.014,675.245,959.132,973.086,763.043,835.31,1002.353,296.049
1449,0.4025,300.014,675.245,959.132,973.086,763.043,835.31,1002.353,296.049
1450,0.402777778,300.014,675.245,959.132,973.086,763.043,835.31,1002.353,296.049
1451,0.403055556,300.052,675.6,959.223,973.135,763.312,835.54,1002.364,296.044
1452,0.403333333,300.052,675.6,959.223,973.135,763.312,835.54,1002.364,296.044
1453,0.403611111,300.052,675.6,959.223,973.135,763.312,835.54,1002.364,296.044
1454,0.403888889,300.052,675.6,959.223,973.135,763.312,835.54,1002.364,296.044
1455,0.404166667,300.104,676.007,959.375,973.2,763.586,835.785,1002.436,296.064
1456,0.404444444,300.104,676.007,959.375,973.2,763.586,835.785,1002.436,296.064
1457,0.404722222,300.104,676.007,959.375,973.2,763.586,835.785,1002.436,296.064
1458,0.405,300.141,676.391,959.679,973.253,763.861,836.008,1002.503,296.059
1459,0.405277778,300.141,676.391,959.679,973.253,763.861,836.008,1002.503,296.059
1460,0.405555556,300.141,676.391,959.679,973.253,763.861,836.008,1002.503,296.059
1461,0.405833333,300.141,676.391,959.679,973.253,763.861,836.008,1002.503,296.059
1462,0.406111111,300.181,676.672,960.044,973.325,764.117,836.211,1002.559,296.07
1463,0.406388889,300.181,676.672,960.044,973.325,764.117,836.211,1002.559,296.07
1464,0.406666667,300.181,676.672,960.044,973.325,764.117,836.211,1002.559,296.07
1465,0.406944444,300.215,676.968,960,973.397,764.383,836.402,1002.642,296.071
1466,0.407222222,300.215,676.968,960,973.397,764.383,836.402,1002.642,296.071
1467,0.4075,300.215,676.968,960,973.397,764.383,836.402,1002.642,296.071
1468,0.407777778,300.215,676.968,960,973.397,764.383,836.402,1002.642,296.071
1469,0.408055556,300.266,677.274,960.161,973.474,764.644,836.639,1002.691,296.081
1470,0.408333333,300.266,677.274,960.161,973.474,764.644,836.639,1002.691,296.081
1471,0.408611111,300.266,677.274,960.161,973.474,764.644,836.639,1002.691,296.081
1472,0.408888889,300.315,677.611,960.453,973.568,764.918,836.865,1002.787,296.085
1473,0.409166667,300.315,677.611,960.453,973.568,764.918,836.865,1002.787,296.085
1474,0.409444444,300.315,677.611,960.453,973.568,764.918,836.865,1002.787,296.085
1475,0.409722222,300.315,677.611,960.453,973.568,764.918,836.865,1002.787,296.085
1476,0.41,300.351,678.066,961.048,973.64,765.192,837.111,1002.87,296.101
1477,0.410277778,300.351,678.066,961.048,973.64,765.192,837.111,1002.87,296.101
1478,0.410555556,300.351,678.066,961.048,973.64,765.192,837.111,1002.87,296.101
1479,0.410833333,300.393,678.461,961.417,973.758,765.455,837.302,1002.963,296.112
1480,0.411111111,300.393,678.461,961.417,973.758,765.455,837.302,1002.963,296.112
1481,0.411388889,300.393,678.461,961.417,973.758,765.455,837.302,1002.963,296.112
1482,0.411666667,300.393,678.461,961.417,973.758,765.455,837.302,1002.963,296.112
1483,0.411944444,300.44,678.745,961.267,973.854,765.734,837.513,1003.136,296.109
1484,0.412222222,300.44,678.745,961.267,973.854,765.734,837.513,1003.136,296.109
1485,0.4125,300.44,678.745,961.267,973.854,765.734,837.513,1003.136,296.109
1486,0.412777778,300.482,679.171,961.221,973.999,765.994,837.786,1003.304,296.124
1487,0.413055556,300.482,679.171,961.221,973.999,765.994,837.786,1003.304,296.124
1488,0.413333333,300.482,679.171,961.221,973.999,765.994,837.786,1003.304,296.124
1489,0.413611111,300.482,679.171,961.221,973.999,765.994,837.786,1003.304,296.124
1490,0.413888889,300.514,679.529,961.357,974.138,766.267,837.957,1003.475,296.118
1491,0.414166667,300.514,679.529,961.357,974.138,766.267,837.957,1003.475,296.118
1492,0.414444444,300.514,679.529,961.357,974.138,766.267,837.957,1003.475,296.118
1493,0.414722222,300.555,679.919,961.115,974.291,766.513,838.223,1003.623,296.123
1494,0.415,300.555,679.919,961.115,974.291,766.513,838.223,1003.623,296.123
1495,0.415277778,300.555,679.919,961.115,974.291,766.513,838.223,1003.623,296.123
1496,0.415555556,300.555,679.919,961.115,974.291,766.513,838.223,1003.623,296.123
1497,0.415833333,300.597,680.345,961.147,974.434,766.773,838.416,1003.749,296.133
1498,0.416111111,300.597,680.345,961.147,974.434,766.773,838.416,1003.749,296.133
1499,0.416388889,300.597,680.345,961.147,974.434,766.773,838.416,1003.749,296.133
1500,0.416666667,300.644,680.717,960.873,974.58,767.052,838.681,1003.879,296.143
1501,0.416944444,300.644,680.717,960.873,974.58,767.052,838.681,1003.879,296.143
1502,0.417222222,300.644,680.717,960.873,974.58,767.052,838.681,1003.879,296.143
1503,0.4175,300.644,680.717,960.873,974.58,767.052,838.681,1003.879,296.143
1504,0.417777778,300.688,681.05,960.576,974.722,767.344,838.912,1003.998,296.149
1505,0.418055556,300.688,681.05,960.576,974.722,767.344,838.912,1003.998,296.149
1506,0.418333333,300.688,681.05,960.576,974.722,767.344,838.912,1003.998,296.149
1507,0.418611111,300.731,681.477,959.891,974.846,767.626,839.193,1004.081,296.154
1508,0.418888889,300.731,681.477,959.891,974.846,767.626,839.193,1004.081,296.154
1509,0.419166667,300.731,681.477,959.891,974.846,767.626,839.193,1004.081,296.154
1510,0.419444444,300.731,681.477,959.891,974.846,767.626,839.193,1004.081,296.154
1511,0.419722222,300.769,681.873,959.727,974.942,767.898,839.418,1004.129,296.166
1512,0.42,300.769,681.873,959.727,974.942,767.898,839.418,1004.129,296.166
1513,0.420277778,300.769,681.873,959.727,974.942,767.898,839.418,1004.129,296.166
1514,0.420555556,300.822,682.232,959.399,975.025,768.183,839.66,1004.161,296.175
1515,0.420833333,300.822,682.232,959.399,975.025,768.183,839.66,1004.161,296.175
1516,0.421111111,300.822,682.232,959.399,975.025,768.183,839.66,1004.161,296.175
1517,0.421388889,300.822,682.232,959.399,975.025,768.183,839.66,1004.161,296.175
1518,0.421666667,300.855,682.553,959.019,975.086,768.477,839.925,1004.164,296.174
1519,0.421944444,300.855,682.553,959.019,975.086,768.477,839.925,1004.164,296.174
1520,0.422222222,300.855,682.553,959.019,975.086,768.477,839.925,1004.164,296.174
1521,0.4225,300.904,682.975,958.857,975.133,768.769,840.165,1004.117,296.179
1522,0.422777778,300.904,682.975,958.857,975.133,768.769,840.165,1004.117,296.179
1523,0.423055556,300.904,682.975,958.857,975.133,768.769,840.165,1004.117,296.179
1524,0.423333333,300.904,682.975,958.857,975.133,768.769,840.165,1004.117,296.179
1525,0.423611111,300.953,683.29,959.137,975.144,769.059,840.435,1004.088,296.192
1526,0.423888889,300.953,683.29,959.137,975.144,769.059,840.435,1004.088,296.192
1527,0.424166667,300.953,683.29,959.137,975.144,769.059,840.435,1004.088,296.192
1528,0.424444444,300.984,683.63,958.965,975.137,769.333,840.676,1004.028,296.192
1529,0.424722222,300.984,683.63,958.965,975.137,769.333,840.676,1004.028,296.192
1530,0.425,300.984,683.63,958.965,975.137,769.333,840.676,1004.028,296.192
1531,0.425277778,300.984,683.63,958.965,975.137,769.333,840.676,1004.028,296.192
1532,0.425555556,301.033,684.031,959.095,975.109,769.607,840.884,1003.914,296.204
1533,0.425833333,301.033,684.031,959.095,975.109,769.607,840.884,1003.914,296.204
1534,0.426111111,301.033,684.031,959.095,975.109,769.607,840.884,1003.914,296.204
1535,0.426388889,301.079,684.375,959.517,975.073,769.892,841.111,1003.813,296.21
1536,0.426666667,301.079,684.375,959.517,975.073,769.892,841.111,1003.813,296.21
1537,0.426944444,301.079,684.375,959.517,975.073,769.892,841.111,1003.813,296.21
1538,0.427222222,301.079,684.375,959.517,975.073,769.892,841.111,1003.813,296.21
1539,0.4275,301.119,684.705,959.459,975.029,770.158,841.362,1003.752,296.217
1540,0.427777778,301.119,684.705,959.459,975.029,770.158,841.362,1003.752,296.217
1541,0.428055556,301.119,684.705,959.459,975.029,770.158,841.362,1003.752,296.217
1542,0.428333333,301.159,685.048,959.5,974.979,770.42,841.544,1003.65,296.219
1543,0.428611111,301.159,685.048,959.5,974.979,770.42,841.544,1003.65,296.219
1544,0.428888889,301.159,685.048,959.5,974.979,770.42,841.544,1003.65,296.219
1545,0.429166667,301.159,685.048,959.5,974.979,770.42,841.544,1003.65,296.219
1546,0.429444444,301.22,685.374,959.996,974.947,770.682,841.778,1003.589,296.235
1547,0.429722222,301.22,685.374,959.996,974.947,770.682,841.778,1003.589,296.235
1548,0.43,301.22,685.374,959.996,974.947,770.682,841.778,1003.589,296.235
1549,0.430277778,301.243,685.712,960.36,974.894,770.918,841.977,1003.522,296.226
1550,0.430555556,301.243,685.712,960.36,974.894,770.918,841.977,1003.522,296.226
1551,0.430833333,301.243,685.712,960.36,974.894,770.918,841.977,1003.522,296.226
1552,0.431111111,301.243,685.712,960.36,974.894,770.918,841.977,1003.522,296.226
1553,0.431388889,301.295,686.056,960.81,974.868,771.186,842.17,1003.47,296.242
1554,0.431666667,301.295,686.056,960.81,974.868,771.186,842.17,1003.47,296.242
1555,0.431944444,301.295,686.056,960.81,974.868,771.186,842.17,1003.47,296.242
1556,0.432222222,301.342,686.405,960.827,974.864,771.45,842.39,1003.451,296.252
1557,0.4325,301.342,686.405,960.827,974.864,771.45,842.39,1003.451,296.252
1558,0.432777778,301.342,686.405,960.827,974.864,771.45,842.39,1003.451,296.252
1559,0.433055556,301.342,686.405,960.827,974.864,771.45,842.39,1003.451,296.252
1560,0.433333333,301.371,686.748,960.531,974.836,771.667,842.578,1003.392,296.251
1561,0.433611111,301.371,686.748,960.531,974.836,771.667,842.578,1003.392,296.251
1562,0.433888889,301.371,686.748,960.531,974.836,771.667,842.578,1003.392,296.251
1563,0.434166667,301.413,687.057,960.367,974.827,771.905,842.759,1003.36,296.251
1564,0.434444444,301.413,687.057,960.367,974.827,771.905,842.759,1003.36,296.251
1565,0.434722222,301.413,687.057,960.367,974.827,771.905,842.759,1003.36,296.251
1566,0.435,301.413,687.057,960.367,974.827,771.905,842.759,1003.36,296.251
1567,0.435277778,301.467,687.41,960.66,974.827,772.142,842.915,1003.322,296.264
1568,0.435555556,301.467,687.41,960.66,974.827,772.142,842.915,1003.322,296.264
1569,0.435833333,301.467,687.41,960.66,974.827,772.142,842.915,1003.322,296.264
1570,0.436111111,301.506,687.729,960.847,974.822,772.34,843.104,1003.302,296.278
1571,0.436388889,301.506,687.729,960.847,974.822,772.34,843.104,1003.302,296.278
1572,0.436666667,301.506,687.729,960.847,974.822,772.34,843.104,1003.302,296.278
1573,0.436944444,301.506,687.729,960.847,974.822,772.34,843.104,1003.302,296.278
1574,0.437222222,301.535,688.056,960.66,974.807,772.572,843.267,1003.271,296.262
1575,0.4375,301.535,688.056,960.66,974.807,772.572,843.267,1003.271,296.262
1576,0.437777778,301.535,688.056,960.66,974.807,772.572,843.267,1003.271,296.262
1577,0.438055556,301.605,688.394,961.177,974.82,772.811,843.453,1003.274,296.277
1578,0.438333333,301.605,688.394,961.177,974.82,772.811,843.453,1003.274,296.277
1579,0.438611111,301.605,688.394,961.177,974.82,772.811,843.453,1003.274,296.277
1580,0.438888889,301.635,688.696,960.835,974.818,773.03,843.607,1003.233,296.277
1581,0.439166667,301.635,688.696,960.835,974.818,773.03,843.607,1003.233,296.277
1582,0.439444444,301.635,688.696,960.835,974.818,773.03,843.607,1003.233,296.277
1583,0.439722222,301.635,688.696,960.835,974.818,773.03,843.607,1003.233,296.277
1584,0.44,301.681,689.033,960.044,974.818,773.249,843.8,1003.237,296.278
1585,0.440277778,301.681,689.033,960.044,974.818,773.249,843.8,1003.237,296.278
1586,0.440555556,301.681,689.033,960.044,974.818,773.249,843.8,1003.237,296.278
1587,0.440833333,301.737,689.385,959.298,974.829,773.487,843.979,1003.209,296.292
1588,0.441111111,301.737,689.385,959.298,974.829,773.487,843.979,1003.209,296.292
1589,0.441388889,301.737,689.385,959.298,974.829,773.487,843.979,1003.209,296.292
1590,0.441666667,301.737,689.385,959.298,974.829,773.487,843.979,1003.209,296.292
1591,0.441944444,301.767,689.648,958.588,974.818,773.69,844.148,1003.193,296.293
1592,0.442222222,301.767,689.648,958.588,974.818,773.69,844.148,1003.193,296.293
1593,0.4425,301.767,689.648,958.588,974.818,773.69,844.148,1003.193,296.293
1594,0.442777778,301.811,689.952,958.645,974.816,773.92,844.308,1003.145,296.297
1595,0.443055556,301.811,689.952,958.645,974.816,773.92,844.308,1003.145,296.297
1596,0.443333333,301.811,689.952,958.645,974.816,773.92,844.308,1003.145,296.297
1597,0.443611111,301.811,689.952,958.645,974.816,773.92,844.308,1003.145,296.297
1598,0.443888889,301.85,690.234,958.961,974.788,774.128,844.481,1003.085,296.304
1599,0.444166667,301.85,690.234,958.961,974.788,774.128,844.481,1003.085,296.304
1600,0.444444444,301.85,690.234,958.961,974.788,774.128,844.481,1003.085,296.304
1601,0.444722222,301.905,690.557,959.513,974.746,774.331,844.63,1003.005,296.302
1602,0.445,301.905,690.557,959.513,974.746,774.331,844.63,1003.005,296.302
1603,0.445277778,301.905,690.557,959.513,974.746,774.331,844.63,1003.005,296.302
1604,0.445555556,301.905,690.557,959.513,974.746,774.331,844.63,1003.005,296.302
1605,0.445833333,301.949,690.864,960.072,974.712,774.555,844.828,1002.939,296.314
1606,0.446111111,301.949,690.864,960.072,974.712,774.555,844.828,1002.939,296.314
1607,0.446388889,301.949,690.864,960.072,974.712,774.555,844.828,1002.939,296.314
1608,0.446666667,301.996,691.171,959.751,974.681,774.779,844.973,1002.865,296.321
1609,0.446944444,301.996,691.171,959.751,974.681,774.779,844.973,1002.865,296.321
1610,0.447222222,301.996,691.171,959.751,974.681,774.779,844.973,1002.865,296.321
1611,0.4475,301.996,691.171,959.751,974.681,774.779,844.973,1002.865,296.321
1612,0.447777778,302.025,691.446,959.064,974.63,774.979,845.14,1002.806,296.314
1613,0.448055556,302.025,691.446,959.064,974.63,774.979,845.14,1002.806,296.314
1614,0.448333333,302.025,691.446,959.064,974.63,774.979,845.14,1002.806,296.314
1615,0.448611111,302.071,691.736,959.107,974.604,775.185,845.278,1002.782,296.312
1616,0.448888889,302.071,691.736,959.107,974.604,775.185,845.278,1002.782,296.312
1617,0.449166667,302.071,691.736,959.107,974.604,775.185,845.278,1002.782,296.312
1618,0.449444444,302.071,691.736,959.107,974.604,775.185,845.278,1002.782,296.312
1619,0.449722222,302.117,692.001,959.171,974.577,775.393,845.416,1002.709,296.32
1620,0.45,302.117,692.001,959.171,974.577,775.393,845.416,1002.709,296.32
1621,0.450277778,302.117,692.001,959.171,974.577,775.393,845.416,1002.709,296.32
1622,0.450555556,302.162,692.307,959.043,974.57,775.607,845.608,1002.692,296.327
1623,0.450833333,302.162,692.307,959.043,974.57,775.607,845.608,1002.692,296.327
1624,0.451111111,302.162,692.307,959.043,974.57,775.607,845.608,1002.692,296.327
1625,0.451388889,302.162,692.307,959.043,974.57,775.607,845.608,1002.692,296.327
1626,0.451666667,302.206,692.612,958.499,974.544,775.804,845.751,1002.637,296.327
1627,0.451944444,302.206,692.612,958.499,974.544,775.804,845.751,1002.637,296.327
1628,0.452222222,302.206,692.612,958.499,974.544,775.804,845.751,1002.637,296.327
1629,0.4525,302.255,692.908,958.349,974.54,776.006,845.904,1002.649,296.331
1630,0.452777778,302.255,692.908,958.349,974.54,776.006,845.904,1002.649,296.331
1631,0.453055556,302.255,692.908,958.349,974.54,776.006,845.904,1002.649,296.331
1632,0.453333333,302.255,692.908,958.349,974.54,776.006,845.904,1002.649,296.331
1633,0.453611111,302.296,693.215,958.633,974.519,776.22,846.056,1002.631,296.329
1634,0.453888889,302.296,693.215,958.633,974.519,776.22,846.056,1002.631,296.329
1635,0.454166667,302.296,693.215,958.633,974.519,776.22,846.056,1002.631,296.329
1636,0.454444444,302.328,693.471,958.231,974.511,776.414,846.202,1002.608,296.323
1637,0.454722222,302.328,693.471,958.231,974.511,776.414,846.202,1002.608,296.323
1638,0.455,302.328,693.471,958.231,974.511,776.414,846.202,1002.608,296.323
1639,0.455277778,302.328,693.471,958.231,974.511,776.414,846.202,1002.608,296.323
1640,0.455555556,302.378,693.823,957.428,974.506,776.628,846.372,1002.592,296.341
1641,0.455833333,302.378,693.823,957.428,974.506,776.628,846.372,1002.592,296.341
1642,0.456111111,302.378,693.823,957.428,974.506,776.628,846.372,1002.592,296.341
1643,0.456388889,302.431,694.132,956.862,974.497,776.824,846.503,1002.542,296.35
1644,0.456666667,302.431,694.132,956.862,974.497,776.824,846.503,1002.542,296.35
1645,0.456944444,302.431,694.132,956.862,974.497,776.824,846.503,1002.542,296.35
1646,0.457222222,302.431,694.132,956.862,974.497,776.824,846.503,1002.542,296.35
1647,0.4575,302.458,694.396,956.753,974.47,777.02,846.64,1002.497,296.338
1648,0.457777778,302.458,694.396,956.753,974.47,777.02,846.64,1002.497,296.338
1649,0.458055556,302.458,694.396,956.753,974.47,777.02,846.64,1002.497,296.338
1650,0.458333333,302.511,694.677,957.069,974.446,777.208,846.79,1002.448,296.342
1651,0.458611111,302.511,694.677,957.069,974.446,777.208,846.79,1002.448,296.342
1652,0.458888889,302.511,694.677,957.069,974.446,777.208,846.79,1002.448,296.342
1653,0.459166667,302.553,694.887,957.243,974.418,777.399,846.957,1002.403,296.336
1654,0.459444444,302.553,694.887,957.243,974.418,777.399,846.957,1002.403,296.336
1655,0.459722222,302.553,694.887,957.243,974.418,777.399,846.957,1002.403,296.336
1656,0.46,302.553,694.887,957.243,974.418,777.399,846.957,1002.403,296.336
1657,0.460277778,302.594,695.17,957.215,974.376,777.581,847.086,1002.324,296.343
1658,0.460555556,302.594,695.17,957.215,974.376,777.581,847.086,1002.324,296.343
1659,0.460833333,302.594,695.17,957.215,974.376,777.581,847.086,1002.324,296.343
1660,0.461111111,302.629,695.518,956.748,974.323,777.772,847.249,1002.222,296.345
1661,0.461388889,302.629,695.518,956.748,974.323,777.772,847.249,1002.222,296.345
1662,0.461666667,302.629,695.518,956.748,974.323,777.772,847.249,1002.222,296.345
1663,0.461944444,302.629,695.518,956.748,974.323,777.772,847.249,1002.222,296.345
1664,0.462222222,302.684,695.827,956.022,974.281,777.982,847.416,1002.173,296.354
1665,0.4625,302.684,695.827,956.022,974.281,777.982,847.416,1002.173,296.354
1666,0.462777778,302.684,695.827,956.022,974.281,777.982,847.416,1002.173,296.354
1667,0.463055556,302.728,696.141,955.347,974.22,778.163,847.58,1002.058,296.349
1668,0.463333333,302.728,696.141,955.347,974.22,778.163,847.58,1002.058,296.349
1669,0.463611111,302.728,696.141,955.347,974.22,778.163,847.58,1002.058,296.349
1670,0.463888889,302.728,696.141,955.347,974.22,778.163,847.58,1002.058,296.349
1671,0.464166667,302.778,696.464,955.036,974.16,778.349,847.717,1001.948,296.358
1672,0.464444444,302.778,696.464,955.036,974.16,778.349,847.717,1001.948,296.358
1673,0.464722222,302.778,696.464,955.036,974.16,778.349,847.717,1001.948,296.358
1674,0.465,302.822,696.695,954.618,974.076,778.549,847.878,1001.83,296.354
1675,0.465277778,302.822,696.695,954.618,974.076,778.549,847.878,1001.83,296.354
1676,0.465555556,302.822,696.695,954.618,974.076,778.549,847.878,1001.83,296.354
1677,0.465833333,302.822,696.695,954.618,974.076,778.549,847.878,1001.83,296.354
1678,0.466111111,302.865,696.951,953.79,973.988,778.75,847.967,1001.625,296.368
1679,0.466388889,302.865,696.951,953.79,973.988,778.75,847.967,1001.625,296.368
1680,0.466666667,302.865,696.951,953.79,973.988,778.75,847.967,1001.625,296.368
1681,0.466944444,302.903,697.178,953.883,973.863,778.933,848.1,1001.444,296.369
1682,0.467222222,302.903,697.178,953.883,973.863,778.933,848.1,1001.444,296.369
1683,0.4675,302.903,697.178,953.883,973.863,778.933,848.1,1001.444,296.369
1684,0.467777778,302.903,697.178,953.883,973.863,778.933,848.1,1001.444,296.369
1685,0.468055556,302.942,697.431,953.709,973.734,779.112,848.252,1001.286,296.371
1686,0.468333333,302.942,697.431,953.709,973.734,779.112,848.252,1001.286,296.371
1687,0.468611111,302.942,697.431,953.709,973.734,779.112,848.252,1001.286,296.371
1688,0.468888889,302.988,697.611,954.226,973.584,779.264,848.363,1001.097,296.356
1689,0.469166667,302.988,697.611,954.226,973.584,779.264,848.363,1001.097,296.356
1690,0.469444444,302.988,697.611,954.226,973.584,779.264,848.363,1001.097,296.356
1691,0.469722222,302.988,697.611,954.226,973.584,779.264,848.363,1001.097,296.356
1692,0.47,303.035,697.861,955.294,973.456,779.405,848.5,1000.953,296.373
1693,0.470277778,303.035,697.861,955.294,973.456,779.405,848.5,1000.953,296.373
1694,0.470555556,303.035,697.861,955.294,973.456,779.405,848.5,1000.953,296.373
1695,0.470833333,303.079,698.076,955.456,973.331,779.564,848.607,1000.839,296.364
1696,0.471111111,303.079,698.076,955.456,973.331,779.564,848.607,1000.839,296.364
1697,0.471388889,303.079,698.076,955.456,973.331,779.564,848.607,1000.839,296.364
1698,0.471666667,303.079,698.076,955.456,973.331,779.564,848.607,1000.839,296.364
1699,0.471944444,303.117,698.333,955.092,973.215,779.741,848.728,1000.703,296.371
1700,0.472222222,303.117,698.333,955.092,973.215,779.741,848.728,1000.703,296.371
1701,0.4725,303.117,698.333,955.092,973.215,779.741,848.728,1000.703,296.371
1702,0.472777778,303.162,698.618,954.624,973.12,779.902,848.822,1000.627,296.359
1703,0.473055556,303.162,698.618,954.624,973.12,779.902,848.822,1000.627,296.359
1704,0.473333333,303.162,698.618,954.624,973.12,779.902,848.822,1000.627,296.359
1705,0.473611111,303.162,698.618,954.624,973.12,779.902,848.822,1000.627,296.359
1706,0.473888889,303.202,698.866,954.588,973.054,780.074,848.924,1000.545,296.37
1707,0.474166667,303.202,698.866,954.588,973.054,780.074,848.924,1000.545,296.37
1708,0.474444444,303.202,698.866,954.588,973.054,780.074,848.924,1000.545,296.37
1709,0.474722222,303.257,699.144,954.609,972.981,780.245,849.042,1000.494,296.369
1710,0.475,303.257,699.144,954.609,972.981,780.245,849.042,1000.494,296.369
1711,0.475277778,303.257,699.144,954.609,972.981,780.245,849.042,1000.494,296.369
1712,0.475555556,303.257,699.144,954.609,972.981,780.245,849.042,1000.494,296.369
1713,0.475833333,303.305,699.433,954.557,972.917,780.403,849.136,1000.42,296.378
1714,0.476111111,303.305,699.433,954.557,972.917,780.403,849.136,1000.42,296.378
1715,0.476388889,303.305,699.433,954.557,972.917,780.403,849.136,1000.42,296.378
1716,0.476666667,303.341,699.708,954.58,972.857,780.569,849.246,1000.336,296.373
1717,0.476944444,303.341,699.708,954.58,972.857,780.569,849.246,1000.336,296.373
1718,0.477222222,303.341,699.708,954.58,972.857,780.569,849.246,1000.336,296.373
1719,0.4775,303.341,699.708,954.58,972.857,780.569,849.246,1000.336,296.373
1720,0.477777778,303.388,699.929,954.526,972.799,780.73,849.341,1000.267,296.382
1721,0.478055556,303.388,699.929,954.526,972.799,780.73,849.341,1000.267,296.382
1722,0.478333333,303.388,699.929,954.526,972.799,780.73,849.341,1000.267,296.382
1723,0.478611111,303.435,700.145,954.379,972.733,780.889,849.43,1000.162,296.374
1724,0.478888889,303.435,700.145,954.379,972.733,780.889,849.43,1000.162,296.374
1725,0.479166667,303.435,700.145,954.379,972.733,780.889,849.43,1000.162,296.374
1726,0.479444444,303.466,700.374,953.672,972.671,781.035,849.512,1000.072,296.37
1727,0.479722222,303.466,700.374,953.672,972.671,781.035,849.512,1000.072,296.37
1728,0.48,303.466,700.374,953.672,972.671,781.035,849.512,1000.072,296.37
1729,0.480277778,303.466,700.374,953.672,972.671,781.035,849.512,1000.072,296.37
1730,0.480555556,303.518,700.618,953.521,972.602,781.211,849.594,999.966,296.373
1731,0.480833333,303.518,700.618,953.521,972.602,781.211,849.594,999.966,296.373
1732,0.481111111,303.518,700.618,953.521,972.602,781.211,849.594,999.966,296.373
1733,0.481388889,303.559,700.848,953.962,972.53,781.361,849.713,999.923,296.377
1734,0.481666667,303.559,700.848,953.962,972.53,781.361,849.713,999.923,296.377
1735,0.481944444,303.559,700.848,953.962,972.53,781.361,849.713,999.923,296.377
1736,0.482222222,303.559,700.848,953.962,972.53,781.361,849.713,999.923,296.377
1737,0.4825,303.616,701.083,954.035,972.48,781.54,849.816,999.868,296.387
1738,0.482777778,303.616,701.083,954.035,972.48,781.54,849.816,999.868,296.387
1739,0.483055556,303.616,701.083,954.035,972.48,781.54,849.816,999.868,296.387
1740,0.483333333,303.654,701.295,954.522,972.406,781.675,849.91,999.803,296.38
1741,0.483611111,303.654,701.295,954.522,972.406,781.675,849.91,999.803,296.38
1742,0.483888889,303.654,701.295,954.522,972.406,781.675,849.91,999.803,296.38
1743,0.484166667,303.654,701.295,954.522,972.406,781.675,849.91,999.803,296.38
1744,0.484444444,303.691,701.571,954.322,972.358,781.799,849.99,999.756,296.375
1745,0.484722222,303.691,701.571,954.322,972.358,781.799,849.99,999.756,296.375
1746,0.485,303.691,701.571,954.322,972.358,781.799,849.99,999.756,296.375
1747,0.485277778,303.736,701.839,954.569,972.321,781.96,850.108,999.749,296.383
1748,0.485555556,303.736,701.839,954.569,972.321,781.96,850.108,999.749,296.383
1749,0.485833333,303.736,701.839,954.569,972.321,781.96,850.108,999.749,296.383
1750,0.486111111,303.736,701.839,954.569,972.321,781.96,850.108,999.749,296.383
1751,0.486388889,303.78,702.123,954.016,972.312,782.12,850.217,999.729,296.383
1752,0.486666667,303.78,702.123,954.016,972.312,782.12,850.217,999.729,296.383
1753,0.486944444,303.78,702.123,954.016,972.312,782.12,850.217,999.729,296.383
1754,0.487222222,303.826,702.316,953.253,972.291,782.258,850.296,999.725,296.373
1755,0.4875,303.826,702.316,953.253,972.291,782.258,850.296,999.725,296.373
1756,0.487777778,303.826,702.316,953.253,972.291,782.258,850.296,999.725,296.373
1757,0.488055556,303.826,702.316,953.253,972.291,782.258,850.296,999.725,296.373
1758,0.488333333,303.873,702.542,953.444,972.269,782.433,850.389,999.692,296.374
1759,0.488611111,303.873,702.542,953.444,972.269,782.433,850.389,999.692,296.374
1760,0.488888889,303.873,702.542,953.444,972.269,782.433,850.389,999.692,296.374
1761,0.489166667,303.916,702.777,954.268,972.255,782.599,850.49,999.669,296.375
1762,0.489444444,303.916,702.777,954.268,972.255,782.599,850.49,999.669,296.375
1763,0.489722222,303.916,702.777,954.268,972.255,782.599,850.49,999.669,296.375
1764,0.49,303.916,702.777,954.268,972.255,782.599,850.49,999.669,296.375
1765,0.490277778,303.954,702.971,954.723,972.227,782.727,850.585,999.642,296.372
1766,0.490555556,303.954,702.971,954.723,972.227,782.727,850.585,999.642,296.372
1767,0.490833333,303.954,702.971,954.723,972.227,782.727,850.585,999.642,296.372
1768,0.491111111,304.004,703.246,954.406,972.219,782.883,850.714,999.646,296.378
1769,0.491388889,304.004,703.246,954.406,972.219,782.883,850.714,999.646,296.378
1770,0.491666667,304.004,703.246,954.406,972.219,782.883,850.714,999.646,296.378
1771,0.491944444,304.004,703.246,954.406,972.219,782.883,850.714,999.646,296.378
1772,0.492222222,304.044,703.428,953.823,972.224,783.049,850.826,999.652,296.375
1773,0.4925,304.044,703.428,953.823,972.224,783.049,850.826,999.652,296.375
1774,0.492777778,304.044,703.428,953.823,972.224,783.049,850.826,999.652,296.375
1775,0.493055556,304.089,703.669,953.599,972.226,783.196,850.897,999.666,296.369
1776,0.493333333,304.089,703.669,953.599,972.226,783.196,850.897,999.666,296.369
1777,0.493611111,304.089,703.669,953.599,972.226,783.196,850.897,999.666,296.369
1778,0.493888889,304.089,703.669,953.599,972.226,783.196,850.897,999.666,296.369
1779,0.494166667,304.139,703.905,953.556,972.25,783.366,851.032,999.702,296.385
1780,0.494444444,304.139,703.905,953.556,972.25,783.366,851.032,999.702,296.385
1781,0.494722222,304.139,703.905,953.556,972.25,783.366,851.032,999.702,296.385
1782,0.495,304.18,704.136,953.391,972.26,783.514,851.107,999.707,296.378
1783,0.495277778,304.18,704.136,953.391,972.26,783.514,851.107,999.707,296.378
1784,0.495555556,304.18,704.136,953.391,972.26,783.514,851.107,999.707,296.378
1785,0.495833333,304.18,704.136,953.391,972.26,783.514,851.107,999.707,296.378
1786,0.496111111,304.225,704.383,953.351,972.291,783.669,851.225,999.743,296.377
1787,0.496388889,304.225,704.383,953.351,972.291,783.669,851.225,999.743,296.377
1788,0.496666667,304.225,704.383,953.351,972.291,783.669,851.225,999.743,296.377
1789,0.496944444,304.264,704.596,953.273,972.304,783.821,851.346,999.767,296.39
1790,0.497222222,304.264,704.596,953.273,972.304,783.821,851.346,999.767,296.39
1791,0.4975,304.264,704.596,953.273,972.304,783.821,851.346,999.767,296.39
1792,0.497777778,304.264,704.596,953.273,972.304,783.821,851.346,999.767,296.39
1793,0.498055556,304.318,704.867,953.25,972.329,783.982,851.457,999.782,296.388
1794,0.498333333,304.318,704.867,953.25,972.329,783.982,851.457,999.782,296.388
1795,0.498611111,304.318,704.867,953.25,972.329,783.982,851.457,999.782,296.388
1796,0.498888889,304.351,705.107,953.705,972.339,784.15,851.611,999.81,296.383
1797,0.499166667,304.351,705.107,953.705,972.339,784.15,851.611,999.81,296.383
1798,0.499444444,304.351,705.107,953.705,972.339,784.15,851.611,999.81,296.383
1799,0.499722222,304.351,705.107,953.705,972.339,784.15,851.611,999.81,296.383
1800,0.5,304.398,705.354,954.257,972.346,784.309,851.733,999.802,296.379
1801,0.500277778,304.398,705.354,954.257,972.346,784.309,851.733,999.802,296.379
1802,0.500555556,304.398,705.354,954.257,972.346,784.309,851.733,999.802,296.379
1803,0.500833333,304.445,705.582,954.256,972.354,784.479,851.838,999.773,296.387
1804,0.501111111,304.445,705.582,954.256,972.354,784.479,851.838,999.773,296.387
1805,0.501388889,304.445,705.582,954.256,972.354,784.479,851.838,999.773,296.387
1806,0.501666667,304.445,705.582,954.256,972.354,784.479,851.838,999.773,296.387
1807,0.501944444,304.483,705.766,954.321,972.344,784.629,851.974,999.748,296.369
1808,0.502222222,304.483,705.766,954.321,972.344,784.629,851.974,999.748,296.369
1809,0.5025,304.483,705.766,954.321,972.344,784.629,851.974,999.748,296.369
1810,0.502777778,304.532,706.017,955.224,972.348,784.796,852.063,999.728,296.383
1811,0.503055556,304.532,706.017,955.224,972.348,784.796,852.063,999.728,296.383
1812,0.503333333,304.532,706.017,955.224,972.348,784.796,852.063,999.728,296.383
1813,0.503611111,304.532,706.017,955.224,972.348,784.796,852.063,999.728,296.383
1814,0.503888889,304.586,706.22,956.078,972.339,784.959,852.208,999.748,296.381
1815,0.504166667,304.586,706.22,956.078,972.339,784.959,852.208,999.748,296.381
1816,0.504444444,304.586,706.22,956.078,972.339,784.959,852.208,999.748,296.381
1817,0.504722222,304.615,706.444,955.505,972.337,785.128,852.302,999.729,296.377
1818,0.505,304.615,706.444,955.505,972.337,785.128,852.302,999.729,296.377
1819,0.505277778,304.615,706.444,955.505,972.337,785.128,852.302,999.729,296.377
1820,0.505555556,304.615,706.444,955.505,972.337,785.128,852.302,999.729,296.377
1821,0.505833333,304.668,706.675,955.478,972.366,785.291,852.412,999.766,296.372
1822,0.506111111,304.668,706.675,955.478,972.366,785.291,852.412,999.766,296.372
1823,0.506388889,304.668,706.675,955.478,972.366,785.291,852.412,999.766,296.372
1824,0.506666667,304.704,706.926,955.787,972.388,785.446,852.551,999.815,296.373
1825,0.506944444,304.704,706.926,955.787,972.388,785.446,852.551,999.815,296.373
1826,0.507222222,304.704,706.926,955.787,972.388,785.446,852.551,999.815,296.373
1827,0.5075,304.704,706.926,955.787,972.388,785.446,852.551,999.815,296.373
1828,0.507777778,304.748,707.157,955.775,972.443,785.616,852.655,999.884,296.381
1829,0.508055556,304.748,707.157,955.775,972.443,785.616,852.655,999.884,296.381
1830,0.508333333,304.748,707.157,955.775,972.443,785.616,852.655,999.884,296.381
1831,0.508611111,304.788,707.361,956.38,972.476,785.77,852.808,999.979,296.373
1832,0.508888889,304.788,707.361,956.38,972.476,785.77,852.808,999.979,296.373
1833,0.509166667,304.788,707.361,956.38,972.476,785.77,852.808,999.979,296.373
1834,0.509444444,304.788,707.361,956.38,972.476,785.77,852.808,999.979,296.373
1835,0.509722222,304.841,707.594,956.935,972.548,785.951,852.918,1000.048,296.383
1836,0.51,304.841,707.594,956.935,972.548,785.951,852.918,1000.048,296.383
1837,0.510277778,304.841,707.594,956.935,972.548,785.951,852.918,1000.048,296.383
1838,0.510555556,304.886,707.822,956.428,972.598,786.104,853.028,1000.1,296.379
1839,0.510833333,304.886,707.822,956.428,972.598,786.104,853.028,1000.1,296.379
1840,0.511111111,304.886,707.822,956.428,972.598,786.104,853.028,1000.1,296.379
1841,0.511388889,304.927,708.047,956.489,972.674,786.271,853.165,1000.188,296.382
1842,0.511666667,304.927,708.047,956.489,972.674,786.271,853.165,1000.188,296.382
1843,0.511944444,304.927,708.047,956.489,972.674,786.271,853.165,1000.188,296.382
1844,0.512222222,304.927,708.047,956.489,972.674,786.271,853.165,1000.188,296.382
1845,0.5125,304.979,708.269,955.792,972.732,786.422,853.303,1000.245,296.378
1846,0.512777778,304.979,708.269,955.792,972.732,786.422,853.303,1000.245,296.378
1847,0.513055556,304.979,708.269,955.792,972.732,786.422,853.303,1000.245,296.378
1848,0.513333333,305.012,708.455,955.423,972.794,786.585,853.41,1000.287,296.388
1849,0.513611111,305.012,708.455,955.423,972.794,786.585,853.41,1000.287,296.388
1850,0.513888889,305.012,708.455,955.423,972.794,786.585,853.41,1000.287,296.388
1851,0.514166667,305.012,708.455,955.423,972.794,786.585,853.41,1000.287,296.388
1852,0.514444444,305.061,708.655,955.263,972.852,786.748,853.549,1000.348,296.39
1853,0.514722222,305.061,708.655,955.263,972.852,786.748,853.549,1000.348,296.39
1854,0.515,305.061,708.655,955.263,972.852,786.748,853.549,1000.348,296.39
1855,0.515277778,305.093,708.862,955.091,972.889,786.926,853.675,1000.352,296.387
1856,0.515555556,305.093,708.862,955.091,972.889,786.926,853.675,1000.352,296.387
1857,0.515833333,305.093,708.862,955.091,972.889,786.926,853.675,1000.352,296.387
1858,0.516111111,305.093,708.862,955.091,972.889,786.926,853.675,1000.352,296.387
1859,0.516388889,305.155,709.08,955.602,972.925,787.061,853.812,1000.42,296.399
1860,0.516666667,305.155,709.08,955.602,972.925,787.061,853.812,1000.42,296.399
1861,0.516944444,305.155,709.08,955.602,972.925,787.061,853.812,1000.42,296.399
1862,0.517222222,305.193,709.31,956.609,972.991,787.223,853.909,1000.426,296.395
1863,0.5175,305.193,709.31,956.609,972.991,787.223,853.909,1000.426,296.395
1864,0.517777778,305.193,709.31,956.609,972.991,787.223,853.909,1000.426,296.395
1865,0.518055556,305.193,709.31,956.609,972.991,787.223,853.909,1000.426,296.395
1866,0.518333333,305.235,709.429,957.458,973.017,787.396,854.083,1000.514,296.398
1867,0.518611111,305.235,709.429,957.458,973.017,787.396,854.083,1000.514,296.398
1868,0.518888889,305.235,709.429,957.458,973.017,787.396,854.083,1000.514,296.398
1869,0.519166667,305.278,709.578,957.554,973.081,787.546,854.202,1000.59,296.409
1870,0.519444444,305.278,709.578,957.554,973.081,787.546,854.202,1000.59,296.409
1871,0.519722222,305.278,709.578,957.554,973.081,787.546,854.202,1000.59,296.409
1872,0.52,305.278,709.578,957.554,973.081,787.546,854.202,1000.59,296.409
1873,0.520277778,305.33,709.763,957.676,973.131,787.715,854.344,1000.643,296.407
1874,0.520555556,305.33,709.763,957.676,973.131,787.715,854.344,1000.643,296.407
1875,0.520833333,305.33,709.763,957.676,973.131,787.715,854.344,1000.643,296.407
1876,0.521111111,305.382,709.933,956.759,973.22,787.89,854.49,1000.735,296.42
1877,0.521388889,305.382,709.933,956.759,973.22,787.89,854.49,1000.735,296.42
1878,0.521666667,305.382,709.933,956.759,973.22,787.89,854.49,1000.735,296.42
1879,0.521944444,305.382,709.933,956.759,973.22,787.89,854.49,1000.735,296.42
1880,0.522222222,305.414,710.152,956.471,973.282,788.052,854.637,1000.83,296.413
1881,0.5225,305.414,710.152,956.471,973.282,788.052,854.637,1000.83,296.413
1882,0.522777778,305.414,710.152,956.471,973.282,788.052,854.637,1000.83,296.413
1883,0.523055556,305.457,710.3,956.344,973.365,788.234,854.771,1000.885,296.42
1884,0.523333333,305.457,710.3,956.344,973.365,788.234,854.771,1000.885,296.42
1885,0.523611111,305.457,710.3,956.344,973.365,788.234,854.771,1000.885,296.42
1886,0.523888889,305.457,710.3,956.344,973.365,788.234,854.771,1000.885,296.42
1887,0.524166667,305.516,710.519,956.36,973.431,788.405,854.895,1000.971,296.427
1888,0.524444444,305.516,710.519,956.36,973.431,788.405,854.895,1000.971,296.427
1889,0.524722222,305.516,710.519,956.36,973.431,788.405,854.895,1000.971,296.427
1890,0.525,305.565,710.73,956.643,973.501,788.582,855.031,1001.033,296.432
1891,0.525277778,305.565,710.73,956.643,973.501,788.582,855.031,1001.033,296.432
1892,0.525555556,305.565,710.73,956.643,973.501,788.582,855.031,1001.033,296.432
1893,0.525833333,305.565,710.73,956.643,973.501,788.582,855.031,1001.033,296.432
1894,0.526111111,305.591,710.945,956.774,973.553,788.723,855.173,1001.105,296.423
1895,0.526388889,305.591,710.945,956.774,973.553,788.723,855.173,1001.105,296.423
1896,0.526666667,305.591,710.945,956.774,973.553,788.723,855.173,1001.105,296.423
1897,0.526944444,305.641,711.199,956.589,973.619,788.891,855.321,1001.205,296.427
1898,0.527222222,305.641,711.199,956.589,973.619,788.891,855.321,1001.205,296.427
1899,0.5275,305.641,711.199,956.589,973.619,788.891,855.321,1001.205,296.427
1900,0.527777778,305.641,711.199,956.589,973.619,788.891,855.321,1001.205,296.427
1901,0.528055556,305.696,711.439,956.771,973.707,789.079,855.469,1001.279,296.442
1902,0.528333333,305.696,711.439,956.771,973.707,789.079,855.469,1001.279,296.442
1903,0.528611111,305.696,711.439,956.771,973.707,789.079,855.469,1001.279,296.442
1904,0.528888889,305.742,711.663,957.217,973.779,789.258,855.619,1001.372,296.445
1905,0.529166667,305.742,711.663,957.217,973.779,789.258,855.619,1001.372,296.445
1906,0.529444444,305.742,711.663,957.217,973.779,789.258,855.619,1001.372,296.445
1907,0.529722222,305.784,711.858,957.494,973.861,789.434,855.759,1001.431,296.45
1908,0.53,305.784,711.858,957.494,973.861,789.434,855.759,1001.431,296.45
1909,0.530277778,305.784,711.858,957.494,973.861,789.434,855.759,1001.431,296.45
1910,0.530555556,305.784,711.858,957.494,973.861,789.434,855.759,1001.431,296.45
1911,0.530833333,305.828,712.047,957.198,973.925,789.587,855.872,1001.465,296.452
1912,0.531111111,305.828,712.047,957.198,973.925,789.587,855.872,1001.465,296.452
1913,0.531388889,305.828,712.047,957.198,973.925,789.587,855.872,1001.465,296.452
1914,0.531666667,305.888,712.255,957.012,974.002,789.792,856.064,1001.547,296.462
1915,0.531944444,305.888,712.255,957.012,974.002,789.792,856.064,1001.547,296.462
1916,0.532222222,305.888,712.255,957.012,974.002,789.792,856.064,1001.547,296.462
1917,0.5325,305.888,712.255,957.012,974.002,789.792,856.064,1001.547,296.462
1918,0.532777778,305.922,712.462,957.257,974.056,789.961,856.19,1001.586,296.469
1919,0.533055556,305.922,712.462,957.257,974.056,789.961,856.19,1001.586,296.469
1920,0.533333333,305.922,712.462,957.257,974.056,789.961,856.19,1001.586,296.469
1921,0.533611111,305.966,712.673,956.948,974.131,790.127,856.342,1001.64,296.473
1922,0.533888889,305.966,712.673,956.948,974.131,790.127,856.342,1001.64,296.473
1923,0.534166667,305.966,712.673,956.948,974.131,790.127,856.342,1001.64,296.473
1924,0.534444444,305.966,712.673,956.948,974.131,790.127,856.342,1001.64,296.473
1925,0.534722222,306.015,712.911,957.096,974.173,790.264,856.476,1001.698,296.475
1926,0.535,306.015,712.911,957.096,974.173,790.264,856.476,1001.698,296.475
1927,0.535277778,306.015,712.911,957.096,974.173,790.264,856.476,1001.698,296.475
1928,0.535555556,306.065,713.107,957.322,974.233,790.427,856.646,1001.759,296.489
1929,0.535833333,306.065,713.107,957.322,974.233,790.427,856.646,1001.759,296.489
1930,0.536111111,306.065,713.107,957.322,974.233,790.427,856.646,1001.759,296.489
1931,0.536388889,306.065,713.107,957.322,974.233,790.427,856.646,1001.759,296.489
1932,0.536666667,306.09,713.317,956.942,974.289,790.582,856.792,1001.834,296.481
1933,0.536944444,306.09,713.317,956.942,974.289,790.582,856.792,1001.834,296.481
1934,0.537222222,306.09,713.317,956.942,974.289,790.582,856.792,1001.834,296.481
1935,0.5375,306.136,713.513,956.738,974.355,790.761,856.908,1001.883,296.487
1936,0.537777778,306.136,713.513,956.738,974.355,790.761,856.908,1001.883,296.487
1937,0.538055556,306.136,713.513,956.738,974.355,790.761,856.908,1001.883,296.487
1938,0.538333333,306.136,713.513,956.738,974.355,790.761,856.908,1001.883,296.487
1939,0.538611111,306.189,713.709,956.547,974.409,790.925,857.087,1001.947,296.49
1940,0.538888889,306.189,713.709,956.547,974.409,790.925,857.087,1001.947,296.49
1941,0.539166667,306.189,713.709,956.547,974.409,790.925,857.087,1001.947,296.49
1942,0.539444444,306.236,713.921,956.082,974.464,791.092,857.211,1001.962,296.495
1943,0.539722222,306.236,713.921,956.082,974.464,791.092,857.211,1001.962,296.495
1944,0.54,306.236,713.921,956.082,974.464,791.092,857.211,1001.962,296.495
1945,0.540277778,306.236,713.921,956.082,974.464,791.092,857.211,1001.962,296.495
1946,0.540555556,306.284,714.196,955.369,974.519,791.274,857.356,1001.998,296.509
1947,0.540833333,306.284,714.196,955.369,974.519,791.274,857.356,1001.998,296.509
1948,0.541111111,306.284,714.196,955.369,974.519,791.274,857.356,1001.998,296.509
1949,0.541388889,306.329,714.434,955.79,974.564,791.445,857.517,1002.038,296.509
1950,0.541666667,306.329,714.434,955.79,974.564,791.445,857.517,1002.038,296.509
1951,0.541944444,306.329,714.434,955.79,974.564,791.445,857.517,1002.038,296.509
1952,0.542222222,306.329,714.434,955.79,974.564,791.445,857.517,1002.038,296.509
1953,0.5425,306.375,714.624,955.836,974.583,791.608,857.637,1002.054,296.505
1954,0.542777778,306.375,714.624,955.836,974.583,791.608,857.637,1002.054,296.505
1955,0.543055556,306.375,714.624,955.836,974.583,791.608,857.637,1002.054,296.505
1956,0.543333333,306.418,714.79,955.406,974.616,791.774,857.758,1002.02,296.52
1957,0.543611111,306.418,714.79,955.406,974.616,791.774,857.758,1002.02,296.52
1958,0.543888889,306.418,714.79,955.406,974.616,791.774,857.758,1002.02,296.52
1959,0.544166667,306.418,714.79,955.406,974.616,791.774,857.758,1002.02,296.52
1960,0.544444444,306.469,715.049,954.819,974.623,791.944,857.924,1002.028,296.522
1961,0.544722222,306.469,715.049,954.819,974.623,791.944,857.924,1002.028,296.522
1962,0.545,306.469,715.049,954.819,974.623,791.944,857.924,1002.028,296.522
1963,0.545277778,306.519,715.278,955.156,974.643,792.103,858.047,1002.053,296.539
1964,0.545555556,306.519,715.278,955.156,974.643,792.103,858.047,1002.053,296.539
1965,0.545833333,306.519,715.278,955.156,974.643,792.103,858.047,1002.053,296.539
1966,0.546111111,306.519,715.278,955.156,974.643,792.103,858.047,1002.053,296.539
1967,0.546388889,306.557,715.481,955.986,974.632,792.266,858.201,1002.026,296.535
1968,0.546666667,306.557,715.481,955.986,974.632,792.266,858.201,1002.026,296.535
1969,0.546944444,306.557,715.481,955.986,974.632,792.266,858.201,1002.026,296.535
1970,0.547222222,306.622,715.708,956.156,974.655,792.42,858.351,1002.05,296.558
1971,0.5475,306.622,715.708,956.156,974.655,792.42,858.351,1002.05,296.558
1972,0.547777778,306.622,715.708,956.156,974.655,792.42,858.351,1002.05,296.558
1973,0.548055556,306.622,715.708,956.156,974.655,792.42,858.351,1002.05,296.558
1974,0.548333333,306.649,715.893,955.152,974.647,792.572,858.461,1002.017,296.544
1975,0.548611111,306.649,715.893,955.152,974.647,792.572,858.461,1002.017,296.544
1976,0.548888889,306.649,715.893,955.152,974.647,792.572,858.461,1002.017,296.544
1977,0.549166667,306.698,716.128,955.224,974.673,792.749,858.578,1002.027,296.566
1978,0.549444444,306.698,716.128,955.224,974.673,792.749,858.578,1002.027,296.566
1979,0.549722222,306.698,716.128,955.224,974.673,792.749,858.578,1002.027,296.566
1980,0.55,306.698,716.128,955.224,974.673,792.749,858.578,1002.027,296.566
1981,0.550277778,306.738,716.29,955.047,974.666,792.894,858.716,1002.016,296.555
1982,0.550555556,306.738,716.29,955.047,974.666,792.894,858.716,1002.016,296.555
1983,0.550833333,306.738,716.29,955.047,974.666,792.894,858.716,1002.016,296.555
1984,0.551111111,306.787,716.531,954.49,974.671,793.064,858.865,1002.008,296.575
1985,0.551388889,306.787,716.531,954.49,974.671,793.064,858.865,1002.008,296.575
1986,0.551666667,306.787,716.531,954.49,974.671,793.064,858.865,1002.008,296.575
1987,0.551944444,306.787,716.531,954.49,974.671,793.064,858.865,1002.008,296.575
1988,0.552222222,306.829,716.749,954.667,974.663,793.202,858.995,1001.991,296.568
1989,0.5525,306.829,716.749,954.667,974.663,793.202,858.995,1001.991,296.568
1990,0.552777778,306.829,716.749,954.667,974.663,793.202,858.995,1001.991,296.568
1991,0.553055556,306.885,716.973,954.543,974.669,793.35,859.091,1001.954,296.583
1992,0.553333333,306.885,716.973,954.543,974.669,793.35,859.091,1001.954,296.583
1993,0.553611111,306.885,716.973,954.543,974.669,793.35,859.091,1001.954,296.583
1994,0.553888889,306.885,716.973,954.543,974.669,793.35,859.091,1001.954,296.583
1995,0.554166667,306.924,717.13,954.19,974.651,793.507,859.202,1001.935,296.587
1996,0.554444444,306.924,717.13,954.19,974.651,793.507,859.202,1001.935,296.587
1997,0.554722222,306.924,717.13,954.19,974.651,793.507,859.202,1001.935,296.587
1998,0.555,306.924,717.13,954.19,974.651,793.507,859.202,1001.935,296.587
1999,0.555277778,306.97,717.367,954.003,974.642,793.648,859.339,1001.9,296.593
2000,0.555555556,306.97,717.367,954.003,974.642,793.648,859.339,1001.9,296.593
2001,0.555833333,306.97,717.367,954.003,974.642,793.648,859.339,1001.9,296.593
2002,0.556111111,307.025,717.58,954.259,974.624,793.808,859.434,1001.854,296.601
2003,0.556388889,307.025,717.58,954.259,974.624,793.808,859.434,1001.854,296.601
2004,0.556666667,307.025,717.58,954.259,974.624,793.808,859.434,1001.854,296.601
2005,0.556944444,307.064,717.775,954.595,974.599,793.95,859.58,1001.841,296.602
2006,0.557222222,307.064,717.775,954.595,974.599,793.95,859.58,1001.841,296.602
2007,0.5575,307.064,717.775,954.595,974.599,793.95,859.58,1001.841,296.602
2008,0.557777778,307.064,717.775,954.595,974.599,793.95,859.58,1001.841,296.602
2009,0.558055556,307.106,717.989,955.642,974.579,794.101,859.682,1001.805,296.604
2010,0.558333333,307.106,717.989,955.642,974.579,794.101,859.682,1001.805,296.604
2011,0.558611111,307.106,717.989,955.642,974.579,794.101,859.682,1001.805,296.604
2012,0.558888889,307.156,718.193,955.536,974.564,794.25,859.806,1001.803,296.613
2013,0.559166667,307.156,718.193,955.536,974.564,794.25,859.806,1001.803,296.613
2014,0.559444444,307.156,718.193,955.536,974.564,794.25,859.806,1001.803,296.613
2015,0.559722222,307.156,718.193,955.536,974.564,794.25,859.806,1001.803,296.613
2016,0.56,307.197,718.416,955.445,974.559,794.387,859.912,1001.778,296.621
2017,0.560277778,307.197,718.416,955.445,974.559,794.387,859.912,1001.778,296.621
2018,0.560555556,307.197,718.416,955.445,974.559,794.387,859.912,1001.778,296.621
2019,0.560833333,307.238,718.616,955.099,974.535,794.538,860.011,1001.766,296.625
2020,0.561111111,307.238,718.616,955.099,974.535,794.538,860.011,1001.766,296.625
2021,0.561388889,307.238,718.616,955.099,974.535,794.538,860.011,1001.766,296.625
2022,0.561666667,307.238,718.616,955.099,974.535,794.538,860.011,1001.766,296.625
2023,0.561944444,307.297,718.797,955.014,974.531,794.665,860.098,1001.7,296.632
2024,0.562222222,307.297,718.797,955.014,974.531,794.665,860.098,1001.7,296.632
2025,0.5625,307.297,718.797,955.014,974.531,794.665,860.098,1001.7,296.632
2026,0.562777778,307.336,718.974,955.074,974.508,794.806,860.203,1001.68,296.633
2027,0.563055556,307.336,718.974,955.074,974.508,794.806,860.203,1001.68,296.633
2028,0.563333333,307.336,718.974,955.074,974.508,794.806,860.203,1001.68,296.633
2029,0.563611111,307.336,718.974,955.074,974.508,794.806,860.203,1001.68,296.633
2030,0.563888889,307.387,719.134,954.147,974.486,794.943,860.294,1001.645,296.642
2031,0.564166667,307.387,719.134,954.147,974.486,794.943,860.294,1001.645,296.642
2032,0.564444444,307.387,719.134,954.147,974.486,794.943,860.294,1001.645,296.642
2033,0.564722222,307.437,719.376,954.448,974.469,795.088,860.424,1001.611,296.655
2034,0.565,307.437,719.376,954.448,974.469,795.088,860.424,1001.611,296.655
2035,0.565277778,307.437,719.376,954.448,974.469,795.088,860.424,1001.611,296.655
2036,0.565555556,307.437,719.376,954.448,974.469,795.088,860.424,1001.611,296.655
2037,0.565833333,307.486,719.575,954.258,974.454,795.231,860.508,1001.573,296.659
2038,0.566111111,307.486,719.575,954.258,974.454,795.231,860.508,1001.573,296.659
2039,0.566388889,307.486,719.575,954.258,974.454,795.231,860.508,1001.573,296.659
2040,0.566666667,307.522,719.723,953.643,974.431,795.371,860.601,1001.568,296.657
2041,0.566944444,307.522,719.723,953.643,974.431,795.371,860.601,1001.568,296.657
2042,0.567222222,307.522,719.723,953.643,974.431,795.371,860.601,1001.568,296.657
2043,0.5675,307.522,719.723,953.643,974.431,795.371,860.601,1001.568,296.657
2044,0.567777778,307.571,719.914,953.17,974.42,795.498,860.699,1001.544,296.674
2045,0.568055556,307.571,719.914,953.17,974.42,795.498,860.699,1001.544,296.674
2046,0.568333333,307.571,719.914,953.17,974.42,795.498,860.699,1001.544,296.674
2047,0.568611111,307.613,720.104,952.71,974.412,795.635,860.814,1001.518,296.675
2048,0.568888889,307.613,720.104,952.71,974.412,795.635,860.814,1001.518,296.675
2049,0.569166667,307.613,720.104,952.71,974.412,795.635,860.814,1001.518,296.675
2050,0.569444444,307.613,720.104,952.71,974.412,795.635,860.814,1001.518,296.675
2051,0.569722222,307.651,720.281,952.561,974.375,795.766,860.871,1001.484,296.681
2052,0.57,307.651,720.281,952.561,974.375,795.766,860.871,1001.484,296.681
2053,0.570277778,307.651,720.281,952.561,974.375,795.766,860.871,1001.484,296.681
2054,0.570555556,307.704,720.352,952.429,974.349,795.891,860.969,1001.439,296.693
2055,0.570833333,307.704,720.352,952.429,974.349,795.891,860.969,1001.439,296.693
2056,0.571111111,307.704,720.352,952.429,974.349,795.891,860.969,1001.439,296.693
2057,0.571388889,307.704,720.352,952.429,974.349,795.891,860.969,1001.439,296.693
2058,0.571666667,307.756,720.594,952.664,974.32,796.028,861.03,1001.391,296.695
2059,0.571944444,307.756,720.594,952.664,974.32,796.028,861.03,1001.391,296.695
2060,0.572222222,307.756,720.594,952.664,974.32,796.028,861.03,1001.391,296.695
2061,0.5725,307.794,720.722,953.039,974.284,796.149,861.15,1001.379,296.699
2062,0.572777778,307.794,720.722,953.039,974.284,796.149,861.15,1001.379,296.699
2063,0.573055556,307.794,720.722,953.039,974.284,796.149,861.15,1001.379,296.699
2064,0.573333333,307.84,720.942,953.108,974.269,796.261,861.228,1001.373,296.72
2065,0.573611111,307.84,720.942,953.108,974.269,796.261,861.228,1001.373,296.72
2066,0.573888889,307.84,720.942,953.108,974.269,796.261,861.228,1001.373,296.72
2067,0.574166667,307.84,720.942,953.108,974.269,796.261,861.228,1001.373,296.72
2068,0.574444444,307.88,721.158,953.209,974.257,796.382,861.331,1001.398,296.715
2069,0.574722222,307.88,721.158,953.209,974.257,796.382,861.331,1001.398,296.715
2070,0.575,307.88,721.158,953.209,974.257,796.382,861.331,1001.398,296.715
2071,0.575277778,307.938,721.329,953.17,974.266,796.513,861.396,1001.424,296.721
2072,0.575555556,307.938,721.329,953.17,974.266,796.513,861.396,1001.424,296.721
2073,0.575833333,307.938,721.329,953.17,974.266,796.513,861.396,1001.424,296.721
2074,0.576111111,307.938,721.329,953.17,974.266,796.513,861.396,1001.424,296.721
2075,0.576388889,307.963,721.468,953.361,974.267,796.636,861.466,1001.445,296.723
2076,0.576666667,307.963,721.468,953.361,974.267,796.636,861.466,1001.445,296.723
2077,0.576944444,307.963,721.468,953.361,974.267,796.636,861.466,1001.445,296.723
2078,0.577222222,308.021,721.598,953.324,974.312,796.756,861.57,1001.481,296.733
2079,0.5775,308.021,721.598,953.324,974.312,796.756,861.57,1001.481,296.733
2080,0.577777778,308.021,721.598,953.324,974.312,796.756,861.57,1001.481,296.733
2081,0.578055556,308.021,721.598,953.324,974.312,796.756,861.57,1001.481,296.733
2082,0.578333333,308.064,721.768,953.296,974.32,796.872,861.647,1001.494,296.735
2083,0.578611111,308.064,721.768,953.296,974.32,796.872,861.647,1001.494,296.735
2084,0.578888889,308.064,721.768,953.296,974.32,796.872,861.647,1001.494,296.735
2085,0.579166667,308.113,721.96,953.059,974.348,797.005,861.726,1001.522,296.749
2086,0.579444444,308.113,721.96,953.059,974.348,797.005,861.726,1001.522,296.749
2087,0.579722222,308.113,721.96,953.059,974.348,797.005,861.726,1001.522,296.749
2088,0.58,308.113,721.96,953.059,974.348,797.005,861.726,1001.522,296.749
2089,0.580277778,308.156,722.093,952.665,974.379,797.118,861.813,1001.574,296.743
2090,0.580555556,308.156,722.093,952.665,974.379,797.118,861.813,1001.574,296.743
2091,0.580833333,308.156,722.093,952.665,974.379,797.118,861.813,1001.574,296.743
2092,0.581111111,308.202,722.302,952.817,974.412,797.251,861.918,1001.612,296.753
2093,0.581388889,308.202,722.302,952.817,974.412,797.251,861.918,1001.612,296.753
2094,0.581666667,308.202,722.302,952.817,974.412,797.251,861.918,1001.612,296.753
2095,0.581944444,308.202,722.302,952.817,974.412,797.251,861.918,1001.612,296.753
2096,0.582222222,308.239,722.432,953.382,974.445,797.364,861.994,1001.657,296.758
2097,0.5825,308.239,722.432,953.382,974.445,797.364,861.994,1001.657,296.758
2098,0.582777778,308.239,722.432,953.382,974.445,797.364,861.994,1001.657,296.758
2099,0.583055556,308.293,722.632,953.517,974.493,797.485,862.091,1001.712,296.771
2100,0.583333333,308.293,722.632,953.517,974.493,797.485,862.091,1001.712,296.771
2101,0.583611111,308.293,722.632,953.517,974.493,797.485,862.091,1001.712,296.771
2102,0.583888889,308.293,722.632,953.517,974.493,797.485,862.091,1001.712,296.771
2103,0.584166667,308.351,722.87,953.71,974.54,797.608,862.227,1001.802,296.783
2104,0.584444444,308.351,722.87,953.71,974.54,797.608,862.227,1001.802,296.783
2105,0.584722222,308.351,722.87,953.71,974.54,797.608,862.227,1001.802,296.783
2106,0.585,308.383,723.03,953.409,974.575,797.737,862.266,1001.83,296.779
2107,0.585277778,308.383,723.03,953.409,974.575,797.737,862.266,1001.83,296.779
2108,0.585555556,308.383,723.03,953.409,974.575,797.737,862.266,1001.83,296.779
2109,0.585833333,308.383,723.03,953.409,974.575,797.737,862.266,1001.83,296.779
2110,0.586111111,308.432,723.226,953.623,974.628,797.867,862.413,1001.914,296.794
2111,0.586388889,308.432,723.226,953.623,974.628,797.867,862.413,1001.914,296.794
2112,0.586666667,308.432,723.226,953.623,974.628,797.867,862.413,1001.914,296.794
2113,0.586944444,308.476,723.415,953.272,974.671,797.992,862.512,1001.925,296.79
2114,0.587222222,308.476,723.415,953.272,974.671,797.992,862.512,1001.925,296.79
2115,0.5875,308.476,723.415,953.272,974.671,797.992,862.512,1001.925,296.79
2116,0.587777778,308.476,723.415,953.272,974.671,797.992,862.512,1001.925,296.79
2117,0.588055556,308.525,723.568,953.82,974.712,798.123,862.62,1001.946,296.81
2118,0.588333333,308.525,723.568,953.82,974.712,798.123,862.62,1001.946,296.81
2119,0.588611111,308.525,723.568,953.82,974.712,798.123,862.62,1001.946,296.81
2120,0.588888889,308.559,723.66,954.301,974.72,798.257,862.711,1001.909,296.794
2121,0.589166667,308.559,723.66,954.301,974.72,798.257,862.711,1001.909,296.794
2122,0.589444444,308.559,723.66,954.301,974.72,798.257,862.711,1001.909,296.794
2123,0.589722222,308.559,723.66,954.301,974.72,798.257,862.711,1001.909,296.794
2124,0.59,308.605,723.805,954.071,974.738,798.395,862.841,1001.896,296.819
2125,0.590277778,308.605,723.805,954.071,974.738,798.395,862.841,1001.896,296.819
2126,0.590555556,308.605,723.805,954.071,974.738,798.395,862.841,1001.896,296.819
2127,0.590833333,308.66,723.946,954.217,974.728,798.517,862.953,1001.849,296.822
2128,0.591111111,308.66,723.946,954.217,974.728,798.517,862.953,1001.849,296.822
2129,0.591388889,308.66,723.946,954.217,974.728,798.517,862.953,1001.849,296.822
2130,0.591666667,308.66,723.946,954.217,974.728,798.517,862.953,1001.849,296.822
2131,0.591944444,308.695,724.109,954.036,974.713,798.649,863.055,1001.794,296.814
2132,0.592222222,308.695,724.109,954.036,974.713,798.649,863.055,1001.794,296.814
2133,0.5925,308.695,724.109,954.036,974.713,798.649,863.055,1001.794,296.814
2134,0.592777778,308.743,724.289,953.718,974.692,798.782,863.175,1001.768,296.825
2135,0.593055556,308.743,724.289,953.718,974.692,798.782,863.175,1001.768,296.825
2136,0.593333333,308.743,724.289,953.718,974.692,798.782,863.175,1001.768,296.825
2137,0.593611111,308.743,724.289,953.718,974.692,798.782,863.175,1001.768,296.825
2138,0.593888889,308.795,724.485,953.791,974.677,798.927,863.286,1001.718,296.84
2139,0.594166667,308.795,724.485,953.791,974.677,798.927,863.286,1001.718,296.84
2140,0.594444444,308.795,724.485,953.791,974.677,798.927,863.286,1001.718,296.84
2141,0.594722222,308.832,724.646,954.043,974.647,799.055,863.373,1001.648,296.839
2142,0.595,308.832,724.646,954.043,974.647,799.055,863.373,1001.648,296.839
2143,0.595277778,308.832,724.646,954.043,974.647,799.055,863.373,1001.648,296.839
2144,0.595555556,308.832,724.646,954.043,974.647,799.055,863.373,1001.648,296.839
2145,0.595833333,308.886,724.832,954.57,974.619,799.186,863.461,1001.606,296.843
2146,0.596111111,308.886,724.832,954.57,974.619,799.186,863.461,1001.606,296.843
2147,0.596388889,308.886,724.832,954.57,974.619,799.186,863.461,1001.606,296.843
2148,0.596666667,308.94,724.988,954.617,974.592,799.309,863.542,1001.542,296.849
2149,0.596944444,308.94,724.988,954.617,974.592,799.309,863.542,1001.542,296.849
2150,0.597222222,308.94,724.988,954.617,974.592,799.309,863.542,1001.542,296.849
2151,0.5975,308.961,725.152,953.924,974.557,799.433,863.636,1001.494,296.852
2152,0.597777778,308.961,725.152,953.924,974.557,799.433,863.636,1001.494,296.852
2153,0.598055556,308.961,725.152,953.924,974.557,799.433,863.636,1001.494,296.852
2154,0.598333333,308.961,725.152,953.924,974.557,799.433,863.636,1001.494,296.852
2155,0.598611111,309.015,725.279,953.644,974.529,799.551,863.744,1001.452,296.861
2156,0.598888889,309.015,725.279,953.644,974.529,799.551,863.744,1001.452,296.861
2157,0.599166667,309.015,725.279,953.644,974.529,799.551,863.744,1001.452,296.861
2158,0.599444444,309.057,725.444,953.719,974.482,799.674,863.812,1001.402,296.86
2159,0.599722222,309.057,725.444,953.719,974.482,799.674,863.812,1001.402,296.86
2160,0.6,309.057,725.444,953.719,974.482,799.674,863.812,1001.402,296.86
2161,0.600277778,309.057,725.444,953.719,974.482,799.674,863.812,1001.402,296.86
2162,0.600555556,309.111,725.661,953.563,974.456,799.798,863.908,1001.346,296.87
2163,0.600833333,309.111,725.661,953.563,974.456,799.798,863.908,1001.346,296.87
2164,0.601111111,309.111,725.661,953.563,974.456,799.798,863.908,1001.346,296.87
2165,0.601388889,309.162,725.85,953.287,974.411,799.908,863.978,1001.285,296.872
2166,0.601666667,309.162,725.85,953.287,974.411,799.908,863.978,1001.285,296.872
2167,0.601944444,309.162,725.85,953.287,974.411,799.908,863.978,1001.285,296.872
2168,0.602222222,309.162,725.85,953.287,974.411,799.908,863.978,1001.285,296.872
2169,0.6025,309.192,726.014,953.345,974.384,800.019,864.082,1001.267,296.874
2170,0.602777778,309.192,726.014,953.345,974.384,800.019,864.082,1001.267,296.874
2171,0.603055556,309.192,726.014,953.345,974.384,800.019,864.082,1001.267,296.874
2172,0.603333333,309.253,726.183,953.402,974.354,800.141,864.169,1001.25,296.889
2173,0.603611111,309.253,726.183,953.402,974.354,800.141,864.169,1001.25,296.889
2174,0.603888889,309.253,726.183,953.402,974.354,800.141,864.169,1001.25,296.889
2175,0.604166667,309.253,726.183,953.402,974.354,800.141,864.169,1001.25,296.889
2176,0.604444444,309.284,726.313,953.118,974.335,800.239,864.209,1001.201,296.886
2177,0.604722222,309.284,726.313,953.118,974.335,800.239,864.209,1001.201,296.886
2178,0.605,309.284,726.313,953.118,974.335,800.239,864.209,1001.201,296.886
2179,0.605277778,309.341,726.521,953.179,974.321,800.357,864.303,1001.21,296.889
2180,0.605555556,309.341,726.521,953.179,974.321,800.357,864.303,1001.21,296.889
2181,0.605833333,309.341,726.521,953.179,974.321,800.357,864.303,1001.21,296.889
2182,0.606111111,309.341,726.521,953.179,974.321,800.357,864.303,1001.21,296.889
2183,0.606388889,309.384,726.71,953.433,974.322,800.465,864.377,1001.189,296.904
2184,0.606666667,309.384,726.71,953.433,974.322,800.465,864.377,1001.189,296.904
2185,0.606944444,309.384,726.71,953.433,974.322,800.465,864.377,1001.189,296.904
2186,0.607222222,309.417,726.861,952.599,974.288,800.572,864.43,1001.154,296.892
2187,0.6075,309.417,726.861,952.599,974.288,800.572,864.43,1001.154,296.892
2188,0.607777778,309.417,726.861,952.599,974.288,800.572,864.43,1001.154,296.892
2189,0.608055556,309.417,726.861,952.599,974.288,800.572,864.43,1001.154,296.892
2190,0.608333333,309.466,727.015,951.984,974.269,800.692,864.534,1001.161,296.901
2191,0.608611111,309.466,727.015,951.984,974.269,800.692,864.534,1001.161,296.901
2192,0.608888889,309.466,727.015,951.984,974.269,800.692,864.534,1001.161,296.901
2193,0.609166667,309.508,727.185,951.827,974.26,800.807,864.622,1001.123,296.899
2194,0.609444444,309.508,727.185,951.827,974.26,800.807,864.622,1001.123,296.899
2195,0.609722222,309.508,727.185,951.827,974.26,800.807,864.622,1001.123,296.899
2196,0.61,309.508,727.185,951.827,974.26,800.807,864.622,1001.123,296.899
2197,0.610277778,309.556,727.368,951.965,974.242,800.91,864.668,1001.093,296.907
2198,0.610555556,309.556,727.368,951.965,974.242,800.91,864.668,1001.093,296.907
2199,0.610833333,309.556,727.368,951.965,974.242,800.91,864.668,1001.093,296.907
2200,0.611111111,309.602,727.544,952.089,974.205,801.012,864.771,1001.03,296.916
2201,0.611388889,309.602,727.544,952.089,974.205,801.012,864.771,1001.03,296.916
2202,0.611666667,309.602,727.544,952.089,974.205,801.012,864.771,1001.03,296.916
2203,0.611944444,309.602,727.544,952.089,974.205,801.012,864.771,1001.03,296.916
2204,0.612222222,309.644,727.697,952.604,974.172,801.128,864.842,1000.987,296.916
2205,0.6125,309.644,727.697,952.604,974.172,801.128,864.842,1000.987,296.916
2206,0.612777778,309.644,727.697,952.604,974.172,801.128,864.842,1000.987,296.916
2207,0.613055556,309.691,727.826,952.54,974.126,801.219,864.92,1000.918,296.926
2208,0.613333333,309.691,727.826,952.54,974.126,801.219,864.92,1000.918,296.926
2209,0.613611111,309.691,727.826,952.54,974.126,801.219,864.92,1000.918,296.926
2210,0.613888889,309.691,727.826,952.54,974.126,801.219,864.92,1000.918,296.926
2211,0.614166667,309.733,727.989,952.158,974.076,801.332,864.982,1000.825,296.925
2212,0.614444444,309.733,727.989,952.158,974.076,801.332,864.982,1000.825,296.925
2213,0.614722222,309.733,727.989,952.158,974.076,801.332,864.982,1000.825,296.925
2214,0.615,309.771,728.123,951.661,974.009,801.442,865.03,1000.73,296.933
2215,0.615277778,309.771,728.123,951.661,974.009,801.442,865.03,1000.73,296.933
2216,0.615555556,309.771,728.123,951.661,974.009,801.442,865.03,1000.73,296.933
2217,0.615833333,309.771,728.123,951.661,974.009,801.442,865.03,1000.73,296.933
2218,0.616111111,309.828,728.287,952.091,973.95,801.552,865.107,1000.64,296.93
2219,0.616388889,309.828,728.287,952.091,973.95,801.552,865.107,1000.64,296.93
2220,0.616666667,309.828,728.287,952.091,973.95,801.552,865.107,1000.64,296.93
2221,0.616944444,309.875,728.428,952.464,973.891,801.665,865.202,1000.569,296.946
2222,0.617222222,309.875,728.428,952.464,973.891,801.665,865.202,1000.569,296.946
2223,0.6175,309.875,728.428,952.464,973.891,801.665,865.202,1000.569,296.946
2224,0.617777778,309.875,728.428,952.464,973.891,801.665,865.202,1000.569,296.946
2225,0.618055556,309.914,728.574,952.035,973.812,801.751,865.269,1000.484,296.943
2226,0.618333333,309.914,728.574,952.035,973.812,801.751,865.269,1000.484,296.943
2227,0.618611111,309.914,728.574,952.035,973.812,801.751,865.269,1000.484,296.943
2228,0.618888889,309.952,728.709,951.455,973.751,801.863,865.338,1000.426,296.94
2229,0.619166667,309.952,728.709,951.455,973.751,801.863,865.338,1000.426,296.94
2230,0.619444444,309.952,728.709,951.455,973.751,801.863,865.338,1000.426,296.94
2231,0.619722222,309.952,728.709,951.455,973.751,801.863,865.338,1000.426,296.94
2232,0.62,310.004,728.858,951.248,973.696,801.977,865.381,1000.369,296.945
2233,0.620277778,310.004,728.858,951.248,973.696,801.977,865.381,1000.369,296.945
2234,0.620555556,310.004,728.858,951.248,973.696,801.977,865.381,1000.369,296.945
2235,0.620833333,310.031,729.002,951.722,973.641,802.066,865.425,1000.306,296.943
2236,0.621111111,310.031,729.002,951.722,973.641,802.066,865.425,1000.306,296.943
2237,0.621388889,310.031,729.002,951.722,973.641,802.066,865.425,1000.306,296.943
2238,0.621666667,310.031,729.002,951.722,973.641,802.066,865.425,1000.306,296.943
2239,0.621944444,310.074,729.137,952.056,973.59,802.152,865.465,1000.256,296.946
2240,0.622222222,310.074,729.137,952.056,973.59,802.152,865.465,1000.256,296.946
2241,0.6225,310.074,729.137,952.056,973.59,802.152,865.465,1000.256,296.946
2242,0.622777778,310.118,729.303,952.957,973.544,802.251,865.525,1000.225,296.94
2243,0.623055556,310.118,729.303,952.957,973.544,802.251,865.525,1000.225,296.94
2244,0.623333333,310.118,729.303,952.957,973.544,802.251,865.525,1000.225,296.94
2245,0.623611111,310.174,729.47,952.94,973.508,802.346,865.612,1000.198,296.96
2246,0.623888889,310.174,729.47,952.94,973.508,802.346,865.612,1000.198,296.96
2247,0.624166667,310.174,729.47,952.94,973.508,802.346,865.612,1000.198,296.96
2248,0.624444444,310.174,729.47,952.94,973.508,802.346,865.612,1000.198,296.96
2249,0.624722222,310.218,729.609,952.551,973.494,802.425,865.666,1000.208,296.958
2250,0.625,310.218,729.609,952.551,973.494,802.425,865.666,1000.208,296.958
2251,0.625277778,310.218,729.609,952.551,973.494,802.425,865.666,1000.208,296.958
2252,0.625555556,310.264,729.774,951.581,973.483,802.536,865.702,1000.172,296.964
2253,0.625833333,310.264,729.774,951.581,973.483,802.536,865.702,1000.172,296.964
2254,0.626111111,310.264,729.774,951.581,973.483,802.536,865.702,1000.172,296.964
2255,0.626388889,310.264,729.774,951.581,973.483,802.536,865.702,1000.172,296.964
2256,0.626666667,310.294,729.897,950.695,973.452,802.609,865.754,1000.14,296.959
2257,0.626944444,310.294,729.897,950.695,973.452,802.609,865.754,1000.14,296.959
2258,0.627222222,310.294,729.897,950.695,973.452,802.609,865.754,1000.14,296.959
2259,0.6275,310.335,730.048,950.722,973.43,802.716,865.822,1000.083,296.967
2260,0.627777778,310.335,730.048,950.722,973.43,802.716,865.822,1000.083,296.967
2261,0.628055556,310.335,730.048,950.722,973.43,802.716,865.822,1000.083,296.967
2262,0.628333333,310.335,730.048,950.722,973.43,802.716,865.822,1000.083,296.967
2263,0.628611111,310.398,730.166,950.686,973.397,802.815,865.869,1000.014,296.977
2264,0.628888889,310.398,730.166,950.686,973.397,802.815,865.869,1000.014,296.977
2265,0.629166667,310.398,730.166,950.686,973.397,802.815,865.869,1000.014,296.977
2266,0.629444444,310.427,730.278,950.034,973.321,802.896,865.909,999.918,296.966
2267,0.629722222,310.427,730.278,950.034,973.321,802.896,865.909,999.918,296.966
2268,0.63,310.427,730.278,950.034,973.321,802.896,865.909,999.918,296.966
2269,0.630277778,310.427,730.278,950.034,973.321,802.896,865.909,999.918,296.966
2270,0.630555556,310.475,730.414,949.695,973.263,802.991,865.986,999.872,296.986
2271,0.630833333,310.475,730.414,949.695,973.263,802.991,865.986,999.872,296.986
2272,0.631111111,310.475,730.414,949.695,973.263,802.991,865.986,999.872,296.986
2273,0.631388889,310.519,730.54,949.795,973.213,803.078,866.043,999.78,296.972
2274,0.631666667,310.519,730.54,949.795,973.213,803.078,866.043,999.78,296.972
2275,0.631944444,310.519,730.54,949.795,973.213,803.078,866.043,999.78,296.972
2276,0.632222222,310.519,730.54,949.795,973.213,803.078,866.043,999.78,296.972
2277,0.6325,310.555,730.679,950.285,973.144,803.173,866.067,999.702,296.978
2278,0.632777778,310.555,730.679,950.285,973.144,803.173,866.067,999.702,296.978
2279,0.633055556,310.555,730.679,950.285,973.144,803.173,866.067,999.702,296.978
2280,0.633333333,310.616,730.834,950.948,973.093,803.278,866.141,999.675,296.99
2281,0.633611111,310.616,730.834,950.948,973.093,803.278,866.141,999.675,296.99
2282,0.633888889,310.616,730.834,950.948,973.093,803.278,866.141,999.675,296.99
2283,0.634166667,310.616,730.834,950.948,973.093,803.278,866.141,999.675,296.99
2284,0.634444444,310.647,730.952,951.341,973.028,803.352,866.194,999.63,296.984
2285,0.634722222,310.647,730.952,951.341,973.028,803.352,866.194,999.63,296.984
2286,0.635,310.647,730.952,951.341,973.028,803.352,866.194,999.63,296.984
2287,0.635277778,310.699,731.118,952.288,972.992,803.441,866.226,999.587,296.994
2288,0.635555556,310.699,731.118,952.288,972.992,803.441,866.226,999.587,296.994
2289,0.635833333,310.699,731.118,952.288,972.992,803.441,866.226,999.587,296.994
2290,0.636111111,310.699,731.118,952.288,972.992,803.441,866.226,999.587,296.994
2291,0.636388889,310.736,731.273,952.249,972.949,803.526,866.297,999.557,296.992
2292,0.636666667,310.736,731.273,952.249,972.949,803.526,866.297,999.557,296.992
2293,0.636944444,310.736,731.273,952.249,972.949,803.526,866.297,999.557,296.992
2294,0.637222222,310.769,731.427,951.391,972.926,803.6,866.342,999.545,297.004
2295,0.6375,310.769,731.427,951.391,972.926,803.6,866.342,999.545,297.004
2296,0.637777778,310.769,731.427,951.391,972.926,803.6,866.342,999.545,297.004
2297,0.638055556,310.769,731.427,951.391,972.926,803.6,866.342,999.545,297.004
2298,0.638333333,310.83,731.569,950.836,972.929,803.709,866.402,999.551,297.002
2299,0.638611111,310.83,731.569,950.836,972.929,803.709,866.402,999.551,297.002
2300,0.638888889,310.83,731.569,950.836,972.929,803.709,866.402,999.551,297.002
2301,0.639166667,310.869,731.675,951.017,972.905,803.785,866.446,999.527,296.999
2302,0.639444444,310.869,731.675,951.017,972.905,803.785,866.446,999.527,296.999
2303,0.639722222,310.869,731.675,951.017,972.905,803.785,866.446,999.527,296.999
2304,0.64,310.869,731.675,951.017,972.905,803.785,866.446,999.527,296.999
2305,0.640277778,310.906,731.795,951.128,972.882,803.871,866.507,999.497,297.007
2306,0.640555556,310.906,731.795,951.128,972.882,803.871,866.507,999.497,297.007
2307,0.640833333,310.906,731.795,951.128,972.882,803.871,866.507,999.497,297.007
2308,0.641111111,310.955,731.943,951.805,972.874,803.956,866.533,999.469,297.017
2309,0.641388889,310.955,731.943,951.805,972.874,803.956,866.533,999.469,297.017
2310,0.641666667,310.955,731.943,951.805,972.874,803.956,866.533,999.469,297.017
2311,0.641944444,310.955,731.943,951.805,972.874,803.956,866.533,999.469,297.017
2312,0.642222222,311.001,732.059,952.614,972.835,804.026,866.607,999.458,297.013
2313,0.6425,311.001,732.059,952.614,972.835,804.026,866.607,999.458,297.013
2314,0.642777778,311.001,732.059,952.614,972.835,804.026,866.607,999.458,297.013
2315,0.643055556,311.032,732.166,952.698,972.816,804.125,866.645,999.457,297.019
2316,0.643333333,311.032,732.166,952.698,972.816,804.125,866.645,999.457,297.019
2317,0.643611111,311.032,732.166,952.698,972.816,804.125,866.645,999.457,297.019
2318,0.643888889,311.032,732.166,952.698,972.816,804.125,866.645,999.457,297.019
2319,0.644166667,311.085,732.288,952.907,972.814,804.199,866.684,999.479,297.006
2320,0.644444444,311.085,732.288,952.907,972.814,804.199,866.684,999.479,297.006
2321,0.644722222,311.085,732.288,952.907,972.814,804.199,866.684,999.479,297.006
2322,0.645,311.124,732.428,952.464,972.824,804.29,866.727,999.465,297.013
2323,0.645277778,311.124,732.428,952.464,972.824,804.29,866.727,999.465,297.013
2324,0.645555556,311.124,732.428,952.464,972.824,804.29,866.727,999.465,297.013
2325,0.645833333,311.124,732.428,952.464,972.824,804.29,866.727,999.465,297.013
2326,0.646111111,311.165,732.572,951.571,972.836,804.366,866.791,999.529,297.016
2327,0.646388889,311.165,732.572,951.571,972.836,804.366,866.791,999.529,297.016
2328,0.646666667,311.165,732.572,951.571,972.836,804.366,866.791,999.529,297.016
2329,0.646944444,311.212,732.714,951.026,972.875,804.472,866.846,999.595,297.022
2330,0.647222222,311.212,732.714,951.026,972.875,804.472,866.846,999.595,297.022
2331,0.6475,311.212,732.714,951.026,972.875,804.472,866.846,999.595,297.022
2332,0.647777778,311.212,732.714,951.026,972.875,804.472,866.846,999.595,297.022
2333,0.648055556,311.253,732.818,950.656,972.906,804.545,866.917,999.623,297.012
2334,0.648333333,311.253,732.818,950.656,972.906,804.545,866.917,999.623,297.012
2335,0.648611111,311.253,732.818,950.656,972.906,804.545,866.917,999.623,297.012
2336,0.648888889,311.296,732.933,950.532,972.926,804.634,866.961,999.63,297.021
2337,0.649166667,311.296,732.933,950.532,972.926,804.634,866.961,999.63,297.021
2338,0.649444444,311.296,732.933,950.532,972.926,804.634,866.961,999.63,297.021
2339,0.649722222,311.296,732.933,950.532,972.926,804.634,866.961,999.63,297.021
2340,0.65,311.336,733.07,950.424,972.935,804.733,867.045,999.638,297.03
2341,0.650277778,311.336,733.07,950.424,972.935,804.733,867.045,999.638,297.03
2342,0.650555556,311.336,733.07,950.424,972.935,804.733,867.045,999.638,297.03
2343,0.650833333,311.374,733.18,949.886,972.927,804.817,867.097,999.605,297.032
2344,0.651111111,311.374,733.18,949.886,972.927,804.817,867.097,999.605,297.032
2345,0.651388889,311.374,733.18,949.886,972.927,804.817,867.097,999.605,297.032
2346,0.651666667,311.374,733.18,949.886,972.927,804.817,867.097,999.605,297.032
2347,0.651944444,311.427,733.314,950.448,972.908,804.894,867.142,999.555,297.027
2348,0.652222222,311.427,733.314,950.448,972.908,804.894,867.142,999.555,297.027
2349,0.6525,311.427,733.314,950.448,972.908,804.894,867.142,999.555,297.027
2350,0.652777778,311.468,733.453,950.772,972.891,805.009,867.215,999.535,297.045
2351,0.653055556,311.468,733.453,950.772,972.891,805.009,867.215,999.535,297.045
2352,0.653333333,311.468,733.453,950.772,972.891,805.009,867.215,999.535,297.045
2353,0.653611111,311.468,733.453,950.772,972.891,805.009,867.215,999.535,297.045
2354,0.653888889,311.515,733.564,951.388,972.881,805.111,867.3,999.529,297.045
2355,0.654166667,311.515,733.564,951.388,972.881,805.111,867.3,999.529,297.045
2356,0.654444444,311.515,733.564,951.388,972.881,805.111,867.3,999.529,297.045
2357,0.654722222,311.538,733.684,951.927,972.847,805.179,867.329,999.477,297.028
2358,0.655,311.538,733.684,951.927,972.847,805.179,867.329,999.477,297.028
2359,0.655277778,311.538,733.684,951.927,972.847,805.179,867.329,999.477,297.028
2360,0.655555556,311.538,733.684,951.927,972.847,805.179,867.329,999.477,297.028
2361,0.655833333,311.585,733.821,952.035,972.829,805.269,867.413,999.501,297.029
2362,0.656111111,311.585,733.821,952.035,972.829,805.269,867.413,999.501,297.029
2363,0.656388889,311.585,733.821,952.035,972.829,805.269,867.413,999.501,297.029
2364,0.656666667,311.638,733.942,952.294,972.821,805.385,867.473,999.497,297.049
2365,0.656944444,311.638,733.942,952.294,972.821,805.385,867.473,999.497,297.049
2366,0.657222222,311.638,733.942,952.294,972.821,805.385,867.473,999.497,297.049
2367,0.6575,311.638,733.942,952.294,972.821,805.385,867.473,999.497,297.049
2368,0.657777778,311.682,734.079,952.237,972.821,805.475,867.52,999.481,297.039
2369,0.658055556,311.682,734.079,952.237,972.821,805.475,867.52,999.481,297.039
2370,0.658333333,311.682,734.079,952.237,972.821,805.475,867.52,999.481,297.039
2371,0.658611111,311.721,734.215,952.499,972.836,805.57,867.641,999.547,297.045
2372,0.658888889,311.721,734.215,952.499,972.836,805.57,867.641,999.547,297.045
2373,0.659166667,311.721,734.215,952.499,972.836,805.57,867.641,999.547,297.045
2374,0.659444444,311.765,734.372,951.76,972.838,805.655,867.688,999.53,297.055
2375,0.659722222,311.765,734.372,951.76,972.838,805.655,867.688,999.53,297.055
2376,0.66,311.765,734.372,951.76,972.838,805.655,867.688,999.53,297.055
2377,0.660277778,311.765,734.372,951.76,972.838,805.655,867.688,999.53,297.055
2378,0.660555556,311.8,734.517,951.33,972.841,805.748,867.738,999.53,297.043
2379,0.660833333,311.8,734.517,951.33,972.841,805.748,867.738,999.53,297.043
2380,0.661111111,311.8,734.517,951.33,972.841,805.748,867.738,999.53,297.043
2381,0.661388889,311.854,734.645,950.552,972.877,805.847,867.815,999.54,297.059
2382,0.661666667,311.854,734.645,950.552,972.877,805.847,867.815,999.54,297.059
2383,0.661944444,311.854,734.645,950.552,972.877,805.847,867.815,999.54,297.059
2384,0.662222222,311.854,734.645,950.552,972.877,805.847,867.815,999.54,297.059
2385,0.6625,311.881,734.743,949.92,972.86,805.943,867.888,999.529,297.054
2386,0.662777778,311.881,734.743,949.92,972.86,805.943,867.888,999.529,297.054
2387,0.663055556,311.881,734.743,949.92,972.86,805.943,867.888,999.529,297.054
2388,0.663333333,311.918,734.887,949.762,972.846,806.034,867.923,999.496,297.054
2389,0.663611111,311.918,734.887,949.762,972.846,806.034,867.923,999.496,297.054
2390,0.663888889,311.918,734.887,949.762,972.846,806.034,867.923,999.496,297.054
2391,0.664166667,311.918,734.887,949.762,972.846,806.034,867.923,999.496,297.054
2392,0.664444444,311.965,735.031,949.456,972.829,806.113,868.031,999.45,297.053
2393,0.664722222,311.965,735.031,949.456,972.829,806.113,868.031,999.45,297.053
2394,0.665,311.965,735.031,949.456,972.829,806.113,868.031,999.45,297.053
2395,0.665277778,312.01,735.177,949.664,972.786,806.209,868.104,999.405,297.055
2396,0.665555556,312.01,735.177,949.664,972.786,806.209,868.104,999.405,297.055
2397,0.665833333,312.01,735.177,949.664,972.786,806.209,868.104,999.405,297.055
2398,0.666111111,312.01,735.177,949.664,972.786,806.209,868.104,999.405,297.055
2399,0.666388889,312.058,735.324,949.99,972.744,806.313,868.174,999.335,297.072
2400,0.666666667,312.058,735.324,949.99,972.744,806.313,868.174,999.335,297.072
2401,0.666944444,312.058,735.324,949.99,972.744,806.313,868.174,999.335,297.072
2402,0.667222222,312.092,735.436,950.117,972.676,806.403,868.21,999.21,297.064
2403,0.6675,312.092,735.436,950.117,972.676,806.403,868.21,999.21,297.064
2404,0.667777778,312.092,735.436,950.117,972.676,806.403,868.21,999.21,297.064
2405,0.668055556,312.147,735.565,949.922,972.602,806.504,868.28,999.106,297.063
2406,0.668333333,312.147,735.565,949.922,972.602,806.504,868.28,999.106,297.063
2407,0.668611111,312.147,735.565,949.922,972.602,806.504,868.28,999.106,297.063
2408,0.668888889,312.147,735.565,949.922,972.602,806.504,868.28,999.106,297.063
2409,0.669166667,312.17,735.653,949.671,972.526,806.587,868.348,999.007,297.064
2410,0.669444444,312.17,735.653,949.671,972.526,806.587,868.348,999.007,297.064
2411,0.669722222,312.17,735.653,949.671,972.526,806.587,868.348,999.007,297.064
2412,0.67,312.221,735.776,949.543,972.449,806.683,868.379,998.902,297.082
2413,0.670277778,312.221,735.776,949.543,972.449,806.683,868.379,998.902,297.082
2414,0.670555556,312.221,735.776,949.543,972.449,806.683,868.379,998.902,297.082
2415,0.670833333,312.221,735.776,949.543,972.449,806.683,868.379,998.902,297.082
2416,0.671111111,312.259,735.853,949.791,972.352,806.767,868.453,998.822,297.073
2417,0.671388889,312.259,735.853,949.791,972.352,806.767,868.453,998.822,297.073
2418,0.671666667,312.259,735.853,949.791,972.352,806.767,868.453,998.822,297.073
2419,0.671944444,312.306,735.963,949.429,972.287,806.867,868.514,998.749,297.078
2420,0.672222222,312.306,735.963,949.429,972.287,806.867,868.514,998.749,297.078
2421,0.6725,312.306,735.963,949.429,972.287,806.867,868.514,998.749,297.078
2422,0.672777778,312.306,735.963,949.429,972.287,806.867,868.514,998.749,297.078
2423,0.673055556,312.335,736.109,949.19,972.201,806.94,868.561,998.684,297.073
2424,0.673333333,312.335,736.109,949.19,972.201,806.94,868.561,998.684,297.073
2425,0.673611111,312.335,736.109,949.19,972.201,806.94,868.561,998.684,297.073
2426,0.673888889,312.38,736.254,949.542,972.135,807.022,868.595,998.615,297.07
2427,0.674166667,312.38,736.254,949.542,972.135,807.022,868.595,998.615,297.07
2428,0.674444444,312.38,736.254,949.542,972.135,807.022,868.595,998.615,297.07
2429,0.674722222,312.38,736.254,949.542,972.135,807.022,868.595,998.615,297.07
2430,0.675,312.422,736.353,949.814,972.097,807.113,868.625,998.582,297.08
2431,0.675277778,312.422,736.353,949.814,972.097,807.113,868.625,998.582,297.08
2432,0.675555556,312.422,736.353,949.814,972.097,807.113,868.625,998.582,297.08
2433,0.675833333,312.469,736.494,950.268,972.046,807.177,868.672,998.54,297.089
2434,0.676111111,312.469,736.494,950.268,972.046,807.177,868.672,998.54,297.089
2435,0.676388889,312.469,736.494,950.268,972.046,807.177,868.672,998.54,297.089
2436,0.676666667,312.469,736.494,950.268,972.046,807.177,868.672,998.54,297.089
2437,0.676944444,312.507,736.619,949.523,971.991,807.261,868.723,998.501,297.087
2438,0.677222222,312.507,736.619,949.523,971.991,807.261,868.723,998.501,297.087
2439,0.6775,312.507,736.619,949.523,971.991,807.261,868.723,998.501,297.087
2440,0.677777778,312.551,736.73,948.942,971.93,807.328,868.762,998.423,297.083
2441,0.678055556,312.551,736.73,948.942,971.93,807.328,868.762,998.423,297.083
2442,0.678333333,312.551,736.73,948.942,971.93,807.328,868.762,998.423,297.083
2443,0.678611111,312.551,736.73,948.942,971.93,807.328,868.762,998.423,297.083
2444,0.678888889,312.594,736.844,948.591,971.88,807.396,868.786,998.339,297.082
2445,0.679166667,312.594,736.844,948.591,971.88,807.396,868.786,998.339,297.082
2446,0.679444444,312.594,736.844,948.591,971.88,807.396,868.786,998.339,297.082
2447,0.679722222,312.635,736.95,948.415,971.823,807.472,868.793,998.304,297.086
2448,0.68,312.635,736.95,948.415,971.823,807.472,868.793,998.304,297.086
2449,0.680277778,312.635,736.95,948.415,971.823,807.472,868.793,998.304,297.086
2450,0.680555556,312.635,736.95,948.415,971.823,807.472,868.793,998.304,297.086
2451,0.680833333,312.668,737.058,949.062,971.779,807.523,868.838,998.267,297.084
2452,0.681111111,312.668,737.058,949.062,971.779,807.523,868.838,998.267,297.084
2453,0.681388889,312.668,737.058,949.062,971.779,807.523,868.838,998.267,297.084
2454,0.681666667,312.708,737.175,949.309,971.72,807.583,868.899,998.236,297.098
2455,0.681944444,312.708,737.175,949.309,971.72,807.583,868.899,998.236,297.098
2456,0.682222222,312.708,737.175,949.309,971.72,807.583,868.899,998.236,297.098
2457,0.6825,312.708,737.175,949.309,971.72,807.583,868.899,998.236,297.098
2458,0.682777778,312.745,737.295,949.145,971.663,807.647,868.897,998.193,297.084
2459,0.683055556,312.745,737.295,949.145,971.663,807.647,868.897,998.193,297.084
2460,0.683333333,312.745,737.295,949.145,971.663,807.647,868.897,998.193,297.084
2461,0.683611111,312.786,737.397,949.295,971.615,807.71,868.946,998.168,297.092
2462,0.683888889,312.786,737.397,949.295,971.615,807.71,868.946,998.168,297.092
2463,0.684166667,312.786,737.397,949.295,971.615,807.71,868.946,998.168,297.092
2464,0.684444444,312.826,737.478,949.276,971.584,807.779,869,998.169,297.096
2465,0.684722222,312.826,737.478,949.276,971.584,807.779,869,998.169,297.096
2466,0.685,312.826,737.478,949.276,971.584,807.779,869,998.169,297.096
2467,0.685277778,312.826,737.478,949.276,971.584,807.779,869,998.169,297.096
2468,0.685555556,312.881,737.618,949.53,971.563,807.855,869.015,998.107,297.094
2469,0.685833333,312.881,737.618,949.53,971.563,807.855,869.015,998.107,297.094
2470,0.686111111,312.881,737.618,949.53,971.563,807.855,869.015,998.107,297.094
2471,0.686388889,312.925,737.714,949.914,971.515,807.91,869.041,998.083,297.097
2472,0.686666667,312.925,737.714,949.914,971.515,807.91,869.041,998.083,297.097
2473,0.686944444,312.925,737.714,949.914,971.515,807.91,869.041,998.083,297.097
2474,0.687222222,312.925,737.714,949.914,971.515,807.91,869.041,998.083,297.097
2475,0.6875,312.947,737.802,950.099,971.49,807.948,869.042,998.075,297.1
2476,0.687777778,312.947,737.802,950.099,971.49,807.948,869.042,998.075,297.1
2477,0.688055556,312.947,737.802,950.099,971.49,807.948,869.042,998.075,297.1
2478,0.688333333,313.007,737.918,950.312,971.487,808.042,869.114,998.088,297.105
2479,0.688611111,313.007,737.918,950.312,971.487,808.042,869.114,998.088,297.105
2480,0.688888889,313.007,737.918,950.312,971.487,808.042,869.114,998.088,297.105
2481,0.689166667,313.007,737.918,950.312,971.487,808.042,869.114,998.088,297.105
2482,0.689444444,313.036,738.043,950.232,971.465,808.092,869.147,998.111,297.097
2483,0.689722222,313.036,738.043,950.232,971.465,808.092,869.147,998.111,297.097
2484,0.69,313.036,738.043,950.232,971.465,808.092,869.147,998.111,297.097
2485,0.690277778,313.086,738.11,949.995,971.483,808.157,869.166,998.134,297.111
2486,0.690555556,313.086,738.11,949.995,971.483,808.157,869.166,998.134,297.111
2487,0.690833333,313.086,738.11,949.995,971.483,808.157,869.166,998.134,297.111
2488,0.691111111,313.086,738.11,949.995,971.483,808.157,869.166,998.134,297.111
2489,0.691388889,313.118,738.261,949.426,971.499,808.219,869.207,998.176,297.105
2490,0.691666667,313.118,738.261,949.426,971.499,808.219,869.207,998.176,297.105
2491,0.691944444,313.118,738.261,949.426,971.499,808.219,869.207,998.176,297.105
2492,0.692222222,313.16,738.37,949.657,971.511,808.293,869.238,998.207,297.11
2493,0.6925,313.16,738.37,949.657,971.511,808.293,869.238,998.207,297.11
2494,0.692777778,313.16,738.37,949.657,971.511,808.293,869.238,998.207,297.11
2495,0.693055556,313.16,738.37,949.657,971.511,808.293,869.238,998.207,297.11
2496,0.693333333,313.206,738.477,950.181,971.553,808.372,869.275,998.257,297.118
2497,0.693611111,313.206,738.477,950.181,971.553,808.372,869.275,998.257,297.118
2498,0.693888889,313.206,738.477,950.181,971.553,808.372,869.275,998.257,297.118
2499,0.694166667,313.253,738.574,949.93,971.576,808.436,869.323,998.3,297.122
2500,0.694444444,313.253,738.574,949.93,971.576,808.436,869.323,998.3,297.122
2501,0.694722222,313.253,738.574,949.93,971.576,808.436,869.323,998.3,297.122
2502,0.695,313.253,738.574,949.93,971.576,808.436,869.323,998.3,297.122
2503,0.695277778,313.291,738.699,949.914,971.63,808.511,869.363,998.375,297.125
2504,0.695555556,313.291,738.699,949.914,971.63,808.511,869.363,998.375,297.125
2505,0.695833333,313.291,738.699,949.914,971.63,808.511,869.363,998.375,297.125
2506,0.696111111,313.331,738.797,949.746,971.658,808.566,869.4,998.427,297.122
2507,0.696388889,313.331,738.797,949.746,971.658,808.566,869.4,998.427,297.122
2508,0.696666667,313.331,738.797,949.746,971.658,808.566,869.4,998.427,297.122
2509,0.696944444,313.331,738.797,949.746,971.658,808.566,869.4,998.427,297.122
2510,0.697222222,313.364,738.917,949.616,971.71,808.654,869.478,998.519,297.116
2511,0.6975,313.364,738.917,949.616,971.71,808.654,869.478,998.519,297.116
2512,0.697777778,313.364,738.917,949.616,971.71,808.654,869.478,998.519,297.116
2513,0.698055556,313.395,739.021,949.81,971.752,808.72,869.531,998.597,297.12
2514,0.698333333,313.395,739.021,949.81,971.752,808.72,869.531,998.597,297.12
2515,0.698611111,313.395,739.021,949.81,971.752,808.72,869.531,998.597,297.12
2516,0.698888889,313.395,739.021,949.81,971.752,808.72,869.531,998.597,297.12
2517,0.699166667,313.44,739.134,949.704,971.797,808.793,869.582,998.654,297.127
2518,0.699444444,313.44,739.134,949.704,971.797,808.793,869.582,998.654,297.127
2519,0.699722222,313.44,739.134,949.704,971.797,808.793,869.582,998.654,297.127
2520,0.7,313.494,739.249,950.107,971.868,808.898,869.681,998.741,297.135
2521,0.700277778,313.494,739.249,950.107,971.868,808.898,869.681,998.741,297.135
2522,0.700555556,313.494,739.249,950.107,971.868,808.898,869.681,998.741,297.135
2523,0.700833333,313.494,739.249,950.107,971.868,808.898,869.681,998.741,297.135
2524,0.701111111,313.524,739.335,949.939,971.914,808.969,869.732,998.779,297.128
2525,0.701388889,313.524,739.335,949.939,971.914,808.969,869.732,998.779,297.128
2526,0.701666667,313.524,739.335,949.939,971.914,808.969,869.732,998.779,297.128
2527,0.701944444,313.576,739.438,949.933,971.948,809.054,869.798,998.792,297.136
2528,0.702222222,313.576,739.438,949.933,971.948,809.054,869.798,998.792,297.136
2529,0.7025,313.576,739.438,949.933,971.948,809.054,869.798,998.792,297.136
2530,0.702777778,313.576,739.438,949.933,971.948,809.054,869.798,998.792,297.136
2531,0.703055556,313.619,739.534,949.712,971.991,809.138,869.867,998.839,297.146
2532,0.703333333,313.619,739.534,949.712,971.991,809.138,869.867,998.839,297.146
2533,0.703611111,313.619,739.534,949.712,971.991,809.138,869.867,998.839,297.146
2534,0.703888889,313.649,739.648,949.916,972.023,809.215,869.924,998.855,297.154
2535,0.704166667,313.649,739.648,949.916,972.023,809.215,869.924,998.855,297.154
2536,0.704444444,313.649,739.648,949.916,972.023,809.215,869.924,998.855,297.154
2537,0.704722222,313.649,739.648,949.916,972.023,809.215,869.924,998.855,297.154
2538,0.705,313.689,739.756,950.377,972.067,809.297,869.99,998.902,297.151
2539,0.705277778,313.689,739.756,950.377,972.067,809.297,869.99,998.902,297.151
2540,0.705555556,313.689,739.756,950.377,972.067,809.297,869.99,998.902,297.151
2541,0.705833333,313.739,739.88,950.58,972.093,809.395,870.052,998.961,297.152
2542,0.706111111,313.739,739.88,950.58,972.093,809.395,870.052,998.961,297.152
2543,0.706388889,313.739,739.88,950.58,972.093,809.395,870.052,998.961,297.152
2544,0.706666667,313.739,739.88,950.58,972.093,809.395,870.052,998.961,297.152
2545,0.706944444,313.774,739.989,951.007,972.122,809.486,870.147,999.002,297.161
2546,0.707222222,313.774,739.989,951.007,972.122,809.486,870.147,999.002,297.161
2547,0.7075,313.774,739.989,951.007,972.122,809.486,870.147,999.002,297.161
2548,0.707777778,313.809,740.123,950.863,972.147,809.571,870.217,999.054,297.164
2549,0.708055556,313.809,740.123,950.863,972.147,809.571,870.217,999.054,297.164
2550,0.708333333,313.809,740.123,950.863,972.147,809.571,870.217,999.054,297.164
2551,0.708611111,313.809,740.123,950.863,972.147,809.571,870.217,999.054,297.164
2552,0.708888889,313.844,740.22,950.96,972.183,809.653,870.256,999.078,297.162
2553,0.709166667,313.844,740.22,950.96,972.183,809.653,870.256,999.078,297.162
2554,0.709444444,313.844,740.22,950.96,972.183,809.653,870.256,999.078,297.162
2555,0.709722222,313.884,740.308,950.577,972.223,809.738,870.358,999.126,297.156
2556,0.71,313.884,740.308,950.577,972.223,809.738,870.358,999.126,297.156
2557,0.710277778,313.884,740.308,950.577,972.223,809.738,870.358,999.126,297.156
2558,0.710555556,313.884,740.308,950.577,972.223,809.738,870.358,999.126,297.156
2559,0.710833333,313.94,740.425,950.492,972.28,809.839,870.44,999.207,297.178
2560,0.711111111,313.94,740.425,950.492,972.28,809.839,870.44,999.207,297.178
2561,0.711388889,313.94,740.425,950.492,972.28,809.839,870.44,999.207,297.178
2562,0.711666667,313.965,740.54,950.998,972.322,809.928,870.492,999.231,297.174
2563,0.711944444,313.965,740.54,950.998,972.322,809.928,870.492,999.231,297.174
2564,0.712222222,313.965,740.54,950.998,972.322,809.928,870.492,999.231,297.174
2565,0.7125,313.965,740.54,950.998,972.322,809.928,870.492,999.231,297.174
2566,0.712777778,314.018,740.642,950.976,972.374,810.018,870.545,999.269,297.178
2567,0.713055556,314.018,740.642,950.976,972.374,810.018,870.545,999.269,297.178
2568,0.713333333,314.018,740.642,950.976,972.374,810.018,870.545,999.269,297.178
2569,0.713611111,314.058,740.757,950.989,972.416,810.111,870.635,999.332,297.182
2570,0.713888889,314.058,740.757,950.989,972.416,810.111,870.635,999.332,297.182
2571,0.714166667,314.058,740.757,950.989,972.416,810.111,870.635,999.332,297.182
2572,0.714444444,314.097,740.873,951.741,972.463,810.195,870.71,999.401,297.186
2573,0.714722222,314.097,740.873,951.741,972.463,810.195,870.71,999.401,297.186
2574,0.715,314.097,740.873,951.741,972.463,810.195,870.71,999.401,297.186
2575,0.715277778,314.097,740.873,951.741,972.463,810.195,870.71,999.401,297.186
2576,0.715555556,314.134,740.981,952.265,972.505,810.266,870.806,999.464,297.185
2577,0.715833333,314.134,740.981,952.265,972.505,810.266,870.806,999.464,297.185
2578,0.716111111,314.134,740.981,952.265,972.505,810.266,870.806,999.464,297.185
2579,0.716388889,314.134,740.981,952.265,972.505,810.266,870.806,999.464,297.185
2580,0.716666667,314.172,741.09,952.573,972.551,810.352,870.867,999.524,297.18
2581,0.716944444,314.172,741.09,952.573,972.551,810.352,870.867,999.524,297.18
2582,0.717222222,314.172,741.09,952.573,972.551,810.352,870.867,999.524,297.18
2583,0.7175,314.221,741.229,952.121,972.62,810.453,870.96,999.593,297.199
2584,0.717777778,314.221,741.229,952.121,972.62,810.453,870.96,999.593,297.199
2585,0.718055556,314.221,741.229,952.121,972.62,810.453,870.96,999.593,297.199
2586,0.718333333,314.263,741.365,952.641,972.664,810.537,871.014,999.623,297.199
2587,0.718611111,314.263,741.365,952.641,972.664,810.537,871.014,999.623,297.199
2588,0.718888889,314.263,741.365,952.641,972.664,810.537,871.014,999.623,297.199
2589,0.719166667,314.263,741.365,952.641,972.664,810.537,871.014,999.623,297.199
2590,0.719444444,314.309,741.449,952.363,972.73,810.638,871.09,999.698,297.2
2591,0.719722222,314.309,741.449,952.363,972.73,810.638,871.09,999.698,297.2
2592,0.72,314.309,741.449,952.363,972.73,810.638,871.09,999.698,297.2
2593,0.720277778,314.345,741.579,952.25,972.79,810.727,871.177,999.775,297.213
2594,0.720555556,314.345,741.579,952.25,972.79,810.727,871.177,999.775,297.213
2595,0.720833333,314.345,741.579,952.25,972.79,810.727,871.177,999.775,297.213
2596,0.721111111,314.345,741.579,952.25,972.79,810.727,871.177,999.775,297.213
2597,0.721388889,314.377,741.69,952.034,972.845,810.815,871.248,999.819,297.211
2598,0.721666667,314.377,741.69,952.034,972.845,810.815,871.248,999.819,297.211
2599,0.721944444,314.377,741.69,952.034,972.845,810.815,871.248,999.819,297.211
2600,0.722222222,314.415,741.78,951.547,972.901,810.9,871.331,999.883,297.212
2601,0.7225,314.415,741.78,951.547,972.901,810.9,871.331,999.883,297.212
2602,0.722777778,314.415,741.78,951.547,972.901,810.9,871.331,999.883,297.212
2603,0.723055556,314.415,741.78,951.547,972.901,810.9,871.331,999.883,297.212
2604,0.723333333,314.454,741.896,951.85,972.944,810.993,871.384,999.902,297.218
2605,0.723611111,314.454,741.896,951.85,972.944,810.993,871.384,999.902,297.218
2606,0.723888889,314.454,741.896,951.85,972.944,810.993,871.384,999.902,297.218
2607,0.724166667,314.497,742.009,952.328,972.997,811.078,871.474,999.941,297.223
2608,0.724444444,314.497,742.009,952.328,972.997,811.078,871.474,999.941,297.223
2609,0.724722222,314.497,742.009,952.328,972.997,811.078,871.474,999.941,297.223
2610,0.725,314.497,742.009,952.328,972.997,811.078,871.474,999.941,297.223
2611,0.725277778,314.535,742.142,952.365,973.038,811.18,871.565,1000.007,297.224
2612,0.725555556,314.535,742.142,952.365,973.038,811.18,871.565,1000.007,297.224
2613,0.725833333,314.535,742.142,952.365,973.038,811.18,871.565,1000.007,297.224
2614,0.726111111,314.576,742.247,951.685,973.075,811.273,871.616,1000.003,297.221
2615,0.726388889,314.576,742.247,951.685,973.075,811.273,871.616,1000.003,297.221
2616,0.726666667,314.576,742.247,951.685,973.075,811.273,871.616,1000.003,297.221
2617,0.726944444,314.576,742.247,951.685,973.075,811.273,871.616,1000.003,297.221
2618,0.727222222,314.621,742.371,951.587,973.115,811.372,871.709,1000.072,297.226
2619,0.7275,314.621,742.371,951.587,973.115,811.372,871.709,1000.072,297.226
2620,0.727777778,314.621,742.371,951.587,973.115,811.372,871.709,1000.072,297.226
2621,0.728055556,314.656,742.472,952.03,973.144,811.457,871.796,1000.094,297.225
2622,0.728333333,314.656,742.472,952.03,973.144,811.457,871.796,1000.094,297.225
2623,0.728611111,314.656,742.472,952.03,973.144,811.457,871.796,1000.094,297.225
2624,0.728888889,314.656,742.472,952.03,973.144,811.457,871.796,1000.094,297.225
2625,0.729166667,314.701,742.6,952.604,973.173,811.55,871.871,1000.101,297.233
2626,0.729444444,314.701,742.6,952.604,973.173,811.55,871.871,1000.101,297.233
2627,0.729722222,314.701,742.6,952.604,973.173,811.55,871.871,1000.101,297.233
2628,0.73,314.728,742.704,952.331,973.176,811.636,871.949,1000.12,297.226
2629,0.730277778,314.728,742.704,952.331,973.176,811.636,871.949,1000.12,297.226
2630,0.730555556,314.728,742.704,952.331,973.176,811.636,871.949,1000.12,297.226
2631,0.730833333,314.728,742.704,952.331,973.176,811.636,871.949,1000.12,297.226
2632,0.731111111,314.768,742.814,952.242,973.217,811.733,872.015,1000.126,297.243
2633,0.731388889,314.768,742.814,952.242,973.217,811.733,872.015,1000.126,297.243
2634,0.731666667,314.768,742.814,952.242,973.217,811.733,872.015,1000.126,297.243
2635,0.731944444,314.805,742.958,951.733,973.227,811.824,872.081,1000.131,297.241
2636,0.732222222,314.805,742.958,951.733,973.227,811.824,872.081,1000.131,297.241
2637,0.7325,314.805,742.958,951.733,973.227,811.824,872.081,1000.131,297.241
2638,0.732777778,314.805,742.958,951.733,973.227,811.824,872.081,1000.131,297.241
2639,0.733055556,314.853,743.049,951.548,973.243,811.923,872.178,1000.147,297.254
2640,0.733333333,314.853,743.049,951.548,973.243,811.923,872.178,1000.147,297.254
2641,0.733611111,314.853,743.049,951.548,973.243,811.923,872.178,1000.147,297.254
2642,0.733888889,314.895,743.157,951.502,973.263,811.999,872.231,1000.152,297.254
2643,0.734166667,314.895,743.157,951.502,973.263,811.999,872.231,1000.152,297.254
2644,0.734444444,314.895,743.157,951.502,973.263,811.999,872.231,1000.152,297.254
2645,0.734722222,314.895,743.157,951.502,973.263,811.999,872.231,1000.152,297.254
2646,0.735,314.932,743.272,951.928,973.269,812.099,872.303,1000.154,297.258
2647,0.735277778,314.932,743.272,951.928,973.269,812.099,872.303,1000.154,297.258
2648,0.735555556,314.932,743.272,951.928,973.269,812.099,872.303,1000.154,297.258
2649,0.735833333,314.968,743.437,952.322,973.263,812.178,872.416,1000.205,297.26
2650,0.736111111,314.968,743.437,952.322,973.263,812.178,872.416,1000.205,297.26
2651,0.736388889,314.968,743.437,952.322,973.263,812.178,872.416,1000.205,297.26
2652,0.736666667,314.968,743.437,952.322,973.263,812.178,872.416,1000.205,297.26
2653,0.736944444,315.008,743.53,951.707,973.293,812.269,872.442,1000.167,297.259
2654,0.737222222,315.008,743.53,951.707,973.293,812.269,872.442,1000.167,297.259
2655,0.7375,315.008,743.53,951.707,973.293,812.269,872.442,1000.167,297.259
2656,0.737777778,315.052,743.636,951.5,973.3,812.361,872.514,1000.184,297.268
2657,0.738055556,315.052,743.636,951.5,973.3,812.361,872.514,1000.184,297.268
2658,0.738333333,315.052,743.636,951.5,973.3,812.361,872.514,1000.184,297.268
2659,0.738611111,315.052,743.636,951.5,973.3,812.361,872.514,1000.184,297.268
2660,0.738888889,315.095,743.76,951.771,973.315,812.452,872.593,1000.191,297.272
2661,0.739166667,315.095,743.76,951.771,973.315,812.452,872.593,1000.191,297.272
2662,0.739444444,315.095,743.76,951.771,973.315,812.452,872.593,1000.191,297.272
2663,0.739722222,315.117,743.86,950.99,973.306,812.524,872.635,1000.152,297.271
2664,0.74,315.117,743.86,950.99,973.306,812.524,872.635,1000.152,297.271
2665,0.740277778,315.117,743.86,950.99,973.306,812.524,872.635,1000.152,297.271
2666,0.740555556,315.117,743.86,950.99,973.306,812.524,872.635,1000.152,297.271
2667,0.740833333,315.161,743.957,950.591,973.316,812.618,872.696,1000.148,297.276
2668,0.741111111,315.161,743.957,950.591,973.316,812.618,872.696,1000.148,297.276
2669,0.741388889,315.161,743.957,950.591,973.316,812.618,872.696,1000.148,297.276
2670,0.741666667,315.207,744.083,951.288,973.301,812.695,872.783,1000.149,297.279
2671,0.741944444,315.207,744.083,951.288,973.301,812.695,872.783,1000.149,297.279
2672,0.742222222,315.207,744.083,951.288,973.301,812.695,872.783,1000.149,297.279
2673,0.7425,315.207,744.083,951.288,973.301,812.695,872.783,1000.149,297.279
2674,0.742777778,315.246,744.23,952.164,973.3,812.786,872.869,1000.161,297.289
2675,0.743055556,315.246,744.23,952.164,973.3,812.786,872.869,1000.161,297.289
2676,0.743333333,315.246,744.23,952.164,973.3,812.786,872.869,1000.161,297.289
2677,0.743611111,315.294,744.322,952.346,973.296,812.871,872.925,1000.148,297.301
2678,0.743888889,315.294,744.322,952.346,973.296,812.871,872.925,1000.148,297.301
2679,0.744166667,315.294,744.322,952.346,973.296,812.871,872.925,1000.148,297.301
2680,0.744444444,315.294,744.322,952.346,973.296,812.871,872.925,1000.148,297.301
2681,0.744722222,315.322,744.434,952.122,973.276,812.931,872.957,1000.104,297.288
2682,0.745,315.322,744.434,952.122,973.276,812.931,872.957,1000.104,297.288
2683,0.745277778,315.322,744.434,952.122,973.276,812.931,872.957,1000.104,297.288
2684,0.745555556,315.373,744.53,952.116,973.271,813.008,873.018,1000.064,297.303
2685,0.745833333,315.373,744.53,952.116,973.271,813.008,873.018,1000.064,297.303
2686,0.746111111,315.373,744.53,952.116,973.271,813.008,873.018,1000.064,297.303
2687,0.746388889,315.373,744.53,952.116,973.271,813.008,873.018,1000.064,297.303
2688,0.746666667,315.404,744.631,951.795,973.263,813.089,873.101,1000.051,297.298
2689,0.746944444,315.404,744.631,951.795,973.263,813.089,873.101,1000.051,297.298
2690,0.747222222,315.404,744.631,951.795,973.263,813.089,873.101,1000.051,297.298
2691,0.7475,315.44,744.681,950.938,973.252,813.164,873.17,1000.029,297.303
2692,0.747777778,315.44,744.681,950.938,973.252,813.164,873.17,1000.029,297.303
2693,0.748055556,315.44,744.681,950.938,973.252,813.164,873.17,1000.029,297.303
2694,0.748333333,315.487,744.765,950.203,973.232,813.251,873.22,999.999,297.305
2695,0.748611111,315.487,744.765,950.203,973.232,813.251,873.22,999.999,297.305
2696,0.748888889,315.487,744.765,950.203,973.232,813.251,873.22,999.999,297.305
2697,0.749166667,315.487,744.765,950.203,973.232,813.251,873.22,999.999,297.305
2698,0.749444444,315.508,744.865,950.365,973.205,813.325,873.252,999.963,297.303
2699,0.749722222,315.508,744.865,950.365,973.205,813.325,873.252,999.963,297.303
2700,0.75,315.508,744.865,950.365,973.205,813.325,873.252,999.963,297.303
2701,0.750277778,315.553,744.993,950.568,973.182,813.378,873.313,999.964,297.313
2702,0.750555556,315.553,744.993,950.568,973.182,813.378,873.313,999.964,297.313
2703,0.750833333,315.553,744.993,950.568,973.182,813.378,873.313,999.964,297.313
2704,0.751111111,315.553,744.993,950.568,973.182,813.378,873.313,999.964,297.313
2705,0.751388889,315.587,745.102,950.418,973.168,813.458,873.379,999.935,297.321
2706,0.751666667,315.587,745.102,950.418,973.168,813.458,873.379,999.935,297.321
2707,0.751944444,315.587,745.102,950.418,973.168,813.458,873.379,999.935,297.321
2708,0.752222222,315.638,745.196,950.243,973.152,813.542,873.416,999.888,297.336
2709,0.7525,315.638,745.196,950.243,973.152,813.542,873.416,999.888,297.336
2710,0.752777778,315.638,745.196,950.243,973.152,813.542,873.416,999.888,297.336
2711,0.753055556,315.638,745.196,950.243,973.152,813.542,873.416,999.888,297.336
2712,0.753333333,315.667,745.292,949.41,973.113,813.6,873.465,999.836,297.327
2713,0.753611111,315.667,745.292,949.41,973.113,813.6,873.465,999.836,297.327
2714,0.753888889,315.667,745.292,949.41,973.113,813.6,873.465,999.836,297.327
2715,0.754166667,315.706,745.392,948.549,973.072,813.68,873.542,999.798,297.337
2716,0.754444444,315.706,745.392,948.549,973.072,813.68,873.542,999.798,297.337
2717,0.754722222,315.706,745.392,948.549,973.072,813.68,873.542,999.798,297.337
2718,0.755,315.706,745.392,948.549,973.072,813.68,873.542,999.798,297.337
2719,0.755277778,315.742,745.467,948.458,973.035,813.745,873.535,999.696,297.35
2720,0.755555556,315.742,745.467,948.458,973.035,813.745,873.535,999.696,297.35
2721,0.755833333,315.742,745.467,948.458,973.035,813.745,873.535,999.696,297.35
2722,0.756111111,315.788,745.551,948.505,972.976,813.817,873.602,999.616,297.342
2723,0.756388889,315.788,745.551,948.505,972.976,813.817,873.602,999.616,297.342
2724,0.756666667,315.788,745.551,948.505,972.976,813.817,873.602,999.616,297.342
2725,0.756944444,315.788,745.551,948.505,972.976,813.817,873.602,999.616,297.342
2726,0.757222222,315.826,745.673,948.683,972.917,813.88,873.623,999.525,297.348
2727,0.7575,315.826,745.673,948.683,972.917,813.88,873.623,999.525,297.348
2728,0.757777778,315.826,745.673,948.683,972.917,813.88,873.623,999.525,297.348
2729,0.758055556,315.863,745.752,948.721,972.845,813.954,873.698,999.489,297.361
2730,0.758333333,315.863,745.752,948.721,972.845,813.954,873.698,999.489,297.361
2731,0.758611111,315.863,745.752,948.721,972.845,813.954,873.698,999.489,297.361
2732,0.758888889,315.863,745.752,948.721,972.845,813.954,873.698,999.489,297.361
2733,0.759166667,315.897,745.836,948.001,972.778,814.015,873.717,999.397,297.361
2734,0.759444444,315.897,745.836,948.001,972.778,814.015,873.717,999.397,297.361
2735,0.759722222,315.897,745.836,948.001,972.778,814.015,873.717,999.397,297.361
2736,0.76,315.936,745.944,947.647,972.712,814.073,873.733,999.318,297.368
2737,0.760277778,315.936,745.944,947.647,972.712,814.073,873.733,999.318,297.368
2738,0.760555556,315.936,745.944,947.647,972.712,814.073,873.733,999.318,297.368
2739,0.760833333,315.936,745.944,947.647,972.712,814.073,873.733,999.318,297.368
2740,0.761111111,315.968,746.041,947.786,972.64,814.124,873.761,999.252,297.358
2741,0.761388889,315.968,746.041,947.786,972.64,814.124,873.761,999.252,297.358
2742,0.761666667,315.968,746.041,947.786,972.64,814.124,873.761,999.252,297.358
2743,0.761944444,316.021,746.167,948.101,972.604,814.199,873.832,999.241,297.383
2744,0.762222222,316.021,746.167,948.101,972.604,814.199,873.832,999.241,297.383
2745,0.7625,316.021,746.167,948.101,972.604,814.199,873.832,999.241,297.383
2746,0.762777778,316.021,746.167,948.101,972.604,814.199,873.832,999.241,297.383
2747,0.763055556,316.05,746.245,948.758,972.537,814.253,873.833,999.158,297.366
2748,0.763333333,316.05,746.245,948.758,972.537,814.253,873.833,999.158,297.366
2749,0.763611111,316.05,746.245,948.758,972.537,814.253,873.833,999.158,297.366
2750,0.763888889,316.078,746.278,949.35,972.489,814.295,873.845,999.095,297.374
2751,0.764166667,316.078,746.278,949.35,972.489,814.295,873.845,999.095,297.374
2752,0.764444444,316.078,746.278,949.35,972.489,814.295,873.845,999.095,297.374
2753,0.764722222,316.078,746.278,949.35,972.489,814.295,873.845,999.095,297.374
2754,0.765,316.119,746.365,949.066,972.432,814.346,873.867,999.021,297.374
2755,0.765277778,316.119,746.365,949.066,972.432,814.346,873.867,999.021,297.374
2756,0.765555556,316.119,746.365,949.066,972.432,814.346,873.867,999.021,297.374
2757,0.765833333,316.166,746.453,948.825,972.386,814.397,873.889,998.988,297.389
2758,0.766111111,316.166,746.453,948.825,972.386,814.397,873.889,998.988,297.389
2759,0.766388889,316.166,746.453,948.825,972.386,814.397,873.889,998.988,297.389
2760,0.766666667,316.208,746.533,948.855,972.35,814.444,873.929,998.974,297.389
2761,0.766944444,316.208,746.533,948.855,972.35,814.444,873.929,998.974,297.389
2762,0.767222222,316.208,746.533,948.855,972.35,814.444,873.929,998.974,297.389
2763,0.7675,316.208,746.533,948.855,972.35,814.444,873.929,998.974,297.389
2764,0.767777778,316.246,746.638,948.812,972.325,814.505,873.942,998.979,297.399
2765,0.768055556,316.246,746.638,948.812,972.325,814.505,873.942,998.979,297.399
2766,0.768333333,316.246,746.638,948.812,972.325,814.505,873.942,998.979,297.399
2767,0.768611111,316.273,746.74,949.052,972.29,814.548,873.986,998.947,297.391
2768,0.768888889,316.273,746.74,949.052,972.29,814.548,873.986,998.947,297.391
2769,0.769166667,316.273,746.74,949.052,972.29,814.548,873.986,998.947,297.391
2770,0.769444444,316.273,746.74,949.052,972.29,814.548,873.986,998.947,297.391
2771,0.769722222,316.311,746.82,948.643,972.265,814.592,874.011,998.948,297.394
2772,0.77,316.311,746.82,948.643,972.265,814.592,874.011,998.948,297.394
2773,0.770277778,316.311,746.82,948.643,972.265,814.592,874.011,998.948,297.394
2774,0.770555556,316.355,746.92,948.642,972.251,814.653,874.044,998.913,297.399
2775,0.770833333,316.355,746.92,948.642,972.251,814.653,874.044,998.913,297.399
2776,0.771111111,316.355,746.92,948.642,972.251,814.653,874.044,998.913,297.399
2777,0.771388889,316.355,746.92,948.642,972.251,814.653,874.044,998.913,297.399
2778,0.771666667,316.398,747.003,948.692,972.232,814.702,874.038,998.861,297.398
2779,0.771944444,316.398,747.003,948.692,972.232,814.702,874.038,998.861,297.398
2780,0.772222222,316.398,747.003,948.692,972.232,814.702,874.038,998.861,297.398
2781,0.7725,316.431,747.074,948.781,972.204,814.755,874.071,998.8,297.405
2782,0.772777778,316.431,747.074,948.781,972.204,814.755,874.071,998.8,297.405
2783,0.773055556,316.431,747.074,948.781,972.204,814.755,874.071,998.8,297.405
2784,0.773333333,316.431,747.074,948.781,972.204,814.755,874.071,998.8,297.405
2785,0.773611111,316.467,747.16,948.359,972.153,814.804,874.12,998.774,297.404
2786,0.773888889,316.467,747.16,948.359,972.153,814.804,874.12,998.774,297.404
2787,0.774166667,316.467,747.16,948.359,972.153,814.804,874.12,998.774,297.404
2788,0.774444444,316.498,747.244,948.549,972.107,814.862,874.138,998.699,297.411
2789,0.774722222,316.498,747.244,948.549,972.107,814.862,874.138,998.699,297.411
2790,0.775,316.498,747.244,948.549,972.107,814.862,874.138,998.699,297.411
2791,0.775277778,316.498,747.244,948.549,972.107,814.862,874.138,998.699,297.411
2792,0.775555556,316.548,747.331,948.328,972.067,814.912,874.156,998.638,297.418
2793,0.775833333,316.548,747.331,948.328,972.067,814.912,874.156,998.638,297.418
2794,0.776111111,316.548,747.331,948.328,972.067,814.912,874.156,998.638,297.418
2795,0.776388889,316.578,747.384,947.956,972.02,814.948,874.164,998.588,297.408
2796,0.776666667,316.578,747.384,947.956,972.02,814.948,874.164,998.588,297.408
2797,0.776944444,316.578,747.384,947.956,972.02,814.948,874.164,998.588,297.408
2798,0.777222222,316.578,747.384,947.956,972.02,814.948,874.164,998.588,297.408
2799,0.7775,316.616,747.461,947.946,971.971,815.009,874.205,998.558,297.421
2800,0.777777778,316.616,747.461,947.946,971.971,815.009,874.205,998.558,297.421
2801,0.778055556,316.616,747.461,947.946,971.971,815.009,874.205,998.558,297.421
2802,0.778333333,316.659,747.548,948.594,971.935,815.061,874.211,998.525,297.418
2803,0.778611111,316.659,747.548,948.594,971.935,815.061,874.211,998.525,297.418
2804,0.778888889,316.659,747.548,948.594,971.935,815.061,874.211,998.525,297.418
2805,0.779166667,316.692,747.624,948.642,971.904,815.106,874.235,998.496,297.425
2806,0.779444444,316.692,747.624,948.642,971.904,815.106,874.235,998.496,297.425
2807,0.779722222,316.692,747.624,948.642,971.904,815.106,874.235,998.496,297.425
2808,0.78,316.692,747.624,948.642,971.904,815.106,874.235,998.496,297.425
2809,0.780277778,316.737,747.732,948.983,971.862,815.155,874.271,998.483,297.43
2810,0.780555556,316.737,747.732,948.983,971.862,815.155,874.271,998.483,297.43
2811,0.780833333,316.737,747.732,948.983,971.862,815.155,874.271,998.483,297.43
2812,0.781111111,316.771,747.816,949.365,971.859,815.205,874.279,998.487,297.428
2813,0.781388889,316.771,747.816,949.365,971.859,815.205,874.279,998.487,297.428
2814,0.781666667,316.771,747.816,949.365,971.859,815.205,874.279,998.487,297.428
2815,0.781944444,316.771,747.816,949.365,971.859,815.205,874.279,998.487,297.428
2816,0.782222222,316.815,747.911,949.552,971.854,815.259,874.332,998.502,297.441
2817,0.7825,316.815,747.911,949.552,971.854,815.259,874.332,998.502,297.441
2818,0.782777778,316.815,747.911,949.552,971.854,815.259,874.332,998.502,297.441
2819,0.783055556,316.815,747.911,949.552,971.854,815.259,874.332,998.502,297.441
2820,0.783333333,316.847,748.027,949.493,971.847,815.296,874.341,998.495,297.437
2821,0.783611111,316.847,748.027,949.493,971.847,815.296,874.341,998.495,297.437
2822,0.783888889,316.847,748.027,949.493,971.847,815.296,874.341,998.495,297.437
2823,0.784166667,316.875,748.108,949.003,971.837,815.345,874.371,998.491,297.445
2824,0.784444444,316.875,748.108,949.003,971.837,815.345,874.371,998.491,297.445
2825,0.784722222,316.875,748.108,949.003,971.837,815.345,874.371,998.491,297.445
2826,0.785,316.914,748.157,949.058,971.826,815.379,874.367,998.459,297.437
2827,0.785277778,316.914,748.157,949.058,971.826,815.379,874.367,998.459,297.437
2828,0.785555556,316.914,748.157,949.058,971.826,815.379,874.367,998.459,297.437
2829,0.785833333,316.914,748.157,949.058,971.826,815.379,874.367,998.459,297.437
2830,0.786111111,316.949,748.201,949.251,971.814,815.427,874.415,998.438,297.431
2831,0.786388889,316.949,748.201,949.251,971.814,815.427,874.415,998.438,297.431
2832,0.786666667,316.949,748.201,949.251,971.814,815.427,874.415,998.438,297.431
2833,0.786944444,316.974,748.273,948.859,971.765,815.472,874.444,998.405,297.425
2834,0.787222222,316.974,748.273,948.859,971.765,815.472,874.444,998.405,297.425
2835,0.7875,316.974,748.273,948.859,971.765,815.472,874.444,998.405,297.425
2836,0.787777778,316.974,748.273,948.859,971.765,815.472,874.444,998.405,297.425
2837,0.788055556,317.025,748.381,948.429,971.75,815.529,874.466,998.356,297.429
2838,0.788333333,317.025,748.381,948.429,971.75,815.529,874.466,998.356,297.429
2839,0.788611111,317.025,748.381,948.429,971.75,815.529,874.466,998.356,297.429
2840,0.788888889,317.066,748.447,948.106,971.728,815.574,874.513,998.361,297.434
2841,0.789166667,317.066,748.447,948.106,971.728,815.574,874.513,998.361,297.434
2842,0.789444444,317.066,748.447,948.106,971.728,815.574,874.513,998.361,297.434
2843,0.789722222,317.066,748.447,948.106,971.728,815.574,874.513,998.361,297.434
2844,0.79,317.094,748.509,947.492,971.711,815.622,874.53,998.359,297.436
2845,0.790277778,317.094,748.509,947.492,971.711,815.622,874.53,998.359,297.436
2846,0.790555556,317.094,748.509,947.492,971.711,815.622,874.53,998.359,297.436
2847,0.790833333,317.132,748.614,948.214,971.699,815.673,874.54,998.358,297.442
2848,0.791111111,317.132,748.614,948.214,971.699,815.673,874.54,998.358,297.442
2849,0.791388889,317.132,748.614,948.214,971.699,815.673,874.54,998.358,297.442
2850,0.791666667,317.132,748.614,948.214,971.699,815.673,874.54,998.358,297.442
2851,0.791944444,317.161,748.686,948.729,971.697,815.719,874.606,998.381,297.434
2852,0.792222222,317.161,748.686,948.729,971.697,815.719,874.606,998.381,297.434
2853,0.7925,317.161,748.686,948.729,971.697,815.719,874.606,998.381,297.434
2854,0.792777778,317.205,748.788,948.471,971.694,815.768,874.612,998.367,297.426
2855,0.793055556,317.205,748.788,948.471,971.694,815.768,874.612,998.367,297.426
2856,0.793333333,317.205,748.788,948.471,971.694,815.768,874.612,998.367,297.426
2857,0.793611111,317.205,748.788,948.471,971.694,815.768,874.612,998.367,297.426
2858,0.793888889,317.236,748.874,947.845,971.692,815.814,874.663,998.4,297.433
2859,0.794166667,317.236,748.874,947.845,971.692,815.814,874.663,998.4,297.433
2860,0.794444444,317.236,748.874,947.845,971.692,815.814,874.663,998.4,297.433
2861,0.794722222,317.267,748.913,947.73,971.694,815.859,874.678,998.38,297.429
2862,0.795,317.267,748.913,947.73,971.694,815.859,874.678,998.38,297.429
2863,0.795277778,317.267,748.913,947.73,971.694,815.859,874.678,998.38,297.429
2864,0.795555556,317.267,748.913,947.73,971.694,815.859,874.678,998.38,297.429
2865,0.795833333,317.302,749.006,948.129,971.685,815.905,874.705,998.391,297.433
2866,0.796111111,317.302,749.006,948.129,971.685,815.905,874.705,998.391,297.433
2867,0.796388889,317.302,749.006,948.129,971.685,815.905,874.705,998.391,297.433
2868,0.796666667,317.343,749.094,948.71,971.683,815.954,874.73,998.391,297.426
2869,0.796944444,317.343,749.094,948.71,971.683,815.954,874.73,998.391,297.426
2870,0.797222222,317.343,749.094,948.71,971.683,815.954,874.73,998.391,297.426
2871,0.7975,317.343,749.094,948.71,971.683,815.954,874.73,998.391,297.426
2872,0.797777778,317.383,749.174,948.863,971.688,816.009,874.807,998.418,297.422
2873,0.798055556,317.383,749.174,948.863,971.688,816.009,874.807,998.418,297.422
2874,0.798333333,317.383,749.174,948.863,971.688,816.009,874.807,998.418,297.422
2875,0.798611111,317.412,749.266,948.409,971.685,816.049,874.786,998.388,297.416
2876,0.798888889,317.412,749.266,948.409,971.685,816.049,874.786,998.388,297.416
2877,0.799166667,317.412,749.266,948.409,971.685,816.049,874.786,998.388,297.416
2878,0.799444444,317.412,749.266,948.409,971.685,816.049,874.786,998.388,297.416
2879,0.799722222,317.447,749.36,948.276,971.696,816.11,874.856,998.448,297.422
2880,0.8,317.447,749.36,948.276,971.696,816.11,874.856,998.448,297.422
2881,0.800277778,317.447,749.36,948.276,971.696,816.11,874.856,998.448,297.422
2882,0.800555556,317.484,749.443,948.359,971.728,816.162,874.876,998.465,297.427
2883,0.800833333,317.484,749.443,948.359,971.728,816.162,874.876,998.465,297.427
2884,0.801111111,317.484,749.443,948.359,971.728,816.162,874.876,998.465,297.427
2885,0.801388889,317.484,749.443,948.359,971.728,816.162,874.876,998.465,297.427
2886,0.801666667,317.524,749.558,948.353,971.753,816.218,874.896,998.461,297.418
2887,0.801944444,317.524,749.558,948.353,971.753,816.218,874.896,998.461,297.418
2888,0.802222222,317.524,749.558,948.353,971.753,816.218,874.896,998.461,297.418
2889,0.8025,317.55,749.653,948.842,971.756,816.264,874.961,998.486,297.417
2890,0.802777778,317.55,749.653,948.842,971.756,816.264,874.961,998.486,297.417
2891,0.803055556,317.55,749.653,948.842,971.756,816.264,874.961,998.486,297.417
2892,0.803333333,317.55,749.653,948.842,971.756,816.264,874.961,998.486,297.417
2893,0.803611111,317.584,749.723,948.969,971.769,816.318,875.004,998.474,297.404
2894,0.803888889,317.584,749.723,948.969,971.769,816.318,875.004,998.474,297.404
2895,0.804166667,317.584,749.723,948.969,971.769,816.318,875.004,998.474,297.404
2896,0.804444444,317.633,749.803,948.301,971.763,816.376,875.055,998.463,297.418
2897,0.804722222,317.633,749.803,948.301,971.763,816.376,875.055,998.463,297.418
2898,0.805,317.633,749.803,948.301,971.763,816.376,875.055,998.463,297.418
2899,0.805277778,317.633,749.803,948.301,971.763,816.376,875.055,998.463,297.418
2900,0.805555556,317.662,749.882,948.404,971.762,816.438,875.098,998.432,297.4
2901,0.805833333,317.662,749.882,948.404,971.762,816.438,875.098,998.432,297.4
2902,0.806111111,317.662,749.882,948.404,971.762,816.438,875.098,998.432,297.4
2903,0.806388889,317.701,749.909,948.304,971.743,816.466,875.136,998.385,297.4
2904,0.806666667,317.701,749.909,948.304,971.743,816.466,875.136,998.385,297.4
2905,0.806944444,317.701,749.909,948.304,971.743,816.466,875.136,998.385,297.4
2906,0.807222222,317.701,749.909,948.304,971.743,816.466,875.136,998.385,297.4
2907,0.8075,317.73,750.001,947.615,971.716,816.516,875.186,998.336,297.399
2908,0.807777778,317.73,750.001,947.615,971.716,816.516,875.186,998.336,297.399
2909,0.808055556,317.73,750.001,947.615,971.716,816.516,875.186,998.336,297.399
2910,0.808333333,317.764,750.079,946.916,971.684,816.572,875.218,998.305,297.387
2911,0.808611111,317.764,750.079,946.916,971.684,816.572,875.218,998.305,297.387
2912,0.808888889,317.764,750.079,946.916,971.684,816.572,875.218,998.305,297.387
2913,0.809166667,317.764,750.079,946.916,971.684,816.572,875.218,998.305,297.387
2914,0.809444444,317.799,750.152,946.95,971.662,816.623,875.263,998.288,297.398
2915,0.809722222,317.799,750.152,946.95,971.662,816.623,875.263,998.288,297.398
2916,0.81,317.799,750.152,946.95,971.662,816.623,875.263,998.288,297.398
2917,0.810277778,317.842,750.22,947.641,971.625,816.677,875.298,998.245,297.387
2918,0.810555556,317.842,750.22,947.641,971.625,816.677,875.298,998.245,297.387
2919,0.810833333,317.842,750.22,947.641,971.625,816.677,875.298,998.245,297.387
2920,0.811111111,317.842,750.22,947.641,971.625,816.677,875.298,998.245,297.387
2921,0.811388889,317.862,750.282,947.519,971.596,816.729,875.307,998.179,297.376
2922,0.811666667,317.862,750.282,947.519,971.596,816.729,875.307,998.179,297.376
2923,0.811944444,317.862,750.282,947.519,971.596,816.729,875.307,998.179,297.376
2924,0.812222222,317.901,750.355,946.946,971.552,816.786,875.348,998.164,297.376
2925,0.8125,317.901,750.355,946.946,971.552,816.786,875.348,998.164,297.376
2926,0.812777778,317.901,750.355,946.946,971.552,816.786,875.348,998.164,297.376
2927,0.813055556,317.901,750.355,946.946,971.552,816.786,875.348,998.164,297.376
2928,0.813333333,317.923,750.472,946.604,971.531,816.823,875.372,998.123,297.364
2929,0.813611111,317.923,750.472,946.604,971.531,816.823,875.372,998.123,297.364
2930,0.813888889,317.923,750.472,946.604,971.531,816.823,875.372,998.123,297.364
2931,0.814166667,317.966,750.627,946.89,971.49,816.877,875.4,998.111,297.361
2932,0.814444444,317.966,750.627,946.89,971.49,816.877,875.4,998.111,297.361
2933,0.814722222,317.966,750.627,946.89,971.49,816.877,875.4,998.111,297.361
2934,0.815,317.966,750.627,946.89,971.49,816.877,875.4,998.111,297.361
2935,0.815277778,318.009,750.696,946.541,971.484,816.936,875.417,998.108,297.369
2936,0.815555556,318.009,750.696,946.541,971.484,816.936,875.417,998.108,297.369
2937,0.815833333,318.009,750.696,946.541,971.484,816.936,875.417,998.108,297.369
2938,0.816111111,318.03,750.767,946.234,971.462,816.983,875.458,998.088,297.359
2939,0.816388889,318.03,750.767,946.234,971.462,816.983,875.458,998.088,297.359
2940,0.816666667,318.03,750.767,946.234,971.462,816.983,875.458,998.088,297.359
2941,0.816944444,318.065,750.863,946.72,971.446,817.024,875.498,998.105,297.36
2942,0.817222222,318.065,750.863,946.72,971.446,817.024,875.498,998.105,297.36
2943,0.8175,318.065,750.863,946.72,971.446,817.024,875.498,998.105,297.36
2944,0.817777778,318.065,750.863,946.72,971.446,817.024,875.498,998.105,297.36
2945,0.818055556,318.11,750.947,947.028,971.435,817.068,875.471,998.079,297.356
2946,0.818333333,318.11,750.947,947.028,971.435,817.068,875.471,998.079,297.356
2947,0.818611111,318.11,750.947,947.028,971.435,817.068,875.471,998.079,297.356
2948,0.818888889,318.145,751.028,946.838,971.437,817.115,875.509,998.067,297.358
2949,0.819166667,318.145,751.028,946.838,971.437,817.115,875.509,998.067,297.358
2950,0.819444444,318.145,751.028,946.838,971.437,817.115,875.509,998.067,297.358
2951,0.819722222,318.145,751.028,946.838,971.437,817.115,875.509,998.067,297.358
2952,0.82,318.167,751.106,947.006,971.432,817.171,875.559,998.121,297.37
2953,0.820277778,318.167,751.106,947.006,971.432,817.171,875.559,998.121,297.37
2954,0.820555556,318.167,751.106,947.006,971.432,817.171,875.559,998.121,297.37
2955,0.820833333,318.206,751.186,947.546,971.441,817.216,875.61,998.166,297.362
2956,0.821111111,318.206,751.186,947.546,971.441,817.216,875.61,998.166,297.362
2957,0.821388889,318.206,751.186,947.546,971.441,817.216,875.61,998.166,297.362
2958,0.821666667,318.206,751.186,947.546,971.441,817.216,875.61,998.166,297.362
2959,0.821944444,318.24,751.26,948.419,971.446,817.26,875.603,998.183,297.35
2960,0.822222222,318.24,751.26,948.419,971.446,817.26,875.603,998.183,297.35
2961,0.8225,318.24,751.26,948.419,971.446,817.26,875.603,998.183,297.35
2962,0.822777778,318.276,751.311,948.906,971.475,817.302,875.635,998.192,297.354
2963,0.823055556,318.276,751.311,948.906,971.475,817.302,875.635,998.192,297.354
2964,0.823333333,318.276,751.311,948.906,971.475,817.302,875.635,998.192,297.354
2965,0.823611111,318.276,751.311,948.906,971.475,817.302,875.635,998.192,297.354
2966,0.823888889,318.307,751.312,948.287,971.503,817.346,875.663,998.219,297.355
2967,0.824166667,318.307,751.312,948.287,971.503,817.346,875.663,998.219,297.355
2968,0.824444444,318.307,751.312,948.287,971.503,817.346,875.663,998.219,297.355
2969,0.824722222,318.34,751.358,947.817,971.524,817.4,875.695,998.27,297.357
2970,0.825,318.34,751.358,947.817,971.524,817.4,875.695,998.27,297.357
2971,0.825277778,318.34,751.358,947.817,971.524,817.4,875.695,998.27,297.357
2972,0.825555556,318.366,751.385,947.371,971.548,817.435,875.715,998.296,297.352
2973,0.825833333,318.366,751.385,947.371,971.548,817.435,875.715,998.296,297.352
2974,0.826111111,318.366,751.385,947.371,971.548,817.435,875.715,998.296,297.352
2975,0.826388889,318.366,751.385,947.371,971.548,817.435,875.715,998.296,297.352
2976,0.826666667,318.415,751.46,947.304,971.591,817.489,875.786,998.353,297.368
2977,0.826944444,318.415,751.46,947.304,971.591,817.489,875.786,998.353,297.368
2978,0.827222222,318.415,751.46,947.304,971.591,817.489,875.786,998.353,297.368
2979,0.8275,318.442,751.554,947.136,971.603,817.539,875.816,998.369,297.364
2980,0.827777778,318.442,751.554,947.136,971.603,817.539,875.816,998.369,297.364
2981,0.828055556,318.442,751.554,947.136,971.603,817.539,875.816,998.369,297.364
2982,0.828333333,318.442,751.554,947.136,971.603,817.539,875.816,998.369,297.364
2983,0.828611111,318.474,751.637,946.876,971.637,817.606,875.844,998.402,297.371
2984,0.828888889,318.474,751.637,946.876,971.637,817.606,875.844,998.402,297.371
2985,0.829166667,318.474,751.637,946.876,971.637,817.606,875.844,998.402,297.371
2986,0.829444444,318.506,751.748,946.868,971.652,817.644,875.91,998.434,297.372
2987,0.829722222,318.506,751.748,946.868,971.652,817.644,875.91,998.434,297.372
2988,0.83,318.506,751.748,946.868,971.652,817.644,875.91,998.434,297.372
2989,0.830277778,318.506,751.748,946.868,971.652,817.644,875.91,998.434,297.372
2990,0.830555556,318.537,751.803,946.578,971.656,817.697,875.935,998.426,297.36
2991,0.830833333,318.537,751.803,946.578,971.656,817.697,875.935,998.426,297.36
2992,0.831111111,318.537,751.803,946.578,971.656,817.697,875.935,998.426,297.36
2993,0.831388889,318.58,751.806,946.214,971.668,817.764,875.961,998.397,297.373
2994,0.831666667,318.58,751.806,946.214,971.668,817.764,875.961,998.397,297.373
2995,0.831944444,318.58,751.806,946.214,971.668,817.764,875.961,998.397,297.373
2996,0.832222222,318.58,751.806,946.214,971.668,817.764,875.961,998.397,297.373
2997,0.8325,318.614,751.875,945.855,971.661,817.829,876.016,998.356,297.373
2998,0.832777778,318.614,751.875,945.855,971.661,817.829,876.016,998.356,297.373
2999,0.833055556,318.614,751.875,945.855,971.661,817.829,876.016,998.356,297.373
3000,0.833333333,318.652,751.943,945.62,971.633,817.889,876.05,998.304,297.379
3001,0.833611111,318.652,751.943,945.62,971.633,817.889,876.05,998.304,297.379
3002,0.833888889,318.652,751.943,945.62,971.633,817.889,876.05,998.304,297.379
3003,0.834166667,318.652,751.943,945.62,971.633,817.889,876.05,998.304,297.379
3004,0.834444444,318.685,752.04,945.489,971.608,817.941,876.081,998.288,297.387
3005,0.834722222,318.685,752.04,945.489,971.608,817.941,876.081,998.288,297.387
3006,0.835,318.685,752.04,945.489,971.608,817.941,876.081,998.288,297.387
3007,0.835277778,318.721,752.118,945.869,971.597,818.003,876.143,998.311,297.39
3008,0.835555556,318.721,752.118,945.869,971.597,818.003,876.143,998.311,297.39
3009,0.835833333,318.721,752.118,945.869,971.597,818.003,876.143,998.311,297.39
3010,0.836111111,318.721,752.118,945.869,971.597,818.003,876.143,998.311,297.39
3011,0.836388889,318.747,752.145,946.57,971.558,818.042,876.108,998.264,297.393
3012,0.836666667,318.747,752.145,946.57,971.558,818.042,876.108,998.264,297.393
3013,0.836944444,318.747,752.145,946.57,971.558,818.042,876.108,998.264,297.393
3014,0.837222222,318.779,752.179,946.879,971.563,818.096,876.177,998.29,297.384
3015,0.8375,318.779,752.179,946.879,971.563,818.096,876.177,998.29,297.384
3016,0.837777778,318.779,752.179,946.879,971.563,818.096,876.177,998.29,297.384
3017,0.838055556,318.779,752.179,946.879,971.563,818.096,876.177,998.29,297.384
3018,0.838333333,318.821,752.235,946.86,971.558,818.147,876.241,998.317,297.406
3019,0.838611111,318.821,752.235,946.86,971.558,818.147,876.241,998.317,297.406
3020,0.838888889,318.821,752.235,946.86,971.558,818.147,876.241,998.317,297.406
3021,0.839166667,318.858,752.231,946.865,971.575,818.196,876.183,998.336,297.388
3022,0.839444444,318.858,752.231,946.865,971.575,818.196,876.183,998.336,297.388
3023,0.839722222,318.858,752.231,946.865,971.575,818.196,876.183,998.336,297.388
3024,0.84,318.858,752.231,946.865,971.575,818.196,876.183,998.336,297.388
3025,0.840277778,318.892,752.334,947.002,971.588,818.256,876.279,998.385,297.4
3026,0.840555556,318.892,752.334,947.002,971.588,818.256,876.279,998.385,297.4
3027,0.840833333,318.892,752.334,947.002,971.588,818.256,876.279,998.385,297.4
3028,0.841111111,318.932,752.471,947.344,971.63,818.31,876.312,998.442,297.412
3029,0.841388889,318.932,752.471,947.344,971.63,818.31,876.312,998.442,297.412
3030,0.841666667,318.932,752.471,947.344,971.63,818.31,876.312,998.442,297.412
3031,0.841944444,318.932,752.471,947.344,971.63,818.31,876.312,998.442,297.412
3032,0.842222222,318.959,752.563,947.214,971.674,818.356,876.363,998.536,297.414
3033,0.8425,318.959,752.563,947.214,971.674,818.356,876.363,998.536,297.414
3034,0.842777778,318.959,752.563,947.214,971.674,818.356,876.363,998.536,297.414
3035,0.843055556,318.995,752.585,946.941,971.747,818.411,876.382,998.664,297.422
3036,0.843333333,318.995,752.585,946.941,971.747,818.411,876.382,998.664,297.422
3037,0.843611111,318.995,752.585,946.941,971.747,818.411,876.382,998.664,297.422
3038,0.843888889,318.995,752.585,946.941,971.747,818.411,876.382,998.664,297.422
3039,0.844166667,319.031,752.644,946.87,971.818,818.46,876.429,998.753,297.421
3040,0.844444444,319.031,752.644,946.87,971.818,818.46,876.429,998.753,297.421
3041,0.844722222,319.031,752.644,946.87,971.818,818.46,876.429,998.753,297.421
3042,0.845,319.051,752.745,947.392,971.887,818.496,876.448,998.828,297.42
3043,0.845277778,319.051,752.745,947.392,971.887,818.496,876.448,998.828,297.42
3044,0.845555556,319.051,752.745,947.392,971.887,818.496,876.448,998.828,297.42
3045,0.845833333,319.051,752.745,947.392,971.887,818.496,876.448,998.828,297.42
3046,0.846111111,319.094,752.742,947.454,971.957,818.555,876.488,998.908,297.434
3047,0.846388889,319.094,752.742,947.454,971.957,818.555,876.488,998.908,297.434
3048,0.846666667,319.094,752.742,947.454,971.957,818.555,876.488,998.908,297.434
3049,0.846944444,319.134,752.847,947.942,972.026,818.609,876.524,998.97,297.435
3050,0.847222222,319.134,752.847,947.942,972.026,818.609,876.524,998.97,297.435
3051,0.8475,319.134,752.847,947.942,972.026,818.609,876.524,998.97,297.435
3052,0.847777778,319.134,752.847,947.942,972.026,818.609,876.524,998.97,297.435
3053,0.848055556,319.165,752.934,947.983,972.081,818.665,876.591,999.06,297.438
3054,0.848333333,319.165,752.934,947.983,972.081,818.665,876.591,999.06,297.438
3055,0.848611111,319.165,752.934,947.983,972.081,818.665,876.591,999.06,297.438
3056,0.848888889,319.203,753.018,947.871,972.146,818.719,876.619,999.104,297.436
3057,0.849166667,319.203,753.018,947.871,972.146,818.719,876.619,999.104,297.436
3058,0.849444444,319.203,753.018,947.871,972.146,818.719,876.619,999.104,297.436
3059,0.849722222,319.221,753.074,947.691,972.198,818.77,876.69,999.174,297.434
3060,0.85,319.221,753.074,947.691,972.198,818.77,876.69,999.174,297.434
3061,0.850277778,319.221,753.074,947.691,972.198,818.77,876.69,999.174,297.434
3062,0.850555556,319.221,753.074,947.691,972.198,818.77,876.69,999.174,297.434
3063,0.850833333,319.266,753.124,947.417,972.264,818.836,876.75,999.254,297.437
3064,0.851111111,319.266,753.124,947.417,972.264,818.836,876.75,999.254,297.437
3065,0.851388889,319.266,753.124,947.417,972.264,818.836,876.75,999.254,297.437
3066,0.851666667,319.289,753.153,947.328,972.332,818.901,876.798,999.334,297.447
3067,0.851944444,319.289,753.153,947.328,972.332,818.901,876.798,999.334,297.447
3068,0.852222222,319.289,753.153,947.328,972.332,818.901,876.798,999.334,297.447
3069,0.8525,319.289,753.153,947.328,972.332,818.901,876.798,999.334,297.447
3070,0.852777778,319.328,753.252,947.232,972.395,818.962,876.876,999.389,297.456
3071,0.853055556,319.328,753.252,947.232,972.395,818.962,876.876,999.389,297.456
3072,0.853333333,319.328,753.252,947.232,972.395,818.962,876.876,999.389,297.456
3073,0.853611111,319.354,753.311,947.235,972.434,819.027,876.927,999.411,297.455
3074,0.853888889,319.354,753.311,947.235,972.434,819.027,876.927,999.411,297.455
3075,0.854166667,319.354,753.311,947.235,972.434,819.027,876.927,999.411,297.455
3076,0.854444444,319.354,753.311,947.235,972.434,819.027,876.927,999.411,297.455
3077,0.854722222,319.381,753.401,947.126,972.456,819.082,876.964,999.416,297.442
3078,0.855,319.381,753.401,947.126,972.456,819.082,876.964,999.416,297.442
3079,0.855277778,319.381,753.401,947.126,972.456,819.082,876.964,999.416,297.442
3080,0.855555556,319.427,753.492,946.991,972.505,819.161,877.041,999.469,297.464
3081,0.855833333,319.427,753.492,946.991,972.505,819.161,877.041,999.469,297.464
3082,0.856111111,319.427,753.492,946.991,972.505,819.161,877.041,999.469,297.464
3083,0.856388889,319.427,753.492,946.991,972.505,819.161,877.041,999.469,297.464
3084,0.856666667,319.462,753.609,946.759,972.541,819.229,877.121,999.506,297.473
3085,0.856944444,319.462,753.609,946.759,972.541,819.229,877.121,999.506,297.473
3086,0.857222222,319.462,753.609,946.759,972.541,819.229,877.121,999.506,297.473
3087,0.8575,319.488,753.701,947.044,972.558,819.284,877.192,999.548,297.463
3088,0.857777778,319.488,753.701,947.044,972.558,819.284,877.192,999.548,297.463
3089,0.858055556,319.488,753.701,947.044,972.558,819.284,877.192,999.548,297.463
3090,0.858333333,319.488,753.701,947.044,972.558,819.284,877.192,999.548,297.463
3091,0.858611111,319.531,753.77,946.659,972.583,819.353,877.266,999.541,297.477
3092,0.858888889,319.531,753.77,946.659,972.583,819.353,877.266,999.541,297.477
3093,0.859166667,319.531,753.77,946.659,972.583,819.353,877.266,999.541,297.477
3094,0.859444444,319.571,753.83,946.433,972.606,819.432,877.277,999.542,297.483
3095,0.859722222,319.571,753.83,946.433,972.606,819.432,877.277,999.542,297.483
3096,0.86,319.571,753.83,946.433,972.606,819.432,877.277,999.542,297.483
3097,0.860277778,319.571,753.83,946.433,972.606,819.432,877.277,999.542,297.483
3098,0.860555556,319.598,753.822,946.183,972.59,819.493,877.339,999.471,297.481
3099,0.860833333,319.598,753.822,946.183,972.59,819.493,877.339,999.471,297.481
3100,0.861111111,319.598,753.822,946.183,972.59,819.493,877.339,999.471,297.481
3101,0.861388889,319.637,753.946,946.431,972.581,819.555,877.419,999.416,297.494
3102,0.861666667,319.637,753.946,946.431,972.581,819.555,877.419,999.416,297.494
3103,0.861944444,319.637,753.946,946.431,972.581,819.555,877.419,999.416,297.494
3104,0.862222222,319.637,753.946,946.431,972.581,819.555,877.419,999.416,297.494
3105,0.8625,319.661,754.068,946.496,972.559,819.63,877.483,999.367,297.491
3106,0.862777778,319.661,754.068,946.496,972.559,819.63,877.483,999.367,297.491
3107,0.863055556,319.661,754.068,946.496,972.559,819.63,877.483,999.367,297.491
3108,0.863333333,319.708,754.124,946.751,972.528,819.699,877.57,999.354,297.498
3109,0.863611111,319.708,754.124,946.751,972.528,819.699,877.57,999.354,297.498
3110,0.863888889,319.708,754.124,946.751,972.528,819.699,877.57,999.354,297.498
3111,0.864166667,319.708,754.124,946.751,972.528,819.699,877.57,999.354,297.498
3112,0.864444444,319.733,754.171,946.493,972.499,819.756,877.541,999.304,297.497
3113,0.864722222,319.733,754.171,946.493,972.499,819.756,877.541,999.304,297.497
3114,0.865,319.733,754.171,946.493,972.499,819.756,877.541,999.304,297.497
3115,0.865277778,319.772,754.221,946.551,972.479,819.817,877.643,999.289,297.516
3116,0.865555556,319.772,754.221,946.551,972.479,819.817,877.643,999.289,297.516
3117,0.865833333,319.772,754.221,946.551,972.479,819.817,877.643,999.289,297.516
3118,0.866111111,319.772,754.221,946.551,972.479,819.817,877.643,999.289,297.516
3119,0.866388889,319.801,754.291,946.692,972.444,819.869,877.657,999.223,297.503
3120,0.866666667,319.801,754.291,946.692,972.444,819.869,877.657,999.223,297.503
3121,0.866944444,319.801,754.291,946.692,972.444,819.869,877.657,999.223,297.503
3122,0.867222222,319.853,754.393,947.357,972.426,819.94,877.757,999.24,297.522
3123,0.8675,319.853,754.393,947.357,972.426,819.94,877.757,999.24,297.522
3124,0.867777778,319.853,754.393,947.357,972.426,819.94,877.757,999.24,297.522
3125,0.868055556,319.853,754.393,947.357,972.426,819.94,877.757,999.24,297.522
3126,0.868333333,319.883,754.472,947.466,972.402,819.992,877.768,999.206,297.521
3127,0.868611111,319.883,754.472,947.466,972.402,819.992,877.768,999.206,297.521
3128,0.868888889,319.883,754.472,947.466,972.402,819.992,877.768,999.206,297.521
3129,0.869166667,319.92,754.564,947.438,972.4,820.043,877.81,999.208,297.532
3130,0.869444444,319.92,754.564,947.438,972.4,820.043,877.81,999.208,297.532
3131,0.869722222,319.92,754.564,947.438,972.4,820.043,877.81,999.208,297.532
3132,0.87,319.92,754.564,947.438,972.4,820.043,877.81,999.208,297.532
3133,0.870277778,319.954,754.649,947.382,972.391,820.095,877.819,999.206,297.537
3134,0.870555556,319.954,754.649,947.382,972.391,820.095,877.819,999.206,297.537
3135,0.870833333,319.954,754.649,947.382,972.391,820.095,877.819,999.206,297.537
3136,0.871111111,319.984,754.701,947.473,972.398,820.138,877.834,999.207,297.533
3137,0.871388889,319.984,754.701,947.473,972.398,820.138,877.834,999.207,297.533
3138,0.871666667,319.984,754.701,947.473,972.398,820.138,877.834,999.207,297.533
3139,0.871944444,319.984,754.701,947.473,972.398,820.138,877.834,999.207,297.533
3140,0.872222222,320.014,754.768,947.151,972.385,820.194,877.91,999.196,297.538
3141,0.8725,320.014,754.768,947.151,972.385,820.194,877.91,999.196,297.538
3142,0.872777778,320.014,754.768,947.151,972.385,820.194,877.91,999.196,297.538
3143,0.873055556,320.047,754.847,946.866,972.388,820.251,877.932,999.174,297.548
3144,0.873333333,320.047,754.847,946.866,972.388,820.251,877.932,999.174,297.548
3145,0.873611111,320.047,754.847,946.866,972.388,820.251,877.932,999.174,297.548
3146,0.873888889,320.047,754.847,946.866,972.388,820.251,877.932,999.174,297.548
3147,0.874166667,320.08,754.922,946.932,972.354,820.278,877.939,999.132,297.549
3148,0.874444444,320.08,754.922,946.932,972.354,820.278,877.939,999.132,297.549
3149,0.874722222,320.08,754.922,946.932,972.354,820.278,877.939,999.132,297.549
3150,0.875,320.124,755.016,947.278,972.338,820.345,877.976,999.094,297.559
3151,0.875277778,320.124,755.016,947.278,972.338,820.345,877.976,999.094,297.559
3152,0.875555556,320.124,755.016,947.278,972.338,820.345,877.976,999.094,297.559
3153,0.875833333,320.153,755.086,947.466,972.313,820.385,878.028,999.045,297.555
3154,0.876111111,320.153,755.086,947.466,972.313,820.385,878.028,999.045,297.555
3155,0.876388889,320.153,755.086,947.466,972.313,820.385,878.028,999.045,297.555
3156,0.876666667,320.153,755.086,947.466,972.313,820.385,878.028,999.045,297.555
3157,0.876944444,320.181,755.126,947.227,972.275,820.425,878.036,998.981,297.563
3158,0.877222222,320.181,755.126,947.227,972.275,820.425,878.036,998.981,297.563
3159,0.8775,320.181,755.126,947.227,972.275,820.425,878.036,998.981,297.563
3160,0.877777778,320.181,755.126,947.227,972.275,820.425,878.036,998.981,297.563
3161,0.878055556,320.216,755.217,947.399,972.233,820.475,878.081,998.894,297.561
3162,0.878333333,320.216,755.217,947.399,972.233,820.475,878.081,998.894,297.561
3163,0.878611111,320.216,755.217,947.399,972.233,820.475,878.081,998.894,297.561
3164,0.878888889,320.242,755.301,948.015,972.177,820.521,878.109,998.857,297.569
3165,0.879166667,320.242,755.301,948.015,972.177,820.521,878.109,998.857,297.569
3166,0.879444444,320.242,755.301,948.015,972.177,820.521,878.109,998.857,297.569
3167,0.879722222,320.242,755.301,948.015,972.177,820.521,878.109,998.857,297.569
3168,0.88,320.293,755.37,948.604,972.153,820.567,878.175,998.816,297.586
3169,0.880277778,320.293,755.37,948.604,972.153,820.567,878.175,998.816,297.586
3170,0.880555556,320.293,755.37,948.604,972.153,820.567,878.175,998.816,297.586
3171,0.880833333,320.316,755.401,948.392,972.097,820.605,878.15,998.717,297.576
3172,0.881111111,320.316,755.401,948.392,972.097,820.605,878.15,998.717,297.576
3173,0.881388889,320.316,755.401,948.392,972.097,820.605,878.15,998.717,297.576
3174,0.881666667,320.316,755.401,948.392,972.097,820.605,878.15,998.717,297.576
3175,0.881944444,320.351,755.472,948.426,972.066,820.654,878.216,998.683,297.577
3176,0.882222222,320.351,755.472,948.426,972.066,820.654,878.216,998.683,297.577
3177,0.8825,320.351,755.472,948.426,972.066,820.654,878.216,998.683,297.577
3178,0.882777778,320.384,755.572,948.138,972.014,820.693,878.215,998.637,297.58
3179,0.883055556,320.384,755.572,948.138,972.014,820.693,878.215,998.637,297.58
3180,0.883333333,320.384,755.572,948.138,972.014,820.693,878.215,998.637,297.58
3181,0.883611111,320.425,755.64,947.632,971.991,820.744,878.228,998.58,297.592
3182,0.883888889,320.425,755.64,947.632,971.991,820.744,878.228,998.58,297.592
3183,0.884166667,320.425,755.64,947.632,971.991,820.744,878.228,998.58,297.592
3184,0.884444444,320.425,755.64,947.632,971.991,820.744,878.228,998.58,297.592
3185,0.884722222,320.435,755.667,947.052,971.937,820.762,878.238,998.53,297.577
3186,0.885,320.435,755.667,947.052,971.937,820.762,878.238,998.53,297.577
3187,0.885277778,320.435,755.667,947.052,971.937,820.762,878.238,998.53,297.577
3188,0.885555556,320.485,755.744,947.49,971.91,820.814,878.258,998.462,297.589
3189,0.885833333,320.485,755.744,947.49,971.91,820.814,878.258,998.462,297.589
3190,0.886111111,320.485,755.744,947.49,971.91,820.814,878.258,998.462,297.589
3191,0.886388889,320.485,755.744,947.49,971.91,820.814,878.258,998.462,297.589
3192,0.886666667,320.519,755.793,947.532,971.857,820.835,878.265,998.392,297.597
3193,0.886944444,320.519,755.793,947.532,971.857,820.835,878.265,998.392,297.597
3194,0.887222222,320.519,755.793,947.532,971.857,820.835,878.265,998.392,297.597
3195,0.8875,320.53,755.843,947.228,971.79,820.877,878.273,998.306,297.592
3196,0.887777778,320.53,755.843,947.228,971.79,820.877,878.273,998.306,297.592
3197,0.888055556,320.53,755.843,947.228,971.79,820.877,878.273,998.306,297.592
3198,0.888333333,320.53,755.843,947.228,971.79,820.877,878.273,998.306,297.592
3199,0.888611111,320.575,755.913,946.712,971.739,820.92,878.293,998.256,297.602
3200,0.888888889,320.575,755.913,946.712,971.739,820.92,878.293,998.256,297.602
3201,0.889166667,320.575,755.913,946.712,971.739,820.92,878.293,998.256,297.602
3202,0.889444444,320.613,755.957,946.982,971.681,820.937,878.313,998.201,297.597
3203,0.889722222,320.613,755.957,946.982,971.681,820.937,878.313,998.201,297.597
3204,0.89,320.613,755.957,946.982,971.681,820.937,878.313,998.201,297.597
3205,0.890277778,320.613,755.957,946.982,971.681,820.937,878.313,998.201,297.597
3206,0.890555556,320.645,756.01,946.602,971.627,820.977,878.3,998.1,297.608
3207,0.890833333,320.645,756.01,946.602,971.627,820.977,878.3,998.1,297.608
3208,0.891111111,320.645,756.01,946.602,971.627,820.977,878.3,998.1,297.608
3209,0.891388889,320.683,756.069,946.768,971.567,821.013,878.325,998.064,297.62
3210,0.891666667,320.683,756.069,946.768,971.567,821.013,878.325,998.064,297.62
3211,0.891944444,320.683,756.069,946.768,971.567,821.013,878.325,998.064,297.62
3212,0.892222222,320.683,756.069,946.768,971.567,821.013,878.325,998.064,297.62
3213,0.8925,320.711,756.118,947.511,971.506,821.039,878.327,997.995,297.603
3214,0.892777778,320.711,756.118,947.511,971.506,821.039,878.327,997.995,297.603
3215,0.893055556,320.711,756.118,947.511,971.506,821.039,878.327,997.995,297.603
3216,0.893333333,320.75,756.176,947.613,971.46,821.074,878.351,997.954,297.627
3217,0.893611111,320.75,756.176,947.613,971.46,821.074,878.351,997.954,297.627
3218,0.893888889,320.75,756.176,947.613,971.46,821.074,878.351,997.954,297.627
3219,0.894166667,320.75,756.176,947.613,971.46,821.074,878.351,997.954,297.627
3220,0.894444444,320.784,756.213,947.853,971.422,821.092,878.332,997.913,297.625
3221,0.894722222,320.784,756.213,947.853,971.422,821.092,878.332,997.913,297.625
3222,0.895,320.784,756.213,947.853,971.422,821.092,878.332,997.913,297.625
3223,0.895277778,320.808,756.249,947.816,971.366,821.113,878.307,997.876,297.623
3224,0.895555556,320.808,756.249,947.816,971.366,821.113,878.307,997.876,297.623
3225,0.895833333,320.808,756.249,947.816,971.366,821.113,878.307,997.876,297.623
3226,0.896111111,320.808,756.249,947.816,971.366,821.113,878.307,997.876,297.623
3227,0.896388889,320.845,756.293,947.611,971.33,821.139,878.334,997.857,297.628
3228,0.896666667,320.845,756.293,947.611,971.33,821.139,878.334,997.857,297.628
3229,0.896944444,320.845,756.293,947.611,971.33,821.139,878.334,997.857,297.628
3230,0.897222222,320.876,756.367,947.725,971.327,821.164,878.33,997.857,297.631
3231,0.8975,320.876,756.367,947.725,971.327,821.164,878.33,997.857,297.631
3232,0.897777778,320.876,756.367,947.725,971.327,821.164,878.33,997.857,297.631
3233,0.898055556,320.876,756.367,947.725,971.327,821.164,878.33,997.857,297.631
3234,0.898333333,320.914,756.429,948.006,971.309,821.202,878.339,997.874,297.635
3235,0.898611111,320.914,756.429,948.006,971.309,821.202,878.339,997.874,297.635
3236,0.898888889,320.914,756.429,948.006,971.309,821.202,878.339,997.874,297.635
3237,0.899166667,320.94,756.506,947.883,971.315,821.229,878.34,997.877,297.639
3238,0.899444444,320.94,756.506,947.883,971.315,821.229,878.34,997.877,297.639
3239,0.899722222,320.94,756.506,947.883,971.315,821.229,878.34,997.877,297.639
3240,0.9,320.94,756.506,947.883,971.315,821.229,878.34,997.877,297.639
3241,0.900277778,320.977,756.56,947.435,971.317,821.24,878.378,997.917,297.639
3242,0.900555556,320.977,756.56,947.435,971.317,821.24,878.378,997.917,297.639
3243,0.900833333,320.977,756.56,947.435,971.317,821.24,878.378,997.917,297.639
3244,0.901111111,321.014,756.575,947.066,971.303,821.262,878.393,997.881,297.641
3245,0.901388889,321.014,756.575,947.066,971.303,821.262,878.393,997.881,297.641
3246,0.901666667,321.014,756.575,947.066,971.303,821.262,878.393,997.881,297.641
3247,0.901944444,321.014,756.575,947.066,971.303,821.262,878.393,997.881,297.641
3248,0.902222222,321.04,756.631,946.56,971.3,821.306,878.362,997.847,297.639
3249,0.9025,321.04,756.631,946.56,971.3,821.306,878.362,997.847,297.639
3250,0.902777778,321.04,756.631,946.56,971.3,821.306,878.362,997.847,297.639
3251,0.903055556,321.075,756.657,946.845,971.284,821.324,878.368,997.815,297.65
3252,0.903333333,321.075,756.657,946.845,971.284,821.324,878.368,997.815,297.65
3253,0.903611111,321.075,756.657,946.845,971.284,821.324,878.368,997.815,297.65
3254,0.903888889,321.093,756.711,947.312,971.247,821.345,878.383,997.784,297.646
3255,0.904166667,321.093,756.711,947.312,971.247,821.345,878.383,997.784,297.646
3256,0.904444444,321.093,756.711,947.312,971.247,821.345,878.383,997.784,297.646
3257,0.904722222,321.093,756.711,947.312,971.247,821.345,878.383,997.784,297.646
3258,0.905,321.124,756.772,947.14,971.222,821.378,878.37,997.745,297.65
3259,0.905277778,321.124,756.772,947.14,971.222,821.378,878.37,997.745,297.65
3260,0.905555556,321.124,756.772,947.14,971.222,821.378,878.37,997.745,297.65
3261,0.905833333,321.162,756.746,947.504,971.194,821.409,878.398,997.754,297.649
3262,0.906111111,321.162,756.746,947.504,971.194,821.409,878.398,997.754,297.649
3263,0.906388889,321.162,756.746,947.504,971.194,821.409,878.398,997.754,297.649
3264,0.906666667,321.162,756.746,947.504,971.194,821.409,878.398,997.754,297.649
3265,0.906944444,321.192,756.815,947.054,971.179,821.437,878.404,997.722,297.645
3266,0.907222222,321.192,756.815,947.054,971.179,821.437,878.404,997.722,297.645
3267,0.9075,321.192,756.815,947.054,971.179,821.437,878.404,997.722,297.645
3268,0.907777778,321.222,756.907,946.952,971.167,821.462,878.423,997.724,297.655
3269,0.908055556,321.222,756.907,946.952,971.167,821.462,878.423,997.724,297.655
3270,0.908333333,321.222,756.907,946.952,971.167,821.462,878.423,997.724,297.655
3271,0.908611111,321.222,756.907,946.952,971.167,821.462,878.423,997.724,297.655
3272,0.908888889,321.252,756.95,946.852,971.147,821.498,878.47,997.721,297.647
3273,0.909166667,321.252,756.95,946.852,971.147,821.498,878.47,997.721,297.647
3274,0.909444444,321.252,756.95,946.852,971.147,821.498,878.47,997.721,297.647
3275,0.909722222,321.296,757.03,945.951,971.154,821.527,878.479,997.745,297.665
3276,0.91,321.296,757.03,945.951,971.154,821.527,878.479,997.745,297.665
3277,0.910277778,321.296,757.03,945.951,971.154,821.527,878.479,997.745,297.665
3278,0.910555556,321.296,757.03,945.951,971.154,821.527,878.479,997.745,297.665
3279,0.910833333,321.325,757.098,946.048,971.142,821.558,878.48,997.717,297.673
3280,0.911111111,321.325,757.098,946.048,971.142,821.558,878.48,997.717,297.673
3281,0.911388889,321.325,757.098,946.048,971.142,821.558,878.48,997.717,297.673
3282,0.911666667,321.348,757.119,946.17,971.125,821.578,878.487,997.705,297.668
3283,0.911944444,321.348,757.119,946.17,971.125,821.578,878.487,997.705,297.668
3284,0.912222222,321.348,757.119,946.17,971.125,821.578,878.487,997.705,297.668
3285,0.9125,321.348,757.119,946.17,971.125,821.578,878.487,997.705,297.668
3286,0.912777778,321.375,757.158,945.945,971.11,821.616,878.512,997.681,297.663
3287,0.913055556,321.375,757.158,945.945,971.11,821.616,878.512,997.681,297.663
3288,0.913333333,321.375,757.158,945.945,971.11,821.616,878.512,997.681,297.663
3289,0.913611111,321.407,757.208,946.016,971.084,821.638,878.524,997.636,297.663
3290,0.913888889,321.407,757.208,946.016,971.084,821.638,878.524,997.636,297.663
3291,0.914166667,321.407,757.208,946.016,971.084,821.638,878.524,997.636,297.663
3292,0.914444444,321.407,757.208,946.016,971.084,821.638,878.524,997.636,297.663
3293,0.914722222,321.453,757.268,946.958,971.064,821.669,878.547,997.627,297.681
3294,0.915,321.453,757.268,946.958,971.064,821.669,878.547,997.627,297.681
3295,0.915277778,321.453,757.268,946.958,971.064,821.669,878.547,997.627,297.681
3296,0.915555556,321.483,757.3,946.8,971.025,821.704,878.576,997.577,297.676
3297,0.915833333,321.483,757.3,946.8,971.025,821.704,878.576,997.577,297.676
3298,0.916111111,321.483,757.3,946.8,971.025,821.704,878.576,997.577,297.676
3299,0.916388889,321.483,757.3,946.8,971.025,821.704,878.576,997.577,297.676
3300,0.916666667,321.507,757.373,947.123,971,821.738,878.609,997.579,297.68
3301,0.916944444,321.507,757.373,947.123,971,821.738,878.609,997.579,297.68
3302,0.917222222,321.507,757.373,947.123,971,821.738,878.609,997.579,297.68
3303,0.9175,321.528,757.396,946.966,970.97,821.757,878.578,997.539,297.67
3304,0.917777778,321.528,757.396,946.966,970.97,821.757,878.578,997.539,297.67
3305,0.918055556,321.528,757.396,946.966,970.97,821.757,878.578,997.539,297.67
3306,0.918333333,321.528,757.396,946.966,970.97,821.757,878.578,997.539,297.67
3307,0.918611111,321.574,757.475,946.45,970.971,821.8,878.585,997.547,297.685
3308,0.918888889,321.574,757.475,946.45,970.971,821.8,878.585,997.547,297.685
3309,0.919166667,321.574,757.475,946.45,970.971,821.8,878.585,997.547,297.685
3310,0.919444444,321.602,757.551,946.652,970.973,821.84,878.606,997.536,297.685
3311,0.919722222,321.602,757.551,946.652,970.973,821.84,878.606,997.536,297.685
3312,0.92,321.602,757.551,946.652,970.973,821.84,878.606,997.536,297.685
3313,0.920277778,321.602,757.551,946.652,970.973,821.84,878.606,997.536,297.685
3314,0.920555556,321.634,757.583,946.748,970.963,821.858,878.644,997.562,297.682
3315,0.920833333,321.634,757.583,946.748,970.963,821.858,878.644,997.562,297.682
3316,0.921111111,321.634,757.583,946.748,970.963,821.858,878.644,997.562,297.682
3317,0.921388889,321.676,757.621,946.52,970.966,821.894,878.648,997.544,297.69
3318,0.921666667,321.676,757.621,946.52,970.966,821.894,878.648,997.544,297.69
3319,0.921944444,321.676,757.621,946.52,970.966,821.894,878.648,997.544,297.69
3320,0.922222222,321.699,757.684,946.768,970.954,821.921,878.663,997.522,297.699
3321,0.9225,321.699,757.684,946.768,970.954,821.921,878.663,997.522,297.699
3322,0.922777778,321.699,757.684,946.768,970.954,821.921,878.663,997.522,297.699
3323,0.923055556,321.699,757.684,946.768,970.954,821.921,878.663,997.522,297.699
3324,0.923333333,321.73,757.727,946.738,970.946,821.948,878.716,997.555,297.701
3325,0.923611111,321.73,757.727,946.738,970.946,821.948,878.716,997.555,297.701
3326,0.923888889,321.73,757.727,946.738,970.946,821.948,878.716,997.555,297.701
3327,0.924166667,321.755,757.778,946.61,970.937,821.974,878.715,997.547,297.678
3328,0.924444444,321.755,757.778,946.61,970.937,821.974,878.715,997.547,297.678
3329,0.924722222,321.755,757.778,946.61,970.937,821.974,878.715,997.547,297.678
3330,0.925,321.755,757.778,946.61,970.937,821.974,878.715,997.547,297.678
3331,0.925277778,321.781,757.838,946.298,970.936,822.014,878.737,997.541,297.691
3332,0.925555556,321.781,757.838,946.298,970.936,822.014,878.737,997.541,297.691
3333,0.925833333,321.781,757.838,946.298,970.936,822.014,878.737,997.541,297.691
3334,0.926111111,321.819,757.887,946.869,970.941,822.037,878.745,997.524,297.693
3335,0.926388889,321.819,757.887,946.869,970.941,822.037,878.745,997.524,297.693
3336,0.926666667,321.819,757.887,946.869,970.941,822.037,878.745,997.524,297.693
3337,0.926944444,321.819,757.887,946.869,970.941,822.037,878.745,997.524,297.693
3338,0.927222222,321.849,757.893,946.663,970.931,822.086,878.76,997.515,297.704
3339,0.9275,321.849,757.893,946.663,970.931,822.086,878.76,997.515,297.704
3340,0.927777778,321.849,757.893,946.663,970.931,822.086,878.76,997.515,297.704
3341,0.928055556,321.877,757.936,946.121,970.924,822.097,878.778,997.504,297.698
3342,0.928333333,321.877,757.936,946.121,970.924,822.097,878.778,997.504,297.698
3343,0.928611111,321.877,757.936,946.121,970.924,822.097,878.778,997.504,297.698
3344,0.928888889,321.877,757.936,946.121,970.924,822.097,878.778,997.504,297.698
3345,0.929166667,321.898,757.991,945.765,970.92,822.148,878.814,997.495,297.692
3346,0.929444444,321.898,757.991,945.765,970.92,822.148,878.814,997.495,297.692
3347,0.929722222,321.898,757.991,945.765,970.92,822.148,878.814,997.495,297.692
3348,0.93,321.944,758.042,945.468,970.902,822.167,878.82,997.482,297.691
3349,0.930277778,321.944,758.042,945.468,970.902,822.167,878.82,997.482,297.691
3350,0.930555556,321.944,758.042,945.468,970.902,822.167,878.82,997.482,297.691
3351,0.930833333,321.944,758.042,945.468,970.902,822.167,878.82,997.482,297.691
3352,0.931111111,321.968,758.097,945.394,970.89,822.201,878.839,997.468,297.694
3353,0.931388889,321.968,758.097,945.394,970.89,822.201,878.839,997.468,297.694
3354,0.931666667,321.968,758.097,945.394,970.89,822.201,878.839,997.468,297.694
3355,0.931944444,322.007,758.152,946.317,970.891,822.231,878.878,997.483,297.703
3356,0.932222222,322.007,758.152,946.317,970.891,822.231,878.878,997.483,297.703
3357,0.9325,322.007,758.152,946.317,970.891,822.231,878.878,997.483,297.703
3358,0.932777778,322.007,758.152,946.317,970.891,822.231,878.878,997.483,297.703
3359,0.933055556,322.045,758.205,946.45,970.886,822.271,878.903,997.472,297.715
3360,0.933333333,322.045,758.205,946.45,970.886,822.271,878.903,997.472,297.715
3361,0.933611111,322.045,758.205,946.45,970.886,822.271,878.903,997.472,297.715
3362,0.933888889,322.056,758.242,945.919,970.864,822.288,878.884,997.421,297.696
3363,0.934166667,322.056,758.242,945.919,970.864,822.288,878.884,997.421,297.696
3364,0.934444444,322.056,758.242,945.919,970.864,822.288,878.884,997.421,297.696
3365,0.934722222,322.056,758.242,945.919,970.864,822.288,878.884,997.421,297.696
3366,0.935,322.086,758.319,945.826,970.85,822.322,878.931,997.413,297.695
3367,0.935277778,322.086,758.319,945.826,970.85,822.322,878.931,997.413,297.695
3368,0.935555556,322.086,758.319,945.826,970.85,822.322,878.931,997.413,297.695
3369,0.935833333,322.126,758.381,945.92,970.838,822.364,878.946,997.368,297.709
3370,0.936111111,322.126,758.381,945.92,970.838,822.364,878.946,997.368,297.709
3371,0.936388889,322.126,758.381,945.92,970.838,822.364,878.946,997.368,297.709
3372,0.936666667,322.126,758.381,945.92,970.838,822.364,878.946,997.368,297.709
3373,0.936944444,322.142,758.399,945.75,970.798,822.383,878.957,997.299,297.694
3374,0.937222222,322.142,758.399,945.75,970.798,822.383,878.957,997.299,297.694
3375,0.9375,322.142,758.399,945.75,970.798,822.383,878.957,997.299,297.694
3376,0.937777778,322.174,758.462,945.286,970.77,822.427,878.959,997.243,297.696
3377,0.938055556,322.174,758.462,945.286,970.77,822.427,878.959,997.243,297.696
3378,0.938333333,322.174,758.462,945.286,970.77,822.427,878.959,997.243,297.696
3379,0.938611111,322.214,758.509,944.841,970.739,822.459,879.003,997.183,297.697
3380,0.938888889,322.214,758.509,944.841,970.739,822.459,879.003,997.183,297.697
3381,0.939166667,322.214,758.509,944.841,970.739,822.459,879.003,997.183,297.697
3382,0.939444444,322.214,758.509,944.841,970.739,822.459,879.003,997.183,297.697
3383,0.939722222,322.231,758.566,944.613,970.683,822.478,879.001,997.135,297.694
3384,0.94,322.231,758.566,944.613,970.683,822.478,879.001,997.135,297.694
3385,0.940277778,322.231,758.566,944.613,970.683,822.478,879.001,997.135,297.694
3386,0.940555556,322.261,758.611,944.717,970.64,822.518,879.03,997.075,297.694
3387,0.940833333,322.261,758.611,944.717,970.64,822.518,879.03,997.075,297.694
3388,0.941111111,322.261,758.611,944.717,970.64,822.518,879.03,997.075,297.694
3389,0.941388889,322.261,758.611,944.717,970.64,822.518,879.03,997.075,297.694
3390,0.941666667,322.296,758.637,944.452,970.604,822.541,879.032,997.025,297.7
3391,0.941944444,322.296,758.637,944.452,970.604,822.541,879.032,997.025,297.7
3392,0.942222222,322.296,758.637,944.452,970.604,822.541,879.032,997.025,297.7
3393,0.9425,322.32,758.689,944.121,970.545,822.563,879.039,996.947,297.689
3394,0.942777778,322.32,758.689,944.121,970.545,822.563,879.039,996.947,297.689
3395,0.943055556,322.32,758.689,944.121,970.545,822.563,879.039,996.947,297.689
3396,0.943333333,322.32,758.689,944.121,970.545,822.563,879.039,996.947,297.689
3397,0.943611111,322.358,758.727,943.493,970.492,822.606,879.078,996.915,297.69
3398,0.943888889,322.358,758.727,943.493,970.492,822.606,879.078,996.915,297.69
3399,0.944166667,322.358,758.727,943.493,970.492,822.606,879.078,996.915,297.69
3400,0.944444444,322.389,758.764,942.838,970.444,822.624,879.087,996.877,297.69
3401,0.944722222,322.389,758.764,942.838,970.444,822.624,879.087,996.877,297.69
3402,0.945,322.389,758.764,942.838,970.444,822.624,879.087,996.877,297.69
3403,0.945277778,322.389,758.764,942.838,970.444,822.624,879.087,996.877,297.69
3404,0.945555556,322.404,758.803,942.491,970.394,822.645,879.09,996.826,297.683
3405,0.945833333,322.404,758.803,942.491,970.394,822.645,879.09,996.826,297.683
3406,0.946111111,322.404,758.803,942.491,970.394,822.645,879.09,996.826,297.683
3407,0.946388889,322.432,758.86,942.065,970.361,822.684,879.102,996.811,297.683
3408,0.946666667,322.432,758.86,942.065,970.361,822.684,879.102,996.811,297.683
3409,0.946944444,322.432,758.86,942.065,970.361,822.684,879.102,996.811,297.683
3410,0.947222222,322.432,758.86,942.065,970.361,822.684,879.102,996.811,297.683
3411,0.9475,322.458,758.896,942.155,970.319,822.696,879.098,996.77,297.68
3412,0.947777778,322.458,758.896,942.155,970.319,822.696,879.098,996.77,297.68
3413,0.948055556,322.458,758.896,942.155,970.319,822.696,879.098,996.77,297.68
3414,0.948333333,322.49,758.896,942.714,970.277,822.72,879.085,996.713,297.677
3415,0.948611111,322.49,758.896,942.714,970.277,822.72,879.085,996.713,297.677
3416,0.948888889,322.49,758.896,942.714,970.277,822.72,879.085,996.713,297.677
3417,0.949166667,322.49,758.896,942.714,970.277,822.72,879.085,996.713,297.677
3418,0.949444444,322.518,758.951,942.537,970.227,822.74,879.089,996.667,297.672
3419,0.949722222,322.518,758.951,942.537,970.227,822.74,879.089,996.667,297.672
3420,0.95,322.518,758.951,942.537,970.227,822.74,879.089,996.667,297.672
3421,0.950277778,322.543,759.038,942.351,970.178,822.76,879.104,996.603,297.66
3422,0.950555556,322.543,759.038,942.351,970.178,822.76,879.104,996.603,297.66
3423,0.950833333,322.543,759.038,942.351,970.178,822.76,879.104,996.603,297.66
3424,0.951111111,322.543,759.038,942.351,970.178,822.76,879.104,996.603,297.66
3425,0.951388889,322.572,759.118,942.612,970.137,822.785,879.107,996.573,297.667
3426,0.951666667,322.572,759.118,942.612,970.137,822.785,879.107,996.573,297.667
3427,0.951944444,322.572,759.118,942.612,970.137,822.785,879.107,996.573,297.667
3428,0.952222222,322.609,759.176,942.816,970.1,822.809,879.087,996.518,297.666
3429,0.9525,322.609,759.176,942.816,970.1,822.809,879.087,996.518,297.666
3430,0.952777778,322.609,759.176,942.816,970.1,822.809,879.087,996.518,297.666
3431,0.953055556,322.609,759.176,942.816,970.1,822.809,879.087,996.518,297.666
3432,0.953333333,322.637,759.214,942.738,970.061,822.832,879.125,996.477,297.675
3433,0.953611111,322.637,759.214,942.738,970.061,822.832,879.125,996.477,297.675
3434,0.953888889,322.637,759.214,942.738,970.061,822.832,879.125,996.477,297.675
3435,0.954166667,322.665,759.288,943.025,970,822.839,879.135,996.412,297.655
3436,0.954444444,322.665,759.288,943.025,970,822.839,879.135,996.412,297.655
3437,0.954722222,322.665,759.288,943.025,970,822.839,879.135,996.412,297.655
3438,0.955,322.665,759.288,943.025,970,822.839,879.135,996.412,297.655
3439,0.955277778,322.676,759.312,943.783,969.938,822.861,879.131,996.352,297.648
3440,0.955555556,322.676,759.312,943.783,969.938,822.861,879.131,996.352,297.648
3441,0.955833333,322.676,759.312,943.783,969.938,822.861,879.131,996.352,297.648
3442,0.956111111,322.704,759.315,943.931,969.875,822.851,879.113,996.256,297.632
3443,0.956388889,322.704,759.315,943.931,969.875,822.851,879.113,996.256,297.632
3444,0.956666667,322.704,759.315,943.931,969.875,822.851,879.113,996.256,297.632
3445,0.956944444,322.704,759.315,943.931,969.875,822.851,879.113,996.256,297.632
3446,0.957222222,322.749,759.373,944.218,969.847,822.892,879.115,996.186,297.654
3447,0.9575,322.749,759.373,944.218,969.847,822.892,879.115,996.186,297.654
3448,0.957777778,322.749,759.373,944.218,969.847,822.892,879.115,996.186,297.654
3449,0.958055556,322.773,759.396,944.692,969.77,822.907,879.104,996.117,297.637
3450,0.958333333,322.773,759.396,944.692,969.77,822.907,879.104,996.117,297.637
3451,0.958611111,322.773,759.396,944.692,969.77,822.907,879.104,996.117,297.637
3452,0.958888889,322.773,759.396,944.692,969.77,822.907,879.104,996.117,297.637
3453,0.959166667,322.804,759.403,945.383,969.746,822.923,879.102,996.112,297.646
3454,0.959444444,322.804,759.403,945.383,969.746,822.923,879.102,996.112,297.646
3455,0.959722222,322.804,759.403,945.383,969.746,822.923,879.102,996.112,297.646
3456,0.96,322.826,759.429,945.399,969.726,822.932,879.096,996.099,297.639
3457,0.960277778,322.826,759.429,945.399,969.726,822.932,879.096,996.099,297.639
3458,0.960555556,322.826,759.429,945.399,969.726,822.932,879.096,996.099,297.639
3459,0.960833333,322.826,759.429,945.399,969.726,822.932,879.096,996.099,297.639
3460,0.961111111,322.857,759.448,944.92,969.719,822.949,879.077,996.098,297.641
3461,0.961388889,322.857,759.448,944.92,969.719,822.949,879.077,996.098,297.641
3462,0.961666667,322.857,759.448,944.92,969.719,822.949,879.077,996.098,297.641
3463,0.961944444,322.885,759.487,945.562,969.719,822.966,879.088,996.142,297.632
3464,0.962222222,322.885,759.487,945.562,969.719,822.966,879.088,996.142,297.632
3465,0.9625,322.885,759.487,945.562,969.719,822.966,879.088,996.142,297.632
3466,0.962777778,322.885,759.487,945.562,969.719,822.966,879.088,996.142,297.632
3467,0.963055556,322.927,759.521,945.937,969.742,822.988,879.089,996.16,297.645
3468,0.963333333,322.927,759.521,945.937,969.742,822.988,879.089,996.16,297.645
3469,0.963611111,322.927,759.521,945.937,969.742,822.988,879.089,996.16,297.645
3470,0.963888889,322.951,759.582,945.997,969.751,822.998,879.102,996.218,297.642
3471,0.964166667,322.951,759.582,945.997,969.751,822.998,879.102,996.218,297.642
3472,0.964444444,322.951,759.582,945.997,969.751,822.998,879.102,996.218,297.642
3473,0.964722222,322.951,759.582,945.997,969.751,822.998,879.102,996.218,297.642
3474,0.965,322.973,759.585,945.6,969.774,822.997,879.11,996.246,297.634
3475,0.965277778,322.973,759.585,945.6,969.774,822.997,879.11,996.246,297.634
3476,0.965555556,322.973,759.585,945.6,969.774,822.997,879.11,996.246,297.634
3477,0.965833333,323,759.636,945.323,969.807,823.021,879.103,996.281,297.624
3478,0.966111111,323,759.636,945.323,969.807,823.021,879.103,996.281,297.624
3479,0.966388889,323,759.636,945.323,969.807,823.021,879.103,996.281,297.624
3480,0.966666667,323,759.636,945.323,969.807,823.021,879.103,996.281,297.624
3481,0.966944444,323.025,759.674,945.421,969.81,823.028,879.099,996.295,297.627
3482,0.967222222,323.025,759.674,945.421,969.81,823.028,879.099,996.295,297.627
3483,0.9675,323.025,759.674,945.421,969.81,823.028,879.099,996.295,297.627
3484,0.967777778,323.066,759.653,944.522,969.832,823.053,879.13,996.345,297.619
3485,0.968055556,323.066,759.653,944.522,969.832,823.053,879.13,996.345,297.619
3486,0.968333333,323.066,759.653,944.522,969.832,823.053,879.13,996.345,297.619
3487,0.968611111,323.066,759.653,944.522,969.832,823.053,879.13,996.345,297.619
3488,0.968888889,323.082,759.699,943.91,969.862,823.069,879.136,996.326,297.622
3489,0.969166667,323.082,759.699,943.91,969.862,823.069,879.136,996.326,297.622
3490,0.969444444,323.082,759.699,943.91,969.862,823.069,879.136,996.326,297.622
3491,0.969722222,323.104,759.739,943.602,969.869,823.094,879.144,996.328,297.621
3492,0.97,323.104,759.739,943.602,969.869,823.094,879.144,996.328,297.621
3493,0.970277778,323.104,759.739,943.602,969.869,823.094,879.144,996.328,297.621
3494,0.970555556,323.104,759.739,943.602,969.869,823.094,879.144,996.328,297.621
3495,0.970833333,323.147,759.736,943.478,969.857,823.125,879.182,996.332,297.631
3496,0.971111111,323.147,759.736,943.478,969.857,823.125,879.182,996.332,297.631
3497,0.971388889,323.147,759.736,943.478,969.857,823.125,879.182,996.332,297.631
3498,0.971666667,323.17,759.736,943.771,969.855,823.152,879.177,996.322,297.628
3499,0.971944444,323.17,759.736,943.771,969.855,823.152,879.177,996.322,297.628
3500,0.972222222,323.17,759.736,943.771,969.855,823.152,879.177,996.322,297.628
3501,0.9725,323.17,759.736,943.771,969.855,823.152,879.177,996.322,297.628
3502,0.972777778,323.188,759.755,943.628,969.836,823.174,879.199,996.315,297.623
3503,0.973055556,323.188,759.755,943.628,969.836,823.174,879.199,996.315,297.623
3504,0.973333333,323.188,759.755,943.628,969.836,823.174,879.199,996.315,297.623
3505,0.973611111,323.188,759.755,943.628,969.836,823.174,879.199,996.315,297.623
3506,0.973888889,323.232,759.804,943.266,969.829,823.216,879.222,996.323,297.631
3507,0.974166667,323.232,759.804,943.266,969.829,823.216,879.222,996.323,297.631
3508,0.974444444,323.232,759.804,943.266,969.829,823.216,879.222,996.323,297.631
3509,0.974722222,323.249,759.819,943.083,969.812,823.228,879.213,996.292,297.634
3510,0.975,323.249,759.819,943.083,969.812,823.228,879.213,996.292,297.634
3511,0.975277778,323.249,759.819,943.083,969.812,823.228,879.213,996.292,297.634
3512,0.975555556,323.249,759.819,943.083,969.812,823.228,879.213,996.292,297.634
3513,0.975833333,323.273,759.826,942.941,969.811,823.248,879.234,996.313,297.623
3514,0.976111111,323.273,759.826,942.941,969.811,823.248,879.234,996.313,297.623
3515,0.976388889,323.273,759.826,942.941,969.811,823.248,879.234,996.313,297.623
3516,0.976666667,323.307,759.903,942.584,969.827,823.283,879.274,996.327,297.646
3517,0.976944444,323.307,759.903,942.584,969.827,823.283,879.274,996.327,297.646
3518,0.977222222,323.307,759.903,942.584,969.827,823.283,879.274,996.327,297.646
3519,0.9775,323.307,759.903,942.584,969.827,823.283,879.274,996.327,297.646
3520,0.977777778,323.338,759.97,943.007,969.802,823.303,879.294,996.329,297.64
3521,0.978055556,323.338,759.97,943.007,969.802,823.303,879.294,996.329,297.64
3522,0.978333333,323.338,759.97,943.007,969.802,823.303,879.294,996.329,297.64
3523,0.978611111,323.365,759.993,943.329,969.8,823.333,879.321,996.319,297.639
3524,0.978888889,323.365,759.993,943.329,969.8,823.333,879.321,996.319,297.639
3525,0.979166667,323.365,759.993,943.329,969.8,823.333,879.321,996.319,297.639
3526,0.979444444,323.381,759.97,943.218,969.767,823.356,879.305,996.276,297.628
3527,0.979722222,323.381,759.97,943.218,969.767,823.356,879.305,996.276,297.628
3528,0.98,323.381,759.97,943.218,969.767,823.356,879.305,996.276,297.628
3529,0.980277778,323.381,759.97,943.218,969.767,823.356,879.305,996.276,297.628
3530,0.980555556,323.426,760.017,942.744,969.766,823.379,879.338,996.253,297.649
3531,0.980833333,323.426,760.017,942.744,969.766,823.379,879.338,996.253,297.649
3532,0.981111111,323.426,760.017,942.744,969.766,823.379,879.338,996.253,297.649
3533,0.981388889,323.446,760.067,942.88,969.734,823.397,879.361,996.196,297.645
3534,0.981666667,323.446,760.067,942.88,969.734,823.397,879.361,996.196,297.645
3535,0.981944444,323.446,760.067,942.88,969.734,823.397,879.361,996.196,297.645
3536,0.982222222,323.446,760.067,942.88,969.734,823.397,879.361,996.196,297.645
3537,0.9825,323.49,760.075,943.363,969.72,823.434,879.357,996.2,297.652
3538,0.982777778,323.49,760.075,943.363,969.72,823.434,879.357,996.2,297.652
3539,0.983055556,323.49,760.075,943.363,969.72,823.434,879.357,996.2,297.652
3540,0.983333333,323.504,760.151,943.841,969.706,823.438,879.392,996.206,297.638
3541,0.983611111,323.504,760.151,943.841,969.706,823.438,879.392,996.206,297.638
3542,0.983888889,323.504,760.151,943.841,969.706,823.438,879.392,996.206,297.638
3543,0.984166667,323.504,760.151,943.841,969.706,823.438,879.392,996.206,297.638
3544,0.984444444,323.518,760.219,944.094,969.7,823.468,879.413,996.251,297.645
3545,0.984722222,323.518,760.219,944.094,969.7,823.468,879.413,996.251,297.645
3546,0.985,323.518,760.219,944.094,969.7,823.468,879.413,996.251,297.645
3547,0.985277778,323.564,760.301,944.607,969.709,823.495,879.411,996.293,297.656
3548,0.985555556,323.564,760.301,944.607,969.709,823.495,879.411,996.293,297.656
3549,0.985833333,323.564,760.301,944.607,969.709,823.495,879.411,996.293,297.656
3550,0.986111111,323.564,760.301,944.607,969.709,823.495,879.411,996.293,297.656
3551,0.986388889,323.574,760.29,944.888,969.732,823.506,879.405,996.304,297.643
3552,0.986666667,323.574,760.29,944.888,969.732,823.506,879.405,996.304,297.643
3553,0.986944444,323.574,760.29,944.888,969.732,823.506,879.405,996.304,297.643
3554,0.987222222,323.618,760.343,944.492,969.769,823.531,879.461,996.368,297.654
3555,0.9875,323.618,760.343,944.492,969.769,823.531,879.461,996.368,297.654
3556,0.987777778,323.618,760.343,944.492,969.769,823.531,879.461,996.368,297.654
3557,0.988055556,323.618,760.343,944.492,969.769,823.531,879.461,996.368,297.654
3558,0.988333333,323.644,760.364,944.068,969.804,823.558,879.454,996.435,297.662
3559,0.988611111,323.644,760.364,944.068,969.804,823.558,879.454,996.435,297.662
3560,0.988888889,323.644,760.364,944.068,969.804,823.558,879.454,996.435,297.662
3561,0.989166667,323.683,760.369,944.039,969.847,823.596,879.453,996.461,297.665
3562,0.989444444,323.683,760.369,944.039,969.847,823.596,879.453,996.461,297.665
3563,0.989722222,323.683,760.369,944.039,969.847,823.596,879.453,996.461,297.665
3564,0.99,323.683,760.369,944.039,969.847,823.596,879.453,996.461,297.665
3565,0.990277778,323.705,760.399,944.059,969.881,823.613,879.491,996.536,297.663
3566,0.990555556,323.705,760.399,944.059,969.881,823.613,879.491,996.536,297.663
3567,0.990833333,323.705,760.399,944.059,969.881,823.613,879.491,996.536,297.663
3568,0.991111111,323.726,760.465,943.962,969.93,823.648,879.489,996.588,297.666
3569,0.991388889,323.726,760.465,943.962,969.93,823.648,879.489,996.588,297.666
3570,0.991666667,323.726,760.465,943.962,969.93,823.648,879.489,996.588,297.666
3571,0.991944444,323.726,760.465,943.962,969.93,823.648,879.489,996.588,297.666
3572,0.992222222,323.76,760.509,944.631,969.977,823.676,879.534,996.67,297.675
3573,0.9925,323.76,760.509,944.631,969.977,823.676,879.534,996.67,297.675
3574,0.992777778,323.76,760.509,944.631,969.977,823.676,879.534,996.67,297.675
3575,0.993055556,323.799,760.548,944.553,970.04,823.698,879.581,996.753,297.684
3576,0.993333333,323.799,760.548,944.553,970.04,823.698,879.581,996.753,297.684
3577,0.993611111,323.799,760.548,944.553,970.04,823.698,879.581,996.753,297.684
3578,0.993888889,323.799,760.548,944.553,970.04,823.698,879.581,996.753,297.684
3579,0.994166667,323.814,760.545,944.293,970.077,823.744,879.584,996.821,297.682
3580,0.994444444,323.814,760.545,944.293,970.077,823.744,879.584,996.821,297.682
3581,0.994722222,323.814,760.545,944.293,970.077,823.744,879.584,996.821,297.682
3582,0.995,323.857,760.602,944.149,970.144,823.78,879.628,996.866,297.695
3583,0.995277778,323.857,760.602,944.149,970.144,823.78,879.628,996.866,297.695
3584,0.995555556,323.857,760.602,944.149,970.144,823.78,879.628,996.866,297.695
3585,0.995833333,323.857,760.602,944.149,970.144,823.78,879.628,996.866,297.695
3586,0.996111111,323.873,760.671,944.355,970.179,823.806,879.697,996.949,297.692
3587,0.996388889,323.873,760.671,944.355,970.179,823.806,879.697,996.949,297.692
3588,0.996666667,323.873,760.671,944.355,970.179,823.806,879.697,996.949,297.692
3589,0.996944444,323.904,760.733,945.061,970.229,823.857,879.701,996.965,297.694
3590,0.997222222,323.904,760.733,945.061,970.229,823.857,879.701,996.965,297.694
3591,0.9975,323.904,760.733,945.061,970.229,823.857,879.701,996.965,297.694
3592,0.997777778,323.904,760.733,945.061,970.229,823.857,879.701,996.965,297.694
3593,0.998055556,323.928,760.759,944.972,970.264,823.885,879.771,997.059,297.703
3594,0.998333333,323.928,760.759,944.972,970.264,823.885,879.771,997.059,297.703
3595,0.998611111,323.928,760.759,944.972,970.264,823.885,879.771,997.059,297.703
3596,0.998888889,323.949,760.804,944.988,970.303,823.919,879.773,997.063,297.703
3597,0.999166667,323.949,760.804,944.988,970.303,823.919,879.773,997.063,297.703
3598,0.999444444,323.949,760.804,944.988,970.303,823.919,879.773,997.063,297.703
3599,0.999722222,323.949,760.804,944.988,970.303,823.919,879.773,997.063,297.703
3600,1,323.986,760.792,944.839,970.349,823.967,879.794,997.088,297.713
3601,1.000277778,323.986,760.792,944.839,970.349,823.967,879.794,997.088,297.713
3602,1.000555556,323.986,760.792,944.839,970.349,823.967,879.794,997.088,297.713
3603,1.000833333,324.005,760.849,944.433,970.372,823.998,879.847,997.118,297.701
3604,1.001111111,324.005,760.849,944.433,970.372,823.998,879.847,997.118,297.701
3605,1.001388889,324.005,760.849,944.433,970.372,823.998,879.847,997.118,297.701
3606,1.001666667,324.005,760.849,944.433,970.372,823.998,879.847,997.118,297.701
3607,1.001944444,324.044,760.907,944.593,970.428,824.055,879.891,997.16,297.717
3608,1.002222222,324.044,760.907,944.593,970.428,824.055,879.891,997.16,297.717
3609,1.0025,324.044,760.907,944.593,970.428,824.055,879.891,997.16,297.717
3610,1.002777778,324.07,760.903,944.224,970.444,824.095,879.899,997.212,297.72
3611,1.003055556,324.07,760.903,944.224,970.444,824.095,879.899,997.212,297.72
3612,1.003333333,324.07,760.903,944.224,970.444,824.095,879.899,997.212,297.72
3613,1.003611111,324.07,760.903,944.224,970.444,824.095,879.899,997.212,297.72
3614,1.003888889,324.105,760.921,944.14,970.471,824.132,879.969,997.243,297.717
3615,1.004166667,324.105,760.921,944.14,970.471,824.132,879.969,997.243,297.717
3616,1.004444444,324.105,760.921,944.14,970.471,824.132,879.969,997.243,297.717
3617,1.004722222,324.128,760.986,944.301,970.499,824.181,880.012,997.266,297.723
3618,1.005,324.128,760.986,944.301,970.499,824.181,880.012,997.266,297.723
3619,1.005277778,324.128,760.986,944.301,970.499,824.181,880.012,997.266,297.723
3620,1.005555556,324.128,760.986,944.301,970.499,824.181,880.012,997.266,297.723
3621,1.005833333,324.152,761.05,944.415,970.54,824.228,880.027,997.295,297.735
3622,1.006111111,324.152,761.05,944.415,970.54,824.228,880.027,997.295,297.735
3623,1.006388889,324.152,761.05,944.415,970.54,824.228,880.027,997.295,297.735
3624,1.006666667,324.177,761.077,944.568,970.562,824.244,880.052,997.305,297.732
3625,1.006944444,324.177,761.077,944.568,970.562,824.244,880.052,997.305,297.732
3626,1.007222222,324.177,761.077,944.568,970.562,824.244,880.052,997.305,297.732
3627,1.0075,324.177,761.077,944.568,970.562,824.244,880.052,997.305,297.732
3628,1.007777778,324.195,761.137,944.011,970.582,824.301,880.122,997.348,297.727
3629,1.008055556,324.195,761.137,944.011,970.582,824.301,880.122,997.348,297.727
3630,1.008333333,324.195,761.137,944.011,970.582,824.301,880.122,997.348,297.727
3631,1.008611111,324.23,761.212,944.033,970.618,824.342,880.153,997.38,297.74
3632,1.008888889,324.23,761.212,944.033,970.618,824.342,880.153,997.38,297.74
3633,1.009166667,324.23,761.212,944.033,970.618,824.342,880.153,997.38,297.74
3634,1.009444444,324.23,761.212,944.033,970.618,824.342,880.153,997.38,297.74
3635,1.009722222,324.263,761.215,944.221,970.646,824.382,880.175,997.444,297.747
3636,1.01,324.263,761.215,944.221,970.646,824.382,880.175,997.444,297.747
3637,1.010277778,324.263,761.215,944.221,970.646,824.382,880.175,997.444,297.747
3638,1.010555556,324.284,761.27,944.269,970.68,824.426,880.273,997.464,297.745
3639,1.010833333,324.284,761.27,944.269,970.68,824.426,880.273,997.464,297.745
3640,1.011111111,324.284,761.27,944.269,970.68,824.426,880.273,997.464,297.745
3641,1.011388889,324.32,761.29,944.162,970.694,824.472,880.263,997.462,297.754
3642,1.011666667,324.32,761.29,944.162,970.694,824.472,880.263,997.462,297.754
3643,1.011944444,324.32,761.29,944.162,970.694,824.472,880.263,997.462,297.754
3644,1.012222222,324.32,761.29,944.162,970.694,824.472,880.263,997.462,297.754
3645,1.0125,324.349,761.392,943.882,970.72,824.501,880.31,997.469,297.757
3646,1.012777778,324.349,761.392,943.882,970.72,824.501,880.31,997.469,297.757
3647,1.013055556,324.349,761.392,943.882,970.72,824.501,880.31,997.469,297.757
3648,1.013333333,324.371,761.45,943.791,970.731,824.55,880.332,997.481,297.758
3649,1.013611111,324.371,761.45,943.791,970.731,824.55,880.332,997.481,297.758
3650,1.013888889,324.371,761.45,943.791,970.731,824.55,880.332,997.481,297.758
3651,1.014166667,324.371,761.45,943.791,970.731,824.55,880.332,997.481,297.758
3652,1.014444444,324.408,761.452,943.909,970.735,824.595,880.376,997.47,297.765
3653,1.014722222,324.408,761.452,943.909,970.735,824.595,880.376,997.47,297.765
3654,1.015,324.408,761.452,943.909,970.735,824.595,880.376,997.47,297.765
3655,1.015277778,324.433,761.499,944.139,970.75,824.644,880.419,997.492,297.777
3656,1.015555556,324.433,761.499,944.139,970.75,824.644,880.419,997.492,297.777
3657,1.015833333,324.433,761.499,944.139,970.75,824.644,880.419,997.492,297.777
3658,1.016111111,324.433,761.499,944.139,970.75,824.644,880.419,997.492,297.777
3659,1.016388889,324.458,761.567,944.76,970.755,824.683,880.45,997.509,297.778
3660,1.016666667,324.458,761.567,944.76,970.755,824.683,880.45,997.509,297.778
3661,1.016944444,324.458,761.567,944.76,970.755,824.683,880.45,997.509,297.778
3662,1.017222222,324.485,761.629,945.407,970.763,824.714,880.498,997.528,297.777
3663,1.0175,324.485,761.629,945.407,970.763,824.714,880.498,997.528,297.777
3664,1.017777778,324.485,761.629,945.407,970.763,824.714,880.498,997.528,297.777
3665,1.018055556,324.485,761.629,945.407,970.763,824.714,880.498,997.528,297.777
3666,1.018333333,324.512,761.709,945.572,970.785,824.741,880.549,997.574,297.781
3667,1.018611111,324.512,761.709,945.572,970.785,824.741,880.549,997.574,297.781
3668,1.018888889,324.512,761.709,945.572,970.785,824.741,880.549,997.574,297.781
3669,1.019166667,324.531,761.741,945.378,970.797,824.787,880.561,997.571,297.783
3670,1.019444444,324.531,761.741,945.378,970.797,824.787,880.561,997.571,297.783
3671,1.019722222,324.531,761.741,945.378,970.797,824.787,880.561,997.571,297.783
3672,1.02,324.531,761.741,945.378,970.797,824.787,880.561,997.571,297.783
3673,1.020277778,324.562,761.781,944.816,970.807,824.818,880.607,997.532,297.783
3674,1.020555556,324.562,761.781,944.816,970.807,824.818,880.607,997.532,297.783
3675,1.020833333,324.562,761.781,944.816,970.807,824.818,880.607,997.532,297.783
3676,1.021111111,324.598,761.861,944.733,970.815,824.873,880.645,997.496,297.798
3677,1.021388889,324.598,761.861,944.733,970.815,824.873,880.645,997.496,297.798
3678,1.021666667,324.598,761.861,944.733,970.815,824.873,880.645,997.496,297.798
3679,1.021944444,324.598,761.861,944.733,970.815,824.873,880.645,997.496,297.798
3680,1.022222222,324.624,761.915,944.855,970.814,824.904,880.686,997.459,297.801
3681,1.0225,324.624,761.915,944.855,970.814,824.904,880.686,997.459,297.801
3682,1.022777778,324.624,761.915,944.855,970.814,824.904,880.686,997.459,297.801
3683,1.023055556,324.652,761.984,945.147,970.785,824.947,880.715,997.364,297.809
3684,1.023333333,324.652,761.984,945.147,970.785,824.947,880.715,997.364,297.809
3685,1.023611111,324.652,761.984,945.147,970.785,824.947,880.715,997.364,297.809
3686,1.023888889,324.652,761.984,945.147,970.785,824.947,880.715,997.364,297.809
3687,1.024166667,324.674,762.001,945.323,970.717,824.967,880.736,997.277,297.791
3688,1.024444444,324.674,762.001,945.323,970.717,824.967,880.736,997.277,297.791
3689,1.024722222,324.674,762.001,945.323,970.717,824.967,880.736,997.277,297.791
3690,1.025,324.716,762.07,945.109,970.684,825.032,880.791,997.206,297.81
3691,1.025277778,324.716,762.07,945.109,970.684,825.032,880.791,997.206,297.81
3692,1.025555556,324.716,762.07,945.109,970.684,825.032,880.791,997.206,297.81
3693,1.025833333,324.716,762.07,945.109,970.684,825.032,880.791,997.206,297.81
3694,1.026111111,324.729,762.123,944.73,970.609,825.052,880.809,997.082,297.802
3695,1.026388889,324.729,762.123,944.73,970.609,825.052,880.809,997.082,297.802
3696,1.026666667,324.729,762.123,944.73,970.609,825.052,880.809,997.082,297.802
3697,1.026944444,324.766,762.155,944.542,970.539,825.101,880.832,996.97,297.818
3698,1.027222222,324.766,762.155,944.542,970.539,825.101,880.832,996.97,297.818
3699,1.0275,324.766,762.155,944.542,970.539,825.101,880.832,996.97,297.818
3700,1.027777778,324.766,762.155,944.542,970.539,825.101,880.832,996.97,297.818
3701,1.028055556,324.793,762.206,944.889,970.454,825.123,880.842,996.842,297.819
3702,1.028333333,324.793,762.206,944.889,970.454,825.123,880.842,996.842,297.819
3703,1.028611111,324.793,762.206,944.889,970.454,825.123,880.842,996.842,297.819
3704,1.028888889,324.821,762.256,945.42,970.349,825.146,880.823,996.675,297.819
3705,1.029166667,324.821,762.256,945.42,970.349,825.146,880.823,996.675,297.819
3706,1.029444444,324.821,762.256,945.42,970.349,825.146,880.823,996.675,297.819
3707,1.029722222,324.821,762.256,945.42,970.349,825.146,880.823,996.675,297.819
3708,1.03,324.838,762.289,944.996,970.249,825.177,880.846,996.551,297.811
3709,1.030277778,324.838,762.289,944.996,970.249,825.177,880.846,996.551,297.811
3710,1.030555556,324.838,762.289,944.996,970.249,825.177,880.846,996.551,297.811
3711,1.030833333,324.865,762.355,944.899,970.156,825.196,880.863,996.482,297.816
3712,1.031111111,324.865,762.355,944.899,970.156,825.196,880.863,996.482,297.816
3713,1.031388889,324.865,762.355,944.899,970.156,825.196,880.863,996.482,297.816
3714,1.031666667,324.865,762.355,944.899,970.156,825.196,880.863,996.482,297.816
3715,1.031944444,324.898,762.383,944.871,970.077,825.22,880.863,996.372,297.821
3716,1.032222222,324.898,762.383,944.871,970.077,825.22,880.863,996.372,297.821
3717,1.0325,324.898,762.383,944.871,970.077,825.22,880.863,996.372,297.821
3718,1.032777778,324.92,762.407,944.632,969.987,825.242,880.866,996.274,297.825
3719,1.033055556,324.92,762.407,944.632,969.987,825.242,880.866,996.274,297.825
3720,1.033333333,324.92,762.407,944.632,969.987,825.242,880.866,996.274,297.825
3721,1.033611111,324.92,762.407,944.632,969.987,825.242,880.866,996.274,297.825
3722,1.033888889,324.945,762.46,944.905,969.901,825.249,880.867,996.187,297.823
3723,1.034166667,324.945,762.46,944.905,969.901,825.249,880.867,996.187,297.823
3724,1.034444444,324.945,762.46,944.905,969.901,825.249,880.867,996.187,297.823
3725,1.034722222,324.982,762.514,945.395,969.822,825.269,880.852,996.116,297.819
3726,1.035,324.982,762.514,945.395,969.822,825.269,880.852,996.116,297.819
3727,1.035277778,324.982,762.514,945.395,969.822,825.269,880.852,996.116,297.819
3728,1.035555556,324.982,762.514,945.395,969.822,825.269,880.852,996.116,297.819
3729,1.035833333,324.996,762.523,945.057,969.736,825.263,880.798,996.013,297.829
3730,1.036111111,324.996,762.523,945.057,969.736,825.263,880.798,996.013,297.829
3731,1.036388889,324.996,762.523,945.057,969.736,825.263,880.798,996.013,297.829
3732,1.036666667,325.022,762.555,944.841,969.666,825.281,880.801,995.916,297.829
3733,1.036944444,325.022,762.555,944.841,969.666,825.281,880.801,995.916,297.829
3734,1.037222222,325.022,762.555,944.841,969.666,825.281,880.801,995.916,297.829
3735,1.0375,325.022,762.555,944.841,969.666,825.281,880.801,995.916,297.829
3736,1.037777778,325.056,762.597,944.514,969.598,825.293,880.787,995.841,297.828
3737,1.038055556,325.056,762.597,944.514,969.598,825.293,880.787,995.841,297.828
3738,1.038333333,325.056,762.597,944.514,969.598,825.293,880.787,995.841,297.828
3739,1.038611111,325.085,762.604,944.27,969.532,825.3,880.761,995.754,297.835
3740,1.038888889,325.085,762.604,944.27,969.532,825.3,880.761,995.754,297.835
3741,1.039166667,325.085,762.604,944.27,969.532,825.3,880.761,995.754,297.835
3742,1.039444444,325.085,762.604,944.27,969.532,825.3,880.761,995.754,297.835
3743,1.039722222,325.103,762.646,944.25,969.461,825.298,880.774,995.719,297.844
3744,1.04,325.103,762.646,944.25,969.461,825.298,880.774,995.719,297.844
3745,1.040277778,325.103,762.646,944.25,969.461,825.298,880.774,995.719,297.844
3746,1.040555556,325.139,762.665,943.7,969.385,825.306,880.72,995.654,297.839
3747,1.040833333,325.139,762.665,943.7,969.385,825.306,880.72,995.654,297.839
3748,1.041111111,325.139,762.665,943.7,969.385,825.306,880.72,995.654,297.839
3749,1.041388889,325.139,762.665,943.7,969.385,825.306,880.72,995.654,297.839
3750,1.041666667,325.172,762.687,943.56,969.344,825.312,880.688,995.617,297.84
3751,1.041944444,325.172,762.687,943.56,969.344,825.312,880.688,995.617,297.84
3752,1.042222222,325.172,762.687,943.56,969.344,825.312,880.688,995.617,297.84
3753,1.0425,325.193,762.704,943.896,969.3,825.303,880.664,995.566,297.846
3754,1.042777778,325.193,762.704,943.896,969.3,825.303,880.664,995.566,297.846
3755,1.043055556,325.193,762.704,943.896,969.3,825.303,880.664,995.566,297.846
3756,1.043333333,325.193,762.704,943.896,969.3,825.303,880.664,995.566,297.846
3757,1.043611111,325.21,762.718,944.286,969.245,825.301,880.656,995.532,297.85
3758,1.043888889,325.21,762.718,944.286,969.245,825.301,880.656,995.532,297.85
3759,1.044166667,325.21,762.718,944.286,969.245,825.301,880.656,995.532,297.85
3760,1.044444444,325.236,762.739,944.375,969.197,825.299,880.629,995.534,297.843
3761,1.044722222,325.236,762.739,944.375,969.197,825.299,880.629,995.534,297.843
3762,1.045,325.236,762.739,944.375,969.197,825.299,880.629,995.534,297.843
3763,1.045277778,325.236,762.739,944.375,969.197,825.299,880.629,995.534,297.843
3764,1.045555556,325.271,762.74,944.757,969.172,825.304,880.611,995.538,297.849
3765,1.045833333,325.271,762.74,944.757,969.172,825.304,880.611,995.538,297.849
3766,1.046111111,325.271,762.74,944.757,969.172,825.304,880.611,995.538,297.849
3767,1.046388889,325.294,762.764,945.02,969.158,825.308,880.614,995.544,297.852
3768,1.046666667,325.294,762.764,945.02,969.158,825.308,880.614,995.544,297.852
3769,1.046944444,325.294,762.764,945.02,969.158,825.308,880.614,995.544,297.852
3770,1.047222222,325.294,762.764,945.02,969.158,825.308,880.614,995.544,297.852
3771,1.0475,325.314,762.783,944.749,969.152,825.299,880.567,995.539,297.843
3772,1.047777778,325.314,762.783,944.749,969.152,825.299,880.567,995.539,297.843
3773,1.048055556,325.314,762.783,944.749,969.152,825.299,880.567,995.539,297.843
3774,1.048333333,325.342,762.803,944.47,969.152,825.307,880.557,995.58,297.855
3775,1.048611111,325.342,762.803,944.47,969.152,825.307,880.557,995.58,297.855
3776,1.048888889,325.342,762.803,944.47,969.152,825.307,880.557,995.58,297.855
3777,1.049166667,325.342,762.803,944.47,969.152,825.307,880.557,995.58,297.855
3778,1.049444444,325.371,762.841,944.758,969.179,825.307,880.571,995.634,297.858
3779,1.049722222,325.371,762.841,944.758,969.179,825.307,880.571,995.634,297.858
3780,1.05,325.371,762.841,944.758,969.179,825.307,880.571,995.634,297.858
3781,1.050277778,325.398,762.867,945.258,969.194,825.311,880.544,995.667,297.864
3782,1.050555556,325.398,762.867,945.258,969.194,825.311,880.544,995.667,297.864
3783,1.050833333,325.398,762.867,945.258,969.194,825.311,880.544,995.667,297.864
3784,1.051111111,325.412,762.898,945.04,969.206,825.309,880.545,995.679,297.864
3785,1.051388889,325.412,762.898,945.04,969.206,825.309,880.545,995.679,297.864
3786,1.051666667,325.412,762.898,945.04,969.206,825.309,880.545,995.679,297.864
3787,1.051944444,325.412,762.898,945.04,969.206,825.309,880.545,995.679,297.864
3788,1.052222222,325.448,762.927,944.468,969.224,825.327,880.539,995.699,297.87
3789,1.0525,325.448,762.927,944.468,969.224,825.327,880.539,995.699,297.87
3790,1.052777778,325.448,762.927,944.468,969.224,825.327,880.539,995.699,297.87
3791,1.053055556,325.485,762.974,944.406,969.24,825.342,880.553,995.722,297.879
3792,1.053333333,325.485,762.974,944.406,969.24,825.342,880.553,995.722,297.879
3793,1.053611111,325.485,762.974,944.406,969.24,825.342,880.553,995.722,297.879
3794,1.053888889,325.485,762.974,944.406,969.24,825.342,880.553,995.722,297.879
3795,1.054166667,325.499,762.999,944.39,969.246,825.345,880.545,995.708,297.867
3796,1.054444444,325.499,762.999,944.39,969.246,825.345,880.545,995.708,297.867
3797,1.054722222,325.499,762.999,944.39,969.246,825.345,880.545,995.708,297.867
3798,1.055,325.522,763.005,944.32,969.244,825.357,880.508,995.655,297.865
3799,1.055277778,325.522,763.005,944.32,969.244,825.357,880.508,995.655,297.865
3800,1.055555556,325.522,763.005,944.32,969.244,825.357,880.508,995.655,297.865
3801,1.055833333,325.522,763.005,944.32,969.244,825.357,880.508,995.655,297.865
3802,1.056111111,325.551,763.025,944.054,969.236,825.378,880.559,995.642,297.877
3803,1.056388889,325.551,763.025,944.054,969.236,825.378,880.559,995.642,297.877
3804,1.056666667,325.551,763.025,944.054,969.236,825.378,880.559,995.642,297.877
3805,1.056944444,325.551,763.025,944.054,969.236,825.378,880.559,995.642,297.877
3806,1.057222222,325.583,763.069,943.534,969.209,825.393,880.588,995.611,297.88
3807,1.0575,325.583,763.069,943.534,969.209,825.393,880.588,995.611,297.88
3808,1.057777778,325.583,763.069,943.534,969.209,825.393,880.588,995.611,297.88
3809,1.058055556,325.601,763.064,943.396,969.168,825.404,880.59,995.54,297.883
3810,1.058333333,325.601,763.064,943.396,969.168,825.404,880.59,995.54,297.883
3811,1.058611111,325.601,763.064,943.396,969.168,825.404,880.59,995.54,297.883
3812,1.058888889,325.633,763.095,942.716,969.135,825.441,880.582,995.488,297.886
3813,1.059166667,325.633,763.095,942.716,969.135,825.441,880.582,995.488,297.886
3814,1.059444444,325.633,763.095,942.716,969.135,825.441,880.582,995.488,297.886
3815,1.059722222,325.633,763.095,942.716,969.135,825.441,880.582,995.488,297.886
3816,1.06,325.654,763.177,942.328,969.094,825.454,880.608,995.421,297.88
3817,1.060277778,325.654,763.177,942.328,969.094,825.454,880.608,995.421,297.88
3818,1.060555556,325.654,763.177,942.328,969.094,825.454,880.608,995.421,297.88
3819,1.060833333,325.693,763.279,941.161,969.059,825.486,880.651,995.403,297.897
3820,1.061111111,325.693,763.279,941.161,969.059,825.486,880.651,995.403,297.897
3821,1.061388889,325.693,763.279,941.161,969.059,825.486,880.651,995.403,297.897
3822,1.061666667,325.693,763.279,941.161,969.059,825.486,880.651,995.403,297.897
3823,1.061944444,325.711,763.32,940.763,969.005,825.501,880.685,995.339,297.902
3824,1.062222222,325.711,763.32,940.763,969.005,825.501,880.685,995.339,297.902
3825,1.0625,325.711,763.32,940.763,969.005,825.501,880.685,995.339,297.902
3826,1.062777778,325.727,763.343,941.27,968.91,825.51,880.66,995.195,297.888
3827,1.063055556,325.727,763.343,941.27,968.91,825.51,880.66,995.195,297.888
3828,1.063333333,325.727,763.343,941.27,968.91,825.51,880.66,995.195,297.888
3829,1.063611111,325.727,763.343,941.27,968.91,825.51,880.66,995.195,297.888
3830,1.063888889,325.753,763.371,941.571,968.818,825.533,880.68,995.019,297.901
3831,1.064166667,325.753,763.371,941.571,968.818,825.533,880.68,995.019,297.901
3832,1.064444444,325.753,763.371,941.571,968.818,825.533,880.68,995.019,297.901
3833,1.064722222,325.779,763.402,941.248,968.688,825.544,880.677,994.82,297.901
3834,1.065,325.779,763.402,941.248,968.688,825.544,880.677,994.82,297.901
3835,1.065277778,325.779,763.402,941.248,968.688,825.544,880.677,994.82,297.901
3836,1.065555556,325.779,763.402,941.248,968.688,825.544,880.677,994.82,297.901
3837,1.065833333,325.802,763.422,940.796,968.549,825.559,880.652,994.608,297.895
3838,1.066111111,325.802,763.422,940.796,968.549,825.559,880.652,994.608,297.895
3839,1.066388889,325.802,763.422,940.796,968.549,825.559,880.652,994.608,297.895
3840,1.066666667,325.83,763.445,940.654,968.389,825.581,880.676,994.422,297.918
3841,1.066944444,325.83,763.445,940.654,968.389,825.581,880.676,994.422,297.918
3842,1.067222222,325.83,763.445,940.654,968.389,825.581,880.676,994.422,297.918
3843,1.0675,325.83,763.445,940.654,968.389,825.581,880.676,994.422,297.918
3844,1.067777778,325.85,763.46,940.872,968.236,825.584,880.625,994.209,297.905
3845,1.068055556,325.85,763.46,940.872,968.236,825.584,880.625,994.209,297.905
3846,1.068333333,325.85,763.46,940.872,968.236,825.584,880.625,994.209,297.905
3847,1.068611111,325.881,763.524,940.545,968.088,825.591,880.642,994.08,297.905
3848,1.068888889,325.881,763.524,940.545,968.088,825.591,880.642,994.08,297.905
3849,1.069166667,325.881,763.524,940.545,968.088,825.591,880.642,994.08,297.905
3850,1.069444444,325.881,763.524,940.545,968.088,825.591,880.642,994.08,297.905
3851,1.069722222,325.905,763.586,940.373,967.941,825.592,880.617,993.942,297.914
3852,1.07,325.905,763.586,940.373,967.941,825.592,880.617,993.942,297.914
3853,1.070277778,325.905,763.586,940.373,967.941,825.592,880.617,993.942,297.914
3854,1.070555556,325.927,763.608,940.162,967.809,825.578,880.579,993.804,297.909
3855,1.070833333,325.927,763.608,940.162,967.809,825.578,880.579,993.804,297.909
3856,1.071111111,325.927,763.608,940.162,967.809,825.578,880.579,993.804,297.909
3857,1.071388889,325.927,763.608,940.162,967.809,825.578,880.579,993.804,297.909
3858,1.071666667,325.951,763.624,940.407,967.682,825.584,880.545,993.673,297.91
3859,1.071944444,325.951,763.624,940.407,967.682,825.584,880.545,993.673,297.91
3860,1.072222222,325.951,763.624,940.407,967.682,825.584,880.545,993.673,297.91
3861,1.0725,325.986,763.644,940.005,967.567,825.566,880.511,993.551,297.916
3862,1.072777778,325.986,763.644,940.005,967.567,825.566,880.511,993.551,297.916
3863,1.073055556,325.986,763.644,940.005,967.567,825.566,880.511,993.551,297.916
3864,1.073333333,325.986,763.644,940.005,967.567,825.566,880.511,993.551,297.916
3865,1.073611111,326.006,763.67,939.682,967.45,825.563,880.461,993.414,297.921
3866,1.073888889,326.006,763.67,939.682,967.45,825.563,880.461,993.414,297.921
3867,1.074166667,326.006,763.67,939.682,967.45,825.563,880.461,993.414,297.921
3868,1.074444444,326.033,763.706,940.199,967.331,825.547,880.412,993.282,297.923
3869,1.074722222,326.033,763.706,940.199,967.331,825.547,880.412,993.282,297.923
3870,1.075,326.033,763.706,940.199,967.331,825.547,880.412,993.282,297.923
3871,1.075277778,326.033,763.706,940.199,967.331,825.547,880.412,993.282,297.923
3872,1.075555556,326.052,763.745,940.859,967.213,825.522,880.372,993.17,297.916
3873,1.075833333,326.052,763.745,940.859,967.213,825.522,880.372,993.17,297.916
3874,1.076111111,326.052,763.745,940.859,967.213,825.522,880.372,993.17,297.916
3875,1.076388889,326.071,763.675,940.237,967.102,825.496,880.301,993.065,297.914
3876,1.076666667,326.071,763.675,940.237,967.102,825.496,880.301,993.065,297.914
3877,1.076944444,326.071,763.675,940.237,967.102,825.496,880.301,993.065,297.914
3878,1.077222222,326.071,763.675,940.237,967.102,825.496,880.301,993.065,297.914
3879,1.0775,326.103,763.609,939.917,966.992,825.485,880.261,992.94,297.911
3880,1.077777778,326.103,763.609,939.917,966.992,825.485,880.261,992.94,297.911
3881,1.078055556,326.103,763.609,939.917,966.992,825.485,880.261,992.94,297.911
3882,1.078333333,326.112,763.636,939.894,966.898,825.46,880.207,992.852,297.913
3883,1.078611111,326.112,763.636,939.894,966.898,825.46,880.207,992.852,297.913
3884,1.078888889,326.112,763.636,939.894,966.898,825.46,880.207,992.852,297.913
3885,1.079166667,326.112,763.636,939.894,966.898,825.46,880.207,992.852,297.913
3886,1.079444444,326.147,763.681,939.942,966.81,825.447,880.149,992.82,297.909
3887,1.079722222,326.147,763.681,939.942,966.81,825.447,880.149,992.82,297.909
3888,1.08,326.147,763.681,939.942,966.81,825.447,880.149,992.82,297.909
3889,1.080277778,326.177,763.671,940.108,966.748,825.41,880.101,992.806,297.909
3890,1.080555556,326.177,763.671,940.108,966.748,825.41,880.101,992.806,297.909
3891,1.080833333,326.177,763.671,940.108,966.748,825.41,880.101,992.806,297.909
3892,1.081111111,326.177,763.671,940.108,966.748,825.41,880.101,992.806,297.909
3893,1.081388889,326.197,763.634,939.886,966.719,825.39,880.025,992.834,297.915
3894,1.081666667,326.197,763.634,939.886,966.719,825.39,880.025,992.834,297.915
3895,1.081944444,326.197,763.634,939.886,966.719,825.39,880.025,992.834,297.915
3896,1.082222222,326.228,763.672,939.578,966.713,825.374,880.023,992.896,297.92
3897,1.0825,326.228,763.672,939.578,966.713,825.374,880.023,992.896,297.92
3898,1.082777778,326.228,763.672,939.578,966.713,825.374,880.023,992.896,297.92
3899,1.083055556,326.228,763.672,939.578,966.713,825.374,880.023,992.896,297.92
3900,1.083333333,326.238,763.718,939.569,966.722,825.341,879.994,992.978,297.911
3901,1.083611111,326.238,763.718,939.569,966.722,825.341,879.994,992.978,297.911
3902,1.083888889,326.238,763.718,939.569,966.722,825.341,879.994,992.978,297.911
3903,1.084166667,326.261,763.76,939.488,966.736,825.317,879.939,993.037,297.92
3904,1.084444444,326.261,763.76,939.488,966.736,825.317,879.939,993.037,297.92
3905,1.084722222,326.261,763.76,939.488,966.736,825.317,879.939,993.037,297.92
3906,1.085,326.261,763.76,939.488,966.736,825.317,879.939,993.037,297.92
3907,1.085277778,326.289,763.757,938.869,966.77,825.297,879.918,993.09,297.899
3908,1.085555556,326.289,763.757,938.869,966.77,825.297,879.918,993.09,297.899
3909,1.085833333,326.289,763.757,938.869,966.77,825.297,879.918,993.09,297.899
3910,1.086111111,326.309,763.758,938.684,966.806,825.284,879.877,993.112,297.918
3911,1.086388889,326.309,763.758,938.684,966.806,825.284,879.877,993.112,297.918
3912,1.086666667,326.309,763.758,938.684,966.806,825.284,879.877,993.112,297.918
3913,1.086944444,326.309,763.758,938.684,966.806,825.284,879.877,993.112,297.918
3914,1.087222222,326.335,763.834,939.529,966.81,825.271,879.87,993.137,297.917
3915,1.0875,326.335,763.834,939.529,966.81,825.271,879.87,993.137,297.917
3916,1.087777778,326.335,763.834,939.529,966.81,825.271,879.87,993.137,297.917
3917,1.088055556,326.363,763.844,939.363,966.804,825.251,879.848,993.096,297.903
3918,1.088333333,326.363,763.844,939.363,966.804,825.251,879.848,993.096,297.903
3919,1.088611111,326.363,763.844,939.363,966.804,825.251,879.848,993.096,297.903
3920,1.088888889,326.363,763.844,939.363,966.804,825.251,879.848,993.096,297.903
3921,1.089166667,326.377,763.842,939.227,966.799,825.25,879.817,993.071,297.904
3922,1.089444444,326.377,763.842,939.227,966.799,825.25,879.817,993.071,297.904
3923,1.089722222,326.377,763.842,939.227,966.799,825.25,879.817,993.071,297.904
3924,1.09,326.412,763.859,939.395,966.791,825.25,879.841,993.072,297.92
3925,1.090277778,326.412,763.859,939.395,966.791,825.25,879.841,993.072,297.92
3926,1.090555556,326.412,763.859,939.395,966.791,825.25,879.841,993.072,297.92
3927,1.090833333,326.412,763.859,939.395,966.791,825.25,879.841,993.072,297.92
3928,1.091111111,326.437,763.414,931.628,966.666,824.995,878.055,991.103,297.912
3929,1.091388889,326.437,763.414,931.628,966.666,824.995,878.055,991.103,297.912
