time,hour,T1,T2,T3,T4,T5,T6,T7,T8,T9,T10,T11,T12,T13,T14,T15,T16
0,0,293.319,293.464,293.688,293.512,291.527,298.347,298.114,294.839,293.607,293.67,293.493,293.585,293.515,293.293,293.508,293.381
1,0.000277778,293.304,293.446,293.663,293.503,291.514,298.351,298.11,294.844,293.59,293.664,293.489,293.578,293.503,293.285,293.509,293.372
2,0.000555556,293.304,293.446,293.663,293.503,291.514,298.351,298.11,294.844,293.59,293.664,293.489,293.578,293.503,293.285,293.509,293.372
3,0.000833333,293.304,293.446,293.663,293.503,291.514,298.351,298.11,294.844,293.59,293.664,293.489,293.578,293.503,293.285,293.509,293.372
4,0.001111111,293.304,293.446,293.663,293.503,291.514,298.351,298.11,294.844,293.59,293.664,293.489,293.578,293.503,293.285,293.509,293.372
5,0.001388889,293.317,293.466,293.674,293.523,291.511,298.385,298.139,294.853,293.59,293.652,293.491,293.576,293.501,293.283,293.513,293.385
6,0.001666667,293.317,293.466,293.674,293.523,291.511,298.385,298.139,294.853,293.59,293.652,293.491,293.576,293.501,293.283,293.513,293.385
7,0.001944444,293.317,293.466,293.674,293.523,291.511,298.385,298.139,294.853,293.59,293.652,293.491,293.576,293.501,293.283,293.513,293.385
8,0.002222222,293.318,293.472,293.673,293.521,291.514,298.415,298.164,294.851,293.583,293.649,293.486,293.571,293.492,293.286,293.503,293.373
9,0.0025,293.318,293.472,293.673,293.521,291.514,298.415,298.164,294.851,293.583,293.649,293.486,293.571,293.492,293.286,293.503,293.373
10,0.002777778,293.318,293.472,293.673,293.521,291.514,298.415,298.164,294.851,293.583,293.649,293.486,293.571,293.492,293.286,293.503,293.373
11,0.003055556,293.318,293.472,293.673,293.521,291.514,298.415,298.164,294.851,293.583,293.649,293.486,293.571,293.492,293.286,293.503,293.373
12,0.003333333,293.315,293.471,293.671,293.526,291.523,298.435,298.185,294.852,293.597,293.66,293.473,293.567,293.498,293.287,293.508,293.377
13,0.003611111,293.315,293.471,293.671,293.526,291.523,298.435,298.185,294.852,293.597,293.66,293.473,293.567,293.498,293.287,293.508,293.377
14,0.003888889,293.315,293.471,293.671,293.526,291.523,298.435,298.185,294.852,293.597,293.66,293.473,293.567,293.498,293.287,293.508,293.377
15,0.004166667,293.296,293.458,293.646,293.514,291.484,298.44,298.186,294.848,293.571,293.636,293.462,293.559,293.479,293.273,293.496,293.361
16,0.004444444,293.296,293.458,293.646,293.514,291.484,298.44,298.186,294.848,293.571,293.636,293.462,293.559,293.479,293.273,293.496,293.361
17,0.004722222,293.296,293.458,293.646,293.514,291.484,298.44,298.186,294.848,293.571,293.636,293.462,293.559,293.479,293.273,293.496,293.361
18,0.005,293.296,293.458,293.646,293.514,291.484,298.44,298.186,294.848,293.571,293.636,293.462,293.559,293.479,293.273,293.496,293.361
19,0.005277778,293.309,293.458,293.645,293.514,291.485,298.459,298.216,294.852,293.568,293.634,293.458,293.572,293.493,293.283,293.499,293.376
20,0.005555556,293.309,293.458,293.645,293.514,291.485,298.459,298.216,294.852,293.568,293.634,293.458,293.572,293.493,293.283,293.499,293.376
21,0.005833333,293.309,293.458,293.645,293.514,291.485,298.459,298.216,294.852,293.568,293.634,293.458,293.572,293.493,293.283,293.499,293.376
22,0.006111111,296.82,293.463,293.919,293.523,291.48,298.488,298.236,298.012,293.607,293.735,295.079,295.392,293.485,293.289,293.501,293.375
23,0.006388889,296.82,293.463,293.919,293.523,291.48,298.488,298.236,298.012,293.607,293.735,295.079,295.392,293.485,293.289,293.501,293.375
24,0.006666667,296.82,293.463,293.919,293.523,291.48,298.488,298.236,298.012,293.607,293.735,295.079,295.392,293.485,293.289,293.501,293.375
25,0.006944444,296.82,293.463,293.919,293.523,291.48,298.488,298.236,298.012,293.607,293.735,295.079,295.392,293.485,293.289,293.501,293.375
26,0.007222222,303.795,293.456,294.337,293.529,291.471,298.499,298.253,307.796,293.968,293.887,295.711,297.742,293.483,293.277,293.492,293.367
27,0.0075,303.795,293.456,294.337,293.529,291.471,298.499,298.253,307.796,293.968,293.887,295.711,297.742,293.483,293.277,293.492,293.367
28,0.007777778,303.795,293.456,294.337,293.529,291.471,298.499,298.253,307.796,293.968,293.887,295.711,297.742,293.483,293.277,293.492,293.367
29,0.008055556,311.423,293.471,294.677,293.542,291.493,298.519,298.272,320.114,295.117,294.136,296.611,302.076,293.482,293.285,293.501,293.374
30,0.008333333,311.423,293.471,294.677,293.542,291.493,298.519,298.272,320.114,295.117,294.136,296.611,302.076,293.482,293.285,293.501,293.374
31,0.008611111,311.423,293.471,294.677,293.542,291.493,298.519,298.272,320.114,295.117,294.136,296.611,302.076,293.482,293.285,293.501,293.374
32,0.008888889,311.423,293.471,294.677,293.542,291.493,298.519,298.272,320.114,295.117,294.136,296.611,302.076,293.482,293.285,293.501,293.374
33,0.009166667,319.008,293.452,295.047,293.536,291.474,298.501,298.271,332.568,297.161,294.548,297.927,307.536,293.486,293.278,293.484,293.372
34,0.009444444,319.008,293.452,295.047,293.536,291.474,298.501,298.271,332.568,297.161,294.548,297.927,307.536,293.486,293.278,293.484,293.372
35,0.009722222,319.008,293.452,295.047,293.536,291.474,298.501,298.271,332.568,297.161,294.548,297.927,307.536,293.486,293.278,293.484,293.372
36,0.01,326.766,293.458,295.538,293.56,291.479,298.506,298.292,344.977,300.09,295.178,299.194,314.77,293.488,293.293,293.497,293.381
37,0.010277778,326.766,293.458,295.538,293.56,291.479,298.506,298.292,344.977,300.09,295.178,299.194,314.77,293.488,293.293,293.497,293.381
38,0.010555556,326.766,293.458,295.538,293.56,291.479,298.506,298.292,344.977,300.09,295.178,299.194,314.77,293.488,293.293,293.497,293.381
39,0.010833333,326.766,293.458,295.538,293.56,291.479,298.506,298.292,344.977,300.09,295.178,299.194,314.77,293.488,293.293,293.497,293.381
40,0.011111111,334.809,293.458,296.124,293.561,291.486,298.509,298.287,357.797,304.089,295.995,300.832,323.277,293.496,293.282,293.494,293.374
41,0.011388889,334.809,293.458,296.124,293.561,291.486,298.509,298.287,357.797,304.089,295.995,300.832,323.277,293.496,293.282,293.494,293.374
42,0.011666667,334.809,293.458,296.124,293.561,291.486,298.509,298.287,357.797,304.089,295.995,300.832,323.277,293.496,293.282,293.494,293.374
43,0.011944444,342.447,293.459,296.711,293.57,291.477,298.503,298.285,369.937,308.621,296.971,302.694,331.835,293.496,293.284,293.49,293.369
44,0.012222222,342.447,293.459,296.711,293.57,291.477,298.503,298.285,369.937,308.621,296.971,302.694,331.835,293.496,293.284,293.49,293.369
45,0.0125,342.447,293.459,296.711,293.57,291.477,298.503,298.285,369.937,308.621,296.971,302.694,331.835,293.496,293.284,293.49,293.369
46,0.012777778,342.447,293.459,296.711,293.57,291.477,298.503,298.285,369.937,308.621,296.971,302.694,331.835,293.496,293.284,293.49,293.369
47,0.013055556,350.227,293.458,297.439,293.585,291.483,298.489,298.266,382.326,313.855,298.242,304.527,340.808,293.495,293.284,293.48,293.371
48,0.013333333,350.227,293.458,297.439,293.585,291.483,298.489,298.266,382.326,313.855,298.242,304.527,340.808,293.495,293.284,293.48,293.371
49,0.013611111,350.227,293.458,297.439,293.585,291.483,298.489,298.266,382.326,313.855,298.242,304.527,340.808,293.495,293.284,293.48,293.371
50,0.013888889,358.246,293.458,298.014,293.594,291.478,298.465,298.262,395.045,319.7,299.807,307.617,350.197,293.494,293.294,293.486,293.377
51,0.014166667,358.246,293.458,298.014,293.594,291.478,298.465,298.262,395.045,319.7,299.807,307.617,350.197,293.494,293.294,293.486,293.377
52,0.014444444,358.246,293.458,298.014,293.594,291.478,298.465,298.262,395.045,319.7,299.807,307.617,350.197,293.494,293.294,293.486,293.377
53,0.014722222,358.246,293.458,298.014,293.594,291.478,298.465,298.262,395.045,319.7,299.807,307.617,350.197,293.494,293.294,293.486,293.377
54,0.015,366.019,293.46,298.528,293.608,291.498,298.46,298.261,407.135,325.721,301.65,311.425,359.271,293.492,293.292,293.482,293.37
55,0.015277778,366.019,293.46,298.528,293.608,291.498,298.46,298.261,407.135,325.721,301.65,311.425,359.271,293.492,293.292,293.482,293.37
56,0.015555556,366.019,293.46,298.528,293.608,291.498,298.46,298.261,407.135,325.721,301.65,311.425,359.271,293.492,293.292,293.482,293.37
57,0.015833333,373.862,293.457,299.244,293.613,291.495,298.466,298.256,419.303,332.156,303.897,315.45,368.582,293.512,293.303,293.492,293.367
58,0.016111111,373.862,293.457,299.244,293.613,291.495,298.466,298.256,419.303,332.156,303.897,315.45,368.582,293.512,293.303,293.492,293.367
59,0.016388889,373.862,293.457,299.244,293.613,291.495,298.466,298.256,419.303,332.156,303.897,315.45,368.582,293.512,293.303,293.492,293.367
60,0.016666667,381.465,293.463,300.452,293.622,291.494,298.438,298.233,431.207,338.699,306.414,319.485,377.642,293.506,293.291,293.484,293.377
61,0.016944444,381.465,293.463,300.452,293.622,291.494,298.438,298.233,431.207,338.699,306.414,319.485,377.642,293.506,293.291,293.484,293.377
62,0.017222222,381.465,293.463,300.452,293.622,291.494,298.438,298.233,431.207,338.699,306.414,319.485,377.642,293.506,293.291,293.484,293.377
63,0.0175,381.465,293.463,300.452,293.622,291.494,298.438,298.233,431.207,338.699,306.414,319.485,377.642,293.506,293.291,293.484,293.377
64,0.017777778,389.231,293.455,302.073,293.615,291.485,298.412,298.206,443.234,345.479,309.198,323.751,386.797,293.502,293.298,293.482,293.365
65,0.018055556,389.231,293.455,302.073,293.615,291.485,298.412,298.206,443.234,345.479,309.198,323.751,386.797,293.502,293.298,293.482,293.365
66,0.018333333,389.231,293.455,302.073,293.615,291.485,298.412,298.206,443.234,345.479,309.198,323.751,386.797,293.502,293.298,293.482,293.365
67,0.018611111,397.012,293.447,303.909,293.616,291.495,298.389,298.205,455.27,352.458,312.209,328.131,395.929,293.508,293.305,293.485,293.371
68,0.018888889,397.012,293.447,303.909,293.616,291.495,298.389,298.205,455.27,352.458,312.209,328.131,395.929,293.508,293.305,293.485,293.371
69,0.019166667,397.012,293.447,303.909,293.616,291.495,298.389,298.205,455.27,352.458,312.209,328.131,395.929,293.508,293.305,293.485,293.371
70,0.019444444,397.012,293.447,303.909,293.616,291.495,298.389,298.205,455.27,352.458,312.209,328.131,395.929,293.508,293.305,293.485,293.371
71,0.019722222,404.578,293.457,305.838,293.652,291.507,298.383,298.191,466.899,359.453,315.342,332.568,404.91,293.516,293.308,293.49,293.378
72,0.02,404.578,293.457,305.838,293.652,291.507,298.383,298.191,466.899,359.453,315.342,332.568,404.91,293.516,293.308,293.49,293.378
73,0.020277778,404.578,293.457,305.838,293.652,291.507,298.383,298.191,466.899,359.453,315.342,332.568,404.91,293.516,293.308,293.49,293.378
74,0.020555556,411.819,293.459,307.811,293.659,291.527,298.382,298.176,478.067,366.395,318.565,336.995,413.669,293.53,293.309,293.5,293.38
75,0.020833333,411.819,293.459,307.811,293.659,291.527,298.382,298.176,478.067,366.395,318.565,336.995,413.669,293.53,293.309,293.5,293.38
76,0.021111111,411.819,293.459,307.811,293.659,291.527,298.382,298.176,478.067,366.395,318.565,336.995,413.669,293.53,293.309,293.5,293.38
77,0.021388889,411.819,293.459,307.811,293.659,291.527,298.382,298.176,478.067,366.395,318.565,336.995,413.669,293.53,293.309,293.5,293.38
78,0.021666667,419.153,293.46,309.861,293.695,291.549,298.377,298.169,489.332,373.438,321.878,341.447,422.393,293.525,293.318,293.492,293.383
79,0.021944444,419.153,293.46,309.861,293.695,291.549,298.377,298.169,489.332,373.438,321.878,341.447,422.393,293.525,293.318,293.492,293.383
80,0.022222222,419.153,293.46,309.861,293.695,291.549,298.377,298.169,489.332,373.438,321.878,341.447,422.393,293.525,293.318,293.492,293.383
81,0.0225,426.418,293.462,311.917,293.707,291.547,298.353,298.145,500.405,380.506,325.248,346.146,431.011,293.523,293.324,293.493,293.381
82,0.022777778,426.418,293.462,311.917,293.707,291.547,298.353,298.145,500.405,380.506,325.248,346.146,431.011,293.523,293.324,293.493,293.381
83,0.023055556,426.418,293.462,311.917,293.707,291.547,298.353,298.145,500.405,380.506,325.248,346.146,431.011,293.523,293.324,293.493,293.381
84,0.023333333,426.418,293.462,311.917,293.707,291.547,298.353,298.145,500.405,380.506,325.248,346.146,431.011,293.523,293.324,293.493,293.381
85,0.023611111,433.706,293.464,313.991,293.719,291.548,298.336,298.143,511.489,387.689,328.724,350.721,439.677,293.54,293.328,293.487,293.386
86,0.023888889,433.706,293.464,313.991,293.719,291.548,298.336,298.143,511.489,387.689,328.724,350.721,439.677,293.54,293.328,293.487,293.386
87,0.024166667,433.706,293.464,313.991,293.719,291.548,298.336,298.143,511.489,387.689,328.724,350.721,439.677,293.54,293.328,293.487,293.386
88,0.024444444,440.564,293.473,315.958,293.749,291.556,298.356,298.133,521.939,394.677,332.124,355.149,448.019,293.541,293.324,293.493,293.378
89,0.024722222,440.564,293.473,315.958,293.749,291.556,298.356,298.133,521.939,394.677,332.124,355.149,448.019,293.541,293.324,293.493,293.378
90,0.025,440.564,293.473,315.958,293.749,291.556,298.356,298.133,521.939,394.677,332.124,355.149,448.019,293.541,293.324,293.493,293.378
91,0.025277778,440.564,293.473,315.958,293.749,291.556,298.356,298.133,521.939,394.677,332.124,355.149,448.019,293.541,293.324,293.493,293.378
92,0.025555556,447.542,293.458,317.995,293.773,291.555,298.331,298.124,532.592,402.009,335.728,359.802,456.62,293.541,293.335,293.499,293.374
93,0.025833333,447.542,293.458,317.995,293.773,291.555,298.331,298.124,532.592,402.009,335.728,359.802,456.62,293.541,293.335,293.499,293.374
94,0.026111111,447.542,293.458,317.995,293.773,291.555,298.331,298.124,532.592,402.009,335.728,359.802,456.62,293.541,293.335,293.499,293.374
95,0.026388889,447.542,293.458,317.995,293.773,291.555,298.331,298.124,532.592,402.009,335.728,359.802,456.62,293.541,293.335,293.499,293.374
96,0.026666667,454.514,293.457,319.97,293.792,291.557,298.326,298.109,542.992,409.147,339.261,364.288,464.873,293.543,293.337,293.503,293.382
97,0.026944444,454.514,293.457,319.97,293.792,291.557,298.326,298.109,542.992,409.147,339.261,364.288,464.873,293.543,293.337,293.503,293.382
98,0.027222222,454.514,293.457,319.97,293.792,291.557,298.326,298.109,542.992,409.147,339.261,364.288,464.873,293.543,293.337,293.503,293.382
99,0.0275,461.189,293.453,321.92,293.821,291.581,298.311,298.107,552.832,416.088,342.689,368.618,472.906,293.545,293.333,293.494,293.388
100,0.027777778,461.189,293.453,321.92,293.821,291.581,298.311,298.107,552.832,416.088,342.689,368.618,472.906,293.545,293.333,293.494,293.388
101,0.028055556,461.189,293.453,321.92,293.821,291.581,298.311,298.107,552.832,416.088,342.689,368.618,472.906,293.545,293.333,293.494,293.388
102,0.028333333,468.084,293.467,323.83,293.863,291.606,298.316,298.09,562.77,423.212,346.235,373.046,480.996,293.554,293.341,293.502,293.384
103,0.028611111,468.084,293.467,323.83,293.863,291.606,298.316,298.09,562.77,423.212,346.235,373.046,480.996,293.554,293.341,293.502,293.384
104,0.028888889,468.084,293.467,323.83,293.863,291.606,298.316,298.09,562.77,423.212,346.235,373.046,480.996,293.554,293.341,293.502,293.384
105,0.029166667,468.084,293.467,323.83,293.863,291.606,298.316,298.09,562.77,423.212,346.235,373.046,480.996,293.554,293.341,293.502,293.384
106,0.029444444,474.991,293.467,325.714,293.899,291.622,298.308,298.098,572.717,430.296,349.757,377.415,489.006,293.563,293.344,293.503,293.4
107,0.029722222,474.991,293.467,325.714,293.899,291.622,298.308,298.098,572.717,430.296,349.757,377.415,489.006,293.563,293.344,293.503,293.4
108,0.03,474.991,293.467,325.714,293.899,291.622,298.308,298.098,572.717,430.296,349.757,377.415,489.006,293.563,293.344,293.503,293.4
109,0.030277778,474.991,293.467,325.714,293.899,291.622,298.308,298.098,572.717,430.296,349.757,377.415,489.006,293.563,293.344,293.503,293.4
110,0.030555556,481.632,293.462,327.493,293.933,291.628,298.296,298.088,582.301,437.334,353.249,381.739,496.85,293.562,293.348,293.509,293.395
111,0.030833333,481.632,293.462,327.493,293.933,291.628,298.296,298.088,582.301,437.334,353.249,381.739,496.85,293.562,293.348,293.509,293.395
112,0.031111111,481.632,293.462,327.493,293.933,291.628,298.296,298.088,582.301,437.334,353.249,381.739,496.85,293.562,293.348,293.509,293.395
113,0.031388889,487.976,293.459,329.278,293.96,291.642,298.294,298.081,591.591,444.319,356.703,386.1,504.608,293.552,293.349,293.506,293.389
114,0.031666667,487.976,293.459,329.278,293.96,291.642,298.294,298.081,591.591,444.319,356.703,386.1,504.608,293.552,293.349,293.506,293.389
115,0.031944444,487.976,293.459,329.278,293.96,291.642,298.294,298.081,591.591,444.319,356.703,386.1,504.608,293.552,293.349,293.506,293.389
116,0.032222222,487.976,293.459,329.278,293.96,291.642,298.294,298.081,591.591,444.319,356.703,386.1,504.608,293.552,293.349,293.506,293.389
117,0.0325,494.166,293.473,330.935,294.01,291.662,298.296,298.085,600.736,451.313,360.159,390.32,512.335,293.577,293.359,293.514,293.402
118,0.032777778,494.166,293.473,330.935,294.01,291.662,298.296,298.085,600.736,451.313,360.159,390.32,512.335,293.577,293.359,293.514,293.402
119,0.033055556,494.166,293.473,330.935,294.01,291.662,298.296,298.085,600.736,451.313,360.159,390.32,512.335,293.577,293.359,293.514,293.402
120,0.033333333,500.499,293.456,332.515,294.033,291.665,298.278,298.08,609.808,458.141,363.508,394.338,519.73,293.567,293.356,293.508,293.397
121,0.033611111,500.499,293.456,332.515,294.033,291.665,298.278,298.08,609.808,458.141,363.508,394.338,519.73,293.567,293.356,293.508,293.397
122,0.033888889,500.499,293.456,332.515,294.033,291.665,298.278,298.08,609.808,458.141,363.508,394.338,519.73,293.567,293.356,293.508,293.397
123,0.034166667,500.499,293.456,332.515,294.033,291.665,298.278,298.08,609.808,458.141,363.508,394.338,519.73,293.567,293.356,293.508,293.397
124,0.034444444,506.845,293.464,334.005,294.089,291.679,298.276,298.076,618.976,465.172,366.963,398.584,527.434,293.579,293.368,293.517,293.398
125,0.034722222,506.845,293.464,334.005,294.089,291.679,298.276,298.076,618.976,465.172,366.963,398.584,527.434,293.579,293.368,293.517,293.398
126,0.035,506.845,293.464,334.005,294.089,291.679,298.276,298.076,618.976,465.172,366.963,398.584,527.434,293.579,293.368,293.517,293.398
127,0.035277778,512.935,293.47,335.516,294.124,291.695,298.288,298.076,627.722,472.036,370.294,402.634,534.868,293.6,293.372,293.52,293.4
128,0.035555556,512.935,293.47,335.516,294.124,291.695,298.288,298.076,627.722,472.036,370.294,402.634,534.868,293.6,293.372,293.52,293.4
129,0.035833333,512.935,293.47,335.516,294.124,291.695,298.288,298.076,627.722,472.036,370.294,402.634,534.868,293.6,293.372,293.52,293.4
130,0.036111111,512.935,293.47,335.516,294.124,291.695,298.288,298.076,627.722,472.036,370.294,402.634,534.868,293.6,293.372,293.52,293.4
131,0.036388889,519.069,293.459,337.093,294.165,291.713,298.277,298.08,636.35,478.849,373.598,406.65,542.165,293.594,293.372,293.522,293.391
132,0.036666667,519.069,293.459,337.093,294.165,291.713,298.277,298.08,636.35,478.849,373.598,406.65,542.165,293.594,293.372,293.522,293.391
133,0.036944444,519.069,293.459,337.093,294.165,291.713,298.277,298.08,636.35,478.849,373.598,406.65,542.165,293.594,293.372,293.522,293.391
134,0.037222222,524.88,293.473,338.589,294.213,291.74,298.278,298.078,644.563,485.501,376.824,410.542,549.282,293.596,293.384,293.518,293.399
135,0.0375,524.88,293.473,338.589,294.213,291.74,298.278,298.078,644.563,485.501,376.824,410.542,549.282,293.596,293.384,293.518,293.399
136,0.037777778,524.88,293.473,338.589,294.213,291.74,298.278,298.078,644.563,485.501,376.824,410.542,549.282,293.596,293.384,293.518,293.399
137,0.038055556,524.88,293.473,338.589,294.213,291.74,298.278,298.078,644.563,485.501,376.824,410.542,549.282,293.596,293.384,293.518,293.399
138,0.038333333,530.618,293.459,340.138,294.249,291.744,298.271,298.07,652.488,492.261,380.068,414.439,556.437,293.6,293.382,293.515,293.407
139,0.038611111,530.618,293.459,340.138,294.249,291.744,298.271,298.07,652.488,492.261,380.068,414.439,556.437,293.6,293.382,293.515,293.407
140,0.038888889,530.618,293.459,340.138,294.249,291.744,298.271,298.07,652.488,492.261,380.068,414.439,556.437,293.6,293.382,293.515,293.407
141,0.039166667,536.367,293.47,341.682,294.305,291.763,298.27,298.079,660.421,498.919,383.277,418.26,563.477,293.612,293.392,293.511,293.411
142,0.039444444,536.367,293.47,341.682,294.305,291.763,298.27,298.079,660.421,498.919,383.277,418.26,563.477,293.612,293.392,293.511,293.411
143,0.039722222,536.367,293.47,341.682,294.305,291.763,298.27,298.079,660.421,498.919,383.277,418.26,563.477,293.612,293.392,293.511,293.411
144,0.04,536.367,293.47,341.682,294.305,291.763,298.27,298.079,660.421,498.919,383.277,418.26,563.477,293.612,293.392,293.511,293.411
145,0.040277778,542.134,293.471,343.05,294.35,291.781,298.29,298.084,668.249,505.512,386.449,422.07,570.408,293.626,293.404,293.52,293.42
146,0.040555556,542.134,293.471,343.05,294.35,291.781,298.29,298.084,668.249,505.512,386.449,422.07,570.408,293.626,293.404,293.52,293.42
147,0.040833333,542.134,293.471,343.05,294.35,291.781,298.29,298.084,668.249,505.512,386.449,422.07,570.408,293.626,293.404,293.52,293.42
148,0.041111111,547.746,293.471,344.582,294.394,291.793,298.282,298.084,675.702,511.938,389.541,425.735,577.13,293.626,293.395,293.525,293.404
149,0.041388889,547.746,293.471,344.582,294.394,291.793,298.282,298.084,675.702,511.938,389.541,425.735,577.13,293.626,293.395,293.525,293.404
150,0.041666667,547.746,293.471,344.582,294.394,291.793,298.282,298.084,675.702,511.938,389.541,425.735,577.13,293.626,293.395,293.525,293.404
151,0.041944444,547.746,293.471,344.582,294.394,291.793,298.282,298.084,675.702,511.938,389.541,425.735,577.13,293.626,293.395,293.525,293.404
152,0.042222222,553.864,293.478,346.181,294.452,291.824,298.291,298.1,683.317,518.444,392.663,429.429,583.865,293.632,293.416,293.529,293.424
153,0.0425,553.864,293.478,346.181,294.452,291.824,298.291,298.1,683.317,518.444,392.663,429.429,583.865,293.632,293.416,293.529,293.424
154,0.042777778,553.864,293.478,346.181,294.452,291.824,298.291,298.1,683.317,518.444,392.663,429.429,583.865,293.632,293.416,293.529,293.424
155,0.043055556,559.593,293.478,347.703,294.507,291.835,298.295,298.102,690.557,524.809,395.73,433.103,590.487,293.639,293.412,293.525,293.416
156,0.043333333,559.593,293.478,347.703,294.507,291.835,298.295,298.102,690.557,524.809,395.73,433.103,590.487,293.639,293.412,293.525,293.416
157,0.043611111,559.593,293.478,347.703,294.507,291.835,298.295,298.102,690.557,524.809,395.73,433.103,590.487,293.639,293.412,293.525,293.416
158,0.043888889,559.593,293.478,347.703,294.507,291.835,298.295,298.102,690.557,524.809,395.73,433.103,590.487,293.639,293.412,293.525,293.416
159,0.044166667,565.004,293.478,349.145,294.561,291.859,298.298,298.097,697.215,530.932,398.675,436.564,596.815,293.641,293.423,293.531,293.417
160,0.044444444,565.004,293.478,349.145,294.561,291.859,298.298,298.097,697.215,530.932,398.675,436.564,596.815,293.641,293.423,293.531,293.417
161,0.044722222,565.004,293.478,349.145,294.561,291.859,298.298,298.097,697.215,530.932,398.675,436.564,596.815,293.641,293.423,293.531,293.417
162,0.045,570.898,293.487,350.706,294.617,291.884,298.293,298.109,704.055,537.137,401.675,440.089,603.235,293.658,293.44,293.546,293.428
163,0.045277778,570.898,293.487,350.706,294.617,291.884,298.293,298.109,704.055,537.137,401.675,440.089,603.235,293.658,293.44,293.546,293.428
164,0.045555556,570.898,293.487,350.706,294.617,291.884,298.293,298.109,704.055,537.137,401.675,440.089,603.235,293.658,293.44,293.546,293.428
165,0.045833333,570.898,293.487,350.706,294.617,291.884,298.293,298.109,704.055,537.137,401.675,440.089,603.235,293.658,293.44,293.546,293.428
166,0.046111111,576.498,293.484,352.265,294.679,291.912,298.306,298.099,710.605,543.257,404.598,443.495,609.494,293.667,293.445,293.538,293.434
167,0.046388889,576.498,293.484,352.265,294.679,291.912,298.306,298.099,710.605,543.257,404.598,443.495,609.494,293.667,293.445,293.538,293.434
168,0.046666667,576.498,293.484,352.265,294.679,291.912,298.306,298.099,710.605,543.257,404.598,443.495,609.494,293.667,293.445,293.538,293.434
169,0.046944444,581.75,293.486,353.751,294.737,291.905,298.306,298.102,716.972,549.304,407.502,446.912,615.672,293.663,293.443,293.542,293.435
170,0.047222222,581.75,293.486,353.751,294.737,291.905,298.306,298.102,716.972,549.304,407.502,446.912,615.672,293.663,293.443,293.542,293.435
171,0.0475,581.75,293.486,353.751,294.737,291.905,298.306,298.102,716.972,549.304,407.502,446.912,615.672,293.663,293.443,293.542,293.435
172,0.047777778,581.75,293.486,353.751,294.737,291.905,298.306,298.102,716.972,549.304,407.502,446.912,615.672,293.663,293.443,293.542,293.435
173,0.048055556,587.203,293.477,355.095,294.78,291.923,298.297,298.102,723.67,555.258,410.356,450.258,621.655,293.675,293.442,293.535,293.431
174,0.048333333,587.203,293.477,355.095,294.78,291.923,298.297,298.102,723.67,555.258,410.356,450.258,621.655,293.675,293.442,293.535,293.431
175,0.048611111,587.203,293.477,355.095,294.78,291.923,298.297,298.102,723.67,555.258,410.356,450.258,621.655,293.675,293.442,293.535,293.431
176,0.048888889,592.299,293.488,356.507,294.853,291.949,298.303,298.104,730.369,561.154,413.202,453.626,627.624,293.692,293.456,293.555,293.444
177,0.049166667,592.299,293.488,356.507,294.853,291.949,298.303,298.104,730.369,561.154,413.202,453.626,627.624,293.692,293.456,293.555,293.444
178,0.049444444,592.299,293.488,356.507,294.853,291.949,298.303,298.104,730.369,561.154,413.202,453.626,627.624,293.692,293.456,293.555,293.444
179,0.049722222,592.299,293.488,356.507,294.853,291.949,298.303,298.104,730.369,561.154,413.202,453.626,627.624,293.692,293.456,293.555,293.444
180,0.05,597.215,293.492,357.782,294.917,291.961,298.292,298.111,736.634,566.986,415.986,456.962,633.486,293.698,293.461,293.547,293.445
181,0.050277778,597.215,293.492,357.782,294.917,291.961,298.292,298.111,736.634,566.986,415.986,456.962,633.486,293.698,293.461,293.547,293.445
182,0.050555556,597.215,293.492,357.782,294.917,291.961,298.292,298.111,736.634,566.986,415.986,456.962,633.486,293.698,293.461,293.547,293.445
183,0.050833333,602.177,293.483,359.146,294.974,292.004,298.298,298.103,742.825,572.725,418.75,460.265,639.304,293.704,293.476,293.562,293.444
184,0.051111111,602.177,293.483,359.146,294.974,292.004,298.298,298.103,742.825,572.725,418.75,460.265,639.304,293.704,293.476,293.562,293.444
185,0.051388889,602.177,293.483,359.146,294.974,292.004,298.298,298.103,742.825,572.725,418.75,460.265,639.304,293.704,293.476,293.562,293.444
186,0.051666667,602.177,293.483,359.146,294.974,292.004,298.298,298.103,742.825,572.725,418.75,460.265,639.304,293.704,293.476,293.562,293.444
187,0.051944444,607.312,293.483,360.388,295.046,292.008,298.303,298.103,749.208,578.405,421.479,463.56,645.104,293.707,293.48,293.553,293.454
188,0.052222222,607.312,293.483,360.388,295.046,292.008,298.303,298.103,749.208,578.405,421.479,463.56,645.104,293.707,293.48,293.553,293.454
189,0.0525,607.312,293.483,360.388,295.046,292.008,298.303,298.103,749.208,578.405,421.479,463.56,645.104,293.707,293.48,293.553,293.454
190,0.052777778,612.454,293.505,361.645,295.115,292.049,298.308,298.12,755.354,583.997,424.164,466.73,650.715,293.722,293.498,293.562,293.469
191,0.053055556,612.454,293.505,361.645,295.115,292.049,298.308,298.12,755.354,583.997,424.164,466.73,650.715,293.722,293.498,293.562,293.469
192,0.053333333,612.454,293.505,361.645,295.115,292.049,298.308,298.12,755.354,583.997,424.164,466.73,650.715,293.722,293.498,293.562,293.469
193,0.053611111,612.454,293.505,361.645,295.115,292.049,298.308,298.12,755.354,583.997,424.164,466.73,650.715,293.722,293.498,293.562,293.469
194,0.053888889,616.958,293.488,362.994,295.167,292.049,298.3,298.103,761.043,589.54,426.796,469.906,656.304,293.723,293.491,293.554,293.452
195,0.054166667,616.958,293.488,362.994,295.167,292.049,298.3,298.103,761.043,589.54,426.796,469.906,656.304,293.723,293.491,293.554,293.452
196,0.054444444,616.958,293.488,362.994,295.167,292.049,298.3,298.103,761.043,589.54,426.796,469.906,656.304,293.723,293.491,293.554,293.452
197,0.054722222,621.145,293.491,364.29,295.23,292.046,298.3,298.094,766.255,595.08,429.431,473.047,661.876,293.729,293.5,293.558,293.458
198,0.055,621.145,293.491,364.29,295.23,292.046,298.3,298.094,766.255,595.08,429.431,473.047,661.876,293.729,293.5,293.558,293.458
199,0.055277778,621.145,293.491,364.29,295.23,292.046,298.3,298.094,766.255,595.08,429.431,473.047,661.876,293.729,293.5,293.558,293.458
200,0.055555556,621.145,293.491,364.29,295.23,292.046,298.3,298.094,766.255,595.08,429.431,473.047,661.876,293.729,293.5,293.558,293.458
201,0.055833333,625.613,293.496,365.591,295.31,292.09,298.304,298.116,771.677,600.538,432.033,476.119,667.293,293.742,293.497,293.563,293.464
202,0.056111111,625.613,293.496,365.591,295.31,292.09,298.304,298.116,771.677,600.538,432.033,476.119,667.293,293.742,293.497,293.563,293.464
203,0.056388889,625.613,293.496,365.591,295.31,292.09,298.304,298.116,771.677,600.538,432.033,476.119,667.293,293.742,293.497,293.563,293.464
204,0.056666667,629.626,293.506,366.86,295.377,292.102,298.317,298.115,776.793,605.881,434.542,479.146,672.566,293.762,293.514,293.575,293.467
205,0.056944444,629.626,293.506,366.86,295.377,292.102,298.317,298.115,776.793,605.881,434.542,479.146,672.566,293.762,293.514,293.575,293.467
206,0.057222222,629.626,293.506,366.86,295.377,292.102,298.317,298.115,776.793,605.881,434.542,479.146,672.566,293.762,293.514,293.575,293.467
207,0.0575,629.626,293.506,366.86,295.377,292.102,298.317,298.115,776.793,605.881,434.542,479.146,672.566,293.762,293.514,293.575,293.467
208,0.057777778,634.171,293.485,368.088,295.44,292.121,298.306,298.102,782.304,611.433,437.154,482.212,677.955,293.752,293.516,293.572,293.475
209,0.058055556,634.171,293.485,368.088,295.44,292.121,298.306,298.102,782.304,611.433,437.154,482.212,677.955,293.752,293.516,293.572,293.475
210,0.058333333,634.171,293.485,368.088,295.44,292.121,298.306,298.102,782.304,611.433,437.154,482.212,677.955,293.752,293.516,293.572,293.475
211,0.058611111,638.842,293.506,369.289,295.526,292.154,298.311,298.111,787.551,616.766,439.662,485.183,683.12,293.773,293.535,293.589,293.49
212,0.058888889,638.842,293.506,369.289,295.526,292.154,298.311,298.111,787.551,616.766,439.662,485.183,683.12,293.773,293.535,293.589,293.49
213,0.059166667,638.842,293.506,369.289,295.526,292.154,298.311,298.111,787.551,616.766,439.662,485.183,683.12,293.773,293.535,293.589,293.49
214,0.059444444,638.842,293.506,369.289,295.526,292.154,298.311,298.111,787.551,616.766,439.662,485.183,683.12,293.773,293.535,293.589,293.49
215,0.059722222,642.734,293.501,370.526,295.579,292.172,298.304,298.101,792.095,621.856,442.06,487.979,688.014,293.775,293.54,293.583,293.478
216,0.06,642.734,293.501,370.526,295.579,292.172,298.304,298.101,792.095,621.856,442.06,487.979,688.014,293.775,293.54,293.583,293.478
217,0.060277778,642.734,293.501,370.526,295.579,292.172,298.304,298.101,792.095,621.856,442.06,487.979,688.014,293.775,293.54,293.583,293.478
218,0.060555556,647.044,293.495,371.917,295.66,292.176,298.302,298.1,796.967,627.174,444.589,490.959,693.225,293.774,293.539,293.58,293.477
219,0.060833333,647.044,293.495,371.917,295.66,292.176,298.302,298.1,796.967,627.174,444.589,490.959,693.225,293.774,293.539,293.58,293.477
220,0.061111111,647.044,293.495,371.917,295.66,292.176,298.302,298.1,796.967,627.174,444.589,490.959,693.225,293.774,293.539,293.58,293.477
221,0.061388889,647.044,293.495,371.917,295.66,292.176,298.302,298.1,796.967,627.174,444.589,490.959,693.225,293.774,293.539,293.58,293.477
222,0.061666667,651.175,293.517,373.057,295.733,292.226,298.317,298.104,801.683,632.312,447.043,493.866,698.178,293.801,293.549,293.591,293.497
223,0.061944444,651.175,293.517,373.057,295.733,292.226,298.317,298.104,801.683,632.312,447.043,493.866,698.178,293.801,293.549,293.591,293.497
224,0.062222222,651.175,293.517,373.057,295.733,292.226,298.317,298.104,801.683,632.312,447.043,493.866,698.178,293.801,293.549,293.591,293.497
225,0.0625,655.26,293.52,374.511,295.812,292.235,298.294,298.097,806.581,637.346,449.407,496.707,703.025,293.802,293.557,293.595,293.483
226,0.062777778,655.26,293.52,374.511,295.812,292.235,298.294,298.097,806.581,637.346,449.407,496.707,703.025,293.802,293.557,293.595,293.483
227,0.063055556,655.26,293.52,374.511,295.812,292.235,298.294,298.097,806.581,637.346,449.407,496.707,703.025,293.802,293.557,293.595,293.483
228,0.063333333,655.26,293.52,374.511,295.812,292.235,298.294,298.097,806.581,637.346,449.407,496.707,703.025,293.802,293.557,293.595,293.483
229,0.063611111,659.585,293.521,374.655,295.887,292.254,298.305,298.107,811.413,642.286,451.718,499.488,707.808,293.81,293.572,293.605,293.504
230,0.063888889,659.585,293.521,374.655,295.887,292.254,298.305,298.107,811.413,642.286,451.718,499.488,707.808,293.81,293.572,293.605,293.504
231,0.064166667,659.585,293.521,374.655,295.887,292.254,298.305,298.107,811.413,642.286,451.718,499.488,707.808,293.81,293.572,293.605,293.504
232,0.064444444,663.05,293.5,375.248,295.954,292.257,298.291,298.083,815.46,647.156,453.981,502.233,712.528,293.81,293.564,293.591,293.487
233,0.064722222,663.05,293.5,375.248,295.954,292.257,298.291,298.083,815.46,647.156,453.981,502.233,712.528,293.81,293.564,293.591,293.487
234,0.065,663.05,293.5,375.248,295.954,292.257,298.291,298.083,815.46,647.156,453.981,502.233,712.528,293.81,293.564,293.591,293.487
235,0.065277778,663.05,293.5,375.248,295.954,292.257,298.291,298.083,815.46,647.156,453.981,502.233,712.528,293.81,293.564,293.591,293.487
236,0.065555556,666.966,293.515,376.278,296.04,292.299,298.293,298.087,819.761,652.056,456.274,505.067,717.272,293.821,293.583,293.606,293.5
237,0.065833333,666.966,293.515,376.278,296.04,292.299,298.293,298.087,819.761,652.056,456.274,505.067,717.272,293.821,293.583,293.606,293.5
238,0.066111111,666.966,293.515,376.278,296.04,292.299,298.293,298.087,819.761,652.056,456.274,505.067,717.272,293.821,293.583,293.606,293.5
239,0.066388889,671.055,293.527,377.256,296.126,292.302,298.289,298.099,824.114,656.77,458.497,507.798,721.877,293.822,293.593,293.61,293.509
240,0.066666667,671.055,293.527,377.256,296.126,292.302,298.289,298.099,824.114,656.77,458.497,507.798,721.877,293.822,293.593,293.61,293.509
241,0.066944444,671.055,293.527,377.256,296.126,292.302,298.289,298.099,824.114,656.77,458.497,507.798,721.877,293.822,293.593,293.61,293.509
242,0.067222222,671.055,293.527,377.256,296.126,292.302,298.289,298.099,824.114,656.77,458.497,507.798,721.877,293.822,293.593,293.61,293.509
243,0.0675,674.402,293.524,378.028,296.196,292.346,298.288,298.093,827.857,661.278,460.665,510.394,726.269,293.832,293.596,293.612,293.51
244,0.067777778,674.402,293.524,378.028,296.196,292.346,298.288,298.093,827.857,661.278,460.665,510.394,726.269,293.832,293.596,293.612,293.51
245,0.068055556,674.402,293.524,378.028,296.196,292.346,298.288,298.093,827.857,661.278,460.665,510.394,726.269,293.832,293.596,293.612,293.51
246,0.068333333,678.027,293.521,379.14,296.275,292.359,298.289,298.089,831.59,665.782,462.841,512.993,730.604,293.843,293.608,293.617,293.518
247,0.068611111,678.027,293.521,379.14,296.275,292.359,298.289,298.089,831.59,665.782,462.841,512.993,730.604,293.843,293.608,293.617,293.518
248,0.068888889,678.027,293.521,379.14,296.275,292.359,298.289,298.089,831.59,665.782,462.841,512.993,730.604,293.843,293.608,293.617,293.518
249,0.069166667,678.027,293.521,379.14,296.275,292.359,298.289,298.089,831.59,665.782,462.841,512.993,730.604,293.843,293.608,293.617,293.518
250,0.069444444,681.56,293.533,380.299,296.362,292.381,298.282,298.094,835.565,670.416,465.121,515.683,735.066,293.856,293.614,293.622,293.518
251,0.069722222,681.56,293.533,380.299,296.362,292.381,298.282,298.094,835.565,670.416,465.121,515.683,735.066,293.856,293.614,293.622,293.518
252,0.07,681.56,293.533,380.299,296.362,292.381,298.282,298.094,835.565,670.416,465.121,515.683,735.066,293.856,293.614,293.622,293.518
253,0.070277778,685.327,293.53,381.735,296.427,292.41,298.291,298.094,840.082,674.915,467.359,518.33,739.37,293.856,293.611,293.631,293.526
254,0.070555556,685.327,293.53,381.735,296.427,292.41,298.291,298.094,840.082,674.915,467.359,518.33,739.37,293.856,293.611,293.631,293.526
255,0.070833333,685.327,293.53,381.735,296.427,292.41,298.291,298.094,840.082,674.915,467.359,518.33,739.37,293.856,293.611,293.631,293.526
256,0.071111111,685.327,293.53,381.735,296.427,292.41,298.291,298.094,840.082,674.915,467.359,518.33,739.37,293.856,293.611,293.631,293.526
257,0.071388889,689.082,293.536,383.846,296.522,292.412,298.304,298.108,844.099,679.359,469.541,520.88,743.589,293.867,293.635,293.629,293.538
258,0.071666667,689.082,293.536,383.846,296.522,292.412,298.304,298.108,844.099,679.359,469.541,520.88,743.589,293.867,293.635,293.629,293.538
259,0.071944444,689.082,293.536,383.846,296.522,292.412,298.304,298.108,844.099,679.359,469.541,520.88,743.589,293.867,293.635,293.629,293.538
260,0.072222222,692.862,293.533,384.516,296.606,292.444,298.316,298.106,848.125,683.727,471.714,523.442,747.738,293.875,293.63,293.629,293.536
261,0.0725,692.862,293.533,384.516,296.606,292.444,298.316,298.106,848.125,683.727,471.714,523.442,747.738,293.875,293.63,293.629,293.536
262,0.072777778,692.862,293.533,384.516,296.606,292.444,298.316,298.106,848.125,683.727,471.714,523.442,747.738,293.875,293.63,293.629,293.536
263,0.073055556,692.862,293.533,384.516,296.606,292.444,298.316,298.106,848.125,683.727,471.714,523.442,747.738,293.875,293.63,293.629,293.536
264,0.073333333,696.18,293.535,386.365,296.697,292.478,298.302,298.108,851.755,687.984,473.829,525.895,751.745,293.879,293.653,293.65,293.538
265,0.073611111,696.18,293.535,386.365,296.697,292.478,298.302,298.108,851.755,687.984,473.829,525.895,751.745,293.879,293.653,293.65,293.538
266,0.073888889,696.18,293.535,386.365,296.697,292.478,298.302,298.108,851.755,687.984,473.829,525.895,751.745,293.879,293.653,293.65,293.538
267,0.074166667,699.871,293.541,388.239,296.786,292.491,298.305,298.105,855.434,692.211,475.964,528.391,755.795,293.896,293.665,293.641,293.555
268,0.074444444,699.871,293.541,388.239,296.786,292.491,298.305,298.105,855.434,692.211,475.964,528.391,755.795,293.896,293.665,293.641,293.555
269,0.074722222,699.871,293.541,388.239,296.786,292.491,298.305,298.105,855.434,692.211,475.964,528.391,755.795,293.896,293.665,293.641,293.555
270,0.075,699.871,293.541,388.239,296.786,292.491,298.305,298.105,855.434,692.211,475.964,528.391,755.795,293.896,293.665,293.641,293.555
271,0.075277778,703.894,293.534,389.763,296.849,292.506,298.293,298.099,858.888,696.376,478.053,530.827,759.718,293.899,293.654,293.644,293.551
272,0.075555556,703.894,293.534,389.763,296.849,292.506,298.293,298.099,858.888,696.376,478.053,530.827,759.718,293.899,293.654,293.644,293.551
273,0.075833333,703.894,293.534,389.763,296.849,292.506,298.293,298.099,858.888,696.376,478.053,530.827,759.718,293.899,293.654,293.644,293.551
274,0.076111111,707.997,293.55,391.872,296.968,292.531,298.3,298.101,862.198,700.459,480.116,533.254,763.623,293.916,293.674,293.656,293.562
275,0.076388889,707.997,293.55,391.872,296.968,292.531,298.3,298.101,862.198,700.459,480.116,533.254,763.623,293.916,293.674,293.656,293.562
276,0.076666667,707.997,293.55,391.872,296.968,292.531,298.3,298.101,862.198,700.459,480.116,533.254,763.623,293.916,293.674,293.656,293.562
277,0.076944444,707.997,293.55,391.872,296.968,292.531,298.3,298.101,862.198,700.459,480.116,533.254,763.623,293.916,293.674,293.656,293.562
278,0.077222222,711.289,293.533,392.809,297.033,292.528,298.286,298.096,865.095,704.382,482.125,535.574,767.371,293.909,293.669,293.652,293.548
279,0.0775,711.289,293.533,392.809,297.033,292.528,298.286,298.096,865.095,704.382,482.125,535.574,767.371,293.909,293.669,293.652,293.548
280,0.077777778,711.289,293.533,392.809,297.033,292.528,298.286,298.096,865.095,704.382,482.125,535.574,767.371,293.909,293.669,293.652,293.548
281,0.078055556,715.05,293.56,394.232,297.136,292.565,298.303,298.114,868.116,708.474,484.233,538.027,771.211,293.93,293.683,293.658,293.569
282,0.078333333,715.05,293.56,394.232,297.136,292.565,298.303,298.114,868.116,708.474,484.233,538.027,771.211,293.93,293.683,293.658,293.569
283,0.078611111,715.05,293.56,394.232,297.136,292.565,298.303,298.114,868.116,708.474,484.233,538.027,771.211,293.93,293.683,293.658,293.569
284,0.078888889,718.675,293.56,395.486,297.219,292.585,298.31,298.113,871.082,712.312,486.211,540.275,774.8,293.943,293.696,293.668,293.565
285,0.079166667,718.675,293.56,395.486,297.219,292.585,298.31,298.113,871.082,712.312,486.211,540.275,774.8,293.943,293.696,293.668,293.565
286,0.079444444,718.675,293.56,395.486,297.219,292.585,298.31,298.113,871.082,712.312,486.211,540.275,774.8,293.943,293.696,293.668,293.565
287,0.079722222,718.675,293.56,395.486,297.219,292.585,298.31,298.113,871.082,712.312,486.211,540.275,774.8,293.943,293.696,293.668,293.565
288,0.08,721.132,293.57,396.549,297.311,292.626,298.303,298.11,873.47,716.136,488.168,542.554,778.383,293.946,293.708,293.673,293.576
289,0.080277778,721.132,293.57,396.549,297.311,292.626,298.303,298.11,873.47,716.136,488.168,542.554,778.383,293.946,293.708,293.673,293.576
290,0.080555556,721.132,293.57,396.549,297.311,292.626,298.303,298.11,873.47,716.136,488.168,542.554,778.383,293.946,293.708,293.673,293.576
291,0.080833333,723.261,293.557,398.237,297.397,292.631,298.303,298.119,875.873,720.002,490.154,544.886,781.974,293.942,293.709,293.676,293.571
292,0.081111111,723.261,293.557,398.237,297.397,292.631,298.303,298.119,875.873,720.002,490.154,544.886,781.974,293.942,293.709,293.676,293.571
293,0.081388889,723.261,293.557,398.237,297.397,292.631,298.303,298.119,875.873,720.002,490.154,544.886,781.974,293.942,293.709,293.676,293.571
294,0.081666667,723.261,293.557,398.237,297.397,292.631,298.303,298.119,875.873,720.002,490.154,544.886,781.974,293.942,293.709,293.676,293.571
295,0.081944444,725.655,293.556,399.29,297.485,292.647,298.301,298.108,878.506,723.829,492.115,547.17,785.487,293.954,293.707,293.675,293.572
296,0.082222222,725.655,293.556,399.29,297.485,292.647,298.301,298.108,878.506,723.829,492.115,547.17,785.487,293.954,293.707,293.675,293.572
297,0.0825,725.655,293.556,399.29,297.485,292.647,298.301,298.108,878.506,723.829,492.115,547.17,785.487,293.954,293.707,293.675,293.572
298,0.082777778,725.655,293.556,399.29,297.485,292.647,298.301,298.108,878.506,723.829,492.115,547.17,785.487,293.954,293.707,293.675,293.572
299,0.083055556,728.933,293.561,400.675,297.574,292.679,298.288,298.108,881.479,727.527,494.042,549.395,788.904,293.971,293.719,293.683,293.588
300,0.083333333,728.933,293.561,400.675,297.574,292.679,298.288,298.108,881.479,727.527,494.042,549.395,788.904,293.971,293.719,293.683,293.588
301,0.083611111,728.933,293.561,400.675,297.574,292.679,298.288,298.108,881.479,727.527,494.042,549.395,788.904,293.971,293.719,293.683,293.588
302,0.083888889,731.928,293.563,402.042,297.664,292.681,298.273,298.104,884.022,731.136,495.939,551.589,792.23,293.97,293.721,293.674,293.575
303,0.084166667,731.928,293.563,402.042,297.664,292.681,298.273,298.104,884.022,731.136,495.939,551.589,792.23,293.97,293.721,293.674,293.575
304,0.084444444,731.928,293.563,402.042,297.664,292.681,298.273,298.104,884.022,731.136,495.939,551.589,792.23,293.97,293.721,293.674,293.575
305,0.084722222,735.089,293.574,403.404,297.762,292.712,298.285,298.109,886.894,734.63,497.83,553.749,795.45,293.991,293.747,293.696,293.586
306,0.085,735.089,293.574,403.404,297.762,292.712,298.285,298.109,886.894,734.63,497.83,553.749,795.45,293.991,293.747,293.696,293.586
307,0.085277778,735.089,293.574,403.404,297.762,292.712,298.285,298.109,886.894,734.63,497.83,553.749,795.45,293.991,293.747,293.696,293.586
308,0.085555556,735.089,293.574,403.404,297.762,292.712,298.285,298.109,886.894,734.63,497.83,553.749,795.45,293.991,293.747,293.696,293.586
309,0.085833333,737.588,293.585,404.575,297.859,292.735,298.284,298.102,889.322,737.959,499.643,555.82,798.543,293.997,293.757,293.702,293.594
310,0.086111111,737.588,293.585,404.575,297.859,292.735,298.284,298.102,889.322,737.959,499.643,555.82,798.543,293.997,293.757,293.702,293.594
311,0.086388889,737.588,293.585,404.575,297.859,292.735,298.284,298.102,889.322,737.959,499.643,555.82,798.543,293.997,293.757,293.702,293.594
312,0.086666667,740.114,293.571,405.803,297.938,292.756,298.282,298.098,891.465,741.38,501.497,557.947,801.72,294.003,293.752,293.7,293.607
313,0.086944444,740.114,293.571,405.803,297.938,292.756,298.282,298.098,891.465,741.38,501.497,557.947,801.72,294.003,293.752,293.7,293.607
314,0.087222222,740.114,293.571,405.803,297.938,292.756,298.282,298.098,891.465,741.38,501.497,557.947,801.72,294.003,293.752,293.7,293.607
315,0.0875,740.114,293.571,405.803,297.938,292.756,298.282,298.098,891.465,741.38,501.497,557.947,801.72,294.003,293.752,293.7,293.607
316,0.087777778,742.791,293.579,406.995,298.044,292.768,298.276,298.1,893.973,744.765,503.367,560.068,804.878,294.013,293.767,293.701,293.607
317,0.088055556,742.791,293.579,406.995,298.044,292.768,298.276,298.1,893.973,744.765,503.367,560.068,804.878,294.013,293.767,293.701,293.607
318,0.088333333,742.791,293.579,406.995,298.044,292.768,298.276,298.1,893.973,744.765,503.367,560.068,804.878,294.013,293.767,293.701,293.607
319,0.088611111,745.951,293.577,408.148,298.128,292.794,298.279,298.111,896.746,748.122,505.168,562.066,807.923,294.018,293.777,293.711,293.617
320,0.088888889,745.951,293.577,408.148,298.128,292.794,298.279,298.111,896.746,748.122,505.168,562.066,807.923,294.018,293.777,293.711,293.617
321,0.089166667,745.951,293.577,408.148,298.128,292.794,298.279,298.111,896.746,748.122,505.168,562.066,807.923,294.018,293.777,293.711,293.617
322,0.089444444,745.951,293.577,408.148,298.128,292.794,298.279,298.111,896.746,748.122,505.168,562.066,807.923,294.018,293.777,293.711,293.617
323,0.089722222,748.445,293.584,409.258,298.222,292.793,298.281,298.106,899.264,751.56,506.969,564.157,811.002,294.026,293.771,293.705,293.617
324,0.09,748.445,293.584,409.258,298.222,292.793,298.281,298.106,899.264,751.56,506.969,564.157,811.002,294.026,293.771,293.705,293.617
325,0.090277778,748.445,293.584,409.258,298.222,292.793,298.281,298.106,899.264,751.56,506.969,564.157,811.002,294.026,293.771,293.705,293.617
326,0.090555556,751.655,293.594,410.542,298.324,292.834,298.276,298.099,901.644,754.838,508.738,566.156,813.903,294.042,293.795,293.719,293.635
327,0.090833333,751.655,293.594,410.542,298.324,292.834,298.276,298.099,901.644,754.838,508.738,566.156,813.903,294.042,293.795,293.719,293.635
328,0.091111111,751.655,293.594,410.542,298.324,292.834,298.276,298.099,901.644,754.838,508.738,566.156,813.903,294.042,293.795,293.719,293.635
329,0.091388889,751.655,293.594,410.542,298.324,292.834,298.276,298.099,901.644,754.838,508.738,566.156,813.903,294.042,293.795,293.719,293.635
330,0.091666667,755.148,293.588,411.643,298.416,292.852,298.269,298.098,904.135,758.138,510.536,568.238,816.945,294.047,293.802,293.715,293.621
331,0.091944444,755.148,293.588,411.643,298.416,292.852,298.269,298.098,904.135,758.138,510.536,568.238,816.945,294.047,293.802,293.715,293.621
332,0.092222222,755.148,293.588,411.643,298.416,292.852,298.269,298.098,904.135,758.138,510.536,568.238,816.945,294.047,293.802,293.715,293.621
333,0.0925,758.528,293.601,412.723,298.504,292.868,298.281,298.118,906.631,761.241,512.258,570.172,819.805,294.052,293.813,293.725,293.64
334,0.092777778,758.528,293.601,412.723,298.504,292.868,298.281,298.118,906.631,761.241,512.258,570.172,819.805,294.052,293.813,293.725,293.64
335,0.093055556,758.528,293.601,412.723,298.504,292.868,298.281,298.118,906.631,761.241,512.258,570.172,819.805,294.052,293.813,293.725,293.64
336,0.093333333,758.528,293.601,412.723,298.504,292.868,298.281,298.118,906.631,761.241,512.258,570.172,819.805,294.052,293.813,293.725,293.64
337,0.093611111,761.915,293.595,413.924,298.601,292.894,298.283,298.114,909.231,764.362,514.012,572.18,822.738,294.066,293.811,293.728,293.64
338,0.093888889,761.915,293.595,413.924,298.601,292.894,298.283,298.114,909.231,764.362,514.012,572.18,822.738,294.066,293.811,293.728,293.64
339,0.094166667,761.915,293.595,413.924,298.601,292.894,298.283,298.114,909.231,764.362,514.012,572.18,822.738,294.066,293.811,293.728,293.64
340,0.094444444,764.793,293.599,414.78,298.702,292.913,298.271,298.099,911.404,767.238,515.69,574.065,825.478,294.076,293.829,293.739,293.646
341,0.094722222,764.793,293.599,414.78,298.702,292.913,298.271,298.099,911.404,767.238,515.69,574.065,825.478,294.076,293.829,293.739,293.646
342,0.095,764.793,293.599,414.78,298.702,292.913,298.271,298.099,911.404,767.238,515.69,574.065,825.478,294.076,293.829,293.739,293.646
343,0.095277778,764.793,293.599,414.78,298.702,292.913,298.271,298.099,911.404,767.238,515.69,574.065,825.478,294.076,293.829,293.739,293.646
344,0.095555556,767.728,293.61,416.084,298.799,292.935,298.281,298.109,913.676,770.123,517.41,576.035,828.299,294.085,293.838,293.74,293.657
345,0.095833333,767.728,293.61,416.084,298.799,292.935,298.281,298.109,913.676,770.123,517.41,576.035,828.299,294.085,293.838,293.74,293.657
346,0.096111111,767.728,293.61,416.084,298.799,292.935,298.281,298.109,913.676,770.123,517.41,576.035,828.299,294.085,293.838,293.74,293.657
347,0.096388889,770.895,293.608,417.221,298.892,292.964,298.282,298.105,916.164,773.017,519.087,577.912,831.056,294.084,293.847,293.758,293.659
348,0.096666667,770.895,293.608,417.221,298.892,292.964,298.282,298.105,916.164,773.017,519.087,577.912,831.056,294.084,293.847,293.758,293.659
349,0.096944444,770.895,293.608,417.221,298.892,292.964,298.282,298.105,916.164,773.017,519.087,577.912,831.056,294.084,293.847,293.758,293.659
350,0.097222222,770.895,293.608,417.221,298.892,292.964,298.282,298.105,916.164,773.017,519.087,577.912,831.056,294.084,293.847,293.758,293.659
351,0.0975,774.035,293.603,418.281,298.986,292.97,298.277,298.117,918.319,775.912,520.729,579.763,833.735,294.099,293.847,293.744,293.656
352,0.097777778,774.035,293.603,418.281,298.986,292.97,298.277,298.117,918.319,775.912,520.729,579.763,833.735,294.099,293.847,293.744,293.656
353,0.098055556,774.035,293.603,418.281,298.986,292.97,298.277,298.117,918.319,775.912,520.729,579.763,833.735,294.099,293.847,293.744,293.656
354,0.098333333,776.8,293.612,419.511,299.087,292.981,298.27,298.113,920.082,778.777,522.369,581.613,836.375,294.113,293.86,293.756,293.666
355,0.098611111,776.8,293.612,419.511,299.087,292.981,298.27,298.113,920.082,778.777,522.369,581.613,836.375,294.113,293.86,293.756,293.666
356,0.098888889,776.8,293.612,419.511,299.087,292.981,298.27,298.113,920.082,778.777,522.369,581.613,836.375,294.113,293.86,293.756,293.666
357,0.099166667,776.8,293.612,419.511,299.087,292.981,298.27,298.113,920.082,778.777,522.369,581.613,836.375,294.113,293.86,293.756,293.666
358,0.099444444,779.071,293.615,420.475,299.184,293.003,298.255,298.099,921.9,781.609,523.98,583.495,839.029,294.11,293.86,293.762,293.669
359,0.099722222,779.071,293.615,420.475,299.184,293.003,298.255,298.099,921.9,781.609,523.98,583.495,839.029,294.11,293.86,293.762,293.669
360,0.1,779.071,293.615,420.475,299.184,293.003,298.255,298.099,921.9,781.609,523.98,583.495,839.029,294.11,293.86,293.762,293.669
361,0.100277778,781.123,293.608,421.551,299.278,293.012,298.259,298.087,923.909,784.391,525.54,585.284,841.568,294.122,293.867,293.755,293.668
362,0.100555556,781.123,293.608,421.551,299.278,293.012,298.259,298.087,923.909,784.391,525.54,585.284,841.568,294.122,293.867,293.755,293.668
363,0.100833333,781.123,293.608,421.551,299.278,293.012,298.259,298.087,923.909,784.391,525.54,585.284,841.568,294.122,293.867,293.755,293.668
364,0.101111111,781.123,293.608,421.551,299.278,293.012,298.259,298.087,923.909,784.391,525.54,585.284,841.568,294.122,293.867,293.755,293.668
365,0.101388889,783.324,293.627,422.785,299.383,293.061,298.285,298.114,925.816,787.174,527.134,587.081,844.062,294.133,293.894,293.767,293.688
366,0.101666667,783.324,293.627,422.785,299.383,293.061,298.285,298.114,925.816,787.174,527.134,587.081,844.062,294.133,293.894,293.767,293.688
367,0.101944444,783.324,293.627,422.785,299.383,293.061,298.285,298.114,925.816,787.174,527.134,587.081,844.062,294.133,293.894,293.767,293.688
368,0.102222222,785.411,293.626,423.748,299.488,293.073,298.274,298.11,927.673,789.868,528.686,588.865,846.545,294.145,293.9,293.777,293.683
369,0.1025,785.411,293.626,423.748,299.488,293.073,298.274,298.11,927.673,789.868,528.686,588.865,846.545,294.145,293.9,293.777,293.683
370,0.102777778,785.411,293.626,423.748,299.488,293.073,298.274,298.11,927.673,789.868,528.686,588.865,846.545,294.145,293.9,293.777,293.683
371,0.103055556,785.411,293.626,423.748,299.488,293.073,298.274,298.11,927.673,789.868,528.686,588.865,846.545,294.145,293.9,293.777,293.683
372,0.103333333,787.223,293.628,424.401,299.587,293.083,298.268,298.113,929.551,792.476,530.207,590.574,848.966,294.16,293.912,293.781,293.696
373,0.103611111,787.223,293.628,424.401,299.587,293.083,298.268,298.113,929.551,792.476,530.207,590.574,848.966,294.16,293.912,293.781,293.696
374,0.103888889,787.223,293.628,424.401,299.587,293.083,298.268,298.113,929.551,792.476,530.207,590.574,848.966,294.16,293.912,293.781,293.696
375,0.104166667,788.825,293.629,425.544,299.679,293.101,298.262,298.112,931.254,795.066,531.691,592.316,851.351,294.158,293.913,293.781,293.7
376,0.104444444,788.825,293.629,425.544,299.679,293.101,298.262,298.112,931.254,795.066,531.691,592.316,851.351,294.158,293.913,293.781,293.7
377,0.104722222,788.825,293.629,425.544,299.679,293.101,298.262,298.112,931.254,795.066,531.691,592.316,851.351,294.158,293.913,293.781,293.7
378,0.105,788.825,293.629,425.544,299.679,293.101,298.262,298.112,931.254,795.066,531.691,592.316,851.351,294.158,293.913,293.781,293.7
379,0.105277778,790.049,293.633,426.491,299.791,293.125,298.265,298.114,932.658,797.682,533.21,594.05,853.714,294.17,293.926,293.784,293.706
380,0.105555556,790.049,293.633,426.491,299.791,293.125,298.265,298.114,932.658,797.682,533.21,594.05,853.714,294.17,293.926,293.784,293.706
381,0.105833333,790.049,293.633,426.491,299.791,293.125,298.265,298.114,932.658,797.682,533.21,594.05,853.714,294.17,293.926,293.784,293.706
382,0.106111111,792.352,293.637,427.74,299.886,293.151,298.259,298.103,934.37,800.255,534.684,595.781,856.088,294.18,293.933,293.791,293.699
383,0.106388889,792.352,293.637,427.74,299.886,293.151,298.259,298.103,934.37,800.255,534.684,595.781,856.088,294.18,293.933,293.791,293.699
384,0.106666667,792.352,293.637,427.74,299.886,293.151,298.259,298.103,934.37,800.255,534.684,595.781,856.088,294.18,293.933,293.791,293.699
385,0.106944444,792.352,293.637,427.74,299.886,293.151,298.259,298.103,934.37,800.255,534.684,595.781,856.088,294.18,293.933,293.791,293.699
386,0.107222222,794.638,293.632,428.719,299.978,293.162,298.26,298.105,935.994,802.801,536.174,597.481,858.393,294.181,293.935,293.795,293.7
387,0.1075,794.638,293.632,428.719,299.978,293.162,298.26,298.105,935.994,802.801,536.174,597.481,858.393,294.181,293.935,293.795,293.7
388,0.107777778,794.638,293.632,428.719,299.978,293.162,298.26,298.105,935.994,802.801,536.174,597.481,858.393,294.181,293.935,293.795,293.7
389,0.108055556,796.589,293.661,429.912,300.113,293.206,298.267,298.125,937.558,805.314,537.646,599.197,860.679,294.203,293.957,293.81,293.729
390,0.108333333,796.589,293.661,429.912,300.113,293.206,298.267,298.125,937.558,805.314,537.646,599.197,860.679,294.203,293.957,293.81,293.729
391,0.108611111,796.589,293.661,429.912,300.113,293.206,298.267,298.125,937.558,805.314,537.646,599.197,860.679,294.203,293.957,293.81,293.729
392,0.108888889,796.589,293.661,429.912,300.113,293.206,298.267,298.125,937.558,805.314,537.646,599.197,860.679,294.203,293.957,293.81,293.729
393,0.109166667,799.077,293.644,431.092,300.18,293.174,298.256,298.101,939.161,807.781,539.091,600.846,862.923,294.204,293.959,293.798,293.708
394,0.109444444,799.077,293.644,431.092,300.18,293.174,298.256,298.101,939.161,807.781,539.091,600.846,862.923,294.204,293.959,293.798,293.708
395,0.109722222,799.077,293.644,431.092,300.18,293.174,298.256,298.101,939.161,807.781,539.091,600.846,862.923,294.204,293.959,293.798,293.708
396,0.11,801.473,293.655,432.283,300.304,293.23,298.256,298.116,940.671,810.259,540.541,602.481,865.123,294.216,293.974,293.82,293.732
397,0.110277778,801.473,293.655,432.283,300.304,293.23,298.256,298.116,940.671,810.259,540.541,602.481,865.123,294.216,293.974,293.82,293.732
398,0.110555556,801.473,293.655,432.283,300.304,293.23,298.256,298.116,940.671,810.259,540.541,602.481,865.123,294.216,293.974,293.82,293.732
399,0.110833333,801.473,293.655,432.283,300.304,293.23,298.256,298.116,940.671,810.259,540.541,602.481,865.123,294.216,293.974,293.82,293.732
400,0.111111111,804.427,293.654,433.425,300.402,293.242,298.265,298.117,942.081,812.697,541.974,604.138,867.308,294.235,293.979,293.817,293.733
401,0.111388889,804.427,293.654,433.425,300.402,293.242,298.265,298.117,942.081,812.697,541.974,604.138,867.308,294.235,293.979,293.817,293.733
402,0.111666667,804.427,293.654,433.425,300.402,293.242,298.265,298.117,942.081,812.697,541.974,604.138,867.308,294.235,293.979,293.817,293.733
403,0.111944444,806.799,293.649,434.572,300.495,293.234,298.257,298.094,943.384,815.063,543.383,605.771,869.443,294.227,293.985,293.823,293.729
404,0.112222222,806.799,293.649,434.572,300.495,293.234,298.257,298.094,943.384,815.063,543.383,605.771,869.443,294.227,293.985,293.823,293.729
405,0.1125,806.799,293.649,434.572,300.495,293.234,298.257,298.094,943.384,815.063,543.383,605.771,869.443,294.227,293.985,293.823,293.729
406,0.112777778,806.799,293.649,434.572,300.495,293.234,298.257,298.094,943.384,815.063,543.383,605.771,869.443,294.227,293.985,293.823,293.729
407,0.113055556,809.374,293.664,435.626,300.605,293.283,298.263,298.109,944.821,817.389,544.781,607.325,871.509,294.235,293.991,293.828,293.746
408,0.113333333,809.374,293.664,435.626,300.605,293.283,298.263,298.109,944.821,817.389,544.781,607.325,871.509,294.235,293.991,293.828,293.746
409,0.113611111,809.374,293.664,435.626,300.605,293.283,298.263,298.109,944.821,817.389,544.781,607.325,871.509,294.235,293.991,293.828,293.746
410,0.113888889,811.412,293.671,436.811,300.711,293.282,298.271,298.119,946.069,819.689,546.183,608.939,873.585,294.257,294.002,293.835,293.741
411,0.114166667,811.412,293.671,436.811,300.711,293.282,298.271,298.119,946.069,819.689,546.183,608.939,873.585,294.257,294.002,293.835,293.741
412,0.114444444,811.412,293.671,436.811,300.711,293.282,298.271,298.119,946.069,819.689,546.183,608.939,873.585,294.257,294.002,293.835,293.741
413,0.114722222,811.412,293.671,436.811,300.711,293.282,298.271,298.119,946.069,819.689,546.183,608.939,873.585,294.257,294.002,293.835,293.741
414,0.115,813.183,293.668,437.837,300.813,293.299,298.266,298.115,947.421,821.995,547.584,610.535,875.613,294.264,294.007,293.838,293.757
415,0.115277778,813.183,293.668,437.837,300.813,293.299,298.266,298.115,947.421,821.995,547.584,610.535,875.613,294.264,294.007,293.838,293.757
416,0.115555556,813.183,293.668,437.837,300.813,293.299,298.266,298.115,947.421,821.995,547.584,610.535,875.613,294.264,294.007,293.838,293.757
417,0.115833333,815.195,293.665,439.144,300.919,293.331,298.269,298.118,948.869,824.227,548.945,612.111,877.635,294.272,294.028,293.848,293.763
418,0.116111111,815.195,293.665,439.144,300.919,293.331,298.269,298.118,948.869,824.227,548.945,612.111,877.635,294.272,294.028,293.848,293.763
419,0.116388889,815.195,293.665,439.144,300.919,293.331,298.269,298.118,948.869,824.227,548.945,612.111,877.635,294.272,294.028,293.848,293.763
420,0.116666667,815.195,293.665,439.144,300.919,293.331,298.269,298.118,948.869,824.227,548.945,612.111,877.635,294.272,294.028,293.848,293.763
421,0.116944444,817.246,293.67,440.105,301.023,293.328,298.261,298.113,950.266,826.413,550.29,613.709,879.584,294.273,294.025,293.843,293.758
422,0.117222222,817.246,293.67,440.105,301.023,293.328,298.261,298.113,950.266,826.413,550.29,613.709,879.584,294.273,294.025,293.843,293.758
423,0.1175,817.246,293.67,440.105,301.023,293.328,298.261,298.113,950.266,826.413,550.29,613.709,879.584,294.273,294.025,293.843,293.758
424,0.117777778,818.662,293.676,441.349,301.125,293.382,298.261,298.124,951.484,828.6,551.652,615.235,881.498,294.288,294.036,293.859,293.774
425,0.118055556,818.662,293.676,441.349,301.125,293.382,298.261,298.124,951.484,828.6,551.652,615.235,881.498,294.288,294.036,293.859,293.774
426,0.118333333,818.662,293.676,441.349,301.125,293.382,298.261,298.124,951.484,828.6,551.652,615.235,881.498,294.288,294.036,293.859,293.774
427,0.118611111,818.662,293.676,441.349,301.125,293.382,298.261,298.124,951.484,828.6,551.652,615.235,881.498,294.288,294.036,293.859,293.774
428,0.118888889,820.58,293.685,442.498,301.232,293.371,298.261,298.115,952.8,830.752,552.987,616.75,883.367,294.282,294.039,293.851,293.773
429,0.119166667,820.58,293.685,442.498,301.232,293.371,298.261,298.115,952.8,830.752,552.987,616.75,883.367,294.282,294.039,293.851,293.773
430,0.119444444,820.58,293.685,442.498,301.232,293.371,298.261,298.115,952.8,830.752,552.987,616.75,883.367,294.282,294.039,293.851,293.773
431,0.119722222,822.572,293.695,443.614,301.336,293.395,298.26,298.122,954.13,832.837,554.298,618.244,885.22,294.307,294.048,293.861,293.782
432,0.12,822.572,293.695,443.614,301.336,293.395,298.26,298.122,954.13,832.837,554.298,618.244,885.22,294.307,294.048,293.861,293.782
433,0.120277778,822.572,293.695,443.614,301.336,293.395,298.26,298.122,954.13,832.837,554.298,618.244,885.22,294.307,294.048,293.861,293.782
434,0.120555556,822.572,293.695,443.614,301.336,293.395,298.26,298.122,954.13,832.837,554.298,618.244,885.22,294.307,294.048,293.861,293.782
435,0.120833333,824.381,293.695,444.893,301.438,293.421,298.266,298.112,955.391,834.894,555.622,619.708,887.037,294.311,294.055,293.871,293.788
436,0.121111111,824.381,293.695,444.893,301.438,293.421,298.266,298.112,955.391,834.894,555.622,619.708,887.037,294.311,294.055,293.871,293.788
437,0.121388889,824.381,293.695,444.893,301.438,293.421,298.266,298.112,955.391,834.894,555.622,619.708,887.037,294.311,294.055,293.871,293.788
438,0.121666667,826.89,293.703,446.009,301.544,293.444,298.26,298.124,956.802,836.847,556.917,621.179,888.843,294.317,294.068,293.877,293.798
439,0.121944444,826.89,293.703,446.009,301.544,293.444,298.26,298.124,956.802,836.847,556.917,621.179,888.843,294.317,294.068,293.877,293.798
440,0.122222222,826.89,293.703,446.009,301.544,293.444,298.26,298.124,956.802,836.847,556.917,621.179,888.843,294.317,294.068,293.877,293.798
441,0.1225,826.89,293.703,446.009,301.544,293.444,298.26,298.124,956.802,836.847,556.917,621.179,888.843,294.317,294.068,293.877,293.798
442,0.122777778,828.557,293.696,447.26,301.651,293.454,298.245,298.111,958.183,838.77,558.224,622.645,890.638,294.319,294.082,293.878,293.791
443,0.123055556,828.557,293.696,447.26,301.651,293.454,298.245,298.111,958.183,838.77,558.224,622.645,890.638,294.319,294.082,293.878,293.791
444,0.123333333,828.557,293.696,447.26,301.651,293.454,298.245,298.111,958.183,838.77,558.224,622.645,890.638,294.319,294.082,293.878,293.791
445,0.123611111,830.887,293.703,448.381,301.745,293.482,298.247,298.12,959.425,840.62,559.505,624.049,892.363,294.335,294.087,293.885,293.796
446,0.123888889,830.887,293.703,448.381,301.745,293.482,298.247,298.12,959.425,840.62,559.505,624.049,892.363,294.335,294.087,293.885,293.796
447,0.124166667,830.887,293.703,448.381,301.745,293.482,298.247,298.12,959.425,840.62,559.505,624.049,892.363,294.335,294.087,293.885,293.796
448,0.124444444,830.887,293.703,448.381,301.745,293.482,298.247,298.12,959.425,840.62,559.505,624.049,892.363,294.335,294.087,293.885,293.796
449,0.124722222,832.02,293.719,449.365,301.864,293.49,298.281,298.12,960.31,842.568,560.814,625.505,894.127,294.35,294.108,293.894,293.816
450,0.125,832.02,293.719,449.365,301.864,293.49,298.281,298.12,960.31,842.568,560.814,625.505,894.127,294.35,294.108,293.894,293.816
451,0.125277778,832.02,293.719,449.365,301.864,293.49,298.281,298.12,960.31,842.568,560.814,625.505,894.127,294.35,294.108,293.894,293.816
452,0.125555556,833.957,293.718,450.436,301.964,293.497,298.271,298.122,961.415,844.469,562.065,626.921,895.825,294.355,294.103,293.901,293.819
453,0.125833333,833.957,293.718,450.436,301.964,293.497,298.271,298.122,961.415,844.469,562.065,626.921,895.825,294.355,294.103,293.901,293.819
454,0.126111111,833.957,293.718,450.436,301.964,293.497,298.271,298.122,961.415,844.469,562.065,626.921,895.825,294.355,294.103,293.901,293.819
455,0.126388889,833.957,293.718,450.436,301.964,293.497,298.271,298.122,961.415,844.469,562.065,626.921,895.825,294.355,294.103,293.901,293.819
456,0.126666667,834.998,293.722,451.661,302.067,293.526,298.274,298.121,962.323,846.333,563.304,628.233,897.451,294.37,294.123,293.911,293.821
457,0.126944444,834.998,293.722,451.661,302.067,293.526,298.274,298.121,962.323,846.333,563.304,628.233,897.451,294.37,294.123,293.911,293.821
458,0.127222222,834.998,293.722,451.661,302.067,293.526,298.274,298.121,962.323,846.333,563.304,628.233,897.451,294.37,294.123,293.911,293.821
459,0.1275,835.838,293.725,452.778,302.17,293.527,298.267,298.122,963.358,848.276,564.576,629.637,899.164,294.372,294.121,293.91,293.822
460,0.127777778,835.838,293.725,452.778,302.17,293.527,298.267,298.122,963.358,848.276,564.576,629.637,899.164,294.372,294.121,293.91,293.822
461,0.128055556,835.838,293.725,452.778,302.17,293.527,298.267,298.122,963.358,848.276,564.576,629.637,899.164,294.372,294.121,293.91,293.822
462,0.128333333,835.838,293.725,452.778,302.17,293.527,298.267,298.122,963.358,848.276,564.576,629.637,899.164,294.372,294.121,293.91,293.822
463,0.128611111,836.95,293.727,453.813,302.278,293.544,298.271,298.127,964.421,850.134,565.799,630.978,900.786,294.375,294.128,293.912,293.831
464,0.128888889,836.95,293.727,453.813,302.278,293.544,298.271,298.127,964.421,850.134,565.799,630.978,900.786,294.375,294.128,293.912,293.831
465,0.129166667,836.95,293.727,453.813,302.278,293.544,298.271,298.127,964.421,850.134,565.799,630.978,900.786,294.375,294.128,293.912,293.831
466,0.129444444,838.464,293.734,455.118,302.396,293.575,298.277,298.139,965.587,852.019,567.047,632.34,902.393,294.398,294.158,293.927,293.843
467,0.129722222,838.464,293.734,455.118,302.396,293.575,298.277,298.139,965.587,852.019,567.047,632.34,902.393,294.398,294.158,293.927,293.843
468,0.13,838.464,293.734,455.118,302.396,293.575,298.277,298.139,965.587,852.019,567.047,632.34,902.393,294.398,294.158,293.927,293.843
469,0.130277778,838.464,293.734,455.118,302.396,293.575,298.277,298.139,965.587,852.019,567.047,632.34,902.393,294.398,294.158,293.927,293.843
470,0.130555556,840.078,293.737,456.482,302.512,293.604,298.273,298.139,966.571,853.874,568.298,633.727,904.021,294.394,294.154,293.927,293.858
471,0.130833333,840.078,293.737,456.482,302.512,293.604,298.273,298.139,966.571,853.874,568.298,633.727,904.021,294.394,294.154,293.927,293.858
472,0.131111111,840.078,293.737,456.482,302.512,293.604,298.273,298.139,966.571,853.874,568.298,633.727,904.021,294.394,294.154,293.927,293.858
473,0.131388889,840.722,293.748,457.338,302.621,293.607,298.285,298.133,967.453,855.71,569.522,635.056,905.635,294.416,294.168,293.94,293.859
474,0.131666667,840.722,293.748,457.338,302.621,293.607,298.285,298.133,967.453,855.71,569.522,635.056,905.635,294.416,294.168,293.94,293.859
475,0.131944444,840.722,293.748,457.338,302.621,293.607,298.285,298.133,967.453,855.71,569.522,635.056,905.635,294.416,294.168,293.94,293.859
476,0.132222222,840.722,293.748,457.338,302.621,293.607,298.285,298.133,967.453,855.71,569.522,635.056,905.635,294.416,294.168,293.94,293.859
477,0.1325,841.565,293.743,458.454,302.714,293.624,298.265,298.129,968.582,857.489,570.716,636.311,907.149,294.42,294.182,293.942,293.86
478,0.132777778,841.565,293.743,458.454,302.714,293.624,298.265,298.129,968.582,857.489,570.716,636.311,907.149,294.42,294.182,293.942,293.86
479,0.133055556,841.565,293.743,458.454,302.714,293.624,298.265,298.129,968.582,857.489,570.716,636.311,907.149,294.42,294.182,293.942,293.86
480,0.133333333,842.338,293.75,459.619,302.828,293.64,298.277,298.131,969.717,859.226,571.9,637.611,908.655,294.419,294.184,293.945,293.865
481,0.133611111,842.338,293.75,459.619,302.828,293.64,298.277,298.131,969.717,859.226,571.9,637.611,908.655,294.419,294.184,293.945,293.865
482,0.133888889,842.338,293.75,459.619,302.828,293.64,298.277,298.131,969.717,859.226,571.9,637.611,908.655,294.419,294.184,293.945,293.865
483,0.134166667,842.338,293.75,459.619,302.828,293.64,298.277,298.131,969.717,859.226,571.9,637.611,908.655,294.419,294.184,293.945,293.865
484,0.134444444,842.793,293.76,460.397,302.932,293.65,298.274,298.136,970.73,860.947,573.093,638.928,910.206,294.428,294.188,293.941,293.869
485,0.134722222,842.793,293.76,460.397,302.932,293.65,298.274,298.136,970.73,860.947,573.093,638.928,910.206,294.428,294.188,293.941,293.869
486,0.135,842.793,293.76,460.397,302.932,293.65,298.274,298.136,970.73,860.947,573.093,638.928,910.206,294.428,294.188,293.941,293.869
487,0.135277778,843.72,293.763,461.904,303.04,293.661,298.27,298.128,971.675,862.669,574.265,640.205,911.71,294.44,294.197,293.947,293.879
488,0.135555556,843.72,293.763,461.904,303.04,293.661,298.27,298.128,971.675,862.669,574.265,640.205,911.71,294.44,294.197,293.947,293.879
489,0.135833333,843.72,293.763,461.904,303.04,293.661,298.27,298.128,971.675,862.669,574.265,640.205,911.71,294.44,294.197,293.947,293.879
490,0.136111111,843.72,293.763,461.904,303.04,293.661,298.27,298.128,971.675,862.669,574.265,640.205,911.71,294.44,294.197,293.947,293.879
491,0.136388889,844.938,293.761,463.019,303.142,293.681,298.271,298.127,973.009,864.332,575.415,641.519,913.246,294.453,294.203,293.957,293.879
492,0.136666667,844.938,293.761,463.019,303.142,293.681,298.271,298.127,973.009,864.332,575.415,641.519,913.246,294.453,294.203,293.957,293.879
493,0.136944444,844.938,293.761,463.019,303.142,293.681,298.271,298.127,973.009,864.332,575.415,641.519,913.246,294.453,294.203,293.957,293.879
494,0.137222222,846.089,293.766,464.068,303.25,293.68,298.264,298.127,974.039,865.976,576.577,642.792,914.764,294.457,294.21,293.96,293.879
495,0.1375,846.089,293.766,464.068,303.25,293.68,298.264,298.127,974.039,865.976,576.577,642.792,914.764,294.457,294.21,293.96,293.879
496,0.137777778,846.089,293.766,464.068,303.25,293.68,298.264,298.127,974.039,865.976,576.577,642.792,914.764,294.457,294.21,293.96,293.879
497,0.138055556,846.089,293.766,464.068,303.25,293.68,298.264,298.127,974.039,865.976,576.577,642.792,914.764,294.457,294.21,293.96,293.879
498,0.138333333,847.819,293.773,465.083,303.36,293.707,298.266,298.132,975.043,867.606,577.731,644.059,916.249,294.467,294.232,293.968,293.889
499,0.138611111,847.819,293.773,465.083,303.36,293.707,298.266,298.132,975.043,867.606,577.731,644.059,916.249,294.467,294.232,293.968,293.889
500,0.138888889,847.819,293.773,465.083,303.36,293.707,298.266,298.132,975.043,867.606,577.731,644.059,916.249,294.467,294.232,293.968,293.889
501,0.139166667,849.213,293.781,466.268,303.479,293.735,298.284,298.14,975.976,869.216,578.878,645.288,917.715,294.482,294.233,293.982,293.904
502,0.139444444,849.213,293.781,466.268,303.479,293.735,298.284,298.14,975.976,869.216,578.878,645.288,917.715,294.482,294.233,293.982,293.904
503,0.139722222,849.213,293.781,466.268,303.479,293.735,298.284,298.14,975.976,869.216,578.878,645.288,917.715,294.482,294.233,293.982,293.904
504,0.14,849.213,293.781,466.268,303.479,293.735,298.284,298.14,975.976,869.216,578.878,645.288,917.715,294.482,294.233,293.982,293.904
505,0.140277778,850.006,293.791,467.214,303.583,293.754,298.28,298.152,976.717,870.796,580.016,646.563,919.161,294.504,294.244,293.983,293.907
506,0.140555556,850.006,293.791,467.214,303.583,293.754,298.28,298.152,976.717,870.796,580.016,646.563,919.161,294.504,294.244,293.983,293.907
507,0.140833333,850.006,293.791,467.214,303.583,293.754,298.28,298.152,976.717,870.796,580.016,646.563,919.161,294.504,294.244,293.983,293.907
508,0.141111111,851.204,293.805,468.366,303.692,293.76,298.295,298.151,977.545,872.355,581.123,647.79,920.555,294.505,294.254,293.999,293.919
509,0.141388889,851.204,293.805,468.366,303.692,293.76,298.295,298.151,977.545,872.355,581.123,647.79,920.555,294.505,294.254,293.999,293.919
510,0.141666667,851.204,293.805,468.366,303.692,293.76,298.295,298.151,977.545,872.355,581.123,647.79,920.555,294.505,294.254,293.999,293.919
511,0.141944444,851.204,293.805,468.366,303.692,293.76,298.295,298.151,977.545,872.355,581.123,647.79,920.555,294.505,294.254,293.999,293.919
512,0.142222222,852.632,293.802,469.696,303.795,293.762,298.29,298.15,978.301,873.857,582.243,649.016,921.963,294.506,294.26,293.994,293.924
513,0.1425,852.632,293.802,469.696,303.795,293.762,298.29,298.15,978.301,873.857,582.243,649.016,921.963,294.506,294.26,293.994,293.924
514,0.142777778,852.632,293.802,469.696,303.795,293.762,298.29,298.15,978.301,873.857,582.243,649.016,921.963,294.506,294.26,293.994,293.924
515,0.143055556,854.291,293.804,470.567,303.899,293.792,298.288,298.147,979.251,875.352,583.347,650.25,923.35,294.52,294.285,294.008,293.923
516,0.143333333,854.291,293.804,470.567,303.899,293.792,298.288,298.147,979.251,875.352,583.347,650.25,923.35,294.52,294.285,294.008,293.923
517,0.143611111,854.291,293.804,470.567,303.899,293.792,298.288,298.147,979.251,875.352,583.347,650.25,923.35,294.52,294.285,294.008,293.923
518,0.143888889,854.291,293.804,470.567,303.899,293.792,298.288,298.147,979.251,875.352,583.347,650.25,923.35,294.52,294.285,294.008,293.923
519,0.144166667,856.019,293.812,471.746,304.01,293.8,298.286,298.148,980.051,876.856,584.456,651.456,924.7,294.529,294.286,294.009,293.939
520,0.144444444,856.019,293.812,471.746,304.01,293.8,298.286,298.148,980.051,876.856,584.456,651.456,924.7,294.529,294.286,294.009,293.939
521,0.144722222,856.019,293.812,471.746,304.01,293.8,298.286,298.148,980.051,876.856,584.456,651.456,924.7,294.529,294.286,294.009,293.939
522,0.145,857.622,293.813,472.759,304.123,293.83,298.289,298.143,981.047,878.401,585.549,652.693,926.092,294.538,294.294,294.017,293.939
523,0.145277778,857.622,293.813,472.759,304.123,293.83,298.289,298.143,981.047,878.401,585.549,652.693,926.092,294.538,294.294,294.017,293.939
524,0.145555556,857.622,293.813,472.759,304.123,293.83,298.289,298.143,981.047,878.401,585.549,652.693,926.092,294.538,294.294,294.017,293.939
525,0.145833333,857.622,293.813,472.759,304.123,293.83,298.289,298.143,981.047,878.401,585.549,652.693,926.092,294.538,294.294,294.017,293.939
526,0.146111111,859.355,293.821,473.855,304.229,293.847,298.28,298.156,981.917,879.881,586.631,653.895,927.412,294.543,294.293,294.023,293.947
527,0.146388889,859.355,293.821,473.855,304.229,293.847,298.28,298.156,981.917,879.881,586.631,653.895,927.412,294.543,294.293,294.023,293.947
528,0.146666667,859.355,293.821,473.855,304.229,293.847,298.28,298.156,981.917,879.881,586.631,653.895,927.412,294.543,294.293,294.023,293.947
529,0.146944444,860.9,293.817,474.964,304.326,293.858,298.273,298.144,982.777,881.331,587.71,655.074,928.686,294.547,294.3,294.029,293.951
530,0.147222222,860.9,293.817,474.964,304.326,293.858,298.273,298.144,982.777,881.331,587.71,655.074,928.686,294.547,294.3,294.029,293.951
531,0.1475,860.9,293.817,474.964,304.326,293.858,298.273,298.144,982.777,881.331,587.71,655.074,928.686,294.547,294.3,294.029,293.951
532,0.147777778,860.9,293.817,474.964,304.326,293.858,298.273,298.144,982.777,881.331,587.71,655.074,928.686,294.547,294.3,294.029,293.951
533,0.148055556,863.033,293.828,476.069,304.437,293.865,298.274,298.148,983.749,882.738,588.796,656.281,929.978,294.568,294.32,294.03,293.961
534,0.148333333,863.033,293.828,476.069,304.437,293.865,298.274,298.148,983.749,882.738,588.796,656.281,929.978,294.568,294.32,294.03,293.961
535,0.148611111,863.033,293.828,476.069,304.437,293.865,298.274,298.148,983.749,882.738,588.796,656.281,929.978,294.568,294.32,294.03,293.961
536,0.148888889,864.74,293.841,477.077,304.542,293.887,298.285,298.144,984.65,884.071,589.819,657.429,931.2,294.571,294.317,294.041,293.959
537,0.149166667,864.74,293.841,477.077,304.542,293.887,298.285,298.144,984.65,884.071,589.819,657.429,931.2,294.571,294.317,294.041,293.959
538,0.149444444,864.74,293.841,477.077,304.542,293.887,298.285,298.144,984.65,884.071,589.819,657.429,931.2,294.571,294.317,294.041,293.959
539,0.149722222,864.74,293.841,477.077,304.542,293.887,298.285,298.144,984.65,884.071,589.819,657.429,931.2,294.571,294.317,294.041,293.959
540,0.15,866.74,293.848,478.012,304.656,293.894,298.316,298.168,985.4,885.405,590.858,658.556,932.414,294.57,294.34,294.05,293.976
541,0.150277778,866.74,293.848,478.012,304.656,293.894,298.316,298.168,985.4,885.405,590.858,658.556,932.414,294.57,294.34,294.05,293.976
542,0.150555556,866.74,293.848,478.012,304.656,293.894,298.316,298.168,985.4,885.405,590.858,658.556,932.414,294.57,294.34,294.05,293.976
543,0.150833333,868.228,293.853,479.067,304.758,293.927,298.337,298.198,985.923,886.775,591.932,659.767,933.632,294.603,294.358,294.057,293.98
544,0.151111111,868.228,293.853,479.067,304.758,293.927,298.337,298.198,985.923,886.775,591.932,659.767,933.632,294.603,294.358,294.057,293.98
545,0.151388889,868.228,293.853,479.067,304.758,293.927,298.337,298.198,985.923,886.775,591.932,659.767,933.632,294.603,294.358,294.057,293.98
546,0.151666667,868.228,293.853,479.067,304.758,293.927,298.337,298.198,985.923,886.775,591.932,659.767,933.632,294.603,294.358,294.057,293.98
547,0.151944444,870.347,293.861,480.102,304.864,293.935,298.331,298.211,986.558,888.075,592.955,660.862,934.818,294.596,294.36,294.06,293.991
548,0.152222222,870.347,293.861,480.102,304.864,293.935,298.331,298.211,986.558,888.075,592.955,660.862,934.818,294.596,294.36,294.06,293.991
549,0.1525,870.347,293.861,480.102,304.864,293.935,298.331,298.211,986.558,888.075,592.955,660.862,934.818,294.596,294.36,294.06,293.991
550,0.152777778,872.184,293.879,481.108,304.968,293.953,298.336,298.214,987.181,889.398,594.005,662.051,935.992,294.616,294.37,294.062,293.997
551,0.153055556,872.184,293.879,481.108,304.968,293.953,298.336,298.214,987.181,889.398,594.005,662.051,935.992,294.616,294.37,294.062,293.997
552,0.153333333,872.184,293.879,481.108,304.968,293.953,298.336,298.214,987.181,889.398,594.005,662.051,935.992,294.616,294.37,294.062,293.997
553,0.153611111,872.184,293.879,481.108,304.968,293.953,298.336,298.214,987.181,889.398,594.005,662.051,935.992,294.616,294.37,294.062,293.997
554,0.153888889,873.03,293.866,481.991,305.063,293.968,298.317,298.194,987.77,890.66,594.969,663.129,937.095,294.616,294.374,294.066,293.997
555,0.154166667,873.03,293.866,481.991,305.063,293.968,298.317,298.194,987.77,890.66,594.969,663.129,937.095,294.616,294.374,294.066,293.997
556,0.154444444,873.03,293.866,481.991,305.063,293.968,298.317,298.194,987.77,890.66,594.969,663.129,937.095,294.616,294.374,294.066,293.997
557,0.154722222,874.464,293.875,483.062,305.164,293.969,298.323,298.194,988.093,891.965,596.012,664.233,938.233,294.619,294.372,294.072,294.003
558,0.155,874.464,293.875,483.062,305.164,293.969,298.323,298.194,988.093,891.965,596.012,664.233,938.233,294.619,294.372,294.072,294.003
559,0.155277778,874.464,293.875,483.062,305.164,293.969,298.323,298.194,988.093,891.965,596.012,664.233,938.233,294.619,294.372,294.072,294.003
560,0.155555556,874.464,293.875,483.062,305.164,293.969,298.323,298.194,988.093,891.965,596.012,664.233,938.233,294.619,294.372,294.072,294.003
561,0.155833333,875.664,293.889,483.974,305.284,293.999,298.334,298.2,988.521,893.226,597.058,665.382,939.364,294.632,294.393,294.081,294.013
562,0.156111111,875.664,293.889,483.974,305.284,293.999,298.334,298.2,988.521,893.226,597.058,665.382,939.364,294.632,294.393,294.081,294.013
563,0.156388889,875.664,293.889,483.974,305.284,293.999,298.334,298.2,988.521,893.226,597.058,665.382,939.364,294.632,294.393,294.081,294.013
564,0.156666667,876.469,293.883,484.988,305.37,294.001,298.327,298.201,988.922,894.47,598.054,666.491,940.458,294.636,294.4,294.087,294.016
565,0.156944444,876.469,293.883,484.988,305.37,294.001,298.327,298.201,988.922,894.47,598.054,666.491,940.458,294.636,294.4,294.087,294.016
566,0.157222222,876.469,293.883,484.988,305.37,294.001,298.327,298.201,988.922,894.47,598.054,666.491,940.458,294.636,294.4,294.087,294.016
567,0.1575,876.469,293.883,484.988,305.37,294.001,298.327,298.201,988.922,894.47,598.054,666.491,940.458,294.636,294.4,294.087,294.016
568,0.157777778,876.617,293.897,485.921,305.491,294.028,298.344,298.202,989.356,895.745,599.035,667.498,941.503,294.651,294.413,294.092,294.025
569,0.158055556,876.617,293.897,485.921,305.491,294.028,298.344,298.202,989.356,895.745,599.035,667.498,941.503,294.651,294.413,294.092,294.025
570,0.158333333,876.617,293.897,485.921,305.491,294.028,298.344,298.202,989.356,895.745,599.035,667.498,941.503,294.651,294.413,294.092,294.025
571,0.158611111,877.201,293.894,486.928,305.592,294.044,298.336,298.203,990.017,897.011,600.025,668.595,942.549,294.662,294.422,294.098,294.035
572,0.158888889,877.201,293.894,486.928,305.592,294.044,298.336,298.203,990.017,897.011,600.025,668.595,942.549,294.662,294.422,294.098,294.035
573,0.159166667,877.201,293.894,486.928,305.592,294.044,298.336,298.203,990.017,897.011,600.025,668.595,942.549,294.662,294.422,294.098,294.035
574,0.159444444,877.201,293.894,486.928,305.592,294.044,298.336,298.203,990.017,897.011,600.025,668.595,942.549,294.662,294.422,294.098,294.035
575,0.159722222,877.952,293.91,487.793,305.717,294.073,298.34,298.221,991.027,898.267,601.047,669.726,943.63,294.684,294.435,294.111,294.049
576,0.16,877.952,293.91,487.793,305.717,294.073,298.34,298.221,991.027,898.267,601.047,669.726,943.63,294.684,294.435,294.111,294.049
577,0.160277778,877.952,293.91,487.793,305.717,294.073,298.34,298.221,991.027,898.267,601.047,669.726,943.63,294.684,294.435,294.111,294.049
578,0.160555556,879.346,293.92,488.839,305.822,294.079,298.341,298.217,992.139,899.472,602.013,670.742,944.629,294.696,294.447,294.128,294.05
579,0.160833333,879.346,293.92,488.839,305.822,294.079,298.341,298.217,992.139,899.472,602.013,670.742,944.629,294.696,294.447,294.128,294.05
580,0.161111111,879.346,293.92,488.839,305.822,294.079,298.341,298.217,992.139,899.472,602.013,670.742,944.629,294.696,294.447,294.128,294.05
581,0.161388889,879.346,293.92,488.839,305.822,294.079,298.341,298.217,992.139,899.472,602.013,670.742,944.629,294.696,294.447,294.128,294.05
582,0.161666667,880.788,293.926,489.86,305.918,294.077,298.339,298.207,992.97,900.709,602.994,671.828,945.691,294.688,294.445,294.127,294.057
583,0.161944444,880.788,293.926,489.86,305.918,294.077,298.339,298.207,992.97,900.709,602.994,671.828,945.691,294.688,294.445,294.127,294.057
584,0.162222222,880.788,293.926,489.86,305.918,294.077,298.339,298.207,992.97,900.709,602.994,671.828,945.691,294.688,294.445,294.127,294.057
585,0.1625,881.66,293.928,490.909,306.013,294.088,298.342,298.21,993.877,901.925,603.981,672.875,946.732,294.694,294.454,294.126,294.054
586,0.162777778,881.66,293.928,490.909,306.013,294.088,298.342,298.21,993.877,901.925,603.981,672.875,946.732,294.694,294.454,294.126,294.054
587,0.163055556,881.66,293.928,490.909,306.013,294.088,298.342,298.21,993.877,901.925,603.981,672.875,946.732,294.694,294.454,294.126,294.054
588,0.163333333,881.66,293.928,490.909,306.013,294.088,298.342,298.21,993.877,901.925,603.981,672.875,946.732,294.694,294.454,294.126,294.054
589,0.163611111,882.209,293.945,491.788,306.119,294.112,298.336,298.206,994.509,903.11,604.94,673.889,947.74,294.713,294.472,294.137,294.07
590,0.163888889,882.209,293.945,491.788,306.119,294.112,298.336,298.206,994.509,903.11,604.94,673.889,947.74,294.713,294.472,294.137,294.07
591,0.164166667,882.209,293.945,491.788,306.119,294.112,298.336,298.206,994.509,903.11,604.94,673.889,947.74,294.713,294.472,294.137,294.07
592,0.164444444,882.59,293.939,492.772,306.233,294.121,298.329,298.213,994.924,904.302,605.923,674.92,948.757,294.714,294.467,294.138,294.07
593,0.164722222,882.59,293.939,492.772,306.233,294.121,298.329,298.213,994.924,904.302,605.923,674.92,948.757,294.714,294.467,294.138,294.07
594,0.165,882.59,293.939,492.772,306.233,294.121,298.329,298.213,994.924,904.302,605.923,674.92,948.757,294.714,294.467,294.138,294.07
595,0.165277778,882.59,293.939,492.772,306.233,294.121,298.329,298.213,994.924,904.302,605.923,674.92,948.757,294.714,294.467,294.138,294.07
596,0.165555556,882.616,293.949,493.798,306.342,294.134,298.333,298.204,995.441,905.487,606.925,675.968,949.81,294.728,294.482,294.15,294.069
597,0.165833333,882.616,293.949,493.798,306.342,294.134,298.333,298.204,995.441,905.487,606.925,675.968,949.81,294.728,294.482,294.15,294.069
598,0.166111111,882.616,293.949,493.798,306.342,294.134,298.333,298.204,995.441,905.487,606.925,675.968,949.81,294.728,294.482,294.15,294.069
599,0.166388889,882.942,293.946,494.669,306.434,294.135,298.316,298.2,995.86,906.635,607.882,677.008,950.818,294.73,294.477,294.149,294.085
600,0.166666667,882.942,293.946,494.669,306.434,294.135,298.316,298.2,995.86,906.635,607.882,677.008,950.818,294.73,294.477,294.149,294.085
601,0.166944444,882.942,293.946,494.669,306.434,294.135,298.316,298.2,995.86,906.635,607.882,677.008,950.818,294.73,294.477,294.149,294.085
602,0.167222222,882.942,293.946,494.669,306.434,294.135,298.316,298.2,995.86,906.635,607.882,677.008,950.818,294.73,294.477,294.149,294.085
603,0.1675,884.162,293.968,495.591,306.545,294.152,298.307,298.199,996.117,907.789,608.838,678.023,951.796,294.735,294.497,294.146,294.082
604,0.167777778,884.162,293.968,495.591,306.545,294.152,298.307,298.199,996.117,907.789,608.838,678.023,951.796,294.735,294.497,294.146,294.082
605,0.168055556,884.162,293.968,495.591,306.545,294.152,298.307,298.199,996.117,907.789,608.838,678.023,951.796,294.735,294.497,294.146,294.082
606,0.168333333,885.889,293.976,496.653,306.644,294.168,298.303,298.198,996.478,908.955,609.798,679.005,952.799,294.747,294.507,294.163,294.093
607,0.168611111,885.889,293.976,496.653,306.644,294.168,298.303,298.198,996.478,908.955,609.798,679.005,952.799,294.747,294.507,294.163,294.093
608,0.168888889,885.889,293.976,496.653,306.644,294.168,298.303,298.198,996.478,908.955,609.798,679.005,952.799,294.747,294.507,294.163,294.093
609,0.169166667,885.889,293.976,496.653,306.644,294.168,298.303,298.198,996.478,908.955,609.798,679.005,952.799,294.747,294.507,294.163,294.093
610,0.169444444,886.688,293.986,497.691,306.754,294.201,298.313,298.203,996.658,910.074,610.731,680.058,953.788,294.773,294.519,294.177,294.118
611,0.169722222,886.688,293.986,497.691,306.754,294.201,298.313,298.203,996.658,910.074,610.731,680.058,953.788,294.773,294.519,294.177,294.118
612,0.17,886.688,293.986,497.691,306.754,294.201,298.313,298.203,996.658,910.074,610.731,680.058,953.788,294.773,294.519,294.177,294.118
613,0.170277778,888.067,293.994,498.664,306.861,294.218,298.308,298.193,997.17,911.204,611.682,681.046,954.749,294.77,294.53,294.197,294.108
614,0.170555556,888.067,293.994,498.664,306.861,294.218,298.308,298.193,997.17,911.204,611.682,681.046,954.749,294.77,294.53,294.197,294.108
615,0.170833333,888.067,293.994,498.664,306.861,294.218,298.308,298.193,997.17,911.204,611.682,681.046,954.749,294.77,294.53,294.197,294.108
616,0.171111111,888.067,293.994,498.664,306.861,294.218,298.308,298.193,997.17,911.204,611.682,681.046,954.749,294.77,294.53,294.197,294.108
617,0.171388889,889.997,293.988,499.566,306.956,294.216,298.29,298.187,997.612,912.341,612.617,682.04,955.679,294.776,294.534,294.184,294.124
618,0.171666667,889.997,293.988,499.566,306.956,294.216,298.29,298.187,997.612,912.341,612.617,682.04,955.679,294.776,294.534,294.184,294.124
619,0.171944444,889.997,293.988,499.566,306.956,294.216,298.29,298.187,997.612,912.341,612.617,682.04,955.679,294.776,294.534,294.184,294.124
620,0.172222222,891.39,294.007,500.618,307.065,294.234,298.276,298.184,998.065,913.449,613.554,683.001,956.605,294.799,294.553,294.2,294.125
621,0.1725,891.39,294.007,500.618,307.065,294.234,298.276,298.184,998.065,913.449,613.554,683.001,956.605,294.799,294.553,294.2,294.125
622,0.172777778,891.39,294.007,500.618,307.065,294.234,298.276,298.184,998.065,913.449,613.554,683.001,956.605,294.799,294.553,294.2,294.125
623,0.173055556,891.39,294.007,500.618,307.065,294.234,298.276,298.184,998.065,913.449,613.554,683.001,956.605,294.799,294.553,294.2,294.125
624,0.173333333,892.259,294.008,501.712,307.158,294.236,298.268,298.173,998.632,914.533,614.493,684.009,957.545,294.795,294.555,294.198,294.13
625,0.173611111,892.259,294.008,501.712,307.158,294.236,298.268,298.173,998.632,914.533,614.493,684.009,957.545,294.795,294.555,294.198,294.13
626,0.173888889,892.259,294.008,501.712,307.158,294.236,298.268,298.173,998.632,914.533,614.493,684.009,957.545,294.795,294.555,294.198,294.13
627,0.174166667,893.835,294.012,502.821,307.268,294.253,298.265,298.165,999.143,915.566,615.385,684.957,958.39,294.798,294.564,294.197,294.136
628,0.174444444,893.835,294.012,502.821,307.268,294.253,298.265,298.165,999.143,915.566,615.385,684.957,958.39,294.798,294.564,294.197,294.136
629,0.174722222,893.835,294.012,502.821,307.268,294.253,298.265,298.165,999.143,915.566,615.385,684.957,958.39,294.798,294.564,294.197,294.136
630,0.175,893.835,294.012,502.821,307.268,294.253,298.265,298.165,999.143,915.566,615.385,684.957,958.39,294.798,294.564,294.197,294.136
631,0.175277778,894.927,294.025,503.701,307.376,294.257,298.258,298.149,999.682,916.617,616.307,685.936,959.264,294.805,294.561,294.207,294.137
632,0.175555556,894.927,294.025,503.701,307.376,294.257,298.258,298.149,999.682,916.617,616.307,685.936,959.264,294.805,294.561,294.207,294.137
633,0.175833333,894.927,294.025,503.701,307.376,294.257,298.258,298.149,999.682,916.617,616.307,685.936,959.264,294.805,294.561,294.207,294.137
634,0.176111111,895.334,294.031,504.648,307.481,294.275,298.25,298.15,999.96,917.634,617.24,686.931,960.158,294.823,294.577,294.222,294.155
635,0.176388889,895.334,294.031,504.648,307.481,294.275,298.25,298.15,999.96,917.634,617.24,686.931,960.158,294.823,294.577,294.222,294.155
636,0.176666667,895.334,294.031,504.648,307.481,294.275,298.25,298.15,999.96,917.634,617.24,686.931,960.158,294.823,294.577,294.222,294.155
637,0.176944444,895.334,294.031,504.648,307.481,294.275,298.25,298.15,999.96,917.634,617.24,686.931,960.158,294.823,294.577,294.222,294.155
638,0.177222222,895.722,294.046,505.474,307.583,294.29,298.234,298.141,1000.408,918.651,618.126,687.869,960.976,294.824,294.585,294.217,294.153
639,0.1775,895.722,294.046,505.474,307.583,294.29,298.234,298.141,1000.408,918.651,618.126,687.869,960.976,294.824,294.585,294.217,294.153
640,0.177777778,895.722,294.046,505.474,307.583,294.29,298.234,298.141,1000.408,918.651,618.126,687.869,960.976,294.824,294.585,294.217,294.153
641,0.178055556,896.457,294.054,506.4,307.691,294.304,298.236,298.136,1000.9,919.609,619.012,688.756,961.762,294.841,294.6,294.239,294.169
642,0.178333333,896.457,294.054,506.4,307.691,294.304,298.236,298.136,1000.9,919.609,619.012,688.756,961.762,294.841,294.6,294.239,294.169
643,0.178611111,896.457,294.054,506.4,307.691,294.304,298.236,298.136,1000.9,919.609,619.012,688.756,961.762,294.841,294.6,294.239,294.169
644,0.178888889,896.457,294.054,506.4,307.691,294.304,298.236,298.136,1000.9,919.609,619.012,688.756,961.762,294.841,294.6,294.239,294.169
645,0.179166667,896.861,294.051,507.26,307.769,294.31,298.212,298.118,1001.266,920.558,619.894,689.671,962.572,294.841,294.6,294.222,294.163
646,0.179444444,896.861,294.051,507.26,307.769,294.31,298.212,298.118,1001.266,920.558,619.894,689.671,962.572,294.841,294.6,294.222,294.163
647,0.179722222,896.861,294.051,507.26,307.769,294.31,298.212,298.118,1001.266,920.558,619.894,689.671,962.572,294.841,294.6,294.222,294.163
648,0.18,898.096,294.063,508.187,307.887,294.324,298.196,298.106,1001.882,921.51,620.785,690.625,963.369,294.858,294.611,294.234,294.176
649,0.180277778,898.096,294.063,508.187,307.887,294.324,298.196,298.106,1001.882,921.51,620.785,690.625,963.369,294.858,294.611,294.234,294.176
650,0.180555556,898.096,294.063,508.187,307.887,294.324,298.196,298.106,1001.882,921.51,620.785,690.625,963.369,294.858,294.611,294.234,294.176
651,0.180833333,898.096,294.063,508.187,307.887,294.324,298.196,298.106,1001.882,921.51,620.785,690.625,963.369,294.858,294.611,294.234,294.176
652,0.181111111,899.03,294.083,509.055,307.993,294.336,298.192,298.106,1002.644,922.483,621.692,691.562,964.186,294.866,294.618,294.245,294.187
653,0.181388889,899.03,294.083,509.055,307.993,294.336,298.192,298.106,1002.644,922.483,621.692,691.562,964.186,294.866,294.618,294.245,294.187
654,0.181666667,899.03,294.083,509.055,307.993,294.336,298.192,298.106,1002.644,922.483,621.692,691.562,964.186,294.866,294.618,294.245,294.187
655,0.181944444,900.295,294.091,510.016,308.098,294.349,298.188,298.097,1003.51,923.41,622.558,692.497,964.981,294.871,294.627,294.25,294.193
656,0.182222222,900.295,294.091,510.016,308.098,294.349,298.188,298.097,1003.51,923.41,622.558,692.497,964.981,294.871,294.627,294.25,294.193
657,0.1825,900.295,294.091,510.016,308.098,294.349,298.188,298.097,1003.51,923.41,622.558,692.497,964.981,294.871,294.627,294.25,294.193
658,0.182777778,900.295,294.091,510.016,308.098,294.349,298.188,298.097,1003.51,923.41,622.558,692.497,964.981,294.871,294.627,294.25,294.193
659,0.183055556,901.972,294.097,510.916,308.202,294.353,298.183,298.088,1003.991,924.326,623.42,693.41,965.772,294.884,294.642,294.256,294.191
660,0.183333333,901.972,294.097,510.916,308.202,294.353,298.183,298.088,1003.991,924.326,623.42,693.41,965.772,294.884,294.642,294.256,294.191
661,0.183611111,901.972,294.097,510.916,308.202,294.353,298.183,298.088,1003.991,924.326,623.42,693.41,965.772,294.884,294.642,294.256,294.191
662,0.183888889,903.012,294.092,511.862,308.313,294.365,298.168,298.083,1004.066,925.233,624.283,694.343,966.591,294.889,294.641,294.265,294.19
663,0.184166667,903.012,294.092,511.862,308.313,294.365,298.168,298.083,1004.066,925.233,624.283,694.343,966.591,294.889,294.641,294.265,294.19
664,0.184444444,903.012,294.092,511.862,308.313,294.365,298.168,298.083,1004.066,925.233,624.283,694.343,966.591,294.889,294.641,294.265,294.19
665,0.184722222,903.012,294.092,511.862,308.313,294.365,298.168,298.083,1004.066,925.233,624.283,694.343,966.591,294.889,294.641,294.265,294.19
666,0.185,903.66,294.105,512.652,308.424,294.382,298.177,298.085,1004.458,926.151,625.144,695.193,967.361,294.904,294.663,294.274,294.212
667,0.185277778,903.66,294.105,512.652,308.424,294.382,298.177,298.085,1004.458,926.151,625.144,695.193,967.361,294.904,294.663,294.274,294.212
668,0.185555556,903.66,294.105,512.652,308.424,294.382,298.177,298.085,1004.458,926.151,625.144,695.193,967.361,294.904,294.663,294.274,294.212
669,0.185833333,904.441,294.11,513.44,308.531,294.384,298.16,298.067,1004.946,927.04,625.984,696.128,968.157,294.904,294.664,294.273,294.218
670,0.186111111,904.441,294.11,513.44,308.531,294.384,298.16,298.067,1004.946,927.04,625.984,696.128,968.157,294.904,294.664,294.273,294.218
671,0.186388889,904.441,294.11,513.44,308.531,294.384,298.16,298.067,1004.946,927.04,625.984,696.128,968.157,294.904,294.664,294.273,294.218
672,0.186666667,904.441,294.11,513.44,308.531,294.384,298.16,298.067,1004.946,927.04,625.984,696.128,968.157,294.904,294.664,294.273,294.218
673,0.186944444,904.813,294.135,514.4,308.642,294.41,298.166,298.072,1005.423,927.963,626.861,697.035,968.948,294.92,294.691,294.294,294.227
674,0.187222222,904.813,294.135,514.4,308.642,294.41,298.166,298.072,1005.423,927.963,626.861,697.035,968.948,294.92,294.691,294.294,294.227
675,0.1875,904.813,294.135,514.4,308.642,294.41,298.166,298.072,1005.423,927.963,626.861,697.035,968.948,294.92,294.691,294.294,294.227
676,0.187777778,905.707,294.131,515.266,308.741,294.409,298.159,298.065,1006.207,928.843,627.681,697.896,969.69,294.926,294.679,294.294,294.222
677,0.188055556,905.707,294.131,515.266,308.741,294.409,298.159,298.065,1006.207,928.843,627.681,697.896,969.69,294.926,294.679,294.294,294.222
678,0.188333333,905.707,294.131,515.266,308.741,294.409,298.159,298.065,1006.207,928.843,627.681,697.896,969.69,294.926,294.679,294.294,294.222
679,0.188611111,905.707,294.131,515.266,308.741,294.409,298.159,298.065,1006.207,928.843,627.681,697.896,969.69,294.926,294.679,294.294,294.222
680,0.188888889,906.238,294.142,516.147,308.856,294.418,298.148,298.063,1006.72,929.738,628.539,698.791,970.45,294.943,294.706,294.292,294.237
681,0.189166667,906.238,294.142,516.147,308.856,294.418,298.148,298.063,1006.72,929.738,628.539,698.791,970.45,294.943,294.706,294.292,294.237
682,0.189444444,906.238,294.142,516.147,308.856,294.418,298.148,298.063,1006.72,929.738,628.539,698.791,970.45,294.943,294.706,294.292,294.237
683,0.189722222,906.841,294.163,516.941,308.951,294.438,298.15,298.061,1007.028,930.607,629.364,699.628,971.16,294.952,294.711,294.299,294.244
684,0.19,906.841,294.163,516.941,308.951,294.438,298.15,298.061,1007.028,930.607,629.364,699.628,971.16,294.952,294.711,294.299,294.244
685,0.190277778,906.841,294.163,516.941,308.951,294.438,298.15,298.061,1007.028,930.607,629.364,699.628,971.16,294.952,294.711,294.299,294.244
686,0.190555556,906.841,294.163,516.941,308.951,294.438,298.15,298.061,1007.028,930.607,629.364,699.628,971.16,294.952,294.711,294.299,294.244
687,0.190833333,907.867,294.158,517.706,309.044,294.447,298.146,298.054,1007.386,931.447,630.197,700.477,971.907,294.954,294.722,294.304,294.249
688,0.191111111,907.867,294.158,517.706,309.044,294.447,298.146,298.054,1007.386,931.447,630.197,700.477,971.907,294.954,294.722,294.304,294.249
689,0.191388889,907.867,294.158,517.706,309.044,294.447,298.146,298.054,1007.386,931.447,630.197,700.477,971.907,294.954,294.722,294.304,294.249
690,0.191666667,908.022,294.186,518.509,309.154,294.451,298.135,298.045,1007.525,932.29,631.014,701.293,972.621,294.96,294.728,294.319,294.248
691,0.191944444,908.022,294.186,518.509,309.154,294.451,298.135,298.045,1007.525,932.29,631.014,701.293,972.621,294.96,294.728,294.319,294.248
692,0.192222222,908.022,294.186,518.509,309.154,294.451,298.135,298.045,1007.525,932.29,631.014,701.293,972.621,294.96,294.728,294.319,294.248
693,0.1925,908.022,294.186,518.509,309.154,294.451,298.135,298.045,1007.525,932.29,631.014,701.293,972.621,294.96,294.728,294.319,294.248
694,0.192777778,907.874,294.181,519.305,309.259,294.454,298.137,298.049,1007.759,933.153,631.818,702.168,973.326,294.971,294.719,294.32,294.257
695,0.193055556,907.874,294.181,519.305,309.259,294.454,298.137,298.049,1007.759,933.153,631.818,702.168,973.326,294.971,294.719,294.32,294.257
696,0.193333333,907.874,294.181,519.305,309.259,294.454,298.137,298.049,1007.759,933.153,631.818,702.168,973.326,294.971,294.719,294.32,294.257
697,0.193611111,907.751,294.202,520.07,309.371,294.477,298.125,298.048,1008.092,934.003,632.66,703.032,974.073,294.985,294.748,294.331,294.286
698,0.193888889,907.751,294.202,520.07,309.371,294.477,298.125,298.048,1008.092,934.003,632.66,703.032,974.073,294.985,294.748,294.331,294.286
699,0.194166667,907.751,294.202,520.07,309.371,294.477,298.125,298.048,1008.092,934.003,632.66,703.032,974.073,294.985,294.748,294.331,294.286
700,0.194444444,907.751,294.202,520.07,309.371,294.477,298.125,298.048,1008.092,934.003,632.66,703.032,974.073,294.985,294.748,294.331,294.286
701,0.194722222,908.13,294.204,520.849,309.469,294.474,298.123,298.025,1008.653,934.809,633.449,703.888,974.773,294.985,294.748,294.336,294.272
702,0.195,908.13,294.204,520.849,309.469,294.474,298.123,298.025,1008.653,934.809,633.449,703.888,974.773,294.985,294.748,294.336,294.272
703,0.195277778,908.13,294.204,520.849,309.469,294.474,298.123,298.025,1008.653,934.809,633.449,703.888,974.773,294.985,294.748,294.336,294.272
704,0.195555556,909.084,294.202,521.624,309.56,294.49,298.098,298.017,1009.302,935.594,634.213,704.64,975.417,294.995,294.746,294.331,294.272
705,0.195833333,909.084,294.202,521.624,309.56,294.49,298.098,298.017,1009.302,935.594,634.213,704.64,975.417,294.995,294.746,294.331,294.272
706,0.196111111,909.084,294.202,521.624,309.56,294.49,298.098,298.017,1009.302,935.594,634.213,704.64,975.417,294.995,294.746,294.331,294.272
707,0.196388889,909.084,294.202,521.624,309.56,294.49,298.098,298.017,1009.302,935.594,634.213,704.64,975.417,294.995,294.746,294.331,294.272
708,0.196666667,908.885,294.237,522.38,309.668,294.52,298.121,298.025,1009.684,936.434,635.029,705.47,976.158,295.017,294.776,294.346,294.3
709,0.196944444,908.885,294.237,522.38,309.668,294.52,298.121,298.025,1009.684,936.434,635.029,705.47,976.158,295.017,294.776,294.346,294.3
710,0.197222222,908.885,294.237,522.38,309.668,294.52,298.121,298.025,1009.684,936.434,635.029,705.47,976.158,295.017,294.776,294.346,294.3
711,0.1975,909.273,294.242,523.091,309.774,294.527,298.102,298.034,1010.071,937.28,635.844,706.334,976.859,295.021,294.781,294.361,294.298
712,0.197777778,909.273,294.242,523.091,309.774,294.527,298.102,298.034,1010.071,937.28,635.844,706.334,976.859,295.021,294.781,294.361,294.298
713,0.198055556,909.273,294.242,523.091,309.774,294.527,298.102,298.034,1010.071,937.28,635.844,706.334,976.859,295.021,294.781,294.361,294.298
714,0.198333333,909.273,294.242,523.091,309.774,294.527,298.102,298.034,1010.071,937.28,635.844,706.334,976.859,295.021,294.781,294.361,294.298
715,0.198611111,910.522,294.25,523.954,309.882,294.54,298.102,298.018,1010.82,938.107,636.611,707.167,977.56,295.035,294.793,294.36,294.311
716,0.198888889,910.522,294.25,523.954,309.882,294.54,298.102,298.018,1010.82,938.107,636.611,707.167,977.56,295.035,294.793,294.36,294.311
717,0.199166667,910.522,294.25,523.954,309.882,294.54,298.102,298.018,1010.82,938.107,636.611,707.167,977.56,295.035,294.793,294.36,294.311
718,0.199444444,911.557,294.255,524.761,309.967,294.536,298.091,298.019,1011.429,938.908,637.392,707.973,978.255,295.034,294.798,294.365,294.313
719,0.199722222,911.557,294.255,524.761,309.967,294.536,298.091,298.019,1011.429,938.908,637.392,707.973,978.255,295.034,294.798,294.365,294.313
720,0.2,911.557,294.255,524.761,309.967,294.536,298.091,298.019,1011.429,938.908,637.392,707.973,978.255,295.034,294.798,294.365,294.313
721,0.200277778,911.557,294.255,524.761,309.967,294.536,298.091,298.019,1011.429,938.908,637.392,707.973,978.255,295.034,294.798,294.365,294.313
722,0.200555556,911.998,294.271,525.523,310.079,294.556,298.079,297.998,1011.616,939.719,638.18,708.759,978.94,295.047,294.801,294.373,294.312
723,0.200833333,911.998,294.271,525.523,310.079,294.556,298.079,297.998,1011.616,939.719,638.18,708.759,978.94,295.047,294.801,294.373,294.312
724,0.201111111,911.998,294.271,525.523,310.079,294.556,298.079,297.998,1011.616,939.719,638.18,708.759,978.94,295.047,294.801,294.373,294.312
725,0.201388889,912.578,294.288,526.268,310.18,294.56,298.08,298.004,1011.775,940.532,638.963,709.576,979.661,295.06,294.821,294.381,294.325
726,0.201666667,912.578,294.288,526.268,310.18,294.56,298.08,298.004,1011.775,940.532,638.963,709.576,979.661,295.06,294.821,294.381,294.325
727,0.201944444,912.578,294.288,526.268,310.18,294.56,298.08,298.004,1011.775,940.532,638.963,709.576,979.661,295.06,294.821,294.381,294.325
728,0.202222222,912.578,294.288,526.268,310.18,294.56,298.08,298.004,1011.775,940.532,638.963,709.576,979.661,295.06,294.821,294.381,294.325
729,0.2025,912.316,294.292,527.055,310.276,294.569,298.074,297.981,1012.202,941.339,639.732,710.389,980.352,295.061,294.81,294.385,294.326
730,0.202777778,912.316,294.292,527.055,310.276,294.569,298.074,297.981,1012.202,941.339,639.732,710.389,980.352,295.061,294.81,294.385,294.326
731,0.203055556,912.316,294.292,527.055,310.276,294.569,298.074,297.981,1012.202,941.339,639.732,710.389,980.352,295.061,294.81,294.385,294.326
732,0.203333333,912.338,294.306,527.759,310.378,294.584,298.063,297.985,1012.521,942.138,640.522,711.158,981.059,295.073,294.831,294.399,294.338
733,0.203611111,912.338,294.306,527.759,310.378,294.584,298.063,297.985,1012.521,942.138,640.522,711.158,981.059,295.073,294.831,294.399,294.338
734,0.203888889,912.338,294.306,527.759,310.378,294.584,298.063,297.985,1012.521,942.138,640.522,711.158,981.059,295.073,294.831,294.399,294.338
735,0.204166667,912.338,294.306,527.759,310.378,294.584,298.063,297.985,1012.521,942.138,640.522,711.158,981.059,295.073,294.831,294.399,294.338
736,0.204444444,912.966,294.32,528.551,310.492,294.603,298.054,297.977,1012.901,942.945,641.314,712.032,981.753,295.085,294.845,294.405,294.35
737,0.204722222,912.966,294.32,528.551,310.492,294.603,298.054,297.977,1012.901,942.945,641.314,712.032,981.753,295.085,294.845,294.405,294.35
738,0.205,912.966,294.32,528.551,310.492,294.603,298.054,297.977,1012.901,942.945,641.314,712.032,981.753,295.085,294.845,294.405,294.35
739,0.205277778,914.285,294.335,529.287,310.585,294.612,298.049,297.966,1013.395,943.71,642.085,712.836,982.408,295.094,294.846,294.407,294.357
740,0.205555556,914.285,294.335,529.287,310.585,294.612,298.049,297.966,1013.395,943.71,642.085,712.836,982.408,295.094,294.846,294.407,294.357
741,0.205833333,914.285,294.335,529.287,310.585,294.612,298.049,297.966,1013.395,943.71,642.085,712.836,982.408,295.094,294.846,294.407,294.357
742,0.206111111,914.285,294.335,529.287,310.585,294.612,298.049,297.966,1013.395,943.71,642.085,712.836,982.408,295.094,294.846,294.407,294.357
743,0.206388889,915.534,294.346,530.044,310.698,294.637,298.048,297.955,1013.729,944.499,642.841,713.619,983.068,295.106,294.859,294.422,294.362
744,0.206666667,915.534,294.346,530.044,310.698,294.637,298.048,297.955,1013.729,944.499,642.841,713.619,983.068,295.106,294.859,294.422,294.362
745,0.206944444,915.534,294.346,530.044,310.698,294.637,298.048,297.955,1013.729,944.499,642.841,713.619,983.068,295.106,294.859,294.422,294.362
746,0.207222222,915.768,294.355,530.66,310.792,294.647,298.035,297.953,1013.926,945.231,643.596,714.421,983.735,295.112,294.876,294.422,294.366
747,0.2075,915.768,294.355,530.66,310.792,294.647,298.035,297.953,1013.926,945.231,643.596,714.421,983.735,295.112,294.876,294.422,294.366
748,0.207777778,915.768,294.355,530.66,310.792,294.647,298.035,297.953,1013.926,945.231,643.596,714.421,983.735,295.112,294.876,294.422,294.366
749,0.208055556,915.768,294.355,530.66,310.792,294.647,298.035,297.953,1013.926,945.231,643.596,714.421,983.735,295.112,294.876,294.422,294.366
750,0.208333333,916.53,294.362,531.421,310.892,294.638,298.015,297.942,1014.195,945.99,644.352,715.187,984.373,295.119,294.88,294.435,294.374
751,0.208611111,916.53,294.362,531.421,310.892,294.638,298.015,297.942,1014.195,945.99,644.352,715.187,984.373,295.119,294.88,294.435,294.374
752,0.208888889,916.53,294.362,531.421,310.892,294.638,298.015,297.942,1014.195,945.99,644.352,715.187,984.373,295.119,294.88,294.435,294.374
753,0.209166667,917.025,294.376,532.112,310.995,294.671,298.033,297.941,1014.577,946.735,645.105,715.984,985.014,295.135,294.887,294.434,294.375
754,0.209444444,917.025,294.376,532.112,310.995,294.671,298.033,297.941,1014.577,946.735,645.105,715.984,985.014,295.135,294.887,294.434,294.375
755,0.209722222,917.025,294.376,532.112,310.995,294.671,298.033,297.941,1014.577,946.735,645.105,715.984,985.014,295.135,294.887,294.434,294.375
756,0.21,917.025,294.376,532.112,310.995,294.671,298.033,297.941,1014.577,946.735,645.105,715.984,985.014,295.135,294.887,294.434,294.375
757,0.210277778,917.626,294.392,532.79,311.099,294.682,298.055,297.97,1014.929,947.491,645.875,716.771,985.66,295.141,294.895,294.436,294.396
758,0.210555556,917.626,294.392,532.79,311.099,294.682,298.055,297.97,1014.929,947.491,645.875,716.771,985.66,295.141,294.895,294.436,294.396
759,0.210833333,917.626,294.392,532.79,311.099,294.682,298.055,297.97,1014.929,947.491,645.875,716.771,985.66,295.141,294.895,294.436,294.396
760,0.211111111,917.945,294.414,533.569,311.206,294.688,298.075,297.983,1015.11,948.234,646.621,717.559,986.292,295.162,294.914,294.455,294.401
761,0.211388889,917.945,294.414,533.569,311.206,294.688,298.075,297.983,1015.11,948.234,646.621,717.559,986.292,295.162,294.914,294.455,294.401
762,0.211666667,917.945,294.414,533.569,311.206,294.688,298.075,297.983,1015.11,948.234,646.621,717.559,986.292,295.162,294.914,294.455,294.401
763,0.211944444,917.945,294.414,533.569,311.206,294.688,298.075,297.983,1015.11,948.234,646.621,717.559,986.292,295.162,294.914,294.455,294.401
764,0.212222222,919.03,294.426,534.415,311.306,294.701,298.075,297.98,1015.397,948.923,647.353,718.342,986.899,295.159,294.925,294.466,294.402
765,0.2125,919.03,294.426,534.415,311.306,294.701,298.075,297.98,1015.397,948.923,647.353,718.342,986.899,295.159,294.925,294.466,294.402
766,0.212777778,919.03,294.426,534.415,311.306,294.701,298.075,297.98,1015.397,948.923,647.353,718.342,986.899,295.159,294.925,294.466,294.402
767,0.213055556,919.448,294.427,535.042,311.406,294.72,298.061,297.974,1015.549,949.614,648.076,719.068,987.487,295.175,294.928,294.47,294.42
768,0.213333333,919.448,294.427,535.042,311.406,294.72,298.061,297.974,1015.549,949.614,648.076,719.068,987.487,295.175,294.928,294.47,294.42
769,0.213611111,919.448,294.427,535.042,311.406,294.72,298.061,297.974,1015.549,949.614,648.076,719.068,987.487,295.175,294.928,294.47,294.42
770,0.213888889,919.448,294.427,535.042,311.406,294.72,298.061,297.974,1015.549,949.614,648.076,719.068,987.487,295.175,294.928,294.47,294.42
771,0.214166667,919.736,294.443,535.759,311.495,294.722,298.045,297.974,1015.342,950.312,648.825,719.855,988.09,295.17,294.935,294.468,294.419
772,0.214444444,919.736,294.443,535.759,311.495,294.722,298.045,297.974,1015.342,950.312,648.825,719.855,988.09,295.17,294.935,294.468,294.419
773,0.214722222,919.736,294.443,535.759,311.495,294.722,298.045,297.974,1015.342,950.312,648.825,719.855,988.09,295.17,294.935,294.468,294.419
774,0.215,920.229,294.452,536.405,311.593,294.736,298.051,297.967,1015.592,950.998,649.561,720.61,988.677,295.184,294.943,294.483,294.417
775,0.215277778,920.229,294.452,536.405,311.593,294.736,298.051,297.967,1015.592,950.998,649.561,720.61,988.677,295.184,294.943,294.483,294.417
776,0.215555556,920.229,294.452,536.405,311.593,294.736,298.051,297.967,1015.592,950.998,649.561,720.61,988.677,295.184,294.943,294.483,294.417
777,0.215833333,920.229,294.452,536.405,311.593,294.736,298.051,297.967,1015.592,950.998,649.561,720.61,988.677,295.184,294.943,294.483,294.417
778,0.216111111,921.034,294.466,537.135,311.686,294.736,298.024,297.958,1015.97,951.658,650.299,721.38,989.234,295.19,294.951,294.471,294.427
779,0.216388889,921.034,294.466,537.135,311.686,294.736,298.024,297.958,1015.97,951.658,650.299,721.38,989.234,295.19,294.951,294.471,294.427
780,0.216666667,921.034,294.466,537.135,311.686,294.736,298.024,297.958,1015.97,951.658,650.299,721.38,989.234,295.19,294.951,294.471,294.427
781,0.216944444,922,294.475,537.834,311.784,294.754,298.021,297.952,1016.172,952.311,651.022,722.121,989.775,295.196,294.957,294.486,294.431
782,0.217222222,922,294.475,537.834,311.784,294.754,298.021,297.952,1016.172,952.311,651.022,722.121,989.775,295.196,294.957,294.486,294.431
783,0.2175,922,294.475,537.834,311.784,294.754,298.021,297.952,1016.172,952.311,651.022,722.121,989.775,295.196,294.957,294.486,294.431
784,0.217777778,922,294.475,537.834,311.784,294.754,298.021,297.952,1016.172,952.311,651.022,722.121,989.775,295.196,294.957,294.486,294.431
785,0.218055556,922.655,294.511,538.511,311.906,294.789,298.019,297.959,1016.055,952.974,651.778,722.912,990.341,295.214,294.974,294.508,294.449
786,0.218333333,922.655,294.511,538.511,311.906,294.789,298.019,297.959,1016.055,952.974,651.778,722.912,990.341,295.214,294.974,294.508,294.449
787,0.218611111,922.655,294.511,538.511,311.906,294.789,298.019,297.959,1016.055,952.974,651.778,722.912,990.341,295.214,294.974,294.508,294.449
788,0.218888889,923.355,294.5,539.277,311.995,294.762,298.003,297.943,1016.37,953.599,652.49,723.616,990.837,295.222,294.977,294.496,294.443
789,0.219166667,923.355,294.5,539.277,311.995,294.762,298.003,297.943,1016.37,953.599,652.49,723.616,990.837,295.222,294.977,294.496,294.443
790,0.219444444,923.355,294.5,539.277,311.995,294.762,298.003,297.943,1016.37,953.599,652.49,723.616,990.837,295.222,294.977,294.496,294.443
791,0.219722222,923.355,294.5,539.277,311.995,294.762,298.003,297.943,1016.37,953.599,652.49,723.616,990.837,295.222,294.977,294.496,294.443
792,0.22,924.447,294.517,540.011,312.094,294.792,297.991,297.937,1016.692,954.221,653.213,724.36,991.368,295.236,294.997,294.514,294.456
793,0.220277778,924.447,294.517,540.011,312.094,294.792,297.991,297.937,1016.692,954.221,653.213,724.36,991.368,295.236,294.997,294.514,294.456
794,0.220555556,924.447,294.517,540.011,312.094,294.792,297.991,297.937,1016.692,954.221,653.213,724.36,991.368,295.236,294.997,294.514,294.456
795,0.220833333,924.494,294.544,540.663,312.192,294.795,297.982,297.931,1016.652,954.84,653.925,725.123,991.901,295.244,294.995,294.519,294.458
796,0.221111111,924.494,294.544,540.663,312.192,294.795,297.982,297.931,1016.652,954.84,653.925,725.123,991.901,295.244,294.995,294.519,294.458
797,0.221388889,924.494,294.544,540.663,312.192,294.795,297.982,297.931,1016.652,954.84,653.925,725.123,991.901,295.244,294.995,294.519,294.458
798,0.221666667,924.494,294.544,540.663,312.192,294.795,297.982,297.931,1016.652,954.84,653.925,725.123,991.901,295.244,294.995,294.519,294.458
799,0.221944444,925.262,294.544,541.423,312.291,294.779,297.98,297.919,1016.922,955.442,654.643,725.847,992.417,295.252,295.002,294.515,294.468
800,0.222222222,925.262,294.544,541.423,312.291,294.779,297.98,297.919,1016.922,955.442,654.643,725.847,992.417,295.252,295.002,294.515,294.468
801,0.2225,925.262,294.544,541.423,312.291,294.779,297.98,297.919,1016.922,955.442,654.643,725.847,992.417,295.252,295.002,294.515,294.468
802,0.222777778,925.826,294.561,542.08,312.392,294.822,297.976,297.917,1017.24,956.049,655.354,726.555,992.928,295.265,295.01,294.523,294.478
803,0.223055556,925.826,294.561,542.08,312.392,294.822,297.976,297.917,1017.24,956.049,655.354,726.555,992.928,295.265,295.01,294.523,294.478
804,0.223333333,925.826,294.561,542.08,312.392,294.822,297.976,297.917,1017.24,956.049,655.354,726.555,992.928,295.265,295.01,294.523,294.478
805,0.223611111,925.826,294.561,542.08,312.392,294.822,297.976,297.917,1017.24,956.049,655.354,726.555,992.928,295.265,295.01,294.523,294.478
806,0.223888889,926.221,294.57,542.742,312.485,294.829,297.971,297.916,1017.532,956.637,656.063,727.289,993.412,295.269,295.03,294.54,294.48
807,0.224166667,926.221,294.57,542.742,312.485,294.829,297.971,297.916,1017.532,956.637,656.063,727.289,993.412,295.269,295.03,294.54,294.48
808,0.224444444,926.221,294.57,542.742,312.485,294.829,297.971,297.916,1017.532,956.637,656.063,727.289,993.412,295.269,295.03,294.54,294.48
809,0.224722222,926.827,294.593,543.481,312.59,294.844,297.96,297.899,1017.978,957.229,656.771,728.039,993.939,295.289,295.036,294.547,294.492
810,0.225,926.827,294.593,543.481,312.59,294.844,297.96,297.899,1017.978,957.229,656.771,728.039,993.939,295.289,295.036,294.547,294.492
811,0.225277778,926.827,294.593,543.481,312.59,294.844,297.96,297.899,1017.978,957.229,656.771,728.039,993.939,295.289,295.036,294.547,294.492
812,0.225555556,926.827,294.593,543.481,312.59,294.844,297.96,297.899,1017.978,957.229,656.771,728.039,993.939,295.289,295.036,294.547,294.492
813,0.225833333,927.506,294.603,544.208,312.676,294.839,297.957,297.897,1018.225,957.775,657.437,728.734,994.381,295.283,295.044,294.547,294.497
814,0.226111111,927.506,294.603,544.208,312.676,294.839,297.957,297.897,1018.225,957.775,657.437,728.734,994.381,295.283,295.044,294.547,294.497
815,0.226388889,927.506,294.603,544.208,312.676,294.839,297.957,297.897,1018.225,957.775,657.437,728.734,994.381,295.283,295.044,294.547,294.497
816,0.226666667,927.478,294.63,544.824,312.795,294.863,297.951,297.89,1018.475,958.376,658.158,729.466,994.909,295.296,295.064,294.559,294.511
817,0.226944444,927.478,294.63,544.824,312.795,294.863,297.951,297.89,1018.475,958.376,658.158,729.466,994.909,295.296,295.064,294.559,294.511
818,0.227222222,927.478,294.63,544.824,312.795,294.863,297.951,297.89,1018.475,958.376,658.158,729.466,994.909,295.296,295.064,294.559,294.511
819,0.2275,927.478,294.63,544.824,312.795,294.863,297.951,297.89,1018.475,958.376,658.158,729.466,994.909,295.296,295.064,294.559,294.511
820,0.227777778,927.563,294.632,545.587,312.874,294.862,297.941,297.874,1018.893,958.924,658.831,730.157,995.365,295.303,295.053,294.559,294.513
821,0.228055556,927.563,294.632,545.587,312.874,294.862,297.941,297.874,1018.893,958.924,658.831,730.157,995.365,295.303,295.053,294.559,294.513
822,0.228333333,927.563,294.632,545.587,312.874,294.862,297.941,297.874,1018.893,958.924,658.831,730.157,995.365,295.303,295.053,294.559,294.513
823,0.228611111,928.486,294.655,546.285,312.983,294.875,297.933,297.867,1019.468,959.488,659.474,730.829,995.846,295.319,295.078,294.565,294.52
824,0.228888889,928.486,294.655,546.285,312.983,294.875,297.933,297.867,1019.468,959.488,659.474,730.829,995.846,295.319,295.078,294.565,294.52
825,0.229166667,928.486,294.655,546.285,312.983,294.875,297.933,297.867,1019.468,959.488,659.474,730.829,995.846,295.319,295.078,294.565,294.52
826,0.229444444,928.486,294.655,546.285,312.983,294.875,297.933,297.867,1019.468,959.488,659.474,730.829,995.846,295.319,295.078,294.565,294.52
827,0.229722222,929.524,294.667,546.956,313.064,294.86,297.925,297.858,1019.732,960.037,660.14,731.545,996.313,295.312,295.071,294.567,294.523
828,0.23,929.524,294.667,546.956,313.064,294.86,297.925,297.858,1019.732,960.037,660.14,731.545,996.313,295.312,295.071,294.567,294.523
829,0.230277778,929.524,294.667,546.956,313.064,294.86,297.925,297.858,1019.732,960.037,660.14,731.545,996.313,295.312,295.071,294.567,294.523
830,0.230555556,930.31,294.69,547.637,313.178,294.917,297.931,297.873,1020.097,960.599,660.805,732.242,996.82,295.338,295.091,294.585,294.54
831,0.230833333,930.31,294.69,547.637,313.178,294.917,297.931,297.873,1020.097,960.599,660.805,732.242,996.82,295.338,295.091,294.585,294.54
832,0.231111111,930.31,294.69,547.637,313.178,294.917,297.931,297.873,1020.097,960.599,660.805,732.242,996.82,295.338,295.091,294.585,294.54
833,0.231388889,930.31,294.69,547.637,313.178,294.917,297.931,297.873,1020.097,960.599,660.805,732.242,996.82,295.338,295.091,294.585,294.54
834,0.231666667,930.824,294.702,548.355,313.265,294.911,297.923,297.864,1020.458,961.15,661.473,732.92,997.321,295.346,295.106,294.592,294.553
835,0.231944444,930.824,294.702,548.355,313.265,294.911,297.923,297.864,1020.458,961.15,661.473,732.92,997.321,295.346,295.106,294.592,294.553
836,0.232222222,930.824,294.702,548.355,313.265,294.911,297.923,297.864,1020.458,961.15,661.473,732.92,997.321,295.346,295.106,294.592,294.553
837,0.2325,931.632,294.714,549,313.352,294.918,297.91,297.846,1020.997,961.712,662.148,733.609,997.787,295.349,295.11,294.579,294.543
838,0.232777778,931.632,294.714,549,313.352,294.918,297.91,297.846,1020.997,961.712,662.148,733.609,997.787,295.349,295.11,294.579,294.543
839,0.233055556,931.632,294.714,549,313.352,294.918,297.91,297.846,1020.997,961.712,662.148,733.609,997.787,295.349,295.11,294.579,294.543
840,0.233333333,931.632,294.714,549,313.352,294.918,297.91,297.846,1020.997,961.712,662.148,733.609,997.787,295.349,295.11,294.579,294.543
841,0.233611111,932.298,294.728,549.622,313.443,294.924,297.942,297.859,1021.216,962.277,662.809,734.284,998.286,295.366,295.119,294.607,294.555
842,0.233888889,932.298,294.728,549.622,313.443,294.924,297.942,297.859,1021.216,962.277,662.809,734.284,998.286,295.366,295.119,294.607,294.555
843,0.234166667,932.298,294.728,549.622,313.443,294.924,297.942,297.859,1021.216,962.277,662.809,734.284,998.286,295.366,295.119,294.607,294.555
844,0.234444444,932.768,294.754,550.322,313.546,294.936,297.965,297.895,1021.133,962.817,663.475,734.97,998.765,295.367,295.12,294.612,294.571
845,0.234722222,932.768,294.754,550.322,313.546,294.936,297.965,297.895,1021.133,962.817,663.475,734.97,998.765,295.367,295.12,294.612,294.571
846,0.235,932.768,294.754,550.322,313.546,294.936,297.965,297.895,1021.133,962.817,663.475,734.97,998.765,295.367,295.12,294.612,294.571
847,0.235277778,932.768,294.754,550.322,313.546,294.936,297.965,297.895,1021.133,962.817,663.475,734.97,998.765,295.367,295.12,294.612,294.571
848,0.235555556,933.477,294.762,551.072,313.634,294.952,297.96,297.888,1021.178,963.351,664.125,735.652,999.259,295.369,295.132,294.618,294.568
849,0.235833333,933.477,294.762,551.072,313.634,294.952,297.96,297.888,1021.178,963.351,664.125,735.652,999.259,295.369,295.132,294.618,294.568
850,0.236111111,933.477,294.762,551.072,313.634,294.952,297.96,297.888,1021.178,963.351,664.125,735.652,999.259,295.369,295.132,294.618,294.568
851,0.236388889,933.283,294.778,551.789,313.731,294.959,297.957,297.89,1021.191,963.896,664.788,736.304,999.723,295.389,295.138,294.624,294.573
852,0.236666667,933.283,294.778,551.789,313.731,294.959,297.957,297.89,1021.191,963.896,664.788,736.304,999.723,295.389,295.138,294.624,294.573
853,0.236944444,933.283,294.778,551.789,313.731,294.959,297.957,297.89,1021.191,963.896,664.788,736.304,999.723,295.389,295.138,294.624,294.573
854,0.237222222,933.283,294.778,551.789,313.731,294.959,297.957,297.89,1021.191,963.896,664.788,736.304,999.723,295.389,295.138,294.624,294.573
855,0.2375,933.188,294.792,552.41,313.824,294.976,297.953,297.886,1021.089,964.428,665.453,736.959,1000.19,295.391,295.159,294.631,294.587
856,0.237777778,933.188,294.792,552.41,313.824,294.976,297.953,297.886,1021.089,964.428,665.453,736.959,1000.19,295.391,295.159,294.631,294.587
857,0.238055556,933.188,294.792,552.41,313.824,294.976,297.953,297.886,1021.089,964.428,665.453,736.959,1000.19,295.391,295.159,294.631,294.587
858,0.238333333,933.43,294.815,553.082,313.93,294.992,297.947,297.894,1021.298,964.961,666.11,737.622,1000.613,295.411,295.171,294.641,294.594
859,0.238611111,933.43,294.815,553.082,313.93,294.992,297.947,297.894,1021.298,964.961,666.11,737.622,1000.613,295.411,295.171,294.641,294.594
860,0.238888889,933.43,294.815,553.082,313.93,294.992,297.947,297.894,1021.298,964.961,666.11,737.622,1000.613,295.411,295.171,294.641,294.594
861,0.239166667,933.43,294.815,553.082,313.93,294.992,297.947,297.894,1021.298,964.961,666.11,737.622,1000.613,295.411,295.171,294.641,294.594
862,0.239444444,933.808,294.841,553.731,314.024,295.013,297.953,297.895,1021.738,965.475,666.772,738.292,1001.066,295.417,295.169,294.651,294.601
863,0.239722222,933.808,294.841,553.731,314.024,295.013,297.953,297.895,1021.738,965.475,666.772,738.292,1001.066,295.417,295.169,294.651,294.601
864,0.24,933.808,294.841,553.731,314.024,295.013,297.953,297.895,1021.738,965.475,666.772,738.292,1001.066,295.417,295.169,294.651,294.601
865,0.240277778,934.64,294.846,554.372,314.114,295.01,297.942,297.879,1021.878,965.98,667.412,738.957,1001.516,295.419,295.174,294.65,294.609
866,0.240555556,934.64,294.846,554.372,314.114,295.01,297.942,297.879,1021.878,965.98,667.412,738.957,1001.516,295.419,295.174,294.65,294.609
867,0.240833333,934.64,294.846,554.372,314.114,295.01,297.942,297.879,1021.878,965.98,667.412,738.957,1001.516,295.419,295.174,294.65,294.609
868,0.241111111,934.64,294.846,554.372,314.114,295.01,297.942,297.879,1021.878,965.98,667.412,738.957,1001.516,295.419,295.174,294.65,294.609
869,0.241388889,935.032,294.867,555.143,314.216,295.029,297.947,297.89,1022.062,966.483,668.192,739.593,1001.943,295.428,295.194,294.67,294.62
870,0.241666667,935.032,294.867,555.143,314.216,295.029,297.947,297.89,1022.062,966.483,668.192,739.593,1001.943,295.428,295.194,294.67,294.62
871,0.241944444,935.032,294.867,555.143,314.216,295.029,297.947,297.89,1022.062,966.483,668.192,739.593,1001.943,295.428,295.194,294.67,294.62
872,0.242222222,935.262,294.881,555.736,314.311,295.02,297.936,297.872,1022.12,966.958,668.87,740.23,1002.366,295.434,295.188,294.668,294.621
873,0.2425,935.262,294.881,555.736,314.311,295.02,297.936,297.872,1022.12,966.958,668.87,740.23,1002.366,295.434,295.188,294.668,294.621
874,0.242777778,935.262,294.881,555.736,314.311,295.02,297.936,297.872,1022.12,966.958,668.87,740.23,1002.366,295.434,295.188,294.668,294.621
875,0.243055556,935.262,294.881,555.736,314.311,295.02,297.936,297.872,1022.12,966.958,668.87,740.23,1002.366,295.434,295.188,294.668,294.621
876,0.243333333,935.149,294.901,556.387,314.402,295.061,297.924,297.875,1022.04,967.449,669.542,740.92,1002.827,295.449,295.208,294.676,294.632
877,0.243611111,935.149,294.901,556.387,314.402,295.061,297.924,297.875,1022.04,967.449,669.542,740.92,1002.827,295.449,295.208,294.676,294.632
878,0.243888889,935.149,294.901,556.387,314.402,295.061,297.924,297.875,1022.04,967.449,669.542,740.92,1002.827,295.449,295.208,294.676,294.632
879,0.244166667,935.542,294.916,557.106,314.504,295.05,297.913,297.857,1022.067,967.948,670.203,741.53,1003.201,295.442,295.21,294.681,294.639
880,0.244444444,935.542,294.916,557.106,314.504,295.05,297.913,297.857,1022.067,967.948,670.203,741.53,1003.201,295.442,295.21,294.681,294.639
881,0.244722222,935.542,294.916,557.106,314.504,295.05,297.913,297.857,1022.067,967.948,670.203,741.53,1003.201,295.442,295.21,294.681,294.639
882,0.245,935.542,294.916,557.106,314.504,295.05,297.913,297.857,1022.067,967.948,670.203,741.53,1003.201,295.442,295.21,294.681,294.639
883,0.245277778,936.205,294.924,557.758,314.596,295.066,297.916,297.862,1022.232,968.414,670.842,742.172,1003.632,295.463,295.218,294.689,294.643
884,0.245555556,936.205,294.924,557.758,314.596,295.066,297.916,297.862,1022.232,968.414,670.842,742.172,1003.632,295.463,295.218,294.689,294.643
885,0.245833333,936.205,294.924,557.758,314.596,295.066,297.916,297.862,1022.232,968.414,670.842,742.172,1003.632,295.463,295.218,294.689,294.643
886,0.246111111,936.134,294.95,558.483,314.69,295.074,297.915,297.857,1022.566,968.889,671.494,742.835,1004.035,295.467,295.231,294.689,294.647
887,0.246388889,936.134,294.95,558.483,314.69,295.074,297.915,297.857,1022.566,968.889,671.494,742.835,1004.035,295.467,295.231,294.689,294.647
888,0.246666667,936.134,294.95,558.483,314.69,295.074,297.915,297.857,1022.566,968.889,671.494,742.835,1004.035,295.467,295.231,294.689,294.647
889,0.246944444,936.134,294.95,558.483,314.69,295.074,297.915,297.857,1022.566,968.889,671.494,742.835,1004.035,295.467,295.231,294.689,294.647
890,0.247222222,936.687,294.974,559.179,314.783,295.095,297.924,297.872,1022.834,969.346,672.113,743.448,1004.42,295.476,295.24,294.695,294.652
891,0.2475,936.687,294.974,559.179,314.783,295.095,297.924,297.872,1022.834,969.346,672.113,743.448,1004.42,295.476,295.24,294.695,294.652
892,0.247777778,936.687,294.974,559.179,314.783,295.095,297.924,297.872,1022.834,969.346,672.113,743.448,1004.42,295.476,295.24,294.695,294.652
893,0.248055556,936.823,294.981,559.843,314.874,295.119,297.933,297.876,1023.048,969.811,672.743,744.083,1004.799,295.495,295.249,294.706,294.66
894,0.248333333,936.823,294.981,559.843,314.874,295.119,297.933,297.876,1023.048,969.811,672.743,744.083,1004.799,295.495,295.249,294.706,294.66
895,0.248611111,936.823,294.981,559.843,314.874,295.119,297.933,297.876,1023.048,969.811,672.743,744.083,1004.799,295.495,295.249,294.706,294.66
896,0.248888889,936.823,294.981,559.843,314.874,295.119,297.933,297.876,1023.048,969.811,672.743,744.083,1004.799,295.495,295.249,294.706,294.66
897,0.249166667,937.036,294.996,560.51,314.954,295.113,297.929,297.872,1023.19,970.254,673.356,744.697,1005.168,295.489,295.244,294.699,294.661
898,0.249444444,937.036,294.996,560.51,314.954,295.113,297.929,297.872,1023.19,970.254,673.356,744.697,1005.168,295.489,295.244,294.699,294.661
899,0.249722222,937.036,294.996,560.51,314.954,295.113,297.929,297.872,1023.19,970.254,673.356,744.697,1005.168,295.489,295.244,294.699,294.661
900,0.25,937.435,295.02,561.099,315.041,295.119,297.935,297.868,1023.201,970.703,673.964,745.316,1005.557,295.505,295.258,294.717,294.668
901,0.250277778,937.435,295.02,561.099,315.041,295.119,297.935,297.868,1023.201,970.703,673.964,745.316,1005.557,295.505,295.258,294.717,294.668
902,0.250555556,937.435,295.02,561.099,315.041,295.119,297.935,297.868,1023.201,970.703,673.964,745.316,1005.557,295.505,295.258,294.717,294.668
903,0.250833333,937.435,295.02,561.099,315.041,295.119,297.935,297.868,1023.201,970.703,673.964,745.316,1005.557,295.505,295.258,294.717,294.668
904,0.251111111,937.836,295.049,561.764,315.14,295.15,297.945,297.884,1022.998,971.156,674.6,745.951,1005.928,295.518,295.273,294.725,294.688
905,0.251388889,937.836,295.049,561.764,315.14,295.15,297.945,297.884,1022.998,971.156,674.6,745.951,1005.928,295.518,295.273,294.725,294.688
906,0.251666667,937.836,295.049,561.764,315.14,295.15,297.945,297.884,1022.998,971.156,674.6,745.951,1005.928,295.518,295.273,294.725,294.688
907,0.251944444,938.359,295.072,562.387,315.238,295.156,297.955,297.901,1023.062,971.6,675.221,746.583,1006.32,295.532,295.29,294.732,294.699
908,0.252222222,938.359,295.072,562.387,315.238,295.156,297.955,297.901,1023.062,971.6,675.221,746.583,1006.32,295.532,295.29,294.732,294.699
909,0.2525,938.359,295.072,562.387,315.238,295.156,297.955,297.901,1023.062,971.6,675.221,746.583,1006.32,295.532,295.29,294.732,294.699
910,0.252777778,938.359,295.072,562.387,315.238,295.156,297.955,297.901,1023.062,971.6,675.221,746.583,1006.32,295.532,295.29,294.732,294.699
911,0.253055556,938.422,295.085,563.081,315.305,295.171,297.955,297.888,1023.181,972.015,675.824,747.183,1006.644,295.532,295.296,294.736,294.705
912,0.253333333,938.422,295.085,563.081,315.305,295.171,297.955,297.888,1023.181,972.015,675.824,747.183,1006.644,295.532,295.296,294.736,294.705
913,0.253611111,938.422,295.085,563.081,315.305,295.171,297.955,297.888,1023.181,972.015,675.824,747.183,1006.644,295.532,295.296,294.736,294.705
914,0.253888889,937.971,295.106,563.705,315.389,295.172,297.947,297.88,1023.281,972.426,676.417,747.746,1007.002,295.545,295.303,294.746,294.708
915,0.254166667,937.971,295.106,563.705,315.389,295.172,297.947,297.88,1023.281,972.426,676.417,747.746,1007.002,295.545,295.303,294.746,294.708
916,0.254444444,937.971,295.106,563.705,315.389,295.172,297.947,297.88,1023.281,972.426,676.417,747.746,1007.002,295.545,295.303,294.746,294.708
917,0.254722222,937.971,295.106,563.705,315.389,295.172,297.947,297.88,1023.281,972.426,676.417,747.746,1007.002,295.545,295.303,294.746,294.708
918,0.255,937.996,295.128,564.338,315.486,295.2,297.95,297.888,1023.51,972.829,677.031,748.396,1007.359,295.548,295.313,294.76,294.712
919,0.255277778,937.996,295.128,564.338,315.486,295.2,297.95,297.888,1023.51,972.829,677.031,748.396,1007.359,295.548,295.313,294.76,294.712
920,0.255555556,937.996,295.128,564.338,315.486,295.2,297.95,297.888,1023.51,972.829,677.031,748.396,1007.359,295.548,295.313,294.76,294.712
921,0.255833333,938.74,295.14,564.995,315.572,295.213,297.971,297.899,1023.835,973.236,677.623,748.971,1007.685,295.565,295.323,294.769,294.73
922,0.256111111,938.74,295.14,564.995,315.572,295.213,297.971,297.899,1023.835,973.236,677.623,748.971,1007.685,295.565,295.323,294.769,294.73
923,0.256388889,938.74,295.14,564.995,315.572,295.213,297.971,297.899,1023.835,973.236,677.623,748.971,1007.685,295.565,295.323,294.769,294.73
924,0.256666667,938.74,295.14,564.995,315.572,295.213,297.971,297.899,1023.835,973.236,677.623,748.971,1007.685,295.565,295.323,294.769,294.73
925,0.256944444,939.513,295.165,565.649,315.65,295.217,297.964,297.904,1024,973.638,678.239,749.563,1008.047,295.571,295.326,294.769,294.739
926,0.257222222,939.513,295.165,565.649,315.65,295.217,297.964,297.904,1024,973.638,678.239,749.563,1008.047,295.571,295.326,294.769,294.739
927,0.2575,939.513,295.165,565.649,315.65,295.217,297.964,297.904,1024,973.638,678.239,749.563,1008.047,295.571,295.326,294.769,294.739
928,0.257777778,939.836,295.182,566.388,315.749,295.228,297.972,297.913,1024.187,974.052,678.842,750.178,1008.394,295.586,295.341,294.782,294.737
929,0.258055556,939.836,295.182,566.388,315.749,295.228,297.972,297.913,1024.187,974.052,678.842,750.178,1008.394,295.586,295.341,294.782,294.737
930,0.258333333,939.836,295.182,566.388,315.749,295.228,297.972,297.913,1024.187,974.052,678.842,750.178,1008.394,295.586,295.341,294.782,294.737
931,0.258611111,939.836,295.182,566.388,315.749,295.228,297.972,297.913,1024.187,974.052,678.842,750.178,1008.394,295.586,295.341,294.782,294.737
932,0.258888889,940.357,295.204,567.137,315.831,295.256,297.985,297.926,1024.558,974.45,679.445,750.774,1008.761,295.589,295.351,294.787,294.748
933,0.259166667,940.357,295.204,567.137,315.831,295.256,297.985,297.926,1024.558,974.45,679.445,750.774,1008.761,295.589,295.351,294.787,294.748
934,0.259444444,940.357,295.204,567.137,315.831,295.256,297.985,297.926,1024.558,974.45,679.445,750.774,1008.761,295.589,295.351,294.787,294.748
935,0.259722222,940.942,295.225,567.78,315.919,295.261,297.988,297.929,1025.076,974.856,680.03,751.367,1009.132,295.597,295.368,294.801,294.764
936,0.26,940.942,295.225,567.78,315.919,295.261,297.988,297.929,1025.076,974.856,680.03,751.367,1009.132,295.597,295.368,294.801,294.764
937,0.260277778,940.942,295.225,567.78,315.919,295.261,297.988,297.929,1025.076,974.856,680.03,751.367,1009.132,295.597,295.368,294.801,294.764
938,0.260555556,940.942,295.225,567.78,315.919,295.261,297.988,297.929,1025.076,974.856,680.03,751.367,1009.132,295.597,295.368,294.801,294.764
939,0.260833333,941.264,295.241,568.358,315.994,295.271,297.989,297.927,1025.052,975.268,680.626,751.985,1009.494,295.605,295.361,294.791,294.763
940,0.261111111,941.264,295.241,568.358,315.994,295.271,297.989,297.927,1025.052,975.268,680.626,751.985,1009.494,295.605,295.361,294.791,294.763
941,0.261388889,941.264,295.241,568.358,315.994,295.271,297.989,297.927,1025.052,975.268,680.626,751.985,1009.494,295.605,295.361,294.791,294.763
942,0.261666667,941.892,295.27,569.002,316.082,295.284,297.983,297.934,1025.274,975.689,681.223,752.549,1009.853,295.618,295.375,294.815,294.765
943,0.261944444,941.892,295.27,569.002,316.082,295.284,297.983,297.934,1025.274,975.689,681.223,752.549,1009.853,295.618,295.375,294.815,294.765
944,0.262222222,941.892,295.27,569.002,316.082,295.284,297.983,297.934,1025.274,975.689,681.223,752.549,1009.853,295.618,295.375,294.815,294.765
945,0.2625,941.892,295.27,569.002,316.082,295.284,297.983,297.934,1025.274,975.689,681.223,752.549,1009.853,295.618,295.375,294.815,294.765
946,0.262777778,942.531,295.287,569.669,316.169,295.277,297.982,297.932,1025.583,976.084,681.795,753.126,1010.205,295.616,295.376,294.814,294.764
947,0.263055556,942.531,295.287,569.669,316.169,295.277,297.982,297.932,1025.583,976.084,681.795,753.126,1010.205,295.616,295.376,294.814,294.764
948,0.263333333,942.531,295.287,569.669,316.169,295.277,297.982,297.932,1025.583,976.084,681.795,753.126,1010.205,295.616,295.376,294.814,294.764
949,0.263611111,943.15,295.303,570.243,316.253,295.289,297.99,297.937,1025.897,976.497,682.37,753.717,1010.572,295.633,295.392,294.824,294.779
950,0.263888889,943.15,295.303,570.243,316.253,295.289,297.99,297.937,1025.897,976.497,682.37,753.717,1010.572,295.633,295.392,294.824,294.779
951,0.264166667,943.15,295.303,570.243,316.253,295.289,297.99,297.937,1025.897,976.497,682.37,753.717,1010.572,295.633,295.392,294.824,294.779
952,0.264444444,943.15,295.303,570.243,316.253,295.289,297.99,297.937,1025.897,976.497,682.37,753.717,1010.572,295.633,295.392,294.824,294.779
953,0.264722222,943.565,295.326,570.965,316.332,295.286,297.982,297.928,1026.202,976.891,682.961,754.287,1010.934,295.633,295.392,294.824,294.786
954,0.265,943.565,295.326,570.965,316.332,295.286,297.982,297.928,1026.202,976.891,682.961,754.287,1010.934,295.633,295.392,294.824,294.786
955,0.265277778,943.565,295.326,570.965,316.332,295.286,297.982,297.928,1026.202,976.891,682.961,754.287,1010.934,295.633,295.392,294.824,294.786
956,0.265555556,944.308,295.354,571.575,316.403,295.31,297.996,297.951,1026.309,977.301,683.551,754.868,1011.271,295.652,295.404,294.831,294.788
957,0.265833333,944.308,295.354,571.575,316.403,295.31,297.996,297.951,1026.309,977.301,683.551,754.868,1011.271,295.652,295.404,294.831,294.788
958,0.266111111,944.308,295.354,571.575,316.403,295.31,297.996,297.951,1026.309,977.301,683.551,754.868,1011.271,295.652,295.404,294.831,294.788
959,0.266388889,944.308,295.354,571.575,316.403,295.31,297.996,297.951,1026.309,977.301,683.551,754.868,1011.271,295.652,295.404,294.831,294.788
960,0.266666667,944.684,295.364,572.183,316.48,295.304,297.991,297.934,1026.511,977.697,684.122,755.438,1011.629,295.652,295.409,294.834,294.804
961,0.266944444,944.684,295.364,572.183,316.48,295.304,297.991,297.934,1026.511,977.697,684.122,755.438,1011.629,295.652,295.409,294.834,294.804
962,0.267222222,944.684,295.364,572.183,316.48,295.304,297.991,297.934,1026.511,977.697,684.122,755.438,1011.629,295.652,295.409,294.834,294.804
963,0.2675,944.679,295.391,572.801,316.561,295.302,298.002,297.945,1026.793,978.088,684.7,755.998,1011.954,295.666,295.421,294.84,294.805
964,0.267777778,944.679,295.391,572.801,316.561,295.302,298.002,297.945,1026.793,978.088,684.7,755.998,1011.954,295.666,295.421,294.84,294.805
965,0.268055556,944.679,295.391,572.801,316.561,295.302,298.002,297.945,1026.793,978.088,684.7,755.998,1011.954,295.666,295.421,294.84,294.805
966,0.268333333,944.679,295.391,572.801,316.561,295.302,298.002,297.945,1026.793,978.088,684.7,755.998,1011.954,295.666,295.421,294.84,294.805
967,0.268611111,945.113,295.408,573.435,316.63,295.296,297.983,297.93,1026.914,978.453,685.259,756.562,1012.29,295.662,295.418,294.836,294.804
968,0.268888889,945.113,295.408,573.435,316.63,295.296,297.983,297.93,1026.914,978.453,685.259,756.562,1012.29,295.662,295.418,294.836,294.804
969,0.269166667,945.113,295.408,573.435,316.63,295.296,297.983,297.93,1026.914,978.453,685.259,756.562,1012.29,295.662,295.418,294.836,294.804
970,0.269444444,945.336,295.424,574.071,316.711,295.287,297.987,297.932,1026.708,978.836,685.825,757.111,1012.595,295.667,295.422,294.835,294.793
971,0.269722222,945.336,295.424,574.071,316.711,295.287,297.987,297.932,1026.708,978.836,685.825,757.111,1012.595,295.667,295.422,294.835,294.793
972,0.27,945.336,295.424,574.071,316.711,295.287,297.987,297.932,1026.708,978.836,685.825,757.111,1012.595,295.667,295.422,294.835,294.793
973,0.270277778,945.336,295.424,574.071,316.711,295.287,297.987,297.932,1026.708,978.836,685.825,757.111,1012.595,295.667,295.422,294.835,294.793
974,0.270555556,945.795,295.446,574.723,316.784,295.299,297.979,297.94,1026.537,979.211,686.397,757.687,1012.94,295.677,295.429,294.852,294.796
975,0.270833333,945.795,295.446,574.723,316.784,295.299,297.979,297.94,1026.537,979.211,686.397,757.687,1012.94,295.677,295.429,294.852,294.796
976,0.271111111,945.795,295.446,574.723,316.784,295.299,297.979,297.94,1026.537,979.211,686.397,757.687,1012.94,295.677,295.429,294.852,294.796
977,0.271388889,946.252,295.471,575.362,316.857,295.296,297.983,297.942,1026.633,979.608,686.968,758.239,1013.261,295.68,295.432,294.85,294.812
978,0.271666667,946.252,295.471,575.362,316.857,295.296,297.983,297.942,1026.633,979.608,686.968,758.239,1013.261,295.68,295.432,294.85,294.812
979,0.271944444,946.252,295.471,575.362,316.857,295.296,297.983,297.942,1026.633,979.608,686.968,758.239,1013.261,295.68,295.432,294.85,294.812
980,0.272222222,946.252,295.471,575.362,316.857,295.296,297.983,297.942,1026.633,979.608,686.968,758.239,1013.261,295.68,295.432,294.85,294.812
981,0.2725,946.957,295.504,576.068,316.949,295.309,297.999,297.95,1026.682,979.975,687.544,758.825,1013.601,295.693,295.444,294.865,294.812
982,0.272777778,946.957,295.504,576.068,316.949,295.309,297.999,297.95,1026.682,979.975,687.544,758.825,1013.601,295.693,295.444,294.865,294.812
983,0.273055556,946.957,295.504,576.068,316.949,295.309,297.999,297.95,1026.682,979.975,687.544,758.825,1013.601,295.693,295.444,294.865,294.812
984,0.273333333,947.185,295.519,576.675,317.016,295.289,297.993,297.945,1026.479,980.337,688.115,759.357,1013.889,295.696,295.438,294.857,294.813
985,0.273611111,947.185,295.519,576.675,317.016,295.289,297.993,297.945,1026.479,980.337,688.115,759.357,1013.889,295.696,295.438,294.857,294.813
986,0.273888889,947.185,295.519,576.675,317.016,295.289,297.993,297.945,1026.479,980.337,688.115,759.357,1013.889,295.696,295.438,294.857,294.813
987,0.274166667,947.185,295.519,576.675,317.016,295.289,297.993,297.945,1026.479,980.337,688.115,759.357,1013.889,295.696,295.438,294.857,294.813
988,0.274444444,947.714,295.533,577.332,317.098,295.283,298.009,297.946,1026.741,980.699,688.674,759.944,1014.215,295.699,295.435,294.858,294.814
989,0.274722222,947.714,295.533,577.332,317.098,295.283,298.009,297.946,1026.741,980.699,688.674,759.944,1014.215,295.699,295.435,294.858,294.814
990,0.275,947.714,295.533,577.332,317.098,295.283,298.009,297.946,1026.741,980.699,688.674,759.944,1014.215,295.699,295.435,294.858,294.814
991,0.275277778,948.68,295.557,577.97,317.173,295.293,298.011,297.953,1026.728,981.054,689.236,760.482,1014.511,295.702,295.453,294.869,294.825
992,0.275555556,948.68,295.557,577.97,317.173,295.293,298.011,297.953,1026.728,981.054,689.236,760.482,1014.511,295.702,295.453,294.869,294.825
993,0.275833333,948.68,295.557,577.97,317.173,295.293,298.011,297.953,1026.728,981.054,689.236,760.482,1014.511,295.702,295.453,294.869,294.825
994,0.276111111,948.68,295.557,577.97,317.173,295.293,298.011,297.953,1026.728,981.054,689.236,760.482,1014.511,295.702,295.453,294.869,294.825
995,0.276388889,948.35,295.594,578.609,317.264,295.292,298.026,297.979,1026.461,981.423,689.82,761.063,1014.839,295.714,295.451,294.88,294.842
996,0.276666667,948.35,295.594,578.609,317.264,295.292,298.026,297.979,1026.461,981.423,689.82,761.063,1014.839,295.714,295.451,294.88,294.842
997,0.276944444,948.35,295.594,578.609,317.264,295.292,298.026,297.979,1026.461,981.423,689.82,761.063,1014.839,295.714,295.451,294.88,294.842
998,0.277222222,948.287,295.607,579.226,317.339,295.293,298.023,297.964,1026.396,981.772,690.374,761.599,1015.091,295.72,295.457,294.874,294.846
999,0.2775,948.287,295.607,579.226,317.339,295.293,298.023,297.964,1026.396,981.772,690.374,761.599,1015.091,295.72,295.457,294.874,294.846
1000,0.277777778,948.287,295.607,579.226,317.339,295.293,298.023,297.964,1026.396,981.772,690.374,761.599,1015.091,295.72,295.457,294.874,294.846
1001,0.278055556,948.287,295.607,579.226,317.339,295.293,298.023,297.964,1026.396,981.772,690.374,761.599,1015.091,295.72,295.457,294.874,294.846
1002,0.278333333,947.861,295.632,579.871,317.41,295.277,298.019,297.96,1026.525,982.101,690.903,762.114,1015.373,295.72,295.464,294.875,294.831
1003,0.278611111,947.861,295.632,579.871,317.41,295.277,298.019,297.96,1026.525,982.101,690.903,762.114,1015.373,295.72,295.464,294.875,294.831
1004,0.278888889,947.861,295.632,579.871,317.41,295.277,298.019,297.96,1026.525,982.101,690.903,762.114,1015.373,295.72,295.464,294.875,294.831
1005,0.279166667,947.738,295.659,580.482,317.495,295.289,298.027,297.969,1026.631,982.422,691.48,762.676,1015.628,295.729,295.469,294.884,294.843
1006,0.279444444,947.738,295.659,580.482,317.495,295.289,298.027,297.969,1026.631,982.422,691.48,762.676,1015.628,295.729,295.469,294.884,294.843
1007,0.279722222,947.738,295.659,580.482,317.495,295.289,298.027,297.969,1026.631,982.422,691.48,762.676,1015.628,295.729,295.469,294.884,294.843
1008,0.28,947.738,295.659,580.482,317.495,295.289,298.027,297.969,1026.631,982.422,691.48,762.676,1015.628,295.729,295.469,294.884,294.843
1009,0.280277778,947.801,295.668,581.166,317.57,295.267,298.017,297.965,1027.012,982.742,692.018,763.228,1015.891,295.734,295.473,294.879,294.836
1010,0.280555556,947.801,295.668,581.166,317.57,295.267,298.017,297.965,1027.012,982.742,692.018,763.228,1015.891,295.734,295.473,294.879,294.836
1011,0.280833333,947.801,295.668,581.166,317.57,295.267,298.017,297.965,1027.012,982.742,692.018,763.228,1015.891,295.734,295.473,294.879,294.836
1012,0.281111111,947.876,295.688,581.793,317.661,295.26,298.014,297.969,1027.526,983.039,692.579,763.733,1016.115,295.729,295.477,294.883,294.844
1013,0.281388889,947.876,295.688,581.793,317.661,295.26,298.014,297.969,1027.526,983.039,692.579,763.733,1016.115,295.729,295.477,294.883,294.844
1014,0.281666667,947.876,295.688,581.793,317.661,295.26,298.014,297.969,1027.526,983.039,692.579,763.733,1016.115,295.729,295.477,294.883,294.844
1015,0.281944444,947.876,295.688,581.793,317.661,295.26,298.014,297.969,1027.526,983.039,692.579,763.733,1016.115,295.729,295.477,294.883,294.844
1016,0.282222222,948.599,295.72,582.411,317.739,295.25,298.019,297.971,1027.297,983.342,693.13,764.279,1016.347,295.739,295.483,294.88,294.838
1017,0.2825,948.599,295.72,582.411,317.739,295.25,298.019,297.971,1027.297,983.342,693.13,764.279,1016.347,295.739,295.483,294.88,294.838
1018,0.282777778,948.599,295.72,582.411,317.739,295.25,298.019,297.971,1027.297,983.342,693.13,764.279,1016.347,295.739,295.483,294.88,294.838
1019,0.283055556,949.01,295.746,583.01,317.824,295.248,298.027,297.984,1026.88,983.652,693.669,764.818,1016.585,295.743,295.482,294.888,294.849
1020,0.283333333,949.01,295.746,583.01,317.824,295.248,298.027,297.984,1026.88,983.652,693.669,764.818,1016.585,295.743,295.482,294.888,294.849
1021,0.283611111,949.01,295.746,583.01,317.824,295.248,298.027,297.984,1026.88,983.652,693.669,764.818,1016.585,295.743,295.482,294.888,294.849
1022,0.283888889,949.01,295.746,583.01,317.824,295.248,298.027,297.984,1026.88,983.652,693.669,764.818,1016.585,295.743,295.482,294.888,294.849
1023,0.284166667,949.861,295.765,583.602,317.905,295.249,298.029,297.987,1026.651,983.952,694.223,765.381,1016.845,295.751,295.494,294.879,294.842
1024,0.284444444,949.861,295.765,583.602,317.905,295.249,298.029,297.987,1026.651,983.952,694.223,765.381,1016.845,295.751,295.494,294.879,294.842
1025,0.284722222,949.861,295.765,583.602,317.905,295.249,298.029,297.987,1026.651,983.952,694.223,765.381,1016.845,295.751,295.494,294.879,294.842
1026,0.285,950.809,295.793,584.233,317.983,295.255,298.031,297.995,1026.357,984.249,694.754,765.875,1017.092,295.763,295.495,294.892,294.859
1027,0.285277778,950.809,295.793,584.233,317.983,295.255,298.031,297.995,1026.357,984.249,694.754,765.875,1017.092,295.763,295.495,294.892,294.859
1028,0.285555556,950.809,295.793,584.233,317.983,295.255,298.031,297.995,1026.357,984.249,694.754,765.875,1017.092,295.763,295.495,294.892,294.859
1029,0.285833333,950.809,295.793,584.233,317.983,295.255,298.031,297.995,1026.357,984.249,694.754,765.875,1017.092,295.763,295.495,294.892,294.859
1030,0.286111111,951.016,295.82,584.788,318.067,295.248,298.047,297.998,1026.251,984.552,695.302,766.392,1017.333,295.758,295.496,294.893,294.859
1031,0.286388889,951.016,295.82,584.788,318.067,295.248,298.047,297.998,1026.251,984.552,695.302,766.392,1017.333,295.758,295.496,294.893,294.859
1032,0.286666667,951.016,295.82,584.788,318.067,295.248,298.047,297.998,1026.251,984.552,695.302,766.392,1017.333,295.758,295.496,294.893,294.859
1033,0.286944444,951.237,295.843,585.391,318.125,295.242,298.04,297.993,1026.335,984.843,695.837,766.879,1017.555,295.769,295.495,294.893,294.856
1034,0.287222222,951.237,295.843,585.391,318.125,295.242,298.04,297.993,1026.335,984.843,695.837,766.879,1017.555,295.769,295.495,294.893,294.856
1035,0.2875,951.237,295.843,585.391,318.125,295.242,298.04,297.993,1026.335,984.843,695.837,766.879,1017.555,295.769,295.495,294.893,294.856
1036,0.287777778,951.237,295.843,585.391,318.125,295.242,298.04,297.993,1026.335,984.843,695.837,766.879,1017.555,295.769,295.495,294.893,294.856
1037,0.288055556,951.475,295.859,585.945,318.201,295.218,298.036,297.999,1026.42,985.12,696.352,767.404,1017.78,295.765,295.496,294.889,294.847
1038,0.288333333,951.475,295.859,585.945,318.201,295.218,298.036,297.999,1026.42,985.12,696.352,767.404,1017.78,295.765,295.496,294.889,294.847
1039,0.288611111,951.475,295.859,585.945,318.201,295.218,298.036,297.999,1026.42,985.12,696.352,767.404,1017.78,295.765,295.496,294.889,294.847
1040,0.288888889,951.657,295.877,586.505,318.268,295.226,298.05,298.007,1026.705,985.417,696.886,767.893,1017.978,295.762,295.497,294.889,294.851
1041,0.289166667,951.657,295.877,586.505,318.268,295.226,298.05,298.007,1026.705,985.417,696.886,767.893,1017.978,295.762,295.497,294.889,294.851
1042,0.289444444,951.657,295.877,586.505,318.268,295.226,298.05,298.007,1026.705,985.417,696.886,767.893,1017.978,295.762,295.497,294.889,294.851
1043,0.289722222,951.657,295.877,586.505,318.268,295.226,298.05,298.007,1026.705,985.417,696.886,767.893,1017.978,295.762,295.497,294.889,294.851
1044,0.29,951.752,295.907,587.11,318.336,295.207,298.057,297.999,1027.216,985.673,697.416,768.411,1018.211,295.765,295.5,294.89,294.858
1045,0.290277778,951.752,295.907,587.11,318.336,295.207,298.057,297.999,1027.216,985.673,697.416,768.411,1018.211,295.765,295.5,294.89,294.858
1046,0.290555556,951.752,295.907,587.11,318.336,295.207,298.057,297.999,1027.216,985.673,697.416,768.411,1018.211,295.765,295.5,294.89,294.858
1047,0.290833333,952.352,295.924,587.683,318.404,295.198,298.06,298.007,1027.413,985.965,697.924,768.923,1018.453,295.776,295.508,294.89,294.854
1048,0.291111111,952.352,295.924,587.683,318.404,295.198,298.06,298.007,1027.413,985.965,697.924,768.923,1018.453,295.776,295.508,294.89,294.854
1049,0.291388889,952.352,295.924,587.683,318.404,295.198,298.06,298.007,1027.413,985.965,697.924,768.923,1018.453,295.776,295.508,294.89,294.854
1050,0.291666667,952.352,295.924,587.683,318.404,295.198,298.06,298.007,1027.413,985.965,697.924,768.923,1018.453,295.776,295.508,294.89,294.854
1051,0.291944444,952.698,295.956,588.234,318.458,295.182,298.071,298.026,1027.808,986.23,698.446,769.42,1018.679,295.773,295.505,294.886,294.849
1052,0.292222222,952.698,295.956,588.234,318.458,295.182,298.071,298.026,1027.808,986.23,698.446,769.42,1018.679,295.773,295.505,294.886,294.849
1053,0.2925,952.698,295.956,588.234,318.458,295.182,298.071,298.026,1027.808,986.23,698.446,769.42,1018.679,295.773,295.505,294.886,294.849
1054,0.292777778,953.106,295.984,588.808,318.538,295.175,298.107,298.043,1028.248,986.509,698.956,769.904,1018.911,295.776,295.515,294.891,294.858
1055,0.293055556,953.106,295.984,588.808,318.538,295.175,298.107,298.043,1028.248,986.509,698.956,769.904,1018.911,295.776,295.515,294.891,294.858
1056,0.293333333,953.106,295.984,588.808,318.538,295.175,298.107,298.043,1028.248,986.509,698.956,769.904,1018.911,295.776,295.515,294.891,294.858
1057,0.293611111,953.106,295.984,588.808,318.538,295.175,298.107,298.043,1028.248,986.509,698.956,769.904,1018.911,295.776,295.515,294.891,294.858
1058,0.293888889,953.51,296.003,589.426,318.604,295.161,298.099,298.061,1028.087,986.79,699.483,770.412,1019.176,295.782,295.521,294.906,294.865
1059,0.294166667,953.51,296.003,589.426,318.604,295.161,298.099,298.061,1028.087,986.79,699.483,770.412,1019.176,295.782,295.521,294.906,294.865
1060,0.294444444,953.51,296.003,589.426,318.604,295.161,298.099,298.061,1028.087,986.79,699.483,770.412,1019.176,295.782,295.521,294.906,294.865
1061,0.294722222,954.185,296.019,589.972,318.664,295.131,298.089,298.046,1027.711,987.081,699.982,770.888,1019.404,295.782,295.518,294.89,294.851
1062,0.295,954.185,296.019,589.972,318.664,295.131,298.089,298.046,1027.711,987.081,699.982,770.888,1019.404,295.782,295.518,294.89,294.851
1063,0.295277778,954.185,296.019,589.972,318.664,295.131,298.089,298.046,1027.711,987.081,699.982,770.888,1019.404,295.782,295.518,294.89,294.851
1064,0.295555556,954.185,296.019,589.972,318.664,295.131,298.089,298.046,1027.711,987.081,699.982,770.888,1019.404,295.782,295.518,294.89,294.851
1065,0.295833333,954.715,296.059,590.618,318.737,295.138,298.1,298.058,1027.376,987.365,700.492,771.37,1019.66,295.785,295.531,294.904,294.867
1066,0.296111111,954.715,296.059,590.618,318.737,295.138,298.1,298.058,1027.376,987.365,700.492,771.37,1019.66,295.785,295.531,294.904,294.867
1067,0.296388889,954.715,296.059,590.618,318.737,295.138,298.1,298.058,1027.376,987.365,700.492,771.37,1019.66,295.785,295.531,294.904,294.867
1068,0.296666667,954.798,296.067,591.141,318.791,295.122,298.109,298.049,1027.433,987.653,701,771.851,1019.927,295.78,295.524,294.897,294.853
1069,0.296944444,954.798,296.067,591.141,318.791,295.122,298.109,298.049,1027.433,987.653,701,771.851,1019.927,295.78,295.524,294.897,294.853
1070,0.297222222,954.798,296.067,591.141,318.791,295.122,298.109,298.049,1027.433,987.653,701,771.851,1019.927,295.78,295.524,294.897,294.853
1071,0.2975,954.798,296.067,591.141,318.791,295.122,298.109,298.049,1027.433,987.653,701,771.851,1019.927,295.78,295.524,294.897,294.853
1072,0.297777778,954.931,296.107,591.696,318.85,295.116,298.124,298.071,1027.346,987.946,701.508,772.329,1020.159,295.792,295.529,294.903,294.866
1073,0.298055556,954.931,296.107,591.696,318.85,295.116,298.124,298.071,1027.346,987.946,701.508,772.329,1020.159,295.792,295.529,294.903,294.866
1074,0.298333333,954.931,296.107,591.696,318.85,295.116,298.124,298.071,1027.346,987.946,701.508,772.329,1020.159,295.792,295.529,294.903,294.866
1075,0.298611111,955.249,296.131,592.246,318.918,295.101,298.131,298.076,1027.064,988.231,702.005,772.819,1020.409,295.796,295.522,294.893,294.859
1076,0.298888889,955.249,296.131,592.246,318.918,295.101,298.131,298.076,1027.064,988.231,702.005,772.819,1020.409,295.796,295.522,294.893,294.859
1077,0.299166667,955.249,296.131,592.246,318.918,295.101,298.131,298.076,1027.064,988.231,702.005,772.819,1020.409,295.796,295.522,294.893,294.859
1078,0.299444444,955.249,296.131,592.246,318.918,295.101,298.131,298.076,1027.064,988.231,702.005,772.819,1020.409,295.796,295.522,294.893,294.859
1079,0.299722222,955.485,296.153,592.836,318.99,295.078,298.166,298.086,1027.253,988.513,702.511,773.31,1020.656,295.799,295.538,294.896,294.859
1080,0.3,955.485,296.153,592.836,318.99,295.078,298.166,298.086,1027.253,988.513,702.511,773.31,1020.656,295.799,295.538,294.896,294.859
1081,0.300277778,955.485,296.153,592.836,318.99,295.078,298.166,298.086,1027.253,988.513,702.511,773.31,1020.656,295.799,295.538,294.896,294.859
1082,0.300555556,955.348,296.185,593.399,319.057,295.081,298.172,298.108,1027.584,988.794,703.003,773.794,1020.908,295.804,295.542,294.896,294.865
1083,0.300833333,955.348,296.185,593.399,319.057,295.081,298.172,298.108,1027.584,988.794,703.003,773.794,1020.908,295.804,295.542,294.896,294.865
1084,0.301111111,955.348,296.185,593.399,319.057,295.081,298.172,298.108,1027.584,988.794,703.003,773.794,1020.908,295.804,295.542,294.896,294.865
1085,0.301388889,955.348,296.185,593.399,319.057,295.081,298.172,298.108,1027.584,988.794,703.003,773.794,1020.908,295.804,295.542,294.896,294.865
1086,0.301666667,955.273,296.202,593.963,319.11,295.056,298.177,298.121,1028.036,989.047,703.491,774.236,1021.11,295.803,295.549,294.9,294.86
1087,0.301944444,955.273,296.202,593.963,319.11,295.056,298.177,298.121,1028.036,989.047,703.491,774.236,1021.11,295.803,295.549,294.9,294.86
1088,0.302222222,955.273,296.202,593.963,319.11,295.056,298.177,298.121,1028.036,989.047,703.491,774.236,1021.11,295.803,295.549,294.9,294.86
1089,0.3025,955.684,296.222,594.53,319.165,295.026,298.171,298.118,1028.264,989.305,703.976,774.742,1021.379,295.804,295.534,294.895,294.858
1090,0.302777778,955.684,296.222,594.53,319.165,295.026,298.171,298.118,1028.264,989.305,703.976,774.742,1021.379,295.804,295.534,294.895,294.858
1091,0.303055556,955.684,296.222,594.53,319.165,295.026,298.171,298.118,1028.264,989.305,703.976,774.742,1021.379,295.804,295.534,294.895,294.858
1092,0.303333333,955.684,296.222,594.53,319.165,295.026,298.171,298.118,1028.264,989.305,703.976,774.742,1021.379,295.804,295.534,294.895,294.858
1093,0.303611111,956.268,296.248,595.068,319.225,295.015,298.182,298.124,1027.629,989.567,704.451,775.193,1021.606,295.808,295.542,294.892,294.858
1094,0.303888889,956.268,296.248,595.068,319.225,295.015,298.182,298.124,1027.629,989.567,704.451,775.193,1021.606,295.808,295.542,294.892,294.858
1095,0.304166667,956.268,296.248,595.068,319.225,295.015,298.182,298.124,1027.629,989.567,704.451,775.193,1021.606,295.808,295.542,294.892,294.858
1096,0.304444444,956.61,296.289,595.611,319.292,295.014,298.191,298.139,1027.147,989.845,704.957,775.663,1021.842,295.812,295.546,294.9,294.866
1097,0.304722222,956.61,296.289,595.611,319.292,295.014,298.191,298.139,1027.147,989.845,704.957,775.663,1021.842,295.812,295.546,294.9,294.866
1098,0.305,956.61,296.289,595.611,319.292,295.014,298.191,298.139,1027.147,989.845,704.957,775.663,1021.842,295.812,295.546,294.9,294.866
1099,0.305277778,956.61,296.289,595.611,319.292,295.014,298.191,298.139,1027.147,989.845,704.957,775.663,1021.842,295.812,295.546,294.9,294.866
1100,0.305555556,956.775,296.3,596.165,319.345,294.983,298.185,298.14,1027.013,990.113,705.426,776.098,1022.05,295.805,295.541,294.891,294.853
1101,0.305833333,956.775,296.3,596.165,319.345,294.983,298.185,298.14,1027.013,990.113,705.426,776.098,1022.05,295.805,295.541,294.891,294.853
1102,0.306111111,956.775,296.3,596.165,319.345,294.983,298.185,298.14,1027.013,990.113,705.426,776.098,1022.05,295.805,295.541,294.891,294.853
1103,0.306388889,956.797,296.316,596.701,319.401,294.977,298.195,298.143,1027.447,990.373,705.891,776.541,1022.273,295.806,295.544,294.886,294.856
1104,0.306666667,956.797,296.316,596.701,319.401,294.977,298.195,298.143,1027.447,990.373,705.891,776.541,1022.273,295.806,295.544,294.886,294.856
1105,0.306944444,956.797,296.316,596.701,319.401,294.977,298.195,298.143,1027.447,990.373,705.891,776.541,1022.273,295.806,295.544,294.886,294.856
1106,0.307222222,956.797,296.316,596.701,319.401,294.977,298.195,298.143,1027.447,990.373,705.891,776.541,1022.273,295.806,295.544,294.886,294.856
1107,0.3075,956.515,296.348,597.245,319.463,294.968,298.21,298.154,1027.941,990.627,706.382,777.046,1022.519,295.812,295.557,294.904,294.86
1108,0.307777778,956.515,296.348,597.245,319.463,294.968,298.21,298.154,1027.941,990.627,706.382,777.046,1022.519,295.812,295.557,294.904,294.86
1109,0.308055556,956.515,296.348,597.245,319.463,294.968,298.21,298.154,1027.941,990.627,706.382,777.046,1022.519,295.812,295.557,294.904,294.86
1110,0.308333333,957.334,296.376,597.838,319.53,294.937,298.216,298.162,1028.248,990.888,706.872,777.517,1022.74,295.811,295.56,294.895,294.855
1111,0.308611111,957.334,296.376,597.838,319.53,294.937,298.216,298.162,1028.248,990.888,706.872,777.517,1022.74,295.811,295.56,294.895,294.855
1112,0.308888889,957.334,296.376,597.838,319.53,294.937,298.216,298.162,1028.248,990.888,706.872,777.517,1022.74,295.811,295.56,294.895,294.855
1113,0.309166667,957.334,296.376,597.838,319.53,294.937,298.216,298.162,1028.248,990.888,706.872,777.517,1022.74,295.811,295.56,294.895,294.855
1114,0.309444444,958.222,296.406,598.303,319.579,294.922,298.214,298.17,1028.413,991.148,707.361,777.957,1022.945,295.82,295.56,294.893,294.86
1115,0.309722222,958.222,296.406,598.303,319.579,294.922,298.214,298.17,1028.413,991.148,707.361,777.957,1022.945,295.82,295.56,294.893,294.86
1116,0.31,958.222,296.406,598.303,319.579,294.922,298.214,298.17,1028.413,991.148,707.361,777.957,1022.945,295.82,295.56,294.893,294.86
1117,0.310277778,959.341,296.436,598.891,319.643,294.9,298.216,298.17,1028.255,991.39,707.854,778.382,1023.148,295.83,295.56,294.889,294.847
1118,0.310555556,959.341,296.436,598.891,319.643,294.9,298.216,298.17,1028.255,991.39,707.854,778.382,1023.148,295.83,295.56,294.889,294.847
1119,0.310833333,959.341,296.436,598.891,319.643,294.9,298.216,298.17,1028.255,991.39,707.854,778.382,1023.148,295.83,295.56,294.889,294.847
1120,0.311111111,959.341,296.436,598.891,319.643,294.9,298.216,298.17,1028.255,991.39,707.854,778.382,1023.148,295.83,295.56,294.889,294.847
1121,0.311388889,960.325,296.464,599.462,319.7,294.877,298.213,298.173,1028.046,991.66,708.339,778.888,1023.403,295.826,295.555,294.885,294.858
1122,0.311666667,960.325,296.464,599.462,319.7,294.877,298.213,298.173,1028.046,991.66,708.339,778.888,1023.403,295.826,295.555,294.885,294.858
1123,0.311944444,960.325,296.464,599.462,319.7,294.877,298.213,298.173,1028.046,991.66,708.339,778.888,1023.403,295.826,295.555,294.885,294.858
1124,0.312222222,961.257,296.487,600.018,319.751,294.868,298.221,298.174,1027.589,991.905,708.792,779.328,1023.574,295.821,295.558,294.878,294.848
1125,0.3125,961.257,296.487,600.018,319.751,294.868,298.221,298.174,1027.589,991.905,708.792,779.328,1023.574,295.821,295.558,294.878,294.848
1126,0.312777778,961.257,296.487,600.018,319.751,294.868,298.221,298.174,1027.589,991.905,708.792,779.328,1023.574,295.821,295.558,294.878,294.848
1127,0.313055556,961.257,296.487,600.018,319.751,294.868,298.221,298.174,1027.589,991.905,708.792,779.328,1023.574,295.821,295.558,294.878,294.848
1128,0.313333333,961.862,296.514,600.592,319.801,294.84,298.227,298.187,1027.142,992.153,709.272,779.794,1023.808,295.825,295.566,294.891,294.85
1129,0.313611111,961.862,296.514,600.592,319.801,294.84,298.227,298.187,1027.142,992.153,709.272,779.794,1023.808,295.825,295.566,294.891,294.85
1130,0.313888889,961.862,296.514,600.592,319.801,294.84,298.227,298.187,1027.142,992.153,709.272,779.794,1023.808,295.825,295.566,294.891,294.85
1131,0.314166667,961.988,296.536,601.112,319.862,294.824,298.222,298.182,1027.578,992.406,709.743,780.251,1024.014,295.828,295.561,294.884,294.849
1132,0.314444444,961.988,296.536,601.112,319.862,294.824,298.222,298.182,1027.578,992.406,709.743,780.251,1024.014,295.828,295.561,294.884,294.849
1133,0.314722222,961.988,296.536,601.112,319.862,294.824,298.222,298.182,1027.578,992.406,709.743,780.251,1024.014,295.828,295.561,294.884,294.849
1134,0.315,961.988,296.536,601.112,319.862,294.824,298.222,298.182,1027.578,992.406,709.743,780.251,1024.014,295.828,295.561,294.884,294.849
1135,0.315277778,962.267,296.568,601.605,319.912,294.807,298.223,298.19,1027.844,992.633,710.211,780.682,1024.185,295.822,295.577,294.878,294.847
1136,0.315555556,962.267,296.568,601.605,319.912,294.807,298.223,298.19,1027.844,992.633,710.211,780.682,1024.185,295.822,295.577,294.878,294.847
1137,0.315833333,962.267,296.568,601.605,319.912,294.807,298.223,298.19,1027.844,992.633,710.211,780.682,1024.185,295.822,295.577,294.878,294.847
1138,0.316111111,962.062,296.595,602.158,319.952,294.762,298.219,298.193,1027.832,992.846,710.692,781.135,1024.363,295.823,295.562,294.874,294.84
1139,0.316388889,962.062,296.595,602.158,319.952,294.762,298.219,298.193,1027.832,992.846,710.692,781.135,1024.363,295.823,295.562,294.874,294.84
1140,0.316666667,962.062,296.595,602.158,319.952,294.762,298.219,298.193,1027.832,992.846,710.692,781.135,1024.363,295.823,295.562,294.874,294.84
1141,0.316944444,962.062,296.595,602.158,319.952,294.762,298.219,298.193,1027.832,992.846,710.692,781.135,1024.363,295.823,295.562,294.874,294.84
1142,0.317222222,962.059,296.621,602.687,320.013,294.749,298.227,298.185,1028.438,993.081,711.153,781.607,1024.565,295.825,295.571,294.88,294.837
1143,0.3175,962.059,296.621,602.687,320.013,294.749,298.227,298.185,1028.438,993.081,711.153,781.607,1024.565,295.825,295.571,294.88,294.837
1144,0.317777778,962.059,296.621,602.687,320.013,294.749,298.227,298.185,1028.438,993.081,711.153,781.607,1024.565,295.825,295.571,294.88,294.837
1145,0.318055556,962.537,296.654,603.206,320.062,294.73,298.225,298.193,1028.723,993.302,711.629,782.023,1024.747,295.83,295.57,294.871,294.842
1146,0.318333333,962.537,296.654,603.206,320.062,294.73,298.225,298.193,1028.723,993.302,711.629,782.023,1024.747,295.83,295.57,294.871,294.842
1147,0.318611111,962.537,296.654,603.206,320.062,294.73,298.225,298.193,1028.723,993.302,711.629,782.023,1024.747,295.83,295.57,294.871,294.842
1148,0.318888889,962.537,296.654,603.206,320.062,294.73,298.225,298.193,1028.723,993.302,711.629,782.023,1024.747,295.83,295.57,294.871,294.842
1149,0.319166667,963.399,296.671,603.776,320.092,294.697,298.221,298.175,1028.73,993.514,712.084,782.459,1024.893,295.836,295.564,294.863,294.826
1150,0.319444444,963.399,296.671,603.776,320.092,294.697,298.221,298.175,1028.73,993.514,712.084,782.459,1024.893,295.836,295.564,294.863,294.826
1151,0.319722222,963.399,296.671,603.776,320.092,294.697,298.221,298.175,1028.73,993.514,712.084,782.459,1024.893,295.836,295.564,294.863,294.826
1152,0.32,963.961,296.699,604.273,320.133,294.669,298.197,298.176,1028.457,993.739,712.553,782.89,1025.12,295.822,295.564,294.864,294.829
1153,0.320277778,963.961,296.699,604.273,320.133,294.669,298.197,298.176,1028.457,993.739,712.553,782.89,1025.12,295.822,295.564,294.864,294.829
1154,0.320555556,963.961,296.699,604.273,320.133,294.669,298.197,298.176,1028.457,993.739,712.553,782.89,1025.12,295.822,295.564,294.864,294.829
1155,0.320833333,963.961,296.699,604.273,320.133,294.669,298.197,298.176,1028.457,993.739,712.553,782.89,1025.12,295.822,295.564,294.864,294.829
1156,0.321111111,964.219,296.724,604.831,320.175,294.628,298.192,298.157,1028.579,993.969,713.016,783.333,1025.331,295.826,295.566,294.872,294.827
1157,0.321388889,964.219,296.724,604.831,320.175,294.628,298.192,298.157,1028.579,993.969,713.016,783.333,1025.331,295.826,295.566,294.872,294.827
1158,0.321666667,964.219,296.724,604.831,320.175,294.628,298.192,298.157,1028.579,993.969,713.016,783.333,1025.331,295.826,295.566,294.872,294.827
1159,0.321944444,964.329,296.762,605.356,320.239,294.634,298.193,298.174,1029.132,994.21,713.489,783.77,1025.551,295.829,295.57,294.864,294.843
1160,0.322222222,964.329,296.762,605.356,320.239,294.634,298.193,298.174,1029.132,994.21,713.489,783.77,1025.551,295.829,295.57,294.864,294.843
1161,0.3225,964.329,296.762,605.356,320.239,294.634,298.193,298.174,1029.132,994.21,713.489,783.77,1025.551,295.829,295.57,294.864,294.843
1162,0.322777778,964.329,296.762,605.356,320.239,294.634,298.193,298.174,1029.132,994.21,713.489,783.77,1025.551,295.829,295.57,294.864,294.843
1163,0.323055556,964.734,296.789,605.882,320.285,294.609,298.207,298.176,1029.154,994.448,713.944,784.212,1025.784,295.832,295.578,294.872,294.84
1164,0.323333333,964.734,296.789,605.882,320.285,294.609,298.207,298.176,1029.154,994.448,713.944,784.212,1025.784,295.832,295.578,294.872,294.84
1165,0.323611111,964.734,296.789,605.882,320.285,294.609,298.207,298.176,1029.154,994.448,713.944,784.212,1025.784,295.832,295.578,294.872,294.84
1166,0.323888889,964.915,296.813,606.438,320.326,294.583,298.204,298.178,1029.284,994.686,714.403,784.641,1025.99,295.839,295.574,294.868,294.831
1167,0.324166667,964.915,296.813,606.438,320.326,294.583,298.204,298.178,1029.284,994.686,714.403,784.641,1025.99,295.839,295.574,294.868,294.831
1168,0.324444444,964.915,296.813,606.438,320.326,294.583,298.204,298.178,1029.284,994.686,714.403,784.641,1025.99,295.839,295.574,294.868,294.831
1169,0.324722222,964.915,296.813,606.438,320.326,294.583,298.204,298.178,1029.284,994.686,714.403,784.641,1025.99,295.839,295.574,294.868,294.831
1170,0.325,965.124,296.846,606.947,320.377,294.559,298.215,298.178,1028.888,994.926,714.857,785.091,1026.198,295.824,295.577,294.856,294.832
1171,0.325277778,965.124,296.846,606.947,320.377,294.559,298.215,298.178,1028.888,994.926,714.857,785.091,1026.198,295.824,295.577,294.856,294.832
1172,0.325555556,965.124,296.846,606.947,320.377,294.559,298.215,298.178,1028.888,994.926,714.857,785.091,1026.198,295.824,295.577,294.856,294.832
1173,0.325833333,965.29,296.878,607.452,320.422,294.538,298.213,298.174,1028.5,995.154,715.317,785.526,1026.382,295.841,295.579,294.863,294.839
1174,0.326111111,965.29,296.878,607.452,320.422,294.538,298.213,298.174,1028.5,995.154,715.317,785.526,1026.382,295.841,295.579,294.863,294.839
1175,0.326388889,965.29,296.878,607.452,320.422,294.538,298.213,298.174,1028.5,995.154,715.317,785.526,1026.382,295.841,295.579,294.863,294.839
1176,0.326666667,965.29,296.878,607.452,320.422,294.538,298.213,298.174,1028.5,995.154,715.317,785.526,1026.382,295.841,295.579,294.863,294.839
1177,0.326944444,965.423,296.897,607.962,320.46,294.511,298.204,298.162,1027.891,995.382,715.774,785.937,1026.558,295.832,295.573,294.86,294.831
1178,0.327222222,965.423,296.897,607.962,320.46,294.511,298.204,298.162,1027.891,995.382,715.774,785.937,1026.558,295.832,295.573,294.86,294.831
1179,0.3275,965.423,296.897,607.962,320.46,294.511,298.204,298.162,1027.891,995.382,715.774,785.937,1026.558,295.832,295.573,294.86,294.831
1180,0.327777778,965.607,296.931,608.479,320.508,294.49,298.22,298.162,1027.685,995.614,716.234,786.387,1026.758,295.834,295.573,294.855,294.831
1181,0.328055556,965.607,296.931,608.479,320.508,294.49,298.22,298.162,1027.685,995.614,716.234,786.387,1026.758,295.834,295.573,294.855,294.831
1182,0.328333333,965.607,296.931,608.479,320.508,294.49,298.22,298.162,1027.685,995.614,716.234,786.387,1026.758,295.834,295.573,294.855,294.831
1183,0.328611111,965.607,296.931,608.479,320.508,294.49,298.22,298.162,1027.685,995.614,716.234,786.387,1026.758,295.834,295.573,294.855,294.831
1184,0.328888889,965.779,296.955,609.008,320.543,294.448,298.211,298.169,1027.964,995.815,716.682,786.793,1026.92,295.828,295.574,294.844,294.831
1185,0.329166667,965.779,296.955,609.008,320.543,294.448,298.211,298.169,1027.964,995.815,716.682,786.793,1026.92,295.828,295.574,294.844,294.831
1186,0.329444444,965.779,296.955,609.008,320.543,294.448,298.211,298.169,1027.964,995.815,716.682,786.793,1026.92,295.828,295.574,294.844,294.831
1187,0.329722222,965.661,296.975,609.496,320.583,294.416,298.192,298.162,1028.297,996.011,717.115,787.202,1027.073,295.816,295.566,294.835,294.816
1188,0.33,965.661,296.975,609.496,320.583,294.416,298.192,298.162,1028.297,996.011,717.115,787.202,1027.073,295.816,295.566,294.835,294.816
1189,0.330277778,965.661,296.975,609.496,320.583,294.416,298.192,298.162,1028.297,996.011,717.115,787.202,1027.073,295.816,295.566,294.835,294.816
1190,0.330555556,965.661,296.975,609.496,320.583,294.416,298.192,298.162,1028.297,996.011,717.115,787.202,1027.073,295.816,295.566,294.835,294.816
1191,0.330833333,966.023,297.027,610.043,320.649,294.431,298.222,298.185,1028.311,996.235,717.603,787.666,1027.271,295.839,295.584,294.861,294.845
1192,0.331111111,966.023,297.027,610.043,320.649,294.431,298.222,298.185,1028.311,996.235,717.603,787.666,1027.271,295.839,295.584,294.861,294.845
1193,0.331388889,966.023,297.027,610.043,320.649,294.431,298.222,298.185,1028.311,996.235,717.603,787.666,1027.271,295.839,295.584,294.861,294.845
1194,0.331666667,966.306,297.057,610.551,320.7,294.4,298.206,298.179,1028.264,996.418,718.037,788.078,1027.421,295.838,295.585,294.841,294.834
1195,0.331944444,966.306,297.057,610.551,320.7,294.4,298.206,298.179,1028.264,996.418,718.037,788.078,1027.421,295.838,295.585,294.841,294.834
1196,0.332222222,966.306,297.057,610.551,320.7,294.4,298.206,298.179,1028.264,996.418,718.037,788.078,1027.421,295.838,295.585,294.841,294.834
1197,0.3325,966.306,297.057,610.551,320.7,294.4,298.206,298.179,1028.264,996.418,718.037,788.078,1027.421,295.838,295.585,294.841,294.834
1198,0.332777778,966.792,297.075,611.028,320.729,294.358,298.188,298.163,1028.179,996.617,718.473,788.486,1027.579,295.831,295.572,294.827,294.82
1199,0.333055556,966.792,297.075,611.028,320.729,294.358,298.188,298.163,1028.179,996.617,718.473,788.486,1027.579,295.831,295.572,294.827,294.82
1200,0.333333333,966.792,297.075,611.028,320.729,294.358,298.188,298.163,1028.179,996.617,718.473,788.486,1027.579,295.831,295.572,294.827,294.82
1201,0.333611111,967.033,297.103,611.568,320.769,294.334,298.195,298.161,1028.072,996.814,718.924,788.904,1027.752,295.823,295.57,294.827,294.814
1202,0.333888889,967.033,297.103,611.568,320.769,294.334,298.195,298.161,1028.072,996.814,718.924,788.904,1027.752,295.823,295.57,294.827,294.814
1203,0.334166667,967.033,297.103,611.568,320.769,294.334,298.195,298.161,1028.072,996.814,718.924,788.904,1027.752,295.823,295.57,294.827,294.814
1204,0.334444444,967.033,297.103,611.568,320.769,294.334,298.195,298.161,1028.072,996.814,718.924,788.904,1027.752,295.823,295.57,294.827,294.814
1205,0.334722222,967.588,297.126,612.064,320.809,294.302,298.181,298.146,1027.897,997.023,719.355,789.35,1027.931,295.823,295.579,294.826,294.81
1206,0.335,967.588,297.126,612.064,320.809,294.302,298.181,298.146,1027.897,997.023,719.355,789.35,1027.931,295.823,295.579,294.826,294.81
1207,0.335277778,967.588,297.126,612.064,320.809,294.302,298.181,298.146,1027.897,997.023,719.355,789.35,1027.931,295.823,295.579,294.826,294.81
1208,0.335555556,966.849,297.164,612.561,320.857,294.293,298.184,298.152,1028.049,997.227,719.784,789.725,1028.109,295.831,295.578,294.824,294.803
1209,0.335833333,966.849,297.164,612.561,320.857,294.293,298.184,298.152,1028.049,997.227,719.784,789.725,1028.109,295.831,295.578,294.824,294.803
1210,0.336111111,966.849,297.164,612.561,320.857,294.293,298.184,298.152,1028.049,997.227,719.784,789.725,1028.109,295.831,295.578,294.824,294.803
1211,0.336388889,966.849,297.164,612.561,320.857,294.293,298.184,298.152,1028.049,997.227,719.784,789.725,1028.109,295.831,295.578,294.824,294.803
1212,0.336666667,966.241,297.197,613.056,320.905,294.267,298.186,298.166,1028.421,997.43,720.226,790.145,1028.304,295.829,295.584,294.828,294.806
1213,0.336944444,966.241,297.197,613.056,320.905,294.267,298.186,298.166,1028.421,997.43,720.226,790.145,1028.304,295.829,295.584,294.828,294.806
1214,0.337222222,966.241,297.197,613.056,320.905,294.267,298.186,298.166,1028.421,997.43,720.226,790.145,1028.304,295.829,295.584,294.828,294.806
1215,0.3375,965.971,297.233,613.572,320.951,294.258,298.195,298.16,1029.036,997.627,720.659,790.544,1028.451,295.832,295.586,294.825,294.811
1216,0.337777778,965.971,297.233,613.572,320.951,294.258,298.195,298.16,1029.036,997.627,720.659,790.544,1028.451,295.832,295.586,294.825,294.811
1217,0.338055556,965.971,297.233,613.572,320.951,294.258,298.195,298.16,1029.036,997.627,720.659,790.544,1028.451,295.832,295.586,294.825,294.811
1218,0.338333333,965.971,297.233,613.572,320.951,294.258,298.195,298.16,1029.036,997.627,720.659,790.544,1028.451,295.832,295.586,294.825,294.811
1219,0.338611111,965.993,297.259,614.067,321.015,294.264,298.2,298.166,1029.449,997.829,721.102,791.008,1028.653,295.842,295.595,294.825,294.819
1220,0.338888889,965.993,297.259,614.067,321.015,294.264,298.2,298.166,1029.449,997.829,721.102,791.008,1028.653,295.842,295.595,294.825,294.819
1221,0.339166667,965.993,297.259,614.067,321.015,294.264,298.2,298.166,1029.449,997.829,721.102,791.008,1028.653,295.842,295.595,294.825,294.819
1222,0.339444444,966.083,297.284,614.574,321.06,294.224,298.183,298.154,1029.929,997.996,721.533,791.361,1028.773,295.838,295.592,294.813,294.812
1223,0.339722222,966.083,297.284,614.574,321.06,294.224,298.183,298.154,1029.929,997.996,721.533,791.361,1028.773,295.838,295.592,294.813,294.812
1224,0.34,966.083,297.284,614.574,321.06,294.224,298.183,298.154,1029.929,997.996,721.533,791.361,1028.773,295.838,295.592,294.813,294.812
1225,0.340277778,966.083,297.284,614.574,321.06,294.224,298.183,298.154,1029.929,997.996,721.533,791.361,1028.773,295.838,295.592,294.813,294.812
1226,0.340555556,965.752,297.326,615.049,321.124,294.226,298.198,298.159,1030.068,998.183,721.979,791.813,1028.919,295.843,295.591,294.819,294.814
1227,0.340833333,965.752,297.326,615.049,321.124,294.226,298.198,298.159,1030.068,998.183,721.979,791.813,1028.919,295.843,295.591,294.819,294.814
1228,0.341111111,965.752,297.326,615.049,321.124,294.226,298.198,298.159,1030.068,998.183,721.979,791.813,1028.919,295.843,295.591,294.819,294.814
1229,0.341388889,965.715,297.354,615.56,321.186,294.207,298.189,298.153,1029.966,998.354,722.405,792.156,1029.044,295.838,295.592,294.812,294.808
1230,0.341666667,965.715,297.354,615.56,321.186,294.207,298.189,298.153,1029.966,998.354,722.405,792.156,1029.044,295.838,295.592,294.812,294.808
1231,0.341944444,965.715,297.354,615.56,321.186,294.207,298.189,298.153,1029.966,998.354,722.405,792.156,1029.044,295.838,295.592,294.812,294.808
1232,0.342222222,965.715,297.354,615.56,321.186,294.207,298.189,298.153,1029.966,998.354,722.405,792.156,1029.044,295.838,295.592,294.812,294.808
1233,0.3425,965.539,297.372,616.059,321.242,294.191,298.187,298.149,1029.915,998.539,722.821,792.574,1029.216,295.836,295.59,294.804,294.812
1234,0.342777778,965.539,297.372,616.059,321.242,294.191,298.187,298.149,1029.915,998.539,722.821,792.574,1029.216,295.836,295.59,294.804,294.812
1235,0.343055556,965.539,297.372,616.059,321.242,294.191,298.187,298.149,1029.915,998.539,722.821,792.574,1029.216,295.836,295.59,294.804,294.812
1236,0.343333333,965.398,297.421,616.529,321.321,294.194,298.185,298.151,1029.901,998.712,723.243,792.994,1029.382,295.844,295.593,294.809,294.813
1237,0.343611111,965.398,297.421,616.529,321.321,294.194,298.185,298.151,1029.901,998.712,723.243,792.994,1029.382,295.844,295.593,294.809,294.813
1238,0.343888889,965.398,297.421,616.529,321.321,294.194,298.185,298.151,1029.901,998.712,723.243,792.994,1029.382,295.844,295.593,294.809,294.813
1239,0.344166667,965.398,297.421,616.529,321.321,294.194,298.185,298.151,1029.901,998.712,723.243,792.994,1029.382,295.844,295.593,294.809,294.813
1240,0.344444444,965.669,297.44,617.021,321.388,294.188,298.196,298.152,1029.937,998.905,723.668,793.377,1029.533,295.86,295.609,294.799,294.809
1241,0.344722222,965.669,297.44,617.021,321.388,294.188,298.196,298.152,1029.937,998.905,723.668,793.377,1029.533,295.86,295.609,294.799,294.809
1242,0.345,965.669,297.44,617.021,321.388,294.188,298.196,298.152,1029.937,998.905,723.668,793.377,1029.533,295.86,295.609,294.799,294.809
1243,0.345277778,965.991,297.476,617.511,321.45,294.182,298.184,298.151,1029.9,999.088,724.088,793.76,1029.668,295.858,295.598,294.804,294.804
1244,0.345555556,965.991,297.476,617.511,321.45,294.182,298.184,298.151,1029.9,999.088,724.088,793.76,1029.668,295.858,295.598,294.804,294.804
1245,0.345833333,965.991,297.476,617.511,321.45,294.182,298.184,298.151,1029.9,999.088,724.088,793.76,1029.668,295.858,295.598,294.804,294.804
1246,0.346111111,965.991,297.476,617.511,321.45,294.182,298.184,298.151,1029.9,999.088,724.088,793.76,1029.668,295.858,295.598,294.804,294.804
1247,0.346388889,966.18,297.5,618.018,321.522,294.19,298.194,298.154,1029.913,999.256,724.519,794.143,1029.81,295.851,295.604,294.803,294.817
1248,0.346666667,966.18,297.5,618.018,321.522,294.19,298.194,298.154,1029.913,999.256,724.519,794.143,1029.81,295.851,295.604,294.803,294.817
1249,0.346944444,966.18,297.5,618.018,321.522,294.19,298.194,298.154,1029.913,999.256,724.519,794.143,1029.81,295.851,295.604,294.803,294.817
1250,0.347222222,965.997,297.543,618.469,321.588,294.189,298.191,298.15,1029.731,999.439,724.93,794.54,1029.956,295.855,295.605,294.794,294.807
1251,0.3475,965.997,297.543,618.469,321.588,294.189,298.191,298.15,1029.731,999.439,724.93,794.54,1029.956,295.855,295.605,294.794,294.807
1252,0.347777778,965.997,297.543,618.469,321.588,294.189,298.191,298.15,1029.731,999.439,724.93,794.54,1029.956,295.855,295.605,294.794,294.807
1253,0.348055556,965.997,297.543,618.469,321.588,294.189,298.191,298.15,1029.731,999.439,724.93,794.54,1029.956,295.855,295.605,294.794,294.807
1254,0.348333333,966.037,297.569,618.967,321.659,294.177,298.175,298.142,1029.76,999.616,725.349,794.946,1030.139,295.856,295.612,294.799,294.82
1255,0.348611111,966.037,297.569,618.967,321.659,294.177,298.175,298.142,1029.76,999.616,725.349,794.946,1030.139,295.856,295.612,294.799,294.82
1256,0.348888889,966.037,297.569,618.967,321.659,294.177,298.175,298.142,1029.76,999.616,725.349,794.946,1030.139,295.856,295.612,294.799,294.82
1257,0.349166667,966.459,297.611,619.444,321.74,294.203,298.173,298.152,1029.488,999.789,725.765,795.326,1030.289,295.866,295.618,294.811,294.815
1258,0.349444444,966.459,297.611,619.444,321.74,294.203,298.173,298.152,1029.488,999.789,725.765,795.326,1030.289,295.866,295.618,294.811,294.815
1259,0.349722222,966.459,297.611,619.444,321.74,294.203,298.173,298.152,1029.488,999.789,725.765,795.326,1030.289,295.866,295.618,294.811,294.815
1260,0.35,966.459,297.611,619.444,321.74,294.203,298.173,298.152,1029.488,999.789,725.765,795.326,1030.289,295.866,295.618,294.811,294.815
1261,0.350277778,966.255,297.646,619.911,321.821,294.198,298.177,298.144,1029.201,999.971,726.175,795.718,1030.444,295.869,295.618,294.805,294.811
1262,0.350555556,966.255,297.646,619.911,321.821,294.198,298.177,298.144,1029.201,999.971,726.175,795.718,1030.444,295.869,295.618,294.805,294.811
1263,0.350833333,966.255,297.646,619.911,321.821,294.198,298.177,298.144,1029.201,999.971,726.175,795.718,1030.444,295.869,295.618,294.805,294.811
1264,0.351111111,965.916,297.667,620.377,321.893,294.197,298.168,298.14,1029.025,1000.149,726.582,796.081,1030.569,295.878,295.627,294.808,294.819
1265,0.351388889,965.916,297.667,620.377,321.893,294.197,298.168,298.14,1029.025,1000.149,726.582,796.081,1030.569,295.878,295.627,294.808,294.819
1266,0.351666667,965.916,297.667,620.377,321.893,294.197,298.168,298.14,1029.025,1000.149,726.582,796.081,1030.569,295.878,295.627,294.808,294.819
1267,0.351944444,965.916,297.667,620.377,321.893,294.197,298.168,298.14,1029.025,1000.149,726.582,796.081,1030.569,295.878,295.627,294.808,294.819
1268,0.352222222,965.486,297.709,620.883,321.978,294.194,298.168,298.139,1029.171,1000.325,726.992,796.462,1030.724,295.88,295.637,294.811,294.827
1269,0.3525,965.486,297.709,620.883,321.978,294.194,298.168,298.139,1029.171,1000.325,726.992,796.462,1030.724,295.88,295.637,294.811,294.827
1270,0.352777778,965.486,297.709,620.883,321.978,294.194,298.168,298.139,1029.171,1000.325,726.992,796.462,1030.724,295.88,295.637,294.811,294.827
1271,0.353055556,966.197,297.735,621.338,322.057,294.187,298.162,298.127,1029.307,1000.479,727.393,796.838,1030.862,295.884,295.637,294.804,294.82
1272,0.353333333,966.197,297.735,621.338,322.057,294.187,298.162,298.127,1029.307,1000.479,727.393,796.838,1030.862,295.884,295.637,294.804,294.82
1273,0.353611111,966.197,297.735,621.338,322.057,294.187,298.162,298.127,1029.307,1000.479,727.393,796.838,1030.862,295.884,295.637,294.804,294.82
1274,0.353888889,966.197,297.735,621.338,322.057,294.187,298.162,298.127,1029.307,1000.479,727.393,796.838,1030.862,295.884,295.637,294.804,294.82
1275,0.354166667,966.68,297.782,621.84,322.133,294.22,298.163,298.131,1029.249,1000.634,727.802,797.229,1030.993,295.898,295.643,294.805,294.823
1276,0.354444444,966.68,297.782,621.84,322.133,294.22,298.163,298.131,1029.249,1000.634,727.802,797.229,1030.993,295.898,295.643,294.805,294.823
1277,0.354722222,966.68,297.782,621.84,322.133,294.22,298.163,298.131,1029.249,1000.634,727.802,797.229,1030.993,295.898,295.643,294.805,294.823
1278,0.355,966.719,297.81,622.301,322.214,294.208,298.16,298.121,1029.349,1000.783,728.2,797.604,1031.115,295.896,295.642,294.812,294.837
1279,0.355277778,966.719,297.81,622.301,322.214,294.208,298.16,298.121,1029.349,1000.783,728.2,797.604,1031.115,295.896,295.642,294.812,294.837
1280,0.355555556,966.719,297.81,622.301,322.214,294.208,298.16,298.121,1029.349,1000.783,728.2,797.604,1031.115,295.896,295.642,294.812,294.837
1281,0.355833333,966.719,297.81,622.301,322.214,294.208,298.16,298.121,1029.349,1000.783,728.2,797.604,1031.115,295.896,295.642,294.812,294.837
1282,0.356111111,966.341,297.844,622.787,322.311,294.209,298.17,298.119,1029.147,1000.948,728.622,797.993,1031.258,295.911,295.647,294.817,294.843
1283,0.356388889,966.341,297.844,622.787,322.311,294.209,298.17,298.119,1029.147,1000.948,728.622,797.993,1031.258,295.911,295.647,294.817,294.843
1284,0.356666667,966.341,297.844,622.787,322.311,294.209,298.17,298.119,1029.147,1000.948,728.622,797.993,1031.258,295.911,295.647,294.817,294.843
1285,0.356944444,966.064,297.873,623.229,322.387,294.215,298.169,298.129,1029.203,1001.084,729.002,798.338,1031.358,295.91,295.652,294.827,294.84
1286,0.357222222,966.064,297.873,623.229,322.387,294.215,298.169,298.129,1029.203,1001.084,729.002,798.338,1031.358,295.91,295.652,294.827,294.84
1287,0.3575,966.064,297.873,623.229,322.387,294.215,298.169,298.129,1029.203,1001.084,729.002,798.338,1031.358,295.91,295.652,294.827,294.84
1288,0.357777778,966.064,297.873,623.229,322.387,294.215,298.169,298.129,1029.203,1001.084,729.002,798.338,1031.358,295.91,295.652,294.827,294.84
1289,0.358055556,966.002,297.913,623.73,322.468,294.226,298.157,298.122,1029.331,1001.236,729.408,798.711,1031.465,295.912,295.659,294.815,294.843
1290,0.358333333,966.002,297.913,623.73,322.468,294.226,298.157,298.122,1029.331,1001.236,729.408,798.711,1031.465,295.912,295.659,294.815,294.843
1291,0.358611111,966.002,297.913,623.73,322.468,294.226,298.157,298.122,1029.331,1001.236,729.408,798.711,1031.465,295.912,295.659,294.815,294.843
1292,0.358888889,966.139,297.945,624.179,322.551,294.234,298.156,298.116,1029.278,1001.389,729.809,799.092,1031.609,295.914,295.68,294.832,294.853
1293,0.359166667,966.139,297.945,624.179,322.551,294.234,298.156,298.116,1029.278,1001.389,729.809,799.092,1031.609,295.914,295.68,294.832,294.853
1294,0.359444444,966.139,297.945,624.179,322.551,294.234,298.156,298.116,1029.278,1001.389,729.809,799.092,1031.609,295.914,295.68,294.832,294.853
1295,0.359722222,966.139,297.945,624.179,322.551,294.234,298.156,298.116,1029.278,1001.389,729.809,799.092,1031.609,295.914,295.68,294.832,294.853
1296,0.36,966.116,297.983,624.646,322.627,294.26,298.164,298.108,1029.335,1001.525,730.222,799.445,1031.709,295.918,295.655,294.833,294.86
1297,0.360277778,966.116,297.983,624.646,322.627,294.26,298.164,298.108,1029.335,1001.525,730.222,799.445,1031.709,295.918,295.655,294.833,294.86
1298,0.360555556,966.116,297.983,624.646,322.627,294.26,298.164,298.108,1029.335,1001.525,730.222,799.445,1031.709,295.918,295.655,294.833,294.86
1299,0.360833333,966.574,298.014,625.131,322.703,294.238,298.147,298.113,1029.464,1001.657,730.614,799.831,1031.835,295.918,295.665,294.836,294.853
1300,0.361111111,966.574,298.014,625.131,322.703,294.238,298.147,298.113,1029.464,1001.657,730.614,799.831,1031.835,295.918,295.665,294.836,294.853
1301,0.361388889,966.574,298.014,625.131,322.703,294.238,298.147,298.113,1029.464,1001.657,730.614,799.831,1031.835,295.918,295.665,294.836,294.853
1302,0.361666667,966.574,298.014,625.131,322.703,294.238,298.147,298.113,1029.464,1001.657,730.614,799.831,1031.835,295.918,295.665,294.836,294.853
1303,0.361944444,967.07,298.039,625.609,322.773,294.243,298.129,298.106,1029.024,1001.791,731.003,800.197,1031.954,295.915,295.667,294.829,294.85
1304,0.362222222,967.07,298.039,625.609,322.773,294.243,298.129,298.106,1029.024,1001.791,731.003,800.197,1031.954,295.915,295.667,294.829,294.85
1305,0.3625,967.07,298.039,625.609,322.773,294.243,298.129,298.106,1029.024,1001.791,731.003,800.197,1031.954,295.915,295.667,294.829,294.85
1306,0.362777778,967.223,298.087,626.1,322.86,294.259,298.15,298.1,1028.52,1001.952,731.426,800.566,1032.08,295.931,295.69,294.842,294.872
1307,0.363055556,967.223,298.087,626.1,322.86,294.259,298.15,298.1,1028.52,1001.952,731.426,800.566,1032.08,295.931,295.69,294.842,294.872
1308,0.363333333,967.223,298.087,626.1,322.86,294.259,298.15,298.1,1028.52,1001.952,731.426,800.566,1032.08,295.931,295.69,294.842,294.872
1309,0.363611111,967.223,298.087,626.1,322.86,294.259,298.15,298.1,1028.52,1001.952,731.426,800.566,1032.08,295.931,295.69,294.842,294.872
1310,0.363888889,967.038,298.13,626.566,322.938,294.269,298.13,298.107,1028.534,1002.097,731.819,800.934,1032.211,295.934,295.684,294.841,294.87
1311,0.364166667,967.038,298.13,626.566,322.938,294.269,298.13,298.107,1028.534,1002.097,731.819,800.934,1032.211,295.934,295.684,294.841,294.87
1312,0.364444444,967.038,298.13,626.566,322.938,294.269,298.13,298.107,1028.534,1002.097,731.819,800.934,1032.211,295.934,295.684,294.841,294.87
1313,0.364722222,966.428,298.149,626.995,323.006,294.276,298.125,298.09,1028.521,1002.233,732.208,801.261,1032.32,295.939,295.686,294.844,294.874
1314,0.365,966.428,298.149,626.995,323.006,294.276,298.125,298.09,1028.521,1002.233,732.208,801.261,1032.32,295.939,295.686,294.844,294.874
1315,0.365277778,966.428,298.149,626.995,323.006,294.276,298.125,298.09,1028.521,1002.233,732.208,801.261,1032.32,295.939,295.686,294.844,294.874
1316,0.365555556,966.428,298.149,626.995,323.006,294.276,298.125,298.09,1028.521,1002.233,732.208,801.261,1032.32,295.939,295.686,294.844,294.874
1317,0.365833333,965.774,298.195,627.483,323.087,294.29,298.135,298.099,1028.403,1002.382,732.608,801.636,1032.43,295.948,295.7,294.855,294.883
1318,0.366111111,965.774,298.195,627.483,323.087,294.29,298.135,298.099,1028.403,1002.382,732.608,801.636,1032.43,295.948,295.7,294.855,294.883
1319,0.366388889,965.774,298.195,627.483,323.087,294.29,298.135,298.099,1028.403,1002.382,732.608,801.636,1032.43,295.948,295.7,294.855,294.883
1320,0.366666667,965.166,298.227,627.922,323.161,294.32,298.136,298.102,1028.395,1002.518,732.986,802.006,1032.54,295.966,295.712,294.863,294.892
1321,0.366944444,965.166,298.227,627.922,323.161,294.32,298.136,298.102,1028.395,1002.518,732.986,802.006,1032.54,295.966,295.712,294.863,294.892
1322,0.367222222,965.166,298.227,627.922,323.161,294.32,298.136,298.102,1028.395,1002.518,732.986,802.006,1032.54,295.966,295.712,294.863,294.892
1323,0.3675,965.166,298.227,627.922,323.161,294.32,298.136,298.102,1028.395,1002.518,732.986,802.006,1032.54,295.966,295.712,294.863,294.892
1324,0.367777778,964.788,298.268,628.369,323.219,294.293,298.113,298.085,1028.59,1002.632,733.366,802.307,1032.619,295.944,295.708,294.848,294.878
1325,0.368055556,964.788,298.268,628.369,323.219,294.293,298.113,298.085,1028.59,1002.632,733.366,802.307,1032.619,295.944,295.708,294.848,294.878
1326,0.368333333,964.788,298.268,628.369,323.219,294.293,298.113,298.085,1028.59,1002.632,733.366,802.307,1032.619,295.944,295.708,294.848,294.878
1327,0.368611111,964.504,298.302,628.812,323.302,294.334,298.13,298.1,1028.689,1002.778,733.755,802.685,1032.741,295.968,295.73,294.862,294.897
1328,0.368888889,964.504,298.302,628.812,323.302,294.334,298.13,298.1,1028.689,1002.778,733.755,802.685,1032.741,295.968,295.73,294.862,294.897
1329,0.369166667,964.504,298.302,628.812,323.302,294.334,298.13,298.1,1028.689,1002.778,733.755,802.685,1032.741,295.968,295.73,294.862,294.897
1330,0.369444444,964.504,298.302,628.812,323.302,294.334,298.13,298.1,1028.689,1002.778,733.755,802.685,1032.741,295.968,295.73,294.862,294.897
1331,0.369722222,964.564,298.339,629.258,323.371,294.34,298.121,298.099,1028.72,1002.888,734.148,803.054,1032.868,295.972,295.722,294.872,294.901
1332,0.37,964.564,298.339,629.258,323.371,294.34,298.121,298.099,1028.72,1002.888,734.148,803.054,1032.868,295.972,295.722,294.872,294.901
1333,0.370277778,964.564,298.339,629.258,323.371,294.34,298.121,298.099,1028.72,1002.888,734.148,803.054,1032.868,295.972,295.722,294.872,294.901
1334,0.370555556,964.726,298.377,629.718,323.451,294.366,298.13,298.096,1028.846,1003.02,734.534,803.387,1032.957,295.986,295.742,294.872,294.904
1335,0.370833333,964.726,298.377,629.718,323.451,294.366,298.13,298.096,1028.846,1003.02,734.534,803.387,1032.957,295.986,295.742,294.872,294.904
1336,0.371111111,964.726,298.377,629.718,323.451,294.366,298.13,298.096,1028.846,1003.02,734.534,803.387,1032.957,295.986,295.742,294.872,294.904
1337,0.371388889,964.726,298.377,629.718,323.451,294.366,298.13,298.096,1028.846,1003.02,734.534,803.387,1032.957,295.986,295.742,294.872,294.904
1338,0.371666667,965.313,298.4,630.149,323.515,294.354,298.108,298.073,1029.229,1003.134,734.881,803.707,1033.063,295.981,295.734,294.862,294.904
1339,0.371944444,965.313,298.4,630.149,323.515,294.354,298.108,298.073,1029.229,1003.134,734.881,803.707,1033.063,295.981,295.734,294.862,294.904
1340,0.372222222,965.313,298.4,630.149,323.515,294.354,298.108,298.073,1029.229,1003.134,734.881,803.707,1033.063,295.981,295.734,294.862,294.904
1341,0.3725,965.326,298.448,630.605,323.595,294.382,298.109,298.092,1029.26,1003.266,735.265,804.054,1033.178,295.993,295.746,294.872,294.91
1342,0.372777778,965.326,298.448,630.605,323.595,294.382,298.109,298.092,1029.26,1003.266,735.265,804.054,1033.178,295.993,295.746,294.872,294.91
1343,0.373055556,965.326,298.448,630.605,323.595,294.382,298.109,298.092,1029.26,1003.266,735.265,804.054,1033.178,295.993,295.746,294.872,294.91
1344,0.373333333,965.326,298.448,630.605,323.595,294.382,298.109,298.092,1029.26,1003.266,735.265,804.054,1033.178,295.993,295.746,294.872,294.91
1345,0.373611111,965.839,298.486,631.025,323.662,294.363,298.1,298.068,1029.629,1003.4,735.63,804.378,1033.281,295.983,295.733,294.872,294.91
1346,0.373888889,965.839,298.486,631.025,323.662,294.363,298.1,298.068,1029.629,1003.4,735.63,804.378,1033.281,295.983,295.733,294.872,294.91
1347,0.374166667,965.839,298.486,631.025,323.662,294.363,298.1,298.068,1029.629,1003.4,735.63,804.378,1033.281,295.983,295.733,294.872,294.91
1348,0.374444444,966.162,298.514,631.488,323.732,294.381,298.105,298.075,1030.103,1003.528,736.004,804.705,1033.409,295.997,295.749,294.881,294.921
1349,0.374722222,966.162,298.514,631.488,323.732,294.381,298.105,298.075,1030.103,1003.528,736.004,804.705,1033.409,295.997,295.749,294.881,294.921
1350,0.375,966.162,298.514,631.488,323.732,294.381,298.105,298.075,1030.103,1003.528,736.004,804.705,1033.409,295.997,295.749,294.881,294.921
1351,0.375277778,966.162,298.514,631.488,323.732,294.381,298.105,298.075,1030.103,1003.528,736.004,804.705,1033.409,295.997,295.749,294.881,294.921
1352,0.375555556,966.542,298.566,631.929,323.815,294.408,298.1,298.072,1029.95,1003.673,736.367,805.053,1033.541,296.006,295.757,294.882,294.916
1353,0.375833333,966.542,298.566,631.929,323.815,294.408,298.1,298.072,1029.95,1003.673,736.367,805.053,1033.541,296.006,295.757,294.882,294.916
1354,0.376111111,966.542,298.566,631.929,323.815,294.408,298.1,298.072,1029.95,1003.673,736.367,805.053,1033.541,296.006,295.757,294.882,294.916
1355,0.376388889,966.926,298.595,632.385,323.868,294.393,298.096,298.062,1029.558,1003.811,736.735,805.392,1033.662,296.003,295.751,294.881,294.92
1356,0.376666667,966.926,298.595,632.385,323.868,294.393,298.096,298.062,1029.558,1003.811,736.735,805.392,1033.662,296.003,295.751,294.881,294.92
1357,0.376944444,966.926,298.595,632.385,323.868,294.393,298.096,298.062,1029.558,1003.811,736.735,805.392,1033.662,296.003,295.751,294.881,294.92
1358,0.377222222,966.926,298.595,632.385,323.868,294.393,298.096,298.062,1029.558,1003.811,736.735,805.392,1033.662,296.003,295.751,294.881,294.92
1359,0.3775,967.407,298.634,632.796,323.951,294.437,298.1,298.075,1029.984,1003.955,737.093,805.73,1033.805,296.016,295.765,294.896,294.938
1360,0.377777778,967.407,298.634,632.796,323.951,294.437,298.1,298.075,1029.984,1003.955,737.093,805.73,1033.805,296.016,295.765,294.896,294.938
1361,0.378055556,967.407,298.634,632.796,323.951,294.437,298.1,298.075,1029.984,1003.955,737.093,805.73,1033.805,296.016,295.765,294.896,294.938
1362,0.378333333,967.985,298.661,633.22,324.016,294.441,298.094,298.062,1029.676,1004.103,737.472,806.038,1033.934,296.02,295.773,294.891,294.943
1363,0.378611111,967.985,298.661,633.22,324.016,294.441,298.094,298.062,1029.676,1004.103,737.472,806.038,1033.934,296.02,295.773,294.891,294.943
1364,0.378888889,967.985,298.661,633.22,324.016,294.441,298.094,298.062,1029.676,1004.103,737.472,806.038,1033.934,296.02,295.773,294.891,294.943
1365,0.379166667,967.985,298.661,633.22,324.016,294.441,298.094,298.062,1029.676,1004.103,737.472,806.038,1033.934,296.02,295.773,294.891,294.943
1366,0.379444444,968.087,298.699,633.6,324.076,294.449,298.083,298.056,1029.289,1004.259,737.844,806.338,1034.078,296.019,295.775,294.904,294.946
1367,0.379722222,968.087,298.699,633.6,324.076,294.449,298.083,298.056,1029.289,1004.259,737.844,806.338,1034.078,296.019,295.775,294.904,294.946
1368,0.38,968.087,298.699,633.6,324.076,294.449,298.083,298.056,1029.289,1004.259,737.844,806.338,1034.078,296.019,295.775,294.904,294.946
1369,0.380277778,967.775,298.747,634.061,324.149,294.455,298.09,298.058,1028.968,1004.417,738.229,806.691,1034.195,296.034,295.78,294.911,294.953
1370,0.380555556,967.775,298.747,634.061,324.149,294.455,298.09,298.058,1028.968,1004.417,738.229,806.691,1034.195,296.034,295.78,294.911,294.953
1371,0.380833333,967.775,298.747,634.061,324.149,294.455,298.09,298.058,1028.968,1004.417,738.229,806.691,1034.195,296.034,295.78,294.911,294.953
1372,0.381111111,967.372,298.776,634.507,324.216,294.485,298.07,298.055,1028.972,1004.556,738.579,807.046,1034.345,296.036,295.796,294.901,294.953
1373,0.381388889,967.372,298.776,634.507,324.216,294.485,298.07,298.055,1028.972,1004.556,738.579,807.046,1034.345,296.036,295.796,294.901,294.953
1374,0.381666667,967.372,298.776,634.507,324.216,294.485,298.07,298.055,1028.972,1004.556,738.579,807.046,1034.345,296.036,295.796,294.901,294.953
1375,0.381944444,967.372,298.776,634.507,324.216,294.485,298.07,298.055,1028.972,1004.556,738.579,807.046,1034.345,296.036,295.796,294.901,294.953
1376,0.382222222,967.207,298.827,634.955,324.298,294.504,298.077,298.059,1029.241,1004.708,738.956,807.383,1034.488,296.053,295.797,294.912,294.959
1377,0.3825,967.207,298.827,634.955,324.298,294.504,298.077,298.059,1029.241,1004.708,738.956,807.383,1034.488,296.053,295.797,294.912,294.959
1378,0.382777778,967.207,298.827,634.955,324.298,294.504,298.077,298.059,1029.241,1004.708,738.956,807.383,1034.488,296.053,295.797,294.912,294.959
1379,0.383055556,967.02,298.851,635.398,324.363,294.493,298.06,298.035,1029.33,1004.853,739.306,807.675,1034.586,296.044,295.796,294.904,294.961
1380,0.383333333,967.02,298.851,635.398,324.363,294.493,298.06,298.035,1029.33,1004.853,739.306,807.675,1034.586,296.044,295.796,294.904,294.961
1381,0.383611111,967.02,298.851,635.398,324.363,294.493,298.06,298.035,1029.33,1004.853,739.306,807.675,1034.586,296.044,295.796,294.904,294.961
1382,0.383888889,967.02,298.851,635.398,324.363,294.493,298.06,298.035,1029.33,1004.853,739.306,807.675,1034.586,296.044,295.796,294.904,294.961
1383,0.384166667,966.588,298.893,635.829,324.439,294.519,298.063,298.049,1029.72,1004.999,739.687,808.028,1034.737,296.054,295.806,294.925,294.973
1384,0.384444444,966.588,298.893,635.829,324.439,294.519,298.063,298.049,1029.72,1004.999,739.687,808.028,1034.737,296.054,295.806,294.925,294.973
1385,0.384722222,966.588,298.893,635.829,324.439,294.519,298.063,298.049,1029.72,1004.999,739.687,808.028,1034.737,296.054,295.806,294.925,294.973
1386,0.385,966.777,298.939,636.227,324.505,294.536,298.064,298.047,1029.984,1005.141,740.052,808.327,1034.87,296.075,295.822,294.937,294.982
1387,0.385277778,966.777,298.939,636.227,324.505,294.536,298.064,298.047,1029.984,1005.141,740.052,808.327,1034.87,296.075,295.822,294.937,294.982
1388,0.385555556,966.777,298.939,636.227,324.505,294.536,298.064,298.047,1029.984,1005.141,740.052,808.327,1034.87,296.075,295.822,294.937,294.982
1389,0.385833333,966.777,298.939,636.227,324.505,294.536,298.064,298.047,1029.984,1005.141,740.052,808.327,1034.87,296.075,295.822,294.937,294.982
1390,0.386111111,966.789,298.977,636.683,324.571,294.546,298.062,298.045,1030.063,1005.283,740.418,808.636,1034.953,296.067,295.827,294.936,294.979
1391,0.386388889,966.789,298.977,636.683,324.571,294.546,298.062,298.045,1030.063,1005.283,740.418,808.636,1034.953,296.067,295.827,294.936,294.979
1392,0.386666667,966.789,298.977,636.683,324.571,294.546,298.062,298.045,1030.063,1005.283,740.418,808.636,1034.953,296.067,295.827,294.936,294.979
1393,0.386944444,966.982,299.015,637.221,324.643,294.562,298.053,298.051,1030.249,1005.416,740.782,808.956,1035.073,296.078,295.83,294.936,294.985
1394,0.387222222,966.982,299.015,637.221,324.643,294.562,298.053,298.051,1030.249,1005.416,740.782,808.956,1035.073,296.078,295.83,294.936,294.985
1395,0.3875,966.982,299.015,637.221,324.643,294.562,298.053,298.051,1030.249,1005.416,740.782,808.956,1035.073,296.078,295.83,294.936,294.985
1396,0.387777778,966.982,299.015,637.221,324.643,294.562,298.053,298.051,1030.249,1005.416,740.782,808.956,1035.073,296.078,295.83,294.936,294.985
1397,0.388055556,966.839,299.048,637.698,324.709,294.566,298.045,298.021,1030.093,1005.547,741.145,809.291,1035.18,296.074,295.828,294.935,294.977
1398,0.388333333,966.839,299.048,637.698,324.709,294.566,298.045,298.021,1030.093,1005.547,741.145,809.291,1035.18,296.074,295.828,294.935,294.977
1399,0.388611111,966.839,299.048,637.698,324.709,294.566,298.045,298.021,1030.093,1005.547,741.145,809.291,1035.18,296.074,295.828,294.935,294.977
1400,0.388888889,967.46,299.083,638.159,324.774,294.582,298.033,298.036,1029.735,1005.683,741.509,809.642,1035.338,296.089,295.832,294.931,294.991
1401,0.389166667,967.46,299.083,638.159,324.774,294.582,298.033,298.036,1029.735,1005.683,741.509,809.642,1035.338,296.089,295.832,294.931,294.991
1402,0.389444444,967.46,299.083,638.159,324.774,294.582,298.033,298.036,1029.735,1005.683,741.509,809.642,1035.338,296.089,295.832,294.931,294.991
1403,0.389722222,967.46,299.083,638.159,324.774,294.582,298.033,298.036,1029.735,1005.683,741.509,809.642,1035.338,296.089,295.832,294.931,294.991
1404,0.39,967.655,299.14,638.619,324.855,294.607,298.053,298.038,1029.578,1005.854,741.893,809.94,1035.473,296.106,295.86,294.961,295.011
1405,0.390277778,967.655,299.14,638.619,324.855,294.607,298.053,298.038,1029.578,1005.854,741.893,809.94,1035.473,296.106,295.86,294.961,295.011
1406,0.390555556,967.655,299.14,638.619,324.855,294.607,298.053,298.038,1029.578,1005.854,741.893,809.94,1035.473,296.106,295.86,294.961,295.011
1407,0.390833333,967.871,299.171,639.043,324.915,294.617,298.046,298.031,1029.508,1005.992,742.239,810.262,1035.627,296.096,295.85,294.954,294.999
1408,0.391111111,967.871,299.171,639.043,324.915,294.617,298.046,298.031,1029.508,1005.992,742.239,810.262,1035.627,296.096,295.85,294.954,294.999
1409,0.391388889,967.871,299.171,639.043,324.915,294.617,298.046,298.031,1029.508,1005.992,742.239,810.262,1035.627,296.096,295.85,294.954,294.999
1410,0.391666667,967.871,299.171,639.043,324.915,294.617,298.046,298.031,1029.508,1005.992,742.239,810.262,1035.627,296.096,295.85,294.954,294.999
1411,0.391944444,968.364,299.204,639.453,324.974,294.616,298.04,298.027,1029.623,1006.14,742.593,810.605,1035.79,296.102,295.859,294.955,294.998
1412,0.392222222,968.364,299.204,639.453,324.974,294.616,298.04,298.027,1029.623,1006.14,742.593,810.605,1035.79,296.102,295.859,294.955,294.998
1413,0.3925,968.364,299.204,639.453,324.974,294.616,298.04,298.027,1029.623,1006.14,742.593,810.605,1035.79,296.102,295.859,294.955,294.998
1414,0.392777778,968.651,299.249,639.904,325.046,294.656,298.05,298.027,1029.752,1006.302,742.953,810.92,1035.923,296.101,295.863,294.956,295.011
1415,0.393055556,968.651,299.249,639.904,325.046,294.656,298.05,298.027,1029.752,1006.302,742.953,810.92,1035.923,296.101,295.863,294.956,295.011
1416,0.393333333,968.651,299.249,639.904,325.046,294.656,298.05,298.027,1029.752,1006.302,742.953,810.92,1035.923,296.101,295.863,294.956,295.011
1417,0.393611111,968.651,299.249,639.904,325.046,294.656,298.05,298.027,1029.752,1006.302,742.953,810.92,1035.923,296.101,295.863,294.956,295.011
1418,0.393888889,968.864,299.289,640.359,325.111,294.676,298.058,298.04,1030.127,1006.466,743.331,811.243,1036.058,296.122,295.877,294.969,295.034
1419,0.394166667,968.864,299.289,640.359,325.111,294.676,298.058,298.04,1030.127,1006.466,743.331,811.243,1036.058,296.122,295.877,294.969,295.034
1420,0.394444444,968.864,299.289,640.359,325.111,294.676,298.058,298.04,1030.127,1006.466,743.331,811.243,1036.058,296.122,295.877,294.969,295.034
1421,0.394722222,968.89,299.33,640.777,325.17,294.692,298.055,298.031,1030.422,1006.611,743.68,811.558,1036.2,296.122,295.881,294.975,295.025
1422,0.395,968.89,299.33,640.777,325.17,294.692,298.055,298.031,1030.422,1006.611,743.68,811.558,1036.2,296.122,295.881,294.975,295.025
1423,0.395277778,968.89,299.33,640.777,325.17,294.692,298.055,298.031,1030.422,1006.611,743.68,811.558,1036.2,296.122,295.881,294.975,295.025
1424,0.395555556,968.89,299.33,640.777,325.17,294.692,298.055,298.031,1030.422,1006.611,743.68,811.558,1036.2,296.122,295.881,294.975,295.025
1425,0.395833333,968.462,299.362,641.155,325.238,294.715,298.043,298.023,1030.628,1006.754,744.036,811.88,1036.34,296.126,295.89,294.987,295.043
1426,0.396111111,968.462,299.362,641.155,325.238,294.715,298.043,298.023,1030.628,1006.754,744.036,811.88,1036.34,296.126,295.89,294.987,295.043
1427,0.396388889,968.462,299.362,641.155,325.238,294.715,298.043,298.023,1030.628,1006.754,744.036,811.88,1036.34,296.126,295.89,294.987,295.043
1428,0.396666667,968.054,299.408,641.556,325.297,294.706,298.042,298.01,1030.785,1006.897,744.385,812.2,1036.437,296.13,295.884,294.974,295.024
1429,0.396944444,968.054,299.408,641.556,325.297,294.706,298.042,298.01,1030.785,1006.897,744.385,812.2,1036.437,296.13,295.884,294.974,295.024
1430,0.397222222,968.054,299.408,641.556,325.297,294.706,298.042,298.01,1030.785,1006.897,744.385,812.2,1036.437,296.13,295.884,294.974,295.024
1431,0.3975,968.054,299.408,641.556,325.297,294.706,298.042,298.01,1030.785,1006.897,744.385,812.2,1036.437,296.13,295.884,294.974,295.024
1432,0.397777778,967.905,299.457,641.966,325.386,294.726,298.036,298.021,1030.57,1007.054,744.753,812.516,1036.576,296.138,295.903,294.989,295.045
1433,0.398055556,967.905,299.457,641.966,325.386,294.726,298.036,298.021,1030.57,1007.054,744.753,812.516,1036.576,296.138,295.903,294.989,295.045
1434,0.398333333,967.905,299.457,641.966,325.386,294.726,298.036,298.021,1030.57,1007.054,744.753,812.516,1036.576,296.138,295.903,294.989,295.045
1435,0.398611111,968.124,299.494,642.379,325.461,294.757,298.035,298.022,1030.326,1007.186,745.119,812.859,1036.702,296.155,295.911,295.003,295.056
1436,0.398888889,968.124,299.494,642.379,325.461,294.757,298.035,298.022,1030.326,1007.186,745.119,812.859,1036.702,296.155,295.911,295.003,295.056
1437,0.399166667,968.124,299.494,642.379,325.461,294.757,298.035,298.022,1030.326,1007.186,745.119,812.859,1036.702,296.155,295.911,295.003,295.056
1438,0.399444444,968.124,299.494,642.379,325.461,294.757,298.035,298.022,1030.326,1007.186,745.119,812.859,1036.702,296.155,295.911,295.003,295.056
1439,0.399722222,968.451,299.534,642.82,325.544,294.794,298.04,298.011,1030.314,1007.33,745.469,813.145,1036.826,296.163,295.912,295.003,295.06
1440,0.4,968.451,299.534,642.82,325.544,294.794,298.04,298.011,1030.314,1007.33,745.469,813.145,1036.826,296.163,295.912,295.003,295.06
1441,0.400277778,968.451,299.534,642.82,325.544,294.794,298.04,298.011,1030.314,1007.33,745.469,813.145,1036.826,296.163,295.912,295.003,295.06
1442,0.400555556,968.697,299.578,643.194,325.603,294.786,298.042,298.012,1030.454,1007.46,745.816,813.494,1036.953,296.168,295.912,295.005,295.061
1443,0.400833333,968.697,299.578,643.194,325.603,294.786,298.042,298.012,1030.454,1007.46,745.816,813.494,1036.953,296.168,295.912,295.005,295.061
1444,0.401111111,968.697,299.578,643.194,325.603,294.786,298.042,298.012,1030.454,1007.46,745.816,813.494,1036.953,296.168,295.912,295.005,295.061
1445,0.401388889,968.697,299.578,643.194,325.603,294.786,298.042,298.012,1030.454,1007.46,745.816,813.494,1036.953,296.168,295.912,295.005,295.061
1446,0.401666667,968.486,299.619,643.55,325.665,294.798,298.027,298.008,1030.45,1007.616,746.174,813.762,1037.084,296.166,295.917,295.007,295.061
1447,0.401944444,968.486,299.619,643.55,325.665,294.798,298.027,298.008,1030.45,1007.616,746.174,813.762,1037.084,296.166,295.917,295.007,295.061
1448,0.402222222,968.486,299.619,643.55,325.665,294.798,298.027,298.008,1030.45,1007.616,746.174,813.762,1037.084,296.166,295.917,295.007,295.061
1449,0.4025,968.929,299.659,643.996,325.74,294.828,298.042,298.022,1030.451,1007.748,746.544,814.081,1037.199,296.17,295.933,295.012,295.07
1450,0.402777778,968.929,299.659,643.996,325.74,294.828,298.042,298.022,1030.451,1007.748,746.544,814.081,1037.199,296.17,295.933,295.012,295.07
1451,0.403055556,968.929,299.659,643.996,325.74,294.828,298.042,298.022,1030.451,1007.748,746.544,814.081,1037.199,296.17,295.933,295.012,295.07
1452,0.403333333,968.929,299.659,643.996,325.74,294.828,298.042,298.022,1030.451,1007.748,746.544,814.081,1037.199,296.17,295.933,295.012,295.07
1453,0.403611111,969.236,299.705,644.441,325.812,294.841,298.049,298.032,1030.876,1007.896,746.88,814.405,1037.319,296.192,295.946,295.022,295.079
1454,0.403888889,969.236,299.705,644.441,325.812,294.841,298.049,298.032,1030.876,1007.896,746.88,814.405,1037.319,296.192,295.946,295.022,295.079
1455,0.404166667,969.236,299.705,644.441,325.812,294.841,298.049,298.032,1030.876,1007.896,746.88,814.405,1037.319,296.192,295.946,295.022,295.079
1456,0.404444444,969.064,299.75,644.858,325.898,294.873,298.044,298.025,1031.382,1008.035,747.227,814.715,1037.46,296.204,295.954,295.037,295.095
1457,0.404722222,969.064,299.75,644.858,325.898,294.873,298.044,298.025,1031.382,1008.035,747.227,814.715,1037.46,296.204,295.954,295.037,295.095
1458,0.405,969.064,299.75,644.858,325.898,294.873,298.044,298.025,1031.382,1008.035,747.227,814.715,1037.46,296.204,295.954,295.037,295.095
1459,0.405277778,969.064,299.75,644.858,325.898,294.873,298.044,298.025,1031.382,1008.035,747.227,814.715,1037.46,296.204,295.954,295.037,295.095
1460,0.405555556,969.328,299.773,645.297,325.961,294.863,298.036,298.009,1031.574,1008.177,747.567,815.036,1037.607,296.188,295.95,295.024,295.087
1461,0.405833333,969.328,299.773,645.297,325.961,294.863,298.036,298.009,1031.574,1008.177,747.567,815.036,1037.607,296.188,295.95,295.024,295.087
1462,0.406111111,969.328,299.773,645.297,325.961,294.863,298.036,298.009,1031.574,1008.177,747.567,815.036,1037.607,296.188,295.95,295.024,295.087
1463,0.406388889,969.548,299.821,645.674,326.036,294.881,298.042,298.006,1031.334,1008.327,747.922,815.339,1037.745,296.199,295.959,295.032,295.099
1464,0.406666667,969.548,299.821,645.674,326.036,294.881,298.042,298.006,1031.334,1008.327,747.922,815.339,1037.745,296.199,295.959,295.032,295.099
1465,0.406944444,969.548,299.821,645.674,326.036,294.881,298.042,298.006,1031.334,1008.327,747.922,815.339,1037.745,296.199,295.959,295.032,295.099
1466,0.407222222,969.548,299.821,645.674,326.036,294.881,298.042,298.006,1031.334,1008.327,747.922,815.339,1037.745,296.199,295.959,295.032,295.099
1467,0.4075,969.995,299.87,646.08,326.119,294.919,298.07,298.035,1031.052,1008.491,748.286,815.684,1037.924,296.225,295.982,295.045,295.118
1468,0.407777778,969.995,299.87,646.08,326.119,294.919,298.07,298.035,1031.052,1008.491,748.286,815.684,1037.924,296.225,295.982,295.045,295.118
1469,0.408055556,969.995,299.87,646.08,326.119,294.919,298.07,298.035,1031.052,1008.491,748.286,815.684,1037.924,296.225,295.982,295.045,295.118
1470,0.408333333,970.392,299.903,646.51,326.192,294.932,298.099,298.04,1031.232,1008.642,748.627,815.965,1038.058,296.214,295.981,295.046,295.115
1471,0.408611111,970.392,299.903,646.51,326.192,294.932,298.099,298.04,1031.232,1008.642,748.627,815.965,1038.058,296.214,295.981,295.046,295.115
1472,0.408888889,970.392,299.903,646.51,326.192,294.932,298.099,298.04,1031.232,1008.642,748.627,815.965,1038.058,296.214,295.981,295.046,295.115
1473,0.409166667,970.392,299.903,646.51,326.192,294.932,298.099,298.04,1031.232,1008.642,748.627,815.965,1038.058,296.214,295.981,295.046,295.115
1474,0.409444444,970.701,299.959,646.886,326.266,294.962,298.192,298.111,1031.288,1008.814,749,816.294,1038.228,296.233,295.992,295.072,295.135
1475,0.409722222,970.701,299.959,646.886,326.266,294.962,298.192,298.111,1031.288,1008.814,749,816.294,1038.228,296.233,295.992,295.072,295.135
1476,0.41,970.701,299.959,646.886,326.266,294.962,298.192,298.111,1031.288,1008.814,749,816.294,1038.228,296.233,295.992,295.072,295.135
1477,0.410277778,970.876,299.997,647.282,326.329,294.974,298.219,298.161,1031.298,1008.958,749.336,816.557,1038.343,296.23,295.992,295.064,295.126
1478,0.410555556,970.876,299.997,647.282,326.329,294.974,298.219,298.161,1031.298,1008.958,749.336,816.557,1038.343,296.23,295.992,295.064,295.126
1479,0.410833333,970.876,299.997,647.282,326.329,294.974,298.219,298.161,1031.298,1008.958,749.336,816.557,1038.343,296.23,295.992,295.064,295.126
1480,0.411111111,970.876,299.997,647.282,326.329,294.974,298.219,298.161,1031.298,1008.958,749.336,816.557,1038.343,296.23,295.992,295.064,295.126
1481,0.411388889,971.042,300.051,647.694,326.408,294.995,298.23,298.172,1031.126,1009.115,749.693,816.891,1038.481,296.24,295.996,295.075,295.136
1482,0.411666667,971.042,300.051,647.694,326.408,294.995,298.23,298.172,1031.126,1009.115,749.693,816.891,1038.481,296.24,295.996,295.075,295.136
1483,0.411944444,971.042,300.051,647.694,326.408,294.995,298.23,298.172,1031.126,1009.115,749.693,816.891,1038.481,296.24,295.996,295.075,295.136
1484,0.412222222,971.167,300.089,648.08,326.473,295.02,298.213,298.187,1030.88,1009.267,750.039,817.217,1038.625,296.256,296.007,295.086,295.149
1485,0.4125,971.167,300.089,648.08,326.473,295.02,298.213,298.187,1030.88,1009.267,750.039,817.217,1038.625,296.256,296.007,295.086,295.149
1486,0.412777778,971.167,300.089,648.08,326.473,295.02,298.213,298.187,1030.88,1009.267,750.039,817.217,1038.625,296.256,296.007,295.086,295.149
1487,0.413055556,971.167,300.089,648.08,326.473,295.02,298.213,298.187,1030.88,1009.267,750.039,817.217,1038.625,296.256,296.007,295.086,295.149
1488,0.413333333,970.554,300.132,648.481,326.556,295.057,298.205,298.162,1030.568,1009.414,750.392,817.522,1038.755,296.264,296.016,295.096,295.155
1489,0.413611111,970.554,300.132,648.481,326.556,295.057,298.205,298.162,1030.568,1009.414,750.392,817.522,1038.755,296.264,296.016,295.096,295.155
1490,0.413888889,970.554,300.132,648.481,326.556,295.057,298.205,298.162,1030.568,1009.414,750.392,817.522,1038.755,296.264,296.016,295.096,295.155
1491,0.414166667,970.268,300.172,648.893,326.626,295.064,298.189,298.166,1030.265,1009.544,750.739,817.837,1038.882,296.266,296.017,295.097,295.168
1492,0.414444444,970.268,300.172,648.893,326.626,295.064,298.189,298.166,1030.265,1009.544,750.739,817.837,1038.882,296.266,296.017,295.097,295.168
1493,0.414722222,970.268,300.172,648.893,326.626,295.064,298.189,298.166,1030.265,1009.544,750.739,817.837,1038.882,296.266,296.017,295.097,295.168
1494,0.415,970.268,300.172,648.893,326.626,295.064,298.189,298.166,1030.265,1009.544,750.739,817.837,1038.882,296.266,296.017,295.097,295.168
1495,0.415277778,970.608,300.208,649.313,326.687,295.083,298.162,298.148,1030.53,1009.682,751.068,818.113,1038.991,296.27,296.026,295.103,295.163
1496,0.415555556,970.608,300.208,649.313,326.687,295.083,298.162,298.148,1030.53,1009.682,751.068,818.113,1038.991,296.27,296.026,295.103,295.163
1497,0.415833333,970.608,300.208,649.313,326.687,295.083,298.162,298.148,1030.53,1009.682,751.068,818.113,1038.991,296.27,296.026,295.103,295.163
1498,0.416111111,970.55,300.242,649.711,326.751,295.095,298.156,298.144,1030.593,1009.8,751.417,818.427,1039.097,296.279,296.029,295.108,295.168
1499,0.416388889,970.55,300.242,649.711,326.751,295.095,298.156,298.144,1030.593,1009.8,751.417,818.427,1039.097,296.279,296.029,295.108,295.168
1500,0.416666667,970.55,300.242,649.711,326.751,295.095,298.156,298.144,1030.593,1009.8,751.417,818.427,1039.097,296.279,296.029,295.108,295.168
1501,0.416944444,970.55,300.242,649.711,326.751,295.095,298.156,298.144,1030.593,1009.8,751.417,818.427,1039.097,296.279,296.029,295.108,295.168
1502,0.417222222,970.432,300.299,650.105,326.819,295.11,298.147,298.137,1030.291,1009.933,751.757,818.733,1039.221,296.286,296.046,295.117,295.175
1503,0.4175,970.432,300.299,650.105,326.819,295.11,298.147,298.137,1030.291,1009.933,751.757,818.733,1039.221,296.286,296.046,295.117,295.175
1504,0.417777778,970.432,300.299,650.105,326.819,295.11,298.147,298.137,1030.291,1009.933,751.757,818.733,1039.221,296.286,296.046,295.117,295.175
1505,0.418055556,970.992,300.336,650.526,326.883,295.144,298.126,298.134,1030.124,1010.056,752.126,819.041,1039.308,296.299,296.048,295.114,295.181
1506,0.418333333,970.992,300.336,650.526,326.883,295.144,298.126,298.134,1030.124,1010.056,752.126,819.041,1039.308,296.299,296.048,295.114,295.181
1507,0.418611111,970.992,300.336,650.526,326.883,295.144,298.126,298.134,1030.124,1010.056,752.126,819.041,1039.308,296.299,296.048,295.114,295.181
1508,0.418888889,970.992,300.336,650.526,326.883,295.144,298.126,298.134,1030.124,1010.056,752.126,819.041,1039.308,296.299,296.048,295.114,295.181
1509,0.419166667,971.336,300.39,650.932,326.959,295.175,298.144,298.122,1030.075,1010.18,752.473,819.374,1039.406,296.307,296.063,295.113,295.196
1510,0.419444444,971.336,300.39,650.932,326.959,295.175,298.144,298.122,1030.075,1010.18,752.473,819.374,1039.406,296.307,296.063,295.113,295.196
1511,0.419722222,971.336,300.39,650.932,326.959,295.175,298.144,298.122,1030.075,1010.18,752.473,819.374,1039.406,296.307,296.063,295.113,295.196
1512,0.42,971.361,300.424,651.307,327.021,295.194,298.12,298.111,1029.991,1010.295,752.813,819.66,1039.486,296.312,296.065,295.129,295.193
1513,0.420277778,971.361,300.424,651.307,327.021,295.194,298.12,298.111,1029.991,1010.295,752.813,819.66,1039.486,296.312,296.065,295.129,295.193
1514,0.420555556,971.361,300.424,651.307,327.021,295.194,298.12,298.111,1029.991,1010.295,752.813,819.66,1039.486,296.312,296.065,295.129,295.193
1515,0.420833333,971.361,300.424,651.307,327.021,295.194,298.12,298.111,1029.991,1010.295,752.813,819.66,1039.486,296.312,296.065,295.129,295.193
1516,0.421111111,971.107,300.476,651.718,327.096,295.219,298.13,298.109,1030.369,1010.408,753.167,819.964,1039.61,296.319,296.079,295.149,295.211
1517,0.421388889,971.107,300.476,651.718,327.096,295.219,298.13,298.109,1030.369,1010.408,753.167,819.964,1039.61,296.319,296.079,295.149,295.211
1518,0.421666667,971.107,300.476,651.718,327.096,295.219,298.13,298.109,1030.369,1010.408,753.167,819.964,1039.61,296.319,296.079,295.149,295.211
1519,0.421944444,970.978,300.496,652.057,327.143,295.211,298.106,298.094,1030.503,1010.484,753.488,820.238,1039.641,296.315,296.069,295.128,295.206
1520,0.422222222,970.978,300.496,652.057,327.143,295.211,298.106,298.094,1030.503,1010.484,753.488,820.238,1039.641,296.315,296.069,295.128,295.206
1521,0.4225,970.978,300.496,652.057,327.143,295.211,298.106,298.094,1030.503,1010.484,753.488,820.238,1039.641,296.315,296.069,295.128,295.206
1522,0.422777778,970.978,300.496,652.057,327.143,295.211,298.106,298.094,1030.503,1010.484,753.488,820.238,1039.641,296.315,296.069,295.128,295.206
1523,0.423055556,970.933,300.564,652.442,327.226,295.26,298.107,298.103,1030.487,1010.59,753.848,820.527,1039.732,296.33,296.09,295.149,295.213
1524,0.423333333,970.933,300.564,652.442,327.226,295.26,298.107,298.103,1030.487,1010.59,753.848,820.527,1039.732,296.33,296.09,295.149,295.213
1525,0.423611111,970.933,300.564,652.442,327.226,295.26,298.107,298.103,1030.487,1010.59,753.848,820.527,1039.732,296.33,296.09,295.149,295.213
1526,0.423888889,970.877,300.596,652.81,327.293,295.263,298.114,298.103,1030.559,1010.706,754.188,820.84,1039.836,296.345,296.092,295.161,295.225
1527,0.424166667,970.877,300.596,652.81,327.293,295.263,298.114,298.103,1030.559,1010.706,754.188,820.84,1039.836,296.345,296.092,295.161,295.225
1528,0.424444444,970.877,300.596,652.81,327.293,295.263,298.114,298.103,1030.559,1010.706,754.188,820.84,1039.836,296.345,296.092,295.161,295.225
1529,0.424722222,970.877,300.596,652.81,327.293,295.263,298.114,298.103,1030.559,1010.706,754.188,820.84,1039.836,296.345,296.092,295.161,295.225
1530,0.425,971.009,300.643,653.194,327.348,295.283,298.12,298.107,1030.354,1010.794,754.534,821.122,1039.915,296.346,296.109,295.166,295.239
1531,0.425277778,971.009,300.643,653.194,327.348,295.283,298.12,298.107,1030.354,1010.794,754.534,821.122,1039.915,296.346,296.109,295.166,295.239
1532,0.425555556,971.009,300.643,653.194,327.348,295.283,298.12,298.107,1030.354,1010.794,754.534,821.122,1039.915,296.346,296.109,295.166,295.239
1533,0.425833333,971.041,300.674,653.574,327.399,295.292,298.096,298.097,1030.395,1010.885,754.853,821.418,1039.998,296.349,296.104,295.164,295.22
1534,0.426111111,971.041,300.674,653.574,327.399,295.292,298.096,298.097,1030.395,1010.885,754.853,821.418,1039.998,296.349,296.104,295.164,295.22
1535,0.426388889,971.041,300.674,653.574,327.399,295.292,298.096,298.097,1030.395,1010.885,754.853,821.418,1039.998,296.349,296.104,295.164,295.22
1536,0.426666667,971.041,300.674,653.574,327.399,295.292,298.096,298.097,1030.395,1010.885,754.853,821.418,1039.998,296.349,296.104,295.164,295.22
1537,0.426944444,971.146,300.724,653.988,327.48,295.328,298.106,298.104,1030.388,1010.997,755.204,821.717,1040.095,296.359,296.119,295.168,295.24
1538,0.427222222,971.146,300.724,653.988,327.48,295.328,298.106,298.104,1030.388,1010.997,755.204,821.717,1040.095,296.359,296.119,295.168,295.24
1539,0.4275,971.146,300.724,653.988,327.48,295.328,298.106,298.104,1030.388,1010.997,755.204,821.717,1040.095,296.359,296.119,295.168,295.24
1540,0.427777778,970.818,300.764,654.366,327.525,295.334,298.111,298.1,1030.257,1011.105,755.532,822,1040.182,296.358,296.114,295.172,295.236
1541,0.428055556,970.818,300.764,654.366,327.525,295.334,298.111,298.1,1030.257,1011.105,755.532,822,1040.182,296.358,296.114,295.172,295.236
1542,0.428333333,970.818,300.764,654.366,327.525,295.334,298.111,298.1,1030.257,1011.105,755.532,822,1040.182,296.358,296.114,295.172,295.236
1543,0.428611111,970.818,300.764,654.366,327.525,295.334,298.111,298.1,1030.257,1011.105,755.532,822,1040.182,296.358,296.114,295.172,295.236
1544,0.428888889,971.061,300.823,654.76,327.592,295.374,298.125,298.111,1029.758,1011.224,755.879,822.312,1040.321,296.372,296.133,295.188,295.252
1545,0.429166667,971.061,300.823,654.76,327.592,295.374,298.125,298.111,1029.758,1011.224,755.879,822.312,1040.321,296.372,296.133,295.188,295.252
1546,0.429444444,971.061,300.823,654.76,327.592,295.374,298.125,298.111,1029.758,1011.224,755.879,822.312,1040.321,296.372,296.133,295.188,295.252
1547,0.429722222,971.177,300.86,655.159,327.65,295.38,298.118,298.105,1029.632,1011.337,756.208,822.623,1040.425,296.38,296.134,295.19,295.273
1548,0.43,971.177,300.86,655.159,327.65,295.38,298.118,298.105,1029.632,1011.337,756.208,822.623,1040.425,296.38,296.134,295.19,295.273
1549,0.430277778,971.177,300.86,655.159,327.65,295.38,298.118,298.105,1029.632,1011.337,756.208,822.623,1040.425,296.38,296.134,295.19,295.273
1550,0.430555556,971.177,300.86,655.159,327.65,295.38,298.118,298.105,1029.632,1011.337,756.208,822.623,1040.425,296.38,296.134,295.19,295.273
1551,0.430833333,971.331,300.901,655.558,327.72,295.392,298.11,298.106,1029.483,1011.436,756.541,822.913,1040.516,296.383,296.143,295.191,295.269
1552,0.431111111,971.331,300.901,655.558,327.72,295.392,298.11,298.106,1029.483,1011.436,756.541,822.913,1040.516,296.383,296.143,295.191,295.269
1553,0.431388889,971.331,300.901,655.558,327.72,295.392,298.11,298.106,1029.483,1011.436,756.541,822.913,1040.516,296.383,296.143,295.191,295.269
1554,0.431666667,971.393,300.936,655.951,327.788,295.417,298.11,298.1,1029.26,1011.544,756.866,823.194,1040.602,296.397,296.146,295.207,295.263
1555,0.431944444,971.393,300.936,655.951,327.788,295.417,298.11,298.1,1029.26,1011.544,756.866,823.194,1040.602,296.397,296.146,295.207,295.263
1556,0.432222222,971.393,300.936,655.951,327.788,295.417,298.11,298.1,1029.26,1011.544,756.866,823.194,1040.602,296.397,296.146,295.207,295.263
1557,0.4325,971.393,300.936,655.951,327.788,295.417,298.11,298.1,1029.26,1011.544,756.866,823.194,1040.602,296.397,296.146,295.207,295.263
1558,0.432777778,972.074,300.99,656.308,327.863,295.445,298.109,298.101,1028.632,1011.656,757.194,823.441,1040.66,296.406,296.153,295.212,295.281
1559,0.433055556,972.074,300.99,656.308,327.863,295.445,298.109,298.101,1028.632,1011.656,757.194,823.441,1040.66,296.406,296.153,295.212,295.281
1560,0.433333333,972.074,300.99,656.308,327.863,295.445,298.109,298.101,1028.632,1011.656,757.194,823.441,1040.66,296.406,296.153,295.212,295.281
1561,0.433611111,971.818,301.039,656.674,327.921,295.459,298.099,298.099,1028.14,1011.746,757.522,823.752,1040.728,296.402,296.163,295.212,295.285
1562,0.433888889,971.818,301.039,656.674,327.921,295.459,298.099,298.099,1028.14,1011.746,757.522,823.752,1040.728,296.402,296.163,295.212,295.285
1563,0.434166667,971.818,301.039,656.674,327.921,295.459,298.099,298.099,1028.14,1011.746,757.522,823.752,1040.728,296.402,296.163,295.212,295.285
1564,0.434444444,971.818,301.039,656.674,327.921,295.459,298.099,298.099,1028.14,1011.746,757.522,823.752,1040.728,296.402,296.163,295.212,295.285
1565,0.434722222,971.21,301.08,657.074,327.988,295.476,298.103,298.099,1028.266,1011.822,757.847,824.017,1040.777,296.408,296.174,295.222,295.279
1566,0.435,971.21,301.08,657.074,327.988,295.476,298.103,298.099,1028.266,1011.822,757.847,824.017,1040.777,296.408,296.174,295.222,295.279
1567,0.435277778,971.21,301.08,657.074,327.988,295.476,298.103,298.099,1028.266,1011.822,757.847,824.017,1040.777,296.408,296.174,295.222,295.279
1568,0.435555556,970.813,301.116,657.429,328.046,295.494,298.109,298.093,1028.508,1011.895,758.152,824.259,1040.812,296.415,296.177,295.216,295.293
1569,0.435833333,970.813,301.116,657.429,328.046,295.494,298.109,298.093,1028.508,1011.895,758.152,824.259,1040.812,296.415,296.177,295.216,295.293
1570,0.436111111,970.813,301.116,657.429,328.046,295.494,298.109,298.093,1028.508,1011.895,758.152,824.259,1040.812,296.415,296.177,295.216,295.293
1571,0.436388889,970.813,301.116,657.429,328.046,295.494,298.109,298.093,1028.508,1011.895,758.152,824.259,1040.812,296.415,296.177,295.216,295.293
1572,0.436666667,970.934,301.163,657.798,328.108,295.522,298.111,298.1,1028.564,1011.955,758.473,824.528,1040.859,296.424,296.181,295.231,295.302
1573,0.436944444,970.934,301.163,657.798,328.108,295.522,298.111,298.1,1028.564,1011.955,758.473,824.528,1040.859,296.424,296.181,295.231,295.302
1574,0.437222222,970.934,301.163,657.798,328.108,295.522,298.111,298.1,1028.564,1011.955,758.473,824.528,1040.859,296.424,296.181,295.231,295.302
1575,0.4375,970.986,301.2,658.178,328.174,295.541,298.094,298.093,1028.693,1012.023,758.792,824.857,1040.931,296.424,296.19,295.244,295.313
1576,0.437777778,970.986,301.2,658.178,328.174,295.541,298.094,298.093,1028.693,1012.023,758.792,824.857,1040.931,296.424,296.19,295.244,295.313
1577,0.438055556,970.986,301.2,658.178,328.174,295.541,298.094,298.093,1028.693,1012.023,758.792,824.857,1040.931,296.424,296.19,295.244,295.313
1578,0.438333333,970.986,301.2,658.178,328.174,295.541,298.094,298.093,1028.693,1012.023,758.792,824.857,1040.931,296.424,296.19,295.244,295.313
1579,0.438611111,971.58,301.255,658.563,328.24,295.558,298.097,298.096,1029.254,1012.094,759.11,825.08,1040.943,296.437,296.197,295.258,295.309
1580,0.438888889,971.58,301.255,658.563,328.24,295.558,298.097,298.096,1029.254,1012.094,759.11,825.08,1040.943,296.437,296.197,295.258,295.309
1581,0.439166667,971.58,301.255,658.563,328.24,295.558,298.097,298.096,1029.254,1012.094,759.11,825.08,1040.943,296.437,296.197,295.258,295.309
1582,0.439444444,972.048,301.296,658.921,328.287,295.564,298.098,298.09,1029.903,1012.153,759.399,825.38,1041.024,296.441,296.202,295.258,295.319
1583,0.439722222,972.048,301.296,658.921,328.287,295.564,298.098,298.09,1029.903,1012.153,759.399,825.38,1041.024,296.441,296.202,295.258,295.319
1584,0.44,972.048,301.296,658.921,328.287,295.564,298.098,298.09,1029.903,1012.153,759.399,825.38,1041.024,296.441,296.202,295.258,295.319
1585,0.440277778,972.048,301.296,658.921,328.287,295.564,298.098,298.09,1029.903,1012.153,759.399,825.38,1041.024,296.441,296.202,295.258,295.319
1586,0.440555556,972.113,301.325,659.303,328.34,295.579,298.068,298.07,1030.637,1012.208,759.705,825.639,1041.07,296.437,296.198,295.252,295.307
1587,0.440833333,972.113,301.325,659.303,328.34,295.579,298.068,298.07,1030.637,1012.208,759.705,825.639,1041.07,296.437,296.198,295.252,295.307
1588,0.441111111,972.113,301.325,659.303,328.34,295.579,298.068,298.07,1030.637,1012.208,759.705,825.639,1041.07,296.437,296.198,295.252,295.307
1589,0.441388889,972.164,301.388,659.671,328.397,295.585,298.076,298.081,1030.851,1012.281,760.004,825.914,1041.137,296.452,296.203,295.262,295.314
1590,0.441666667,972.164,301.388,659.671,328.397,295.585,298.076,298.081,1030.851,1012.281,760.004,825.914,1041.137,296.452,296.203,295.262,295.314
1591,0.441944444,972.164,301.388,659.671,328.397,295.585,298.076,298.081,1030.851,1012.281,760.004,825.914,1041.137,296.452,296.203,295.262,295.314
1592,0.442222222,972.164,301.388,659.671,328.397,295.585,298.076,298.081,1030.851,1012.281,760.004,825.914,1041.137,296.452,296.203,295.262,295.314
1593,0.4425,972.399,301.434,660.035,328.442,295.596,298.085,298.093,1030.821,1012.362,760.314,826.151,1041.19,296.456,296.214,295.269,295.327
1594,0.442777778,972.399,301.434,660.035,328.442,295.596,298.085,298.093,1030.821,1012.362,760.314,826.151,1041.19,296.456,296.214,295.269,295.327
1595,0.443055556,972.399,301.434,660.035,328.442,295.596,298.085,298.093,1030.821,1012.362,760.314,826.151,1041.19,296.456,296.214,295.269,295.327
1596,0.443333333,972.5,301.475,660.398,328.492,295.613,298.099,298.093,1030.696,1012.433,760.616,826.443,1041.275,296.465,296.212,295.276,295.331
1597,0.443611111,972.5,301.475,660.398,328.492,295.613,298.099,298.093,1030.696,1012.433,760.616,826.443,1041.275,296.465,296.212,295.276,295.331
1598,0.443888889,972.5,301.475,660.398,328.492,295.613,298.099,298.093,1030.696,1012.433,760.616,826.443,1041.275,296.465,296.212,295.276,295.331
1599,0.444166667,972.5,301.475,660.398,328.492,295.613,298.099,298.093,1030.696,1012.433,760.616,826.443,1041.275,296.465,296.212,295.276,295.331
1600,0.444444444,972.36,301.507,660.725,328.543,295.617,298.088,298.076,1030.75,1012.508,760.911,826.682,1041.325,296.458,296.211,295.266,295.328
1601,0.444722222,972.36,301.507,660.725,328.543,295.617,298.088,298.076,1030.75,1012.508,760.911,826.682,1041.325,296.458,296.211,295.266,295.328
1602,0.445,972.36,301.507,660.725,328.543,295.617,298.088,298.076,1030.75,1012.508,760.911,826.682,1041.325,296.458,296.211,295.266,295.328
1603,0.445277778,972.655,301.557,661.093,328.6,295.617,298.08,298.079,1030.961,1012.591,761.199,826.93,1041.394,296.461,296.218,295.284,295.327
1604,0.445555556,972.655,301.557,661.093,328.6,295.617,298.08,298.079,1030.961,1012.591,761.199,826.93,1041.394,296.461,296.218,295.284,295.327
1605,0.445833333,972.655,301.557,661.093,328.6,295.617,298.08,298.079,1030.961,1012.591,761.199,826.93,1041.394,296.461,296.218,295.284,295.327
1606,0.446111111,972.655,301.557,661.093,328.6,295.617,298.08,298.079,1030.961,1012.591,761.199,826.93,1041.394,296.461,296.218,295.284,295.327
1607,0.446388889,972.622,301.604,661.462,328.678,295.642,298.079,298.094,1030.706,1012.68,761.506,827.222,1041.475,296.468,296.227,295.282,295.339
1608,0.446666667,972.622,301.604,661.462,328.678,295.642,298.079,298.094,1030.706,1012.68,761.506,827.222,1041.475,296.468,296.227,295.282,295.339
1609,0.446944444,972.622,301.604,661.462,328.678,295.642,298.079,298.094,1030.706,1012.68,761.506,827.222,1041.475,296.468,296.227,295.282,295.339
1610,0.447222222,972.84,301.643,661.809,328.724,295.636,298.085,298.088,1030.392,1012.753,761.808,827.462,1041.535,296.469,296.235,295.278,295.339
1611,0.4475,972.84,301.643,661.809,328.724,295.636,298.085,298.088,1030.392,1012.753,761.808,827.462,1041.535,296.469,296.235,295.278,295.339
1612,0.447777778,972.84,301.643,661.809,328.724,295.636,298.085,298.088,1030.392,1012.753,761.808,827.462,1041.535,296.469,296.235,295.278,295.339
1613,0.448055556,973.33,301.696,662.149,328.794,295.664,298.091,298.092,1030.083,1012.846,762.089,827.706,1041.604,296.479,296.239,295.289,295.343
1614,0.448333333,973.33,301.696,662.149,328.794,295.664,298.091,298.092,1030.083,1012.846,762.089,827.706,1041.604,296.479,296.239,295.289,295.343
1615,0.448611111,973.33,301.696,662.149,328.794,295.664,298.091,298.092,1030.083,1012.846,762.089,827.706,1041.604,296.479,296.239,295.289,295.343
1616,0.448888889,973.33,301.696,662.149,328.794,295.664,298.091,298.092,1030.083,1012.846,762.089,827.706,1041.604,296.479,296.239,295.289,295.343
1617,0.449166667,973.861,301.736,662.51,328.849,295.668,298.093,298.092,1029.596,1012.923,762.402,827.975,1041.692,296.478,296.239,295.294,295.346
1618,0.449444444,973.861,301.736,662.51,328.849,295.668,298.093,298.092,1029.596,1012.923,762.402,827.975,1041.692,296.478,296.239,295.294,295.346
1619,0.449722222,973.861,301.736,662.51,328.849,295.668,298.093,298.092,1029.596,1012.923,762.402,827.975,1041.692,296.478,296.239,295.294,295.346
1620,0.45,974.337,301.781,662.872,328.898,295.672,298.089,298.088,1029.335,1013.011,762.698,828.248,1041.76,296.479,296.241,295.296,295.35
1621,0.450277778,974.337,301.781,662.872,328.898,295.672,298.089,298.088,1029.335,1013.011,762.698,828.248,1041.76,296.479,296.241,295.296,295.35
1622,0.450555556,974.337,301.781,662.872,328.898,295.672,298.089,298.088,1029.335,1013.011,762.698,828.248,1041.76,296.479,296.241,295.296,295.35
1623,0.450833333,974.337,301.781,662.872,328.898,295.672,298.089,298.088,1029.335,1013.011,762.698,828.248,1041.76,296.479,296.241,295.296,295.35
1624,0.451111111,974.579,301.828,663.216,328.945,295.675,298.084,298.09,1028.803,1013.095,762.992,828.522,1041.83,296.482,296.251,295.294,295.356
1625,0.451388889,974.579,301.828,663.216,328.945,295.675,298.084,298.09,1028.803,1013.095,762.992,828.522,1041.83,296.482,296.251,295.294,295.356
1626,0.451666667,974.579,301.828,663.216,328.945,295.675,298.084,298.09,1028.803,1013.095,762.992,828.522,1041.83,296.482,296.251,295.294,295.356
1627,0.451944444,975.085,301.859,663.567,328.992,295.683,298.076,298.089,1028.329,1013.174,763.279,828.744,1041.878,296.488,296.237,295.296,295.343
1628,0.452222222,975.085,301.859,663.567,328.992,295.683,298.076,298.089,1028.329,1013.174,763.279,828.744,1041.878,296.488,296.237,295.296,295.343
1629,0.4525,975.085,301.859,663.567,328.992,295.683,298.076,298.089,1028.329,1013.174,763.279,828.744,1041.878,296.488,296.237,295.296,295.343
1630,0.452777778,975.085,301.859,663.567,328.992,295.683,298.076,298.089,1028.329,1013.174,763.279,828.744,1041.878,296.488,296.237,295.296,295.343
1631,0.453055556,975.249,301.917,663.927,329.041,295.697,298.088,298.092,1028.63,1013.244,763.576,829.008,1041.949,296.5,296.259,295.313,295.356
1632,0.453333333,975.249,301.917,663.927,329.041,295.697,298.088,298.092,1028.63,1013.244,763.576,829.008,1041.949,296.5,296.259,295.313,295.356
1633,0.453611111,975.249,301.917,663.927,329.041,295.697,298.088,298.092,1028.63,1013.244,763.576,829.008,1041.949,296.5,296.259,295.313,295.356
1634,0.453888889,975.51,301.951,664.264,329.069,295.712,298.077,298.088,1029.022,1013.31,763.86,829.243,1041.975,296.501,296.257,295.301,295.353
1635,0.454166667,975.51,301.951,664.264,329.069,295.712,298.077,298.088,1029.022,1013.31,763.86,829.243,1041.975,296.501,296.257,295.301,295.353
1636,0.454444444,975.51,301.951,664.264,329.069,295.712,298.077,298.088,1029.022,1013.31,763.86,829.243,1041.975,296.501,296.257,295.301,295.353
1637,0.454722222,975.51,301.951,664.264,329.069,295.712,298.077,298.088,1029.022,1013.31,763.86,829.243,1041.975,296.501,296.257,295.301,295.353
1638,0.455,975.233,301.998,664.615,329.108,295.686,298.078,298.094,1028.988,1013.381,764.161,829.505,1042.018,296.499,296.253,295.307,295.353
1639,0.455277778,975.233,301.998,664.615,329.108,295.686,298.078,298.094,1028.988,1013.381,764.161,829.505,1042.018,296.499,296.253,295.307,295.353
1640,0.455555556,975.233,301.998,664.615,329.108,295.686,298.078,298.094,1028.988,1013.381,764.161,829.505,1042.018,296.499,296.253,295.307,295.353
1641,0.455833333,975.434,302.049,664.974,329.164,295.697,298.089,298.106,1028.996,1013.453,764.456,829.752,1042.058,296.502,296.264,295.318,295.364
1642,0.456111111,975.434,302.049,664.974,329.164,295.697,298.089,298.106,1028.996,1013.453,764.456,829.752,1042.058,296.502,296.264,295.318,295.364
1643,0.456388889,975.434,302.049,664.974,329.164,295.697,298.089,298.106,1028.996,1013.453,764.456,829.752,1042.058,296.502,296.264,295.318,295.364
1644,0.456666667,975.434,302.049,664.974,329.164,295.697,298.089,298.106,1028.996,1013.453,764.456,829.752,1042.058,296.502,296.264,295.318,295.364
1645,0.456944444,976.102,302.088,665.291,329.2,295.676,298.066,298.082,1028.738,1013.482,764.725,829.99,1042.078,296.499,296.252,295.305,295.352
1646,0.457222222,976.102,302.088,665.291,329.2,295.676,298.066,298.082,1028.738,1013.482,764.725,829.99,1042.078,296.499,296.252,295.305,295.352
1647,0.4575,976.102,302.088,665.291,329.2,295.676,298.066,298.082,1028.738,1013.482,764.725,829.99,1042.078,296.499,296.252,295.305,295.352
1648,0.457777778,976.209,302.141,665.653,329.239,295.69,298.082,298.096,1028.946,1013.556,765.027,830.272,1042.136,296.509,296.266,295.301,295.359
1649,0.458055556,976.209,302.141,665.653,329.239,295.69,298.082,298.096,1028.946,1013.556,765.027,830.272,1042.136,296.509,296.266,295.301,295.359
1650,0.458333333,976.209,302.141,665.653,329.239,295.69,298.082,298.096,1028.946,1013.556,765.027,830.272,1042.136,296.509,296.266,295.301,295.359
1651,0.458611111,976.209,302.141,665.653,329.239,295.69,298.082,298.096,1028.946,1013.556,765.027,830.272,1042.136,296.509,296.266,295.301,295.359
1652,0.458888889,976.435,302.174,665.999,329.29,295.698,298.081,298.087,1029.42,1013.61,765.298,830.494,1042.156,296.515,296.271,295.309,295.358
1653,0.459166667,976.435,302.174,665.999,329.29,295.698,298.081,298.087,1029.42,1013.61,765.298,830.494,1042.156,296.515,296.271,295.309,295.358
1654,0.459444444,976.435,302.174,665.999,329.29,295.698,298.081,298.087,1029.42,1013.61,765.298,830.494,1042.156,296.515,296.271,295.309,295.358
1655,0.459722222,976.056,302.23,666.337,329.338,295.688,298.085,298.096,1029.674,1013.67,765.593,830.756,1042.22,296.522,296.282,295.318,295.375
1656,0.46,976.056,302.23,666.337,329.338,295.688,298.085,298.096,1029.674,1013.67,765.593,830.756,1042.22,296.522,296.282,295.318,295.375
1657,0.460277778,976.056,302.23,666.337,329.338,295.688,298.085,298.096,1029.674,1013.67,765.593,830.756,1042.22,296.522,296.282,295.318,295.375
1658,0.460555556,976.056,302.23,666.337,329.338,295.688,298.085,298.096,1029.674,1013.67,765.593,830.756,1042.22,296.522,296.282,295.318,295.375
1659,0.460833333,976.022,302.27,666.688,329.366,295.689,298.086,298.094,1029.612,1013.71,765.865,830.981,1042.248,296.515,296.275,295.314,295.357
1660,0.461111111,976.022,302.27,666.688,329.366,295.689,298.086,298.094,1029.612,1013.71,765.865,830.981,1042.248,296.515,296.275,295.314,295.357
1661,0.461388889,976.022,302.27,666.688,329.366,295.689,298.086,298.094,1029.612,1013.71,765.865,830.981,1042.248,296.515,296.275,295.314,295.357
1662,0.461666667,975.87,302.32,667.025,329.417,295.69,298.129,298.125,1029.45,1013.77,766.148,831.227,1042.286,296.521,296.277,295.311,295.36
1663,0.461944444,975.87,302.32,667.025,329.417,295.69,298.129,298.125,1029.45,1013.77,766.148,831.227,1042.286,296.521,296.277,295.311,295.36
1664,0.462222222,975.87,302.32,667.025,329.417,295.69,298.129,298.125,1029.45,1013.77,766.148,831.227,1042.286,296.521,296.277,295.311,295.36
1665,0.4625,975.87,302.32,667.025,329.417,295.69,298.129,298.125,1029.45,1013.77,766.148,831.227,1042.286,296.521,296.277,295.311,295.36
1666,0.462777778,976.286,302.358,667.37,329.452,295.702,298.16,298.161,1028.794,1013.831,766.432,831.466,1042.319,296.522,296.284,295.317,295.359
1667,0.463055556,976.286,302.358,667.37,329.452,295.702,298.16,298.161,1028.794,1013.831,766.432,831.466,1042.319,296.522,296.284,295.317,295.359
1668,0.463333333,976.286,302.358,667.37,329.452,295.702,298.16,298.161,1028.794,1013.831,766.432,831.466,1042.319,296.522,296.284,295.317,295.359
1669,0.463611111,976.341,302.403,667.7,329.494,295.693,298.162,298.165,1028.002,1013.901,766.715,831.699,1042.39,296.52,296.295,295.322,295.363
1670,0.463888889,976.341,302.403,667.7,329.494,295.693,298.162,298.165,1028.002,1013.901,766.715,831.699,1042.39,296.52,296.295,295.322,295.363
1671,0.464166667,976.341,302.403,667.7,329.494,295.693,298.162,298.165,1028.002,1013.901,766.715,831.699,1042.39,296.52,296.295,295.322,295.363
1672,0.464444444,976.341,302.403,667.7,329.494,295.693,298.162,298.165,1028.002,1013.901,766.715,831.699,1042.39,296.52,296.295,295.322,295.363
1673,0.464722222,975.977,302.456,668.033,329.52,295.686,298.161,298.169,1027.66,1013.965,766.995,831.954,1042.44,296.521,296.293,295.311,295.373
1674,0.465,975.977,302.456,668.033,329.52,295.686,298.161,298.169,1027.66,1013.965,766.995,831.954,1042.44,296.521,296.293,295.311,295.373
1675,0.465277778,975.977,302.456,668.033,329.52,295.686,298.161,298.169,1027.66,1013.965,766.995,831.954,1042.44,296.521,296.293,295.311,295.373
1676,0.465555556,976.314,302.489,668.378,329.558,295.676,298.149,298.177,1027.285,1014.032,767.272,832.176,1042.482,296.529,296.294,295.313,295.363
1677,0.465833333,976.314,302.489,668.378,329.558,295.676,298.149,298.177,1027.285,1014.032,767.272,832.176,1042.482,296.529,296.294,295.313,295.363
1678,0.466111111,976.314,302.489,668.378,329.558,295.676,298.149,298.177,1027.285,1014.032,767.272,832.176,1042.482,296.529,296.294,295.313,295.363
1679,0.466388889,976.314,302.489,668.378,329.558,295.676,298.149,298.177,1027.285,1014.032,767.272,832.176,1042.482,296.529,296.294,295.313,295.363
1680,0.466666667,976.452,302.541,668.741,329.602,295.673,298.153,298.174,1027.109,1014.101,767.555,832.428,1042.555,296.532,296.288,295.315,295.367
1681,0.466944444,976.452,302.541,668.741,329.602,295.673,298.153,298.174,1027.109,1014.101,767.555,832.428,1042.555,296.532,296.288,295.315,295.367
1682,0.467222222,976.452,302.541,668.741,329.602,295.673,298.153,298.174,1027.109,1014.101,767.555,832.428,1042.555,296.532,296.288,295.315,295.367
1683,0.4675,976.191,302.594,669.075,329.652,295.675,298.152,298.165,1027.739,1014.15,767.832,832.643,1042.585,296.539,296.293,295.312,295.361
1684,0.467777778,976.191,302.594,669.075,329.652,295.675,298.152,298.165,1027.739,1014.15,767.832,832.643,1042.585,296.539,296.293,295.312,295.361
1685,0.468055556,976.191,302.594,669.075,329.652,295.675,298.152,298.165,1027.739,1014.15,767.832,832.643,1042.585,296.539,296.293,295.312,295.361
1686,0.468333333,976.191,302.594,669.075,329.652,295.675,298.152,298.165,1027.739,1014.15,767.832,832.643,1042.585,296.539,296.293,295.312,295.361
1687,0.468611111,975.891,302.632,669.414,329.68,295.66,298.135,298.158,1028.432,1014.19,768.098,832.897,1042.624,296.53,296.298,295.311,295.364
1688,0.468888889,975.891,302.632,669.414,329.68,295.66,298.135,298.158,1028.432,1014.19,768.098,832.897,1042.624,296.53,296.298,295.311,295.364
1689,0.469166667,975.891,302.632,669.414,329.68,295.66,298.135,298.158,1028.432,1014.19,768.098,832.897,1042.624,296.53,296.298,295.311,295.364
1690,0.469444444,975.877,302.676,669.747,329.723,295.666,298.146,298.153,1028.652,1014.24,768.389,833.148,1042.673,296.53,296.301,295.312,295.358
1691,0.469722222,975.877,302.676,669.747,329.723,295.666,298.146,298.153,1028.652,1014.24,768.389,833.148,1042.673,296.53,296.301,295.312,295.358
1692,0.47,975.877,302.676,669.747,329.723,295.666,298.146,298.153,1028.652,1014.24,768.389,833.148,1042.673,296.53,296.301,295.312,295.358
1693,0.470277778,975.877,302.676,669.747,329.723,295.666,298.146,298.153,1028.652,1014.24,768.389,833.148,1042.673,296.53,296.301,295.312,295.358
1694,0.470555556,976.03,302.714,670.118,329.776,295.648,298.129,298.157,1028.332,1014.281,768.664,833.361,1042.654,296.54,296.295,295.311,295.353
1695,0.470833333,976.03,302.714,670.118,329.776,295.648,298.129,298.157,1028.332,1014.281,768.664,833.361,1042.654,296.54,296.295,295.311,295.353
1696,0.471111111,976.03,302.714,670.118,329.776,295.648,298.129,298.157,1028.332,1014.281,768.664,833.361,1042.654,296.54,296.295,295.311,295.353
1697,0.471388889,975.912,302.771,670.44,329.819,295.64,298.149,298.169,1028.345,1014.328,768.944,833.588,1042.711,296.537,296.301,295.317,295.351
1698,0.471666667,975.912,302.771,670.44,329.819,295.64,298.149,298.169,1028.345,1014.328,768.944,833.588,1042.711,296.537,296.301,295.317,295.351
1699,0.471944444,975.912,302.771,670.44,329.819,295.64,298.149,298.169,1028.345,1014.328,768.944,833.588,1042.711,296.537,296.301,295.317,295.351
1700,0.472222222,975.912,302.771,670.44,329.819,295.64,298.149,298.169,1028.345,1014.328,768.944,833.588,1042.711,296.537,296.301,295.317,295.351
1701,0.4725,975.921,302.806,670.792,329.858,295.656,298.152,298.156,1027.785,1014.383,769.222,833.83,1042.75,296.548,296.303,295.322,295.365
1702,0.472777778,975.921,302.806,670.792,329.858,295.656,298.152,298.156,1027.785,1014.383,769.222,833.83,1042.75,296.548,296.303,295.322,295.365
1703,0.473055556,975.921,302.806,670.792,329.858,295.656,298.152,298.156,1027.785,1014.383,769.222,833.83,1042.75,296.548,296.303,295.322,295.365
1704,0.473333333,975.921,302.806,670.792,329.858,295.656,298.152,298.156,1027.785,1014.383,769.222,833.83,1042.75,296.548,296.303,295.322,295.365
1705,0.473611111,976.394,302.866,671.106,329.902,295.656,298.14,298.153,1026.999,1014.438,769.503,834.076,1042.802,296.535,296.306,295.309,295.361
1706,0.473888889,976.394,302.866,671.106,329.902,295.656,298.14,298.153,1026.999,1014.438,769.503,834.076,1042.802,296.535,296.306,295.309,295.361
1707,0.474166667,976.394,302.866,671.106,329.902,295.656,298.14,298.153,1026.999,1014.438,769.503,834.076,1042.802,296.535,296.306,295.309,295.361
1708,0.474444444,976.377,302.896,671.439,329.955,295.638,298.131,298.149,1026.495,1014.499,769.781,834.292,1042.841,296.536,296.31,295.313,295.358
1709,0.474722222,976.377,302.896,671.439,329.955,295.638,298.131,298.149,1026.495,1014.499,769.781,834.292,1042.841,296.536,296.31,295.313,295.358
1710,0.475,976.377,302.896,671.439,329.955,295.638,298.131,298.149,1026.495,1014.499,769.781,834.292,1042.841,296.536,296.31,295.313,295.358
1711,0.475277778,976.377,302.896,671.439,329.955,295.638,298.131,298.149,1026.495,1014.499,769.781,834.292,1042.841,296.536,296.31,295.313,295.358
1712,0.475555556,976.639,302.951,671.762,329.994,295.634,298.135,298.158,1026.427,1014.548,770.04,834.507,1042.867,296.537,296.307,295.307,295.364
1713,0.475833333,976.639,302.951,671.762,329.994,295.634,298.135,298.158,1026.427,1014.548,770.04,834.507,1042.867,296.537,296.307,295.307,295.364
1714,0.476111111,976.639,302.951,671.762,329.994,295.634,298.135,298.158,1026.427,1014.548,770.04,834.507,1042.867,296.537,296.307,295.307,295.364
1715,0.476388889,976.619,302.993,672.106,330.016,295.616,298.139,298.161,1026.246,1014.593,770.313,834.753,1042.901,296.545,296.309,295.315,295.361
1716,0.476666667,976.619,302.993,672.106,330.016,295.616,298.139,298.161,1026.246,1014.593,770.313,834.753,1042.901,296.545,296.309,295.315,295.361
1717,0.476944444,976.619,302.993,672.106,330.016,295.616,298.139,298.161,1026.246,1014.593,770.313,834.753,1042.901,296.545,296.309,295.315,295.361
1718,0.477222222,976.619,302.993,672.106,330.016,295.616,298.139,298.161,1026.246,1014.593,770.313,834.753,1042.901,296.545,296.309,295.315,295.361
1719,0.4775,976.687,303.039,672.442,330.055,295.622,298.153,298.16,1026.415,1014.643,770.571,834.977,1042.933,296.55,296.309,295.311,295.362
1720,0.477777778,976.687,303.039,672.442,330.055,295.622,298.153,298.16,1026.415,1014.643,770.571,834.977,1042.933,296.55,296.309,295.311,295.362
1721,0.478055556,976.687,303.039,672.442,330.055,295.622,298.153,298.16,1026.415,1014.643,770.571,834.977,1042.933,296.55,296.309,295.311,295.362
1722,0.478333333,976.992,303.088,672.757,330.098,295.617,298.153,298.177,1026.632,1014.679,770.834,835.201,1042.958,296.551,296.314,295.308,295.358
1723,0.478611111,976.992,303.088,672.757,330.098,295.617,298.153,298.177,1026.632,1014.679,770.834,835.201,1042.958,296.551,296.314,295.308,295.358
1724,0.478888889,976.992,303.088,672.757,330.098,295.617,298.153,298.177,1026.632,1014.679,770.834,835.201,1042.958,296.551,296.314,295.308,295.358
1725,0.479166667,977.762,303.135,673.092,330.143,295.629,298.152,298.168,1026.915,1014.706,771.086,835.403,1042.963,296.54,296.315,295.307,295.352
1726,0.479444444,977.762,303.135,673.092,330.143,295.629,298.152,298.168,1026.915,1014.706,771.086,835.403,1042.963,296.54,296.315,295.307,295.352
1727,0.479722222,977.762,303.135,673.092,330.143,295.629,298.152,298.168,1026.915,1014.706,771.086,835.403,1042.963,296.54,296.315,295.307,295.352
1728,0.48,977.762,303.135,673.092,330.143,295.629,298.152,298.168,1026.915,1014.706,771.086,835.403,1042.963,296.54,296.315,295.307,295.352
1729,0.480277778,978.155,303.174,673.391,330.194,295.618,298.163,298.178,1026.936,1014.74,771.341,835.664,1042.99,296.549,296.326,295.314,295.363
1730,0.480555556,978.155,303.174,673.391,330.194,295.618,298.163,298.178,1026.936,1014.74,771.341,835.664,1042.99,296.549,296.326,295.314,295.363
1731,0.480833333,978.155,303.174,673.391,330.194,295.618,298.163,298.178,1026.936,1014.74,771.341,835.664,1042.99,296.549,296.326,295.314,295.363
1732,0.481111111,978.341,303.229,673.721,330.245,295.612,298.159,298.165,1027.245,1014.771,771.605,835.857,1042.973,296.56,296.323,295.309,295.361
1733,0.481388889,978.341,303.229,673.721,330.245,295.612,298.159,298.165,1027.245,1014.771,771.605,835.857,1042.973,296.56,296.323,295.309,295.361
1734,0.481666667,978.341,303.229,673.721,330.245,295.612,298.159,298.165,1027.245,1014.771,771.605,835.857,1042.973,296.56,296.323,295.309,295.361
1735,0.481944444,978.341,303.229,673.721,330.245,295.612,298.159,298.165,1027.245,1014.771,771.605,835.857,1042.973,296.56,296.323,295.309,295.361
1736,0.482222222,978.288,303.264,674.021,330.279,295.59,298.159,298.159,1027.551,1014.787,771.847,836.061,1043.009,296.552,296.321,295.304,295.359
1737,0.4825,978.288,303.264,674.021,330.279,295.59,298.159,298.159,1027.551,1014.787,771.847,836.061,1043.009,296.552,296.321,295.304,295.359
1738,0.482777778,978.288,303.264,674.021,330.279,295.59,298.159,298.159,1027.551,1014.787,771.847,836.061,1043.009,296.552,296.321,295.304,295.359
1739,0.483055556,978.288,303.264,674.021,330.279,295.59,298.159,298.159,1027.551,1014.787,771.847,836.061,1043.009,296.552,296.321,295.304,295.359
1740,0.483333333,978.841,303.32,674.317,330.337,295.593,298.151,298.182,1027.477,1014.819,772.112,836.309,1043.05,296.561,296.327,295.312,295.354
1741,0.483611111,978.841,303.32,674.317,330.337,295.593,298.151,298.182,1027.477,1014.819,772.112,836.309,1043.05,296.561,296.327,295.312,295.354
1742,0.483888889,978.841,303.32,674.317,330.337,295.593,298.151,298.182,1027.477,1014.819,772.112,836.309,1043.05,296.561,296.327,295.312,295.354
1743,0.484166667,978.801,303.351,674.606,330.354,295.582,298.148,298.163,1027.404,1014.852,772.367,836.519,1043.062,296.54,296.316,295.295,295.348
1744,0.484444444,978.801,303.351,674.606,330.354,295.582,298.148,298.163,1027.404,1014.852,772.367,836.519,1043.062,296.54,296.316,295.295,295.348
1745,0.484722222,978.801,303.351,674.606,330.354,295.582,298.148,298.163,1027.404,1014.852,772.367,836.519,1043.062,296.54,296.316,295.295,295.348
1746,0.485,978.801,303.351,674.606,330.354,295.582,298.148,298.163,1027.404,1014.852,772.367,836.519,1043.062,296.54,296.316,295.295,295.348
1747,0.485277778,979.197,303.404,674.93,330.391,295.579,298.148,298.161,1026.912,1014.909,772.628,836.744,1043.114,296.554,296.331,295.306,295.346
1748,0.485555556,979.197,303.404,674.93,330.391,295.579,298.148,298.161,1026.912,1014.909,772.628,836.744,1043.114,296.554,296.331,295.306,295.346
1749,0.485833333,979.197,303.404,674.93,330.391,295.579,298.148,298.161,1026.912,1014.909,772.628,836.744,1043.114,296.554,296.331,295.306,295.346
1750,0.486111111,979.194,303.446,675.229,330.431,295.576,298.149,298.154,1026.727,1014.95,772.896,836.944,1043.14,296.555,296.309,295.306,295.352
1751,0.486388889,979.194,303.446,675.229,330.431,295.576,298.149,298.154,1026.727,1014.95,772.896,836.944,1043.14,296.555,296.309,295.306,295.352
1752,0.486666667,979.194,303.446,675.229,330.431,295.576,298.149,298.154,1026.727,1014.95,772.896,836.944,1043.14,296.555,296.309,295.306,295.352
1753,0.486944444,979.194,303.446,675.229,330.431,295.576,298.149,298.154,1026.727,1014.95,772.896,836.944,1043.14,296.555,296.309,295.306,295.352
1754,0.487222222,979.783,303.49,675.55,330.477,295.579,298.161,298.17,1025.706,1015.003,773.152,837.167,1043.187,296.556,296.332,295.318,295.353
1755,0.4875,979.783,303.49,675.55,330.477,295.579,298.161,298.17,1025.706,1015.003,773.152,837.167,1043.187,296.556,296.332,295.318,295.353
1756,0.487777778,979.783,303.49,675.55,330.477,295.579,298.161,298.17,1025.706,1015.003,773.152,837.167,1043.187,296.556,296.332,295.318,295.353
1757,0.488055556,979.15,303.538,675.859,330.503,295.578,298.155,298.178,1025.206,1015.035,773.414,837.389,1043.19,296.566,296.33,295.305,295.359
1758,0.488333333,979.15,303.538,675.859,330.503,295.578,298.155,298.178,1025.206,1015.035,773.414,837.389,1043.19,296.566,296.33,295.305,295.359
1759,0.488611111,979.15,303.538,675.859,330.503,295.578,298.155,298.178,1025.206,1015.035,773.414,837.389,1043.19,296.566,296.33,295.305,295.359
1760,0.488888889,979.15,303.538,675.859,330.503,295.578,298.155,298.178,1025.206,1015.035,773.414,837.389,1043.19,296.566,296.33,295.305,295.359
1761,0.489166667,978.696,303.585,676.153,330.548,295.562,298.156,298.177,1025.623,1015.071,773.661,837.601,1043.22,296.561,296.337,295.298,295.349
1762,0.489444444,978.696,303.585,676.153,330.548,295.562,298.156,298.177,1025.623,1015.071,773.661,837.601,1043.22,296.561,296.337,295.298,295.349
1763,0.489722222,978.696,303.585,676.153,330.548,295.562,298.156,298.177,1025.623,1015.071,773.661,837.601,1043.22,296.561,296.337,295.298,295.349
1764,0.49,978.423,303.627,676.457,330.584,295.562,298.153,298.178,1025.949,1015.093,773.92,837.801,1043.189,296.564,296.333,295.305,295.349
1765,0.490277778,978.423,303.627,676.457,330.584,295.562,298.153,298.178,1025.949,1015.093,773.92,837.801,1043.189,296.564,296.333,295.305,295.349
1766,0.490555556,978.423,303.627,676.457,330.584,295.562,298.153,298.178,1025.949,1015.093,773.92,837.801,1043.189,296.564,296.333,295.305,295.349
1767,0.490833333,978.423,303.627,676.457,330.584,295.562,298.153,298.178,1025.949,1015.093,773.92,837.801,1043.189,296.564,296.333,295.305,295.349
1768,0.491111111,978.466,303.673,676.747,330.624,295.542,298.147,298.171,1026.117,1015.108,774.16,838.006,1043.199,296.554,296.338,295.294,295.349
1769,0.491388889,978.466,303.673,676.747,330.624,295.542,298.147,298.171,1026.117,1015.108,774.16,838.006,1043.199,296.554,296.338,295.294,295.349
1770,0.491666667,978.466,303.673,676.747,330.624,295.542,298.147,298.171,1026.117,1015.108,774.16,838.006,1043.199,296.554,296.338,295.294,295.349
1771,0.491944444,978.633,303.726,677.069,330.664,295.544,298.155,298.175,1026.582,1015.113,774.417,838.224,1043.174,296.567,296.349,295.303,295.364
1772,0.492222222,978.633,303.726,677.069,330.664,295.544,298.155,298.175,1026.582,1015.113,774.417,838.224,1043.174,296.567,296.349,295.303,295.364
1773,0.4925,978.633,303.726,677.069,330.664,295.544,298.155,298.175,1026.582,1015.113,774.417,838.224,1043.174,296.567,296.349,295.303,295.364
1774,0.492777778,978.633,303.726,677.069,330.664,295.544,298.155,298.175,1026.582,1015.113,774.417,838.224,1043.174,296.567,296.349,295.303,295.364
1775,0.493055556,978.83,303.77,677.367,330.691,295.532,298.151,298.168,1026.651,1015.116,774.65,838.427,1043.17,296.569,296.346,295.303,295.353
1776,0.493333333,978.83,303.77,677.367,330.691,295.532,298.151,298.168,1026.651,1015.116,774.65,838.427,1043.17,296.569,296.346,295.303,295.353
1777,0.493611111,978.83,303.77,677.367,330.691,295.532,298.151,298.168,1026.651,1015.116,774.65,838.427,1043.17,296.569,296.346,295.303,295.353
1778,0.493888889,978.926,303.825,677.679,330.736,295.528,298.17,298.179,1026.323,1015.131,774.912,838.627,1043.152,296.573,296.342,295.307,295.358
1779,0.494166667,978.926,303.825,677.679,330.736,295.528,298.17,298.179,1026.323,1015.131,774.912,838.627,1043.152,296.573,296.342,295.307,295.358
1780,0.494444444,978.926,303.825,677.679,330.736,295.528,298.17,298.179,1026.323,1015.131,774.912,838.627,1043.152,296.573,296.342,295.307,295.358
1781,0.494722222,978.926,303.825,677.679,330.736,295.528,298.17,298.179,1026.323,1015.131,774.912,838.627,1043.152,296.573,296.342,295.307,295.358
1782,0.495,978.544,303.873,677.951,330.777,295.534,298.167,298.189,1025.913,1015.142,775.156,838.823,1043.165,296.579,296.354,295.31,295.352
1783,0.495277778,978.544,303.873,677.951,330.777,295.534,298.167,298.189,1025.913,1015.142,775.156,838.823,1043.165,296.579,296.354,295.31,295.352
1784,0.495555556,978.544,303.873,677.951,330.777,295.534,298.167,298.189,1025.913,1015.142,775.156,838.823,1043.165,296.579,296.354,295.31,295.352
1785,0.495833333,978.194,303.906,678.251,330.806,295.508,298.159,298.175,1026.021,1015.156,775.385,839.02,1043.168,296.572,296.347,295.294,295.341
1786,0.496111111,978.194,303.906,678.251,330.806,295.508,298.159,298.175,1026.021,1015.156,775.385,839.02,1043.168,296.572,296.347,295.294,295.341
1787,0.496388889,978.194,303.906,678.251,330.806,295.508,298.159,298.175,1026.021,1015.156,775.385,839.02,1043.168,296.572,296.347,295.294,295.341
1788,0.496666667,978.231,303.963,678.538,330.847,295.502,298.163,298.166,1025.982,1015.177,775.622,839.227,1043.163,296.57,296.332,295.298,295.343
1789,0.496944444,978.231,303.963,678.538,330.847,295.502,298.163,298.166,1025.982,1015.177,775.622,839.227,1043.163,296.57,296.332,295.298,295.343
1790,0.497222222,978.231,303.963,678.538,330.847,295.502,298.163,298.166,1025.982,1015.177,775.622,839.227,1043.163,296.57,296.332,295.298,295.343
1791,0.4975,978.231,303.963,678.538,330.847,295.502,298.163,298.166,1025.982,1015.177,775.622,839.227,1043.163,296.57,296.332,295.298,295.343
1792,0.497777778,977.86,304.002,678.838,330.899,295.49,298.154,298.169,1026.053,1015.201,775.852,839.409,1043.201,296.569,296.34,295.3,295.35
1793,0.498055556,977.86,304.002,678.838,330.899,295.49,298.154,298.169,1026.053,1015.201,775.852,839.409,1043.201,296.569,296.34,295.3,295.35
1794,0.498333333,977.86,304.002,678.838,330.899,295.49,298.154,298.169,1026.053,1015.201,775.852,839.409,1043.201,296.569,296.34,295.3,295.35
1795,0.498611111,977.799,304.049,679.139,330.937,295.5,298.171,298.17,1026.015,1015.238,776.09,839.633,1043.231,296.575,296.357,295.293,295.35
1796,0.498888889,977.799,304.049,679.139,330.937,295.5,298.171,298.17,1026.015,1015.238,776.09,839.633,1043.231,296.575,296.357,295.293,295.35
1797,0.499166667,977.799,304.049,679.139,330.937,295.5,298.171,298.17,1026.015,1015.238,776.09,839.633,1043.231,296.575,296.357,295.293,295.35
1798,0.499444444,977.799,304.049,679.139,330.937,295.5,298.171,298.17,1026.015,1015.238,776.09,839.633,1043.231,296.575,296.357,295.293,295.35
1799,0.499722222,977.591,304.096,679.421,330.982,295.486,298.165,298.173,1025.9,1015.267,776.336,839.835,1043.256,296.571,296.355,295.29,295.354
1800,0.5,977.591,304.096,679.421,330.982,295.486,298.165,298.173,1025.9,1015.267,776.336,839.835,1043.256,296.571,296.355,295.29,295.354
1801,0.500277778,977.591,304.096,679.421,330.982,295.486,298.165,298.173,1025.9,1015.267,776.336,839.835,1043.256,296.571,296.355,295.29,295.354
1802,0.500555556,977.591,304.096,679.421,330.982,295.486,298.165,298.173,1025.9,1015.267,776.336,839.835,1043.256,296.571,296.355,295.29,295.354
1803,0.500833333,977.077,304.146,679.715,331.027,295.469,298.156,298.173,1025.971,1015.29,776.563,840.016,1043.27,296.57,296.358,295.301,295.34
1804,0.501111111,977.077,304.146,679.715,331.027,295.469,298.156,298.173,1025.971,1015.29,776.563,840.016,1043.27,296.57,296.358,295.301,295.34
1805,0.501388889,977.077,304.146,679.715,331.027,295.469,298.156,298.173,1025.971,1015.29,776.563,840.016,1043.27,296.57,296.358,295.301,295.34
1806,0.501666667,977.537,304.185,680.004,331.072,295.468,298.154,298.165,1025.826,1015.328,776.806,840.195,1043.278,296.579,296.359,295.293,295.347
1807,0.501944444,977.537,304.185,680.004,331.072,295.468,298.154,298.165,1025.826,1015.328,776.806,840.195,1043.278,296.579,296.359,295.293,295.347
1808,0.502222222,977.537,304.185,680.004,331.072,295.468,298.154,298.165,1025.826,1015.328,776.806,840.195,1043.278,296.579,296.359,295.293,295.347
1809,0.5025,977.537,304.185,680.004,331.072,295.468,298.154,298.165,1025.826,1015.328,776.806,840.195,1043.278,296.579,296.359,295.293,295.347
1810,0.502777778,978.428,304.227,680.291,331.102,295.457,298.151,298.165,1025.226,1015.364,777.031,840.431,1043.344,296.577,296.351,295.291,295.342
1811,0.503055556,978.428,304.227,680.291,331.102,295.457,298.151,298.165,1025.226,1015.364,777.031,840.431,1043.344,296.577,296.351,295.291,295.342
1812,0.503333333,978.428,304.227,680.291,331.102,295.457,298.151,298.165,1025.226,1015.364,777.031,840.431,1043.344,296.577,296.351,295.291,295.342
1813,0.503611111,978.972,304.274,680.581,331.138,295.428,298.144,298.162,1024.977,1015.392,777.267,840.584,1043.33,296.574,296.349,295.277,295.34
1814,0.503888889,978.972,304.274,680.581,331.138,295.428,298.144,298.162,1024.977,1015.392,777.267,840.584,1043.33,296.574,296.349,295.277,295.34
1815,0.504166667,978.972,304.274,680.581,331.138,295.428,298.144,298.162,1024.977,1015.392,777.267,840.584,1043.33,296.574,296.349,295.277,295.34
1816,0.504444444,978.972,304.274,680.581,331.138,295.428,298.144,298.162,1024.977,1015.392,777.267,840.584,1043.33,296.574,296.349,295.277,295.34
1817,0.504722222,979.257,304.33,680.889,331.186,295.452,298.149,298.173,1025.001,1015.441,777.513,840.825,1043.406,296.584,296.364,295.283,295.356
1818,0.505,979.257,304.33,680.889,331.186,295.452,298.149,298.173,1025.001,1015.441,777.513,840.825,1043.406,296.584,296.364,295.283,295.356
1819,0.505277778,979.257,304.33,680.889,331.186,295.452,298.149,298.173,1025.001,1015.441,777.513,840.825,1043.406,296.584,296.364,295.283,295.356
1820,0.505555556,979.123,304.368,681.182,331.219,295.409,298.14,298.16,1025.07,1015.472,777.739,840.988,1043.418,296.571,296.354,295.276,295.341
1821,0.505833333,979.123,304.368,681.182,331.219,295.409,298.14,298.16,1025.07,1015.472,777.739,840.988,1043.418,296.571,296.354,295.276,295.341
1822,0.506111111,979.123,304.368,681.182,331.219,295.409,298.14,298.16,1025.07,1015.472,777.739,840.988,1043.418,296.571,296.354,295.276,295.341
1823,0.506388889,979.123,304.368,681.182,331.219,295.409,298.14,298.16,1025.07,1015.472,777.739,840.988,1043.418,296.571,296.354,295.276,295.341
1824,0.506666667,978.907,304.418,681.45,331.265,295.423,298.143,298.157,1025.144,1015.503,777.967,841.186,1043.431,296.589,296.355,295.285,295.347
1825,0.506944444,978.907,304.418,681.45,331.265,295.423,298.143,298.157,1025.144,1015.503,777.967,841.186,1043.431,296.589,296.355,295.285,295.347
1826,0.507222222,978.907,304.418,681.45,331.265,295.423,298.143,298.157,1025.144,1015.503,777.967,841.186,1043.431,296.589,296.355,295.285,295.347
1827,0.5075,978.789,304.467,681.753,331.293,295.405,298.143,298.164,1025.352,1015.537,778.203,841.4,1043.441,296.587,296.362,295.28,295.348
1828,0.507777778,978.789,304.467,681.753,331.293,295.405,298.143,298.164,1025.352,1015.537,778.203,841.4,1043.441,296.587,296.362,295.28,295.348
1829,0.508055556,978.789,304.467,681.753,331.293,295.405,298.143,298.164,1025.352,1015.537,778.203,841.4,1043.441,296.587,296.362,295.28,295.348
1830,0.508333333,978.789,304.467,681.753,331.293,295.405,298.143,298.164,1025.352,1015.537,778.203,841.4,1043.441,296.587,296.362,295.28,295.348
1831,0.508611111,978.518,304.514,682.035,331.314,295.382,298.132,298.154,1025.715,1015.551,778.438,841.569,1043.43,296.588,296.364,295.29,295.328
1832,0.508888889,978.518,304.514,682.035,331.314,295.382,298.132,298.154,1025.715,1015.551,778.438,841.569,1043.43,296.588,296.364,295.29,295.328
1833,0.509166667,978.518,304.514,682.035,331.314,295.382,298.132,298.154,1025.715,1015.551,778.438,841.569,1043.43,296.588,296.364,295.29,295.328
1834,0.509444444,978.492,304.56,682.319,331.347,295.388,298.146,298.158,1025.876,1015.564,778.66,841.758,1043.419,296.571,296.369,295.286,295.337
1835,0.509722222,978.492,304.56,682.319,331.347,295.388,298.146,298.158,1025.876,1015.564,778.66,841.758,1043.419,296.571,296.369,295.286,295.337
1836,0.51,978.492,304.56,682.319,331.347,295.388,298.146,298.158,1025.876,1015.564,778.66,841.758,1043.419,296.571,296.369,295.286,295.337
1837,0.510277778,978.492,304.56,682.319,331.347,295.388,298.146,298.158,1025.876,1015.564,778.66,841.758,1043.419,296.571,296.369,295.286,295.337
1838,0.510555556,978.846,304.611,682.608,331.366,295.366,298.152,298.17,1026.071,1015.567,778.886,841.96,1043.428,296.587,296.362,295.278,295.338
1839,0.510833333,978.846,304.611,682.608,331.366,295.366,298.152,298.17,1026.071,1015.567,778.886,841.96,1043.428,296.587,296.362,295.278,295.338
1840,0.511111111,978.846,304.611,682.608,331.366,295.366,298.152,298.17,1026.071,1015.567,778.886,841.96,1043.428,296.587,296.362,295.278,295.338
1841,0.511388889,979.316,304.642,682.876,331.386,295.344,298.134,298.154,1025.754,1015.586,779.114,842.159,1043.452,296.578,296.359,295.267,295.33
1842,0.511666667,979.316,304.642,682.876,331.386,295.344,298.134,298.154,1025.754,1015.586,779.114,842.159,1043.452,296.578,296.359,295.267,295.33
1843,0.511944444,979.316,304.642,682.876,331.386,295.344,298.134,298.154,1025.754,1015.586,779.114,842.159,1043.452,296.578,296.359,295.267,295.33
1844,0.512222222,979.316,304.642,682.876,331.386,295.344,298.134,298.154,1025.754,1015.586,779.114,842.159,1043.452,296.578,296.359,295.267,295.33
1845,0.5125,979.167,304.708,683.163,331.438,295.355,298.151,298.17,1026.003,1015.617,779.356,842.314,1043.463,296.582,296.373,295.286,295.331
1846,0.512777778,979.167,304.708,683.163,331.438,295.355,298.151,298.17,1026.003,1015.617,779.356,842.314,1043.463,296.582,296.373,295.286,295.331
1847,0.513055556,979.167,304.708,683.163,331.438,295.355,298.151,298.17,1026.003,1015.617,779.356,842.314,1043.463,296.582,296.373,295.286,295.331
1848,0.513333333,978.902,304.736,683.434,331.475,295.335,298.142,298.154,1026.317,1015.621,779.555,842.487,1043.476,296.574,296.358,295.263,295.329
1849,0.513611111,978.902,304.736,683.434,331.475,295.335,298.142,298.154,1026.317,1015.621,779.555,842.487,1043.476,296.574,296.358,295.263,295.329
1850,0.513888889,978.902,304.736,683.434,331.475,295.335,298.142,298.154,1026.317,1015.621,779.555,842.487,1043.476,296.574,296.358,295.263,295.329
1851,0.514166667,978.902,304.736,683.434,331.475,295.335,298.142,298.154,1026.317,1015.621,779.555,842.487,1043.476,296.574,296.358,295.263,295.329
1852,0.514444444,978.455,304.785,683.712,331.535,295.333,298.162,298.162,1026.582,1015.678,779.8,842.685,1043.514,296.585,296.377,295.274,295.336
1853,0.514722222,978.455,304.785,683.712,331.535,295.333,298.162,298.162,1026.582,1015.678,779.8,842.685,1043.514,296.585,296.377,295.274,295.336
1854,0.515,978.455,304.785,683.712,331.535,295.333,298.162,298.162,1026.582,1015.678,779.8,842.685,1043.514,296.585,296.377,295.274,295.336
1855,0.515277778,978.353,304.828,683.985,331.585,295.329,298.15,298.156,1026.669,1015.708,780.011,842.855,1043.554,296.58,296.377,295.272,295.333
1856,0.515555556,978.353,304.828,683.985,331.585,295.329,298.15,298.156,1026.669,1015.708,780.011,842.855,1043.554,296.58,296.377,295.272,295.333
1857,0.515833333,978.353,304.828,683.985,331.585,295.329,298.15,298.156,1026.669,1015.708,780.011,842.855,1043.554,296.58,296.377,295.272,295.333
1858,0.516111111,978.353,304.828,683.985,331.585,295.329,298.15,298.156,1026.669,1015.708,780.011,842.855,1043.554,296.58,296.377,295.272,295.333
1859,0.516388889,978.197,304.881,684.268,331.634,295.329,298.146,298.149,1026.507,1015.738,780.233,843.06,1043.589,296.587,296.374,295.279,295.339
1860,0.516666667,978.197,304.881,684.268,331.634,295.329,298.146,298.149,1026.507,1015.738,780.233,843.06,1043.589,296.587,296.374,295.279,295.339
1861,0.516944444,978.197,304.881,684.268,331.634,295.329,298.146,298.149,1026.507,1015.738,780.233,843.06,1043.589,296.587,296.374,295.279,295.339
1862,0.517222222,977.583,304.926,684.523,331.687,295.325,298.14,298.155,1026.805,1015.779,780.444,843.235,1043.626,296.577,296.37,295.265,295.331
1863,0.5175,977.583,304.926,684.523,331.687,295.325,298.14,298.155,1026.805,1015.779,780.444,843.235,1043.626,296.577,296.37,295.265,295.331
1864,0.517777778,977.583,304.926,684.523,331.687,295.325,298.14,298.155,1026.805,1015.779,780.444,843.235,1043.626,296.577,296.37,295.265,295.331
1865,0.518055556,977.583,304.926,684.523,331.687,295.325,298.14,298.155,1026.805,1015.779,780.444,843.235,1043.626,296.577,296.37,295.265,295.331
1866,0.518333333,977.243,304.98,684.802,331.716,295.308,298.14,298.146,1026.908,1015.821,780.657,843.43,1043.694,296.583,296.38,295.274,295.341
1867,0.518611111,977.243,304.98,684.802,331.716,295.308,298.14,298.146,1026.908,1015.821,780.657,843.43,1043.694,296.583,296.38,295.274,295.341
1868,0.518888889,977.243,304.98,684.802,331.716,295.308,298.14,298.146,1026.908,1015.821,780.657,843.43,1043.694,296.583,296.38,295.274,295.341
1869,0.519166667,976.995,305.019,685.064,331.758,295.318,298.139,298.167,1026.632,1015.884,780.869,843.568,1043.703,296.589,296.376,295.272,295.332
1870,0.519444444,976.995,305.019,685.064,331.758,295.318,298.139,298.167,1026.632,1015.884,780.869,843.568,1043.703,296.589,296.376,295.272,295.332
1871,0.519722222,976.995,305.019,685.064,331.758,295.318,298.139,298.167,1026.632,1015.884,780.869,843.568,1043.703,296.589,296.376,295.272,295.332
1872,0.52,976.995,305.019,685.064,331.758,295.318,298.139,298.167,1026.632,1015.884,780.869,843.568,1043.703,296.589,296.376,295.272,295.332
1873,0.520277778,976.511,305.075,685.353,331.812,295.339,298.132,298.168,1026.54,1015.932,781.113,843.793,1043.795,296.605,296.387,295.285,295.348
1874,0.520555556,976.511,305.075,685.353,331.812,295.339,298.132,298.168,1026.54,1015.932,781.113,843.793,1043.795,296.605,296.387,295.285,295.348
1875,0.520833333,976.511,305.075,685.353,331.812,295.339,298.132,298.168,1026.54,1015.932,781.113,843.793,1043.795,296.605,296.387,295.285,295.348
1876,0.521111111,976.103,305.108,685.611,331.843,295.321,298.136,298.155,1026.383,1015.979,781.326,843.976,1043.833,296.592,296.394,295.265,295.338
1877,0.521388889,976.103,305.108,685.611,331.843,295.321,298.136,298.155,1026.383,1015.979,781.326,843.976,1043.833,296.592,296.394,295.265,295.338
1878,0.521666667,976.103,305.108,685.611,331.843,295.321,298.136,298.155,1026.383,1015.979,781.326,843.976,1043.833,296.592,296.394,295.265,295.338
1879,0.521944444,976.103,305.108,685.611,331.843,295.321,298.136,298.155,1026.383,1015.979,781.326,843.976,1043.833,296.592,296.394,295.265,295.338
1880,0.522222222,976.01,305.156,685.894,331.879,295.327,298.126,298.15,1026.448,1016.017,781.536,844.131,1043.868,296.592,296.39,295.265,295.338
1881,0.5225,976.01,305.156,685.894,331.879,295.327,298.126,298.15,1026.448,1016.017,781.536,844.131,1043.868,296.592,296.39,295.265,295.338
1882,0.522777778,976.01,305.156,685.894,331.879,295.327,298.126,298.15,1026.448,1016.017,781.536,844.131,1043.868,296.592,296.39,295.265,295.338
1883,0.523055556,975.949,305.202,686.143,331.905,295.336,298.121,298.132,1026.47,1016.073,781.75,844.3,1043.89,296.593,296.384,295.262,295.334
1884,0.523333333,975.949,305.202,686.143,331.905,295.336,298.121,298.132,1026.47,1016.073,781.75,844.3,1043.89,296.593,296.384,295.262,295.334
1885,0.523611111,975.949,305.202,686.143,331.905,295.336,298.121,298.132,1026.47,1016.073,781.75,844.3,1043.89,296.593,296.384,295.262,295.334
1886,0.523888889,975.949,305.202,686.143,331.905,295.336,298.121,298.132,1026.47,1016.073,781.75,844.3,1043.89,296.593,296.384,295.262,295.334
1887,0.524166667,975.521,305.253,686.393,331.964,295.344,298.128,298.141,1026.21,1016.122,781.981,844.48,1043.953,296.608,296.386,295.268,295.342
1888,0.524444444,975.521,305.253,686.393,331.964,295.344,298.128,298.141,1026.21,1016.122,781.981,844.48,1043.953,296.608,296.386,295.268,295.342
1889,0.524722222,975.521,305.253,686.393,331.964,295.344,298.128,298.141,1026.21,1016.122,781.981,844.48,1043.953,296.608,296.386,295.268,295.342
1890,0.525,975.349,305.29,686.681,332.015,295.362,298.112,298.138,1026.104,1016.188,782.191,844.677,1044.022,296.605,296.403,295.275,295.351
1891,0.525277778,975.349,305.29,686.681,332.015,295.362,298.112,298.138,1026.104,1016.188,782.191,844.677,1044.022,296.605,296.403,295.275,295.351
1892,0.525555556,975.349,305.29,686.681,332.015,295.362,298.112,298.138,1026.104,1016.188,782.191,844.677,1044.022,296.605,296.403,295.275,295.351
1893,0.525833333,975.349,305.29,686.681,332.015,295.362,298.112,298.138,1026.104,1016.188,782.191,844.677,1044.022,296.605,296.403,295.275,295.351
1894,0.526111111,975.693,305.341,686.948,332.04,295.349,298.105,298.131,1026.465,1016.232,782.395,844.869,1044.082,296.601,296.393,295.269,295.349
1895,0.526388889,975.693,305.341,686.948,332.04,295.349,298.105,298.131,1026.465,1016.232,782.395,844.869,1044.082,296.601,296.393,295.269,295.349
1896,0.526666667,975.693,305.341,686.948,332.04,295.349,298.105,298.131,1026.465,1016.232,782.395,844.869,1044.082,296.601,296.393,295.269,295.349
1897,0.526944444,975.52,305.399,687.222,332.092,295.365,298.128,298.141,1026.498,1016.304,782.63,845.069,1044.162,296.62,296.414,295.282,295.354
1898,0.527222222,975.52,305.399,687.222,332.092,295.365,298.128,298.141,1026.498,1016.304,782.63,845.069,1044.162,296.62,296.414,295.282,295.354
1899,0.5275,975.52,305.399,687.222,332.092,295.365,298.128,298.141,1026.498,1016.304,782.63,845.069,1044.162,296.62,296.414,295.282,295.354
1900,0.527777778,975.52,305.399,687.222,332.092,295.365,298.128,298.141,1026.498,1016.304,782.63,845.069,1044.162,296.62,296.414,295.282,295.354
1901,0.528055556,975.058,305.435,687.468,332.129,295.364,298.119,298.138,1026.117,1016.343,782.844,845.206,1044.182,296.612,296.405,295.276,295.36
1902,0.528333333,975.058,305.435,687.468,332.129,295.364,298.119,298.138,1026.117,1016.343,782.844,845.206,1044.182,296.612,296.405,295.276,295.36
1903,0.528611111,975.058,305.435,687.468,332.129,295.364,298.119,298.138,1026.117,1016.343,782.844,845.206,1044.182,296.612,296.405,295.276,295.36
1904,0.528888889,974.662,305.479,687.748,332.163,295.374,298.116,298.156,1025.698,1016.413,783.045,845.428,1044.265,296.621,296.405,295.277,295.359
1905,0.529166667,974.662,305.479,687.748,332.163,295.374,298.116,298.156,1025.698,1016.413,783.045,845.428,1044.265,296.621,296.405,295.277,295.359
1906,0.529444444,974.662,305.479,687.748,332.163,295.374,298.116,298.156,1025.698,1016.413,783.045,845.428,1044.265,296.621,296.405,295.277,295.359
1907,0.529722222,974.353,305.529,688.001,332.199,295.38,298.116,298.145,1025.744,1016.467,783.267,845.608,1044.306,296.613,296.406,295.279,295.357
1908,0.53,974.353,305.529,688.001,332.199,295.38,298.116,298.145,1025.744,1016.467,783.267,845.608,1044.306,296.613,296.406,295.279,295.357
1909,0.530277778,974.353,305.529,688.001,332.199,295.38,298.116,298.145,1025.744,1016.467,783.267,845.608,1044.306,296.613,296.406,295.279,295.357
1910,0.530555556,974.353,305.529,688.001,332.199,295.38,298.116,298.145,1025.744,1016.467,783.267,845.608,1044.306,296.613,296.406,295.279,295.357
1911,0.530833333,974.345,305.587,688.276,332.262,295.4,298.122,298.163,1026.336,1016.527,783.481,845.761,1044.355,296.626,296.418,295.288,295.376
1912,0.531111111,974.345,305.587,688.276,332.262,295.4,298.122,298.163,1026.336,1016.527,783.481,845.761,1044.355,296.626,296.418,295.288,295.376
1913,0.531388889,974.345,305.587,688.276,332.262,295.4,298.122,298.163,1026.336,1016.527,783.481,845.761,1044.355,296.626,296.418,295.288,295.376
1914,0.531666667,974.566,305.627,688.532,332.311,295.4,298.11,298.154,1026.428,1016.574,783.693,845.974,1044.39,296.634,296.421,295.287,295.37
1915,0.531944444,974.566,305.627,688.532,332.311,295.4,298.11,298.154,1026.428,1016.574,783.693,845.974,1044.39,296.634,296.421,295.287,295.37
1916,0.532222222,974.566,305.627,688.532,332.311,295.4,298.11,298.154,1026.428,1016.574,783.693,845.974,1044.39,296.634,296.421,295.287,295.37
1917,0.5325,974.566,305.627,688.532,332.311,295.4,298.11,298.154,1026.428,1016.574,783.693,845.974,1044.39,296.634,296.421,295.287,295.37
1918,0.532777778,974.453,305.667,688.783,332.356,295.405,298.11,298.143,1026.053,1016.605,783.908,846.155,1044.406,296.634,296.433,295.288,295.371
1919,0.533055556,974.453,305.667,688.783,332.356,295.405,298.11,298.143,1026.053,1016.605,783.908,846.155,1044.406,296.634,296.433,295.288,295.371
1920,0.533333333,974.453,305.667,688.783,332.356,295.405,298.11,298.143,1026.053,1016.605,783.908,846.155,1044.406,296.634,296.433,295.288,295.371
1921,0.533611111,974.26,305.716,689.05,332.397,295.42,298.114,298.147,1025.579,1016.649,784.12,846.341,1044.441,296.641,296.433,295.291,295.381
1922,0.533888889,974.26,305.716,689.05,332.397,295.42,298.114,298.147,1025.579,1016.649,784.12,846.341,1044.441,296.641,296.433,295.291,295.381
1923,0.534166667,974.26,305.716,689.05,332.397,295.42,298.114,298.147,1025.579,1016.649,784.12,846.341,1044.441,296.641,296.433,295.291,295.381
1924,0.534444444,974.26,305.716,689.05,332.397,295.42,298.114,298.147,1025.579,1016.649,784.12,846.341,1044.441,296.641,296.433,295.291,295.381
1925,0.534722222,974.412,305.759,689.327,332.442,295.411,298.115,298.141,1025.53,1016.673,784.337,846.504,1044.443,296.636,296.437,295.288,295.386
1926,0.535,974.412,305.759,689.327,332.442,295.411,298.115,298.141,1025.53,1016.673,784.337,846.504,1044.443,296.636,296.437,295.288,295.386
1927,0.535277778,974.412,305.759,689.327,332.442,295.411,298.115,298.141,1025.53,1016.673,784.337,846.504,1044.443,296.636,296.437,295.288,295.386
1928,0.535555556,974.512,305.813,689.572,332.501,295.425,298.107,298.148,1025.555,1016.715,784.552,846.73,1044.498,296.652,296.45,295.296,295.386
1929,0.535833333,974.512,305.813,689.572,332.501,295.425,298.107,298.148,1025.555,1016.715,784.552,846.73,1044.498,296.652,296.45,295.296,295.386
1930,0.536111111,974.512,305.813,689.572,332.501,295.425,298.107,298.148,1025.555,1016.715,784.552,846.73,1044.498,296.652,296.45,295.296,295.386
1931,0.536388889,974.512,305.813,689.572,332.501,295.425,298.107,298.148,1025.555,1016.715,784.552,846.73,1044.498,296.652,296.45,295.296,295.386
1932,0.536666667,974.473,305.861,689.823,332.544,295.438,298.098,298.14,1025.262,1016.759,784.78,846.878,1044.51,296.651,296.445,295.3,295.378
1933,0.536944444,974.473,305.861,689.823,332.544,295.438,298.098,298.14,1025.262,1016.759,784.78,846.878,1044.51,296.651,296.445,295.3,295.378
1934,0.537222222,974.473,305.861,689.823,332.544,295.438,298.098,298.14,1025.262,1016.759,784.78,846.878,1044.51,296.651,296.445,295.3,295.378
1935,0.5375,975.245,305.918,690.091,332.612,295.441,298.104,298.132,1024.721,1016.785,784.993,847.065,1044.522,296.665,296.44,295.295,295.391
1936,0.537777778,975.245,305.918,690.091,332.612,295.441,298.104,298.132,1024.721,1016.785,784.993,847.065,1044.522,296.665,296.44,295.295,295.391
1937,0.538055556,975.245,305.918,690.091,332.612,295.441,298.104,298.132,1024.721,1016.785,784.993,847.065,1044.522,296.665,296.44,295.295,295.391
1938,0.538333333,975.245,305.918,690.091,332.612,295.441,298.104,298.132,1024.721,1016.785,784.993,847.065,1044.522,296.665,296.44,295.295,295.391
1939,0.538611111,975.912,305.958,690.367,332.656,295.461,298.091,298.144,1024.777,1016.814,785.205,847.234,1044.551,296.664,296.448,295.301,295.394
1940,0.538888889,975.912,305.958,690.367,332.656,295.461,298.091,298.144,1024.777,1016.814,785.205,847.234,1044.551,296.664,296.448,295.301,295.394
1941,0.539166667,975.912,305.958,690.367,332.656,295.461,298.091,298.144,1024.777,1016.814,785.205,847.234,1044.551,296.664,296.448,295.301,295.394
1942,0.539444444,976.32,306.003,690.589,332.699,295.462,298.092,298.139,1025.233,1016.839,785.408,847.409,1044.557,296.666,296.461,295.306,295.398
1943,0.539722222,976.32,306.003,690.589,332.699,295.462,298.092,298.139,1025.233,1016.839,785.408,847.409,1044.557,296.666,296.461,295.306,295.398
1944,0.54,976.32,306.003,690.589,332.699,295.462,298.092,298.139,1025.233,1016.839,785.408,847.409,1044.557,296.666,296.461,295.306,295.398
1945,0.540277778,976.32,306.003,690.589,332.699,295.462,298.092,298.139,1025.233,1016.839,785.408,847.409,1044.557,296.666,296.461,295.306,295.398
1946,0.540555556,976.975,306.054,690.852,332.756,295.484,298.08,298.126,1025.328,1016.873,785.632,847.595,1044.582,296.68,296.469,295.301,295.401
1947,0.540833333,976.975,306.054,690.852,332.756,295.484,298.08,298.126,1025.328,1016.873,785.632,847.595,1044.582,296.68,296.469,295.301,295.401
1948,0.541111111,976.975,306.054,690.852,332.756,295.484,298.08,298.126,1025.328,1016.873,785.632,847.595,1044.582,296.68,296.469,295.301,295.401
1949,0.541388889,977.351,306.095,691.112,332.793,295.484,298.092,298.14,1025.517,1016.901,785.837,847.762,1044.616,296.691,296.46,295.31,295.405
1950,0.541666667,977.351,306.095,691.112,332.793,295.484,298.092,298.14,1025.517,1016.901,785.837,847.762,1044.616,296.691,296.46,295.31,295.405
1951,0.541944444,977.351,306.095,691.112,332.793,295.484,298.092,298.14,1025.517,1016.901,785.837,847.762,1044.616,296.691,296.46,295.31,295.405
1952,0.542222222,977.351,306.095,691.112,332.793,295.484,298.092,298.14,1025.517,1016.901,785.837,847.762,1044.616,296.691,296.46,295.31,295.405
1953,0.5425,977.536,306.139,691.328,332.852,295.485,298.092,298.114,1025.401,1016.926,786.049,847.925,1044.645,296.682,296.471,295.308,295.401
1954,0.542777778,977.536,306.139,691.328,332.852,295.485,298.092,298.114,1025.401,1016.926,786.049,847.925,1044.645,296.682,296.471,295.308,295.401
1955,0.543055556,977.536,306.139,691.328,332.852,295.485,298.092,298.114,1025.401,1016.926,786.049,847.925,1044.645,296.682,296.471,295.308,295.401
1956,0.543333333,977.365,306.199,691.601,332.909,295.526,298.088,298.119,1025.266,1016.978,786.259,848.105,1044.704,296.695,296.487,295.32,295.41
1957,0.543611111,977.365,306.199,691.601,332.909,295.526,298.088,298.119,1025.266,1016.978,786.259,848.105,1044.704,296.695,296.487,295.32,295.41
1958,0.543888889,977.365,306.199,691.601,332.909,295.526,298.088,298.119,1025.266,1016.978,786.259,848.105,1044.704,296.695,296.487,295.32,295.41
1959,0.544166667,977.365,306.199,691.601,332.909,295.526,298.088,298.119,1025.266,1016.978,786.259,848.105,1044.704,296.695,296.487,295.32,295.41
1960,0.544444444,977.224,306.246,691.866,332.957,295.535,298.098,298.121,1025.346,1017.027,786.474,848.278,1044.758,296.705,296.485,295.324,295.421
1961,0.544722222,977.224,306.246,691.866,332.957,295.535,298.098,298.121,1025.346,1017.027,786.474,848.278,1044.758,296.705,296.485,295.324,295.421
1962,0.545,977.224,306.246,691.866,332.957,295.535,298.098,298.121,1025.346,1017.027,786.474,848.278,1044.758,296.705,296.485,295.324,295.421
1963,0.545277778,977.419,306.294,692.096,333.009,295.534,298.086,298.121,1025.432,1017.071,786.691,848.424,1044.784,296.71,296.489,295.336,295.428
1964,0.545555556,977.419,306.294,692.096,333.009,295.534,298.086,298.121,1025.432,1017.071,786.691,848.424,1044.784,296.71,296.489,295.336,295.428
1965,0.545833333,977.419,306.294,692.096,333.009,295.534,298.086,298.121,1025.432,1017.071,786.691,848.424,1044.784,296.71,296.489,295.336,295.428
1966,0.546111111,977.419,306.294,692.096,333.009,295.534,298.086,298.121,1025.432,1017.071,786.691,848.424,1044.784,296.71,296.489,295.336,295.428
1967,0.546388889,977.834,306.345,692.352,333.055,295.556,298.082,298.125,1025.503,1017.125,786.905,848.624,1044.848,296.715,296.494,295.331,295.429
1968,0.546666667,977.834,306.345,692.352,333.055,295.556,298.082,298.125,1025.503,1017.125,786.905,848.624,1044.848,296.715,296.494,295.331,295.429
1969,0.546944444,977.834,306.345,692.352,333.055,295.556,298.082,298.125,1025.503,1017.125,786.905,848.624,1044.848,296.715,296.494,295.331,295.429
1970,0.547222222,978.053,306.391,692.575,333.105,295.569,298.079,298.122,1025.512,1017.175,787.111,848.802,1044.904,296.718,296.498,295.342,295.44
1971,0.5475,978.053,306.391,692.575,333.105,295.569,298.079,298.122,1025.512,1017.175,787.111,848.802,1044.904,296.718,296.498,295.342,295.44
1972,0.547777778,978.053,306.391,692.575,333.105,295.569,298.079,298.122,1025.512,1017.175,787.111,848.802,1044.904,296.718,296.498,295.342,295.44
1973,0.548055556,978.053,306.391,692.575,333.105,295.569,298.079,298.122,1025.512,1017.175,787.111,848.802,1044.904,296.718,296.498,295.342,295.44
1974,0.548333333,978.155,306.436,692.851,333.15,295.588,298.087,298.122,1025.844,1017.231,787.312,848.954,1044.97,296.723,296.504,295.335,295.432
1975,0.548611111,978.155,306.436,692.851,333.15,295.588,298.087,298.122,1025.844,1017.231,787.312,848.954,1044.97,296.723,296.504,295.335,295.432
1976,0.548888889,978.155,306.436,692.851,333.15,295.588,298.087,298.122,1025.844,1017.231,787.312,848.954,1044.97,296.723,296.504,295.335,295.432
1977,0.549166667,978.155,306.436,692.851,333.15,295.588,298.087,298.122,1025.844,1017.231,787.312,848.954,1044.97,296.723,296.504,295.335,295.432
1978,0.549444444,978.608,306.503,693.124,333.194,295.616,298.09,298.131,1026.273,1017.303,787.538,849.142,1045.051,296.744,296.526,295.355,295.459
1979,0.549722222,978.608,306.503,693.124,333.194,295.616,298.09,298.131,1026.273,1017.303,787.538,849.142,1045.051,296.744,296.526,295.355,295.459
1980,0.55,978.608,306.503,693.124,333.194,295.616,298.09,298.131,1026.273,1017.303,787.538,849.142,1045.051,296.744,296.526,295.355,295.459
1981,0.550277778,979.238,306.549,693.377,333.243,295.612,298.085,298.127,1026.254,1017.364,787.738,849.324,1045.123,296.731,296.52,295.353,295.449
1982,0.550555556,979.238,306.549,693.377,333.243,295.612,298.085,298.127,1026.254,1017.364,787.738,849.324,1045.123,296.731,296.52,295.353,295.449
1983,0.550833333,979.238,306.549,693.377,333.243,295.612,298.085,298.127,1026.254,1017.364,787.738,849.324,1045.123,296.731,296.52,295.353,295.449
1984,0.551111111,979.238,306.549,693.377,333.243,295.612,298.085,298.127,1026.254,1017.364,787.738,849.324,1045.123,296.731,296.52,295.353,295.449
1985,0.551388889,979.228,306.584,693.628,333.282,295.617,298.063,298.115,1026.514,1017.428,787.946,849.493,1045.204,296.729,296.525,295.354,295.453
1986,0.551666667,979.228,306.584,693.628,333.282,295.617,298.063,298.115,1026.514,1017.428,787.946,849.493,1045.204,296.729,296.525,295.354,295.453
1987,0.551944444,979.228,306.584,693.628,333.282,295.617,298.063,298.115,1026.514,1017.428,787.946,849.493,1045.204,296.729,296.525,295.354,295.453
1988,0.552222222,978.961,306.65,693.881,333.347,295.646,298.079,298.111,1026.845,1017.516,788.157,849.688,1045.297,296.756,296.551,295.366,295.476
1989,0.5525,978.961,306.65,693.881,333.347,295.646,298.079,298.111,1026.845,1017.516,788.157,849.688,1045.297,296.756,296.551,295.366,295.476
1990,0.552777778,978.961,306.65,693.881,333.347,295.646,298.079,298.111,1026.845,1017.516,788.157,849.688,1045.297,296.756,296.551,295.366,295.476
1991,0.553055556,978.961,306.65,693.881,333.347,295.646,298.079,298.111,1026.845,1017.516,788.157,849.688,1045.297,296.756,296.551,295.366,295.476
1992,0.553333333,978.48,306.683,694.134,333.391,295.675,298.072,298.123,1027.273,1017.584,788.352,849.838,1045.364,296.755,296.535,295.362,295.469
1993,0.553611111,978.48,306.683,694.134,333.391,295.675,298.072,298.123,1027.273,1017.584,788.352,849.838,1045.364,296.755,296.535,295.362,295.469
1994,0.553888889,978.48,306.683,694.134,333.391,295.675,298.072,298.123,1027.273,1017.584,788.352,849.838,1045.364,296.755,296.535,295.362,295.469
1995,0.554166667,978.373,306.74,694.378,333.434,295.669,298.068,298.124,1027.642,1017.67,788.557,849.981,1045.42,296.762,296.546,295.368,295.473
1996,0.554444444,978.373,306.74,694.378,333.434,295.669,298.068,298.124,1027.642,1017.67,788.557,849.981,1045.42,296.762,296.546,295.368,295.473
1997,0.554722222,978.373,306.74,694.378,333.434,295.669,298.068,298.124,1027.642,1017.67,788.557,849.981,1045.42,296.762,296.546,295.368,295.473
1998,0.555,978.373,306.74,694.378,333.434,295.669,298.068,298.124,1027.642,1017.67,788.557,849.981,1045.42,296.762,296.546,295.368,295.473
1999,0.555277778,978.424,306.784,694.623,333.503,295.702,298.076,298.121,1027.63,1017.737,788.771,850.181,1045.509,296.778,296.556,295.372,295.472
2000,0.555555556,978.424,306.784,694.623,333.503,295.702,298.076,298.121,1027.63,1017.737,788.771,850.181,1045.509,296.778,296.556,295.372,295.472
2001,0.555833333,978.424,306.784,694.623,333.503,295.702,298.076,298.121,1027.63,1017.737,788.771,850.181,1045.509,296.778,296.556,295.372,295.472
2002,0.556111111,978.385,306.841,694.862,333.54,295.712,298.066,298.117,1026.989,1017.817,788.973,850.356,1045.582,296.773,296.553,295.371,295.48
2003,0.556388889,978.385,306.841,694.862,333.54,295.712,298.066,298.117,1026.989,1017.817,788.973,850.356,1045.582,296.773,296.553,295.371,295.48
2004,0.556666667,978.385,306.841,694.862,333.54,295.712,298.066,298.117,1026.989,1017.817,788.973,850.356,1045.582,296.773,296.553,295.371,295.48
2005,0.556944444,978.385,306.841,694.862,333.54,295.712,298.066,298.117,1026.989,1017.817,788.973,850.356,1045.582,296.773,296.553,295.371,295.48
2006,0.557222222,978.305,306.88,695.092,333.58,295.703,298.049,298.112,1026.293,1017.883,789.171,850.538,1045.649,296.774,296.562,295.37,295.484
2007,0.5575,978.305,306.88,695.092,333.58,295.703,298.049,298.112,1026.293,1017.883,789.171,850.538,1045.649,296.774,296.562,295.37,295.484
2008,0.557777778,978.305,306.88,695.092,333.58,295.703,298.049,298.112,1026.293,1017.883,789.171,850.538,1045.649,296.774,296.562,295.37,295.484
2009,0.558055556,977.996,306.934,695.366,333.632,295.729,298.059,298.118,1025.695,1017.981,789.384,850.714,1045.737,296.794,296.574,295.385,295.488
2010,0.558333333,977.996,306.934,695.366,333.632,295.729,298.059,298.118,1025.695,1017.981,789.384,850.714,1045.737,296.794,296.574,295.385,295.488
2011,0.558611111,977.996,306.934,695.366,333.632,295.729,298.059,298.118,1025.695,1017.981,789.384,850.714,1045.737,296.794,296.574,295.385,295.488
2012,0.558888889,977.996,306.934,695.366,333.632,295.729,298.059,298.118,1025.695,1017.981,789.384,850.714,1045.737,296.794,296.574,295.385,295.488
2013,0.559166667,977.909,306.984,695.604,333.679,295.745,298.052,298.108,1024.984,1018.05,789.606,850.914,1045.81,296.806,296.57,295.388,295.487
2014,0.559444444,977.909,306.984,695.604,333.679,295.745,298.052,298.108,1024.984,1018.05,789.606,850.914,1045.81,296.806,296.57,295.388,295.487
2015,0.559722222,977.909,306.984,695.604,333.679,295.745,298.052,298.108,1024.984,1018.05,789.606,850.914,1045.81,296.806,296.57,295.388,295.487
2016,0.56,977.898,307.027,695.856,333.722,295.767,298.053,298.106,1024.555,1018.114,789.805,851.067,1045.848,296.8,296.582,295.394,295.498
2017,0.560277778,977.898,307.027,695.856,333.722,295.767,298.053,298.106,1024.555,1018.114,789.805,851.067,1045.848,296.8,296.582,295.394,295.498
2018,0.560555556,977.898,307.027,695.856,333.722,295.767,298.053,298.106,1024.555,1018.114,789.805,851.067,1045.848,296.8,296.582,295.394,295.498
2019,0.560833333,977.898,307.027,695.856,333.722,295.767,298.053,298.106,1024.555,1018.114,789.805,851.067,1045.848,296.8,296.582,295.394,295.498
2020,0.561111111,978.016,307.077,696.092,333.765,295.767,298.032,298.091,1024.579,1018.168,790.005,851.241,1045.884,296.804,296.577,295.392,295.492
2021,0.561388889,978.016,307.077,696.092,333.765,295.767,298.032,298.091,1024.579,1018.168,790.005,851.241,1045.884,296.804,296.577,295.392,295.492
2022,0.561666667,978.016,307.077,696.092,333.765,295.767,298.032,298.091,1024.579,1018.168,790.005,851.241,1045.884,296.804,296.577,295.392,295.492
2023,0.561944444,978.452,307.126,696.328,333.821,295.781,298.04,298.108,1025.111,1018.223,790.204,851.413,1045.934,296.811,296.585,295.396,295.503
2024,0.562222222,978.452,307.126,696.328,333.821,295.781,298.04,298.108,1025.111,1018.223,790.204,851.413,1045.934,296.811,296.585,295.396,295.503
2025,0.5625,978.452,307.126,696.328,333.821,295.781,298.04,298.108,1025.111,1018.223,790.204,851.413,1045.934,296.811,296.585,295.396,295.503
2026,0.562777778,978.452,307.126,696.328,333.821,295.781,298.04,298.108,1025.111,1018.223,790.204,851.413,1045.934,296.811,296.585,295.396,295.503
2027,0.563055556,978.755,307.186,696.571,333.87,295.812,298.049,298.106,1025.352,1018.285,790.401,851.591,1045.957,296.826,296.603,295.411,295.519
2028,0.563333333,978.755,307.186,696.571,333.87,295.812,298.049,298.106,1025.352,1018.285,790.401,851.591,1045.957,296.826,296.603,295.411,295.519
2029,0.563611111,978.755,307.186,696.571,333.87,295.812,298.049,298.106,1025.352,1018.285,790.401,851.591,1045.957,296.826,296.603,295.411,295.519
2030,0.563888889,978.676,307.222,696.807,333.896,295.813,298.047,298.096,1025.44,1018.304,790.579,851.781,1045.979,296.825,296.602,295.407,295.517
2031,0.564166667,978.676,307.222,696.807,333.896,295.813,298.047,298.096,1025.44,1018.304,790.579,851.781,1045.979,296.825,296.602,295.407,295.517
2032,0.564444444,978.676,307.222,696.807,333.896,295.813,298.047,298.096,1025.44,1018.304,790.579,851.781,1045.979,296.825,296.602,295.407,295.517
2033,0.564722222,978.462,307.273,697.042,333.943,295.828,298.045,298.093,1025.4,1018.334,790.774,851.952,1045.978,296.827,296.602,295.408,295.524
2034,0.565,978.462,307.273,697.042,333.943,295.828,298.045,298.093,1025.4,1018.334,790.774,851.952,1045.978,296.827,296.602,295.408,295.524
2035,0.565277778,978.462,307.273,697.042,333.943,295.828,298.045,298.093,1025.4,1018.334,790.774,851.952,1045.978,296.827,296.602,295.408,295.524
2036,0.565555556,978.462,307.273,697.042,333.943,295.828,298.045,298.093,1025.4,1018.334,790.774,851.952,1045.978,296.827,296.602,295.408,295.524
2037,0.565833333,978.366,307.322,697.282,333.989,295.852,298.039,298.101,1025.571,1018.358,790.97,852.138,1046.011,296.836,296.615,295.417,295.528
2038,0.566111111,978.366,307.322,697.282,333.989,295.852,298.039,298.101,1025.571,1018.358,790.97,852.138,1046.011,296.836,296.615,295.417,295.528
2039,0.566388889,978.366,307.322,697.282,333.989,295.852,298.039,298.101,1025.571,1018.358,790.97,852.138,1046.011,296.836,296.615,295.417,295.528
2040,0.566666667,978.262,307.376,697.524,334.031,295.863,298.048,298.092,1025.858,1018.379,791.167,852.306,1046.001,296.848,296.62,295.422,295.538
2041,0.566944444,978.262,307.376,697.524,334.031,295.863,298.048,298.092,1025.858,1018.379,791.167,852.306,1046.001,296.848,296.62,295.422,295.538
2042,0.567222222,978.262,307.376,697.524,334.031,295.863,298.048,298.092,1025.858,1018.379,791.167,852.306,1046.001,296.848,296.62,295.422,295.538
2043,0.5675,978.262,307.376,697.524,334.031,295.863,298.048,298.092,1025.858,1018.379,791.167,852.306,1046.001,296.848,296.62,295.422,295.538
2044,0.567777778,978.272,307.427,697.772,334.092,295.906,298.06,298.105,1025.814,1018.413,791.365,852.497,1046.015,296.857,296.64,295.437,295.539
2045,0.568055556,978.272,307.427,697.772,334.092,295.906,298.06,298.105,1025.814,1018.413,791.365,852.497,1046.015,296.857,296.64,295.437,295.539
2046,0.568333333,978.272,307.427,697.772,334.092,295.906,298.06,298.105,1025.814,1018.413,791.365,852.497,1046.015,296.857,296.64,295.437,295.539
2047,0.568611111,978.303,307.47,697.979,334.121,295.911,298.053,298.108,1025.6,1018.422,791.561,852.625,1046.017,296.862,296.639,295.438,295.546
2048,0.568888889,978.303,307.47,697.979,334.121,295.911,298.053,298.108,1025.6,1018.422,791.561,852.625,1046.017,296.862,296.639,295.438,295.546
2049,0.569166667,978.303,307.47,697.979,334.121,295.911,298.053,298.108,1025.6,1018.422,791.561,852.625,1046.017,296.862,296.639,295.438,295.546
2050,0.569444444,978.303,307.47,697.979,334.121,295.911,298.053,298.108,1025.6,1018.422,791.561,852.625,1046.017,296.862,296.639,295.438,295.546
2051,0.569722222,978.379,307.512,698.178,334.16,295.938,298.057,298.113,1025.473,1018.454,791.764,852.798,1046.026,296.868,296.646,295.449,295.562
2052,0.57,978.379,307.512,698.178,334.16,295.938,298.057,298.113,1025.473,1018.454,791.764,852.798,1046.026,296.868,296.646,295.449,295.562
2053,0.570277778,978.379,307.512,698.178,334.16,295.938,298.057,298.113,1025.473,1018.454,791.764,852.798,1046.026,296.868,296.646,295.449,295.562
2054,0.570555556,978.305,307.573,698.431,334.2,295.947,298.057,298.094,1025.554,1018.467,791.946,852.97,1046.058,296.875,296.646,295.447,295.564
2055,0.570833333,978.305,307.573,698.431,334.2,295.947,298.057,298.094,1025.554,1018.467,791.946,852.97,1046.058,296.875,296.646,295.447,295.564
2056,0.571111111,978.305,307.573,698.431,334.2,295.947,298.057,298.094,1025.554,1018.467,791.946,852.97,1046.058,296.875,296.646,295.447,295.564
2057,0.571388889,978.305,307.573,698.431,334.2,295.947,298.057,298.094,1025.554,1018.467,791.946,852.97,1046.058,296.875,296.646,295.447,295.564
2058,0.571666667,978.449,307.614,698.686,334.242,295.977,298.067,298.114,1025.521,1018.499,792.139,853.133,1046.073,296.886,296.658,295.462,295.569
2059,0.571944444,978.449,307.614,698.686,334.242,295.977,298.067,298.114,1025.521,1018.499,792.139,853.133,1046.073,296.886,296.658,295.462,295.569
2060,0.572222222,978.449,307.614,698.686,334.242,295.977,298.067,298.114,1025.521,1018.499,792.139,853.133,1046.073,296.886,296.658,295.462,295.569
2061,0.5725,978.392,307.661,698.932,334.279,295.994,298.063,298.102,1025.422,1018.526,792.303,853.307,1046.114,296.892,296.657,295.469,295.58
2062,0.572777778,978.392,307.661,698.932,334.279,295.994,298.063,298.102,1025.422,1018.526,792.303,853.307,1046.114,296.892,296.657,295.469,295.58
2063,0.573055556,978.392,307.661,698.932,334.279,295.994,298.063,298.102,1025.422,1018.526,792.303,853.307,1046.114,296.892,296.657,295.469,295.58
2064,0.573333333,978.392,307.661,698.932,334.279,295.994,298.063,298.102,1025.422,1018.526,792.303,853.307,1046.114,296.892,296.657,295.469,295.58
2065,0.573611111,978.22,307.722,699.17,334.304,296.022,298.06,298.107,1025.281,1018.566,792.484,853.46,1046.163,296.888,296.674,295.481,295.586
2066,0.573888889,978.22,307.722,699.17,334.304,296.022,298.06,298.107,1025.281,1018.566,792.484,853.46,1046.163,296.888,296.674,295.481,295.586
2067,0.574166667,978.22,307.722,699.17,334.304,296.022,298.06,298.107,1025.281,1018.566,792.484,853.46,1046.163,296.888,296.674,295.481,295.586
2068,0.574444444,978.081,307.767,699.364,334.346,296.024,298.053,298.096,1025.278,1018.607,792.672,853.606,1046.207,296.906,296.677,295.48,295.596
2069,0.574722222,978.081,307.767,699.364,334.346,296.024,298.053,298.096,1025.278,1018.607,792.672,853.606,1046.207,296.906,296.677,295.48,295.596
2070,0.575,978.081,307.767,699.364,334.346,296.024,298.053,298.096,1025.278,1018.607,792.672,853.606,1046.207,296.906,296.677,295.48,295.596
2071,0.575277778,978.081,307.767,699.364,334.346,296.024,298.053,298.096,1025.278,1018.607,792.672,853.606,1046.207,296.906,296.677,295.48,295.596
2072,0.575555556,977.798,307.815,699.596,334.381,296.038,298.052,298.095,1025.283,1018.645,792.868,853.762,1046.231,296.911,296.678,295.482,295.588
2073,0.575833333,977.798,307.815,699.596,334.381,296.038,298.052,298.095,1025.283,1018.645,792.868,853.762,1046.231,296.911,296.678,295.482,295.588
2074,0.576111111,977.798,307.815,699.596,334.381,296.038,298.052,298.095,1025.283,1018.645,792.868,853.762,1046.231,296.911,296.678,295.482,295.588
2075,0.576388889,977.719,307.87,699.823,334.418,296.07,298.047,298.102,1025.093,1018.694,793.067,853.908,1046.265,296.915,296.692,295.497,295.612
2076,0.576666667,977.719,307.87,699.823,334.418,296.07,298.047,298.102,1025.093,1018.694,793.067,853.908,1046.265,296.915,296.692,295.497,295.612
2077,0.576944444,977.719,307.87,699.823,334.418,296.07,298.047,298.102,1025.093,1018.694,793.067,853.908,1046.265,296.915,296.692,295.497,295.612
2078,0.577222222,977.719,307.87,699.823,334.418,296.07,298.047,298.102,1025.093,1018.694,793.067,853.908,1046.265,296.915,296.692,295.497,295.612
2079,0.5775,977.972,307.906,700.061,334.442,296.075,298.033,298.095,1024.929,1018.727,793.259,854.077,1046.309,296.913,296.685,295.501,295.603
2080,0.577777778,977.972,307.906,700.061,334.442,296.075,298.033,298.095,1024.929,1018.727,793.259,854.077,1046.309,296.913,296.685,295.501,295.603
2081,0.578055556,977.972,307.906,700.061,334.442,296.075,298.033,298.095,1024.929,1018.727,793.259,854.077,1046.309,296.913,296.685,295.501,295.603
2082,0.578333333,977.663,307.962,700.275,334.49,296.101,298.047,298.095,1024.875,1018.776,793.453,854.205,1046.354,296.934,296.702,295.502,295.614
2083,0.578611111,977.663,307.962,700.275,334.49,296.101,298.047,298.095,1024.875,1018.776,793.453,854.205,1046.354,296.934,296.702,295.502,295.614
2084,0.578888889,977.663,307.962,700.275,334.49,296.101,298.047,298.095,1024.875,1018.776,793.453,854.205,1046.354,296.934,296.702,295.502,295.614
2085,0.579166667,977.663,307.962,700.275,334.49,296.101,298.047,298.095,1024.875,1018.776,793.453,854.205,1046.354,296.934,296.702,295.502,295.614
2086,0.579444444,976.961,308.01,700.505,334.537,296.117,298.047,298.095,1024.728,1018.822,793.645,854.382,1046.398,296.935,296.703,295.51,295.627
2087,0.579722222,976.961,308.01,700.505,334.537,296.117,298.047,298.095,1024.728,1018.822,793.645,854.382,1046.398,296.935,296.703,295.51,295.627
2088,0.58,976.961,308.01,700.505,334.537,296.117,298.047,298.095,1024.728,1018.822,793.645,854.382,1046.398,296.935,296.703,295.51,295.627
2089,0.580277778,976.961,308.01,700.505,334.537,296.117,298.047,298.095,1024.728,1018.822,793.645,854.382,1046.398,296.935,296.703,295.51,295.627
2090,0.580555556,976.78,308.055,700.707,334.562,296.131,298.052,298.103,1024.849,1018.868,793.834,854.506,1046.45,296.931,296.714,295.508,295.628
2091,0.580833333,976.78,308.055,700.707,334.562,296.131,298.052,298.103,1024.849,1018.868,793.834,854.506,1046.45,296.931,296.714,295.508,295.628
2092,0.581111111,976.78,308.055,700.707,334.562,296.131,298.052,298.103,1024.849,1018.868,793.834,854.506,1046.45,296.931,296.714,295.508,295.628
2093,0.581388889,976.376,308.101,700.926,334.607,296.143,298.036,298.099,1024.91,1018.922,794.021,854.692,1046.512,296.932,296.706,295.508,295.626
2094,0.581666667,976.376,308.101,700.926,334.607,296.143,298.036,298.099,1024.91,1018.922,794.021,854.692,1046.512,296.932,296.706,295.508,295.626
2095,0.581944444,976.376,308.101,700.926,334.607,296.143,298.036,298.099,1024.91,1018.922,794.021,854.692,1046.512,296.932,296.706,295.508,295.626
2096,0.582222222,976.376,308.101,700.926,334.607,296.143,298.036,298.099,1024.91,1018.922,794.021,854.692,1046.512,296.932,296.706,295.508,295.626
2097,0.5825,976.084,308.16,701.165,334.636,296.153,298.037,298.094,1025.072,1018.965,794.201,854.834,1046.551,296.943,296.714,295.508,295.628
2098,0.582777778,976.084,308.16,701.165,334.636,296.153,298.037,298.094,1025.072,1018.965,794.201,854.834,1046.551,296.943,296.714,295.508,295.628
2099,0.583055556,976.084,308.16,701.165,334.636,296.153,298.037,298.094,1025.072,1018.965,794.201,854.834,1046.551,296.943,296.714,295.508,295.628
2100,0.583333333,975.431,308.211,701.365,334.677,296.173,298.031,298.094,1025.167,1019.034,794.389,855.009,1046.631,296.952,296.723,295.519,295.641
2101,0.583611111,975.431,308.211,701.365,334.677,296.173,298.031,298.094,1025.167,1019.034,794.389,855.009,1046.631,296.952,296.723,295.519,295.641
2102,0.583888889,975.431,308.211,701.365,334.677,296.173,298.031,298.094,1025.167,1019.034,794.389,855.009,1046.631,296.952,296.723,295.519,295.641
2103,0.584166667,975.431,308.211,701.365,334.677,296.173,298.031,298.094,1025.167,1019.034,794.389,855.009,1046.631,296.952,296.723,295.519,295.641
2104,0.584444444,974.794,308.26,701.609,334.706,296.18,298.034,298.09,1025.132,1019.086,794.579,855.179,1046.733,296.944,296.725,295.528,295.648
2105,0.584722222,974.794,308.26,701.609,334.706,296.18,298.034,298.09,1025.132,1019.086,794.579,855.179,1046.733,296.944,296.725,295.528,295.648
2106,0.585,974.794,308.26,701.609,334.706,296.18,298.034,298.09,1025.132,1019.086,794.579,855.179,1046.733,296.944,296.725,295.528,295.648
2107,0.585277778,974.609,308.304,701.85,334.741,296.186,298.041,298.086,1025.064,1019.156,794.747,855.316,1046.788,296.948,296.724,295.527,295.648
2108,0.585555556,974.609,308.304,701.85,334.741,296.186,298.041,298.086,1025.064,1019.156,794.747,855.316,1046.788,296.948,296.724,295.527,295.648
2109,0.585833333,974.609,308.304,701.85,334.741,296.186,298.041,298.086,1025.064,1019.156,794.747,855.316,1046.788,296.948,296.724,295.527,295.648
2110,0.586111111,974.609,308.304,701.85,334.741,296.186,298.041,298.086,1025.064,1019.156,794.747,855.316,1046.788,296.948,296.724,295.527,295.648
2111,0.586388889,974.975,308.345,702.087,334.776,296.194,298.017,298.088,1025.339,1019.233,794.921,855.461,1046.882,296.959,296.727,295.523,295.644
2112,0.586666667,974.975,308.345,702.087,334.776,296.194,298.017,298.088,1025.339,1019.233,794.921,855.461,1046.882,296.959,296.727,295.523,295.644
2113,0.586944444,974.975,308.345,702.087,334.776,296.194,298.017,298.088,1025.339,1019.233,794.921,855.461,1046.882,296.959,296.727,295.523,295.644
2114,0.587222222,975.357,308.401,702.29,334.826,296.234,298.024,298.085,1025.088,1019.323,795.113,855.62,1046.966,296.975,296.742,295.54,295.661
2115,0.5875,975.357,308.401,702.29,334.826,296.234,298.024,298.085,1025.088,1019.323,795.113,855.62,1046.966,296.975,296.742,295.54,295.661
2116,0.587777778,975.357,308.401,702.29,334.826,296.234,298.024,298.085,1025.088,1019.323,795.113,855.62,1046.966,296.975,296.742,295.54,295.661
2117,0.588055556,975.357,308.401,702.29,334.826,296.234,298.024,298.085,1025.088,1019.323,795.113,855.62,1046.966,296.975,296.742,295.54,295.661
2118,0.588333333,975.575,308.437,702.487,334.859,296.216,298.033,298.08,1024.768,1019.393,795.278,855.755,1047.045,296.961,296.725,295.542,295.65
2119,0.588611111,975.575,308.437,702.487,334.859,296.216,298.033,298.08,1024.768,1019.393,795.278,855.755,1047.045,296.961,296.725,295.542,295.65
2120,0.588888889,975.575,308.437,702.487,334.859,296.216,298.033,298.08,1024.768,1019.393,795.278,855.755,1047.045,296.961,296.725,295.542,295.65
2121,0.589166667,975.283,308.508,702.737,334.916,296.252,298.04,298.101,1024.633,1019.48,795.491,855.93,1047.127,296.979,296.74,295.552,295.669
2122,0.589444444,975.283,308.508,702.737,334.916,296.252,298.04,298.101,1024.633,1019.48,795.491,855.93,1047.127,296.979,296.74,295.552,295.669
2123,0.589722222,975.283,308.508,702.737,334.916,296.252,298.04,298.101,1024.633,1019.48,795.491,855.93,1047.127,296.979,296.74,295.552,295.669
2124,0.59,975.283,308.508,702.737,334.916,296.252,298.04,298.101,1024.633,1019.48,795.491,855.93,1047.127,296.979,296.74,295.552,295.669
2125,0.590277778,974.913,308.543,702.922,334.958,296.249,298.023,298.082,1024.784,1019.547,795.665,856.082,1047.186,296.977,296.737,295.551,295.665
2126,0.590555556,974.913,308.543,702.922,334.958,296.249,298.023,298.082,1024.784,1019.547,795.665,856.082,1047.186,296.977,296.737,295.551,295.665
2127,0.590833333,974.913,308.543,702.922,334.958,296.249,298.023,298.082,1024.784,1019.547,795.665,856.082,1047.186,296.977,296.737,295.551,295.665
2128,0.591111111,974.69,308.599,703.126,334.985,296.255,298.026,298.092,1025.014,1019.613,795.854,856.23,1047.278,296.981,296.741,295.552,295.67
2129,0.591388889,974.69,308.599,703.126,334.985,296.255,298.026,298.092,1025.014,1019.613,795.854,856.23,1047.278,296.981,296.741,295.552,295.67
2130,0.591666667,974.69,308.599,703.126,334.985,296.255,298.026,298.092,1025.014,1019.613,795.854,856.23,1047.278,296.981,296.741,295.552,295.67
2131,0.591944444,974.69,308.599,703.126,334.985,296.255,298.026,298.092,1025.014,1019.613,795.854,856.23,1047.278,296.981,296.741,295.552,295.67
2132,0.592222222,974.86,308.642,703.347,335.013,296.263,298.027,298.09,1024.792,1019.679,796.032,856.389,1047.314,296.985,296.743,295.557,295.675
2133,0.5925,974.86,308.642,703.347,335.013,296.263,298.027,298.09,1024.792,1019.679,796.032,856.389,1047.314,296.985,296.743,295.557,295.675
2134,0.592777778,974.86,308.642,703.347,335.013,296.263,298.027,298.09,1024.792,1019.679,796.032,856.389,1047.314,296.985,296.743,295.557,295.675
2135,0.593055556,974.724,308.684,703.583,335.057,296.275,298.024,298.08,1024.753,1019.732,796.214,856.55,1047.355,296.981,296.744,295.555,295.67
2136,0.593333333,974.724,308.684,703.583,335.057,296.275,298.024,298.08,1024.753,1019.732,796.214,856.55,1047.355,296.981,296.744,295.555,295.67
2137,0.593611111,974.724,308.684,703.583,335.057,296.275,298.024,298.08,1024.753,1019.732,796.214,856.55,1047.355,296.981,296.744,295.555,295.67
2138,0.593888889,974.724,308.684,703.583,335.057,296.275,298.024,298.08,1024.753,1019.732,796.214,856.55,1047.355,296.981,296.744,295.555,295.67
2139,0.594166667,974.602,308.737,703.775,335.099,296.287,298.03,298.09,1024.709,1019.795,796.394,856.705,1047.416,296.988,296.746,295.565,295.679
2140,0.594444444,974.602,308.737,703.775,335.099,296.287,298.03,298.09,1024.709,1019.795,796.394,856.705,1047.416,296.988,296.746,295.565,295.679
2141,0.594722222,974.602,308.737,703.775,335.099,296.287,298.03,298.09,1024.709,1019.795,796.394,856.705,1047.416,296.988,296.746,295.565,295.679
2142,0.595,974.55,308.776,703.983,335.129,296.285,298.021,298.077,1024.436,1019.852,796.578,856.824,1047.436,296.988,296.742,295.558,295.684
2143,0.595277778,974.55,308.776,703.983,335.129,296.285,298.021,298.077,1024.436,1019.852,796.578,856.824,1047.436,296.988,296.742,295.558,295.684
2144,0.595555556,974.55,308.776,703.983,335.129,296.285,298.021,298.077,1024.436,1019.852,796.578,856.824,1047.436,296.988,296.742,295.558,295.684
2145,0.595833333,974.55,308.776,703.983,335.129,296.285,298.021,298.077,1024.436,1019.852,796.578,856.824,1047.436,296.988,296.742,295.558,295.684
2146,0.596111111,974.147,308.827,704.217,335.159,296.294,298.021,298.086,1024.515,1019.923,796.774,857.004,1047.523,296.987,296.744,295.577,295.686
2147,0.596388889,974.147,308.827,704.217,335.159,296.294,298.021,298.086,1024.515,1019.923,796.774,857.004,1047.523,296.987,296.744,295.577,295.686
2148,0.596666667,974.147,308.827,704.217,335.159,296.294,298.021,298.086,1024.515,1019.923,796.774,857.004,1047.523,296.987,296.744,295.577,295.686
2149,0.596944444,973.74,308.883,704.461,335.202,296.317,298.032,298.088,1025.064,1019.982,796.952,857.216,1047.626,296.99,296.741,295.576,295.688
2150,0.597222222,973.74,308.883,704.461,335.202,296.317,298.032,298.088,1025.064,1019.982,796.952,857.216,1047.626,296.99,296.741,295.576,295.688
2151,0.5975,973.74,308.883,704.461,335.202,296.317,298.032,298.088,1025.064,1019.982,796.952,857.216,1047.626,296.99,296.741,295.576,295.688
2152,0.597777778,973.74,308.883,704.461,335.202,296.317,298.032,298.088,1025.064,1019.982,796.952,857.216,1047.626,296.99,296.741,295.576,295.688
2153,0.598055556,973.737,308.923,704.651,335.245,296.311,298.022,298.099,1025.485,1020.047,797.12,857.32,1047.687,296.991,296.745,295.586,295.69
2154,0.598333333,973.737,308.923,704.651,335.245,296.311,298.022,298.099,1025.485,1020.047,797.12,857.32,1047.687,296.991,296.745,295.586,295.69
2155,0.598611111,973.737,308.923,704.651,335.245,296.311,298.022,298.099,1025.485,1020.047,797.12,857.32,1047.687,296.991,296.745,295.586,295.69
2156,0.598888889,973.433,308.978,704.831,335.275,296.329,298.012,298.097,1025.735,1020.106,797.298,857.454,1047.736,296.986,296.738,295.581,295.689
2157,0.599166667,973.433,308.978,704.831,335.275,296.329,298.012,298.097,1025.735,1020.106,797.298,857.454,1047.736,296.986,296.738,295.581,295.689
2158,0.599444444,973.433,308.978,704.831,335.275,296.329,298.012,298.097,1025.735,1020.106,797.298,857.454,1047.736,296.986,296.738,295.581,295.689
2159,0.599722222,973.433,308.978,704.831,335.275,296.329,298.012,298.097,1025.735,1020.106,797.298,857.454,1047.736,296.986,296.738,295.581,295.689
2160,0.6,973.053,309.02,705.08,335.3,296.324,298.018,298.096,1026.03,1020.176,797.483,857.644,1047.829,296.984,296.734,295.581,295.695
2161,0.600277778,973.053,309.02,705.08,335.3,296.324,298.018,298.096,1026.03,1020.176,797.483,857.644,1047.829,296.984,296.734,295.581,295.695
2162,0.600555556,973.053,309.02,705.08,335.3,296.324,298.018,298.096,1026.03,1020.176,797.483,857.644,1047.829,296.984,296.734,295.581,295.695
2163,0.600833333,973.134,309.06,705.314,335.34,296.343,298.022,298.09,1025.877,1020.242,797.651,857.825,1047.92,296.989,296.739,295.593,295.703
2164,0.601111111,973.134,309.06,705.314,335.34,296.343,298.022,298.09,1025.877,1020.242,797.651,857.825,1047.92,296.989,296.739,295.593,295.703
2165,0.601388889,973.134,309.06,705.314,335.34,296.343,298.022,298.09,1025.877,1020.242,797.651,857.825,1047.92,296.989,296.739,295.593,295.703
2166,0.601666667,973.551,309.125,705.546,335.385,296.36,298.027,298.104,1025.563,1020.335,797.846,857.972,1048.001,296.995,296.74,295.61,295.702
2167,0.601944444,973.551,309.125,705.546,335.385,296.36,298.027,298.104,1025.563,1020.335,797.846,857.972,1048.001,296.995,296.74,295.61,295.702
2168,0.602222222,973.551,309.125,705.546,335.385,296.36,298.027,298.104,1025.563,1020.335,797.846,857.972,1048.001,296.995,296.74,295.61,295.702
2169,0.6025,973.551,309.125,705.546,335.385,296.36,298.027,298.104,1025.563,1020.335,797.846,857.972,1048.001,296.995,296.74,295.61,295.702
2170,0.602777778,973.447,309.156,705.74,335.423,296.347,298.02,298.091,1025.383,1020.415,798.009,858.111,1048.121,296.976,296.733,295.588,295.702
2171,0.603055556,973.447,309.156,705.74,335.423,296.347,298.02,298.091,1025.383,1020.415,798.009,858.111,1048.121,296.976,296.733,295.588,295.702
2172,0.603333333,973.447,309.156,705.74,335.423,296.347,298.02,298.091,1025.383,1020.415,798.009,858.111,1048.121,296.976,296.733,295.588,295.702
2173,0.603611111,973.447,309.156,705.74,335.423,296.347,298.02,298.091,1025.383,1020.415,798.009,858.111,1048.121,296.976,296.733,295.588,295.702
2174,0.603888889,973.897,309.2,705.948,335.461,296.335,298.025,298.1,1025.307,1020.528,798.198,858.237,1048.205,296.983,296.733,295.593,295.713
2175,0.604166667,973.897,309.2,705.948,335.461,296.335,298.025,298.1,1025.307,1020.528,798.198,858.237,1048.205,296.983,296.733,295.593,295.713
2176,0.604444444,973.897,309.2,705.948,335.461,296.335,298.025,298.1,1025.307,1020.528,798.198,858.237,1048.205,296.983,296.733,295.593,295.713
2177,0.604722222,974.131,309.262,706.179,335.512,296.376,298.028,298.109,1024.987,1020.621,798.392,858.459,1048.358,296.999,296.738,295.601,295.704
2178,0.605,974.131,309.262,706.179,335.512,296.376,298.028,298.109,1024.987,1020.621,798.392,858.459,1048.358,296.999,296.738,295.601,295.704
2179,0.605277778,974.131,309.262,706.179,335.512,296.376,298.028,298.109,1024.987,1020.621,798.392,858.459,1048.358,296.999,296.738,295.601,295.704
2180,0.605555556,974.131,309.262,706.179,335.512,296.376,298.028,298.109,1024.987,1020.621,798.392,858.459,1048.358,296.999,296.738,295.601,295.704
2181,0.605833333,973.977,309.304,706.356,335.551,296.348,298.025,298.099,1024.956,1020.708,798.571,858.594,1048.414,296.977,296.732,295.596,295.693
2182,0.606111111,973.977,309.304,706.356,335.551,296.348,298.025,298.099,1024.956,1020.708,798.571,858.594,1048.414,296.977,296.732,295.596,295.693
2183,0.606388889,973.977,309.304,706.356,335.551,296.348,298.025,298.099,1024.956,1020.708,798.571,858.594,1048.414,296.977,296.732,295.596,295.693
2184,0.606666667,973.542,309.356,706.584,335.585,296.367,298.03,298.093,1024.975,1020.806,798.751,858.718,1048.465,296.982,296.737,295.605,295.712
2185,0.606944444,973.542,309.356,706.584,335.585,296.367,298.03,298.093,1024.975,1020.806,798.751,858.718,1048.465,296.982,296.737,295.605,295.712
2186,0.607222222,973.542,309.356,706.584,335.585,296.367,298.03,298.093,1024.975,1020.806,798.751,858.718,1048.465,296.982,296.737,295.605,295.712
2187,0.6075,973.542,309.356,706.584,335.585,296.367,298.03,298.093,1024.975,1020.806,798.751,858.718,1048.465,296.982,296.737,295.605,295.712
2188,0.607777778,973.241,309.39,706.776,335.627,296.346,298.01,298.089,1025.056,1020.87,798.933,858.921,1048.538,296.972,296.719,295.593,295.7
2189,0.608055556,973.241,309.39,706.776,335.627,296.346,298.01,298.089,1025.056,1020.87,798.933,858.921,1048.538,296.972,296.719,295.593,295.7
2190,0.608333333,973.241,309.39,706.776,335.627,296.346,298.01,298.089,1025.056,1020.87,798.933,858.921,1048.538,296.972,296.719,295.593,295.7
2191,0.608611111,972.913,309.443,707.025,335.683,296.392,298.039,298.097,1025.123,1020.935,799.122,859.088,1048.589,296.984,296.725,295.603,295.719
2192,0.608888889,972.913,309.443,707.025,335.683,296.392,298.039,298.097,1025.123,1020.935,799.122,859.088,1048.589,296.984,296.725,295.603,295.719
2193,0.609166667,972.913,309.443,707.025,335.683,296.392,298.039,298.097,1025.123,1020.935,799.122,859.088,1048.589,296.984,296.725,295.603,295.719
2194,0.609444444,972.913,309.443,707.025,335.683,296.392,298.039,298.097,1025.123,1020.935,799.122,859.088,1048.589,296.984,296.725,295.603,295.719
2195,0.609722222,972.545,309.5,707.245,335.734,296.384,298.044,298.107,1025.067,1021,799.315,859.249,1048.659,296.994,296.724,295.616,295.716
2196,0.61,972.545,309.5,707.245,335.734,296.384,298.044,298.107,1025.067,1021,799.315,859.249,1048.659,296.994,296.724,295.616,295.716
2197,0.610277778,972.545,309.5,707.245,335.734,296.384,298.044,298.107,1025.067,1021,799.315,859.249,1048.659,296.994,296.724,295.616,295.716
2198,0.610555556,972.553,309.532,707.429,335.768,296.381,298.027,298.105,1024.94,1021.062,799.493,859.387,1048.706,296.977,296.721,295.604,295.712
2199,0.610833333,972.553,309.532,707.429,335.768,296.381,298.027,298.105,1024.94,1021.062,799.493,859.387,1048.706,296.977,296.721,295.604,295.712
2200,0.611111111,972.553,309.532,707.429,335.768,296.381,298.027,298.105,1024.94,1021.062,799.493,859.387,1048.706,296.977,296.721,295.604,295.712
2201,0.611388889,972.553,309.532,707.429,335.768,296.381,298.027,298.105,1024.94,1021.062,799.493,859.387,1048.706,296.977,296.721,295.604,295.712
2202,0.611666667,972.979,309.568,707.656,335.801,296.39,298.024,298.112,1024.935,1021.119,799.674,859.539,1048.766,296.968,296.718,295.599,295.7
2203,0.611944444,972.979,309.568,707.656,335.801,296.39,298.024,298.112,1024.935,1021.119,799.674,859.539,1048.766,296.968,296.718,295.599,295.7
2204,0.612222222,972.979,309.568,707.656,335.801,296.39,298.024,298.112,1024.935,1021.119,799.674,859.539,1048.766,296.968,296.718,295.599,295.7
2205,0.6125,973.049,309.627,707.861,335.849,296.393,298.032,298.108,1024.708,1021.184,799.855,859.696,1048.834,296.983,296.72,295.602,295.716
2206,0.612777778,973.049,309.627,707.861,335.849,296.393,298.032,298.108,1024.708,1021.184,799.855,859.696,1048.834,296.983,296.72,295.602,295.716
2207,0.613055556,973.049,309.627,707.861,335.849,296.393,298.032,298.108,1024.708,1021.184,799.855,859.696,1048.834,296.983,296.72,295.602,295.716
2208,0.613333333,973.166,309.666,708.046,335.881,296.397,298.029,298.104,1024.502,1021.247,800.039,859.844,1048.904,296.981,296.721,295.604,295.718
2209,0.613611111,973.166,309.666,708.046,335.881,296.397,298.029,298.104,1024.502,1021.247,800.039,859.844,1048.904,296.981,296.721,295.604,295.718
2210,0.613888889,973.166,309.666,708.046,335.881,296.397,298.029,298.104,1024.502,1021.247,800.039,859.844,1048.904,296.981,296.721,295.604,295.718
2211,0.614166667,973.166,309.666,708.046,335.881,296.397,298.029,298.104,1024.502,1021.247,800.039,859.844,1048.904,296.981,296.721,295.604,295.718
2212,0.614444444,972.884,309.725,708.237,335.922,296.4,298.035,298.1,1024.468,1021.327,800.228,860.027,1048.936,296.977,296.721,295.616,295.726
2213,0.614722222,972.884,309.725,708.237,335.922,296.4,298.035,298.1,1024.468,1021.327,800.228,860.027,1048.936,296.977,296.721,295.616,295.726
2214,0.615,972.884,309.725,708.237,335.922,296.4,298.035,298.1,1024.468,1021.327,800.228,860.027,1048.936,296.977,296.721,295.616,295.726
2215,0.615277778,972.809,309.763,708.47,335.955,296.396,298.035,298.108,1024.602,1021.357,800.382,860.165,1048.953,296.986,296.716,295.618,295.732
2216,0.615555556,972.809,309.763,708.47,335.955,296.396,298.035,298.108,1024.602,1021.357,800.382,860.165,1048.953,296.986,296.716,295.618,295.732
2217,0.615833333,972.809,309.763,708.47,335.955,296.396,298.035,298.108,1024.602,1021.357,800.382,860.165,1048.953,296.986,296.716,295.618,295.732
2218,0.616111111,972.809,309.763,708.47,335.955,296.396,298.035,298.108,1024.602,1021.357,800.382,860.165,1048.953,296.986,296.716,295.618,295.732
2219,0.616388889,972.752,309.816,708.682,335.998,296.427,298.038,298.117,1024.573,1021.401,800.559,860.314,1049.02,296.975,296.727,295.618,295.724
2220,0.616666667,972.752,309.816,708.682,335.998,296.427,298.038,298.117,1024.573,1021.401,800.559,860.314,1049.02,296.975,296.727,295.618,295.724
2221,0.616944444,972.752,309.816,708.682,335.998,296.427,298.038,298.117,1024.573,1021.401,800.559,860.314,1049.02,296.975,296.727,295.618,295.724
2222,0.617222222,972.731,309.865,708.895,336.045,296.425,298.045,298.109,1024.502,1021.443,800.735,860.485,1049.035,296.99,296.716,295.623,295.736
2223,0.6175,972.731,309.865,708.895,336.045,296.425,298.045,298.109,1024.502,1021.443,800.735,860.485,1049.035,296.99,296.716,295.623,295.736
2224,0.617777778,972.731,309.865,708.895,336.045,296.425,298.045,298.109,1024.502,1021.443,800.735,860.485,1049.035,296.99,296.716,295.623,295.736
2225,0.618055556,972.731,309.865,708.895,336.045,296.425,298.045,298.109,1024.502,1021.443,800.735,860.485,1049.035,296.99,296.716,295.623,295.736
2226,0.618333333,972.766,309.907,709.113,336.083,296.431,298.042,298.109,1024.366,1021.494,800.904,860.654,1049.064,296.984,296.71,295.62,295.735
2227,0.618611111,972.766,309.907,709.113,336.083,296.431,298.042,298.109,1024.366,1021.494,800.904,860.654,1049.064,296.984,296.71,295.62,295.735
2228,0.618888889,972.766,309.907,709.113,336.083,296.431,298.042,298.109,1024.366,1021.494,800.904,860.654,1049.064,296.984,296.71,295.62,295.735
2229,0.619166667,972.551,309.953,709.345,336.124,296.435,298.056,298.121,1024.355,1021.532,801.083,860.772,1049.126,296.976,296.709,295.629,295.728
2230,0.619444444,972.551,309.953,709.345,336.124,296.435,298.056,298.121,1024.355,1021.532,801.083,860.772,1049.126,296.976,296.709,295.629,295.728
2231,0.619722222,972.551,309.953,709.345,336.124,296.435,298.056,298.121,1024.355,1021.532,801.083,860.772,1049.126,296.976,296.709,295.629,295.728
2232,0.62,972.551,309.953,709.345,336.124,296.435,298.056,298.121,1024.355,1021.532,801.083,860.772,1049.126,296.976,296.709,295.629,295.728
2233,0.620277778,971.705,309.999,709.497,336.148,296.423,298.107,298.164,1024.471,1021.58,801.242,860.875,1049.147,296.976,296.703,295.621,295.733
2234,0.620555556,971.705,309.999,709.497,336.148,296.423,298.107,298.164,1024.471,1021.58,801.242,860.875,1049.147,296.976,296.703,295.621,295.733
2235,0.620833333,971.705,309.999,709.497,336.148,296.423,298.107,298.164,1024.471,1021.58,801.242,860.875,1049.147,296.976,296.703,295.621,295.733
2236,0.621111111,971.943,310.039,709.697,336.182,296.405,298.114,298.183,1024.653,1021.627,801.415,861.071,1049.185,296.98,296.693,295.625,295.728
2237,0.621388889,971.943,310.039,709.697,336.182,296.405,298.114,298.183,1024.653,1021.627,801.415,861.071,1049.185,296.98,296.693,295.625,295.728
2238,0.621666667,971.943,310.039,709.697,336.182,296.405,298.114,298.183,1024.653,1021.627,801.415,861.071,1049.185,296.98,296.693,295.625,295.728
2239,0.621944444,971.943,310.039,709.697,336.182,296.405,298.114,298.183,1024.653,1021.627,801.415,861.071,1049.185,296.98,296.693,295.625,295.728
2240,0.622222222,972.216,310.088,709.894,336.212,296.424,298.118,298.196,1024.686,1021.666,801.581,861.213,1049.231,296.974,296.701,295.62,295.735
2241,0.6225,972.216,310.088,709.894,336.212,296.424,298.118,298.196,1024.686,1021.666,801.581,861.213,1049.231,296.974,296.701,295.62,295.735
2242,0.622777778,972.216,310.088,709.894,336.212,296.424,298.118,298.196,1024.686,1021.666,801.581,861.213,1049.231,296.974,296.701,295.62,295.735
2243,0.623055556,972.269,310.12,710.075,336.232,296.404,298.112,298.181,1024.733,1021.7,801.737,861.327,1049.254,296.961,296.686,295.611,295.722
2244,0.623333333,972.269,310.12,710.075,336.232,296.404,298.112,298.181,1024.733,1021.7,801.737,861.327,1049.254,296.961,296.686,295.611,295.722
2245,0.623611111,972.269,310.12,710.075,336.232,296.404,298.112,298.181,1024.733,1021.7,801.737,861.327,1049.254,296.961,296.686,295.611,295.722
2246,0.623888889,971.791,310.172,710.283,336.27,296.407,298.106,298.187,1024.836,1021.75,801.917,861.469,1049.306,296.974,296.692,295.622,295.728
2247,0.624166667,971.791,310.172,710.283,336.27,296.407,298.106,298.187,1024.836,1021.75,801.917,861.469,1049.306,296.974,296.692,295.622,295.728
2248,0.624444444,971.791,310.172,710.283,336.27,296.407,298.106,298.187,1024.836,1021.75,801.917,861.469,1049.306,296.974,296.692,295.622,295.728
2249,0.624722222,971.791,310.172,710.283,336.27,296.407,298.106,298.187,1024.836,1021.75,801.917,861.469,1049.306,296.974,296.692,295.622,295.728
2250,0.625,971.495,310.22,710.468,336.304,296.411,298.107,298.194,1025.132,1021.803,802.085,861.623,1049.38,296.967,296.688,295.628,295.733
2251,0.625277778,971.495,310.22,710.468,336.304,296.411,298.107,298.194,1025.132,1021.803,802.085,861.623,1049.38,296.967,296.688,295.628,295.733
2252,0.625555556,971.495,310.22,710.468,336.304,296.411,298.107,298.194,1025.132,1021.803,802.085,861.623,1049.38,296.967,296.688,295.628,295.733
2253,0.625833333,971.357,310.261,710.688,336.336,296.413,298.099,298.193,1025.386,1021.868,802.241,861.776,1049.427,296.966,296.687,295.629,295.729
2254,0.626111111,971.357,310.261,710.688,336.336,296.413,298.099,298.193,1025.386,1021.868,802.241,861.776,1049.427,296.966,296.687,295.629,295.729
2255,0.626388889,971.357,310.261,710.688,336.336,296.413,298.099,298.193,1025.386,1021.868,802.241,861.776,1049.427,296.966,296.687,295.629,295.729
2256,0.626666667,971.357,310.261,710.688,336.336,296.413,298.099,298.193,1025.386,1021.868,802.241,861.776,1049.427,296.966,296.687,295.629,295.729
2257,0.626944444,971.198,310.308,710.858,336.38,296.421,298.093,298.188,1025.443,1021.914,802.402,861.905,1049.513,296.966,296.696,295.626,295.733
2258,0.627222222,971.198,310.308,710.858,336.38,296.421,298.093,298.188,1025.443,1021.914,802.402,861.905,1049.513,296.966,296.696,295.626,295.733
2259,0.6275,971.198,310.308,710.858,336.38,296.421,298.093,298.188,1025.443,1021.914,802.402,861.905,1049.513,296.966,296.696,295.626,295.733
2260,0.627777778,971.021,310.361,711.057,336.417,296.432,298.102,298.193,1025.475,1022.004,802.573,862.044,1049.573,296.975,296.686,295.633,295.739
2261,0.628055556,971.021,310.361,711.057,336.417,296.432,298.102,298.193,1025.475,1022.004,802.573,862.044,1049.573,296.975,296.686,295.633,295.739
2262,0.628333333,971.021,310.361,711.057,336.417,296.432,298.102,298.193,1025.475,1022.004,802.573,862.044,1049.573,296.975,296.686,295.633,295.739
2263,0.628611111,971.021,310.361,711.057,336.417,296.432,298.102,298.193,1025.475,1022.004,802.573,862.044,1049.573,296.975,296.686,295.633,295.739
2264,0.628888889,971.209,310.397,711.271,336.437,296.415,298.09,298.179,1025.562,1022.064,802.722,862.228,1049.691,296.964,296.684,295.624,295.735
2265,0.629166667,971.209,310.397,711.271,336.437,296.415,298.09,298.179,1025.562,1022.064,802.722,862.228,1049.691,296.964,296.684,295.624,295.735
2266,0.629444444,971.209,310.397,711.271,336.437,296.415,298.09,298.179,1025.562,1022.064,802.722,862.228,1049.691,296.964,296.684,295.624,295.735
2267,0.629722222,971.55,310.448,711.468,336.476,296.414,298.099,298.184,1025.639,1022.148,802.895,862.332,1049.771,296.963,296.683,295.63,295.747
2268,0.63,971.55,310.448,711.468,336.476,296.414,298.099,298.184,1025.639,1022.148,802.895,862.332,1049.771,296.963,296.683,295.63,295.747
2269,0.630277778,971.55,310.448,711.468,336.476,296.414,298.099,298.184,1025.639,1022.148,802.895,862.332,1049.771,296.963,296.683,295.63,295.747
2270,0.630555556,971.55,310.448,711.468,336.476,296.414,298.099,298.184,1025.639,1022.148,802.895,862.332,1049.771,296.963,296.683,295.63,295.747
2271,0.630833333,971.379,310.488,711.645,336.508,296.431,298.089,298.185,1025.748,1022.235,803.057,862.487,1049.855,296.959,296.689,295.638,295.739
2272,0.631111111,971.379,310.488,711.645,336.508,296.431,298.089,298.185,1025.748,1022.235,803.057,862.487,1049.855,296.959,296.689,295.638,295.739
2273,0.631388889,971.379,310.488,711.645,336.508,296.431,298.089,298.185,1025.748,1022.235,803.057,862.487,1049.855,296.959,296.689,295.638,295.739
2274,0.631666667,971.678,310.529,711.894,336.541,296.429,298.091,298.182,1025.941,1022.32,803.211,862.668,1049.982,296.959,296.68,295.629,295.74
2275,0.631944444,971.678,310.529,711.894,336.541,296.429,298.091,298.182,1025.941,1022.32,803.211,862.668,1049.982,296.959,296.68,295.629,295.74
2276,0.632222222,971.678,310.529,711.894,336.541,296.429,298.091,298.182,1025.941,1022.32,803.211,862.668,1049.982,296.959,296.68,295.629,295.74
2277,0.6325,971.678,310.529,711.894,336.541,296.429,298.091,298.182,1025.941,1022.32,803.211,862.668,1049.982,296.959,296.68,295.629,295.74
2278,0.632777778,971.9,310.583,712.117,336.585,296.415,298.098,298.173,1025.892,1022.409,803.372,862.812,1050.096,296.954,296.675,295.639,295.745
2279,0.633055556,971.9,310.583,712.117,336.585,296.415,298.098,298.173,1025.892,1022.409,803.372,862.812,1050.096,296.954,296.675,295.639,295.745
2280,0.633333333,971.9,310.583,712.117,336.585,296.415,298.098,298.173,1025.892,1022.409,803.372,862.812,1050.096,296.954,296.675,295.639,295.745
2281,0.633611111,972.318,310.625,712.32,336.629,296.429,298.093,298.185,1025.792,1022.508,803.55,862.944,1050.189,296.963,296.684,295.64,295.743
2282,0.633888889,972.318,310.625,712.32,336.629,296.429,298.093,298.185,1025.792,1022.508,803.55,862.944,1050.189,296.963,296.684,295.64,295.743
2283,0.634166667,972.318,310.625,712.32,336.629,296.429,298.093,298.185,1025.792,1022.508,803.55,862.944,1050.189,296.963,296.684,295.64,295.743
2284,0.634444444,972.318,310.625,712.32,336.629,296.429,298.093,298.185,1025.792,1022.508,803.55,862.944,1050.189,296.963,296.684,295.64,295.743
2285,0.634722222,972.746,310.679,712.514,336.656,296.437,298.096,298.192,1025.511,1022.609,803.709,863.09,1050.308,296.965,296.682,295.647,295.753
2286,0.635,972.746,310.679,712.514,336.656,296.437,298.096,298.192,1025.511,1022.609,803.709,863.09,1050.308,296.965,296.682,295.647,295.753
2287,0.635277778,972.746,310.679,712.514,336.656,296.437,298.096,298.192,1025.511,1022.609,803.709,863.09,1050.308,296.965,296.682,295.647,295.753
2288,0.635555556,972.562,310.727,712.692,336.694,296.452,298.094,298.184,1025.133,1022.705,803.88,863.236,1050.39,296.958,296.67,295.643,295.746
2289,0.635833333,972.562,310.727,712.692,336.694,296.452,298.094,298.184,1025.133,1022.705,803.88,863.236,1050.39,296.958,296.67,295.643,295.746
2290,0.636111111,972.562,310.727,712.692,336.694,296.452,298.094,298.184,1025.133,1022.705,803.88,863.236,1050.39,296.958,296.67,295.643,295.746
2291,0.636388889,972.562,310.727,712.692,336.694,296.452,298.094,298.184,1025.133,1022.705,803.88,863.236,1050.39,296.958,296.67,295.643,295.746
2292,0.636666667,973.128,310.774,712.916,336.733,296.458,298.1,298.195,1024.893,1022.805,804.069,863.416,1050.468,296.97,296.683,295.642,295.755
2293,0.636944444,973.128,310.774,712.916,336.733,296.458,298.1,298.195,1024.893,1022.805,804.069,863.416,1050.468,296.97,296.683,295.642,295.755
2294,0.637222222,973.128,310.774,712.916,336.733,296.458,298.1,298.195,1024.893,1022.805,804.069,863.416,1050.468,296.97,296.683,295.642,295.755
2295,0.6375,973.353,310.801,713.115,336.758,296.446,298.085,298.186,1024.597,1022.866,804.224,863.529,1050.507,296.959,296.677,295.638,295.754
2296,0.637777778,973.353,310.801,713.115,336.758,296.446,298.085,298.186,1024.597,1022.866,804.224,863.529,1050.507,296.959,296.677,295.638,295.754
2297,0.638055556,973.353,310.801,713.115,336.758,296.446,298.085,298.186,1024.597,1022.866,804.224,863.529,1050.507,296.959,296.677,295.638,295.754
2298,0.638333333,973.353,310.801,713.115,336.758,296.446,298.085,298.186,1024.597,1022.866,804.224,863.529,1050.507,296.959,296.677,295.638,295.754
2299,0.638611111,973.727,310.849,713.307,336.799,296.436,298.08,298.179,1024.155,1022.927,804.384,863.691,1050.548,296.953,296.672,295.641,295.74
2300,0.638888889,973.727,310.849,713.307,336.799,296.436,298.08,298.179,1024.155,1022.927,804.384,863.691,1050.548,296.953,296.672,295.641,295.74
2301,0.639166667,973.727,310.849,713.307,336.799,296.436,298.08,298.179,1024.155,1022.927,804.384,863.691,1050.548,296.953,296.672,295.641,295.74
2302,0.639444444,973.727,310.849,713.307,336.799,296.436,298.08,298.179,1024.155,1022.927,804.384,863.691,1050.548,296.953,296.672,295.641,295.74
2303,0.639722222,973.568,310.906,713.494,336.845,296.443,298.077,298.186,1023.739,1022.993,804.576,863.878,1050.631,296.961,296.679,295.649,295.741
2304,0.64,973.568,310.906,713.494,336.845,296.443,298.077,298.186,1023.739,1022.993,804.576,863.878,1050.631,296.961,296.679,295.649,295.741
2305,0.640277778,973.568,310.906,713.494,336.845,296.443,298.077,298.186,1023.739,1022.993,804.576,863.878,1050.631,296.961,296.679,295.649,295.741
2306,0.640555556,973.645,310.948,713.737,336.892,296.463,298.085,298.208,1023.582,1023.05,804.75,864.059,1050.654,296.958,296.684,295.649,295.764
2307,0.640833333,973.645,310.948,713.737,336.892,296.463,298.085,298.208,1023.582,1023.05,804.75,864.059,1050.654,296.958,296.684,295.649,295.764
2308,0.641111111,973.645,310.948,713.737,336.892,296.463,298.085,298.208,1023.582,1023.05,804.75,864.059,1050.654,296.958,296.684,295.649,295.764
2309,0.641388889,973.645,310.948,713.737,336.892,296.463,298.085,298.208,1023.582,1023.05,804.75,864.059,1050.654,296.958,296.684,295.649,295.764
2310,0.641666667,973.629,311.006,713.951,336.932,296.468,298.091,298.198,1023.654,1023.086,804.934,864.245,1050.691,296.965,296.677,295.652,295.758
2311,0.641944444,973.629,311.006,713.951,336.932,296.468,298.091,298.198,1023.654,1023.086,804.934,864.245,1050.691,296.965,296.677,295.652,295.758
2312,0.642222222,973.629,311.006,713.951,336.932,296.468,298.091,298.198,1023.654,1023.086,804.934,864.245,1050.691,296.965,296.677,295.652,295.758
2313,0.6425,973.35,311.043,714.143,336.968,296.463,298.08,298.198,1023.458,1023.106,805.099,864.361,1050.643,296.961,296.675,295.648,295.756
2314,0.642777778,973.35,311.043,714.143,336.968,296.463,298.08,298.198,1023.458,1023.106,805.099,864.361,1050.643,296.961,296.675,295.648,295.756
2315,0.643055556,973.35,311.043,714.143,336.968,296.463,298.08,298.198,1023.458,1023.106,805.099,864.361,1050.643,296.961,296.675,295.648,295.756
2316,0.643333333,973.35,311.043,714.143,336.968,296.463,298.08,298.198,1023.458,1023.106,805.099,864.361,1050.643,296.961,296.675,295.648,295.756
2317,0.643611111,973.184,311.082,714.34,337.002,296.453,298.074,298.192,1023.106,1023.106,805.27,864.503,1050.629,296.968,296.665,295.643,295.758
2318,0.643888889,973.184,311.082,714.34,337.002,296.453,298.074,298.192,1023.106,1023.106,805.27,864.503,1050.629,296.968,296.665,295.643,295.758
2319,0.644166667,973.184,311.082,714.34,337.002,296.453,298.074,298.192,1023.106,1023.106,805.27,864.503,1050.629,296.968,296.665,295.643,295.758
2320,0.644444444,973.431,311.132,714.525,337.031,296.474,298.063,298.181,1022.771,1023.115,805.441,864.657,1050.606,296.961,296.67,295.647,295.762
2321,0.644722222,973.431,311.132,714.525,337.031,296.474,298.063,298.181,1022.771,1023.115,805.441,864.657,1050.606,296.961,296.67,295.647,295.762
2322,0.645,973.431,311.132,714.525,337.031,296.474,298.063,298.181,1022.771,1023.115,805.441,864.657,1050.606,296.961,296.67,295.647,295.762
2323,0.645277778,973.431,311.132,714.525,337.031,296.474,298.063,298.181,1022.771,1023.115,805.441,864.657,1050.606,296.961,296.67,295.647,295.762
2324,0.645555556,973.517,311.179,714.686,337.094,296.477,298.07,298.185,1022.656,1023.11,805.627,864.793,1050.543,296.975,296.676,295.655,295.762
2325,0.645833333,973.517,311.179,714.686,337.094,296.477,298.07,298.185,1022.656,1023.11,805.627,864.793,1050.543,296.975,296.676,295.655,295.762
2326,0.646111111,973.517,311.179,714.686,337.094,296.477,298.07,298.185,1022.656,1023.11,805.627,864.793,1050.543,296.975,296.676,295.655,295.762
2327,0.646388889,973.536,311.228,714.916,337.137,296.485,298.074,298.191,1022.617,1023.095,805.792,864.978,1050.501,296.976,296.689,295.655,295.764
2328,0.646666667,973.536,311.228,714.916,337.137,296.485,298.074,298.191,1022.617,1023.095,805.792,864.978,1050.501,296.976,296.689,295.655,295.764
2329,0.646944444,973.536,311.228,714.916,337.137,296.485,298.074,298.191,1022.617,1023.095,805.792,864.978,1050.501,296.976,296.689,295.655,295.764
2330,0.647222222,973.536,311.228,714.916,337.137,296.485,298.074,298.191,1022.617,1023.095,805.792,864.978,1050.501,296.976,296.689,295.655,295.764
2331,0.6475,974.143,311.273,715.152,337.167,296.491,298.058,298.189,1022.603,1023.073,805.969,865.098,1050.43,296.979,296.677,295.66,295.761
2332,0.647777778,974.143,311.273,715.152,337.167,296.491,298.058,298.189,1022.603,1023.073,805.969,865.098,1050.43,296.979,296.677,295.66,295.761
2333,0.648055556,974.143,311.273,715.152,337.167,296.491,298.058,298.189,1022.603,1023.073,805.969,865.098,1050.43,296.979,296.677,295.66,295.761
2334,0.648333333,974.482,311.315,715.303,337.195,296.48,298.062,298.18,1022.269,1023.029,806.128,865.258,1050.395,296.973,296.679,295.651,295.774
2335,0.648611111,974.482,311.315,715.303,337.195,296.48,298.062,298.18,1022.269,1023.029,806.128,865.258,1050.395,296.973,296.679,295.651,295.774
2336,0.648888889,974.482,311.315,715.303,337.195,296.48,298.062,298.18,1022.269,1023.029,806.128,865.258,1050.395,296.973,296.679,295.651,295.774
2337,0.649166667,974.482,311.315,715.303,337.195,296.48,298.062,298.18,1022.269,1023.029,806.128,865.258,1050.395,296.973,296.679,295.651,295.774
2338,0.649444444,974.919,311.357,715.547,337.231,296.475,298.068,298.19,1022.167,1022.998,806.313,865.407,1050.36,296.976,296.675,295.652,295.774
2339,0.649722222,974.919,311.357,715.547,337.231,296.475,298.068,298.19,1022.167,1022.998,806.313,865.407,1050.36,296.976,296.675,295.652,295.774
2340,0.65,974.919,311.357,715.547,337.231,296.475,298.068,298.19,1022.167,1022.998,806.313,865.407,1050.36,296.976,296.675,295.652,295.774
2341,0.650277778,974.836,311.404,715.723,337.269,296.486,298.068,298.188,1022.186,1022.975,806.462,865.518,1050.306,296.978,296.68,295.66,295.773
2342,0.650555556,974.836,311.404,715.723,337.269,296.486,298.068,298.188,1022.186,1022.975,806.462,865.518,1050.306,296.978,296.68,295.66,295.773
2343,0.650833333,974.836,311.404,715.723,337.269,296.486,298.068,298.188,1022.186,1022.975,806.462,865.518,1050.306,296.978,296.68,295.66,295.773
2344,0.651111111,974.694,311.444,715.888,337.306,296.486,298.066,298.186,1022.138,1022.94,806.628,865.653,1050.272,296.974,296.678,295.66,295.776
2345,0.651388889,974.694,311.444,715.888,337.306,296.486,298.066,298.186,1022.138,1022.94,806.628,865.653,1050.272,296.974,296.678,295.66,295.776
2346,0.651666667,974.694,311.444,715.888,337.306,296.486,298.066,298.186,1022.138,1022.94,806.628,865.653,1050.272,296.974,296.678,295.66,295.776
2347,0.651944444,974.694,311.444,715.888,337.306,296.486,298.066,298.186,1022.138,1022.94,806.628,865.653,1050.272,296.974,296.678,295.66,295.776
2348,0.652222222,974.741,311.479,716.086,337.319,296.474,298.06,298.177,1021.971,1022.891,806.789,865.794,1050.2,296.968,296.657,295.644,295.751
2349,0.6525,974.741,311.479,716.086,337.319,296.474,298.06,298.177,1021.971,1022.891,806.789,865.794,1050.2,296.968,296.657,295.644,295.751
2350,0.652777778,974.741,311.479,716.086,337.319,296.474,298.06,298.177,1021.971,1022.891,806.789,865.794,1050.2,296.968,296.657,295.644,295.751
2351,0.653055556,974.7,311.55,716.302,337.358,296.498,298.066,298.186,1021.951,1022.874,806.963,865.935,1050.119,296.977,296.68,295.67,295.771
2352,0.653333333,974.7,311.55,716.302,337.358,296.498,298.066,298.186,1021.951,1022.874,806.963,865.935,1050.119,296.977,296.68,295.67,295.771
2353,0.653611111,974.7,311.55,716.302,337.358,296.498,298.066,298.186,1021.951,1022.874,806.963,865.935,1050.119,296.977,296.68,295.67,295.771
2354,0.653888889,974.7,311.55,716.302,337.358,296.498,298.066,298.186,1021.951,1022.874,806.963,865.935,1050.119,296.977,296.68,295.67,295.771
2355,0.654166667,974.481,311.59,716.443,337.396,296.493,298.061,298.181,1021.892,1022.812,807.112,866.028,1050.035,296.976,296.663,295.659,295.771
2356,0.654444444,974.481,311.59,716.443,337.396,296.493,298.061,298.181,1021.892,1022.812,807.112,866.028,1050.035,296.976,296.663,295.659,295.771
2357,0.654722222,974.481,311.59,716.443,337.396,296.493,298.061,298.181,1021.892,1022.812,807.112,866.028,1050.035,296.976,296.663,295.659,295.771
2358,0.655,974.023,311.628,716.667,337.435,296.503,298.062,298.186,1021.968,1022.766,807.252,866.159,1049.972,296.983,296.665,295.66,295.778
2359,0.655277778,974.023,311.628,716.667,337.435,296.503,298.062,298.186,1021.968,1022.766,807.252,866.159,1049.972,296.983,296.665,295.66,295.778
2360,0.655555556,974.023,311.628,716.667,337.435,296.503,298.062,298.186,1021.968,1022.766,807.252,866.159,1049.972,296.983,296.665,295.66,295.778
2361,0.655833333,974.023,311.628,716.667,337.435,296.503,298.062,298.186,1021.968,1022.766,807.252,866.159,1049.972,296.983,296.665,295.66,295.778
2362,0.656111111,974.032,311.674,716.878,337.477,296.517,298.064,298.188,1022.374,1022.703,807.415,866.281,1049.903,296.977,296.675,295.676,295.779
2363,0.656388889,974.032,311.674,716.878,337.477,296.517,298.064,298.188,1022.374,1022.703,807.415,866.281,1049.903,296.977,296.675,295.676,295.779
2364,0.656666667,974.032,311.674,716.878,337.477,296.517,298.064,298.188,1022.374,1022.703,807.415,866.281,1049.903,296.977,296.675,295.676,295.779
2365,0.656944444,974.145,311.717,717.044,337.506,296.509,298.066,298.181,1022.308,1022.648,807.554,866.363,1049.826,296.974,296.675,295.666,295.786
2366,0.657222222,974.145,311.717,717.044,337.506,296.509,298.066,298.181,1022.308,1022.648,807.554,866.363,1049.826,296.974,296.675,295.666,295.786
2367,0.6575,974.145,311.717,717.044,337.506,296.509,298.066,298.181,1022.308,1022.648,807.554,866.363,1049.826,296.974,296.675,295.666,295.786
2368,0.657777778,974.145,311.717,717.044,337.506,296.509,298.066,298.181,1022.308,1022.648,807.554,866.363,1049.826,296.974,296.675,295.666,295.786
2369,0.658055556,974.089,311.767,717.257,337.543,296.516,298.069,298.187,1022.086,1022.597,807.714,866.525,1049.77,296.984,296.683,295.678,295.79
2370,0.658333333,974.089,311.767,717.257,337.543,296.516,298.069,298.187,1022.086,1022.597,807.714,866.525,1049.77,296.984,296.683,295.678,295.79
2371,0.658611111,974.089,311.767,717.257,337.543,296.516,298.069,298.187,1022.086,1022.597,807.714,866.525,1049.77,296.984,296.683,295.678,295.79
2372,0.658888889,973.947,311.807,717.41,337.572,296.5,298.066,298.191,1021.823,1022.549,807.861,866.601,1049.709,296.977,296.683,295.68,295.78
2373,0.659166667,973.947,311.807,717.41,337.572,296.5,298.066,298.191,1021.823,1022.549,807.861,866.601,1049.709,296.977,296.683,295.68,295.78
2374,0.659444444,973.947,311.807,717.41,337.572,296.5,298.066,298.191,1021.823,1022.549,807.861,866.601,1049.709,296.977,296.683,295.68,295.78
2375,0.659722222,973.947,311.807,717.41,337.572,296.5,298.066,298.191,1021.823,1022.549,807.861,866.601,1049.709,296.977,296.683,295.68,295.78
2376,0.66,973.881,311.862,717.598,337.605,296.531,298.072,298.191,1021.703,1022.494,808.012,866.739,1049.668,296.991,296.684,295.673,295.789
2377,0.660277778,973.881,311.862,717.598,337.605,296.531,298.072,298.191,1021.703,1022.494,808.012,866.739,1049.668,296.991,296.684,295.673,295.789
2378,0.660555556,973.881,311.862,717.598,337.605,296.531,298.072,298.191,1021.703,1022.494,808.012,866.739,1049.668,296.991,296.684,295.673,295.789
2379,0.660833333,973.881,311.862,717.598,337.605,296.531,298.072,298.191,1021.703,1022.494,808.012,866.739,1049.668,296.991,296.684,295.673,295.789
2380,0.661111111,973.485,311.904,717.758,337.634,296.523,298.062,298.199,1021.869,1022.454,808.152,866.839,1049.595,296.985,296.687,295.67,295.791
2381,0.661388889,973.485,311.904,717.758,337.634,296.523,298.062,298.199,1021.869,1022.454,808.152,866.839,1049.595,296.985,296.687,295.67,295.791
2382,0.661666667,973.485,311.904,717.758,337.634,296.523,298.062,298.199,1021.869,1022.454,808.152,866.839,1049.595,296.985,296.687,295.67,295.791
2383,0.661944444,973.841,311.943,717.97,337.661,296.526,298.061,298.192,1022.181,1022.416,808.297,866.94,1049.569,296.996,296.68,295.669,295.783
2384,0.662222222,973.841,311.943,717.97,337.661,296.526,298.061,298.192,1022.181,1022.416,808.297,866.94,1049.569,296.996,296.68,295.669,295.783
2385,0.6625,973.841,311.943,717.97,337.661,296.526,298.061,298.192,1022.181,1022.416,808.297,866.94,1049.569,296.996,296.68,295.669,295.783
2386,0.662777778,973.841,311.943,717.97,337.661,296.526,298.061,298.192,1022.181,1022.416,808.297,866.94,1049.569,296.996,296.68,295.669,295.783
2387,0.663055556,973.418,311.993,718.108,337.688,296.527,298.055,298.18,1022.408,1022.374,808.421,867.002,1049.517,296.99,296.691,295.673,295.792
2388,0.663333333,973.418,311.993,718.108,337.688,296.527,298.055,298.18,1022.408,1022.374,808.421,867.002,1049.517,296.99,296.691,295.673,295.792
2389,0.663611111,973.418,311.993,718.108,337.688,296.527,298.055,298.18,1022.408,1022.374,808.421,867.002,1049.517,296.99,296.691,295.673,295.792
2390,0.663888889,972.862,312.031,718.262,337.73,296.528,298.057,298.196,1022.452,1022.351,808.565,867.105,1049.505,296.989,296.685,295.675,295.787
2391,0.664166667,972.862,312.031,718.262,337.73,296.528,298.057,298.196,1022.452,1022.351,808.565,867.105,1049.505,296.989,296.685,295.675,295.787
2392,0.664444444,972.862,312.031,718.262,337.73,296.528,298.057,298.196,1022.452,1022.351,808.565,867.105,1049.505,296.989,296.685,295.675,295.787
2393,0.664722222,972.862,312.031,718.262,337.73,296.528,298.057,298.196,1022.452,1022.351,808.565,867.105,1049.505,296.989,296.685,295.675,295.787
2394,0.665,972.37,312.093,718.49,337.759,296.538,298.063,298.181,1022.45,1022.35,808.689,867.219,1049.514,297.002,296.697,295.683,295.793
2395,0.665277778,972.37,312.093,718.49,337.759,296.538,298.063,298.181,1022.45,1022.35,808.689,867.219,1049.514,297.002,296.697,295.683,295.793
2396,0.665555556,972.37,312.093,718.49,337.759,296.538,298.063,298.181,1022.45,1022.35,808.689,867.219,1049.514,297.002,296.697,295.683,295.793
2397,0.665833333,972.499,312.138,718.674,337.788,296.551,298.063,298.192,1022.402,1022.353,808.817,867.304,1049.499,297.008,296.697,295.686,295.798
2398,0.666111111,972.499,312.138,718.674,337.788,296.551,298.063,298.192,1022.402,1022.353,808.817,867.304,1049.499,297.008,296.697,295.686,295.798
2399,0.666388889,972.499,312.138,718.674,337.788,296.551,298.063,298.192,1022.402,1022.353,808.817,867.304,1049.499,297.008,296.697,295.686,295.798
2400,0.666666667,972.499,312.138,718.674,337.788,296.551,298.063,298.192,1022.402,1022.353,808.817,867.304,1049.499,297.008,296.697,295.686,295.798
2401,0.666944444,972.871,312.181,718.83,337.803,296.538,298.064,298.182,1022.19,1022.345,808.951,867.411,1049.55,297.003,296.696,295.686,295.799
2402,0.667222222,972.871,312.181,718.83,337.803,296.538,298.064,298.182,1022.19,1022.345,808.951,867.411,1049.55,297.003,296.696,295.686,295.799
2403,0.6675,972.871,312.181,718.83,337.803,296.538,298.064,298.182,1022.19,1022.345,808.951,867.411,1049.55,297.003,296.696,295.686,295.799
2404,0.667777778,973.506,312.231,719.015,337.839,296.538,298.061,298.185,1021.999,1022.376,809.08,867.482,1049.562,297.013,296.699,295.682,295.804
2405,0.668055556,973.506,312.231,719.015,337.839,296.538,298.061,298.185,1021.999,1022.376,809.08,867.482,1049.562,297.013,296.699,295.682,295.804
2406,0.668333333,973.506,312.231,719.015,337.839,296.538,298.061,298.185,1021.999,1022.376,809.08,867.482,1049.562,297.013,296.699,295.682,295.804
2407,0.668611111,973.506,312.231,719.015,337.839,296.538,298.061,298.185,1021.999,1022.376,809.08,867.482,1049.562,297.013,296.699,295.682,295.804
2408,0.668888889,973.873,312.267,719.173,337.856,296.546,298.053,298.173,1021.932,1022.389,809.198,867.582,1049.601,297.004,296.698,295.685,295.791
2409,0.669166667,973.873,312.267,719.173,337.856,296.546,298.053,298.173,1021.932,1022.389,809.198,867.582,1049.601,297.004,296.698,295.685,295.791
2410,0.669444444,973.873,312.267,719.173,337.856,296.546,298.053,298.173,1021.932,1022.389,809.198,867.582,1049.601,297.004,296.698,295.685,295.791
2411,0.669722222,973.906,312.323,719.365,337.885,296.554,298.076,298.192,1021.857,1022.426,809.329,867.724,1049.657,297.017,296.714,295.688,295.807
2412,0.67,973.906,312.323,719.365,337.885,296.554,298.076,298.192,1021.857,1022.426,809.329,867.724,1049.657,297.017,296.714,295.688,295.807
2413,0.670277778,973.906,312.323,719.365,337.885,296.554,298.076,298.192,1021.857,1022.426,809.329,867.724,1049.657,297.017,296.714,295.688,295.807
2414,0.670555556,973.906,312.323,719.365,337.885,296.554,298.076,298.192,1021.857,1022.426,809.329,867.724,1049.657,297.017,296.714,295.688,295.807
2415,0.670833333,974.222,312.363,719.547,337.91,296.569,298.072,298.182,1021.894,1022.437,809.464,867.802,1049.663,297.015,296.713,295.7,295.809
2416,0.671111111,974.222,312.363,719.547,337.91,296.569,298.072,298.182,1021.894,1022.437,809.464,867.802,1049.663,297.015,296.713,295.7,295.809
2417,0.671388889,974.222,312.363,719.547,337.91,296.569,298.072,298.182,1021.894,1022.437,809.464,867.802,1049.663,297.015,296.713,295.7,295.809
2418,0.671666667,974.637,312.412,719.734,337.936,296.582,298.069,298.198,1022.239,1022.446,809.599,867.921,1049.678,297.022,296.711,295.704,295.818
2419,0.671944444,974.637,312.412,719.734,337.936,296.582,298.069,298.198,1022.239,1022.446,809.599,867.921,1049.678,297.022,296.711,295.704,295.818
2420,0.672222222,974.637,312.412,719.734,337.936,296.582,298.069,298.198,1022.239,1022.446,809.599,867.921,1049.678,297.022,296.711,295.704,295.818
2421,0.6725,974.922,312.462,719.918,337.963,296.578,298.079,298.197,1021.975,1022.452,809.729,868.004,1049.665,297.026,296.725,295.702,295.819
2422,0.672777778,974.922,312.462,719.918,337.963,296.578,298.079,298.197,1021.975,1022.452,809.729,868.004,1049.665,297.026,296.725,295.702,295.819
2423,0.673055556,974.922,312.462,719.918,337.963,296.578,298.079,298.197,1021.975,1022.452,809.729,868.004,1049.665,297.026,296.725,295.702,295.819
2424,0.673333333,974.922,312.462,719.918,337.963,296.578,298.079,298.197,1021.975,1022.452,809.729,868.004,1049.665,297.026,296.725,295.702,295.819
2425,0.673611111,974.616,312.494,720.085,337.99,296.573,298.087,298.2,1021.683,1022.471,809.86,868.134,1049.662,297.033,296.725,295.706,295.82
2426,0.673888889,974.616,312.494,720.085,337.99,296.573,298.087,298.2,1021.683,1022.471,809.86,868.134,1049.662,297.033,296.725,295.706,295.82
2427,0.674166667,974.616,312.494,720.085,337.99,296.573,298.087,298.2,1021.683,1022.471,809.86,868.134,1049.662,297.033,296.725,295.706,295.82
2428,0.674444444,974.347,312.547,720.257,337.998,296.583,298.077,298.198,1021.32,1022.452,809.985,868.223,1049.616,297.021,296.725,295.699,295.822
2429,0.674722222,974.347,312.547,720.257,337.998,296.583,298.077,298.198,1021.32,1022.452,809.985,868.223,1049.616,297.021,296.725,295.699,295.822
2430,0.675,974.347,312.547,720.257,337.998,296.583,298.077,298.198,1021.32,1022.452,809.985,868.223,1049.616,297.021,296.725,295.699,295.822
2431,0.675277778,974.347,312.547,720.257,337.998,296.583,298.077,298.198,1021.32,1022.452,809.985,868.223,1049.616,297.021,296.725,295.699,295.822
2432,0.675555556,974.008,312.593,720.436,338.038,296.583,298.065,298.182,1021.547,1022.419,810.119,868.346,1049.584,297.027,296.719,295.692,295.821
2433,0.675833333,974.008,312.593,720.436,338.038,296.583,298.065,298.182,1021.547,1022.419,810.119,868.346,1049.584,297.027,296.719,295.692,295.821
2434,0.676111111,974.008,312.593,720.436,338.038,296.583,298.065,298.182,1021.547,1022.419,810.119,868.346,1049.584,297.027,296.719,295.692,295.821
2435,0.676388889,974.008,312.593,720.436,338.038,296.583,298.065,298.182,1021.547,1022.419,810.119,868.346,1049.584,297.027,296.719,295.692,295.821
2436,0.676666667,973.968,312.643,720.628,338.057,296.584,298.062,298.184,1021.541,1022.396,810.252,868.453,1049.512,297.041,296.73,295.703,295.823
2437,0.676944444,973.968,312.643,720.628,338.057,296.584,298.062,298.184,1021.541,1022.396,810.252,868.453,1049.512,297.041,296.73,295.703,295.823
2438,0.677222222,973.968,312.643,720.628,338.057,296.584,298.062,298.184,1021.541,1022.396,810.252,868.453,1049.512,297.041,296.73,295.703,295.823
2439,0.6775,974.066,312.69,720.779,338.08,296.59,298.065,298.19,1021.836,1022.352,810.396,868.554,1049.449,297.035,296.744,295.707,295.82
2440,0.677777778,974.066,312.69,720.779,338.08,296.59,298.065,298.19,1021.836,1022.352,810.396,868.554,1049.449,297.035,296.744,295.707,295.82
2441,0.678055556,974.066,312.69,720.779,338.08,296.59,298.065,298.19,1021.836,1022.352,810.396,868.554,1049.449,297.035,296.744,295.707,295.82
2442,0.678333333,974.066,312.69,720.779,338.08,296.59,298.065,298.19,1021.836,1022.352,810.396,868.554,1049.449,297.035,296.744,295.707,295.82
2443,0.678611111,974.732,312.722,720.944,338.114,296.594,298.057,298.176,1022.003,1022.309,810.515,868.654,1049.361,297.039,296.74,295.704,295.827
2444,0.678888889,974.732,312.722,720.944,338.114,296.594,298.057,298.176,1022.003,1022.309,810.515,868.654,1049.361,297.039,296.74,295.704,295.827
2445,0.679166667,974.732,312.722,720.944,338.114,296.594,298.057,298.176,1022.003,1022.309,810.515,868.654,1049.361,297.039,296.74,295.704,295.827
2446,0.679444444,975.219,312.778,721.105,338.136,296.601,298.063,298.184,1021.526,1022.253,810.667,868.761,1049.279,297.039,296.751,295.707,295.824
2447,0.679722222,975.219,312.778,721.105,338.136,296.601,298.063,298.184,1021.526,1022.253,810.667,868.761,1049.279,297.039,296.751,295.707,295.824
2448,0.68,975.219,312.778,721.105,338.136,296.601,298.063,298.184,1021.526,1022.253,810.667,868.761,1049.279,297.039,296.751,295.707,295.824
2449,0.680277778,975.219,312.778,721.105,338.136,296.601,298.063,298.184,1021.526,1022.253,810.667,868.761,1049.279,297.039,296.751,295.707,295.824
2450,0.680555556,974.866,312.812,721.239,338.163,296.6,298.061,298.175,1021.048,1022.193,810.778,868.846,1049.186,297.034,296.741,295.704,295.818
2451,0.680833333,974.866,312.812,721.239,338.163,296.6,298.061,298.175,1021.048,1022.193,810.778,868.846,1049.186,297.034,296.741,295.704,295.818
2452,0.681111111,974.866,312.812,721.239,338.163,296.6,298.061,298.175,1021.048,1022.193,810.778,868.846,1049.186,297.034,296.741,295.704,295.818
2453,0.681388889,974.5,312.868,721.41,338.206,296.606,298.087,298.201,1020.596,1022.141,810.939,868.978,1049.115,297.052,296.759,295.72,295.837
2454,0.681666667,974.5,312.868,721.41,338.206,296.606,298.087,298.201,1020.596,1022.141,810.939,868.978,1049.115,297.052,296.759,295.72,295.837
2455,0.681944444,974.5,312.868,721.41,338.206,296.606,298.087,298.201,1020.596,1022.141,810.939,868.978,1049.115,297.052,296.759,295.72,295.837
2456,0.682222222,974.5,312.868,721.41,338.206,296.606,298.087,298.201,1020.596,1022.141,810.939,868.978,1049.115,297.052,296.759,295.72,295.837
2457,0.6825,974.348,312.911,721.596,338.227,296.599,298.062,298.185,1020.144,1022.061,811.063,869.072,1049.026,297.048,296.746,295.714,295.836
2458,0.682777778,974.348,312.911,721.596,338.227,296.599,298.062,298.185,1020.144,1022.061,811.063,869.072,1049.026,297.048,296.746,295.714,295.836
2459,0.683055556,974.348,312.911,721.596,338.227,296.599,298.062,298.185,1020.144,1022.061,811.063,869.072,1049.026,297.048,296.746,295.714,295.836
2460,0.683333333,974.447,312.958,721.754,338.266,296.6,298.063,298.196,1019.862,1022,811.198,869.151,1048.917,297.062,296.764,295.714,295.835
2461,0.683611111,974.447,312.958,721.754,338.266,296.6,298.063,298.196,1019.862,1022,811.198,869.151,1048.917,297.062,296.764,295.714,295.835
2462,0.683888889,974.447,312.958,721.754,338.266,296.6,298.063,298.196,1019.862,1022,811.198,869.151,1048.917,297.062,296.764,295.714,295.835
2463,0.684166667,974.447,312.958,721.754,338.266,296.6,298.063,298.196,1019.862,1022,811.198,869.151,1048.917,297.062,296.764,295.714,295.835
2464,0.684444444,974.623,313.001,721.918,338.297,296.59,298.059,298.185,1020.035,1021.918,811.31,869.215,1048.807,297.055,296.756,295.724,295.833
2465,0.684722222,974.623,313.001,721.918,338.297,296.59,298.059,298.185,1020.035,1021.918,811.31,869.215,1048.807,297.055,296.756,295.724,295.833
2466,0.685,974.623,313.001,721.918,338.297,296.59,298.059,298.185,1020.035,1021.918,811.31,869.215,1048.807,297.055,296.756,295.724,295.833
2467,0.685277778,974.973,313.056,722.069,338.327,296.625,298.077,298.193,1020.063,1021.87,811.445,869.326,1048.765,297.072,296.778,295.729,295.839
2468,0.685555556,974.973,313.056,722.069,338.327,296.625,298.077,298.193,1020.063,1021.87,811.445,869.326,1048.765,297.072,296.778,295.729,295.839
2469,0.685833333,974.973,313.056,722.069,338.327,296.625,298.077,298.193,1020.063,1021.87,811.445,869.326,1048.765,297.072,296.778,295.729,295.839
2470,0.686111111,974.973,313.056,722.069,338.327,296.625,298.077,298.193,1020.063,1021.87,811.445,869.326,1048.765,297.072,296.778,295.729,295.839
2471,0.686388889,974.922,313.107,722.226,338.361,296.611,298.08,298.188,1019.771,1021.795,811.559,869.419,1048.684,297.058,296.77,295.728,295.846
2472,0.686666667,974.922,313.107,722.226,338.361,296.611,298.08,298.188,1019.771,1021.795,811.559,869.419,1048.684,297.058,296.77,295.728,295.846
2473,0.686944444,974.922,313.107,722.226,338.361,296.611,298.08,298.188,1019.771,1021.795,811.559,869.419,1048.684,297.058,296.77,295.728,295.846
2474,0.687222222,974.561,313.151,722.401,338.382,296.623,298.079,298.189,1020.033,1021.717,811.684,869.496,1048.597,297.067,296.778,295.733,295.851
2475,0.6875,974.561,313.151,722.401,338.382,296.623,298.079,298.189,1020.033,1021.717,811.684,869.496,1048.597,297.067,296.778,295.733,295.851
2476,0.687777778,974.561,313.151,722.401,338.382,296.623,298.079,298.189,1020.033,1021.717,811.684,869.496,1048.597,297.067,296.778,295.733,295.851
2477,0.688055556,974.561,313.151,722.401,338.382,296.623,298.079,298.189,1020.033,1021.717,811.684,869.496,1048.597,297.067,296.778,295.733,295.851
2478,0.688333333,974.066,313.195,722.552,338.409,296.619,298.079,298.176,1020.618,1021.654,811.797,869.573,1048.531,297.076,296.786,295.725,295.853
2479,0.688611111,974.066,313.195,722.552,338.409,296.619,298.079,298.176,1020.618,1021.654,811.797,869.573,1048.531,297.076,296.786,295.725,295.853
2480,0.688888889,974.066,313.195,722.552,338.409,296.619,298.079,298.176,1020.618,1021.654,811.797,869.573,1048.531,297.076,296.786,295.725,295.853
2481,0.689166667,973.796,313.231,722.722,338.442,296.614,298.075,298.197,1021.153,1021.575,811.915,869.652,1048.451,297.07,296.778,295.731,295.85
2482,0.689444444,973.796,313.231,722.722,338.442,296.614,298.075,298.197,1021.153,1021.575,811.915,869.652,1048.451,297.07,296.778,295.731,295.85
2483,0.689722222,973.796,313.231,722.722,338.442,296.614,298.075,298.197,1021.153,1021.575,811.915,869.652,1048.451,297.07,296.778,295.731,295.85
2484,0.69,973.796,313.231,722.722,338.442,296.614,298.075,298.197,1021.153,1021.575,811.915,869.652,1048.451,297.07,296.778,295.731,295.85
2485,0.690277778,974.323,313.274,722.912,338.468,296.639,298.089,298.17,1020.846,1021.527,812.02,869.759,1048.397,297.071,296.787,295.744,295.856
2486,0.690555556,974.323,313.274,722.912,338.468,296.639,298.089,298.17,1020.846,1021.527,812.02,869.759,1048.397,297.071,296.787,295.744,295.856
2487,0.690833333,974.323,313.274,722.912,338.468,296.639,298.089,298.17,1020.846,1021.527,812.02,869.759,1048.397,297.071,296.787,295.744,295.856
2488,0.691111111,974.561,313.336,723.067,338.493,296.643,298.082,298.191,1020.35,1021.462,812.147,869.849,1048.361,297.084,296.787,295.741,295.857
2489,0.691388889,974.561,313.336,723.067,338.493,296.643,298.082,298.191,1020.35,1021.462,812.147,869.849,1048.361,297.084,296.787,295.741,295.857
2490,0.691666667,974.561,313.336,723.067,338.493,296.643,298.082,298.191,1020.35,1021.462,812.147,869.849,1048.361,297.084,296.787,295.741,295.857
2491,0.691944444,974.561,313.336,723.067,338.493,296.643,298.082,298.191,1020.35,1021.462,812.147,869.849,1048.361,297.084,296.787,295.741,295.857
2492,0.692222222,974.706,313.372,723.217,338.514,296.649,298.078,298.184,1019.973,1021.416,812.253,869.919,1048.28,297.092,296.797,295.736,295.866
2493,0.6925,974.706,313.372,723.217,338.514,296.649,298.078,298.184,1019.973,1021.416,812.253,869.919,1048.28,297.092,296.797,295.736,295.866
2494,0.692777778,974.706,313.372,723.217,338.514,296.649,298.078,298.184,1019.973,1021.416,812.253,869.919,1048.28,297.092,296.797,295.736,295.866
2495,0.693055556,975.027,313.409,723.378,338.546,296.654,298.07,298.19,1019.566,1021.365,812.373,869.99,1048.21,297.092,296.805,295.739,295.865
2496,0.693333333,975.027,313.409,723.378,338.546,296.654,298.07,298.19,1019.566,1021.365,812.373,869.99,1048.21,297.092,296.805,295.739,295.865
2497,0.693611111,975.027,313.409,723.378,338.546,296.654,298.07,298.19,1019.566,1021.365,812.373,869.99,1048.21,297.092,296.805,295.739,295.865
2498,0.693888889,975.027,313.409,723.378,338.546,296.654,298.07,298.19,1019.566,1021.365,812.373,869.99,1048.21,297.092,296.805,295.739,295.865
2499,0.694166667,974.857,313.454,723.516,338.577,296.651,298.064,298.176,1019.604,1021.31,812.477,870.055,1048.14,297.085,296.803,295.737,295.867
2500,0.694444444,974.857,313.454,723.516,338.577,296.651,298.064,298.176,1019.604,1021.31,812.477,870.055,1048.14,297.085,296.803,295.737,295.867
2501,0.694722222,974.857,313.454,723.516,338.577,296.651,298.064,298.176,1019.604,1021.31,812.477,870.055,1048.14,297.085,296.803,295.737,295.867
2502,0.695,974.851,313.518,723.678,338.603,296.659,298.067,298.188,1019.82,1021.255,812.59,870.144,1048.087,297.088,296.806,295.747,295.87
2503,0.695277778,974.851,313.518,723.678,338.603,296.659,298.067,298.188,1019.82,1021.255,812.59,870.144,1048.087,297.088,296.806,295.747,295.87
2504,0.695555556,974.851,313.518,723.678,338.603,296.659,298.067,298.188,1019.82,1021.255,812.59,870.144,1048.087,297.088,296.806,295.747,295.87
2505,0.695833333,974.851,313.518,723.678,338.603,296.659,298.067,298.188,1019.82,1021.255,812.59,870.144,1048.087,297.088,296.806,295.747,295.87
2506,0.696111111,974.806,313.555,723.804,338.641,296.669,298.073,298.187,1019.653,1021.198,812.705,870.228,1048.008,297.101,296.816,295.752,295.876
2507,0.696388889,974.806,313.555,723.804,338.641,296.669,298.073,298.187,1019.653,1021.198,812.705,870.228,1048.008,297.101,296.816,295.752,295.876
2508,0.696666667,974.806,313.555,723.804,338.641,296.669,298.073,298.187,1019.653,1021.198,812.705,870.228,1048.008,297.101,296.816,295.752,295.876
2509,0.696944444,974.564,313.606,723.97,338.668,296.674,298.053,298.176,1019.418,1021.136,812.812,870.272,1047.914,297.1,296.814,295.746,295.876
2510,0.697222222,974.564,313.606,723.97,338.668,296.674,298.053,298.176,1019.418,1021.136,812.812,870.272,1047.914,297.1,296.814,295.746,295.876
2511,0.6975,974.564,313.606,723.97,338.668,296.674,298.053,298.176,1019.418,1021.136,812.812,870.272,1047.914,297.1,296.814,295.746,295.876
2512,0.697777778,974.564,313.606,723.97,338.668,296.674,298.053,298.176,1019.418,1021.136,812.812,870.272,1047.914,297.1,296.814,295.746,295.876
2513,0.698055556,974.251,313.653,724.13,338.68,296.667,298.055,298.179,1019.822,1021.062,812.912,870.338,1047.853,297.107,296.816,295.744,295.876
2514,0.698333333,974.251,313.653,724.13,338.68,296.667,298.055,298.179,1019.822,1021.062,812.912,870.338,1047.853,297.107,296.816,295.744,295.876
2515,0.698611111,974.251,313.653,724.13,338.68,296.667,298.055,298.179,1019.822,1021.062,812.912,870.338,1047.853,297.107,296.816,295.744,295.876
2516,0.698888889,974.216,313.703,724.301,338.718,296.692,298.062,298.176,1019.68,1021.017,813.023,870.396,1047.79,297.105,296.822,295.76,295.878
2517,0.699166667,974.216,313.703,724.301,338.718,296.692,298.062,298.176,1019.68,1021.017,813.023,870.396,1047.79,297.105,296.822,295.76,295.878
2518,0.699444444,974.216,313.703,724.301,338.718,296.692,298.062,298.176,1019.68,1021.017,813.023,870.396,1047.79,297.105,296.822,295.76,295.878
2519,0.699722222,974.216,313.703,724.301,338.718,296.692,298.062,298.176,1019.68,1021.017,813.023,870.396,1047.79,297.105,296.822,295.76,295.878
2520,0.7,973.781,313.744,724.416,338.747,296.684,298.071,298.181,1019.226,1020.973,813.135,870.488,1047.784,297.111,296.836,295.754,295.889
2521,0.700277778,973.781,313.744,724.416,338.747,296.684,298.071,298.181,1019.226,1020.973,813.135,870.488,1047.784,297.111,296.836,295.754,295.889
2522,0.700555556,973.781,313.744,724.416,338.747,296.684,298.071,298.181,1019.226,1020.973,813.135,870.488,1047.784,297.111,296.836,295.754,295.889
2523,0.700833333,973.703,313.777,724.592,338.785,296.685,298.061,298.182,1019.62,1020.919,813.214,870.571,1047.752,297.11,296.833,295.754,295.873
2524,0.701111111,973.703,313.777,724.592,338.785,296.685,298.061,298.182,1019.62,1020.919,813.214,870.571,1047.752,297.11,296.833,295.754,295.873
2525,0.701388889,973.703,313.777,724.592,338.785,296.685,298.061,298.182,1019.62,1020.919,813.214,870.571,1047.752,297.11,296.833,295.754,295.873
2526,0.701666667,973.703,313.777,724.592,338.785,296.685,298.061,298.182,1019.62,1020.919,813.214,870.571,1047.752,297.11,296.833,295.754,295.873
2527,0.701944444,973.881,313.827,724.723,338.816,296.677,298.055,298.169,1020.339,1020.879,813.312,870.63,1047.709,297.117,296.828,295.756,295.873
2528,0.702222222,973.881,313.827,724.723,338.816,296.677,298.055,298.169,1020.339,1020.879,813.312,870.63,1047.709,297.117,296.828,295.756,295.873
2529,0.7025,973.881,313.827,724.723,338.816,296.677,298.055,298.169,1020.339,1020.879,813.312,870.63,1047.709,297.117,296.828,295.756,295.873
2530,0.702777778,974.074,313.879,724.876,338.868,296.691,298.05,298.175,1020.323,1020.857,813.426,870.665,1047.665,297.114,296.835,295.757,295.883
2531,0.703055556,974.074,313.879,724.876,338.868,296.691,298.05,298.175,1020.323,1020.857,813.426,870.665,1047.665,297.114,296.835,295.757,295.883
2532,0.703333333,974.074,313.879,724.876,338.868,296.691,298.05,298.175,1020.323,1020.857,813.426,870.665,1047.665,297.114,296.835,295.757,295.883
2533,0.703611111,974.074,313.879,724.876,338.868,296.691,298.05,298.175,1020.323,1020.857,813.426,870.665,1047.665,297.114,296.835,295.757,295.883
2534,0.703888889,974.168,313.928,725.02,338.902,296.692,298.055,298.171,1020,1020.825,813.521,870.759,1047.675,297.115,296.835,295.761,295.886
2535,0.704166667,974.168,313.928,725.02,338.902,296.692,298.055,298.171,1020,1020.825,813.521,870.759,1047.675,297.115,296.835,295.761,295.886
2536,0.704444444,974.168,313.928,725.02,338.902,296.692,298.055,298.171,1020,1020.825,813.521,870.759,1047.675,297.115,296.835,295.761,295.886
2537,0.704722222,974.174,313.968,725.173,338.946,296.7,298.057,298.182,1019.815,1020.815,813.621,870.822,1047.661,297.124,296.851,295.77,295.894
2538,0.705,974.174,313.968,725.173,338.946,296.7,298.057,298.182,1019.815,1020.815,813.621,870.822,1047.661,297.124,296.851,295.77,295.894
2539,0.705277778,974.174,313.968,725.173,338.946,296.7,298.057,298.182,1019.815,1020.815,813.621,870.822,1047.661,297.124,296.851,295.77,295.894
2540,0.705555556,974.174,313.968,725.173,338.946,296.7,298.057,298.182,1019.815,1020.815,813.621,870.822,1047.661,297.124,296.851,295.77,295.894
2541,0.705833333,974.61,314.004,725.311,338.965,296.688,298.044,298.17,1020.072,1020.804,813.701,870.88,1047.651,297.123,296.844,295.761,295.881
2542,0.706111111,974.61,314.004,725.311,338.965,296.688,298.044,298.17,1020.072,1020.804,813.701,870.88,1047.651,297.123,296.844,295.761,295.881
2543,0.706388889,974.61,314.004,725.311,338.965,296.688,298.044,298.17,1020.072,1020.804,813.701,870.88,1047.651,297.123,296.844,295.761,295.881
2544,0.706666667,975.06,314.056,725.472,339,296.71,298.052,298.178,1020.007,1020.818,813.815,870.971,1047.69,297.137,296.852,295.771,295.907
2545,0.706944444,975.06,314.056,725.472,339,296.71,298.052,298.178,1020.007,1020.818,813.815,870.971,1047.69,297.137,296.852,295.771,295.907
2546,0.707222222,975.06,314.056,725.472,339,296.71,298.052,298.178,1020.007,1020.818,813.815,870.971,1047.69,297.137,296.852,295.771,295.907
2547,0.7075,975.06,314.056,725.472,339,296.71,298.052,298.178,1020.007,1020.818,813.815,870.971,1047.69,297.137,296.852,295.771,295.907
2548,0.707777778,975.399,314.103,725.625,339.022,296.712,298.075,298.176,1019.983,1020.797,813.915,871.046,1047.688,297.135,296.856,295.776,295.906
2549,0.708055556,975.399,314.103,725.625,339.022,296.712,298.075,298.176,1019.983,1020.797,813.915,871.046,1047.688,297.135,296.856,295.776,295.906
2550,0.708333333,975.399,314.103,725.625,339.022,296.712,298.075,298.176,1019.983,1020.797,813.915,871.046,1047.688,297.135,296.856,295.776,295.906
2551,0.708611111,975.76,314.135,725.779,339.034,296.727,298.064,298.18,1020.038,1020.807,814.004,871.109,1047.67,297.137,296.857,295.784,295.904
2552,0.708888889,975.76,314.135,725.779,339.034,296.727,298.064,298.18,1020.038,1020.807,814.004,871.109,1047.67,297.137,296.857,295.784,295.904
2553,0.709166667,975.76,314.135,725.779,339.034,296.727,298.064,298.18,1020.038,1020.807,814.004,871.109,1047.67,297.137,296.857,295.784,295.904
2554,0.709444444,975.76,314.135,725.779,339.034,296.727,298.064,298.18,1020.038,1020.807,814.004,871.109,1047.67,297.137,296.857,295.784,295.904
2555,0.709722222,976.503,314.185,725.907,339.061,296.714,298.052,298.158,1020.167,1020.797,814.113,871.175,1047.668,297.129,296.85,295.768,295.899
2556,0.71,976.503,314.185,725.907,339.061,296.714,298.052,298.158,1020.167,1020.797,814.113,871.175,1047.668,297.129,296.85,295.768,295.899
2557,0.710277778,976.503,314.185,725.907,339.061,296.714,298.052,298.158,1020.167,1020.797,814.113,871.175,1047.668,297.129,296.85,295.768,295.899
2558,0.710555556,976.799,314.239,726.058,339.08,296.735,298.065,298.172,1019.986,1020.804,814.222,871.258,1047.662,297.145,296.865,295.786,295.912
2559,0.710833333,976.799,314.239,726.058,339.08,296.735,298.065,298.172,1019.986,1020.804,814.222,871.258,1047.662,297.145,296.865,295.786,295.912
2560,0.711111111,976.799,314.239,726.058,339.08,296.735,298.065,298.172,1019.986,1020.804,814.222,871.258,1047.662,297.145,296.865,295.786,295.912
2561,0.711388889,976.799,314.239,726.058,339.08,296.735,298.065,298.172,1019.986,1020.804,814.222,871.258,1047.662,297.145,296.865,295.786,295.912
2562,0.711666667,976.881,314.288,726.194,339.098,296.739,298.061,298.175,1019.683,1020.8,814.32,871.339,1047.667,297.149,296.876,295.787,295.91
2563,0.711944444,976.881,314.288,726.194,339.098,296.739,298.061,298.175,1019.683,1020.8,814.32,871.339,1047.667,297.149,296.876,295.787,295.91
2564,0.712222222,976.881,314.288,726.194,339.098,296.739,298.061,298.175,1019.683,1020.8,814.32,871.339,1047.667,297.149,296.876,295.787,295.91
2565,0.7125,976.977,314.326,726.339,339.13,296.742,298.067,298.174,1019.519,1020.793,814.424,871.393,1047.665,297.16,296.876,295.798,295.917
2566,0.712777778,976.977,314.326,726.339,339.13,296.742,298.067,298.174,1019.519,1020.793,814.424,871.393,1047.665,297.16,296.876,295.798,295.917
2567,0.713055556,976.977,314.326,726.339,339.13,296.742,298.067,298.174,1019.519,1020.793,814.424,871.393,1047.665,297.16,296.876,295.798,295.917
2568,0.713333333,976.977,314.326,726.339,339.13,296.742,298.067,298.174,1019.519,1020.793,814.424,871.393,1047.665,297.16,296.876,295.798,295.917
2569,0.713611111,977.373,314.371,726.454,339.141,296.741,298.07,298.172,1019.289,1020.783,814.512,871.471,1047.646,297.151,296.874,295.789,295.908
2570,0.713888889,977.373,314.371,726.454,339.141,296.741,298.07,298.172,1019.289,1020.783,814.512,871.471,1047.646,297.151,296.874,295.789,295.908
2571,0.714166667,977.373,314.371,726.454,339.141,296.741,298.07,298.172,1019.289,1020.783,814.512,871.471,1047.646,297.151,296.874,295.789,295.908
2572,0.714444444,977.735,314.424,726.619,339.171,296.747,298.084,298.185,1019.246,1020.782,814.61,871.556,1047.634,297.156,296.881,295.793,295.917
2573,0.714722222,977.735,314.424,726.619,339.171,296.747,298.084,298.185,1019.246,1020.782,814.61,871.556,1047.634,297.156,296.881,295.793,295.917
2574,0.715,977.735,314.424,726.619,339.171,296.747,298.084,298.185,1019.246,1020.782,814.61,871.556,1047.634,297.156,296.881,295.793,295.917
2575,0.715277778,977.735,314.424,726.619,339.171,296.747,298.084,298.185,1019.246,1020.782,814.61,871.556,1047.634,297.156,296.881,295.793,295.917
2576,0.715555556,978.213,314.471,726.762,339.182,296.764,298.079,298.186,1019.016,1020.779,814.73,871.651,1047.642,297.17,296.887,295.808,295.925
2577,0.715833333,978.213,314.471,726.762,339.182,296.764,298.079,298.186,1019.016,1020.779,814.73,871.651,1047.642,297.17,296.887,295.808,295.925
2578,0.716111111,978.213,314.471,726.762,339.182,296.764,298.079,298.186,1019.016,1020.779,814.73,871.651,1047.642,297.17,296.887,295.808,295.925
2579,0.716388889,978.205,314.499,726.887,339.19,296.755,298.117,298.198,1018.855,1020.756,814.817,871.71,1047.589,297.167,296.881,295.793,295.916
2580,0.716666667,978.205,314.499,726.887,339.19,296.755,298.117,298.198,1018.855,1020.756,814.817,871.71,1047.589,297.167,296.881,295.793,295.916
2581,0.716944444,978.205,314.499,726.887,339.19,296.755,298.117,298.198,1018.855,1020.756,814.817,871.71,1047.589,297.167,296.881,295.793,295.916
2582,0.717222222,978.205,314.499,726.887,339.19,296.755,298.117,298.198,1018.855,1020.756,814.817,871.71,1047.589,297.167,296.881,295.793,295.916
2583,0.7175,977.531,314.552,727.034,339.204,296.761,298.155,298.245,1019.044,1020.751,814.928,871.823,1047.606,297.17,296.89,295.797,295.936
2584,0.717777778,977.531,314.552,727.034,339.204,296.761,298.155,298.245,1019.044,1020.751,814.928,871.823,1047.606,297.17,296.89,295.797,295.936
2585,0.718055556,977.531,314.552,727.034,339.204,296.761,298.155,298.245,1019.044,1020.751,814.928,871.823,1047.606,297.17,296.89,295.797,295.936
2586,0.718333333,977.223,314.596,727.174,339.219,296.77,298.155,298.244,1019.14,1020.747,815.04,871.898,1047.593,297.171,296.892,295.803,295.934
2587,0.718611111,977.223,314.596,727.174,339.219,296.77,298.155,298.244,1019.14,1020.747,815.04,871.898,1047.593,297.171,296.892,295.803,295.934
2588,0.718888889,977.223,314.596,727.174,339.219,296.77,298.155,298.244,1019.14,1020.747,815.04,871.898,1047.593,297.171,296.892,295.803,295.934
2589,0.719166667,977.223,314.596,727.174,339.219,296.77,298.155,298.244,1019.14,1020.747,815.04,871.898,1047.593,297.171,296.892,295.803,295.934
2590,0.719444444,977.018,314.648,727.305,339.239,296.787,298.172,298.267,1019.188,1020.732,815.138,872.002,1047.578,297.177,296.897,295.809,295.944
2591,0.719722222,977.018,314.648,727.305,339.239,296.787,298.172,298.267,1019.188,1020.732,815.138,872.002,1047.578,297.177,296.897,295.809,295.944
2592,0.72,977.018,314.648,727.305,339.239,296.787,298.172,298.267,1019.188,1020.732,815.138,872.002,1047.578,297.177,296.897,295.809,295.944
2593,0.720277778,977.243,314.7,727.422,339.256,296.804,298.163,298.262,1019.102,1020.719,815.244,872.085,1047.55,297.188,296.915,295.812,295.942
2594,0.720555556,977.243,314.7,727.422,339.256,296.804,298.163,298.262,1019.102,1020.719,815.244,872.085,1047.55,297.188,296.915,295.812,295.942
2595,0.720833333,977.243,314.7,727.422,339.256,296.804,298.163,298.262,1019.102,1020.719,815.244,872.085,1047.55,297.188,296.915,295.812,295.942
2596,0.721111111,977.243,314.7,727.422,339.256,296.804,298.163,298.262,1019.102,1020.719,815.244,872.085,1047.55,297.188,296.915,295.812,295.942
2597,0.721388889,977.659,314.735,727.568,339.255,296.788,298.14,298.245,1018.799,1020.686,815.342,872.152,1047.51,297.183,296.912,295.809,295.941
2598,0.721666667,977.659,314.735,727.568,339.255,296.788,298.14,298.245,1018.799,1020.686,815.342,872.152,1047.51,297.183,296.912,295.809,295.941
2599,0.721944444,977.659,314.735,727.568,339.255,296.788,298.14,298.245,1018.799,1020.686,815.342,872.152,1047.51,297.183,296.912,295.809,295.941
2600,0.722222222,977.59,314.782,727.703,339.292,296.804,298.154,298.246,1018.603,1020.662,815.457,872.212,1047.466,297.198,296.917,295.82,295.954
2601,0.7225,977.59,314.782,727.703,339.292,296.804,298.154,298.246,1018.603,1020.662,815.457,872.212,1047.466,297.198,296.917,295.82,295.954
2602,0.722777778,977.59,314.782,727.703,339.292,296.804,298.154,298.246,1018.603,1020.662,815.457,872.212,1047.466,297.198,296.917,295.82,295.954
2603,0.723055556,977.59,314.782,727.703,339.292,296.804,298.154,298.246,1018.603,1020.662,815.457,872.212,1047.466,297.198,296.917,295.82,295.954
2604,0.723333333,977.554,314.827,727.817,339.319,296.832,298.146,298.241,1018.435,1020.641,815.567,872.301,1047.428,297.196,296.919,295.823,295.96
2605,0.723611111,977.554,314.827,727.817,339.319,296.832,298.146,298.241,1018.435,1020.641,815.567,872.301,1047.428,297.196,296.919,295.823,295.96
2606,0.723888889,977.554,314.827,727.817,339.319,296.832,298.146,298.241,1018.435,1020.641,815.567,872.301,1047.428,297.196,296.919,295.823,295.96
2607,0.724166667,977.033,314.893,727.964,339.364,296.842,298.147,298.247,1018.554,1020.619,815.686,872.431,1047.423,297.22,296.942,295.829,295.98
2608,0.724444444,977.033,314.893,727.964,339.364,296.842,298.147,298.247,1018.554,1020.619,815.686,872.431,1047.423,297.22,296.942,295.829,295.98
2609,0.724722222,977.033,314.893,727.964,339.364,296.842,298.147,298.247,1018.554,1020.619,815.686,872.431,1047.423,297.22,296.942,295.829,295.98
2610,0.725,977.033,314.893,727.964,339.364,296.842,298.147,298.247,1018.554,1020.619,815.686,872.431,1047.423,297.22,296.942,295.829,295.98
2611,0.725277778,976.306,314.917,728.092,339.392,296.819,298.129,298.22,1018.721,1020.573,815.792,872.451,1047.335,297.212,296.935,295.828,295.97
2612,0.725555556,976.306,314.917,728.092,339.392,296.819,298.129,298.22,1018.721,1020.573,815.792,872.451,1047.335,297.212,296.935,295.828,295.97
2613,0.725833333,976.306,314.917,728.092,339.392,296.819,298.129,298.22,1018.721,1020.573,815.792,872.451,1047.335,297.212,296.935,295.828,295.97
2614,0.726111111,976.306,314.917,728.092,339.392,296.819,298.129,298.22,1018.721,1020.573,815.792,872.451,1047.335,297.212,296.935,295.828,295.97
2615,0.726388889,976.168,314.97,728.244,339.425,296.835,298.105,298.215,1018.644,1020.529,815.889,872.542,1047.319,297.218,296.94,295.832,295.97
2616,0.726666667,976.168,314.97,728.244,339.425,296.835,298.105,298.215,1018.644,1020.529,815.889,872.542,1047.319,297.218,296.94,295.832,295.97
2617,0.726944444,976.168,314.97,728.244,339.425,296.835,298.105,298.215,1018.644,1020.529,815.889,872.542,1047.319,297.218,296.94,295.832,295.97
2618,0.727222222,976.73,315.005,728.378,339.438,296.848,298.088,298.202,1018.271,1020.491,815.997,872.614,1047.28,297.216,296.942,295.831,295.973
2619,0.7275,976.73,315.005,728.378,339.438,296.848,298.088,298.202,1018.271,1020.491,815.997,872.614,1047.28,297.216,296.942,295.831,295.973
2620,0.727777778,976.73,315.005,728.378,339.438,296.848,298.088,298.202,1018.271,1020.491,815.997,872.614,1047.28,297.216,296.942,295.831,295.973
2621,0.728055556,976.73,315.005,728.378,339.438,296.848,298.088,298.202,1018.271,1020.491,815.997,872.614,1047.28,297.216,296.942,295.831,295.973
2622,0.728333333,977.277,315.054,728.533,339.471,296.876,298.073,298.176,1017.52,1020.469,816.111,872.722,1047.275,297.226,296.951,295.85,295.983
2623,0.728611111,977.277,315.054,728.533,339.471,296.876,298.073,298.176,1017.52,1020.469,816.111,872.722,1047.275,297.226,296.951,295.85,295.983
2624,0.728888889,977.277,315.054,728.533,339.471,296.876,298.073,298.176,1017.52,1020.469,816.111,872.722,1047.275,297.226,296.951,295.85,295.983
2625,0.729166667,977.156,315.104,728.655,339.487,296.867,298.061,298.171,1017.162,1020.451,816.216,872.777,1047.252,297.222,296.953,295.841,295.974
2626,0.729444444,977.156,315.104,728.655,339.487,296.867,298.061,298.171,1017.162,1020.451,816.216,872.777,1047.252,297.222,296.953,295.841,295.974
2627,0.729722222,977.156,315.104,728.655,339.487,296.867,298.061,298.171,1017.162,1020.451,816.216,872.777,1047.252,297.222,296.953,295.841,295.974
2628,0.73,977.156,315.104,728.655,339.487,296.867,298.061,298.171,1017.162,1020.451,816.216,872.777,1047.252,297.222,296.953,295.841,295.974
2629,0.730277778,977.143,315.155,728.805,339.517,296.879,298.049,298.161,1017.159,1020.431,816.32,872.846,1047.227,297.243,296.953,295.853,295.987
2630,0.730555556,977.143,315.155,728.805,339.517,296.879,298.049,298.161,1017.159,1020.431,816.32,872.846,1047.227,297.243,296.953,295.853,295.987
2631,0.730833333,977.143,315.155,728.805,339.517,296.879,298.049,298.161,1017.159,1020.431,816.32,872.846,1047.227,297.243,296.953,295.853,295.987
2632,0.731111111,977.303,315.193,728.936,339.531,296.88,298.043,298.152,1017.441,1020.405,816.418,872.93,1047.198,297.225,296.956,295.845,295.991
2633,0.731388889,977.303,315.193,728.936,339.531,296.88,298.043,298.152,1017.441,1020.405,816.418,872.93,1047.198,297.225,296.956,295.845,295.991
2634,0.731666667,977.303,315.193,728.936,339.531,296.88,298.043,298.152,1017.441,1020.405,816.418,872.93,1047.198,297.225,296.956,295.845,295.991
2635,0.731944444,977.303,315.193,728.936,339.531,296.88,298.043,298.152,1017.441,1020.405,816.418,872.93,1047.198,297.225,296.956,295.845,295.991
2636,0.732222222,977.757,315.245,729.076,339.564,296.898,298.053,298.161,1017.332,1020.385,816.524,873.019,1047.183,297.25,296.959,295.861,296.002
2637,0.7325,977.757,315.245,729.076,339.564,296.898,298.053,298.161,1017.332,1020.385,816.524,873.019,1047.183,297.25,296.959,295.861,296.002
2638,0.732777778,977.757,315.245,729.076,339.564,296.898,298.053,298.161,1017.332,1020.385,816.524,873.019,1047.183,297.25,296.959,295.861,296.002
2639,0.733055556,977.46,315.29,729.186,339.588,296.905,298.048,298.148,1017.175,1020.358,816.619,873.048,1047.126,297.25,296.968,295.862,295.997
2640,0.733333333,977.46,315.29,729.186,339.588,296.905,298.048,298.148,1017.175,1020.358,816.619,873.048,1047.126,297.25,296.968,295.862,295.997
2641,0.733611111,977.46,315.29,729.186,339.588,296.905,298.048,298.148,1017.175,1020.358,816.619,873.048,1047.126,297.25,296.968,295.862,295.997
2642,0.733888889,976.737,315.333,729.333,339.612,296.912,298.059,298.163,1017.557,1020.314,816.724,873.131,1047.075,297.253,296.982,295.862,296.001
2643,0.734166667,976.737,315.333,729.333,339.612,296.912,298.059,298.163,1017.557,1020.314,816.724,873.131,1047.075,297.253,296.982,295.862,296.001
2644,0.734444444,976.737,315.333,729.333,339.612,296.912,298.059,298.163,1017.557,1020.314,816.724,873.131,1047.075,297.253,296.982,295.862,296.001
2645,0.734722222,976.737,315.333,729.333,339.612,296.912,298.059,298.163,1017.557,1020.314,816.724,873.131,1047.075,297.253,296.982,295.862,296.001
2646,0.735,976.241,315.373,729.452,339.628,296.919,298.062,298.154,1017.871,1020.264,816.817,873.223,1047.045,297.254,296.978,295.862,296.004
2647,0.735277778,976.241,315.373,729.452,339.628,296.919,298.062,298.154,1017.871,1020.264,816.817,873.223,1047.045,297.254,296.978,295.862,296.004
2648,0.735555556,976.241,315.373,729.452,339.628,296.919,298.062,298.154,1017.871,1020.264,816.817,873.223,1047.045,297.254,296.978,295.862,296.004
2649,0.735833333,976.241,315.373,729.452,339.628,296.919,298.062,298.154,1017.871,1020.264,816.817,873.223,1047.045,297.254,296.978,295.862,296.004
2650,0.736111111,976.078,315.409,729.56,339.657,296.933,298.06,298.151,1018.454,1020.234,816.918,873.273,1046.985,297.257,296.991,295.874,296.014
2651,0.736388889,976.078,315.409,729.56,339.657,296.933,298.06,298.151,1018.454,1020.234,816.918,873.273,1046.985,297.257,296.991,295.874,296.014
2652,0.736666667,976.078,315.409,729.56,339.657,296.933,298.06,298.151,1018.454,1020.234,816.918,873.273,1046.985,297.257,296.991,295.874,296.014
2653,0.736944444,975.08,315.453,729.594,339.676,296.93,298.062,298.155,1018.446,1020.185,817.013,873.363,1046.96,297.251,296.981,295.856,296.011
2654,0.737222222,975.08,315.453,729.594,339.676,296.93,298.062,298.155,1018.446,1020.185,817.013,873.363,1046.96,297.251,296.981,295.856,296.011
2655,0.7375,975.08,315.453,729.594,339.676,296.93,298.062,298.155,1018.446,1020.185,817.013,873.363,1046.96,297.251,296.981,295.856,296.011
2656,0.737777778,974.287,315.512,729.714,339.716,296.97,298.086,298.17,1018.72,1020.179,817.109,873.419,1046.956,297.277,296.997,295.894,296.03
2657,0.738055556,974.287,315.512,729.714,339.716,296.97,298.086,298.17,1018.72,1020.179,817.109,873.419,1046.956,297.277,296.997,295.894,296.03
2658,0.738333333,974.287,315.512,729.714,339.716,296.97,298.086,298.17,1018.72,1020.179,817.109,873.419,1046.956,297.277,296.997,295.894,296.03
2659,0.738611111,974.287,315.512,729.714,339.716,296.97,298.086,298.17,1018.72,1020.179,817.109,873.419,1046.956,297.277,296.997,295.894,296.03
2660,0.738888889,973.852,315.55,729.819,339.734,296.971,298.091,298.172,1018.832,1020.157,817.206,873.484,1046.939,297.268,297.006,295.886,296.027
2661,0.739166667,973.852,315.55,729.819,339.734,296.971,298.091,298.172,1018.832,1020.157,817.206,873.484,1046.939,297.268,297.006,295.886,296.027
2662,0.739444444,973.852,315.55,729.819,339.734,296.971,298.091,298.172,1018.832,1020.157,817.206,873.484,1046.939,297.268,297.006,295.886,296.027
2663,0.739722222,973.814,315.6,729.941,339.746,296.971,298.094,298.165,1018.522,1020.152,817.291,873.536,1046.949,297.279,297.005,295.887,296.03
2664,0.74,973.814,315.6,729.941,339.746,296.971,298.094,298.165,1018.522,1020.152,817.291,873.536,1046.949,297.279,297.005,295.887,296.03
2665,0.740277778,973.814,315.6,729.941,339.746,296.971,298.094,298.165,1018.522,1020.152,817.291,873.536,1046.949,297.279,297.005,295.887,296.03
2666,0.740555556,973.814,315.6,729.941,339.746,296.971,298.094,298.165,1018.522,1020.152,817.291,873.536,1046.949,297.279,297.005,295.887,296.03
2667,0.740833333,974.126,315.651,730.03,339.769,296.998,298.088,298.165,1018.389,1020.17,817.381,873.598,1046.966,297.284,297.015,295.909,296.033
2668,0.741111111,974.126,315.651,730.03,339.769,296.998,298.088,298.165,1018.389,1020.17,817.381,873.598,1046.966,297.284,297.015,295.909,296.033
2669,0.741388889,974.126,315.651,730.03,339.769,296.998,298.088,298.165,1018.389,1020.17,817.381,873.598,1046.966,297.284,297.015,295.909,296.033
2670,0.741666667,974.163,315.688,730.183,339.798,297.003,298.092,298.165,1018.304,1020.194,817.485,873.667,1047.015,297.295,297.018,295.908,296.043
2671,0.741944444,974.163,315.688,730.183,339.798,297.003,298.092,298.165,1018.304,1020.194,817.485,873.667,1047.015,297.295,297.018,295.908,296.043
2672,0.742222222,974.163,315.688,730.183,339.798,297.003,298.092,298.165,1018.304,1020.194,817.485,873.667,1047.015,297.295,297.018,295.908,296.043
2673,0.7425,974.163,315.688,730.183,339.798,297.003,298.092,298.165,1018.304,1020.194,817.485,873.667,1047.015,297.295,297.018,295.908,296.043
2674,0.742777778,974.02,315.728,730.32,339.808,297.002,298.08,298.158,1018.684,1020.2,817.572,873.718,1047.052,297.293,297.024,295.906,296.044
2675,0.743055556,974.02,315.728,730.32,339.808,297.002,298.08,298.158,1018.684,1020.2,817.572,873.718,1047.052,297.293,297.024,295.906,296.044
2676,0.743333333,974.02,315.728,730.32,339.808,297.002,298.08,298.158,1018.684,1020.2,817.572,873.718,1047.052,297.293,297.024,295.906,296.044
2677,0.743611111,973.627,315.784,730.444,339.843,297.026,298.091,298.166,1018.576,1020.238,817.673,873.803,1047.104,297.295,297.029,295.919,296.055
2678,0.743888889,973.627,315.784,730.444,339.843,297.026,298.091,298.166,1018.576,1020.238,817.673,873.803,1047.104,297.295,297.029,295.919,296.055
2679,0.744166667,973.627,315.784,730.444,339.843,297.026,298.091,298.166,1018.576,1020.238,817.673,873.803,1047.104,297.295,297.029,295.919,296.055
2680,0.744444444,973.627,315.784,730.444,339.843,297.026,298.091,298.166,1018.576,1020.238,817.673,873.803,1047.104,297.295,297.029,295.919,296.055
2681,0.744722222,973.257,315.836,730.57,339.851,297.045,298.089,298.169,1018.372,1020.276,817.763,873.878,1047.159,297.312,297.035,295.918,296.059
2682,0.745,973.257,315.836,730.57,339.851,297.045,298.089,298.169,1018.372,1020.276,817.763,873.878,1047.159,297.312,297.035,295.918,296.059
2683,0.745277778,973.257,315.836,730.57,339.851,297.045,298.089,298.169,1018.372,1020.276,817.763,873.878,1047.159,297.312,297.035,295.918,296.059
2684,0.745555556,972.851,315.87,730.699,339.88,297.063,298.077,298.164,1018.402,1020.315,817.855,873.915,1047.201,297.31,297.043,295.922,296.065
2685,0.745833333,972.851,315.87,730.699,339.88,297.063,298.077,298.164,1018.402,1020.315,817.855,873.915,1047.201,297.31,297.043,295.922,296.065
2686,0.746111111,972.851,315.87,730.699,339.88,297.063,298.077,298.164,1018.402,1020.315,817.855,873.915,1047.201,297.31,297.043,295.922,296.065
2687,0.746388889,972.851,315.87,730.699,339.88,297.063,298.077,298.164,1018.402,1020.315,817.855,873.915,1047.201,297.31,297.043,295.922,296.065
2688,0.746666667,973.046,315.925,730.802,339.91,297.087,298.082,298.161,1018.452,1020.346,817.964,873.996,1047.237,297.325,297.051,295.932,296.069
2689,0.746944444,973.046,315.925,730.802,339.91,297.087,298.082,298.161,1018.452,1020.346,817.964,873.996,1047.237,297.325,297.051,295.932,296.069
2690,0.747222222,973.046,315.925,730.802,339.91,297.087,298.082,298.161,1018.452,1020.346,817.964,873.996,1047.237,297.325,297.051,295.932,296.069
2691,0.7475,972.908,315.962,730.921,339.93,297.089,298.067,298.159,1018.692,1020.378,818.045,874.095,1047.303,297.329,297.058,295.94,296.074
2692,0.747777778,972.908,315.962,730.921,339.93,297.089,298.067,298.159,1018.692,1020.378,818.045,874.095,1047.303,297.329,297.058,295.94,296.074
2693,0.748055556,972.908,315.962,730.921,339.93,297.089,298.067,298.159,1018.692,1020.378,818.045,874.095,1047.303,297.329,297.058,295.94,296.074
2694,0.748333333,972.908,315.962,730.921,339.93,297.089,298.067,298.159,1018.692,1020.378,818.045,874.095,1047.303,297.329,297.058,295.94,296.074
2695,0.748611111,973.075,316,731.059,339.942,297.09,298.063,298.145,1018.863,1020.404,818.141,874.152,1047.316,297.316,297.05,295.929,296.072
2696,0.748888889,973.075,316,731.059,339.942,297.09,298.063,298.145,1018.863,1020.404,818.141,874.152,1047.316,297.316,297.05,295.929,296.072
2697,0.749166667,973.075,316,731.059,339.942,297.09,298.063,298.145,1018.863,1020.404,818.141,874.152,1047.316,297.316,297.05,295.929,296.072
2698,0.749444444,973.26,316.047,731.212,339.968,297.104,298.069,298.156,1019.115,1020.449,818.229,874.242,1047.399,297.333,297.061,295.928,296.086
2699,0.749722222,973.26,316.047,731.212,339.968,297.104,298.069,298.156,1019.115,1020.449,818.229,874.242,1047.399,297.333,297.061,295.928,296.086
2700,0.75,973.26,316.047,731.212,339.968,297.104,298.069,298.156,1019.115,1020.449,818.229,874.242,1047.399,297.333,297.061,295.928,296.086
2701,0.750277778,973.26,316.047,731.212,339.968,297.104,298.069,298.156,1019.115,1020.449,818.229,874.242,1047.399,297.333,297.061,295.928,296.086
2702,0.750555556,972.864,316.099,731.334,339.983,297.111,298.07,298.143,1018.911,1020.503,818.321,874.313,1047.432,297.331,297.063,295.95,296.082
2703,0.750833333,972.864,316.099,731.334,339.983,297.111,298.07,298.143,1018.911,1020.503,818.321,874.313,1047.432,297.331,297.063,295.95,296.082
2704,0.751111111,972.864,316.099,731.334,339.983,297.111,298.07,298.143,1018.911,1020.503,818.321,874.313,1047.432,297.331,297.063,295.95,296.082
2705,0.751388889,972.999,316.141,731.472,340.007,297.127,298.061,298.151,1018.596,1020.537,818.421,874.388,1047.481,297.333,297.068,295.946,296.092
2706,0.751666667,972.999,316.141,731.472,340.007,297.127,298.061,298.151,1018.596,1020.537,818.421,874.388,1047.481,297.333,297.068,295.946,296.092
2707,0.751944444,972.999,316.141,731.472,340.007,297.127,298.061,298.151,1018.596,1020.537,818.421,874.388,1047.481,297.333,297.068,295.946,296.092
2708,0.752222222,972.999,316.141,731.472,340.007,297.127,298.061,298.151,1018.596,1020.537,818.421,874.388,1047.481,297.333,297.068,295.946,296.092
2709,0.7525,973.174,316.195,731.565,340.017,297.152,298.061,298.154,1018.44,1020.583,818.529,874.489,1047.544,297.347,297.089,295.949,296.104
2710,0.752777778,973.174,316.195,731.565,340.017,297.152,298.061,298.154,1018.44,1020.583,818.529,874.489,1047.544,297.347,297.089,295.949,296.104
2711,0.753055556,973.174,316.195,731.565,340.017,297.152,298.061,298.154,1018.44,1020.583,818.529,874.489,1047.544,297.347,297.089,295.949,296.104
2712,0.753333333,973.58,316.233,731.711,340.01,297.142,298.058,298.143,1018.209,1020.611,818.616,874.547,1047.572,297.34,297.085,295.958,296.097
2713,0.753611111,973.58,316.233,731.711,340.01,297.142,298.058,298.143,1018.209,1020.611,818.616,874.547,1047.572,297.34,297.085,295.958,296.097
2714,0.753888889,973.58,316.233,731.711,340.01,297.142,298.058,298.143,1018.209,1020.611,818.616,874.547,1047.572,297.34,297.085,295.958,296.097
2715,0.754166667,973.58,316.233,731.711,340.01,297.142,298.058,298.143,1018.209,1020.611,818.616,874.547,1047.572,297.34,297.085,295.958,296.097
2716,0.754444444,973.617,316.274,731.85,340.039,297.16,298.056,298.141,1018.126,1020.647,818.726,874.629,1047.601,297.353,297.088,295.961,296.11
2717,0.754722222,973.617,316.274,731.85,340.039,297.16,298.056,298.141,1018.126,1020.647,818.726,874.629,1047.601,297.353,297.088,295.961,296.11
2718,0.755,973.617,316.274,731.85,340.039,297.16,298.056,298.141,1018.126,1020.647,818.726,874.629,1047.601,297.353,297.088,295.961,296.11
2719,0.755277778,973.607,316.313,731.968,340.053,297.167,298.043,298.142,1018.092,1020.677,818.824,874.708,1047.622,297.346,297.086,295.961,296.099
2720,0.755555556,973.607,316.313,731.968,340.053,297.167,298.043,298.142,1018.092,1020.677,818.824,874.708,1047.622,297.346,297.086,295.961,296.099
2721,0.755833333,973.607,316.313,731.968,340.053,297.167,298.043,298.142,1018.092,1020.677,818.824,874.708,1047.622,297.346,297.086,295.961,296.099
2722,0.756111111,973.607,316.313,731.968,340.053,297.167,298.043,298.142,1018.092,1020.677,818.824,874.708,1047.622,297.346,297.086,295.961,296.099
2723,0.756388889,973.935,316.369,732.1,340.065,297.182,298.055,298.141,1018.453,1020.714,818.924,874.793,1047.645,297.372,297.099,295.973,296.113
2724,0.756666667,973.935,316.369,732.1,340.065,297.182,298.055,298.141,1018.453,1020.714,818.924,874.793,1047.645,297.372,297.099,295.973,296.113
2725,0.756944444,973.935,316.369,732.1,340.065,297.182,298.055,298.141,1018.453,1020.714,818.924,874.793,1047.645,297.372,297.099,295.973,296.113
2726,0.757222222,973.808,316.4,732.194,340.074,297.175,298.057,298.138,1018.173,1020.729,819.024,874.857,1047.668,297.366,297.105,295.972,296.107
2727,0.7575,973.808,316.4,732.194,340.074,297.175,298.057,298.138,1018.173,1020.729,819.024,874.857,1047.668,297.366,297.105,295.972,296.107
2728,0.757777778,973.808,316.4,732.194,340.074,297.175,298.057,298.138,1018.173,1020.729,819.024,874.857,1047.668,297.366,297.105,295.972,296.107
2729,0.758055556,973.808,316.4,732.194,340.074,297.175,298.057,298.138,1018.173,1020.729,819.024,874.857,1047.668,297.366,297.105,295.972,296.107
2730,0.758333333,973.762,316.451,732.334,340.073,297.212,298.052,298.137,1018.4,1020.756,819.138,874.989,1047.705,297.381,297.115,295.977,296.128
2731,0.758611111,973.762,316.451,732.334,340.073,297.212,298.052,298.137,1018.4,1020.756,819.138,874.989,1047.705,297.381,297.115,295.977,296.128
2732,0.758888889,973.762,316.451,732.334,340.073,297.212,298.052,298.137,1018.4,1020.756,819.138,874.989,1047.705,297.381,297.115,295.977,296.128
2733,0.759166667,974.085,316.491,732.477,340.085,297.216,298.056,298.131,1018.577,1020.773,819.248,875.057,1047.703,297.373,297.104,295.983,296.12
2734,0.759444444,974.085,316.491,732.477,340.085,297.216,298.056,298.131,1018.577,1020.773,819.248,875.057,1047.703,297.373,297.104,295.983,296.12
2735,0.759722222,974.085,316.491,732.477,340.085,297.216,298.056,298.131,1018.577,1020.773,819.248,875.057,1047.703,297.373,297.104,295.983,296.12
2736,0.76,974.085,316.491,732.477,340.085,297.216,298.056,298.131,1018.577,1020.773,819.248,875.057,1047.703,297.373,297.104,295.983,296.12
2737,0.760277778,974.477,316.54,732.613,340.102,297.236,298.045,298.132,1018.431,1020.803,819.35,875.147,1047.739,297.383,297.118,295.986,296.131
2738,0.760555556,974.477,316.54,732.613,340.102,297.236,298.045,298.132,1018.431,1020.803,819.35,875.147,1047.739,297.383,297.118,295.986,296.131
2739,0.760833333,974.477,316.54,732.613,340.102,297.236,298.045,298.132,1018.431,1020.803,819.35,875.147,1047.739,297.383,297.118,295.986,296.131
2740,0.761111111,974.717,316.578,732.745,340.113,297.228,298.047,298.128,1018.301,1020.811,819.448,875.277,1047.776,297.387,297.128,295.983,296.136
2741,0.761388889,974.717,316.578,732.745,340.113,297.228,298.047,298.128,1018.301,1020.811,819.448,875.277,1047.776,297.387,297.128,295.983,296.136
2742,0.761666667,974.717,316.578,732.745,340.113,297.228,298.047,298.128,1018.301,1020.811,819.448,875.277,1047.776,297.387,297.128,295.983,296.136
2743,0.761944444,974.717,316.578,732.745,340.113,297.228,298.047,298.128,1018.301,1020.811,819.448,875.277,1047.776,297.387,297.128,295.983,296.136
2744,0.762222222,975.122,316.637,732.879,340.15,297.268,298.057,298.142,1017.999,1020.848,819.574,875.347,1047.782,297.396,297.132,296.002,296.156
2745,0.7625,975.122,316.637,732.879,340.15,297.268,298.057,298.142,1017.999,1020.848,819.574,875.347,1047.782,297.396,297.132,296.002,296.156
2746,0.762777778,975.122,316.637,732.879,340.15,297.268,298.057,298.142,1017.999,1020.848,819.574,875.347,1047.782,297.396,297.132,296.002,296.156
2747,0.763055556,975.155,316.677,733.007,340.153,297.259,298.036,298.129,1017.585,1020.849,819.669,875.426,1047.773,297.391,297.129,296,296.143
2748,0.763333333,975.155,316.677,733.007,340.153,297.259,298.036,298.129,1017.585,1020.849,819.669,875.426,1047.773,297.391,297.129,296,296.143
2749,0.763611111,975.155,316.677,733.007,340.153,297.259,298.036,298.129,1017.585,1020.849,819.669,875.426,1047.773,297.391,297.129,296,296.143
2750,0.763888889,975.155,316.677,733.007,340.153,297.259,298.036,298.129,1017.585,1020.849,819.669,875.426,1047.773,297.391,297.129,296,296.143
2751,0.764166667,974.799,316.719,733.137,340.18,297.28,298.037,298.141,1017.525,1020.87,819.775,875.511,1047.762,297.404,297.145,296.004,296.152
2752,0.764444444,974.799,316.719,733.137,340.18,297.28,298.037,298.141,1017.525,1020.87,819.775,875.511,1047.762,297.404,297.145,296.004,296.152
2753,0.764722222,974.799,316.719,733.137,340.18,297.28,298.037,298.141,1017.525,1020.87,819.775,875.511,1047.762,297.404,297.145,296.004,296.152
2754,0.765,974.799,316.719,733.137,340.18,297.28,298.037,298.141,1017.525,1020.87,819.775,875.511,1047.762,297.404,297.145,296.004,296.152
2755,0.765277778,974.428,316.757,733.271,340.203,297.297,298.042,298.133,1017.749,1020.88,819.894,875.595,1047.759,297.408,297.151,296.007,296.158
2756,0.765555556,974.428,316.757,733.271,340.203,297.297,298.042,298.133,1017.749,1020.88,819.894,875.595,1047.759,297.408,297.151,296.007,296.158
2757,0.765833333,974.428,316.757,733.271,340.203,297.297,298.042,298.133,1017.749,1020.88,819.894,875.595,1047.759,297.408,297.151,296.007,296.158
2758,0.766111111,975.063,316.803,733.393,340.209,297.291,298.022,298.114,1018.077,1020.869,819.985,875.681,1047.761,297.412,297.153,296.003,296.155
2759,0.766388889,975.063,316.803,733.393,340.209,297.291,298.022,298.114,1018.077,1020.869,819.985,875.681,1047.761,297.412,297.153,296.003,296.155
2760,0.766666667,975.063,316.803,733.393,340.209,297.291,298.022,298.114,1018.077,1020.869,819.985,875.681,1047.761,297.412,297.153,296.003,296.155
2761,0.766944444,975.122,316.856,733.507,340.229,297.309,298.025,298.119,1018.238,1020.865,820.079,875.761,1047.769,297.42,297.168,296.009,296.163
2762,0.767222222,975.122,316.856,733.507,340.229,297.309,298.025,298.119,1018.238,1020.865,820.079,875.761,1047.769,297.42,297.168,296.009,296.163
2763,0.7675,975.122,316.856,733.507,340.229,297.309,298.025,298.119,1018.238,1020.865,820.079,875.761,1047.769,297.42,297.168,296.009,296.163
2764,0.767777778,975.122,316.856,733.507,340.229,297.309,298.025,298.119,1018.238,1020.865,820.079,875.761,1047.769,297.42,297.168,296.009,296.163
2765,0.768055556,975.038,316.897,733.639,340.242,297.306,298.041,298.127,1018.127,1020.864,820.195,875.831,1047.721,297.428,297.164,296.014,296.164
2766,0.768333333,975.038,316.897,733.639,340.242,297.306,298.041,298.127,1018.127,1020.864,820.195,875.831,1047.721,297.428,297.164,296.014,296.164
2767,0.768611111,975.038,316.897,733.639,340.242,297.306,298.041,298.127,1018.127,1020.864,820.195,875.831,1047.721,297.428,297.164,296.014,296.164
2768,0.768888889,975.038,316.897,733.639,340.242,297.306,298.041,298.127,1018.127,1020.864,820.195,875.831,1047.721,297.428,297.164,296.014,296.164
2769,0.769166667,975.421,316.939,733.769,340.268,297.32,298.044,298.114,1018.199,1020.848,820.291,875.92,1047.723,297.428,297.165,296.018,296.177
2770,0.769444444,975.421,316.939,733.769,340.268,297.32,298.044,298.114,1018.199,1020.848,820.291,875.92,1047.723,297.428,297.165,296.018,296.177
2771,0.769722222,975.421,316.939,733.769,340.268,297.32,298.044,298.114,1018.199,1020.848,820.291,875.92,1047.723,297.428,297.165,296.018,296.177
2772,0.77,975.294,316.978,733.895,340.29,297.329,298.049,298.134,1018.751,1020.852,820.395,876.006,1047.707,297.435,297.177,296.021,296.176
2773,0.770277778,975.294,316.978,733.895,340.29,297.329,298.049,298.134,1018.751,1020.852,820.395,876.006,1047.707,297.435,297.177,296.021,296.176
2774,0.770555556,975.294,316.978,733.895,340.29,297.329,298.049,298.134,1018.751,1020.852,820.395,876.006,1047.707,297.435,297.177,296.021,296.176
2775,0.770833333,975.126,317.029,734.01,340.292,297.347,298.046,298.127,1018.962,1020.85,820.48,876.114,1047.737,297.437,297.172,296.035,296.188
2776,0.771111111,975.126,317.029,734.01,340.292,297.347,298.046,298.127,1018.962,1020.85,820.48,876.114,1047.737,297.437,297.172,296.035,296.188
2777,0.771388889,975.126,317.029,734.01,340.292,297.347,298.046,298.127,1018.962,1020.85,820.48,876.114,1047.737,297.437,297.172,296.035,296.188
2778,0.771666667,975.126,317.029,734.01,340.292,297.347,298.046,298.127,1018.962,1020.85,820.48,876.114,1047.737,297.437,297.172,296.035,296.188
2779,0.771944444,975.303,317.063,734.141,340.302,297.362,298.041,298.125,1018.835,1020.854,820.579,876.181,1047.732,297.446,297.191,296.038,296.19
2780,0.772222222,975.303,317.063,734.141,340.302,297.362,298.041,298.125,1018.835,1020.854,820.579,876.181,1047.732,297.446,297.191,296.038,296.19
2781,0.7725,975.303,317.063,734.141,340.302,297.362,298.041,298.125,1018.835,1020.854,820.579,876.181,1047.732,297.446,297.191,296.038,296.19
2782,0.772777778,975.303,317.063,734.141,340.302,297.362,298.041,298.125,1018.835,1020.854,820.579,876.181,1047.732,297.446,297.191,296.038,296.19
2783,0.773055556,974.96,317.118,734.245,340.33,297.377,298.042,298.123,1018.891,1020.862,820.682,876.245,1047.713,297.461,297.196,296.045,296.192
2784,0.773333333,974.96,317.118,734.245,340.33,297.377,298.042,298.123,1018.891,1020.862,820.682,876.245,1047.713,297.461,297.196,296.045,296.192
2785,0.773611111,974.96,317.118,734.245,340.33,297.377,298.042,298.123,1018.891,1020.862,820.682,876.245,1047.713,297.461,297.196,296.045,296.192
2786,0.773888889,974.64,317.143,734.351,340.33,297.368,298.041,298.12,1018.881,1020.862,820.774,876.314,1047.705,297.439,297.184,296.036,296.191
2787,0.774166667,974.64,317.143,734.351,340.33,297.368,298.041,298.12,1018.881,1020.862,820.774,876.314,1047.705,297.439,297.184,296.036,296.191
2788,0.774444444,974.64,317.143,734.351,340.33,297.368,298.041,298.12,1018.881,1020.862,820.774,876.314,1047.705,297.439,297.184,296.036,296.191
2789,0.774722222,974.773,317.197,734.469,340.356,297.383,298.035,298.122,1018.852,1020.856,820.873,876.384,1047.701,297.45,297.194,296.046,296.19
2790,0.775,974.773,317.197,734.469,340.356,297.383,298.035,298.122,1018.852,1020.856,820.873,876.384,1047.701,297.45,297.194,296.046,296.19
2791,0.775277778,974.773,317.197,734.469,340.356,297.383,298.035,298.122,1018.852,1020.856,820.873,876.384,1047.701,297.45,297.194,296.046,296.19
2792,0.775555556,974.773,317.197,734.469,340.356,297.383,298.035,298.122,1018.852,1020.856,820.873,876.384,1047.701,297.45,297.194,296.046,296.19
2793,0.775833333,974.989,317.245,734.617,340.376,297.396,298.036,298.128,1018.967,1020.873,820.98,876.459,1047.715,297.473,297.212,296.051,296.201
2794,0.776111111,974.989,317.245,734.617,340.376,297.396,298.036,298.128,1018.967,1020.873,820.98,876.459,1047.715,297.473,297.212,296.051,296.201
2795,0.776388889,974.989,317.245,734.617,340.376,297.396,298.036,298.128,1018.967,1020.873,820.98,876.459,1047.715,297.473,297.212,296.051,296.201
2796,0.776666667,974.989,317.245,734.617,340.376,297.396,298.036,298.128,1018.967,1020.873,820.98,876.459,1047.715,297.473,297.212,296.051,296.201
2797,0.776944444,975.21,317.295,734.757,340.396,297.412,298.039,298.119,1018.86,1020.889,821.081,876.573,1047.769,297.472,297.213,296.058,296.214
2798,0.777222222,975.21,317.295,734.757,340.396,297.412,298.039,298.119,1018.86,1020.889,821.081,876.573,1047.769,297.472,297.213,296.058,296.214
2799,0.7775,975.21,317.295,734.757,340.396,297.412,298.039,298.119,1018.86,1020.889,821.081,876.573,1047.769,297.472,297.213,296.058,296.214
2800,0.777777778,975.588,317.324,734.852,340.412,297.411,298.039,298.117,1019.063,1020.896,821.162,876.625,1047.777,297.469,297.21,296.06,296.2
2801,0.778055556,975.588,317.324,734.852,340.412,297.411,298.039,298.117,1019.063,1020.896,821.162,876.625,1047.777,297.469,297.21,296.06,296.2
2802,0.778333333,975.588,317.324,734.852,340.412,297.411,298.039,298.117,1019.063,1020.896,821.162,876.625,1047.777,297.469,297.21,296.06,296.2
2803,0.778611111,975.548,317.359,734.963,340.43,297.407,298.027,298.116,1019.208,1020.901,821.249,876.704,1047.789,297.467,297.209,296.057,296.21
2804,0.778888889,975.548,317.359,734.963,340.43,297.407,298.027,298.116,1019.208,1020.901,821.249,876.704,1047.789,297.467,297.209,296.057,296.21
2805,0.779166667,975.548,317.359,734.963,340.43,297.407,298.027,298.116,1019.208,1020.901,821.249,876.704,1047.789,297.467,297.209,296.057,296.21
2806,0.779444444,975.548,317.359,734.963,340.43,297.407,298.027,298.116,1019.208,1020.901,821.249,876.704,1047.789,297.467,297.209,296.057,296.21
2807,0.779722222,975.786,317.418,735.075,340.458,297.422,298.026,298.132,1019.449,1020.933,821.357,876.758,1047.825,297.481,297.214,296.069,296.224
2808,0.78,975.786,317.418,735.075,340.458,297.422,298.026,298.132,1019.449,1020.933,821.357,876.758,1047.825,297.481,297.214,296.069,296.224
2809,0.780277778,975.786,317.418,735.075,340.458,297.422,298.026,298.132,1019.449,1020.933,821.357,876.758,1047.825,297.481,297.214,296.069,296.224
2810,0.780555556,976.436,317.457,735.191,340.476,297.429,298.022,298.114,1019.303,1020.966,821.448,876.832,1047.869,297.485,297.215,296.068,296.218
2811,0.780833333,976.436,317.457,735.191,340.476,297.429,298.022,298.114,1019.303,1020.966,821.448,876.832,1047.869,297.485,297.215,296.068,296.218
2812,0.781111111,976.436,317.457,735.191,340.476,297.429,298.022,298.114,1019.303,1020.966,821.448,876.832,1047.869,297.485,297.215,296.068,296.218
2813,0.781388889,976.436,317.457,735.191,340.476,297.429,298.022,298.114,1019.303,1020.966,821.448,876.832,1047.869,297.485,297.215,296.068,296.218
2814,0.781666667,976.74,317.493,735.338,340.493,297.441,298.037,298.125,1019.44,1020.993,821.541,876.941,1047.91,297.484,297.228,296.074,296.219
2815,0.781944444,976.74,317.493,735.338,340.493,297.441,298.037,298.125,1019.44,1020.993,821.541,876.941,1047.91,297.484,297.228,296.074,296.219
2816,0.782222222,976.74,317.493,735.338,340.493,297.441,298.037,298.125,1019.44,1020.993,821.541,876.941,1047.91,297.484,297.228,296.074,296.219
2817,0.7825,977.012,317.546,735.476,340.529,297.474,298.029,298.129,1019.684,1021.022,821.646,877.007,1047.928,297.502,297.236,296.083,296.239
2818,0.782777778,977.012,317.546,735.476,340.529,297.474,298.029,298.129,1019.684,1021.022,821.646,877.007,1047.928,297.502,297.236,296.083,296.239
2819,0.783055556,977.012,317.546,735.476,340.529,297.474,298.029,298.129,1019.684,1021.022,821.646,877.007,1047.928,297.502,297.236,296.083,296.239
2820,0.783333333,977.012,317.546,735.476,340.529,297.474,298.029,298.129,1019.684,1021.022,821.646,877.007,1047.928,297.502,297.236,296.083,296.239
2821,0.783611111,976.847,317.573,735.572,340.539,297.467,298.015,298.114,1019.697,1021.045,821.72,877.073,1047.956,297.503,297.23,296.072,296.223
2822,0.783888889,976.847,317.573,735.572,340.539,297.467,298.015,298.114,1019.697,1021.045,821.72,877.073,1047.956,297.503,297.23,296.072,296.223
2823,0.784166667,976.847,317.573,735.572,340.539,297.467,298.015,298.114,1019.697,1021.045,821.72,877.073,1047.956,297.503,297.23,296.072,296.223
2824,0.784444444,976.737,317.629,735.709,340.569,297.477,298.029,298.124,1019.406,1021.085,821.828,877.14,1047.944,297.514,297.251,296.088,296.239
2825,0.784722222,976.737,317.629,735.709,340.569,297.477,298.029,298.124,1019.406,1021.085,821.828,877.14,1047.944,297.514,297.251,296.088,296.239
2826,0.785,976.737,317.629,735.709,340.569,297.477,298.029,298.124,1019.406,1021.085,821.828,877.14,1047.944,297.514,297.251,296.088,296.239
2827,0.785277778,976.737,317.629,735.709,340.569,297.477,298.029,298.124,1019.406,1021.085,821.828,877.14,1047.944,297.514,297.251,296.088,296.239
2828,0.785555556,976.374,317.665,735.775,340.584,297.488,298.03,298.122,1019.381,1021.104,821.916,877.217,1047.98,297.517,297.25,296.09,296.231
2829,0.785833333,976.374,317.665,735.775,340.584,297.488,298.03,298.122,1019.381,1021.104,821.916,877.217,1047.98,297.517,297.25,296.09,296.231
2830,0.786111111,976.374,317.665,735.775,340.584,297.488,298.03,298.122,1019.381,1021.104,821.916,877.217,1047.98,297.517,297.25,296.09,296.231
2831,0.786388889,976.211,317.714,735.899,340.594,297.485,298.037,298.134,1019.238,1021.122,822.008,877.307,1047.993,297.52,297.254,296.106,296.253
2832,0.786666667,976.211,317.714,735.899,340.594,297.485,298.037,298.134,1019.238,1021.122,822.008,877.307,1047.993,297.52,297.254,296.106,296.253
2833,0.786944444,976.211,317.714,735.899,340.594,297.485,298.037,298.134,1019.238,1021.122,822.008,877.307,1047.993,297.52,297.254,296.106,296.253
2834,0.787222222,976.211,317.714,735.899,340.594,297.485,298.037,298.134,1019.238,1021.122,822.008,877.307,1047.993,297.52,297.254,296.106,296.253
2835,0.7875,976.302,317.749,735.985,340.603,297.508,298.03,298.122,1019.645,1021.126,822.091,877.405,1048.009,297.524,297.26,296.109,296.253
2836,0.787777778,976.302,317.749,735.985,340.603,297.508,298.03,298.122,1019.645,1021.126,822.091,877.405,1048.009,297.524,297.26,296.109,296.253
2837,0.788055556,976.302,317.749,735.985,340.603,297.508,298.03,298.122,1019.645,1021.126,822.091,877.405,1048.009,297.524,297.26,296.109,296.253
2838,0.788333333,976.653,317.801,736.116,340.624,297.516,298.039,298.135,1019.799,1021.145,822.185,877.487,1048.024,297.534,297.273,296.119,296.257
2839,0.788611111,976.653,317.801,736.116,340.624,297.516,298.039,298.135,1019.799,1021.145,822.185,877.487,1048.024,297.534,297.273,296.119,296.257
2840,0.788888889,976.653,317.801,736.116,340.624,297.516,298.039,298.135,1019.799,1021.145,822.185,877.487,1048.024,297.534,297.273,296.119,296.257
2841,0.789166667,976.653,317.801,736.116,340.624,297.516,298.039,298.135,1019.799,1021.145,822.185,877.487,1048.024,297.534,297.273,296.119,296.257
2842,0.789444444,976.42,317.85,736.225,340.636,297.517,298.031,298.134,1019.837,1021.147,822.265,877.579,1048.05,297.536,297.269,296.112,296.258
2843,0.789722222,976.42,317.85,736.225,340.636,297.517,298.031,298.134,1019.837,1021.147,822.265,877.579,1048.05,297.536,297.269,296.112,296.258
2844,0.79,976.42,317.85,736.225,340.636,297.517,298.031,298.134,1019.837,1021.147,822.265,877.579,1048.05,297.536,297.269,296.112,296.258
2845,0.790277778,976.144,317.885,736.345,340.639,297.536,298.04,298.126,1019.978,1021.154,822.375,877.667,1048.073,297.541,297.281,296.127,296.266
2846,0.790555556,976.144,317.885,736.345,340.639,297.536,298.04,298.126,1019.978,1021.154,822.375,877.667,1048.073,297.541,297.281,296.127,296.266
2847,0.790833333,976.144,317.885,736.345,340.639,297.536,298.04,298.126,1019.978,1021.154,822.375,877.667,1048.073,297.541,297.281,296.127,296.266
2848,0.791111111,976.144,317.885,736.345,340.639,297.536,298.04,298.126,1019.978,1021.154,822.375,877.667,1048.073,297.541,297.281,296.127,296.266
2849,0.791388889,976.183,317.924,736.457,340.643,297.548,298.039,298.139,1019.736,1021.178,822.481,877.723,1048.066,297.543,297.278,296.128,296.27
2850,0.791666667,976.183,317.924,736.457,340.643,297.548,298.039,298.139,1019.736,1021.178,822.481,877.723,1048.066,297.543,297.278,296.128,296.27
2851,0.791944444,976.183,317.924,736.457,340.643,297.548,298.039,298.139,1019.736,1021.178,822.481,877.723,1048.066,297.543,297.278,296.128,296.27
2852,0.792222222,975.779,317.968,736.564,340.65,297.554,298.048,298.141,1019.471,1021.196,822.56,877.804,1048.081,297.547,297.283,296.127,296.276
2853,0.7925,975.779,317.968,736.564,340.65,297.554,298.048,298.141,1019.471,1021.196,822.56,877.804,1048.081,297.547,297.283,296.127,296.276
2854,0.792777778,975.779,317.968,736.564,340.65,297.554,298.048,298.141,1019.471,1021.196,822.56,877.804,1048.081,297.547,297.283,296.127,296.276
2855,0.793055556,975.779,317.968,736.564,340.65,297.554,298.048,298.141,1019.471,1021.196,822.56,877.804,1048.081,297.547,297.283,296.127,296.276
2856,0.793333333,975.841,318.006,736.691,340.66,297.567,298.047,298.134,1019.468,1021.197,822.658,877.863,1048.092,297.563,297.289,296.13,296.271
2857,0.793611111,975.841,318.006,736.691,340.66,297.567,298.047,298.134,1019.468,1021.197,822.658,877.863,1048.092,297.563,297.289,296.13,296.271
2858,0.793888889,975.841,318.006,736.691,340.66,297.567,298.047,298.134,1019.468,1021.197,822.658,877.863,1048.092,297.563,297.289,296.13,296.271
2859,0.794166667,975.77,318.051,736.802,340.671,297.55,298.051,298.122,1019.491,1021.217,822.75,877.943,1048.11,297.556,297.292,296.141,296.266
2860,0.794444444,975.77,318.051,736.802,340.671,297.55,298.051,298.122,1019.491,1021.217,822.75,877.943,1048.11,297.556,297.292,296.141,296.266
2861,0.794722222,975.77,318.051,736.802,340.671,297.55,298.051,298.122,1019.491,1021.217,822.75,877.943,1048.11,297.556,297.292,296.141,296.266
2862,0.795,975.77,318.051,736.802,340.671,297.55,298.051,298.122,1019.491,1021.217,822.75,877.943,1048.11,297.556,297.292,296.141,296.266
2863,0.795277778,975.758,318.097,736.924,340.681,297.581,298.042,298.142,1019.194,1021.232,822.843,878.012,1048.122,297.556,297.301,296.143,296.278
2864,0.795555556,975.758,318.097,736.924,340.681,297.581,298.042,298.142,1019.194,1021.232,822.843,878.012,1048.122,297.556,297.301,296.143,296.278
2865,0.795833333,975.758,318.097,736.924,340.681,297.581,298.042,298.142,1019.194,1021.232,822.843,878.012,1048.122,297.556,297.301,296.143,296.278
2866,0.796111111,976.009,318.138,737.05,340.689,297.551,298.044,298.132,1019.415,1021.243,822.933,878.111,1048.168,297.554,297.29,296.136,296.285
2867,0.796388889,976.009,318.138,737.05,340.689,297.551,298.044,298.132,1019.415,1021.243,822.933,878.111,1048.168,297.554,297.29,296.136,296.285
2868,0.796666667,976.009,318.138,737.05,340.689,297.551,298.044,298.132,1019.415,1021.243,822.933,878.111,1048.168,297.554,297.29,296.136,296.285
2869,0.796944444,976.009,318.138,737.05,340.689,297.551,298.044,298.132,1019.415,1021.243,822.933,878.111,1048.168,297.554,297.29,296.136,296.285
2870,0.797222222,976.173,318.171,737.169,340.7,297.564,298.058,298.14,1019.829,1021.261,823.021,878.176,1048.162,297.549,297.296,296.146,296.282
2871,0.7975,976.173,318.171,737.169,340.7,297.564,298.058,298.14,1019.829,1021.261,823.021,878.176,1048.162,297.549,297.296,296.146,296.282
2872,0.797777778,976.173,318.171,737.169,340.7,297.564,298.058,298.14,1019.829,1021.261,823.021,878.176,1048.162,297.549,297.296,296.146,296.282
2873,0.798055556,976.249,318.217,737.291,340.713,297.567,298.067,298.145,1019.564,1021.267,823.113,878.239,1048.161,297.561,297.305,296.149,296.289
2874,0.798333333,976.249,318.217,737.291,340.713,297.567,298.067,298.145,1019.564,1021.267,823.113,878.239,1048.161,297.561,297.305,296.149,296.289
2875,0.798611111,976.249,318.217,737.291,340.713,297.567,298.067,298.145,1019.564,1021.267,823.113,878.239,1048.161,297.561,297.305,296.149,296.289
2876,0.798888889,976.249,318.217,737.291,340.713,297.567,298.067,298.145,1019.564,1021.267,823.113,878.239,1048.161,297.561,297.305,296.149,296.289
2877,0.799166667,976.127,318.265,737.412,340.735,297.584,298.066,298.145,1019.344,1021.291,823.209,878.34,1048.189,297.574,297.308,296.151,296.289
2878,0.799444444,976.127,318.265,737.412,340.735,297.584,298.066,298.145,1019.344,1021.291,823.209,878.34,1048.189,297.574,297.308,296.151,296.289
2879,0.799722222,976.127,318.265,737.412,340.735,297.584,298.066,298.145,1019.344,1021.291,823.209,878.34,1048.189,297.574,297.308,296.151,296.289
2880,0.8,976.193,318.318,737.539,340.773,297.599,298.07,298.146,1019.293,1021.307,823.32,878.418,1048.188,297.578,297.324,296.171,296.311
2881,0.800277778,976.193,318.318,737.539,340.773,297.599,298.07,298.146,1019.293,1021.307,823.32,878.418,1048.188,297.578,297.324,296.171,296.311
2882,0.800555556,976.193,318.318,737.539,340.773,297.599,298.07,298.146,1019.293,1021.307,823.32,878.418,1048.188,297.578,297.324,296.171,296.311
2883,0.800833333,976.193,318.318,737.539,340.773,297.599,298.07,298.146,1019.293,1021.307,823.32,878.418,1048.188,297.578,297.324,296.171,296.311
2884,0.801111111,976.675,318.348,737.655,340.784,297.592,298.071,298.148,1019.221,1021.306,823.393,878.498,1048.176,297.567,297.318,296.157,296.3
2885,0.801388889,976.675,318.348,737.655,340.784,297.592,298.071,298.148,1019.221,1021.306,823.393,878.498,1048.176,297.567,297.318,296.157,296.3
2886,0.801666667,976.675,318.348,737.655,340.784,297.592,298.071,298.148,1019.221,1021.306,823.393,878.498,1048.176,297.567,297.318,296.157,296.3
2887,0.801944444,977.223,318.391,737.779,340.8,297.6,298.075,298.146,1018.692,1021.302,823.493,878.554,1048.154,297.581,297.312,296.166,296.304
2888,0.802222222,977.223,318.391,737.779,340.8,297.6,298.075,298.146,1018.692,1021.302,823.493,878.554,1048.154,297.581,297.312,296.166,296.304
2889,0.8025,977.223,318.391,737.779,340.8,297.6,298.075,298.146,1018.692,1021.302,823.493,878.554,1048.154,297.581,297.312,296.166,296.304
2890,0.802777778,977.223,318.391,737.779,340.8,297.6,298.075,298.146,1018.692,1021.302,823.493,878.554,1048.154,297.581,297.312,296.166,296.304
2891,0.803055556,977.339,318.437,737.875,340.819,297.605,298.081,298.138,1018.684,1021.304,823.593,878.643,1048.155,297.588,297.329,296.169,296.31
2892,0.803333333,977.339,318.437,737.875,340.819,297.605,298.081,298.138,1018.684,1021.304,823.593,878.643,1048.155,297.588,297.329,296.169,296.31
2893,0.803611111,977.339,318.437,737.875,340.819,297.605,298.081,298.138,1018.684,1021.304,823.593,878.643,1048.155,297.588,297.329,296.169,296.31
2894,0.803888889,977.145,318.475,738.004,340.852,297.622,298.085,298.155,1018.748,1021.293,823.676,878.706,1048.128,297.594,297.336,296.171,296.306
2895,0.804166667,977.145,318.475,738.004,340.852,297.622,298.085,298.155,1018.748,1021.293,823.676,878.706,1048.128,297.594,297.336,296.171,296.306
2896,0.804444444,977.145,318.475,738.004,340.852,297.622,298.085,298.155,1018.748,1021.293,823.676,878.706,1048.128,297.594,297.336,296.171,296.306
2897,0.804722222,977.145,318.475,738.004,340.852,297.622,298.085,298.155,1018.748,1021.293,823.676,878.706,1048.128,297.594,297.336,296.171,296.306
2898,0.805,977.251,318.528,738.115,340.875,297.639,298.087,298.152,1018.736,1021.289,823.769,878.77,1048.107,297.597,297.338,296.185,296.318
2899,0.805277778,977.251,318.528,738.115,340.875,297.639,298.087,298.152,1018.736,1021.289,823.769,878.77,1048.107,297.597,297.338,296.185,296.318
2900,0.805555556,977.251,318.528,738.115,340.875,297.639,298.087,298.152,1018.736,1021.289,823.769,878.77,1048.107,297.597,297.338,296.185,296.318
2901,0.805833333,977.647,318.564,738.223,340.9,297.626,298.094,298.16,1018.386,1021.279,823.874,878.868,1048.1,297.6,297.341,296.174,296.325
2902,0.806111111,977.647,318.564,738.223,340.9,297.626,298.094,298.16,1018.386,1021.279,823.874,878.868,1048.1,297.6,297.341,296.174,296.325
2903,0.806388889,977.647,318.564,738.223,340.9,297.626,298.094,298.16,1018.386,1021.279,823.874,878.868,1048.1,297.6,297.341,296.174,296.325
2904,0.806666667,977.647,318.564,738.223,340.9,297.626,298.094,298.16,1018.386,1021.279,823.874,878.868,1048.1,297.6,297.341,296.174,296.325
2905,0.806944444,978.046,318.616,738.347,340.931,297.653,298.09,298.176,1018.548,1021.259,823.966,878.931,1048.074,297.617,297.352,296.19,296.338
2906,0.807222222,978.046,318.616,738.347,340.931,297.653,298.09,298.176,1018.548,1021.259,823.966,878.931,1048.074,297.617,297.352,296.19,296.338
2907,0.8075,978.046,318.616,738.347,340.931,297.653,298.09,298.176,1018.548,1021.259,823.966,878.931,1048.074,297.617,297.352,296.19,296.338
2908,0.807777778,978.046,318.616,738.347,340.931,297.653,298.09,298.176,1018.548,1021.259,823.966,878.931,1048.074,297.617,297.352,296.19,296.338
2909,0.808055556,977.768,318.658,738.438,340.956,297.654,298.094,298.17,1018.842,1021.248,824.052,878.976,1048.041,297.617,297.347,296.185,296.336
2910,0.808333333,977.768,318.658,738.438,340.956,297.654,298.094,298.17,1018.842,1021.248,824.052,878.976,1048.041,297.617,297.347,296.185,296.336
2911,0.808611111,977.768,318.658,738.438,340.956,297.654,298.094,298.17,1018.842,1021.248,824.052,878.976,1048.041,297.617,297.347,296.185,296.336
2912,0.808888889,977.233,318.689,738.536,340.973,297.652,298.082,298.159,1018.679,1021.226,824.146,879.055,1048.027,297.612,297.35,296.191,296.334
2913,0.809166667,977.233,318.689,738.536,340.973,297.652,298.082,298.159,1018.679,1021.226,824.146,879.055,1048.027,297.612,297.35,296.191,296.334
2914,0.809444444,977.233,318.689,738.536,340.973,297.652,298.082,298.159,1018.679,1021.226,824.146,879.055,1048.027,297.612,297.35,296.191,296.334
2915,0.809722222,977.233,318.689,738.536,340.973,297.652,298.082,298.159,1018.679,1021.226,824.146,879.055,1048.027,297.612,297.35,296.191,296.334
2916,0.81,976.965,318.734,738.656,340.998,297.652,298.088,298.168,1018.415,1021.222,824.221,879.107,1048.005,297.619,297.356,296.184,296.337
2917,0.810277778,976.965,318.734,738.656,340.998,297.652,298.088,298.168,1018.415,1021.222,824.221,879.107,1048.005,297.619,297.356,296.184,296.337
2918,0.810555556,976.965,318.734,738.656,340.998,297.652,298.088,298.168,1018.415,1021.222,824.221,879.107,1048.005,297.619,297.356,296.184,296.337
2919,0.810833333,976.671,318.776,738.769,341.027,297.658,298.078,298.172,1018.573,1021.206,824.311,879.196,1048.001,297.623,297.352,296.189,296.34
2920,0.811111111,976.671,318.776,738.769,341.027,297.658,298.078,298.172,1018.573,1021.206,824.311,879.196,1048.001,297.623,297.352,296.189,296.34
2921,0.811388889,976.671,318.776,738.769,341.027,297.658,298.078,298.172,1018.573,1021.206,824.311,879.196,1048.001,297.623,297.352,296.189,296.34
2922,0.811666667,976.671,318.776,738.769,341.027,297.658,298.078,298.172,1018.573,1021.206,824.311,879.196,1048.001,297.623,297.352,296.189,296.34
2923,0.811944444,976.993,318.82,738.908,341.049,297.671,298.079,298.172,1018.87,1021.203,824.389,879.304,1048.025,297.622,297.356,296.204,296.338
2924,0.812222222,976.993,318.82,738.908,341.049,297.671,298.079,298.172,1018.87,1021.203,824.389,879.304,1048.025,297.622,297.356,296.204,296.338
2925,0.8125,976.993,318.82,738.908,341.049,297.671,298.079,298.172,1018.87,1021.203,824.389,879.304,1048.025,297.622,297.356,296.204,296.338
2926,0.812777778,977.205,318.87,739.04,341.09,297.696,298.101,298.18,1018.541,1021.202,824.475,879.354,1048.001,297.636,297.374,296.201,296.357
2927,0.813055556,977.205,318.87,739.04,341.09,297.696,298.101,298.18,1018.541,1021.202,824.475,879.354,1048.001,297.636,297.374,296.201,296.357
2928,0.813333333,977.205,318.87,739.04,341.09,297.696,298.101,298.18,1018.541,1021.202,824.475,879.354,1048.001,297.636,297.374,296.201,296.357
2929,0.813611111,977.205,318.87,739.04,341.09,297.696,298.101,298.18,1018.541,1021.202,824.475,879.354,1048.001,297.636,297.374,296.201,296.357
2930,0.813888889,977.222,318.901,739.127,341.101,297.671,298.084,298.178,1017.966,1021.195,824.562,879.411,1048.001,297.634,297.366,296.202,296.352
2931,0.814166667,977.222,318.901,739.127,341.101,297.671,298.084,298.178,1017.966,1021.195,824.562,879.411,1048.001,297.634,297.366,296.202,296.352
2932,0.814444444,977.222,318.901,739.127,341.101,297.671,298.084,298.178,1017.966,1021.195,824.562,879.411,1048.001,297.634,297.366,296.202,296.352
2933,0.814722222,976.805,318.938,739.242,341.12,297.681,298.088,298.172,1017.762,1021.193,824.644,879.462,1047.959,297.632,297.379,296.203,296.348
2934,0.815,976.805,318.938,739.242,341.12,297.681,298.088,298.172,1017.762,1021.193,824.644,879.462,1047.959,297.632,297.379,296.203,296.348
2935,0.815277778,976.805,318.938,739.242,341.12,297.681,298.088,298.172,1017.762,1021.193,824.644,879.462,1047.959,297.632,297.379,296.203,296.348
2936,0.815555556,976.152,318.99,739.336,341.16,297.693,298.107,298.192,1017.668,1021.184,824.724,879.508,1047.931,297.648,297.384,296.221,296.372
2937,0.815833333,976.152,318.99,739.336,341.16,297.693,298.107,298.192,1017.668,1021.184,824.724,879.508,1047.931,297.648,297.384,296.221,296.372
2938,0.816111111,976.152,318.99,739.336,341.16,297.693,298.107,298.192,1017.668,1021.184,824.724,879.508,1047.931,297.648,297.384,296.221,296.372
2939,0.816388889,976.152,318.99,739.336,341.16,297.693,298.107,298.192,1017.668,1021.184,824.724,879.508,1047.931,297.648,297.384,296.221,296.372
2940,0.816666667,975.828,319.032,739.437,341.182,297.704,298.113,298.188,1017.451,1021.163,824.812,879.603,1047.914,297.643,297.39,296.218,296.36
2941,0.816944444,975.828,319.032,739.437,341.182,297.704,298.113,298.188,1017.451,1021.163,824.812,879.603,1047.914,297.643,297.39,296.218,296.36
2942,0.817222222,975.828,319.032,739.437,341.182,297.704,298.113,298.188,1017.451,1021.163,824.812,879.603,1047.914,297.643,297.39,296.218,296.36
2943,0.8175,975.675,319.074,739.556,341.207,297.723,298.116,298.211,1017.024,1021.13,824.894,879.695,1047.889,297.65,297.395,296.221,296.372
2944,0.817777778,975.675,319.074,739.556,341.207,297.723,298.116,298.211,1017.024,1021.13,824.894,879.695,1047.889,297.65,297.395,296.221,296.372
2945,0.818055556,975.675,319.074,739.556,341.207,297.723,298.116,298.211,1017.024,1021.13,824.894,879.695,1047.889,297.65,297.395,296.221,296.372
2946,0.818333333,975.675,319.074,739.556,341.207,297.723,298.116,298.211,1017.024,1021.13,824.894,879.695,1047.889,297.65,297.395,296.221,296.372
2947,0.818611111,975.471,319.105,739.656,341.23,297.718,298.105,298.191,1016.196,1021.093,824.978,879.719,1047.79,297.648,297.394,296.221,296.377
2948,0.818888889,975.471,319.105,739.656,341.23,297.718,298.105,298.191,1016.196,1021.093,824.978,879.719,1047.79,297.648,297.394,296.221,296.377
2949,0.819166667,975.471,319.105,739.656,341.23,297.718,298.105,298.191,1016.196,1021.093,824.978,879.719,1047.79,297.648,297.394,296.221,296.377
2950,0.819444444,974.763,319.15,739.767,341.254,297.712,298.101,298.197,1015.645,1021.048,825.069,879.806,1047.735,297.659,297.393,296.221,296.377
2951,0.819722222,974.763,319.15,739.767,341.254,297.712,298.101,298.197,1015.645,1021.048,825.069,879.806,1047.735,297.659,297.393,296.221,296.377
2952,0.82,974.763,319.15,739.767,341.254,297.712,298.101,298.197,1015.645,1021.048,825.069,879.806,1047.735,297.659,297.393,296.221,296.377
2953,0.820277778,974.763,319.15,739.767,341.254,297.712,298.101,298.197,1015.645,1021.048,825.069,879.806,1047.735,297.659,297.393,296.221,296.377
2954,0.820555556,974.848,319.188,739.883,341.279,297.71,298.095,298.19,1015.644,1020.997,825.151,879.881,1047.702,297.653,297.401,296.225,296.383
2955,0.820833333,974.848,319.188,739.883,341.279,297.71,298.095,298.19,1015.644,1020.997,825.151,879.881,1047.702,297.653,297.401,296.225,296.383
2956,0.821111111,974.848,319.188,739.883,341.279,297.71,298.095,298.19,1015.644,1020.997,825.151,879.881,1047.702,297.653,297.401,296.225,296.383
2957,0.821388889,974.9,319.244,739.994,341.3,297.739,298.1,298.192,1016.036,1020.949,825.237,879.93,1047.629,297.67,297.408,296.235,296.385
2958,0.821666667,974.9,319.244,739.994,341.3,297.739,298.1,298.192,1016.036,1020.949,825.237,879.93,1047.629,297.67,297.408,296.235,296.385
2959,0.821944444,974.9,319.244,739.994,341.3,297.739,298.1,298.192,1016.036,1020.949,825.237,879.93,1047.629,297.67,297.408,296.235,296.385
2960,0.822222222,974.9,319.244,739.994,341.3,297.739,298.1,298.192,1016.036,1020.949,825.237,879.93,1047.629,297.67,297.408,296.235,296.385
2961,0.8225,974.694,319.267,740.103,341.316,297.734,298.096,298.188,1016.183,1020.886,825.307,879.965,1047.554,297.664,297.403,296.233,296.391
2962,0.822777778,974.694,319.267,740.103,341.316,297.734,298.096,298.188,1016.183,1020.886,825.307,879.965,1047.554,297.664,297.403,296.233,296.391
2963,0.823055556,974.694,319.267,740.103,341.316,297.734,298.096,298.188,1016.183,1020.886,825.307,879.965,1047.554,297.664,297.403,296.233,296.391
2964,0.823333333,974.594,319.326,740.207,341.344,297.741,298.103,298.204,1016.711,1020.841,825.385,880.028,1047.489,297.664,297.424,296.241,296.389
2965,0.823611111,974.594,319.326,740.207,341.344,297.741,298.103,298.204,1016.711,1020.841,825.385,880.028,1047.489,297.664,297.424,296.241,296.389
2966,0.823888889,974.594,319.326,740.207,341.344,297.741,298.103,298.204,1016.711,1020.841,825.385,880.028,1047.489,297.664,297.424,296.241,296.389
2967,0.824166667,974.594,319.326,740.207,341.344,297.741,298.103,298.204,1016.711,1020.841,825.385,880.028,1047.489,297.664,297.424,296.241,296.389
2968,0.824444444,974.326,319.36,740.302,341.381,297.767,298.109,298.201,1016.684,1020.791,825.479,880.097,1047.446,297.688,297.426,296.255,296.409
2969,0.824722222,974.326,319.36,740.302,341.381,297.767,298.109,298.201,1016.684,1020.791,825.479,880.097,1047.446,297.688,297.426,296.255,296.409
2970,0.825,974.326,319.36,740.302,341.381,297.767,298.109,298.201,1016.684,1020.791,825.479,880.097,1047.446,297.688,297.426,296.255,296.409
2971,0.825277778,973.997,319.397,740.385,341.393,297.759,298.111,298.191,1016.351,1020.73,825.535,880.124,1047.394,297.678,297.42,296.246,296.401
2972,0.825555556,973.997,319.397,740.385,341.393,297.759,298.111,298.191,1016.351,1020.73,825.535,880.124,1047.394,297.678,297.42,296.246,296.401
2973,0.825833333,973.997,319.397,740.385,341.393,297.759,298.111,298.191,1016.351,1020.73,825.535,880.124,1047.394,297.678,297.42,296.246,296.401
2974,0.826111111,973.997,319.397,740.385,341.393,297.759,298.111,298.191,1016.351,1020.73,825.535,880.124,1047.394,297.678,297.42,296.246,296.401
2975,0.826388889,974.541,319.443,740.513,341.413,297.752,298.108,298.197,1016.063,1020.691,825.623,880.185,1047.328,297.681,297.429,296.242,296.398
2976,0.826666667,974.541,319.443,740.513,341.413,297.752,298.108,298.197,1016.063,1020.691,825.623,880.185,1047.328,297.681,297.429,296.242,296.398
2977,0.826944444,974.541,319.443,740.513,341.413,297.752,298.108,298.197,1016.063,1020.691,825.623,880.185,1047.328,297.681,297.429,296.242,296.398
2978,0.827222222,974.34,319.481,740.614,341.428,297.769,298.11,298.212,1015.8,1020.668,825.696,880.248,1047.312,297.692,297.434,296.25,296.409
2979,0.8275,974.34,319.481,740.614,341.428,297.769,298.11,298.212,1015.8,1020.668,825.696,880.248,1047.312,297.692,297.434,296.25,296.409
2980,0.827777778,974.34,319.481,740.614,341.428,297.769,298.11,298.212,1015.8,1020.668,825.696,880.248,1047.312,297.692,297.434,296.25,296.409
2981,0.828055556,974.34,319.481,740.614,341.428,297.769,298.11,298.212,1015.8,1020.668,825.696,880.248,1047.312,297.692,297.434,296.25,296.409
2982,0.828333333,974.154,319.523,740.731,341.449,297.773,298.106,298.202,1016.06,1020.625,825.765,880.298,1047.312,297.695,297.433,296.256,296.41
2983,0.828611111,974.154,319.523,740.731,341.449,297.773,298.106,298.202,1016.06,1020.625,825.765,880.298,1047.312,297.695,297.433,296.256,296.41
2984,0.828888889,974.154,319.523,740.731,341.449,297.773,298.106,298.202,1016.06,1020.625,825.765,880.298,1047.312,297.695,297.433,296.256,296.41
2985,0.829166667,973.934,319.561,740.833,341.472,297.792,298.103,298.205,1016.254,1020.599,825.839,880.349,1047.284,297.712,297.437,296.263,296.418
2986,0.829444444,973.934,319.561,740.833,341.472,297.792,298.103,298.205,1016.254,1020.599,825.839,880.349,1047.284,297.712,297.437,296.263,296.418
2987,0.829722222,973.934,319.561,740.833,341.472,297.792,298.103,298.205,1016.254,1020.599,825.839,880.349,1047.284,297.712,297.437,296.263,296.418
2988,0.83,973.934,319.561,740.833,341.472,297.792,298.103,298.205,1016.254,1020.599,825.839,880.349,1047.284,297.712,297.437,296.263,296.418
2989,0.830277778,973.752,319.594,740.917,341.482,297.783,298.112,298.2,1016.274,1020.567,825.896,880.384,1047.224,297.701,297.445,296.263,296.412
2990,0.830555556,973.752,319.594,740.917,341.482,297.783,298.112,298.2,1016.274,1020.567,825.896,880.384,1047.224,297.701,297.445,296.263,296.412
2991,0.830833333,973.752,319.594,740.917,341.482,297.783,298.112,298.2,1016.274,1020.567,825.896,880.384,1047.224,297.701,297.445,296.263,296.412
2992,0.831111111,973.498,319.643,741.016,341.497,297.796,298.099,298.203,1016.21,1020.544,825.972,880.417,1047.191,297.705,297.447,296.262,296.421
2993,0.831388889,973.498,319.643,741.016,341.497,297.796,298.099,298.203,1016.21,1020.544,825.972,880.417,1047.191,297.705,297.447,296.262,296.421
2994,0.831666667,973.498,319.643,741.016,341.497,297.796,298.099,298.203,1016.21,1020.544,825.972,880.417,1047.191,297.705,297.447,296.262,296.421
2995,0.831944444,973.498,319.643,741.016,341.497,297.796,298.099,298.203,1016.21,1020.544,825.972,880.417,1047.191,297.705,297.447,296.262,296.421
2996,0.832222222,973.19,319.685,741.109,341.532,297.803,298.131,298.205,1016.407,1020.52,826.042,880.447,1047.164,297.717,297.46,296.266,296.419
2997,0.8325,973.19,319.685,741.109,341.532,297.803,298.131,298.205,1016.407,1020.52,826.042,880.447,1047.164,297.717,297.46,296.266,296.419
2998,0.832777778,973.19,319.685,741.109,341.532,297.803,298.131,298.205,1016.407,1020.52,826.042,880.447,1047.164,297.717,297.46,296.266,296.419
2999,0.833055556,973.445,319.723,741.222,341.557,297.814,298.126,298.215,1016.404,1020.513,826.117,880.522,1047.163,297.716,297.461,296.277,296.429
3000,0.833333333,973.445,319.723,741.222,341.557,297.814,298.126,298.215,1016.404,1020.513,826.117,880.522,1047.163,297.716,297.461,296.277,296.429
3001,0.833611111,973.445,319.723,741.222,341.557,297.814,298.126,298.215,1016.404,1020.513,826.117,880.522,1047.163,297.716,297.461,296.277,296.429
3002,0.833888889,973.445,319.723,741.222,341.557,297.814,298.126,298.215,1016.404,1020.513,826.117,880.522,1047.163,297.716,297.461,296.277,296.429
3003,0.834166667,973.878,319.782,741.299,341.582,297.822,298.13,298.219,1016.571,1020.495,826.164,880.559,1047.152,297.73,297.475,296.285,296.441
3004,0.834444444,973.878,319.782,741.299,341.582,297.822,298.13,298.219,1016.571,1020.495,826.164,880.559,1047.152,297.73,297.475,296.285,296.441
3005,0.834722222,973.878,319.782,741.299,341.582,297.822,298.13,298.219,1016.571,1020.495,826.164,880.559,1047.152,297.73,297.475,296.285,296.441
3006,0.835,974.454,319.808,741.409,341.614,297.822,298.134,298.211,1016.715,1020.471,826.227,880.609,1047.14,297.734,297.473,296.286,296.443
3007,0.835277778,974.454,319.808,741.409,341.614,297.822,298.134,298.211,1016.715,1020.471,826.227,880.609,1047.14,297.734,297.473,296.286,296.443
3008,0.835555556,974.454,319.808,741.409,341.614,297.822,298.134,298.211,1016.715,1020.471,826.227,880.609,1047.14,297.734,297.473,296.286,296.443
3009,0.835833333,974.454,319.808,741.409,341.614,297.822,298.134,298.211,1016.715,1020.471,826.227,880.609,1047.14,297.734,297.473,296.286,296.443
3010,0.836111111,975.461,319.847,741.527,341.624,297.827,298.121,298.201,1016.433,1020.463,826.291,880.658,1047.153,297.741,297.47,296.287,296.443
3011,0.836388889,975.461,319.847,741.527,341.624,297.827,298.121,298.201,1016.433,1020.463,826.291,880.658,1047.153,297.741,297.47,296.287,296.443
3012,0.836666667,975.461,319.847,741.527,341.624,297.827,298.121,298.201,1016.433,1020.463,826.291,880.658,1047.153,297.741,297.47,296.287,296.443
3013,0.836944444,976.062,319.902,741.625,341.67,297.86,298.126,298.215,1016.371,1020.467,826.364,880.707,1047.149,297.754,297.487,296.299,296.455
3014,0.837222222,976.062,319.902,741.625,341.67,297.86,298.126,298.215,1016.371,1020.467,826.364,880.707,1047.149,297.754,297.487,296.299,296.455
3015,0.8375,976.062,319.902,741.625,341.67,297.86,298.126,298.215,1016.371,1020.467,826.364,880.707,1047.149,297.754,297.487,296.299,296.455
3016,0.837777778,976.062,319.902,741.625,341.67,297.86,298.126,298.215,1016.371,1020.467,826.364,880.707,1047.149,297.754,297.487,296.299,296.455
3017,0.838055556,976.463,319.937,741.724,341.687,297.85,298.12,298.213,1016.209,1020.471,826.429,880.76,1047.15,297.746,297.495,296.3,296.462
3018,0.838333333,976.463,319.937,741.724,341.687,297.85,298.12,298.213,1016.209,1020.471,826.429,880.76,1047.15,297.746,297.495,296.3,296.462
3019,0.838611111,976.463,319.937,741.724,341.687,297.85,298.12,298.213,1016.209,1020.471,826.429,880.76,1047.15,297.746,297.495,296.3,296.462
3020,0.838888889,976.763,319.971,741.831,341.707,297.861,298.114,298.207,1016.593,1020.459,826.493,880.784,1047.144,297.755,297.501,296.302,296.462
3021,0.839166667,976.763,319.971,741.831,341.707,297.861,298.114,298.207,1016.593,1020.459,826.493,880.784,1047.144,297.755,297.501,296.302,296.462
3022,0.839444444,976.763,319.971,741.831,341.707,297.861,298.114,298.207,1016.593,1020.459,826.493,880.784,1047.144,297.755,297.501,296.302,296.462
3023,0.839722222,976.763,319.971,741.831,341.707,297.861,298.114,298.207,1016.593,1020.459,826.493,880.784,1047.144,297.755,297.501,296.302,296.462
3024,0.84,976.747,320.029,741.934,341.724,297.877,298.127,298.206,1016.915,1020.466,826.572,880.846,1047.155,297.764,297.51,296.312,296.469
3025,0.840277778,976.747,320.029,741.934,341.724,297.877,298.127,298.206,1016.915,1020.466,826.572,880.846,1047.155,297.764,297.51,296.312,296.469
3026,0.840555556,976.747,320.029,741.934,341.724,297.877,298.127,298.206,1016.915,1020.466,826.572,880.846,1047.155,297.764,297.51,296.312,296.469
3027,0.840833333,976.535,320.059,741.996,341.742,297.86,298.115,298.201,1016.871,1020.443,826.628,880.909,1047.146,297.755,297.498,296.301,296.459
3028,0.841111111,976.535,320.059,741.996,341.742,297.86,298.115,298.201,1016.871,1020.443,826.628,880.909,1047.146,297.755,297.498,296.301,296.459
3029,0.841388889,976.535,320.059,741.996,341.742,297.86,298.115,298.201,1016.871,1020.443,826.628,880.909,1047.146,297.755,297.498,296.301,296.459
3030,0.841666667,976.535,320.059,741.996,341.742,297.86,298.115,298.201,1016.871,1020.443,826.628,880.909,1047.146,297.755,297.498,296.301,296.459
3031,0.841944444,976.668,320.1,742.118,341.771,297.876,298.123,298.209,1016.638,1020.439,826.696,880.913,1047.127,297.768,297.509,296.311,296.47
3032,0.842222222,976.668,320.1,742.118,341.771,297.876,298.123,298.209,1016.638,1020.439,826.696,880.913,1047.127,297.768,297.509,296.311,296.47
3033,0.8425,976.668,320.1,742.118,341.771,297.876,298.123,298.209,1016.638,1020.439,826.696,880.913,1047.127,297.768,297.509,296.311,296.47
3034,0.842777778,976.438,320.128,742.183,341.787,297.881,298.134,298.216,1016.759,1020.441,826.756,880.971,1047.109,297.775,297.503,296.317,296.48
3035,0.843055556,976.438,320.128,742.183,341.787,297.881,298.134,298.216,1016.759,1020.441,826.756,880.971,1047.109,297.775,297.503,296.317,296.48
3036,0.843333333,976.438,320.128,742.183,341.787,297.881,298.134,298.216,1016.759,1020.441,826.756,880.971,1047.109,297.775,297.503,296.317,296.48
3037,0.843611111,976.438,320.128,742.183,341.787,297.881,298.134,298.216,1016.759,1020.441,826.756,880.971,1047.109,297.775,297.503,296.317,296.48
3038,0.843888889,976.098,320.181,742.276,341.805,297.893,298.123,298.209,1016.74,1020.432,826.839,881.021,1047.098,297.768,297.517,296.318,296.474
3039,0.844166667,976.098,320.181,742.276,341.805,297.893,298.123,298.209,1016.74,1020.432,826.839,881.021,1047.098,297.768,297.517,296.318,296.474
3040,0.844444444,976.098,320.181,742.276,341.805,297.893,298.123,298.209,1016.74,1020.432,826.839,881.021,1047.098,297.768,297.517,296.318,296.474
3041,0.844722222,975.695,320.208,742.353,341.825,297.916,298.123,298.213,1016.788,1020.416,826.905,881.058,1047.078,297.784,297.523,296.331,296.485
3042,0.845,975.695,320.208,742.353,341.825,297.916,298.123,298.213,1016.788,1020.416,826.905,881.058,1047.078,297.784,297.523,296.331,296.485
3043,0.845277778,975.695,320.208,742.353,341.825,297.916,298.123,298.213,1016.788,1020.416,826.905,881.058,1047.078,297.784,297.523,296.331,296.485
3044,0.845555556,975.695,320.208,742.353,341.825,297.916,298.123,298.213,1016.788,1020.416,826.905,881.058,1047.078,297.784,297.523,296.331,296.485
3045,0.845833333,975.616,320.252,742.467,341.845,297.902,298.128,298.226,1016.981,1020.409,826.973,881.107,1047.061,297.793,297.528,296.333,296.483
3046,0.846111111,975.616,320.252,742.467,341.845,297.902,298.128,298.226,1016.981,1020.409,826.973,881.107,1047.061,297.793,297.528,296.333,296.483
3047,0.846388889,975.616,320.252,742.467,341.845,297.902,298.128,298.226,1016.981,1020.409,826.973,881.107,1047.061,297.793,297.528,296.333,296.483
3048,0.846666667,975.807,320.304,742.539,341.87,297.923,298.139,298.215,1017.018,1020.41,827.037,881.126,1047.087,297.798,297.54,296.338,296.499
3049,0.846944444,975.807,320.304,742.539,341.87,297.923,298.139,298.215,1017.018,1020.41,827.037,881.126,1047.087,297.798,297.54,296.338,296.499
3050,0.847222222,975.807,320.304,742.539,341.87,297.923,298.139,298.215,1017.018,1020.41,827.037,881.126,1047.087,297.798,297.54,296.338,296.499
3051,0.8475,975.807,320.304,742.539,341.87,297.923,298.139,298.215,1017.018,1020.41,827.037,881.126,1047.087,297.798,297.54,296.338,296.499
3052,0.847777778,975.617,320.344,742.624,341.887,297.928,298.13,298.214,1017.087,1020.397,827.097,881.207,1047.085,297.79,297.535,296.335,296.494
3053,0.848055556,975.617,320.344,742.624,341.887,297.928,298.13,298.214,1017.087,1020.397,827.097,881.207,1047.085,297.79,297.535,296.335,296.494
3054,0.848333333,975.617,320.344,742.624,341.887,297.928,298.13,298.214,1017.087,1020.397,827.097,881.207,1047.085,297.79,297.535,296.335,296.494
3055,0.848611111,975.669,320.378,742.731,341.913,297.931,298.128,298.201,1017.443,1020.418,827.165,881.236,1047.115,297.802,297.547,296.344,296.505
3056,0.848888889,975.669,320.378,742.731,341.913,297.931,298.128,298.201,1017.443,1020.418,827.165,881.236,1047.115,297.802,297.547,296.344,296.505
3057,0.849166667,975.669,320.378,742.731,341.913,297.931,298.128,298.201,1017.443,1020.418,827.165,881.236,1047.115,297.802,297.547,296.344,296.505
3058,0.849444444,975.669,320.378,742.731,341.913,297.931,298.128,298.201,1017.443,1020.418,827.165,881.236,1047.115,297.802,297.547,296.344,296.505
3059,0.849722222,976.015,320.415,742.835,341.92,297.938,298.128,298.216,1017.938,1020.444,827.232,881.309,1047.191,297.805,297.543,296.343,296.509
3060,0.85,976.015,320.415,742.835,341.92,297.938,298.128,298.216,1017.938,1020.444,827.232,881.309,1047.191,297.805,297.543,296.343,296.509
3061,0.850277778,976.015,320.415,742.835,341.92,297.938,298.128,298.216,1017.938,1020.444,827.232,881.309,1047.191,297.805,297.543,296.343,296.509
3062,0.850555556,976.217,320.467,742.935,341.964,297.961,298.144,298.215,1018.044,1020.475,827.306,881.361,1047.242,297.815,297.561,296.357,296.523
3063,0.850833333,976.217,320.467,742.935,341.964,297.961,298.144,298.215,1018.044,1020.475,827.306,881.361,1047.242,297.815,297.561,296.357,296.523
3064,0.851111111,976.217,320.467,742.935,341.964,297.961,298.144,298.215,1018.044,1020.475,827.306,881.361,1047.242,297.815,297.561,296.357,296.523
3065,0.851388889,976.217,320.467,742.935,341.964,297.961,298.144,298.215,1018.044,1020.475,827.306,881.361,1047.242,297.815,297.561,296.357,296.523
3066,0.851666667,976.462,320.5,743.031,341.978,297.965,298.135,298.213,1017.999,1020.51,827.364,881.424,1047.289,297.82,297.561,296.355,296.526
3067,0.851944444,976.462,320.5,743.031,341.978,297.965,298.135,298.213,1017.999,1020.51,827.364,881.424,1047.289,297.82,297.561,296.355,296.526
3068,0.852222222,976.462,320.5,743.031,341.978,297.965,298.135,298.213,1017.999,1020.51,827.364,881.424,1047.289,297.82,297.561,296.355,296.526
3069,0.8525,976.702,320.531,743.115,341.992,297.968,298.111,298.203,1017.931,1020.547,827.417,881.441,1047.343,297.821,297.557,296.345,296.514
3070,0.852777778,976.702,320.531,743.115,341.992,297.968,298.111,298.203,1017.931,1020.547,827.417,881.441,1047.343,297.821,297.557,296.345,296.514
3071,0.853055556,976.702,320.531,743.115,341.992,297.968,298.111,298.203,1017.931,1020.547,827.417,881.441,1047.343,297.821,297.557,296.345,296.514
3072,0.853333333,976.702,320.531,743.115,341.992,297.968,298.111,298.203,1017.931,1020.547,827.417,881.441,1047.343,297.821,297.557,296.345,296.514
3073,0.853611111,976.581,320.576,743.199,342.014,297.972,298.11,298.2,1018.245,1020.585,827.501,881.495,1047.397,297.823,297.566,296.365,296.525
3074,0.853888889,976.581,320.576,743.199,342.014,297.972,298.11,298.2,1018.245,1020.585,827.501,881.495,1047.397,297.823,297.566,296.365,296.525
3075,0.854166667,976.581,320.576,743.199,342.014,297.972,298.11,298.2,1018.245,1020.585,827.501,881.495,1047.397,297.823,297.566,296.365,296.525
3076,0.854444444,976.406,320.616,743.313,342.031,297.999,298.13,298.218,1018.209,1020.643,827.563,881.58,1047.473,297.835,297.578,296.365,296.539
3077,0.854722222,976.406,320.616,743.313,342.031,297.999,298.13,298.218,1018.209,1020.643,827.563,881.58,1047.473,297.835,297.578,296.365,296.539
3078,0.855,976.406,320.616,743.313,342.031,297.999,298.13,298.218,1018.209,1020.643,827.563,881.58,1047.473,297.835,297.578,296.365,296.539
3079,0.855277778,976.406,320.616,743.313,342.031,297.999,298.13,298.218,1018.209,1020.643,827.563,881.58,1047.473,297.835,297.578,296.365,296.539
3080,0.855555556,976.448,320.658,743.396,342.044,297.998,298.126,298.211,1018.249,1020.678,827.632,881.598,1047.487,297.831,297.566,296.369,296.53
3081,0.855833333,976.448,320.658,743.396,342.044,297.998,298.126,298.211,1018.249,1020.678,827.632,881.598,1047.487,297.831,297.566,296.369,296.53
3082,0.856111111,976.448,320.658,743.396,342.044,297.998,298.126,298.211,1018.249,1020.678,827.632,881.598,1047.487,297.831,297.566,296.369,296.53
3083,0.856388889,975.906,320.697,743.448,342.065,298.019,298.109,298.202,1017.955,1020.729,827.708,881.667,1047.529,297.84,297.568,296.366,296.545
3084,0.856666667,975.906,320.697,743.448,342.065,298.019,298.109,298.202,1017.955,1020.729,827.708,881.667,1047.529,297.84,297.568,296.366,296.545
3085,0.856944444,975.906,320.697,743.448,342.065,298.019,298.109,298.202,1017.955,1020.729,827.708,881.667,1047.529,297.84,297.568,296.366,296.545
3086,0.857222222,975.906,320.697,743.448,342.065,298.019,298.109,298.202,1017.955,1020.729,827.708,881.667,1047.529,297.84,297.568,296.366,296.545
3087,0.8575,975.481,320.747,743.571,342.085,298.022,298.126,298.22,1017.712,1020.776,827.782,881.712,1047.552,297.862,297.591,296.382,296.554
3088,0.857777778,975.481,320.747,743.571,342.085,298.022,298.126,298.22,1017.712,1020.776,827.782,881.712,1047.552,297.862,297.591,296.382,296.554
3089,0.858055556,975.481,320.747,743.571,342.085,298.022,298.126,298.22,1017.712,1020.776,827.782,881.712,1047.552,297.862,297.591,296.382,296.554
3090,0.858333333,975.487,320.789,743.639,342.112,298.04,298.123,298.217,1017.278,1020.81,827.866,881.797,1047.63,297.86,297.601,296.389,296.561
3091,0.858611111,975.487,320.789,743.639,342.112,298.04,298.123,298.217,1017.278,1020.81,827.866,881.797,1047.63,297.86,297.601,296.389,296.561
3092,0.858888889,975.487,320.789,743.639,342.112,298.04,298.123,298.217,1017.278,1020.81,827.866,881.797,1047.63,297.86,297.601,296.389,296.561
3093,0.859166667,975.487,320.789,743.639,342.112,298.04,298.123,298.217,1017.278,1020.81,827.866,881.797,1047.63,297.86,297.601,296.389,296.561
3094,0.859444444,975.138,320.816,743.726,342.116,298.033,298.118,298.206,1017.122,1020.846,827.924,881.844,1047.658,297.858,297.588,296.386,296.555
3095,0.859722222,975.138,320.816,743.726,342.116,298.033,298.118,298.206,1017.122,1020.846,827.924,881.844,1047.658,297.858,297.588,296.386,296.555
3096,0.86,975.138,320.816,743.726,342.116,298.033,298.118,298.206,1017.122,1020.846,827.924,881.844,1047.658,297.858,297.588,296.386,296.555
3097,0.860277778,974.62,320.856,743.845,342.152,298.049,298.135,298.22,1016.892,1020.896,828.014,881.924,1047.717,297.877,297.614,296.404,296.573
3098,0.860555556,974.62,320.856,743.845,342.152,298.049,298.135,298.22,1016.892,1020.896,828.014,881.924,1047.717,297.877,297.614,296.404,296.573
3099,0.860833333,974.62,320.856,743.845,342.152,298.049,298.135,298.22,1016.892,1020.896,828.014,881.924,1047.717,297.877,297.614,296.404,296.573
3100,0.861111111,974.62,320.856,743.845,342.152,298.049,298.135,298.22,1016.892,1020.896,828.014,881.924,1047.717,297.877,297.614,296.404,296.573
3101,0.861388889,974.854,320.897,743.922,342.174,298.048,298.13,298.21,1017.382,1020.921,828.07,881.928,1047.718,297.87,297.609,296.402,296.577
3102,0.861666667,974.854,320.897,743.922,342.174,298.048,298.13,298.21,1017.382,1020.921,828.07,881.928,1047.718,297.87,297.609,296.402,296.577
3103,0.861944444,974.854,320.897,743.922,342.174,298.048,298.13,298.21,1017.382,1020.921,828.07,881.928,1047.718,297.87,297.609,296.402,296.577
3104,0.862222222,974.885,320.927,743.986,342.193,298.065,298.118,298.203,1017.518,1020.955,828.143,882.036,1047.786,297.877,297.612,296.414,296.566
3105,0.8625,974.885,320.927,743.986,342.193,298.065,298.118,298.203,1017.518,1020.955,828.143,882.036,1047.786,297.877,297.612,296.414,296.566
3106,0.862777778,974.885,320.927,743.986,342.193,298.065,298.118,298.203,1017.518,1020.955,828.143,882.036,1047.786,297.877,297.612,296.414,296.566
3107,0.863055556,974.885,320.927,743.986,342.193,298.065,298.118,298.203,1017.518,1020.955,828.143,882.036,1047.786,297.877,297.612,296.414,296.566
3108,0.863333333,975.036,320.986,744.115,342.232,298.082,298.126,298.212,1017.66,1020.99,828.233,882.091,1047.804,297.887,297.63,296.419,296.585
3109,0.863611111,975.036,320.986,744.115,342.232,298.082,298.126,298.212,1017.66,1020.99,828.233,882.091,1047.804,297.887,297.63,296.419,296.585
3110,0.863888889,975.036,320.986,744.115,342.232,298.082,298.126,298.212,1017.66,1020.99,828.233,882.091,1047.804,297.887,297.63,296.419,296.585
3111,0.864166667,974.958,321.012,744.217,342.234,298.087,298.123,298.217,1018.191,1021.016,828.298,882.149,1047.831,297.888,297.623,296.413,296.578
3112,0.864444444,974.958,321.012,744.217,342.234,298.087,298.123,298.217,1018.191,1021.016,828.298,882.149,1047.831,297.888,297.623,296.413,296.578
3113,0.864722222,974.958,321.012,744.217,342.234,298.087,298.123,298.217,1018.191,1021.016,828.298,882.149,1047.831,297.888,297.623,296.413,296.578
3114,0.865,975.484,321.054,744.306,342.259,298.093,298.124,298.21,1018.252,1021.03,828.376,882.204,1047.849,297.886,297.623,296.417,296.593
3115,0.865277778,975.484,321.054,744.306,342.259,298.093,298.124,298.21,1018.252,1021.03,828.376,882.204,1047.849,297.886,297.623,296.417,296.593
3116,0.865555556,975.484,321.054,744.306,342.259,298.093,298.124,298.21,1018.252,1021.03,828.376,882.204,1047.849,297.886,297.623,296.417,296.593
3117,0.865833333,975.484,321.054,744.306,342.259,298.093,298.124,298.21,1018.252,1021.03,828.376,882.204,1047.849,297.886,297.623,296.417,296.593
3118,0.866111111,976.103,321.1,744.413,342.287,298.092,298.131,298.205,1017.95,1021.063,828.452,882.245,1047.864,297.897,297.638,296.425,296.601
3119,0.866388889,976.103,321.1,744.413,342.287,298.092,298.131,298.205,1017.95,1021.063,828.452,882.245,1047.864,297.897,297.638,296.425,296.601
3120,0.866666667,976.103,321.1,744.413,342.287,298.092,298.131,298.205,1017.95,1021.063,828.452,882.245,1047.864,297.897,297.638,296.425,296.601
3121,0.866944444,976.675,321.137,744.508,342.306,298.118,298.141,298.215,1017.82,1021.081,828.534,882.343,1047.896,297.913,297.644,296.428,296.603
3122,0.867222222,976.675,321.137,744.508,342.306,298.118,298.141,298.215,1017.82,1021.081,828.534,882.343,1047.896,297.913,297.644,296.428,296.603
3123,0.8675,976.675,321.137,744.508,342.306,298.118,298.141,298.215,1017.82,1021.081,828.534,882.343,1047.896,297.913,297.644,296.428,296.603
3124,0.867777778,976.675,321.137,744.508,342.306,298.118,298.141,298.215,1017.82,1021.081,828.534,882.343,1047.896,297.913,297.644,296.428,296.603
3125,0.868055556,976.312,321.186,744.59,342.33,298.116,298.137,298.211,1017.687,1021.115,828.606,882.435,1047.928,297.904,297.645,296.431,296.601
3126,0.868333333,976.312,321.186,744.59,342.33,298.116,298.137,298.211,1017.687,1021.115,828.606,882.435,1047.928,297.904,297.645,296.431,296.601
3127,0.868611111,976.312,321.186,744.59,342.33,298.116,298.137,298.211,1017.687,1021.115,828.606,882.435,1047.928,297.904,297.645,296.431,296.601
3128,0.868888889,976.073,321.211,744.684,342.345,298.119,298.135,298.215,1017.338,1021.119,828.686,882.497,1047.932,297.904,297.644,296.431,296.6
3129,0.869166667,976.073,321.211,744.684,342.345,298.119,298.135,298.215,1017.338,1021.119,828.686,882.497,1047.932,297.904,297.644,296.431,296.6
3130,0.869444444,976.073,321.211,744.684,342.345,298.119,298.135,298.215,1017.338,1021.119,828.686,882.497,1047.932,297.904,297.644,296.431,296.6
3131,0.869722222,976.073,321.211,744.684,342.345,298.119,298.135,298.215,1017.338,1021.119,828.686,882.497,1047.932,297.904,297.644,296.431,296.6
3132,0.87,976.535,321.258,744.799,342.373,298.139,298.148,298.212,1017.442,1021.143,828.765,882.548,1047.941,297.917,297.656,296.44,296.614
3133,0.870277778,976.535,321.258,744.799,342.373,298.139,298.148,298.212,1017.442,1021.143,828.765,882.548,1047.941,297.917,297.656,296.44,296.614
3134,0.870555556,976.535,321.258,744.799,342.373,298.139,298.148,298.212,1017.442,1021.143,828.765,882.548,1047.941,297.917,297.656,296.44,296.614
3135,0.870833333,977.038,321.295,744.9,342.384,298.14,298.141,298.217,1017.456,1021.143,828.85,882.616,1047.935,297.916,297.652,296.449,296.618
3136,0.871111111,977.038,321.295,744.9,342.384,298.14,298.141,298.217,1017.456,1021.143,828.85,882.616,1047.935,297.916,297.652,296.449,296.618
3137,0.871388889,977.038,321.295,744.9,342.384,298.14,298.141,298.217,1017.456,1021.143,828.85,882.616,1047.935,297.916,297.652,296.449,296.618
3138,0.871666667,977.038,321.295,744.9,342.384,298.14,298.141,298.217,1017.456,1021.143,828.85,882.616,1047.935,297.916,297.652,296.449,296.618
3139,0.871944444,977.521,321.339,745.008,342.414,298.164,298.157,298.221,1017.411,1021.163,828.934,882.705,1047.954,297.943,297.661,296.467,296.629
3140,0.872222222,977.521,321.339,745.008,342.414,298.164,298.157,298.221,1017.411,1021.163,828.934,882.705,1047.954,297.943,297.661,296.467,296.629
3141,0.8725,977.521,321.339,745.008,342.414,298.164,298.157,298.221,1017.411,1021.163,828.934,882.705,1047.954,297.943,297.661,296.467,296.629
3142,0.872777778,977.691,321.382,745.098,342.433,298.173,298.153,298.223,1016.893,1021.163,829.016,882.784,1047.925,297.951,297.668,296.458,296.642
3143,0.873055556,977.691,321.382,745.098,342.433,298.173,298.153,298.223,1016.893,1021.163,829.016,882.784,1047.925,297.951,297.668,296.458,296.642
3144,0.873333333,977.691,321.382,745.098,342.433,298.173,298.153,298.223,1016.893,1021.163,829.016,882.784,1047.925,297.951,297.668,296.458,296.642
3145,0.873611111,977.691,321.382,745.098,342.433,298.173,298.153,298.223,1016.893,1021.163,829.016,882.784,1047.925,297.951,297.668,296.458,296.642
3146,0.873888889,977.899,321.407,745.189,342.462,298.173,298.136,298.227,1016.67,1021.153,829.102,882.819,1047.888,297.95,297.679,296.477,296.641
3147,0.874166667,977.899,321.407,745.189,342.462,298.173,298.136,298.227,1016.67,1021.153,829.102,882.819,1047.888,297.95,297.679,296.477,296.641
3148,0.874444444,977.899,321.407,745.189,342.462,298.173,298.136,298.227,1016.67,1021.153,829.102,882.819,1047.888,297.95,297.679,296.477,296.641
3149,0.874722222,977.758,321.444,745.264,342.482,298.168,298.129,298.212,1016.826,1021.125,829.152,882.897,1047.85,297.933,297.67,296.458,296.632
3150,0.875,977.758,321.444,745.264,342.482,298.168,298.129,298.212,1016.826,1021.125,829.152,882.897,1047.85,297.933,297.67,296.458,296.632
3151,0.875277778,977.758,321.444,745.264,342.482,298.168,298.129,298.212,1016.826,1021.125,829.152,882.897,1047.85,297.933,297.67,296.458,296.632
3152,0.875555556,977.758,321.444,745.264,342.482,298.168,298.129,298.212,1016.826,1021.125,829.152,882.897,1047.85,297.933,297.67,296.458,296.632
3153,0.875833333,977.617,321.486,745.369,342.509,298.182,298.132,298.224,1016.809,1021.099,829.252,882.958,1047.804,297.949,297.681,296.475,296.655
3154,0.876111111,977.617,321.486,745.369,342.509,298.182,298.132,298.224,1016.809,1021.099,829.252,882.958,1047.804,297.949,297.681,296.475,296.655
3155,0.876388889,977.617,321.486,745.369,342.509,298.182,298.132,298.224,1016.809,1021.099,829.252,882.958,1047.804,297.949,297.681,296.475,296.655
3156,0.876666667,977.688,321.523,745.454,342.532,298.196,298.132,298.206,1017.189,1021.067,829.323,883.043,1047.761,297.946,297.693,296.479,296.662
3157,0.876944444,977.688,321.523,745.454,342.532,298.196,298.132,298.206,1017.189,1021.067,829.323,883.043,1047.761,297.946,297.693,296.479,296.662
3158,0.877222222,977.688,321.523,745.454,342.532,298.196,298.132,298.206,1017.189,1021.067,829.323,883.043,1047.761,297.946,297.693,296.479,296.662
3159,0.8775,977.688,321.523,745.454,342.532,298.196,298.132,298.206,1017.189,1021.067,829.323,883.043,1047.761,297.946,297.693,296.479,296.662
3160,0.877777778,977.709,321.568,745.551,342.558,298.221,298.131,298.214,1017.045,1021.037,829.401,883.112,1047.703,297.95,297.69,296.481,296.658
3161,0.878055556,977.709,321.568,745.551,342.558,298.221,298.131,298.214,1017.045,1021.037,829.401,883.112,1047.703,297.95,297.69,296.481,296.658
3162,0.878333333,977.709,321.568,745.551,342.558,298.221,298.131,298.214,1017.045,1021.037,829.401,883.112,1047.703,297.95,297.69,296.481,296.658
3163,0.878611111,977.59,321.604,745.649,342.584,298.213,298.127,298.201,1016.806,1021,829.471,883.143,1047.652,297.957,297.692,296.491,296.668
3164,0.878888889,977.59,321.604,745.649,342.584,298.213,298.127,298.201,1016.806,1021,829.471,883.143,1047.652,297.957,297.692,296.491,296.668
3165,0.879166667,977.59,321.604,745.649,342.584,298.213,298.127,298.201,1016.806,1021,829.471,883.143,1047.652,297.957,297.692,296.491,296.668
3166,0.879444444,977.59,321.604,745.649,342.584,298.213,298.127,298.201,1016.806,1021,829.471,883.143,1047.652,297.957,297.692,296.491,296.668
3167,0.879722222,977.586,321.65,745.717,342.606,298.229,298.139,298.209,1016.721,1020.966,829.548,883.208,1047.617,297.966,297.705,296.493,296.664
3168,0.88,977.586,321.65,745.717,342.606,298.229,298.139,298.209,1016.721,1020.966,829.548,883.208,1047.617,297.966,297.705,296.493,296.664
3169,0.880277778,977.586,321.65,745.717,342.606,298.229,298.139,298.209,1016.721,1020.966,829.548,883.208,1047.617,297.966,297.705,296.493,296.664
3170,0.880555556,977.516,321.692,745.797,342.645,298.249,298.132,298.221,1016.73,1020.944,829.627,883.27,1047.58,297.98,297.707,296.499,296.673
3171,0.880833333,977.516,321.692,745.797,342.645,298.249,298.132,298.221,1016.73,1020.944,829.627,883.27,1047.58,297.98,297.707,296.499,296.673
3172,0.881111111,977.516,321.692,745.797,342.645,298.249,298.132,298.221,1016.73,1020.944,829.627,883.27,1047.58,297.98,297.707,296.499,296.673
3173,0.881388889,977.516,321.692,745.797,342.645,298.249,298.132,298.221,1016.73,1020.944,829.627,883.27,1047.58,297.98,297.707,296.499,296.673
3174,0.881666667,977.244,321.724,745.893,342.65,298.232,298.123,298.199,1016.438,1020.918,829.696,883.323,1047.574,297.971,297.716,296.502,296.667
3175,0.881944444,977.244,321.724,745.893,342.65,298.232,298.123,298.199,1016.438,1020.918,829.696,883.323,1047.574,297.971,297.716,296.502,296.667
3176,0.882222222,977.244,321.724,745.893,342.65,298.232,298.123,298.199,1016.438,1020.918,829.696,883.323,1047.574,297.971,297.716,296.502,296.667
3177,0.8825,977.652,321.761,745.974,342.685,298.239,298.129,298.202,1016.733,1020.883,829.754,883.372,1047.531,297.986,297.71,296.497,296.672
3178,0.882777778,977.652,321.761,745.974,342.685,298.239,298.129,298.202,1016.733,1020.883,829.754,883.372,1047.531,297.986,297.71,296.497,296.672
3179,0.883055556,977.652,321.761,745.974,342.685,298.239,298.129,298.202,1016.733,1020.883,829.754,883.372,1047.531,297.986,297.71,296.497,296.672
3180,0.883333333,977.652,321.761,745.974,342.685,298.239,298.129,298.202,1016.733,1020.883,829.754,883.372,1047.531,297.986,297.71,296.497,296.672
3181,0.883611111,977.694,321.797,746.07,342.708,298.27,298.127,298.212,1016.831,1020.861,829.824,883.41,1047.524,297.985,297.716,296.514,296.687
3182,0.883888889,977.694,321.797,746.07,342.708,298.27,298.127,298.212,1016.831,1020.861,829.824,883.41,1047.524,297.985,297.716,296.514,296.687
3183,0.884166667,977.694,321.797,746.07,342.708,298.27,298.127,298.212,1016.831,1020.861,829.824,883.41,1047.524,297.985,297.716,296.514,296.687
3184,0.884444444,978.159,321.843,746.169,342.727,298.28,298.138,298.205,1017.156,1020.831,829.886,883.468,1047.506,297.981,297.727,296.51,296.689
3185,0.884722222,978.159,321.843,746.169,342.727,298.28,298.138,298.205,1017.156,1020.831,829.886,883.468,1047.506,297.981,297.727,296.51,296.689
3186,0.885,978.159,321.843,746.169,342.727,298.28,298.138,298.205,1017.156,1020.831,829.886,883.468,1047.506,297.981,297.727,296.51,296.689
3187,0.885277778,978.159,321.843,746.169,342.727,298.28,298.138,298.205,1017.156,1020.831,829.886,883.468,1047.506,297.981,297.727,296.51,296.689
3188,0.885555556,978.344,321.879,746.253,342.752,298.289,298.168,298.224,1017.631,1020.82,829.953,883.534,1047.484,298.004,297.722,296.521,296.701
3189,0.885833333,978.344,321.879,746.253,342.752,298.289,298.168,298.224,1017.631,1020.82,829.953,883.534,1047.484,298.004,297.722,296.521,296.701
3190,0.886111111,978.344,321.879,746.253,342.752,298.289,298.168,298.224,1017.631,1020.82,829.953,883.534,1047.484,298.004,297.722,296.521,296.701
3191,0.886388889,978.087,321.922,746.295,342.773,298.302,298.163,298.224,1017.627,1020.813,830.023,883.547,1047.472,298.007,297.743,296.529,296.713
3192,0.886666667,978.087,321.922,746.295,342.773,298.302,298.163,298.224,1017.627,1020.813,830.023,883.547,1047.472,298.007,297.743,296.529,296.713
3193,0.886944444,978.087,321.922,746.295,342.773,298.302,298.163,298.224,1017.627,1020.813,830.023,883.547,1047.472,298.007,297.743,296.529,296.713
3194,0.887222222,978.087,321.922,746.295,342.773,298.302,298.163,298.224,1017.627,1020.813,830.023,883.547,1047.472,298.007,297.743,296.529,296.713
3195,0.8875,977.99,321.957,746.395,342.792,298.306,298.159,298.231,1017.912,1020.798,830.092,883.596,1047.473,298.017,297.743,296.531,296.708
3196,0.887777778,977.99,321.957,746.395,342.792,298.306,298.159,298.231,1017.912,1020.798,830.092,883.596,1047.473,298.017,297.743,296.531,296.708
3197,0.888055556,977.99,321.957,746.395,342.792,298.306,298.159,298.231,1017.912,1020.798,830.092,883.596,1047.473,298.017,297.743,296.531,296.708
3198,0.888333333,978.144,321.999,746.499,342.812,298.342,298.183,298.233,1018.306,1020.802,830.158,883.653,1047.476,298.026,297.761,296.548,296.725
3199,0.888611111,978.144,321.999,746.499,342.812,298.342,298.183,298.233,1018.306,1020.802,830.158,883.653,1047.476,298.026,297.761,296.548,296.725
3200,0.888888889,978.144,321.999,746.499,342.812,298.342,298.183,298.233,1018.306,1020.802,830.158,883.653,1047.476,298.026,297.761,296.548,296.725
3201,0.889166667,978.144,321.999,746.499,342.812,298.342,298.183,298.233,1018.306,1020.802,830.158,883.653,1047.476,298.026,297.761,296.548,296.725
3202,0.889444444,977.644,322.038,746.541,342.822,298.352,298.166,298.244,1018.197,1020.806,830.208,883.666,1047.484,298.028,297.759,296.554,296.731
3203,0.889722222,977.644,322.038,746.541,342.822,298.352,298.166,298.244,1018.197,1020.806,830.208,883.666,1047.484,298.028,297.759,296.554,296.731
3204,0.89,977.644,322.038,746.541,342.822,298.352,298.166,298.244,1018.197,1020.806,830.208,883.666,1047.484,298.028,297.759,296.554,296.731
3205,0.890277778,977.718,322.083,746.654,342.839,298.368,298.164,298.239,1017.944,1020.827,830.277,883.736,1047.54,298.037,297.769,296.557,296.731
3206,0.890555556,977.718,322.083,746.654,342.839,298.368,298.164,298.239,1017.944,1020.827,830.277,883.736,1047.54,298.037,297.769,296.557,296.731
3207,0.890833333,977.718,322.083,746.654,342.839,298.368,298.164,298.239,1017.944,1020.827,830.277,883.736,1047.54,298.037,297.769,296.557,296.731
3208,0.891111111,977.718,322.083,746.654,342.839,298.368,298.164,298.239,1017.944,1020.827,830.277,883.736,1047.54,298.037,297.769,296.557,296.731
3209,0.891388889,977.79,322.108,746.721,342.835,298.352,298.149,298.229,1017.85,1020.828,830.319,883.767,1047.543,298.033,297.764,296.551,296.731
3210,0.891666667,977.79,322.108,746.721,342.835,298.352,298.149,298.229,1017.85,1020.828,830.319,883.767,1047.543,298.033,297.764,296.551,296.731
3211,0.891944444,977.79,322.108,746.721,342.835,298.352,298.149,298.229,1017.85,1020.828,830.319,883.767,1047.543,298.033,297.764,296.551,296.731
3212,0.892222222,977.499,322.157,746.805,342.851,298.364,298.148,298.228,1017.558,1020.847,830.39,883.831,1047.596,298.037,297.769,296.567,296.74
3213,0.8925,977.499,322.157,746.805,342.851,298.364,298.148,298.228,1017.558,1020.847,830.39,883.831,1047.596,298.037,297.769,296.567,296.74
3214,0.892777778,977.499,322.157,746.805,342.851,298.364,298.148,298.228,1017.558,1020.847,830.39,883.831,1047.596,298.037,297.769,296.567,296.74
3215,0.893055556,977.499,322.157,746.805,342.851,298.364,298.148,298.228,1017.558,1020.847,830.39,883.831,1047.596,298.037,297.769,296.567,296.74
3216,0.893333333,977.664,322.197,746.921,342.862,298.366,298.143,298.228,1017.074,1020.885,830.458,883.866,1047.643,298.039,297.781,296.565,296.746
3217,0.893611111,977.664,322.197,746.921,342.862,298.366,298.143,298.228,1017.074,1020.885,830.458,883.866,1047.643,298.039,297.781,296.565,296.746
3218,0.893888889,977.664,322.197,746.921,342.862,298.366,298.143,298.228,1017.074,1020.885,830.458,883.866,1047.643,298.039,297.781,296.565,296.746
3219,0.894166667,977.551,322.233,747.003,342.881,298.366,298.147,298.218,1016.718,1020.921,830.52,883.901,1047.678,298.041,297.776,296.571,296.747
3220,0.894444444,977.551,322.233,747.003,342.881,298.366,298.147,298.218,1016.718,1020.921,830.52,883.901,1047.678,298.041,297.776,296.571,296.747
3221,0.894722222,977.551,322.233,747.003,342.881,298.366,298.147,298.218,1016.718,1020.921,830.52,883.901,1047.678,298.041,297.776,296.571,296.747
3222,0.895,977.551,322.233,747.003,342.881,298.366,298.147,298.218,1016.718,1020.921,830.52,883.901,1047.678,298.041,297.776,296.571,296.747
3223,0.895277778,977.839,322.273,747.102,342.892,298.391,298.141,298.223,1016.605,1020.962,830.585,883.932,1047.701,298.058,297.791,296.582,296.76
3224,0.895555556,977.839,322.273,747.102,342.892,298.391,298.141,298.223,1016.605,1020.962,830.585,883.932,1047.701,298.058,297.791,296.582,296.76
3225,0.895833333,977.839,322.273,747.102,342.892,298.391,298.141,298.223,1016.605,1020.962,830.585,883.932,1047.701,298.058,297.791,296.582,296.76
3226,0.896111111,977.493,322.318,747.209,342.911,298.399,298.14,298.237,1016.685,1021.002,830.643,884.02,1047.782,298.057,297.8,296.592,296.761
3227,0.896388889,977.493,322.318,747.209,342.911,298.399,298.14,298.237,1016.685,1021.002,830.643,884.02,1047.782,298.057,297.8,296.592,296.761
3228,0.896666667,977.493,322.318,747.209,342.911,298.399,298.14,298.237,1016.685,1021.002,830.643,884.02,1047.782,298.057,297.8,296.592,296.761
3229,0.896944444,977.493,322.318,747.209,342.911,298.399,298.14,298.237,1016.685,1021.002,830.643,884.02,1047.782,298.057,297.8,296.592,296.761
3230,0.897222222,977.659,322.346,747.276,342.92,298.394,298.135,298.23,1016.886,1021.014,830.7,884.057,1047.783,298.063,297.794,296.585,296.761
3231,0.8975,977.659,322.346,747.276,342.92,298.394,298.135,298.23,1016.886,1021.014,830.7,884.057,1047.783,298.063,297.794,296.585,296.761
3232,0.897777778,977.659,322.346,747.276,342.92,298.394,298.135,298.23,1016.886,1021.014,830.7,884.057,1047.783,298.063,297.794,296.585,296.761
3233,0.898055556,977.848,322.389,747.36,342.928,298.405,298.126,298.222,1016.826,1021.018,830.763,884.121,1047.787,298.07,297.802,296.593,296.76
3234,0.898333333,977.848,322.389,747.36,342.928,298.405,298.126,298.222,1016.826,1021.018,830.763,884.121,1047.787,298.07,297.802,296.593,296.76
3235,0.898611111,977.848,322.389,747.36,342.928,298.405,298.126,298.222,1016.826,1021.018,830.763,884.121,1047.787,298.07,297.802,296.593,296.76
3236,0.898888889,977.848,322.389,747.36,342.928,298.405,298.126,298.222,1016.826,1021.018,830.763,884.121,1047.787,298.07,297.802,296.593,296.76
3237,0.899166667,977.43,322.426,747.419,342.945,298.41,298.132,298.225,1016.613,1021.028,830.828,884.151,1047.761,298.074,297.802,296.58,296.763
3238,0.899444444,977.43,322.426,747.419,342.945,298.41,298.132,298.225,1016.613,1021.028,830.828,884.151,1047.761,298.074,297.802,296.58,296.763
3239,0.899722222,977.43,322.426,747.419,342.945,298.41,298.132,298.225,1016.613,1021.028,830.828,884.151,1047.761,298.074,297.802,296.58,296.763
3240,0.9,977.293,322.454,747.515,342.96,298.427,298.122,298.212,1016.72,1021.024,830.891,884.176,1047.705,298.074,297.802,296.59,296.77
3241,0.900277778,977.293,322.454,747.515,342.96,298.427,298.122,298.212,1016.72,1021.024,830.891,884.176,1047.705,298.074,297.802,296.59,296.77
3242,0.900555556,977.293,322.454,747.515,342.96,298.427,298.122,298.212,1016.72,1021.024,830.891,884.176,1047.705,298.074,297.802,296.59,296.77
3243,0.900833333,977.293,322.454,747.515,342.96,298.427,298.122,298.212,1016.72,1021.024,830.891,884.176,1047.705,298.074,297.802,296.59,296.77
3244,0.901111111,977.266,322.498,747.603,342.991,298.423,298.129,298.216,1016.706,1021.019,830.962,884.255,1047.728,298.086,297.815,296.6,296.782
3245,0.901388889,977.266,322.498,747.603,342.991,298.423,298.129,298.216,1016.706,1021.019,830.962,884.255,1047.728,298.086,297.815,296.6,296.782
3246,0.901666667,977.266,322.498,747.603,342.991,298.423,298.129,298.216,1016.706,1021.019,830.962,884.255,1047.728,298.086,297.815,296.6,296.782
3247,0.901944444,977.63,322.514,747.679,342.998,298.417,298.123,298.217,1016.966,1020.987,831.017,884.297,1047.677,298.079,297.811,296.593,296.774
3248,0.902222222,977.63,322.514,747.679,342.998,298.417,298.123,298.217,1016.966,1020.987,831.017,884.297,1047.677,298.079,297.811,296.593,296.774
3249,0.9025,977.63,322.514,747.679,342.998,298.417,298.123,298.217,1016.966,1020.987,831.017,884.297,1047.677,298.079,297.811,296.593,296.774
3250,0.902777778,977.63,322.514,747.679,342.998,298.417,298.123,298.217,1016.966,1020.987,831.017,884.297,1047.677,298.079,297.811,296.593,296.774
3251,0.903055556,978.406,322.568,747.759,343.026,298.432,298.13,298.217,1017.239,1020.983,831.092,884.339,1047.674,298.087,297.812,296.608,296.781
3252,0.903333333,978.406,322.568,747.759,343.026,298.432,298.13,298.217,1017.239,1020.983,831.092,884.339,1047.674,298.087,297.812,296.608,296.781
3253,0.903611111,978.406,322.568,747.759,343.026,298.432,298.13,298.217,1017.239,1020.983,831.092,884.339,1047.674,298.087,297.812,296.608,296.781
3254,0.903888889,978.909,322.604,747.865,343.06,298.445,298.116,298.226,1017.159,1020.976,831.163,884.441,1047.691,298.095,297.82,296.614,296.785
3255,0.904166667,978.909,322.604,747.865,343.06,298.445,298.116,298.226,1017.159,1020.976,831.163,884.441,1047.691,298.095,297.82,296.614,296.785
3256,0.904444444,978.909,322.604,747.865,343.06,298.445,298.116,298.226,1017.159,1020.976,831.163,884.441,1047.691,298.095,297.82,296.614,296.785
3257,0.904722222,978.909,322.604,747.865,343.06,298.445,298.116,298.226,1017.159,1020.976,831.163,884.441,1047.691,298.095,297.82,296.614,296.785
3258,0.905,979.345,322.638,747.958,343.073,298.449,298.11,298.215,1016.857,1020.975,831.223,884.478,1047.684,298.097,297.825,296.611,296.788
3259,0.905277778,979.345,322.638,747.958,343.073,298.449,298.11,298.215,1016.857,1020.975,831.223,884.478,1047.684,298.097,297.825,296.611,296.788
3260,0.905555556,979.345,322.638,747.958,343.073,298.449,298.11,298.215,1016.857,1020.975,831.223,884.478,1047.684,298.097,297.825,296.611,296.788
3261,0.905833333,979.555,322.688,748.042,343.092,298.467,298.115,298.222,1016.835,1020.968,831.299,884.527,1047.66,298.103,297.838,296.618,296.788
3262,0.906111111,979.555,322.688,748.042,343.092,298.467,298.115,298.222,1016.835,1020.968,831.299,884.527,1047.66,298.103,297.838,296.618,296.788
3263,0.906388889,979.555,322.688,748.042,343.092,298.467,298.115,298.222,1016.835,1020.968,831.299,884.527,1047.66,298.103,297.838,296.618,296.788
3264,0.906666667,979.555,322.688,748.042,343.092,298.467,298.115,298.222,1016.835,1020.968,831.299,884.527,1047.66,298.103,297.838,296.618,296.788
3265,0.906944444,979.628,322.719,748.106,343.097,298.463,298.096,298.208,1016.968,1020.948,831.351,884.559,1047.637,298.099,297.836,296.619,296.79
3266,0.907222222,979.628,322.719,748.106,343.097,298.463,298.096,298.208,1016.968,1020.948,831.351,884.559,1047.637,298.099,297.836,296.619,296.79
3267,0.9075,979.628,322.719,748.106,343.097,298.463,298.096,298.208,1016.968,1020.948,831.351,884.559,1047.637,298.099,297.836,296.619,296.79
3268,0.907777778,979.156,322.752,748.173,343.125,298.479,298.105,298.208,1016.803,1020.947,831.418,884.614,1047.631,298.112,297.841,296.622,296.803
3269,0.908055556,979.156,322.752,748.173,343.125,298.479,298.105,298.208,1016.803,1020.947,831.418,884.614,1047.631,298.112,297.841,296.622,296.803
3270,0.908333333,979.156,322.752,748.173,343.125,298.479,298.105,298.208,1016.803,1020.947,831.418,884.614,1047.631,298.112,297.841,296.622,296.803
3271,0.908611111,979.156,322.752,748.173,343.125,298.479,298.105,298.208,1016.803,1020.947,831.418,884.614,1047.631,298.112,297.841,296.622,296.803
3272,0.908888889,978.541,322.789,748.288,343.147,298.483,298.107,298.211,1016.564,1020.938,831.495,884.683,1047.605,298.119,297.843,296.635,296.812
3273,0.909166667,978.541,322.789,748.288,343.147,298.483,298.107,298.211,1016.564,1020.938,831.495,884.683,1047.605,298.119,297.843,296.635,296.812
3274,0.909444444,978.541,322.789,748.288,343.147,298.483,298.107,298.211,1016.564,1020.938,831.495,884.683,1047.605,298.119,297.843,296.635,296.812
3275,0.909722222,978.346,322.832,748.386,343.159,298.494,298.102,298.219,1016.809,1020.905,831.555,884.725,1047.564,298.115,297.845,296.635,296.808
3276,0.91,978.346,322.832,748.386,343.159,298.494,298.102,298.219,1016.809,1020.905,831.555,884.725,1047.564,298.115,297.845,296.635,296.808
3277,0.910277778,978.346,322.832,748.386,343.159,298.494,298.102,298.219,1016.809,1020.905,831.555,884.725,1047.564,298.115,297.845,296.635,296.808
3278,0.910555556,978.346,322.832,748.386,343.159,298.494,298.102,298.219,1016.809,1020.905,831.555,884.725,1047.564,298.115,297.845,296.635,296.808
3279,0.910833333,978.729,322.875,748.46,343.169,298.507,298.118,298.218,1016.454,1020.885,831.621,884.768,1047.517,298.136,297.861,296.643,296.813
3280,0.911111111,978.729,322.875,748.46,343.169,298.507,298.118,298.218,1016.454,1020.885,831.621,884.768,1047.517,298.136,297.861,296.643,296.813
3281,0.911388889,978.729,322.875,748.46,343.169,298.507,298.118,298.218,1016.454,1020.885,831.621,884.768,1047.517,298.136,297.861,296.643,296.813
3282,0.911666667,979.043,322.91,748.527,343.192,298.529,298.13,298.22,1015.64,1020.859,831.69,884.84,1047.5,298.142,297.872,296.649,296.824
3283,0.911944444,979.043,322.91,748.527,343.192,298.529,298.13,298.22,1015.64,1020.859,831.69,884.84,1047.5,298.142,297.872,296.649,296.824
3284,0.912222222,979.043,322.91,748.527,343.192,298.529,298.13,298.22,1015.64,1020.859,831.69,884.84,1047.5,298.142,297.872,296.649,296.824
3285,0.9125,979.043,322.91,748.527,343.192,298.529,298.13,298.22,1015.64,1020.859,831.69,884.84,1047.5,298.142,297.872,296.649,296.824
3286,0.912777778,979.117,322.949,748.582,343.206,298.534,298.12,298.216,1015.158,1020.83,831.75,884.847,1047.427,298.144,297.859,296.651,296.828
3287,0.913055556,979.117,322.949,748.582,343.206,298.534,298.12,298.216,1015.158,1020.83,831.75,884.847,1047.427,298.144,297.859,296.651,296.828
3288,0.913333333,979.117,322.949,748.582,343.206,298.534,298.12,298.216,1015.158,1020.83,831.75,884.847,1047.427,298.144,297.859,296.651,296.828
3289,0.913611111,979.211,322.982,748.688,343.219,298.526,298.119,298.201,1015.136,1020.8,831.813,884.923,1047.421,298.139,297.868,296.647,296.829
3290,0.913888889,979.211,322.982,748.688,343.219,298.526,298.119,298.201,1015.136,1020.8,831.813,884.923,1047.421,298.139,297.868,296.647,296.829
3291,0.914166667,979.211,322.982,748.688,343.219,298.526,298.119,298.201,1015.136,1020.8,831.813,884.923,1047.421,298.139,297.868,296.647,296.829
3292,0.914444444,979.211,322.982,748.688,343.219,298.526,298.119,298.201,1015.136,1020.8,831.813,884.923,1047.421,298.139,297.868,296.647,296.829
3293,0.914722222,979.159,323.018,748.762,343.244,298.535,298.108,298.207,1015.392,1020.768,831.868,884.923,1047.371,298.147,297.87,296.65,296.838
3294,0.915,979.159,323.018,748.762,343.244,298.535,298.108,298.207,1015.392,1020.768,831.868,884.923,1047.371,298.147,297.87,296.65,296.838
3295,0.915277778,979.159,323.018,748.762,343.244,298.535,298.108,298.207,1015.392,1020.768,831.868,884.923,1047.371,298.147,297.87,296.65,296.838
3296,0.915555556,978.65,323.057,748.806,343.268,298.537,298.105,298.199,1015.471,1020.722,831.929,884.967,1047.333,298.141,297.87,296.647,296.827
3297,0.915833333,978.65,323.057,748.806,343.268,298.537,298.105,298.199,1015.471,1020.722,831.929,884.967,1047.333,298.141,297.87,296.647,296.827
3298,0.916111111,978.65,323.057,748.806,343.268,298.537,298.105,298.199,1015.471,1020.722,831.929,884.967,1047.333,298.141,297.87,296.647,296.827
3299,0.916388889,978.65,323.057,748.806,343.268,298.537,298.105,298.199,1015.471,1020.722,831.929,884.967,1047.333,298.141,297.87,296.647,296.827
3300,0.916666667,978.412,323.088,748.893,343.302,298.564,298.105,298.214,1015.378,1020.695,831.989,885.004,1047.286,298.162,297.886,296.657,296.838
3301,0.916944444,978.412,323.088,748.893,343.302,298.564,298.105,298.214,1015.378,1020.695,831.989,885.004,1047.286,298.162,297.886,296.657,296.838
3302,0.917222222,978.412,323.088,748.893,343.302,298.564,298.105,298.214,1015.378,1020.695,831.989,885.004,1047.286,298.162,297.886,296.657,296.838
3303,0.9175,977.769,323.132,748.963,343.313,298.568,298.096,298.211,1015.581,1020.656,832.041,885.067,1047.277,298.162,297.887,296.661,296.849
3304,0.917777778,977.769,323.132,748.963,343.313,298.568,298.096,298.211,1015.581,1020.656,832.041,885.067,1047.277,298.162,297.887,296.661,296.849
3305,0.918055556,977.769,323.132,748.963,343.313,298.568,298.096,298.211,1015.581,1020.656,832.041,885.067,1047.277,298.162,297.887,296.661,296.849
3306,0.918333333,977.769,323.132,748.963,343.313,298.568,298.096,298.211,1015.581,1020.656,832.041,885.067,1047.277,298.162,297.887,296.661,296.849
3307,0.918611111,977.261,323.173,749.036,343.333,298.578,298.089,298.202,1015.631,1020.626,832.106,885.125,1047.219,298.169,297.891,296.668,296.851
3308,0.918888889,977.261,323.173,749.036,343.333,298.578,298.089,298.202,1015.631,1020.626,832.106,885.125,1047.219,298.169,297.891,296.668,296.851
3309,0.919166667,977.261,323.173,749.036,343.333,298.578,298.089,298.202,1015.631,1020.626,832.106,885.125,1047.219,298.169,297.891,296.668,296.851
3310,0.919444444,977.59,323.216,749.141,343.358,298.588,298.109,298.2,1015.808,1020.616,832.159,885.138,1047.212,298.174,297.897,296.671,296.854
3311,0.919722222,977.59,323.216,749.141,343.358,298.588,298.109,298.2,1015.808,1020.616,832.159,885.138,1047.212,298.174,297.897,296.671,296.854
3312,0.92,977.59,323.216,749.141,343.358,298.588,298.109,298.2,1015.808,1020.616,832.159,885.138,1047.212,298.174,297.897,296.671,296.854
3313,0.920277778,977.59,323.216,749.141,343.358,298.588,298.109,298.2,1015.808,1020.616,832.159,885.138,1047.212,298.174,297.897,296.671,296.854
3314,0.920555556,977.688,323.239,749.234,343.372,298.587,298.119,298.205,1016.195,1020.595,832.218,885.173,1047.195,298.174,297.909,296.674,296.863
3315,0.920833333,977.688,323.239,749.234,343.372,298.587,298.119,298.205,1016.195,1020.595,832.218,885.173,1047.195,298.174,297.909,296.674,296.863
3316,0.921111111,977.688,323.239,749.234,343.372,298.587,298.119,298.205,1016.195,1020.595,832.218,885.173,1047.195,298.174,297.909,296.674,296.863
3317,0.921388889,977.402,323.277,749.289,343.394,298.604,298.126,298.215,1016.067,1020.596,832.27,885.223,1047.236,298.189,297.911,296.693,296.871
3318,0.921666667,977.402,323.277,749.289,343.394,298.604,298.126,298.215,1016.067,1020.596,832.27,885.223,1047.236,298.189,297.911,296.693,296.871
3319,0.921944444,977.402,323.277,749.289,343.394,298.604,298.126,298.215,1016.067,1020.596,832.27,885.223,1047.236,298.189,297.911,296.693,296.871
3320,0.922222222,977.402,323.277,749.289,343.394,298.604,298.126,298.215,1016.067,1020.596,832.27,885.223,1047.236,298.189,297.911,296.693,296.871
3321,0.9225,977.656,323.322,749.385,343.412,298.603,298.124,298.21,1015.708,1020.596,832.325,885.245,1047.246,298.189,297.918,296.687,296.878
3322,0.922777778,977.656,323.322,749.385,343.412,298.603,298.124,298.21,1015.708,1020.596,832.325,885.245,1047.246,298.189,297.918,296.687,296.878
3323,0.923055556,977.656,323.322,749.385,343.412,298.603,298.124,298.21,1015.708,1020.596,832.325,885.245,1047.246,298.189,297.918,296.687,296.878
3324,0.923333333,977.962,323.36,749.452,343.425,298.624,298.116,298.215,1015.435,1020.616,832.377,885.293,1047.286,298.199,297.922,296.697,296.881
3325,0.923611111,977.962,323.36,749.452,343.425,298.624,298.116,298.215,1015.435,1020.616,832.377,885.293,1047.286,298.199,297.922,296.697,296.881
3326,0.923888889,977.962,323.36,749.452,343.425,298.624,298.116,298.215,1015.435,1020.616,832.377,885.293,1047.286,298.199,297.922,296.697,296.881
3327,0.924166667,977.962,323.36,749.452,343.425,298.624,298.116,298.215,1015.435,1020.616,832.377,885.293,1047.286,298.199,297.922,296.697,296.881
3328,0.924444444,977.724,323.396,749.515,343.446,298.622,298.112,298.203,1015.258,1020.631,832.418,885.304,1047.311,298.207,297.922,296.695,296.879
3329,0.924722222,977.724,323.396,749.515,343.446,298.622,298.112,298.203,1015.258,1020.631,832.418,885.304,1047.311,298.207,297.922,296.695,296.879
3330,0.925,977.724,323.396,749.515,343.446,298.622,298.112,298.203,1015.258,1020.631,832.418,885.304,1047.311,298.207,297.922,296.695,296.879
3331,0.925277778,977.6,323.433,749.572,343.457,298.639,298.113,298.203,1015.307,1020.647,832.491,885.338,1047.33,298.208,297.937,296.701,296.885
3332,0.925555556,977.6,323.433,749.572,343.457,298.639,298.113,298.203,1015.307,1020.647,832.491,885.338,1047.33,298.208,297.937,296.701,296.885
3333,0.925833333,977.6,323.433,749.572,343.457,298.639,298.113,298.203,1015.307,1020.647,832.491,885.338,1047.33,298.208,297.937,296.701,296.885
3334,0.926111111,977.6,323.433,749.572,343.457,298.639,298.113,298.203,1015.307,1020.647,832.491,885.338,1047.33,298.208,297.937,296.701,296.885
3335,0.926388889,977.326,323.479,749.664,343.48,298.646,298.108,298.213,1015.56,1020.669,832.539,885.367,1047.358,298.217,297.941,296.721,296.896
3336,0.926666667,977.326,323.479,749.664,343.48,298.646,298.108,298.213,1015.56,1020.669,832.539,885.367,1047.358,298.217,297.941,296.721,296.896
3337,0.926944444,977.326,323.479,749.664,343.48,298.646,298.108,298.213,1015.56,1020.669,832.539,885.367,1047.358,298.217,297.941,296.721,296.896
3338,0.927222222,977.223,323.492,749.746,343.491,298.623,298.111,298.196,1015.96,1020.673,832.579,885.399,1047.349,298.202,297.932,296.701,296.882
3339,0.9275,977.223,323.492,749.746,343.491,298.623,298.111,298.196,1015.96,1020.673,832.579,885.399,1047.349,298.202,297.932,296.701,296.882
3340,0.927777778,977.223,323.492,749.746,343.491,298.623,298.111,298.196,1015.96,1020.673,832.579,885.399,1047.349,298.202,297.932,296.701,296.882
3341,0.928055556,977.223,323.492,749.746,343.491,298.623,298.111,298.196,1015.96,1020.673,832.579,885.399,1047.349,298.202,297.932,296.701,296.882
3342,0.928333333,977.467,323.54,749.835,343.521,298.663,298.13,298.217,1016.049,1020.693,832.633,885.472,1047.409,298.218,297.957,296.719,296.899
3343,0.928611111,977.467,323.54,749.835,343.521,298.663,298.13,298.217,1016.049,1020.693,832.633,885.472,1047.409,298.218,297.957,296.719,296.899
3344,0.928888889,977.467,323.54,749.835,343.521,298.663,298.13,298.217,1016.049,1020.693,832.633,885.472,1047.409,298.218,297.957,296.719,296.899
3345,0.929166667,977.392,323.585,749.897,343.543,298.675,298.134,298.214,1016.001,1020.718,832.694,885.525,1047.443,298.228,297.957,296.719,296.911
3346,0.929444444,977.392,323.585,749.897,343.543,298.675,298.134,298.214,1016.001,1020.718,832.694,885.525,1047.443,298.228,297.957,296.719,296.911
3347,0.929722222,977.392,323.585,749.897,343.543,298.675,298.134,298.214,1016.001,1020.718,832.694,885.525,1047.443,298.228,297.957,296.719,296.911
3348,0.93,977.392,323.585,749.897,343.543,298.675,298.134,298.214,1016.001,1020.718,832.694,885.525,1047.443,298.228,297.957,296.719,296.911
3349,0.930277778,977.271,323.616,749.965,343.55,298.686,298.121,298.209,1015.978,1020.736,832.734,885.538,1047.426,298.235,297.965,296.724,296.916
3350,0.930555556,977.271,323.616,749.965,343.55,298.686,298.121,298.209,1015.978,1020.736,832.734,885.538,1047.426,298.235,297.965,296.724,296.916
3351,0.930833333,977.271,323.616,749.965,343.55,298.686,298.121,298.209,1015.978,1020.736,832.734,885.538,1047.426,298.235,297.965,296.724,296.916
3352,0.931111111,977.327,323.666,750.042,343.575,298.711,298.134,298.227,1016.222,1020.761,832.811,885.607,1047.497,298.251,297.969,296.739,296.921
3353,0.931388889,977.327,323.666,750.042,343.575,298.711,298.134,298.227,1016.222,1020.761,832.811,885.607,1047.497,298.251,297.969,296.739,296.921
3354,0.931666667,977.327,323.666,750.042,343.575,298.711,298.134,298.227,1016.222,1020.761,832.811,885.607,1047.497,298.251,297.969,296.739,296.921
3355,0.931944444,977.327,323.666,750.042,343.575,298.711,298.134,298.227,1016.222,1020.761,832.811,885.607,1047.497,298.251,297.969,296.739,296.921
3356,0.932222222,977.394,323.693,750.113,343.588,298.705,298.127,298.211,1016.549,1020.785,832.854,885.658,1047.533,298.245,297.964,296.747,296.931
3357,0.9325,977.394,323.693,750.113,343.588,298.705,298.127,298.211,1016.549,1020.785,832.854,885.658,1047.533,298.245,297.964,296.747,296.931
3358,0.932777778,977.394,323.693,750.113,343.588,298.705,298.127,298.211,1016.549,1020.785,832.854,885.658,1047.533,298.245,297.964,296.747,296.931
3359,0.933055556,977.84,323.736,750.207,343.603,298.715,298.141,298.212,1016.692,1020.809,832.899,885.716,1047.572,298.259,297.982,296.743,296.929
3360,0.933333333,977.84,323.736,750.207,343.603,298.715,298.141,298.212,1016.692,1020.809,832.899,885.716,1047.572,298.259,297.982,296.743,296.929
3361,0.933611111,977.84,323.736,750.207,343.603,298.715,298.141,298.212,1016.692,1020.809,832.899,885.716,1047.572,298.259,297.982,296.743,296.929
3362,0.933888889,977.84,323.736,750.207,343.603,298.715,298.141,298.212,1016.692,1020.809,832.899,885.716,1047.572,298.259,297.982,296.743,296.929
3363,0.934166667,978.041,323.757,750.312,343.595,298.725,298.135,298.218,1016.497,1020.827,832.953,885.764,1047.602,298.257,297.972,296.742,296.92
3364,0.934444444,978.041,323.757,750.312,343.595,298.725,298.135,298.218,1016.497,1020.827,832.953,885.764,1047.602,298.257,297.972,296.742,296.92
3365,0.934722222,978.041,323.757,750.312,343.595,298.725,298.135,298.218,1016.497,1020.827,832.953,885.764,1047.602,298.257,297.972,296.742,296.92
3366,0.935,978.513,323.804,750.363,343.609,298.748,298.138,298.223,1016.433,1020.878,833.02,885.813,1047.648,298.263,297.986,296.759,296.949
3367,0.935277778,978.513,323.804,750.363,343.609,298.748,298.138,298.223,1016.433,1020.878,833.02,885.813,1047.648,298.263,297.986,296.759,296.949
3368,0.935555556,978.513,323.804,750.363,343.609,298.748,298.138,298.223,1016.433,1020.878,833.02,885.813,1047.648,298.263,297.986,296.759,296.949
3369,0.935833333,978.513,323.804,750.363,343.609,298.748,298.138,298.223,1016.433,1020.878,833.02,885.813,1047.648,298.263,297.986,296.759,296.949
3370,0.936111111,978.742,323.841,750.472,343.609,298.734,298.139,298.226,1016.28,1020.904,833.075,885.864,1047.692,298.267,297.99,296.764,296.947
3371,0.936388889,978.742,323.841,750.472,343.609,298.734,298.139,298.226,1016.28,1020.904,833.075,885.864,1047.692,298.267,297.99,296.764,296.947
3372,0.936666667,978.742,323.841,750.472,343.609,298.734,298.139,298.226,1016.28,1020.904,833.075,885.864,1047.692,298.267,297.99,296.764,296.947
3373,0.936944444,978.134,323.877,750.538,343.623,298.759,298.136,298.232,1016.418,1020.941,833.132,885.9,1047.718,298.281,297.995,296.766,296.954
3374,0.937222222,978.134,323.877,750.538,343.623,298.759,298.136,298.232,1016.418,1020.941,833.132,885.9,1047.718,298.281,297.995,296.766,296.954
3375,0.9375,978.134,323.877,750.538,343.623,298.759,298.136,298.232,1016.418,1020.941,833.132,885.9,1047.718,298.281,297.995,296.766,296.954
3376,0.937777778,978.134,323.877,750.538,343.623,298.759,298.136,298.232,1016.418,1020.941,833.132,885.9,1047.718,298.281,297.995,296.766,296.954
3377,0.938055556,978.085,323.902,750.615,343.626,298.748,298.134,298.232,1016.118,1020.952,833.182,885.956,1047.751,298.272,297.996,296.762,296.945
3378,0.938333333,978.085,323.902,750.615,343.626,298.748,298.134,298.232,1016.118,1020.952,833.182,885.956,1047.751,298.272,297.996,296.762,296.945
3379,0.938611111,978.085,323.902,750.615,343.626,298.748,298.134,298.232,1016.118,1020.952,833.182,885.956,1047.751,298.272,297.996,296.762,296.945
3380,0.938888889,978.14,323.94,750.697,343.644,298.769,298.144,298.215,1015.992,1020.99,833.255,886.011,1047.767,298.275,298.006,296.776,296.96
3381,0.939166667,978.14,323.94,750.697,343.644,298.769,298.144,298.215,1015.992,1020.99,833.255,886.011,1047.767,298.275,298.006,296.776,296.96
3382,0.939444444,978.14,323.94,750.697,343.644,298.769,298.144,298.215,1015.992,1020.99,833.255,886.011,1047.767,298.275,298.006,296.776,296.96
3383,0.939722222,978.14,323.94,750.697,343.644,298.769,298.144,298.215,1015.992,1020.99,833.255,886.011,1047.767,298.275,298.006,296.776,296.96
3384,0.94,977.737,323.98,750.786,343.65,298.768,298.132,298.228,1016.102,1021.001,833.312,886.081,1047.775,298.286,298.007,296.777,296.956
3385,0.940277778,977.737,323.98,750.786,343.65,298.768,298.132,298.228,1016.102,1021.001,833.312,886.081,1047.775,298.286,298.007,296.777,296.956
3386,0.940555556,977.737,323.98,750.786,343.65,298.768,298.132,298.228,1016.102,1021.001,833.312,886.081,1047.775,298.286,298.007,296.777,296.956
3387,0.940833333,978.108,324.021,750.87,343.662,298.773,298.13,298.218,1016.085,1021.008,833.371,886.12,1047.767,298.295,298.008,296.778,296.968
3388,0.941111111,978.108,324.021,750.87,343.662,298.773,298.13,298.218,1016.085,1021.008,833.371,886.12,1047.767,298.295,298.008,296.778,296.968
3389,0.941388889,978.108,324.021,750.87,343.662,298.773,298.13,298.218,1016.085,1021.008,833.371,886.12,1047.767,298.295,298.008,296.778,296.968
3390,0.941666667,978.108,324.021,750.87,343.662,298.773,298.13,298.218,1016.085,1021.008,833.371,886.12,1047.767,298.295,298.008,296.778,296.968
3391,0.941944444,978.26,324.06,750.949,343.667,298.799,298.13,298.229,1015.86,1021.008,833.447,886.185,1047.754,298.298,298.024,296.79,296.974
3392,0.942222222,978.26,324.06,750.949,343.667,298.799,298.13,298.229,1015.86,1021.008,833.447,886.185,1047.754,298.298,298.024,296.79,296.974
3393,0.9425,978.26,324.06,750.949,343.667,298.799,298.13,298.229,1015.86,1021.008,833.447,886.185,1047.754,298.298,298.024,296.79,296.974
3394,0.942777778,978.26,324.06,750.949,343.667,298.799,298.13,298.229,1015.86,1021.008,833.447,886.185,1047.754,298.298,298.024,296.79,296.974
3395,0.943055556,978.228,324.089,751.033,343.664,298.778,298.126,298.217,1015.934,1020.997,833.494,886.268,1047.763,298.29,298.013,296.771,296.973
3396,0.943333333,978.228,324.089,751.033,343.664,298.778,298.126,298.217,1015.934,1020.997,833.494,886.268,1047.763,298.29,298.013,296.771,296.973
3397,0.943611111,978.228,324.089,751.033,343.664,298.778,298.126,298.217,1015.934,1020.997,833.494,886.268,1047.763,298.29,298.013,296.771,296.973
3398,0.943888889,977.366,324.141,751.078,343.683,298.815,298.128,298.236,1015.73,1020.993,833.568,886.258,1047.729,298.315,298.031,296.8,296.986
3399,0.944166667,977.366,324.141,751.078,343.683,298.815,298.128,298.236,1015.73,1020.993,833.568,886.258,1047.729,298.315,298.031,296.8,296.986
3400,0.944444444,977.366,324.141,751.078,343.683,298.815,298.128,298.236,1015.73,1020.993,833.568,886.258,1047.729,298.315,298.031,296.8,296.986
3401,0.944722222,977.366,324.141,751.078,343.683,298.815,298.128,298.236,1015.73,1020.993,833.568,886.258,1047.729,298.315,298.031,296.8,296.986
3402,0.945,976.626,324.16,751.146,343.689,298.812,298.13,298.212,1015.63,1020.969,833.619,886.305,1047.672,298.301,298.023,296.79,296.984
3403,0.945277778,976.626,324.16,751.146,343.689,298.812,298.13,298.212,1015.63,1020.969,833.619,886.305,1047.672,298.301,298.023,296.79,296.984
3404,0.945555556,976.626,324.16,751.146,343.689,298.812,298.13,298.212,1015.63,1020.969,833.619,886.305,1047.672,298.301,298.023,296.79,296.984
3405,0.945833333,976.469,324.201,751.237,343.698,298.816,298.14,298.221,1016.113,1020.96,833.684,886.4,1047.692,298.316,298.038,296.803,296.989
3406,0.946111111,976.469,324.201,751.237,343.698,298.816,298.14,298.221,1016.113,1020.96,833.684,886.4,1047.692,298.316,298.038,296.803,296.989
3407,0.946388889,976.469,324.201,751.237,343.698,298.816,298.14,298.221,1016.113,1020.96,833.684,886.4,1047.692,298.316,298.038,296.803,296.989
3408,0.946666667,976.469,324.201,751.237,343.698,298.816,298.14,298.221,1016.113,1020.96,833.684,886.4,1047.692,298.316,298.038,296.803,296.989
3409,0.946944444,976.272,324.244,751.306,343.725,298.844,298.139,298.216,1016.445,1020.947,833.747,886.449,1047.643,298.324,298.043,296.813,297
3410,0.947222222,976.272,324.244,751.306,343.725,298.844,298.139,298.216,1016.445,1020.947,833.747,886.449,1047.643,298.324,298.043,296.813,297
3411,0.9475,976.272,324.244,751.306,343.725,298.844,298.139,298.216,1016.445,1020.947,833.747,886.449,1047.643,298.324,298.043,296.813,297
3412,0.947777778,975.811,324.266,751.375,343.734,298.839,298.134,298.227,1016.884,1020.907,833.801,886.454,1047.582,298.321,298.05,296.809,296.996
3413,0.948055556,975.811,324.266,751.375,343.734,298.839,298.134,298.227,1016.884,1020.907,833.801,886.454,1047.582,298.321,298.05,296.809,296.996
3414,0.948333333,975.811,324.266,751.375,343.734,298.839,298.134,298.227,1016.884,1020.907,833.801,886.454,1047.582,298.321,298.05,296.809,296.996
3415,0.948611111,975.811,324.266,751.375,343.734,298.839,298.134,298.227,1016.884,1020.907,833.801,886.454,1047.582,298.321,298.05,296.809,296.996
3416,0.948888889,975.478,324.322,751.441,343.762,298.854,298.15,298.235,1017.144,1020.893,833.871,886.504,1047.557,298.334,298.057,296.82,297.007
3417,0.949166667,975.478,324.322,751.441,343.762,298.854,298.15,298.235,1017.144,1020.893,833.871,886.504,1047.557,298.334,298.057,296.82,297.007
3418,0.949444444,975.478,324.322,751.441,343.762,298.854,298.15,298.235,1017.144,1020.893,833.871,886.504,1047.557,298.334,298.057,296.82,297.007
3419,0.949722222,975.398,324.344,751.493,343.771,298.856,298.144,298.225,1017.357,1020.869,833.924,886.535,1047.553,298.334,298.057,296.825,297.01
3420,0.95,975.398,324.344,751.493,343.771,298.856,298.144,298.225,1017.357,1020.869,833.924,886.535,1047.553,298.334,298.057,296.825,297.01
3421,0.950277778,975.398,324.344,751.493,343.771,298.856,298.144,298.225,1017.357,1020.869,833.924,886.535,1047.553,298.334,298.057,296.825,297.01
3422,0.950555556,975.398,324.344,751.493,343.771,298.856,298.144,298.225,1017.357,1020.869,833.924,886.535,1047.553,298.334,298.057,296.825,297.01
3423,0.950833333,975.513,324.381,751.596,343.796,298.85,298.135,298.229,1017.423,1020.861,833.974,886.606,1047.565,298.327,298.057,296.818,297.017
3424,0.951111111,975.513,324.381,751.596,343.796,298.85,298.135,298.229,1017.423,1020.861,833.974,886.606,1047.565,298.327,298.057,296.818,297.017
3425,0.951388889,975.513,324.381,751.596,343.796,298.85,298.135,298.229,1017.423,1020.861,833.974,886.606,1047.565,298.327,298.057,296.818,297.017
3426,0.951666667,975.4,324.411,751.659,343.796,298.858,298.131,298.233,1017.332,1020.866,834.03,886.636,1047.597,298.336,298.055,296.825,297.017
3427,0.951944444,975.4,324.411,751.659,343.796,298.858,298.131,298.233,1017.332,1020.866,834.03,886.636,1047.597,298.336,298.055,296.825,297.017
3428,0.952222222,975.4,324.411,751.659,343.796,298.858,298.131,298.233,1017.332,1020.866,834.03,886.636,1047.597,298.336,298.055,296.825,297.017
3429,0.9525,975.4,324.411,751.659,343.796,298.858,298.131,298.233,1017.332,1020.866,834.03,886.636,1047.597,298.336,298.055,296.825,297.017
3430,0.952777778,975.344,324.463,751.746,343.825,298.879,298.154,298.235,1016.855,1020.881,834.088,886.695,1047.635,298.345,298.069,296.834,297.029
3431,0.953055556,975.344,324.463,751.746,343.825,298.879,298.154,298.235,1016.855,1020.881,834.088,886.695,1047.635,298.345,298.069,296.834,297.029
3432,0.953333333,975.344,324.463,751.746,343.825,298.879,298.154,298.235,1016.855,1020.881,834.088,886.695,1047.635,298.345,298.069,296.834,297.029
3433,0.953611111,975.418,324.501,751.84,343.844,298.91,298.155,298.236,1016.368,1020.921,834.149,886.731,1047.693,298.35,298.089,296.849,297.04
3434,0.953888889,975.418,324.501,751.84,343.844,298.91,298.155,298.236,1016.368,1020.921,834.149,886.731,1047.693,298.35,298.089,296.849,297.04
3435,0.954166667,975.418,324.501,751.84,343.844,298.91,298.155,298.236,1016.368,1020.921,834.149,886.731,1047.693,298.35,298.089,296.849,297.04
3436,0.954444444,975.418,324.501,751.84,343.844,298.91,298.155,298.236,1016.368,1020.921,834.149,886.731,1047.693,298.35,298.089,296.849,297.04
3437,0.954722222,975.311,324.528,751.887,343.845,298.919,298.155,298.229,1015.765,1020.935,834.214,886.773,1047.696,298.359,298.083,296.849,297.044
3438,0.955,975.311,324.528,751.887,343.845,298.919,298.155,298.229,1015.765,1020.935,834.214,886.773,1047.696,298.359,298.083,296.849,297.044
3439,0.955277778,975.311,324.528,751.887,343.845,298.919,298.155,298.229,1015.765,1020.935,834.214,886.773,1047.696,298.359,298.083,296.849,297.044
3440,0.955555556,975.425,324.56,751.957,343.848,298.926,298.149,298.238,1015.538,1020.958,834.267,886.855,1047.743,298.361,298.083,296.852,297.048
3441,0.955833333,975.425,324.56,751.957,343.848,298.926,298.149,298.238,1015.538,1020.958,834.267,886.855,1047.743,298.361,298.083,296.852,297.048
3442,0.956111111,975.425,324.56,751.957,343.848,298.926,298.149,298.238,1015.538,1020.958,834.267,886.855,1047.743,298.361,298.083,296.852,297.048
3443,0.956388889,975.425,324.56,751.957,343.848,298.926,298.149,298.238,1015.538,1020.958,834.267,886.855,1047.743,298.361,298.083,296.852,297.048
3444,0.956666667,975.566,324.602,752.048,343.871,298.925,298.156,298.249,1015.675,1020.975,834.33,886.862,1047.715,298.374,298.093,296.858,297.049
3445,0.956944444,975.566,324.602,752.048,343.871,298.925,298.156,298.249,1015.675,1020.975,834.33,886.862,1047.715,298.374,298.093,296.858,297.049
3446,0.957222222,975.566,324.602,752.048,343.871,298.925,298.156,298.249,1015.675,1020.975,834.33,886.862,1047.715,298.374,298.093,296.858,297.049
3447,0.9575,976.119,324.639,752.128,343.874,298.914,298.144,298.222,1015.622,1020.974,834.365,886.895,1047.7,298.37,298.088,296.861,297.041
3448,0.957777778,976.119,324.639,752.128,343.874,298.914,298.144,298.222,1015.622,1020.974,834.365,886.895,1047.7,298.37,298.088,296.861,297.041
3449,0.958055556,976.119,324.639,752.128,343.874,298.914,298.144,298.222,1015.622,1020.974,834.365,886.895,1047.7,298.37,298.088,296.861,297.041
3450,0.958333333,976.119,324.639,752.128,343.874,298.914,298.144,298.222,1015.622,1020.974,834.365,886.895,1047.7,298.37,298.088,296.861,297.041
3451,0.958611111,976.576,324.664,752.201,343.886,298.92,298.134,298.226,1016.074,1020.962,834.413,886.953,1047.713,298.369,298.089,296.85,297.053
3452,0.958888889,976.576,324.664,752.201,343.886,298.92,298.134,298.226,1016.074,1020.962,834.413,886.953,1047.713,298.369,298.089,296.85,297.053
3453,0.959166667,976.576,324.664,752.201,343.886,298.92,298.134,298.226,1016.074,1020.962,834.413,886.953,1047.713,298.369,298.089,296.85,297.053
3454,0.959444444,976.128,324.707,752.231,343.919,298.942,298.13,298.236,1016.422,1020.969,834.479,886.967,1047.695,298.374,298.105,296.868,297.059
3455,0.959722222,976.128,324.707,752.231,343.919,298.942,298.13,298.236,1016.422,1020.969,834.479,886.967,1047.695,298.374,298.105,296.868,297.059
3456,0.96,976.128,324.707,752.231,343.919,298.942,298.13,298.236,1016.422,1020.969,834.479,886.967,1047.695,298.374,298.105,296.868,297.059
3457,0.960277778,976.128,324.707,752.231,343.919,298.942,298.13,298.236,1016.422,1020.969,834.479,886.967,1047.695,298.374,298.105,296.868,297.059
3458,0.960555556,975.666,324.743,752.289,343.925,298.955,298.145,298.238,1016.579,1020.951,834.524,887.021,1047.647,298.388,298.107,296.877,297.079
3459,0.960833333,975.666,324.743,752.289,343.925,298.955,298.145,298.238,1016.579,1020.951,834.524,887.021,1047.647,298.388,298.107,296.877,297.079
3460,0.961111111,975.666,324.743,752.289,343.925,298.955,298.145,298.238,1016.579,1020.951,834.524,887.021,1047.647,298.388,298.107,296.877,297.079
3461,0.961388889,975.309,324.785,752.378,343.947,298.976,298.148,298.236,1016.694,1020.927,834.593,887.079,1047.608,298.388,298.119,296.888,297.078
3462,0.961666667,975.309,324.785,752.378,343.947,298.976,298.148,298.236,1016.694,1020.927,834.593,887.079,1047.608,298.388,298.119,296.888,297.078
3463,0.961944444,975.309,324.785,752.378,343.947,298.976,298.148,298.236,1016.694,1020.927,834.593,887.079,1047.608,298.388,298.119,296.888,297.078
3464,0.962222222,975.309,324.785,752.378,343.947,298.976,298.148,298.236,1016.694,1020.927,834.593,887.079,1047.608,298.388,298.119,296.888,297.078
3465,0.9625,975.13,324.807,752.437,343.961,298.972,298.141,298.239,1016.532,1020.903,834.636,887.093,1047.589,298.387,298.117,296.882,297.071
3466,0.962777778,975.13,324.807,752.437,343.961,298.972,298.141,298.239,1016.532,1020.903,834.636,887.093,1047.589,298.387,298.117,296.882,297.071
3467,0.963055556,975.13,324.807,752.437,343.961,298.972,298.141,298.239,1016.532,1020.903,834.636,887.093,1047.589,298.387,298.117,296.882,297.071
3468,0.963333333,975.002,324.86,752.49,343.975,298.966,298.129,298.245,1016.211,1020.895,834.691,887.134,1047.564,298.403,298.116,296.894,297.083
3469,0.963611111,975.002,324.86,752.49,343.975,298.966,298.129,298.245,1016.211,1020.895,834.691,887.134,1047.564,298.403,298.116,296.894,297.083
3470,0.963888889,975.002,324.86,752.49,343.975,298.966,298.129,298.245,1016.211,1020.895,834.691,887.134,1047.564,298.403,298.116,296.894,297.083
3471,0.964166667,975.002,324.86,752.49,343.975,298.966,298.129,298.245,1016.211,1020.895,834.691,887.134,1047.564,298.403,298.116,296.894,297.083
3472,0.964444444,975.321,324.891,752.55,343.996,298.981,298.121,298.219,1016.052,1020.889,834.75,887.167,1047.565,298.408,298.124,296.889,297.083
3473,0.964722222,975.321,324.891,752.55,343.996,298.981,298.121,298.219,1016.052,1020.889,834.75,887.167,1047.565,298.408,298.124,296.889,297.083
3474,0.965,975.321,324.891,752.55,343.996,298.981,298.121,298.219,1016.052,1020.889,834.75,887.167,1047.565,298.408,298.124,296.889,297.083
3475,0.965277778,975.7,324.925,752.63,344.022,298.993,298.133,298.239,1016.13,1020.901,834.804,887.245,1047.626,298.407,298.141,296.902,297.089
3476,0.965555556,975.7,324.925,752.63,344.022,298.993,298.133,298.239,1016.13,1020.901,834.804,887.245,1047.626,298.407,298.141,296.902,297.089
3477,0.965833333,975.7,324.925,752.63,344.022,298.993,298.133,298.239,1016.13,1020.901,834.804,887.245,1047.626,298.407,298.141,296.902,297.089
3478,0.966111111,975.7,324.925,752.63,344.022,298.993,298.133,298.239,1016.13,1020.901,834.804,887.245,1047.626,298.407,298.141,296.902,297.089
3479,0.966388889,975.413,324.943,752.705,344.027,298.982,298.109,298.218,1016.057,1020.895,834.846,887.263,1047.638,298.409,298.121,296.884,297.079
3480,0.966666667,975.413,324.943,752.705,344.027,298.982,298.109,298.218,1016.057,1020.895,834.846,887.263,1047.638,298.409,298.121,296.884,297.079
3481,0.966944444,975.413,324.943,752.705,344.027,298.982,298.109,298.218,1016.057,1020.895,834.846,887.263,1047.638,298.409,298.121,296.884,297.079
3482,0.967222222,974.543,324.995,752.776,344.068,299.012,298.125,298.241,1016.135,1020.927,834.918,887.309,1047.665,298.423,298.135,296.908,297.103
3483,0.9675,974.543,324.995,752.776,344.068,299.012,298.125,298.241,1016.135,1020.927,834.918,887.309,1047.665,298.423,298.135,296.908,297.103
3484,0.967777778,974.543,324.995,752.776,344.068,299.012,298.125,298.241,1016.135,1020.927,834.918,887.309,1047.665,298.423,298.135,296.908,297.103
3485,0.968055556,974.543,324.995,752.776,344.068,299.012,298.125,298.241,1016.135,1020.927,834.918,887.309,1047.665,298.423,298.135,296.908,297.103
3486,0.968333333,974.37,325.026,752.858,344.092,299.015,298.142,298.237,1016.226,1020.945,834.969,887.337,1047.7,298.42,298.152,296.905,297.104
3487,0.968611111,974.37,325.026,752.858,344.092,299.015,298.142,298.237,1016.226,1020.945,834.969,887.337,1047.7,298.42,298.152,296.905,297.104
3488,0.968888889,974.37,325.026,752.858,344.092,299.015,298.142,298.237,1016.226,1020.945,834.969,887.337,1047.7,298.42,298.152,296.905,297.104
3489,0.969166667,974.889,325.053,752.914,344.115,299.022,298.14,298.232,1016.44,1020.966,835.003,887.347,1047.747,298.424,298.152,296.914,297.104
3490,0.969444444,974.889,325.053,752.914,344.115,299.022,298.14,298.232,1016.44,1020.966,835.003,887.347,1047.747,298.424,298.152,296.914,297.104
3491,0.969722222,974.889,325.053,752.914,344.115,299.022,298.14,298.232,1016.44,1020.966,835.003,887.347,1047.747,298.424,298.152,296.914,297.104
3492,0.97,974.889,325.053,752.914,344.115,299.022,298.14,298.232,1016.44,1020.966,835.003,887.347,1047.747,298.424,298.152,296.914,297.104
3493,0.970277778,974.962,325.093,752.982,344.123,299.02,298.138,298.239,1016.601,1020.99,835.056,887.423,1047.752,298.431,298.144,296.921,297.107
3494,0.970555556,974.962,325.093,752.982,344.123,299.02,298.138,298.239,1016.601,1020.99,835.056,887.423,1047.752,298.431,298.144,296.921,297.107
3495,0.970833333,974.962,325.093,752.982,344.123,299.02,298.138,298.239,1016.601,1020.99,835.056,887.423,1047.752,298.431,298.144,296.921,297.107
3496,0.971111111,974.758,325.131,753.058,344.145,299.029,298.133,298.251,1016.739,1021.026,835.112,887.456,1047.811,298.44,298.164,296.933,297.11
3497,0.971388889,974.758,325.131,753.058,344.145,299.029,298.133,298.251,1016.739,1021.026,835.112,887.456,1047.811,298.44,298.164,296.933,297.11
3498,0.971666667,974.758,325.131,753.058,344.145,299.029,298.133,298.251,1016.739,1021.026,835.112,887.456,1047.811,298.44,298.164,296.933,297.11
3499,0.971944444,974.758,325.131,753.058,344.145,299.029,298.133,298.251,1016.739,1021.026,835.112,887.456,1047.811,298.44,298.164,296.933,297.11
3500,0.972222222,975.014,325.165,753.148,344.155,299.052,298.134,298.243,1016.595,1021.051,835.168,887.489,1047.823,298.442,298.155,296.932,297.126
3501,0.9725,975.014,325.165,753.148,344.155,299.052,298.134,298.243,1016.595,1021.051,835.168,887.489,1047.823,298.442,298.155,296.932,297.126
3502,0.972777778,975.014,325.165,753.148,344.155,299.052,298.134,298.243,1016.595,1021.051,835.168,887.489,1047.823,298.442,298.155,296.932,297.126
3503,0.973055556,975.297,325.208,753.221,344.171,299.063,298.12,298.244,1016.399,1021.089,835.207,887.56,1047.903,298.45,298.166,296.938,297.128
3504,0.973333333,975.297,325.208,753.221,344.171,299.063,298.12,298.244,1016.399,1021.089,835.207,887.56,1047.903,298.45,298.166,296.938,297.128
3505,0.973611111,975.297,325.208,753.221,344.171,299.063,298.12,298.244,1016.399,1021.089,835.207,887.56,1047.903,298.45,298.166,296.938,297.128
3506,0.973888889,975.297,325.208,753.221,344.171,299.063,298.12,298.244,1016.399,1021.089,835.207,887.56,1047.903,298.45,298.166,296.938,297.128
3507,0.974166667,975.484,325.247,753.305,344.196,299.076,298.135,298.241,1016.389,1021.127,835.269,887.613,1047.963,298.466,298.173,296.951,297.143
3508,0.974444444,975.484,325.247,753.305,344.196,299.076,298.135,298.241,1016.389,1021.127,835.269,887.613,1047.963,298.466,298.173,296.951,297.143
3509,0.974722222,975.484,325.247,753.305,344.196,299.076,298.135,298.241,1016.389,1021.127,835.269,887.613,1047.963,298.466,298.173,296.951,297.143
3510,0.975,975.693,325.272,753.357,344.214,299.082,298.128,298.245,1016.593,1021.161,835.326,887.613,1047.979,298.462,298.18,296.94,297.135
3511,0.975277778,975.693,325.272,753.357,344.214,299.082,298.128,298.245,1016.593,1021.161,835.326,887.613,1047.979,298.462,298.18,296.94,297.135
3512,0.975555556,975.693,325.272,753.357,344.214,299.082,298.128,298.245,1016.593,1021.161,835.326,887.613,1047.979,298.462,298.18,296.94,297.135
3513,0.975833333,975.693,325.272,753.357,344.214,299.082,298.128,298.245,1016.593,1021.161,835.326,887.613,1047.979,298.462,298.18,296.94,297.135
3514,0.976111111,974.74,325.309,753.39,344.237,299.079,298.12,298.242,1016.452,1021.198,835.387,887.672,1048.046,298.476,298.188,296.942,297.136
3515,0.976388889,974.74,325.309,753.39,344.237,299.079,298.12,298.242,1016.452,1021.198,835.387,887.672,1048.046,298.476,298.188,296.942,297.136
3516,0.976666667,974.74,325.309,753.39,344.237,299.079,298.12,298.242,1016.452,1021.198,835.387,887.672,1048.046,298.476,298.188,296.942,297.136
3517,0.976944444,974.306,325.344,753.439,344.255,299.109,298.133,298.24,1016.556,1021.224,835.445,887.705,1048.039,298.474,298.184,296.959,297.142
3518,0.977222222,974.306,325.344,753.439,344.255,299.109,298.133,298.24,1016.556,1021.224,835.445,887.705,1048.039,298.474,298.184,296.959,297.142
3519,0.9775,974.306,325.344,753.439,344.255,299.109,298.133,298.24,1016.556,1021.224,835.445,887.705,1048.039,298.474,298.184,296.959,297.142
3520,0.977777778,974.306,325.344,753.439,344.255,299.109,298.133,298.24,1016.556,1021.224,835.445,887.705,1048.039,298.474,298.184,296.959,297.142
3521,0.978055556,974.438,325.375,753.486,344.271,299.11,298.13,298.243,1016.919,1021.255,835.5,887.752,1048.067,298.474,298.197,296.964,297.15
3522,0.978333333,974.438,325.375,753.486,344.271,299.11,298.13,298.243,1016.919,1021.255,835.5,887.752,1048.067,298.474,298.197,296.964,297.15
3523,0.978611111,974.438,325.375,753.486,344.271,299.11,298.13,298.243,1016.919,1021.255,835.5,887.752,1048.067,298.474,298.197,296.964,297.15
3524,0.978888889,974.533,325.411,753.574,344.277,299.094,298.115,298.232,1017.306,1021.265,835.541,887.836,1048.096,298.469,298.205,296.952,297.145
3525,0.979166667,974.533,325.411,753.574,344.277,299.094,298.115,298.232,1017.306,1021.265,835.541,887.836,1048.096,298.469,298.205,296.952,297.145
3526,0.979444444,974.533,325.411,753.574,344.277,299.094,298.115,298.232,1017.306,1021.265,835.541,887.836,1048.096,298.469,298.205,296.952,297.145
3527,0.979722222,974.533,325.411,753.574,344.277,299.094,298.115,298.232,1017.306,1021.265,835.541,887.836,1048.096,298.469,298.205,296.952,297.145
3528,0.98,974.422,325.457,753.644,344.309,299.113,298.131,298.239,1017.647,1021.315,835.604,887.828,1048.148,298.499,298.204,296.969,297.16
3529,0.980277778,974.422,325.457,753.644,344.309,299.113,298.131,298.239,1017.647,1021.315,835.604,887.828,1048.148,298.499,298.204,296.969,297.16
3530,0.980555556,974.422,325.457,753.644,344.309,299.113,298.131,298.239,1017.647,1021.315,835.604,887.828,1048.148,298.499,298.204,296.969,297.16
3531,0.980833333,974.246,325.48,753.674,344.318,299.11,298.123,298.245,1017.628,1021.355,835.662,887.877,1048.199,298.5,298.205,296.976,297.159
3532,0.981111111,974.246,325.48,753.674,344.318,299.11,298.123,298.245,1017.628,1021.355,835.662,887.877,1048.199,298.5,298.205,296.976,297.159
3533,0.981388889,974.246,325.48,753.674,344.318,299.11,298.123,298.245,1017.628,1021.355,835.662,887.877,1048.199,298.5,298.205,296.976,297.159
3534,0.981666667,974.246,325.48,753.674,344.318,299.11,298.123,298.245,1017.628,1021.355,835.662,887.877,1048.199,298.5,298.205,296.976,297.159
3535,0.981944444,974.238,325.519,753.749,344.344,299.131,298.113,298.231,1017.767,1021.403,835.719,887.941,1048.273,298.495,298.219,296.973,297.167
3536,0.982222222,974.238,325.519,753.749,344.344,299.131,298.113,298.231,1017.767,1021.403,835.719,887.941,1048.273,298.495,298.219,296.973,297.167
3537,0.9825,974.238,325.519,753.749,344.344,299.131,298.113,298.231,1017.767,1021.403,835.719,887.941,1048.273,298.495,298.219,296.973,297.167
3538,0.982777778,974.519,325.564,753.864,344.352,299.156,298.13,298.24,1017.617,1021.469,835.785,887.959,1048.352,298.517,298.224,296.99,297.181
3539,0.983055556,974.519,325.564,753.864,344.352,299.156,298.13,298.24,1017.617,1021.469,835.785,887.959,1048.352,298.517,298.224,296.99,297.181
3540,0.983333333,974.519,325.564,753.864,344.352,299.156,298.13,298.24,1017.617,1021.469,835.785,887.959,1048.352,298.517,298.224,296.99,297.181
3541,0.983611111,974.519,325.564,753.864,344.352,299.156,298.13,298.24,1017.617,1021.469,835.785,887.959,1048.352,298.517,298.224,296.99,297.181
3542,0.983888889,974.998,325.582,753.928,344.349,299.109,298.099,298.212,1017.916,1021.507,835.821,888.038,1048.447,298.496,298.21,296.967,297.16
3543,0.984166667,974.998,325.582,753.928,344.349,299.109,298.099,298.212,1017.916,1021.507,835.821,888.038,1048.447,298.496,298.21,296.967,297.16
3544,0.984444444,974.998,325.582,753.928,344.349,299.109,298.099,298.212,1017.916,1021.507,835.821,888.038,1048.447,298.496,298.21,296.967,297.16
3545,0.984722222,975.828,325.618,754.005,344.376,299.124,298.105,298.226,1017.946,1021.596,835.879,888.064,1048.517,298.508,298.214,296.976,297.175
3546,0.985,975.828,325.618,754.005,344.376,299.124,298.105,298.226,1017.946,1021.596,835.879,888.064,1048.517,298.508,298.214,296.976,297.175
3547,0.985277778,975.828,325.618,754.005,344.376,299.124,298.105,298.226,1017.946,1021.596,835.879,888.064,1048.517,298.508,298.214,296.976,297.175
3548,0.985555556,975.828,325.618,754.005,344.376,299.124,298.105,298.226,1017.946,1021.596,835.879,888.064,1048.517,298.508,298.214,296.976,297.175
3549,0.985833333,976.258,325.654,754.084,344.382,299.15,298.115,298.228,1017.604,1021.65,835.947,888.139,1048.582,298.518,298.235,296.989,297.186
3550,0.986111111,976.258,325.654,754.084,344.382,299.15,298.115,298.228,1017.604,1021.65,835.947,888.139,1048.582,298.518,298.235,296.989,297.186
3551,0.986388889,976.258,325.654,754.084,344.382,299.15,298.115,298.228,1017.604,1021.65,835.947,888.139,1048.582,298.518,298.235,296.989,297.186
3552,0.986666667,976.664,325.693,754.176,344.395,299.158,298.118,298.238,1017.188,1021.724,836.013,888.211,1048.671,298.529,298.242,297,297.187
3553,0.986944444,976.664,325.693,754.176,344.395,299.158,298.118,298.238,1017.188,1021.724,836.013,888.211,1048.671,298.529,298.242,297,297.187
3554,0.987222222,976.664,325.693,754.176,344.395,299.158,298.118,298.238,1017.188,1021.724,836.013,888.211,1048.671,298.529,298.242,297,297.187
3555,0.9875,976.664,325.693,754.176,344.395,299.158,298.118,298.238,1017.188,1021.724,836.013,888.211,1048.671,298.529,298.242,297,297.187
3556,0.987777778,976.441,325.717,754.188,344.402,299.153,298.127,298.226,1016.667,1021.774,836.067,888.251,1048.708,298.519,298.233,296.997,297.178
3557,0.988055556,976.441,325.717,754.188,344.402,299.153,298.127,298.226,1016.667,1021.774,836.067,888.251,1048.708,298.519,298.233,296.997,297.178
3558,0.988333333,976.441,325.717,754.188,344.402,299.153,298.127,298.226,1016.667,1021.774,836.067,888.251,1048.708,298.519,298.233,296.997,297.178
3559,0.988611111,976.377,325.765,754.282,344.433,299.176,298.126,298.256,1016.645,1021.824,836.141,888.298,1048.724,298.546,298.258,297.009,297.202
3560,0.988888889,976.377,325.765,754.282,344.433,299.176,298.126,298.256,1016.645,1021.824,836.141,888.298,1048.724,298.546,298.258,297.009,297.202
3561,0.989166667,976.377,325.765,754.282,344.433,299.176,298.126,298.256,1016.645,1021.824,836.141,888.298,1048.724,298.546,298.258,297.009,297.202
3562,0.989444444,976.377,325.765,754.282,344.433,299.176,298.126,298.256,1016.645,1021.824,836.141,888.298,1048.724,298.546,298.258,297.009,297.202
3563,0.989722222,976.155,325.788,754.299,344.425,299.164,298.118,298.231,1016.628,1021.839,836.194,888.335,1048.718,298.53,298.248,297.004,297.189
3564,0.99,976.155,325.788,754.299,344.425,299.164,298.118,298.231,1016.628,1021.839,836.194,888.335,1048.718,298.53,298.248,297.004,297.189
3565,0.990277778,976.155,325.788,754.299,344.425,299.164,298.118,298.231,1016.628,1021.839,836.194,888.335,1048.718,298.53,298.248,297.004,297.189
3566,0.990555556,975.987,325.82,754.392,344.429,299.193,298.144,298.236,1016.451,1021.863,836.249,888.405,1048.689,298.536,298.247,297.012,297.206
3567,0.990833333,975.987,325.82,754.392,344.429,299.193,298.144,298.236,1016.451,1021.863,836.249,888.405,1048.689,298.536,298.247,297.012,297.206
3568,0.991111111,975.987,325.82,754.392,344.429,299.193,298.144,298.236,1016.451,1021.863,836.249,888.405,1048.689,298.536,298.247,297.012,297.206
3569,0.991388889,975.987,325.82,754.392,344.429,299.193,298.144,298.236,1016.451,1021.863,836.249,888.405,1048.689,298.536,298.247,297.012,297.206
3570,0.991666667,975.656,325.855,754.458,344.449,299.198,298.136,298.247,1016.412,1021.866,836.321,888.451,1048.684,298.548,298.263,297.016,297.217
3571,0.991944444,975.656,325.855,754.458,344.449,299.198,298.136,298.247,1016.412,1021.866,836.321,888.451,1048.684,298.548,298.263,297.016,297.217
3572,0.992222222,975.656,325.855,754.458,344.449,299.198,298.136,298.247,1016.412,1021.866,836.321,888.451,1048.684,298.548,298.263,297.016,297.217
3573,0.9925,975.7,325.888,754.544,344.472,299.215,298.144,298.247,1016.322,1021.879,836.393,888.551,1048.721,298.562,298.275,297.031,297.221
3574,0.992777778,975.7,325.888,754.544,344.472,299.215,298.144,298.247,1016.322,1021.879,836.393,888.551,1048.721,298.562,298.275,297.031,297.221
3575,0.993055556,975.7,325.888,754.544,344.472,299.215,298.144,298.247,1016.322,1021.879,836.393,888.551,1048.721,298.562,298.275,297.031,297.221
3576,0.993333333,975.7,325.888,754.544,344.472,299.215,298.144,298.247,1016.322,1021.879,836.393,888.551,1048.721,298.562,298.275,297.031,297.221
3577,0.993611111,976.203,325.925,754.614,344.488,299.206,298.143,298.245,1016.079,1021.889,836.445,888.563,1048.686,298.563,298.257,297.031,297.221
3578,0.993888889,976.203,325.925,754.614,344.488,299.206,298.143,298.245,1016.079,1021.889,836.445,888.563,1048.686,298.563,298.257,297.031,297.221
3579,0.994166667,976.203,325.925,754.614,344.488,299.206,298.143,298.245,1016.079,1021.889,836.445,888.563,1048.686,298.563,298.257,297.031,297.221
3580,0.994444444,976.495,325.966,754.698,344.509,299.228,298.156,298.245,1016.162,1021.876,836.513,888.651,1048.709,298.564,298.272,297.035,297.226
3581,0.994722222,976.495,325.966,754.698,344.509,299.228,298.156,298.245,1016.162,1021.876,836.513,888.651,1048.709,298.564,298.272,297.035,297.226
3582,0.995,976.495,325.966,754.698,344.509,299.228,298.156,298.245,1016.162,1021.876,836.513,888.651,1048.709,298.564,298.272,297.035,297.226
3583,0.995277778,976.495,325.966,754.698,344.509,299.228,298.156,298.245,1016.162,1021.876,836.513,888.651,1048.709,298.564,298.272,297.035,297.226
3584,0.995555556,976.398,325.995,754.775,344.521,299.231,298.138,298.244,1016.905,1021.876,836.572,888.71,1048.706,298.558,298.281,297.044,297.231
3585,0.995833333,976.398,325.995,754.775,344.521,299.231,298.138,298.244,1016.905,1021.876,836.572,888.71,1048.706,298.558,298.281,297.044,297.231
3586,0.996111111,976.398,325.995,754.775,344.521,299.231,298.138,298.244,1016.905,1021.876,836.572,888.71,1048.706,298.558,298.281,297.044,297.231
3587,0.996388889,976.156,326.026,754.834,344.531,299.229,298.141,298.249,1016.765,1021.879,836.64,888.763,1048.707,298.574,298.283,297.045,297.227
3588,0.996666667,976.156,326.026,754.834,344.531,299.229,298.141,298.249,1016.765,1021.879,836.64,888.763,1048.707,298.574,298.283,297.045,297.227
3589,0.996944444,976.156,326.026,754.834,344.531,299.229,298.141,298.249,1016.765,1021.879,836.64,888.763,1048.707,298.574,298.283,297.045,297.227
3590,0.997222222,976.156,326.026,754.834,344.531,299.229,298.141,298.249,1016.765,1021.879,836.64,888.763,1048.707,298.574,298.283,297.045,297.227
3591,0.9975,976.143,326.053,754.907,344.545,299.227,298.149,298.247,1016.306,1021.88,836.702,888.799,1048.68,298.578,298.293,297.05,297.25
3592,0.997777778,976.143,326.053,754.907,344.545,299.227,298.149,298.247,1016.306,1021.88,836.702,888.799,1048.68,298.578,298.293,297.05,297.25
3593,0.998055556,976.143,326.053,754.907,344.545,299.227,298.149,298.247,1016.306,1021.88,836.702,888.799,1048.68,298.578,298.293,297.05,297.25
3594,0.998333333,976.684,326.104,755.007,344.574,299.26,298.149,298.251,1016.07,1021.882,836.775,888.89,1048.659,298.589,298.296,297.06,297.252
3595,0.998611111,976.684,326.104,755.007,344.574,299.26,298.149,298.251,1016.07,1021.882,836.775,888.89,1048.659,298.589,298.296,297.06,297.252
3596,0.998888889,976.684,326.104,755.007,344.574,299.26,298.149,298.251,1016.07,1021.882,836.775,888.89,1048.659,298.589,298.296,297.06,297.252
3597,0.999166667,976.684,326.104,755.007,344.574,299.26,298.149,298.251,1016.07,1021.882,836.775,888.89,1048.659,298.589,298.296,297.06,297.252
3598,0.999444444,977.208,326.127,755.073,344.561,299.234,298.143,298.246,1016.004,1021.851,836.806,888.914,1048.614,298.573,298.299,297.059,297.242
3599,0.999722222,977.208,326.127,755.073,344.561,299.234,298.143,298.246,1016.004,1021.851,836.806,888.914,1048.614,298.573,298.299,297.059,297.242
3600,1,977.208,326.127,755.073,344.561,299.234,298.143,298.246,1016.004,1021.851,836.806,888.914,1048.614,298.573,298.299,297.059,297.242
3601,1.000277778,977.604,326.177,755.124,344.599,299.284,298.164,298.259,1015.959,1021.856,836.886,888.938,1048.59,298.599,298.313,297.065,297.266
3602,1.000555556,977.604,326.177,755.124,344.599,299.284,298.164,298.259,1015.959,1021.856,836.886,888.938,1048.59,298.599,298.313,297.065,297.266
3603,1.000833333,977.604,326.177,755.124,344.599,299.284,298.164,298.259,1015.959,1021.856,836.886,888.938,1048.59,298.599,298.313,297.065,297.266
3604,1.001111111,977.604,326.177,755.124,344.599,299.284,298.164,298.259,1015.959,1021.856,836.886,888.938,1048.59,298.599,298.313,297.065,297.266
3605,1.001388889,977.828,326.201,755.163,344.608,299.286,298.162,298.261,1015.744,1021.815,836.952,888.996,1048.515,298.605,298.307,297.072,297.258
3606,1.001666667,977.828,326.201,755.163,344.608,299.286,298.162,298.261,1015.744,1021.815,836.952,888.996,1048.515,298.605,298.307,297.072,297.258
3607,1.001944444,977.828,326.201,755.163,344.608,299.286,298.162,298.261,1015.744,1021.815,836.952,888.996,1048.515,298.605,298.307,297.072,297.258
3608,1.002222222,977.995,326.245,755.237,344.613,299.288,298.156,298.257,1015.473,1021.778,837.016,889.069,1048.496,298.602,298.316,297.079,297.277
3609,1.0025,977.995,326.245,755.237,344.613,299.288,298.156,298.257,1015.473,1021.778,837.016,889.069,1048.496,298.602,298.316,297.079,297.277
3610,1.002777778,977.995,326.245,755.237,344.613,299.288,298.156,298.257,1015.473,1021.778,837.016,889.069,1048.496,298.602,298.316,297.079,297.277
3611,1.003055556,977.995,326.245,755.237,344.613,299.288,298.156,298.257,1015.473,1021.778,837.016,889.069,1048.496,298.602,298.316,297.079,297.277
3612,1.003333333,977.967,326.269,755.326,344.628,299.298,298.165,298.252,1015.243,1021.742,837.069,889.123,1048.465,298.603,298.311,297.092,297.282
3613,1.003611111,977.967,326.269,755.326,344.628,299.298,298.165,298.252,1015.243,1021.742,837.069,889.123,1048.465,298.603,298.311,297.092,297.282
3614,1.003888889,977.967,326.269,755.326,344.628,299.298,298.165,298.252,1015.243,1021.742,837.069,889.123,1048.465,298.603,298.311,297.092,297.282
3615,1.004166667,977.754,326.307,755.384,344.642,299.319,298.162,298.255,1015.354,1021.717,837.126,889.153,1048.41,298.614,298.324,297.087,297.28
3616,1.004444444,977.754,326.307,755.384,344.642,299.319,298.162,298.255,1015.354,1021.717,837.126,889.153,1048.41,298.614,298.324,297.087,297.28
3617,1.004722222,977.754,326.307,755.384,344.642,299.319,298.162,298.255,1015.354,1021.717,837.126,889.153,1048.41,298.614,298.324,297.087,297.28
3618,1.005,977.754,326.307,755.384,344.642,299.319,298.162,298.255,1015.354,1021.717,837.126,889.153,1048.41,298.614,298.324,297.087,297.28
3619,1.005277778,977.716,326.331,755.439,344.64,299.307,298.162,298.248,1015.509,1021.691,837.161,889.204,1048.397,298.622,298.331,297.084,297.282
3620,1.005555556,977.716,326.331,755.439,344.64,299.307,298.162,298.248,1015.509,1021.691,837.161,889.204,1048.397,298.622,298.331,297.084,297.282
3621,1.005833333,977.716,326.331,755.439,344.64,299.307,298.162,298.248,1015.509,1021.691,837.161,889.204,1048.397,298.622,298.331,297.084,297.282
3622,1.006111111,977.656,326.367,755.528,344.655,299.313,298.156,298.237,1015.651,1021.653,837.227,889.244,1048.367,298.622,298.337,297.092,297.297
3623,1.006388889,977.656,326.367,755.528,344.655,299.313,298.156,298.237,1015.651,1021.653,837.227,889.244,1048.367,298.622,298.337,297.092,297.297
3624,1.006666667,977.656,326.367,755.528,344.655,299.313,298.156,298.237,1015.651,1021.653,837.227,889.244,1048.367,298.622,298.337,297.092,297.297
3625,1.006944444,977.656,326.367,755.528,344.655,299.313,298.156,298.237,1015.651,1021.653,837.227,889.244,1048.367,298.622,298.337,297.092,297.297
3626,1.007222222,978.038,326.418,755.596,344.679,299.348,298.174,298.261,1016.079,1021.651,837.283,889.262,1048.343,298.639,298.345,297.115,297.304
3627,1.0075,978.038,326.418,755.596,344.679,299.348,298.174,298.261,1016.079,1021.651,837.283,889.262,1048.343,298.639,298.345,297.115,297.304
3628,1.007777778,978.038,326.418,755.596,344.679,299.348,298.174,298.261,1016.079,1021.651,837.283,889.262,1048.343,298.639,298.345,297.115,297.304
3629,1.008055556,978.022,326.445,755.643,344.683,299.337,298.159,298.25,1016.226,1021.615,837.327,889.296,1048.325,298.624,298.343,297.113,297.3
3630,1.008333333,978.022,326.445,755.643,344.683,299.337,298.159,298.25,1016.226,1021.615,837.327,889.296,1048.325,298.624,298.343,297.113,297.3
3631,1.008611111,978.022,326.445,755.643,344.683,299.337,298.159,298.25,1016.226,1021.615,837.327,889.296,1048.325,298.624,298.343,297.113,297.3
3632,1.008888889,978.022,326.445,755.643,344.683,299.337,298.159,298.25,1016.226,1021.615,837.327,889.296,1048.325,298.624,298.343,297.113,297.3
3633,1.009166667,978.074,326.478,755.725,344.699,299.353,298.159,298.247,1016.128,1021.609,837.372,889.358,1048.299,298.633,298.349,297.109,297.315
3634,1.009444444,978.074,326.478,755.725,344.699,299.353,298.159,298.247,1016.128,1021.609,837.372,889.358,1048.299,298.633,298.349,297.109,297.315
3635,1.009722222,978.074,326.478,755.725,344.699,299.353,298.159,298.247,1016.128,1021.609,837.372,889.358,1048.299,298.633,298.349,297.109,297.315
3636,1.01,978.045,326.499,755.752,344.696,299.336,298.16,298.238,1015.96,1021.58,837.421,889.353,1048.283,298.636,298.357,297.114,297.308
3637,1.010277778,978.045,326.499,755.752,344.696,299.336,298.16,298.238,1015.96,1021.58,837.421,889.353,1048.283,298.636,298.357,297.114,297.308
3638,1.010555556,978.045,326.499,755.752,344.696,299.336,298.16,298.238,1015.96,1021.58,837.421,889.353,1048.283,298.636,298.357,297.114,297.308
3639,1.010833333,978.045,326.499,755.752,344.696,299.336,298.16,298.238,1015.96,1021.58,837.421,889.353,1048.283,298.636,298.357,297.114,297.308
3640,1.011111111,978.18,326.541,755.821,344.71,299.357,298.164,298.256,1015.916,1021.57,837.465,889.395,1048.297,298.648,298.358,297.115,297.313
3641,1.011388889,978.18,326.541,755.821,344.71,299.357,298.164,298.256,1015.916,1021.57,837.465,889.395,1048.297,298.648,298.358,297.115,297.313
3642,1.011666667,978.18,326.541,755.821,344.71,299.357,298.164,298.256,1015.916,1021.57,837.465,889.395,1048.297,298.648,298.358,297.115,297.313
3643,1.011944444,978.36,326.575,755.91,344.726,299.356,298.16,298.238,1015.725,1021.574,837.512,889.459,1048.306,298.655,298.367,297.117,297.32
3644,1.012222222,978.36,326.575,755.91,344.726,299.356,298.16,298.238,1015.725,1021.574,837.512,889.459,1048.306,298.655,298.367,297.117,297.32
3645,1.0125,978.36,326.575,755.91,344.726,299.356,298.16,298.238,1015.725,1021.574,837.512,889.459,1048.306,298.655,298.367,297.117,297.32
3646,1.012777778,978.36,326.575,755.91,344.726,299.356,298.16,298.238,1015.725,1021.574,837.512,889.459,1048.306,298.655,298.367,297.117,297.32
3647,1.013055556,978.308,326.615,755.959,344.728,299.382,298.157,298.258,1015.633,1021.581,837.555,889.455,1048.299,298.658,298.366,297.124,297.33
3648,1.013333333,978.308,326.615,755.959,344.728,299.382,298.157,298.258,1015.633,1021.581,837.555,889.455,1048.299,298.658,298.366,297.124,297.33
3649,1.013611111,978.308,326.615,755.959,344.728,299.382,298.157,298.258,1015.633,1021.581,837.555,889.455,1048.299,298.658,298.366,297.124,297.33
3650,1.013888889,978.308,326.615,755.959,344.728,299.382,298.157,298.258,1015.633,1021.581,837.555,889.455,1048.299,298.658,298.366,297.124,297.33
3651,1.014166667,977.979,326.641,755.992,344.742,299.376,298.147,298.248,1015.847,1021.579,837.606,889.49,1048.31,298.659,298.374,297.126,297.324
3652,1.014444444,977.979,326.641,755.992,344.742,299.376,298.147,298.248,1015.847,1021.579,837.606,889.49,1048.31,298.659,298.374,297.126,297.324
3653,1.014722222,977.979,326.641,755.992,344.742,299.376,298.147,298.248,1015.847,1021.579,837.606,889.49,1048.31,298.659,298.374,297.126,297.324
3654,1.015,977.784,326.673,756.061,344.753,299.394,298.148,298.242,1016.018,1021.578,837.64,889.505,1048.299,298.667,298.375,297.132,297.325
3655,1.015277778,977.784,326.673,756.061,344.753,299.394,298.148,298.242,1016.018,1021.578,837.64,889.505,1048.299,298.667,298.375,297.132,297.325
3656,1.015555556,977.784,326.673,756.061,344.753,299.394,298.148,298.242,1016.018,1021.578,837.64,889.505,1048.299,298.667,298.375,297.132,297.325
3657,1.015833333,977.784,326.673,756.061,344.753,299.394,298.148,298.242,1016.018,1021.578,837.64,889.505,1048.299,298.667,298.375,297.132,297.325
3658,1.016111111,977.475,326.709,756.125,344.776,299.395,298.139,298.264,1016.412,1021.57,837.695,889.529,1048.286,298.677,298.381,297.139,297.333
3659,1.016388889,977.475,326.709,756.125,344.776,299.395,298.139,298.264,1016.412,1021.57,837.695,889.529,1048.286,298.677,298.381,297.139,297.333
3660,1.016666667,977.475,326.709,756.125,344.776,299.395,298.139,298.264,1016.412,1021.57,837.695,889.529,1048.286,298.677,298.381,297.139,297.333
3661,1.016944444,976.845,326.741,756.164,344.784,299.392,298.122,298.25,1016.574,1021.569,837.727,889.576,1048.296,298.665,298.375,297.129,297.335
3662,1.017222222,976.845,326.741,756.164,344.784,299.392,298.122,298.25,1016.574,1021.569,837.727,889.576,1048.296,298.665,298.375,297.129,297.335
3663,1.0175,976.845,326.741,756.164,344.784,299.392,298.122,298.25,1016.574,1021.569,837.727,889.576,1048.296,298.665,298.375,297.129,297.335
3664,1.017777778,976.845,326.741,756.164,344.784,299.392,298.122,298.25,1016.574,1021.569,837.727,889.576,1048.296,298.665,298.375,297.129,297.335
3665,1.018055556,976.566,326.775,756.248,344.792,299.403,298.135,298.252,1016.443,1021.575,837.775,889.612,1048.324,298.682,298.393,297.142,297.34
3666,1.018333333,976.566,326.775,756.248,344.792,299.403,298.135,298.252,1016.443,1021.575,837.775,889.612,1048.324,298.682,298.393,297.142,297.34
3667,1.018611111,976.566,326.775,756.248,344.792,299.403,298.135,298.252,1016.443,1021.575,837.775,889.612,1048.324,298.682,298.393,297.142,297.34
3668,1.018888889,976.39,326.811,756.285,344.812,299.406,298.122,298.245,1016.302,1021.587,837.807,889.65,1048.328,298.687,298.398,297.141,297.338
3669,1.019166667,976.39,326.811,756.285,344.812,299.406,298.122,298.245,1016.302,1021.587,837.807,889.65,1048.328,298.687,298.398,297.141,297.338
3670,1.019444444,976.39,326.811,756.285,344.812,299.406,298.122,298.245,1016.302,1021.587,837.807,889.65,1048.328,298.687,298.398,297.141,297.338
3671,1.019722222,976.39,326.811,756.285,344.812,299.406,298.122,298.245,1016.302,1021.587,837.807,889.65,1048.328,298.687,298.398,297.141,297.338
3672,1.02,976.246,326.834,756.366,344.825,299.412,298.126,298.239,1016.231,1021.584,837.852,889.657,1048.309,298.692,298.384,297.146,297.347
3673,1.020277778,976.246,326.834,756.366,344.825,299.412,298.126,298.239,1016.231,1021.584,837.852,889.657,1048.309,298.692,298.384,297.146,297.347
3674,1.020555556,976.246,326.834,756.366,344.825,299.412,298.126,298.239,1016.231,1021.584,837.852,889.657,1048.309,298.692,298.384,297.146,297.347
3675,1.020833333,975.86,326.876,756.428,344.835,299.413,298.125,298.231,1016.167,1021.587,837.893,889.685,1048.33,298.688,298.402,297.151,297.346
3676,1.021111111,975.86,326.876,756.428,344.835,299.413,298.125,298.231,1016.167,1021.587,837.893,889.685,1048.33,298.688,298.402,297.151,297.346
3677,1.021388889,975.86,326.876,756.428,344.835,299.413,298.125,298.231,1016.167,1021.587,837.893,889.685,1048.33,298.688,298.402,297.151,297.346
3678,1.021666667,975.86,326.876,756.428,344.835,299.413,298.125,298.231,1016.167,1021.587,837.893,889.685,1048.33,298.688,298.402,297.151,297.346
3679,1.021944444,976.041,326.91,756.497,344.844,299.425,298.132,298.245,1016.575,1021.613,837.934,889.733,1048.356,298.7,298.403,297.166,297.361
3680,1.022222222,976.041,326.91,756.497,344.844,299.425,298.132,298.245,1016.575,1021.613,837.934,889.733,1048.356,298.7,298.403,297.166,297.361
3681,1.0225,976.041,326.91,756.497,344.844,299.425,298.132,298.245,1016.575,1021.613,837.934,889.733,1048.356,298.7,298.403,297.166,297.361
3682,1.022777778,976.266,326.935,756.547,344.855,299.435,298.133,298.238,1016.513,1021.614,837.989,889.745,1048.354,298.709,298.41,297.154,297.367
3683,1.023055556,976.266,326.935,756.547,344.855,299.435,298.133,298.238,1016.513,1021.614,837.989,889.745,1048.354,298.709,298.41,297.154,297.367
3684,1.023333333,976.266,326.935,756.547,344.855,299.435,298.133,298.238,1016.513,1021.614,837.989,889.745,1048.354,298.709,298.41,297.154,297.367
3685,1.023611111,976.266,326.935,756.547,344.855,299.435,298.133,298.238,1016.513,1021.614,837.989,889.745,1048.354,298.709,298.41,297.154,297.367
3686,1.023888889,976.333,326.975,756.617,344.856,299.433,298.122,298.234,1016.232,1021.623,838.021,889.804,1048.381,298.714,298.41,297.165,297.362
3687,1.024166667,976.333,326.975,756.617,344.856,299.433,298.122,298.234,1016.232,1021.623,838.021,889.804,1048.381,298.714,298.41,297.165,297.362
3688,1.024444444,976.333,326.975,756.617,344.856,299.433,298.122,298.234,1016.232,1021.623,838.021,889.804,1048.381,298.714,298.41,297.165,297.362
3689,1.024722222,976.746,326.999,756.683,344.862,299.446,298.125,298.226,1016.32,1021.626,838.059,889.857,1048.389,298.712,298.412,297.159,297.37
3690,1.025,976.746,326.999,756.683,344.862,299.446,298.125,298.226,1016.32,1021.626,838.059,889.857,1048.389,298.712,298.412,297.159,297.37
3691,1.025277778,976.746,326.999,756.683,344.862,299.446,298.125,298.226,1016.32,1021.626,838.059,889.857,1048.389,298.712,298.412,297.159,297.37
3692,1.025555556,976.746,326.999,756.683,344.862,299.446,298.125,298.226,1016.32,1021.626,838.059,889.857,1048.389,298.712,298.412,297.159,297.37
3693,1.025833333,976.778,327.042,756.707,344.88,299.429,298.121,298.225,1016.327,1021.63,838.104,889.852,1048.357,298.713,298.418,297.164,297.359
3694,1.026111111,976.778,327.042,756.707,344.88,299.429,298.121,298.225,1016.327,1021.63,838.104,889.852,1048.357,298.713,298.418,297.164,297.359
3695,1.026388889,976.778,327.042,756.707,344.88,299.429,298.121,298.225,1016.327,1021.63,838.104,889.852,1048.357,298.713,298.418,297.164,297.359
3696,1.026666667,976.985,327.074,756.746,344.896,299.456,298.134,298.235,1015.93,1021.649,838.164,889.895,1048.376,298.73,298.419,297.183,297.387
3697,1.026944444,976.985,327.074,756.746,344.896,299.456,298.134,298.235,1015.93,1021.649,838.164,889.895,1048.376,298.73,298.419,297.183,297.387
3698,1.027222222,976.985,327.074,756.746,344.896,299.456,298.134,298.235,1015.93,1021.649,838.164,889.895,1048.376,298.73,298.419,297.183,297.387
3699,1.0275,976.772,327.108,756.807,344.909,299.457,298.157,298.235,1015.796,1021.645,838.2,889.927,1048.364,298.734,298.437,297.191,297.39
3700,1.027777778,976.772,327.108,756.807,344.909,299.457,298.157,298.235,1015.796,1021.645,838.2,889.927,1048.364,298.734,298.437,297.191,297.39
3701,1.028055556,976.772,327.108,756.807,344.909,299.457,298.157,298.235,1015.796,1021.645,838.2,889.927,1048.364,298.734,298.437,297.191,297.39
3702,1.028333333,976.772,327.108,756.807,344.909,299.457,298.157,298.235,1015.796,1021.645,838.2,889.927,1048.364,298.734,298.437,297.191,297.39
3703,1.028611111,976.576,327.137,756.867,344.921,299.478,298.135,298.236,1015.997,1021.646,838.239,889.961,1048.368,298.733,298.432,297.189,297.386
3704,1.028888889,976.576,327.137,756.867,344.921,299.478,298.135,298.236,1015.997,1021.646,838.239,889.961,1048.368,298.733,298.432,297.189,297.386
3705,1.029166667,976.576,327.137,756.867,344.921,299.478,298.135,298.236,1015.997,1021.646,838.239,889.961,1048.368,298.733,298.432,297.189,297.386
3706,1.029444444,976.576,327.137,756.867,344.921,299.478,298.135,298.236,1015.997,1021.646,838.239,889.961,1048.368,298.733,298.432,297.189,297.386
3707,1.029722222,975.957,327.178,756.916,344.934,299.481,298.148,298.235,1016.059,1021.651,838.296,889.982,1048.368,298.741,298.441,297.191,297.399
3708,1.03,975.957,327.178,756.916,344.934,299.481,298.148,298.235,1016.059,1021.651,838.296,889.982,1048.368,298.741,298.441,297.191,297.399
3709,1.030277778,975.957,327.178,756.916,344.934,299.481,298.148,298.235,1016.059,1021.651,838.296,889.982,1048.368,298.741,298.441,297.191,297.399
3710,1.030555556,975.669,327.193,756.965,344.941,299.474,298.131,298.229,1016.094,1021.649,838.337,890.032,1048.416,298.741,298.442,297.185,297.386
3711,1.030833333,975.669,327.193,756.965,344.941,299.474,298.131,298.229,1016.094,1021.649,838.337,890.032,1048.416,298.741,298.442,297.185,297.386
3712,1.031111111,975.669,327.193,756.965,344.941,299.474,298.131,298.229,1016.094,1021.649,838.337,890.032,1048.416,298.741,298.442,297.185,297.386
3713,1.031388889,975.669,327.193,756.965,344.941,299.474,298.131,298.229,1016.094,1021.649,838.337,890.032,1048.416,298.741,298.442,297.185,297.386
3714,1.031666667,975.832,327.238,757.047,344.937,299.48,298.131,298.238,1015.909,1021.671,838.375,890.053,1048.417,298.756,298.452,297.197,297.411
3715,1.031944444,975.832,327.238,757.047,344.937,299.48,298.131,298.238,1015.909,1021.671,838.375,890.053,1048.417,298.756,298.452,297.197,297.411
3716,1.032222222,975.832,327.238,757.047,344.937,299.48,298.131,298.238,1015.909,1021.671,838.375,890.053,1048.417,298.756,298.452,297.197,297.411
3717,1.0325,975.814,327.26,757.098,344.949,299.466,298.13,298.226,1015.789,1021.675,838.416,890.059,1048.423,298.747,298.439,297.199,297.4
3718,1.032777778,975.814,327.26,757.098,344.949,299.466,298.13,298.226,1015.789,1021.675,838.416,890.059,1048.423,298.747,298.439,297.199,297.4
3719,1.033055556,975.814,327.26,757.098,344.949,299.466,298.13,298.226,1015.789,1021.675,838.416,890.059,1048.423,298.747,298.439,297.199,297.4
3720,1.033333333,975.641,327.305,757.141,344.966,299.497,298.141,298.252,1015.63,1021.713,838.479,890.094,1048.492,298.756,298.46,297.207,297.419
3721,1.033611111,975.641,327.305,757.141,344.966,299.497,298.141,298.252,1015.63,1021.713,838.479,890.094,1048.492,298.756,298.46,297.207,297.419
3722,1.033888889,975.641,327.305,757.141,344.966,299.497,298.141,298.252,1015.63,1021.713,838.479,890.094,1048.492,298.756,298.46,297.207,297.419
3723,1.034166667,975.641,327.305,757.141,344.966,299.497,298.141,298.252,1015.63,1021.713,838.479,890.094,1048.492,298.756,298.46,297.207,297.419
3724,1.034444444,975.128,327.327,757.172,344.955,299.495,298.129,298.239,1015.569,1021.74,838.51,890.142,1048.539,298.758,298.452,297.199,297.403
3725,1.034722222,975.128,327.327,757.172,344.955,299.495,298.129,298.239,1015.569,1021.74,838.51,890.142,1048.539,298.758,298.452,297.199,297.403
3726,1.035,975.128,327.327,757.172,344.955,299.495,298.129,298.239,1015.569,1021.74,838.51,890.142,1048.539,298.758,298.452,297.199,297.403
3727,1.035277778,974.868,327.369,757.238,344.985,299.493,298.133,298.242,1015.789,1021.767,838.574,890.187,1048.58,298.77,298.465,297.223,297.415
3728,1.035555556,974.868,327.369,757.238,344.985,299.493,298.133,298.242,1015.789,1021.767,838.574,890.187,1048.58,298.77,298.465,297.223,297.415
3729,1.035833333,974.868,327.369,757.238,344.985,299.493,298.133,298.242,1015.789,1021.767,838.574,890.187,1048.58,298.77,298.465,297.223,297.415
3730,1.036111111,974.868,327.369,757.238,344.985,299.493,298.133,298.242,1015.789,1021.767,838.574,890.187,1048.58,298.77,298.465,297.223,297.415
3731,1.036388889,974.996,327.396,757.32,344.989,299.504,298.123,298.229,1016.087,1021.792,838.606,890.225,1048.601,298.768,298.473,297.222,297.42
3732,1.036666667,974.996,327.396,757.32,344.989,299.504,298.123,298.229,1016.087,1021.792,838.606,890.225,1048.601,298.768,298.473,297.222,297.42
3733,1.036944444,974.996,327.396,757.32,344.989,299.504,298.123,298.229,1016.087,1021.792,838.606,890.225,1048.601,298.768,298.473,297.222,297.42
3734,1.037222222,975.486,327.411,757.396,345.002,299.507,298.132,298.237,1016.614,1021.819,838.649,890.239,1048.623,298.765,298.468,297.218,297.416
3735,1.0375,975.486,327.411,757.396,345.002,299.507,298.132,298.237,1016.614,1021.819,838.649,890.239,1048.623,298.765,298.468,297.218,297.416
3736,1.037777778,975.486,327.411,757.396,345.002,299.507,298.132,298.237,1016.614,1021.819,838.649,890.239,1048.623,298.765,298.468,297.218,297.416
3737,1.038055556,975.486,327.411,757.396,345.002,299.507,298.132,298.237,1016.614,1021.819,838.649,890.239,1048.623,298.765,298.468,297.218,297.416
3738,1.038333333,975.499,327.454,757.455,345.012,299.495,298.134,298.235,1016.784,1021.855,838.688,890.3,1048.699,298.774,298.481,297.222,297.418
3739,1.038611111,975.499,327.454,757.455,345.012,299.495,298.134,298.235,1016.784,1021.855,838.688,890.3,1048.699,298.774,298.481,297.222,297.418
3740,1.038888889,975.499,327.454,757.455,345.012,299.495,298.134,298.235,1016.784,1021.855,838.688,890.3,1048.699,298.774,298.481,297.222,297.418
3741,1.039166667,975.706,327.48,757.505,345.009,299.495,298.129,298.222,1016.433,1021.874,838.725,890.308,1048.694,298.776,298.471,297.217,297.41
3742,1.039444444,975.706,327.48,757.505,345.009,299.495,298.129,298.222,1016.433,1021.874,838.725,890.308,1048.694,298.776,298.471,297.217,297.41
3743,1.039722222,975.706,327.48,757.505,345.009,299.495,298.129,298.222,1016.433,1021.874,838.725,890.308,1048.694,298.776,298.471,297.217,297.41
3744,1.04,975.706,327.48,757.505,345.009,299.495,298.129,298.222,1016.433,1021.874,838.725,890.308,1048.694,298.776,298.471,297.217,297.41
3745,1.040277778,975.826,327.513,757.587,345.016,299.523,298.142,298.237,1016.286,1021.921,838.785,890.375,1048.787,298.784,298.486,297.23,297.432
3746,1.040555556,975.826,327.513,757.587,345.016,299.523,298.142,298.237,1016.286,1021.921,838.785,890.375,1048.787,298.784,298.486,297.23,297.432
3747,1.040833333,975.826,327.513,757.587,345.016,299.523,298.142,298.237,1016.286,1021.921,838.785,890.375,1048.787,298.784,298.486,297.23,297.432
3748,1.041111111,975.781,327.545,757.64,345.027,299.518,298.149,298.231,1016.387,1021.965,838.831,890.42,1048.81,298.78,298.49,297.239,297.43
3749,1.041388889,975.781,327.545,757.64,345.027,299.518,298.149,298.231,1016.387,1021.965,838.831,890.42,1048.81,298.78,298.49,297.239,297.43
3750,1.041666667,975.781,327.545,757.64,345.027,299.518,298.149,298.231,1016.387,1021.965,838.831,890.42,1048.81,298.78,298.49,297.239,297.43
3751,1.041944444,975.781,327.545,757.64,345.027,299.518,298.149,298.231,1016.387,1021.965,838.831,890.42,1048.81,298.78,298.49,297.239,297.43
3752,1.042222222,975.861,327.584,757.697,345.033,299.535,298.146,298.248,1016.111,1021.995,838.88,890.453,1048.814,298.787,298.483,297.241,297.432
3753,1.0425,975.861,327.584,757.697,345.033,299.535,298.146,298.248,1016.111,1021.995,838.88,890.453,1048.814,298.787,298.483,297.241,297.432
3754,1.042777778,975.861,327.584,757.697,345.033,299.535,298.146,298.248,1016.111,1021.995,838.88,890.453,1048.814,298.787,298.483,297.241,297.432
3755,1.043055556,976.019,327.618,757.776,345.046,299.527,298.139,298.246,1016.138,1022.016,838.937,890.527,1048.847,298.801,298.493,297.244,297.444
3756,1.043333333,976.019,327.618,757.776,345.046,299.527,298.139,298.246,1016.138,1022.016,838.937,890.527,1048.847,298.801,298.493,297.244,297.444
3757,1.043611111,976.019,327.618,757.776,345.046,299.527,298.139,298.246,1016.138,1022.016,838.937,890.527,1048.847,298.801,298.493,297.244,297.444
3758,1.043888889,976.019,327.618,757.776,345.046,299.527,298.139,298.246,1016.138,1022.016,838.937,890.527,1048.847,298.801,298.493,297.244,297.444
3759,1.044166667,976.472,327.652,757.847,345.064,299.538,298.135,298.246,1016.506,1022.024,838.988,890.576,1048.838,298.798,298.5,297.245,297.443
3760,1.044444444,976.472,327.652,757.847,345.064,299.538,298.135,298.246,1016.506,1022.024,838.988,890.576,1048.838,298.798,298.5,297.245,297.443
3761,1.044722222,976.472,327.652,757.847,345.064,299.538,298.135,298.246,1016.506,1022.024,838.988,890.576,1048.838,298.798,298.5,297.245,297.443
3762,1.045,976.531,327.678,757.908,345.066,299.544,298.145,298.244,1016.376,1022.039,839.037,890.622,1048.805,298.8,298.509,297.256,297.451
3763,1.045277778,976.531,327.678,757.908,345.066,299.544,298.145,298.244,1016.376,1022.039,839.037,890.622,1048.805,298.8,298.509,297.256,297.451
3764,1.045555556,976.531,327.678,757.908,345.066,299.544,298.145,298.244,1016.376,1022.039,839.037,890.622,1048.805,298.8,298.509,297.256,297.451
3765,1.045833333,976.531,327.678,757.908,345.066,299.544,298.145,298.244,1016.376,1022.039,839.037,890.622,1048.805,298.8,298.509,297.256,297.451
3766,1.046111111,976.774,327.701,757.954,345.077,299.531,298.132,298.246,1016.163,1022.026,839.089,890.661,1048.792,298.8,298.497,297.249,297.453
3767,1.046388889,976.774,327.701,757.954,345.077,299.531,298.132,298.246,1016.163,1022.026,839.089,890.661,1048.792,298.8,298.497,297.249,297.453
3768,1.046666667,976.774,327.701,757.954,345.077,299.531,298.132,298.246,1016.163,1022.026,839.089,890.661,1048.792,298.8,298.497,297.249,297.453
3769,1.046944444,976.774,327.735,758.001,345.088,299.529,298.143,298.234,1015.987,1022.003,839.143,890.723,1048.777,298.806,298.502,297.25,297.454
3770,1.047222222,976.774,327.735,758.001,345.088,299.529,298.143,298.234,1015.987,1022.003,839.143,890.723,1048.777,298.806,298.502,297.25,297.454
3771,1.0475,976.774,327.735,758.001,345.088,299.529,298.143,298.234,1015.987,1022.003,839.143,890.723,1048.777,298.806,298.502,297.25,297.454
3772,1.047777778,976.774,327.735,758.001,345.088,299.529,298.143,298.234,1015.987,1022.003,839.143,890.723,1048.777,298.806,298.502,297.25,297.454
3773,1.048055556,976.904,327.766,758.081,345.098,299.537,298.144,298.245,1015.866,1021.987,839.197,890.738,1048.705,298.802,298.506,297.259,297.461
3774,1.048333333,976.904,327.766,758.081,345.098,299.537,298.144,298.245,1015.866,1021.987,839.197,890.738,1048.705,298.802,298.506,297.259,297.461
3775,1.048611111,976.904,327.766,758.081,345.098,299.537,298.144,298.245,1015.866,1021.987,839.197,890.738,1048.705,298.802,298.506,297.259,297.461
3776,1.048888889,976.719,327.802,758.155,345.103,299.544,298.144,298.246,1015.86,1021.958,839.246,890.789,1048.657,298.803,298.514,297.25,297.463
3777,1.049166667,976.719,327.802,758.155,345.103,299.544,298.144,298.246,1015.86,1021.958,839.246,890.789,1048.657,298.803,298.514,297.25,297.463
3778,1.049444444,976.719,327.802,758.155,345.103,299.544,298.144,298.246,1015.86,1021.958,839.246,890.789,1048.657,298.803,298.514,297.25,297.463
3779,1.049722222,976.719,327.802,758.155,345.103,299.544,298.144,298.246,1015.86,1021.958,839.246,890.789,1048.657,298.803,298.514,297.25,297.463
3780,1.05,976.749,327.838,758.228,345.117,299.555,298.146,298.255,1016.311,1021.92,839.299,890.828,1048.589,298.824,298.512,297.271,297.465
3781,1.050277778,976.749,327.838,758.228,345.117,299.555,298.146,298.255,1016.311,1021.92,839.299,890.828,1048.589,298.824,298.512,297.271,297.465
3782,1.050555556,976.749,327.838,758.228,345.117,299.555,298.146,298.255,1016.311,1021.92,839.299,890.828,1048.589,298.824,298.512,297.271,297.465
3783,1.050833333,976.575,327.862,758.281,345.113,299.553,298.141,298.25,1015.935,1021.879,839.353,890.883,1048.538,298.816,298.525,297.274,297.47
3784,1.051111111,976.575,327.862,758.281,345.113,299.553,298.141,298.25,1015.935,1021.879,839.353,890.883,1048.538,298.816,298.525,297.274,297.47
3785,1.051388889,976.575,327.862,758.281,345.113,299.553,298.141,298.25,1015.935,1021.879,839.353,890.883,1048.538,298.816,298.525,297.274,297.47
3786,1.051666667,976.575,327.862,758.281,345.113,299.553,298.141,298.25,1015.935,1021.879,839.353,890.883,1048.538,298.816,298.525,297.274,297.47
3787,1.051944444,976.568,327.899,758.341,345.109,299.558,298.137,298.237,1015.65,1021.838,839.396,890.901,1048.474,298.822,298.521,297.27,297.468
3788,1.052222222,976.568,327.899,758.341,345.109,299.558,298.137,298.237,1015.65,1021.838,839.396,890.901,1048.474,298.822,298.521,297.27,297.468
3789,1.0525,976.568,327.899,758.341,345.109,299.558,298.137,298.237,1015.65,1021.838,839.396,890.901,1048.474,298.822,298.521,297.27,297.468
3790,1.052777778,976.568,327.899,758.341,345.109,299.558,298.137,298.237,1015.65,1021.838,839.396,890.901,1048.474,298.822,298.521,297.27,297.468
3791,1.053055556,976.527,327.926,758.394,345.119,299.563,298.132,298.238,1015.911,1021.779,839.453,890.943,1048.396,298.824,298.528,297.275,297.48
3792,1.053333333,976.527,327.926,758.394,345.119,299.563,298.132,298.238,1015.911,1021.779,839.453,890.943,1048.396,298.824,298.528,297.275,297.48
3793,1.053611111,976.527,327.926,758.394,345.119,299.563,298.132,298.238,1015.911,1021.779,839.453,890.943,1048.396,298.824,298.528,297.275,297.48
3794,1.053888889,977.203,327.96,758.473,345.133,299.555,298.135,298.243,1015.775,1021.735,839.502,890.988,1048.347,298.834,298.537,297.276,297.483
3795,1.054166667,977.203,327.96,758.473,345.133,299.555,298.135,298.243,1015.775,1021.735,839.502,890.988,1048.347,298.834,298.537,297.276,297.483
3796,1.054444444,977.203,327.96,758.473,345.133,299.555,298.135,298.243,1015.775,1021.735,839.502,890.988,1048.347,298.834,298.537,297.276,297.483
3797,1.054722222,977.203,327.96,758.473,345.133,299.555,298.135,298.243,1015.775,1021.735,839.502,890.988,1048.347,298.834,298.537,297.276,297.483
3798,1.055,977.165,327.991,758.513,345.149,299.553,298.136,298.243,1015.217,1021.68,839.552,891.032,1048.286,298.831,298.522,297.274,297.475
3799,1.055277778,977.165,327.991,758.513,345.149,299.553,298.136,298.243,1015.217,1021.68,839.552,891.032,1048.286,298.831,298.522,297.274,297.475
3800,1.055555556,977.165,327.991,758.513,345.149,299.553,298.136,298.243,1015.217,1021.68,839.552,891.032,1048.286,298.831,298.522,297.274,297.475
3801,1.055833333,977.251,328.031,758.59,345.173,299.573,298.144,298.252,1014.845,1021.642,839.606,891.047,1048.239,298.844,298.541,297.289,297.497
3802,1.056111111,977.251,328.031,758.59,345.173,299.573,298.144,298.252,1014.845,1021.642,839.606,891.047,1048.239,298.844,298.541,297.289,297.497
3803,1.056388889,977.251,328.031,758.59,345.173,299.573,298.144,298.252,1014.845,1021.642,839.606,891.047,1048.239,298.844,298.541,297.289,297.497
3804,1.056666667,977.251,328.031,758.59,345.173,299.573,298.144,298.252,1014.845,1021.642,839.606,891.047,1048.239,298.844,298.541,297.289,297.497
3805,1.056944444,977.126,328.056,758.64,345.168,299.567,298.128,298.244,1014.866,1021.591,839.628,891.07,1048.168,298.852,298.541,297.278,297.482
3806,1.057222222,977.126,328.056,758.64,345.168,299.567,298.128,298.244,1014.866,1021.591,839.628,891.07,1048.168,298.852,298.541,297.278,297.482
3807,1.0575,977.126,328.056,758.64,345.168,299.567,298.128,298.244,1014.866,1021.591,839.628,891.07,1048.168,298.852,298.541,297.278,297.482
3808,1.057777778,977.394,328.085,758.708,345.178,299.555,298.121,298.241,1015.1,1021.544,839.677,891.094,1048.087,298.844,298.545,297.289,297.485
3809,1.058055556,977.394,328.085,758.708,345.178,299.555,298.121,298.241,1015.1,1021.544,839.677,891.094,1048.087,298.844,298.545,297.289,297.485
3810,1.058333333,977.394,328.085,758.708,345.178,299.555,298.121,298.241,1015.1,1021.544,839.677,891.094,1048.087,298.844,298.545,297.289,297.485
3811,1.058611111,977.394,328.085,758.708,345.178,299.555,298.121,298.241,1015.1,1021.544,839.677,891.094,1048.087,298.844,298.545,297.289,297.485
3812,1.058888889,978.157,328.117,758.776,345.176,299.571,298.108,298.23,1015.194,1021.484,839.71,891.134,1048.034,298.847,298.552,297.295,297.49
3813,1.059166667,978.157,328.117,758.776,345.176,299.571,298.108,298.23,1015.194,1021.484,839.71,891.134,1048.034,298.847,298.552,297.295,297.49
3814,1.059444444,978.157,328.117,758.776,345.176,299.571,298.108,298.23,1015.194,1021.484,839.71,891.134,1048.034,298.847,298.552,297.295,297.49
3815,1.059722222,978.164,328.153,758.828,345.198,299.571,298.131,298.229,1014.86,1021.426,839.749,891.15,1047.957,298.86,298.549,297.289,297.499
3816,1.06,978.164,328.153,758.828,345.198,299.571,298.131,298.229,1014.86,1021.426,839.749,891.15,1047.957,298.86,298.549,297.289,297.499
3817,1.060277778,978.164,328.153,758.828,345.198,299.571,298.131,298.229,1014.86,1021.426,839.749,891.15,1047.957,298.86,298.549,297.289,297.499
3818,1.060555556,978.431,328.178,758.867,345.196,299.571,298.132,298.246,1014.563,1021.377,839.794,891.2,1047.939,298.853,298.555,297.297,297.499
3819,1.060833333,978.431,328.178,758.867,345.196,299.571,298.132,298.246,1014.563,1021.377,839.794,891.2,1047.939,298.853,298.555,297.297,297.499
3820,1.061111111,978.431,328.178,758.867,345.196,299.571,298.132,298.246,1014.563,1021.377,839.794,891.2,1047.939,298.853,298.555,297.297,297.499
3821,1.061388889,978.431,328.178,758.867,345.196,299.571,298.132,298.246,1014.563,1021.377,839.794,891.2,1047.939,298.853,298.555,297.297,297.499
3822,1.061666667,978.229,328.209,758.944,345.21,299.585,298.141,298.232,1014.26,1021.314,839.828,891.166,1047.845,298.865,298.557,297.303,297.504
3823,1.061944444,978.229,328.209,758.944,345.21,299.585,298.141,298.232,1014.26,1021.314,839.828,891.166,1047.845,298.865,298.557,297.303,297.504
3824,1.062222222,978.229,328.209,758.944,345.21,299.585,298.141,298.232,1014.26,1021.314,839.828,891.166,1047.845,298.865,298.557,297.303,297.504
3825,1.0625,978.229,328.209,758.944,345.21,299.585,298.141,298.232,1014.26,1021.314,839.828,891.166,1047.845,298.865,298.557,297.303,297.504
3826,1.062777778,978.29,328.236,758.99,345.215,299.568,298.138,298.247,1013.805,1021.265,839.864,891.219,1047.793,298.862,298.563,297.306,297.507
3827,1.063055556,978.29,328.236,758.99,345.215,299.568,298.138,298.247,1013.805,1021.265,839.864,891.219,1047.793,298.862,298.563,297.306,297.507
3828,1.063333333,978.29,328.236,758.99,345.215,299.568,298.138,298.247,1013.805,1021.265,839.864,891.219,1047.793,298.862,298.563,297.306,297.507
3829,1.063611111,978.333,328.261,759.011,345.228,299.57,298.137,298.241,1013.146,1021.228,839.897,891.195,1047.713,298.866,298.558,297.315,297.516
3830,1.063888889,978.333,328.261,759.011,345.228,299.57,298.137,298.241,1013.146,1021.228,839.897,891.195,1047.713,298.866,298.558,297.315,297.516
3831,1.064166667,978.333,328.261,759.011,345.228,299.57,298.137,298.241,1013.146,1021.228,839.897,891.195,1047.713,298.866,298.558,297.315,297.516
3832,1.064444444,978.261,328.304,759.053,345.229,299.588,298.144,298.253,1012.977,1021.18,839.943,891.228,1047.655,298.883,298.577,297.31,297.531
3833,1.064722222,978.261,328.304,759.053,345.229,299.588,298.144,298.253,1012.977,1021.18,839.943,891.228,1047.655,298.883,298.577,297.31,297.531
3834,1.065,978.261,328.304,759.053,345.229,299.588,298.144,298.253,1012.977,1021.18,839.943,891.228,1047.655,298.883,298.577,297.31,297.531
3835,1.065277778,978.261,328.304,759.053,345.229,299.588,298.144,298.253,1012.977,1021.18,839.943,891.228,1047.655,298.883,298.577,297.31,297.531
3836,1.065555556,978.592,328.328,759.124,345.218,299.583,298.134,298.239,1012.952,1021.109,839.963,891.265,1047.61,298.878,298.562,297.307,297.519
3837,1.065833333,978.592,328.328,759.124,345.218,299.583,298.134,298.239,1012.952,1021.109,839.963,891.265,1047.61,298.878,298.562,297.307,297.519
3838,1.066111111,978.592,328.328,759.124,345.218,299.583,298.134,298.239,1012.952,1021.109,839.963,891.265,1047.61,298.878,298.562,297.307,297.519
3839,1.066388889,978.639,328.354,759.189,345.236,299.592,298.138,298.247,1013.24,1021.055,839.99,891.267,1047.522,298.873,298.571,297.314,297.526
3840,1.066666667,978.639,328.354,759.189,345.236,299.592,298.138,298.247,1013.24,1021.055,839.99,891.267,1047.522,298.873,298.571,297.314,297.526
3841,1.066944444,978.639,328.354,759.189,345.236,299.592,298.138,298.247,1013.24,1021.055,839.99,891.267,1047.522,298.873,298.571,297.314,297.526
3842,1.067222222,978.639,328.354,759.189,345.236,299.592,298.138,298.247,1013.24,1021.055,839.99,891.267,1047.522,298.873,298.571,297.314,297.526
3843,1.0675,978.692,328.387,759.235,345.253,299.583,298.139,298.235,1013.215,1020.982,840.01,891.283,1047.451,298.876,298.577,297.327,297.526
3844,1.067777778,978.692,328.387,759.235,345.253,299.583,298.139,298.235,1013.215,1020.982,840.01,891.283,1047.451,298.876,298.577,297.327,297.526
3845,1.068055556,978.692,328.387,759.235,345.253,299.583,298.139,298.235,1013.215,1020.982,840.01,891.283,1047.451,298.876,298.577,297.327,297.526
3846,1.068333333,978.6,328.422,759.287,345.269,299.599,298.141,298.254,1013.599,1020.924,840.039,891.273,1047.356,298.878,298.574,297.321,297.527
3847,1.068611111,978.6,328.422,759.287,345.269,299.599,298.141,298.254,1013.599,1020.924,840.039,891.273,1047.356,298.878,298.574,297.321,297.527
3848,1.068888889,978.6,328.422,759.287,345.269,299.599,298.141,298.254,1013.599,1020.924,840.039,891.273,1047.356,298.878,298.574,297.321,297.527
3849,1.069166667,978.6,328.422,759.287,345.269,299.599,298.141,298.254,1013.599,1020.924,840.039,891.273,1047.356,298.878,298.574,297.321,297.527
3850,1.069444444,978.312,328.453,759.313,345.299,299.604,298.156,298.258,1013.906,1020.859,840.058,891.295,1047.297,298.901,298.591,297.324,297.543
3851,1.069722222,978.312,328.453,759.313,345.299,299.604,298.156,298.258,1013.906,1020.859,840.058,891.295,1047.297,298.901,298.591,297.324,297.543
3852,1.07,978.312,328.453,759.313,345.299,299.604,298.156,298.258,1013.906,1020.859,840.058,891.295,1047.297,298.901,298.591,297.324,297.543
3853,1.070277778,978.178,328.488,759.348,345.305,299.617,298.155,298.242,1013.915,1020.797,840.089,891.306,1047.224,298.901,298.595,297.34,297.539
3854,1.070555556,978.178,328.488,759.348,345.305,299.617,298.155,298.242,1013.915,1020.797,840.089,891.306,1047.224,298.901,298.595,297.34,297.539
3855,1.070833333,978.178,328.488,759.348,345.305,299.617,298.155,298.242,1013.915,1020.797,840.089,891.306,1047.224,298.901,298.595,297.34,297.539
3856,1.071111111,978.178,328.488,759.348,345.305,299.617,298.155,298.242,1013.915,1020.797,840.089,891.306,1047.224,298.901,298.595,297.34,297.539
3857,1.071388889,978.819,328.516,759.407,345.317,299.605,298.15,298.238,1013.862,1020.721,840.116,891.3,1047.147,298.898,298.578,297.337,297.535
3858,1.071666667,978.819,328.516,759.407,345.317,299.605,298.15,298.238,1013.862,1020.721,840.116,891.3,1047.147,298.898,298.578,297.337,297.535
3859,1.071944444,978.819,328.516,759.407,345.317,299.605,298.15,298.238,1013.862,1020.721,840.116,891.3,1047.147,298.898,298.578,297.337,297.535
3860,1.072222222,978.641,328.545,759.407,345.325,299.613,298.161,298.246,1013.829,1020.667,840.136,891.321,1047.115,298.907,298.586,297.347,297.552
3861,1.0725,978.641,328.545,759.407,345.325,299.613,298.161,298.246,1013.829,1020.667,840.136,891.321,1047.115,298.907,298.586,297.347,297.552
3862,1.072777778,978.641,328.545,759.407,345.325,299.613,298.161,298.246,1013.829,1020.667,840.136,891.321,1047.115,298.907,298.586,297.347,297.552
3863,1.073055556,978.641,328.545,759.407,345.325,299.613,298.161,298.246,1013.829,1020.667,840.136,891.321,1047.115,298.907,298.586,297.347,297.552
3864,1.073333333,978.197,328.588,759.475,345.339,299.624,298.178,298.249,1013.744,1020.617,840.163,891.302,1047.064,298.908,298.596,297.351,297.557
3865,1.073611111,978.197,328.588,759.475,345.339,299.624,298.178,298.249,1013.744,1020.617,840.163,891.302,1047.064,298.908,298.596,297.351,297.557
3866,1.073888889,978.197,328.588,759.475,345.339,299.624,298.178,298.249,1013.744,1020.617,840.163,891.302,1047.064,298.908,298.596,297.351,297.557
3867,1.074166667,977.606,328.607,759.569,345.339,299.616,298.186,298.247,1013.77,1020.571,840.19,891.278,1046.992,298.912,298.595,297.346,297.56
3868,1.074444444,977.606,328.607,759.569,345.339,299.616,298.186,298.247,1013.77,1020.571,840.19,891.278,1046.992,298.912,298.595,297.346,297.56
3869,1.074722222,977.606,328.607,759.569,345.339,299.616,298.186,298.247,1013.77,1020.571,840.19,891.278,1046.992,298.912,298.595,297.346,297.56
3870,1.075,977.606,328.607,759.569,345.339,299.616,298.186,298.247,1013.77,1020.571,840.19,891.278,1046.992,298.912,298.595,297.346,297.56
3871,1.075277778,976.728,328.652,759.689,345.352,299.637,298.186,298.254,1013.957,1020.544,840.211,891.318,1047.028,298.918,298.622,297.359,297.57
3872,1.075555556,976.728,328.652,759.689,345.352,299.637,298.186,298.254,1013.957,1020.544,840.211,891.318,1047.028,298.918,298.622,297.359,297.57
3873,1.075833333,976.728,328.652,759.689,345.352,299.637,298.186,298.254,1013.957,1020.544,840.211,891.318,1047.028,298.918,298.622,297.359,297.57
3874,1.076111111,976.241,328.676,759.82,345.354,299.642,298.182,298.255,1014.53,1020.512,840.24,891.337,1047.009,298.93,298.615,297.363,297.584
3875,1.076388889,976.241,328.676,759.82,345.354,299.642,298.182,298.255,1014.53,1020.512,840.24,891.337,1047.009,298.93,298.615,297.363,297.584
3876,1.076666667,976.241,328.676,759.82,345.354,299.642,298.182,298.255,1014.53,1020.512,840.24,891.337,1047.009,298.93,298.615,297.363,297.584
3877,1.076944444,976.241,328.676,759.82,345.354,299.642,298.182,298.255,1014.53,1020.512,840.24,891.337,1047.009,298.93,298.615,297.363,297.584
3878,1.077222222,976.025,328.718,759.912,345.372,299.656,298.196,298.266,1015.376,1020.499,840.251,891.325,1047.007,298.947,298.621,297.376,297.587
3879,1.0775,976.025,328.718,759.912,345.372,299.656,298.196,298.266,1015.376,1020.499,840.251,891.325,1047.007,298.947,298.621,297.376,297.587
3880,1.077777778,976.025,328.718,759.912,345.372,299.656,298.196,298.266,1015.376,1020.499,840.251,891.325,1047.007,298.947,298.621,297.376,297.587
3881,1.078055556,976.291,328.741,759.967,345.374,299.647,298.191,298.26,1015.597,1020.483,840.264,891.332,1047.073,298.938,298.611,297.381,297.584
3882,1.078333333,976.291,328.741,759.967,345.374,299.647,298.191,298.26,1015.597,1020.483,840.264,891.332,1047.073,298.938,298.611,297.381,297.584
3883,1.078611111,976.291,328.741,759.967,345.374,299.647,298.191,298.26,1015.597,1020.483,840.264,891.332,1047.073,298.938,298.611,297.381,297.584
3884,1.078888889,976.291,328.741,759.967,345.374,299.647,298.191,298.26,1015.597,1020.483,840.264,891.332,1047.073,298.938,298.611,297.381,297.584
3885,1.079166667,976.7,328.774,760.016,345.378,299.635,298.175,298.252,1015.929,1020.48,840.271,891.327,1047.106,298.93,298.617,297.374,297.572
3886,1.079444444,976.7,328.774,760.016,345.378,299.635,298.175,298.252,1015.929,1020.48,840.271,891.327,1047.106,298.93,298.617,297.374,297.572
3887,1.079722222,976.7,328.774,760.016,345.378,299.635,298.175,298.252,1015.929,1020.48,840.271,891.327,1047.106,298.93,298.617,297.374,297.572
3888,1.08,976.7,328.774,760.016,345.378,299.635,298.175,298.252,1015.929,1020.48,840.271,891.327,1047.106,298.93,298.617,297.374,297.572
3889,1.080277778,976.52,328.802,760.043,345.402,299.662,298.182,298.261,1016.053,1020.528,840.306,891.324,1047.158,298.945,298.633,297.377,297.601
3890,1.080555556,976.52,328.802,760.043,345.402,299.662,298.182,298.261,1016.053,1020.528,840.306,891.324,1047.158,298.945,298.633,297.377,297.601
3891,1.080833333,976.52,328.802,760.043,345.402,299.662,298.182,298.261,1016.053,1020.528,840.306,891.324,1047.158,298.945,298.633,297.377,297.601
3892,1.081111111,976.393,328.828,760.084,345.399,299.663,298.202,298.248,1015.59,1020.57,840.315,891.344,1047.241,298.934,298.621,297.383,297.593
3893,1.081388889,976.393,328.828,760.084,345.399,299.663,298.202,298.248,1015.59,1020.57,840.315,891.344,1047.241,298.934,298.621,297.383,297.593
3894,1.081666667,976.393,328.828,760.084,345.399,299.663,298.202,298.248,1015.59,1020.57,840.315,891.344,1047.241,298.934,298.621,297.383,297.593
3895,1.081944444,976.393,328.828,760.084,345.399,299.663,298.202,298.248,1015.59,1020.57,840.315,891.344,1047.241,298.934,298.621,297.383,297.593
3896,1.082222222,975.996,328.862,760.15,345.403,299.68,298.202,298.26,1015.264,1020.614,840.34,891.339,1047.289,298.941,298.638,297.387,297.605
3897,1.0825,975.996,328.862,760.15,345.403,299.68,298.202,298.26,1015.264,1020.614,840.34,891.339,1047.289,298.941,298.638,297.387,297.605
3898,1.082777778,975.996,328.862,760.15,345.403,299.68,298.202,298.26,1015.264,1020.614,840.34,891.339,1047.289,298.941,298.638,297.387,297.605
3899,1.083055556,975.627,328.891,760.172,345.416,299.677,298.19,298.247,1015.438,1020.659,840.369,891.334,1047.375,298.946,298.633,297.396,297.605
3900,1.083333333,975.627,328.891,760.172,345.416,299.677,298.19,298.247,1015.438,1020.659,840.369,891.334,1047.375,298.946,298.633,297.396,297.605
3901,1.083611111,975.627,328.891,760.172,345.416,299.677,298.19,298.247,1015.438,1020.659,840.369,891.334,1047.375,298.946,298.633,297.396,297.605
3902,1.083888889,975.627,328.891,760.172,345.416,299.677,298.19,298.247,1015.438,1020.659,840.369,891.334,1047.375,298.946,298.633,297.396,297.605
3903,1.084166667,975.337,328.922,760.19,345.417,299.684,298.19,298.257,1015.525,1020.699,840.388,891.355,1047.407,298.948,298.639,297.402,297.609
3904,1.084444444,975.337,328.922,760.19,345.417,299.684,298.19,298.257,1015.525,1020.699,840.388,891.355,1047.407,298.948,298.639,297.402,297.609
3905,1.084722222,975.337,328.922,760.19,345.417,299.684,298.19,298.257,1015.525,1020.699,840.388,891.355,1047.407,298.948,298.639,297.402,297.609
3906,1.085,975.642,328.952,760.259,345.423,299.674,298.192,298.251,1015.511,1020.74,840.423,891.377,1047.454,298.951,298.639,297.401,297.609
3907,1.085277778,975.642,328.952,760.259,345.423,299.674,298.192,298.251,1015.511,1020.74,840.423,891.377,1047.454,298.951,298.639,297.401,297.609
3908,1.085555556,975.642,328.952,760.259,345.423,299.674,298.192,298.251,1015.511,1020.74,840.423,891.377,1047.454,298.951,298.639,297.401,297.609
3909,1.085833333,975.642,328.952,760.259,345.423,299.674,298.192,298.251,1015.511,1020.74,840.423,891.377,1047.454,298.951,298.639,297.401,297.609
3910,1.086111111,975.226,328.983,760.305,345.443,299.698,298.193,298.265,1015.271,1020.79,840.45,891.385,1047.47,298.964,298.647,297.41,297.626
3911,1.086388889,975.226,328.983,760.305,345.443,299.698,298.193,298.265,1015.271,1020.79,840.45,891.385,1047.47,298.964,298.647,297.41,297.626
3912,1.086666667,975.226,328.983,760.305,345.443,299.698,298.193,298.265,1015.271,1020.79,840.45,891.385,1047.47,298.964,298.647,297.41,297.626
3913,1.086944444,974.706,329.015,760.356,345.448,299.686,298.186,298.266,1015.063,1020.822,840.491,891.424,1047.522,298.966,298.65,297.417,297.619
3914,1.087222222,974.706,329.015,760.356,345.448,299.686,298.186,298.266,1015.063,1020.822,840.491,891.424,1047.522,298.966,298.65,297.417,297.619
3915,1.0875,974.706,329.015,760.356,345.448,299.686,298.186,298.266,1015.063,1020.822,840.491,891.424,1047.522,298.966,298.65,297.417,297.619
3916,1.087777778,974.943,329.051,760.427,345.451,299.689,298.183,298.263,1015.128,1020.85,840.516,891.456,1047.562,298.967,298.656,297.404,297.622
3917,1.088055556,974.943,329.051,760.427,345.451,299.689,298.183,298.263,1015.128,1020.85,840.516,891.456,1047.562,298.967,298.656,297.404,297.622
3918,1.088333333,974.943,329.051,760.427,345.451,299.689,298.183,298.263,1015.128,1020.85,840.516,891.456,1047.562,298.967,298.656,297.404,297.622
3919,1.088611111,974.943,329.051,760.427,345.451,299.689,298.183,298.263,1015.128,1020.85,840.516,891.456,1047.562,298.967,298.656,297.404,297.622
3920,1.088888889,974.676,329.078,760.448,345.46,299.699,298.183,298.261,1015.045,1020.888,840.553,891.47,1047.622,298.97,298.656,297.406,297.633
3921,1.089166667,974.676,329.078,760.448,345.46,299.699,298.183,298.261,1015.045,1020.888,840.553,891.47,1047.622,298.97,298.656,297.406,297.633
3922,1.089444444,974.676,329.078,760.448,345.46,299.699,298.183,298.261,1015.045,1020.888,840.553,891.47,1047.622,298.97,298.656,297.406,297.633
3923,1.089722222,974.676,329.078,760.448,345.46,299.699,298.183,298.261,1015.045,1020.888,840.553,891.47,1047.622,298.97,298.656,297.406,297.633
3924,1.09,974.583,329.109,760.498,345.466,299.706,298.181,298.268,1014.629,1020.924,840.587,891.527,1047.656,298.979,298.662,297.424,297.63
3925,1.090277778,974.583,329.109,760.498,345.466,299.706,298.181,298.268,1014.629,1020.924,840.587,891.527,1047.656,298.979,298.662,297.424,297.63
3926,1.090555556,974.583,329.109,760.498,345.466,299.706,298.181,298.268,1014.629,1020.924,840.587,891.527,1047.656,298.979,298.662,297.424,297.63
3927,1.090833333,974.784,329.125,760.535,345.461,299.691,298.156,298.243,1014.547,1020.944,840.611,891.559,1047.708,298.974,298.655,297.414,297.625
3928,1.091111111,974.784,329.125,760.535,345.461,299.691,298.156,298.243,1014.547,1020.944,840.611,891.559,1047.708,298.974,298.655,297.414,297.625
3929,1.091388889,974.784,329.125,760.535,345.461,299.691,298.156,298.243,1014.547,1020.944,840.611,891.559,1047.708,298.974,298.655,297.414,297.625
3930,1.091666667,975.274,329.164,760.588,345.482,299.713,298.183,298.265,1014.51,1020.98,840.667,891.565,1047.709,298.979,298.66,297.423,297.638
3931,1.091944444,975.274,329.164,760.588,345.482,299.713,298.183,298.265,1014.51,1020.98,840.667,891.565,1047.709,298.979,298.66,297.423,297.638
3932,1.092222222,975.274,329.164,760.588,345.482,299.713,298.183,298.265,1014.51,1020.98,840.667,891.565,1047.709,298.979,298.66,297.423,297.638
3933,1.0925,975.274,329.164,760.588,345.482,299.713,298.183,298.265,1014.51,1020.98,840.667,891.565,1047.709,298.979,298.66,297.423,297.638
3934,1.092777778,975.262,329.187,760.598,345.485,299.717,298.183,298.249,1014.238,1020.997,840.699,891.569,1047.705,298.983,298.662,297.424,297.64
3935,1.093055556,975.262,329.187,760.598,345.485,299.717,298.183,298.249,1014.238,1020.997,840.699,891.569,1047.705,298.983,298.662,297.424,297.64
3936,1.093333333,975.262,329.187,760.598,345.485,299.717,298.183,298.249,1014.238,1020.997,840.699,891.569,1047.705,298.983,298.662,297.424,297.64
3937,1.093611111,974.826,329.223,760.626,345.483,299.712,298.159,298.255,1014.523,1020.993,840.736,891.622,1047.694,298.979,298.671,297.42,297.635
3938,1.093888889,974.826,329.223,760.626,345.483,299.712,298.159,298.255,1014.523,1020.993,840.736,891.622,1047.694,298.979,298.671,297.42,297.635
3939,1.094166667,974.826,329.223,760.626,345.483,299.712,298.159,298.255,1014.523,1020.993,840.736,891.622,1047.694,298.979,298.671,297.42,297.635
3940,1.094444444,974.826,329.223,760.626,345.483,299.712,298.159,298.255,1014.523,1020.993,840.736,891.622,1047.694,298.979,298.671,297.42,297.635
3941,1.094722222,974.271,329.238,760.689,345.501,299.712,298.153,298.241,1014.765,1020.996,840.777,891.645,1047.693,298.988,298.674,297.425,297.636
3942,1.095,974.271,329.238,760.689,345.501,299.712,298.153,298.241,1014.765,1020.996,840.777,891.645,1047.693,298.988,298.674,297.425,297.636
3943,1.095277778,974.271,329.238,760.689,345.501,299.712,298.153,298.241,1014.765,1020.996,840.777,891.645,1047.693,298.988,298.674,297.425,297.636
3944,1.095555556,974.826,329.275,760.76,345.502,299.712,298.147,298.246,1014.084,1020.989,840.813,891.702,1047.684,298.986,298.674,297.433,297.645
3945,1.095833333,974.826,329.275,760.76,345.502,299.712,298.147,298.246,1014.084,1020.989,840.813,891.702,1047.684,298.986,298.674,297.433,297.645
3946,1.096111111,974.826,329.275,760.76,345.502,299.712,298.147,298.246,1014.084,1020.989,840.813,891.702,1047.684,298.986,298.674,297.433,297.645
3947,1.096388889,974.826,329.275,760.76,345.502,299.712,298.147,298.246,1014.084,1020.989,840.813,891.702,1047.684,298.986,298.674,297.433,297.645
3948,1.096666667,975.3,329.306,760.793,345.516,299.704,298.152,298.239,1013.445,1020.985,840.861,891.748,1047.678,298.987,298.674,297.426,297.641
3949,1.096944444,975.3,329.306,760.793,345.516,299.704,298.152,298.239,1013.445,1020.985,840.861,891.748,1047.678,298.987,298.674,297.426,297.641
3950,1.097222222,975.3,329.306,760.793,345.516,299.704,298.152,298.239,1013.445,1020.985,840.861,891.748,1047.678,298.987,298.674,297.426,297.641
3951,1.0975,975.3,329.306,760.793,345.516,299.704,298.152,298.239,1013.445,1020.985,840.861,891.748,1047.678,298.987,298.674,297.426,297.641
3952,1.097777778,975.757,329.337,760.861,345.525,299.714,298.15,298.245,1012.731,1020.991,840.907,891.771,1047.687,299.001,298.681,297.434,297.649
3953,1.098055556,975.757,329.337,760.861,345.525,299.714,298.15,298.245,1012.731,1020.991,840.907,891.771,1047.687,299.001,298.681,297.434,297.649
3954,1.098333333,975.757,329.337,760.861,345.525,299.714,298.15,298.245,1012.731,1020.991,840.907,891.771,1047.687,299.001,298.681,297.434,297.649
3955,1.098611111,975.857,329.363,760.946,345.537,299.711,298.145,298.233,1012.528,1020.985,840.942,891.817,1047.672,298.994,298.682,297.43,297.64
3956,1.098888889,975.857,329.363,760.946,345.537,299.711,298.145,298.233,1012.528,1020.985,840.942,891.817,1047.672,298.994,298.682,297.43,297.64
3957,1.099166667,975.857,329.363,760.946,345.537,299.711,298.145,298.233,1012.528,1020.985,840.942,891.817,1047.672,298.994,298.682,297.43,297.64
3958,1.099444444,975.857,329.363,760.946,345.537,299.711,298.145,298.233,1012.528,1020.985,840.942,891.817,1047.672,298.994,298.682,297.43,297.64
3959,1.099722222,975.993,329.389,760.996,345.535,299.705,298.136,298.245,1012.131,1020.98,840.995,891.864,1047.677,299.012,298.684,297.425,297.652
3960,1.1,975.993,329.389,760.996,345.535,299.705,298.136,298.245,1012.131,1020.98,840.995,891.864,1047.677,299.012,298.684,297.425,297.652
3961,1.100277778,975.993,329.389,760.996,345.535,299.705,298.136,298.245,1012.131,1020.98,840.995,891.864,1047.677,299.012,298.684,297.425,297.652
3962,1.100555556,975.546,329.426,760.992,345.555,299.71,298.146,298.232,1012.083,1020.972,841.034,891.881,1047.641,299,298.688,297.435,297.645
3963,1.100833333,975.546,329.426,760.992,345.555,299.71,298.146,298.232,1012.083,1020.972,841.034,891.881,1047.641,299,298.688,297.435,297.645
3964,1.101111111,975.546,329.426,760.992,345.555,299.71,298.146,298.232,1012.083,1020.972,841.034,891.881,1047.641,299,298.688,297.435,297.645
3965,1.101388889,975.172,329.447,761.044,345.561,299.716,298.133,298.226,1012.316,1020.947,841.071,891.916,1047.607,299.007,298.692,297.432,297.664
3966,1.101666667,975.172,329.447,761.044,345.561,299.716,298.133,298.226,1012.316,1020.947,841.071,891.916,1047.607,299.007,298.692,297.432,297.664
3967,1.101944444,975.172,329.447,761.044,345.561,299.716,298.133,298.226,1012.316,1020.947,841.071,891.916,1047.607,299.007,298.692,297.432,297.664
3968,1.102222222,975.172,329.447,761.044,345.561,299.716,298.133,298.226,1012.316,1020.947,841.071,891.916,1047.607,299.007,298.692,297.432,297.664
3969,1.1025,974.8,329.468,761.078,345.559,299.697,298.119,298.224,1012.751,1020.908,841.094,891.911,1047.525,298.992,298.692,297.433,297.648
3970,1.102777778,974.8,329.468,761.078,345.559,299.697,298.119,298.224,1012.751,1020.908,841.094,891.911,1047.525,298.992,298.692,297.433,297.648
3971,1.103055556,974.8,329.468,761.078,345.559,299.697,298.119,298.224,1012.751,1020.908,841.094,891.911,1047.525,298.992,298.692,297.433,297.648
3972,1.103333333,974.8,329.468,761.078,345.559,299.697,298.119,298.224,1012.751,1020.908,841.094,891.911,1047.525,298.992,298.692,297.433,297.648
3973,1.103611111,974.555,329.501,761.113,345.574,299.7,298.116,298.228,1013.062,1020.879,841.14,891.97,1047.482,299.019,298.692,297.436,297.657
3974,1.103888889,974.555,329.501,761.113,345.574,299.7,298.116,298.228,1013.062,1020.879,841.14,891.97,1047.482,299.019,298.692,297.436,297.657
3975,1.104166667,974.555,329.501,761.113,345.574,299.7,298.116,298.228,1013.062,1020.879,841.14,891.97,1047.482,299.019,298.692,297.436,297.657
3976,1.104444444,974.759,329.525,761.202,345.59,299.715,298.118,298.234,1013.38,1020.829,841.187,892.002,1047.434,299.015,298.692,297.441,297.662
3977,1.104722222,974.759,329.525,761.202,345.59,299.715,298.118,298.234,1013.38,1020.829,841.187,892.002,1047.434,299.015,298.692,297.441,297.662
3978,1.105,974.759,329.525,761.202,345.59,299.715,298.118,298.234,1013.38,1020.829,841.187,892.002,1047.434,299.015,298.692,297.441,297.662
3979,1.105277778,974.759,329.525,761.202,345.59,299.715,298.118,298.234,1013.38,1020.829,841.187,892.002,1047.434,299.015,298.692,297.441,297.662
3980,1.105555556,975.034,329.56,761.242,345.607,299.708,298.115,298.233,1013.448,1020.789,841.216,892.046,1047.38,299.017,298.694,297.433,297.656
3981,1.105833333,975.034,329.56,761.242,345.607,299.708,298.115,298.233,1013.448,1020.789,841.216,892.046,1047.38,299.017,298.694,297.433,297.656
3982,1.106111111,975.034,329.56,761.242,345.607,299.708,298.115,298.233,1013.448,1020.789,841.216,892.046,1047.38,299.017,298.694,297.433,297.656
3983,1.106388889,974.964,329.594,761.302,345.629,299.716,298.128,298.221,1013.54,1020.755,841.27,892.069,1047.367,299.028,298.706,297.46,297.672
3984,1.106666667,974.964,329.594,761.302,345.629,299.716,298.128,298.221,1013.54,1020.755,841.27,892.069,1047.367,299.028,298.706,297.46,297.672
3985,1.106944444,974.964,329.594,761.302,345.629,299.716,298.128,298.221,1013.54,1020.755,841.27,892.069,1047.367,299.028,298.706,297.46,297.672
3986,1.107222222,974.964,329.594,761.302,345.629,299.716,298.128,298.221,1013.54,1020.755,841.27,892.069,1047.367,299.028,298.706,297.46,297.672
3987,1.1075,975.102,329.616,761.356,345.645,299.728,298.128,298.235,1013.342,1020.745,841.294,892.086,1047.338,299.029,298.71,297.453,297.677
3988,1.107777778,975.102,329.616,761.356,345.645,299.728,298.128,298.235,1013.342,1020.745,841.294,892.086,1047.338,299.029,298.71,297.453,297.677
3989,1.108055556,975.102,329.616,761.356,345.645,299.728,298.128,298.235,1013.342,1020.745,841.294,892.086,1047.338,299.029,298.71,297.453,297.677
3990,1.108333333,975.054,329.648,761.37,345.675,299.732,298.13,298.223,1013.146,1020.708,841.327,892.092,1047.34,299.025,298.709,297.461,297.669
3991,1.108611111,975.054,329.648,761.37,345.675,299.732,298.13,298.223,1013.146,1020.708,841.327,892.092,1047.34,299.025,298.709,297.461,297.669
3992,1.108888889,975.054,329.648,761.37,345.675,299.732,298.13,298.223,1013.146,1020.708,841.327,892.092,1047.34,299.025,298.709,297.461,297.669
3993,1.109166667,975.143,329.674,761.45,345.681,299.732,298.133,298.222,1013.088,1020.696,841.368,892.141,1047.329,299.032,298.72,297.467,297.684
3994,1.109444444,975.143,329.674,761.45,345.681,299.732,298.133,298.222,1013.088,1020.696,841.368,892.141,1047.329,299.032,298.72,297.467,297.684
3995,1.109722222,975.143,329.674,761.45,345.681,299.732,298.133,298.222,1013.088,1020.696,841.368,892.141,1047.329,299.032,298.72,297.467,297.684
3996,1.11,975.143,329.674,761.45,345.681,299.732,298.133,298.222,1013.088,1020.696,841.368,892.141,1047.329,299.032,298.72,297.467,297.684
3997,1.110277778,975.416,329.712,761.515,345.704,299.745,298.134,298.242,1013.126,1020.682,841.414,892.161,1047.328,299.038,298.729,297.47,297.682
3998,1.110555556,975.416,329.712,761.515,345.704,299.745,298.134,298.242,1013.126,1020.682,841.414,892.161,1047.328,299.038,298.729,297.47,297.682
3999,1.110833333,975.416,329.712,761.515,345.704,299.745,298.134,298.242,1013.126,1020.682,841.414,892.161,1047.328,299.038,298.729,297.47,297.682
4000,1.111111111,975.416,329.712,761.515,345.704,299.745,298.134,298.242,1013.126,1020.682,841.414,892.161,1047.328,299.038,298.729,297.47,297.682
4001,1.111388889,975.436,329.733,761.559,345.714,299.716,298.116,298.224,1013.517,1020.661,841.426,892.151,1047.29,299.034,298.709,297.458,297.679
4002,1.111666667,975.436,329.733,761.559,345.714,299.716,298.116,298.224,1013.517,1020.661,841.426,892.151,1047.29,299.034,298.709,297.458,297.679
4003,1.111944444,975.436,329.733,761.559,345.714,299.716,298.116,298.224,1013.517,1020.661,841.426,892.151,1047.29,299.034,298.709,297.458,297.679
4004,1.112222222,975.173,329.753,761.574,345.735,299.729,298.106,298.225,1013.884,1020.646,841.462,892.187,1047.304,299.044,298.717,297.475,297.679
4005,1.1125,975.173,329.753,761.574,345.735,299.729,298.106,298.225,1013.884,1020.646,841.462,892.187,1047.304,299.044,298.717,297.475,297.679
4006,1.112777778,975.173,329.753,761.574,345.735,299.729,298.106,298.225,1013.884,1020.646,841.462,892.187,1047.304,299.044,298.717,297.475,297.679
4007,1.113055556,974.909,329.788,761.607,345.75,299.743,298.128,298.23,1014.139,1020.644,841.486,892.208,1047.311,299.044,298.72,297.476,297.689
4008,1.113333333,974.909,329.788,761.607,345.75,299.743,298.128,298.23,1014.139,1020.644,841.486,892.208,1047.311,299.044,298.72,297.476,297.689
4009,1.113611111,974.909,329.788,761.607,345.75,299.743,298.128,298.23,1014.139,1020.644,841.486,892.208,1047.311,299.044,298.72,297.476,297.689
4010,1.113888889,974.909,329.788,761.607,345.75,299.743,298.128,298.23,1014.139,1020.644,841.486,892.208,1047.311,299.044,298.72,297.476,297.689
4011,1.114166667,974.512,329.817,761.686,345.779,299.737,298.113,298.227,1014.372,1020.638,841.523,892.227,1047.315,299.041,298.732,297.467,297.686
4012,1.114444444,974.512,329.817,761.686,345.779,299.737,298.113,298.227,1014.372,1020.638,841.523,892.227,1047.315,299.041,298.732,297.467,297.686
4013,1.114722222,974.512,329.817,761.686,345.779,299.737,298.113,298.227,1014.372,1020.638,841.523,892.227,1047.315,299.041,298.732,297.467,297.686
4014,1.115,974.512,329.817,761.686,345.779,299.737,298.113,298.227,1014.372,1020.638,841.523,892.227,1047.315,299.041,298.732,297.467,297.686
4015,1.115277778,974.318,329.856,761.711,345.812,299.767,298.138,298.246,1014.882,1020.646,841.557,892.213,1047.31,299.052,298.738,297.478,297.701
4016,1.115555556,974.318,329.856,761.711,345.812,299.767,298.138,298.246,1014.882,1020.646,841.557,892.213,1047.31,299.052,298.738,297.478,297.701
4017,1.115833333,974.318,329.856,761.711,345.812,299.767,298.138,298.246,1014.882,1020.646,841.557,892.213,1047.31,299.052,298.738,297.478,297.701
4018,1.116111111,973.69,329.881,761.738,345.823,299.749,298.133,298.24,1014.886,1020.652,841.588,892.245,1047.318,299.052,298.739,297.483,297.704
4019,1.116388889,973.69,329.881,761.738,345.823,299.749,298.133,298.24,1014.886,1020.652,841.588,892.245,1047.318,299.052,298.739,297.483,297.704
4020,1.116666667,973.69,329.881,761.738,345.823,299.749,298.133,298.24,1014.886,1020.652,841.588,892.245,1047.318,299.052,298.739,297.483,297.704
4021,1.116944444,973.69,329.881,761.738,345.823,299.749,298.133,298.24,1014.886,1020.652,841.588,892.245,1047.318,299.052,298.739,297.483,297.704
4022,1.117222222,972.749,329.905,761.788,345.85,299.751,298.131,298.245,1014.562,1020.67,841.63,892.27,1047.365,299.059,298.736,297.496,297.71
4023,1.1175,972.749,329.905,761.788,345.85,299.751,298.131,298.245,1014.562,1020.67,841.63,892.27,1047.365,299.059,298.736,297.496,297.71
4024,1.117777778,972.749,329.905,761.788,345.85,299.751,298.131,298.245,1014.562,1020.67,841.63,892.27,1047.365,299.059,298.736,297.496,297.71
4025,1.118055556,972.266,329.932,761.851,345.869,299.776,298.143,298.242,1014.512,1020.69,841.65,892.294,1047.399,299.059,298.746,297.493,297.709
4026,1.118333333,972.266,329.932,761.851,345.869,299.776,298.143,298.242,1014.512,1020.69,841.65,892.294,1047.399,299.059,298.746,297.493,297.709
4027,1.118611111,972.266,329.932,761.851,345.869,299.776,298.143,298.242,1014.512,1020.69,841.65,892.294,1047.399,299.059,298.746,297.493,297.709
4028,1.118888889,972.266,329.932,761.851,345.869,299.776,298.143,298.242,1014.512,1020.69,841.65,892.294,1047.399,299.059,298.746,297.493,297.709
4029,1.119166667,971.681,329.958,761.865,345.877,299.761,298.137,298.243,1014.662,1020.697,841.672,892.306,1047.446,299.056,298.747,297.491,297.702
4030,1.119444444,971.681,329.958,761.865,345.877,299.761,298.137,298.243,1014.662,1020.697,841.672,892.306,1047.446,299.056,298.747,297.491,297.702
4031,1.119722222,971.681,329.958,761.865,345.877,299.761,298.137,298.243,1014.662,1020.697,841.672,892.306,1047.446,299.056,298.747,297.491,297.702
4032,1.12,971.914,329.984,761.898,345.891,299.777,298.132,298.244,1014.856,1020.736,841.701,892.324,1047.484,299.068,298.757,297.499,297.71
4033,1.120277778,971.914,329.984,761.898,345.891,299.777,298.132,298.244,1014.856,1020.736,841.701,892.324,1047.484,299.068,298.757,297.499,297.71
4034,1.120555556,971.914,329.984,761.898,345.891,299.777,298.132,298.244,1014.856,1020.736,841.701,892.324,1047.484,299.068,298.757,297.499,297.71
4035,1.120833333,971.914,329.984,761.898,345.891,299.777,298.132,298.244,1014.856,1020.736,841.701,892.324,1047.484,299.068,298.757,297.499,297.71
4036,1.121111111,972.696,330.015,761.954,345.901,299.763,298.124,298.233,1014.814,1020.779,841.73,892.338,1047.529,299.063,298.745,297.496,297.713
4037,1.121388889,972.696,330.015,761.954,345.901,299.763,298.124,298.233,1014.814,1020.779,841.73,892.338,1047.529,299.063,298.745,297.496,297.713
4038,1.121666667,972.696,330.015,761.954,345.901,299.763,298.124,298.233,1014.814,1020.779,841.73,892.338,1047.529,299.063,298.745,297.496,297.713
4039,1.121944444,973.077,330.039,761.975,345.902,299.762,298.12,298.236,1014.878,1020.821,841.763,892.36,1047.613,299.066,298.752,297.498,297.711
4040,1.122222222,973.077,330.039,761.975,345.902,299.762,298.12,298.236,1014.878,1020.821,841.763,892.36,1047.613,299.066,298.752,297.498,297.711
4041,1.1225,973.077,330.039,761.975,345.902,299.762,298.12,298.236,1014.878,1020.821,841.763,892.36,1047.613,299.066,298.752,297.498,297.711
4042,1.122777778,973.077,330.039,761.975,345.902,299.762,298.12,298.236,1014.878,1020.821,841.763,892.36,1047.613,299.066,298.752,297.498,297.711
4043,1.123055556,973.207,330.062,762.019,345.895,299.759,298.112,298.218,1014.925,1020.87,841.785,892.36,1047.665,299.064,298.751,297.5,297.712
4044,1.123333333,973.207,330.062,762.019,345.895,299.759,298.112,298.218,1014.925,1020.87,841.785,892.36,1047.665,299.064,298.751,297.5,297.712
4045,1.123611111,973.207,330.062,762.019,345.895,299.759,298.112,298.218,1014.925,1020.87,841.785,892.36,1047.665,299.064,298.751,297.5,297.712
4046,1.123888889,973.685,330.097,762.072,345.917,299.782,298.114,298.228,1014.68,1020.932,841.817,892.407,1047.77,299.079,298.756,297.498,297.726
4047,1.124166667,973.685,330.097,762.072,345.917,299.782,298.114,298.228,1014.68,1020.932,841.817,892.407,1047.77,299.079,298.756,297.498,297.726
4048,1.124444444,973.685,330.097,762.072,345.917,299.782,298.114,298.228,1014.68,1020.932,841.817,892.407,1047.77,299.079,298.756,297.498,297.726
4049,1.124722222,973.685,330.097,762.072,345.917,299.782,298.114,298.228,1014.68,1020.932,841.817,892.407,1047.77,299.079,298.756,297.498,297.726
4050,1.125,974.077,330.123,762.137,345.908,299.757,298.121,298.221,1014.764,1020.986,841.846,892.435,1047.824,299.079,298.756,297.503,297.708
4051,1.125277778,974.077,330.123,762.137,345.908,299.757,298.121,298.221,1014.764,1020.986,841.846,892.435,1047.824,299.079,298.756,297.503,297.708
4052,1.125555556,974.077,330.123,762.137,345.908,299.757,298.121,298.221,1014.764,1020.986,841.846,892.435,1047.824,299.079,298.756,297.503,297.708
4053,1.125833333,974.67,330.159,762.19,345.912,299.772,298.122,298.233,1015.081,1021.067,841.883,892.482,1047.93,299.088,298.776,297.513,297.716
4054,1.126111111,974.67,330.159,762.19,345.912,299.772,298.122,298.233,1015.081,1021.067,841.883,892.482,1047.93,299.088,298.776,297.513,297.716
4055,1.126388889,974.67,330.159,762.19,345.912,299.772,298.122,298.233,1015.081,1021.067,841.883,892.482,1047.93,299.088,298.776,297.513,297.716
4056,1.126666667,974.67,330.159,762.19,345.912,299.772,298.122,298.233,1015.081,1021.067,841.883,892.482,1047.93,299.088,298.776,297.513,297.716
4057,1.126944444,974.064,330.178,762.17,345.916,299.785,298.134,298.243,1015.104,1021.117,841.925,892.459,1047.974,299.089,298.769,297.516,297.733
4058,1.127222222,974.064,330.178,762.17,345.916,299.785,298.134,298.243,1015.104,1021.117,841.925,892.459,1047.974,299.089,298.769,297.516,297.733
4059,1.1275,974.064,330.178,762.17,345.916,299.785,298.134,298.243,1015.104,1021.117,841.925,892.459,1047.974,299.089,298.769,297.516,297.733
4060,1.127777778,973.704,330.219,762.225,345.918,299.786,298.127,298.232,1015.145,1021.172,841.958,892.516,1048.026,299.093,298.776,297.522,297.736
4061,1.128055556,973.704,330.219,762.225,345.918,299.786,298.127,298.232,1015.145,1021.172,841.958,892.516,1048.026,299.093,298.776,297.522,297.736
4062,1.128333333,973.704,330.219,762.225,345.918,299.786,298.127,298.232,1015.145,1021.172,841.958,892.516,1048.026,299.093,298.776,297.522,297.736
4063,1.128611111,973.704,330.219,762.225,345.918,299.786,298.127,298.232,1015.145,1021.172,841.958,892.516,1048.026,299.093,298.776,297.522,297.736
4064,1.128888889,974.064,330.25,762.281,345.916,299.794,298.134,298.246,1015.397,1021.216,841.999,892.544,1048.072,299.095,298.772,297.512,297.741
4065,1.129166667,974.064,330.25,762.281,345.916,299.794,298.134,298.246,1015.397,1021.216,841.999,892.544,1048.072,299.095,298.772,297.512,297.741
4066,1.129444444,974.064,330.25,762.281,345.916,299.794,298.134,298.246,1015.397,1021.216,841.999,892.544,1048.072,299.095,298.772,297.512,297.741
4067,1.129722222,975.055,330.274,762.34,345.914,299.795,298.125,298.223,1015.335,1021.245,842.023,892.577,1048.088,299.098,298.778,297.525,297.748
4068,1.13,975.055,330.274,762.34,345.914,299.795,298.125,298.223,1015.335,1021.245,842.023,892.577,1048.088,299.098,298.778,297.525,297.748
4069,1.130277778,975.055,330.274,762.34,345.914,299.795,298.125,298.223,1015.335,1021.245,842.023,892.577,1048.088,299.098,298.778,297.525,297.748
4070,1.130555556,975.055,330.274,762.34,345.914,299.795,298.125,298.223,1015.335,1021.245,842.023,892.577,1048.088,299.098,298.778,297.525,297.748
4071,1.130833333,975.382,330.308,762.368,345.921,299.801,298.13,298.234,1015.214,1021.3,842.08,892.63,1048.155,299.11,298.795,297.537,297.75
4072,1.131111111,975.382,330.308,762.368,345.921,299.801,298.13,298.234,1015.214,1021.3,842.08,892.63,1048.155,299.11,298.795,297.537,297.75
4073,1.131388889,975.382,330.308,762.368,345.921,299.801,298.13,298.234,1015.214,1021.3,842.08,892.63,1048.155,299.11,298.795,297.537,297.75
4074,1.131666667,975.11,330.336,762.438,345.925,299.807,298.147,298.221,1015.286,1021.338,842.121,892.678,1048.18,299.108,298.799,297.541,297.753
4075,1.131944444,975.11,330.336,762.438,345.925,299.807,298.147,298.221,1015.286,1021.338,842.121,892.678,1048.18,299.108,298.799,297.541,297.753
4076,1.132222222,975.11,330.336,762.438,345.925,299.807,298.147,298.221,1015.286,1021.338,842.121,892.678,1048.18,299.108,298.799,297.541,297.753
4077,1.1325,975.11,330.336,762.438,345.925,299.807,298.147,298.221,1015.286,1021.338,842.121,892.678,1048.18,299.108,298.799,297.541,297.753
4078,1.132777778,975.415,330.351,762.481,345.915,299.792,298.128,298.227,1015.796,1021.367,842.146,892.714,1048.244,299.104,298.785,297.532,297.753
4079,1.133055556,975.415,330.351,762.481,345.915,299.792,298.128,298.227,1015.796,1021.367,842.146,892.714,1048.244,299.104,298.785,297.532,297.753
4080,1.133333333,975.415,330.351,762.481,345.915,299.792,298.128,298.227,1015.796,1021.367,842.146,892.714,1048.244,299.104,298.785,297.532,297.753
4081,1.133611111,975.383,330.392,762.551,345.935,299.821,298.152,298.232,1015.591,1021.431,842.201,892.75,1048.276,299.116,298.806,297.55,297.775
4082,1.133888889,975.383,330.392,762.551,345.935,299.821,298.152,298.232,1015.591,1021.431,842.201,892.75,1048.276,299.116,298.806,297.55,297.775
4083,1.134166667,975.383,330.392,762.551,345.935,299.821,298.152,298.232,1015.591,1021.431,842.201,892.75,1048.276,299.116,298.806,297.55,297.775
4084,1.134444444,975.383,330.392,762.551,345.935,299.821,298.152,298.232,1015.591,1021.431,842.201,892.75,1048.276,299.116,298.806,297.55,297.775
4085,1.134722222,975.438,330.423,762.609,345.938,299.832,298.145,298.236,1015.065,1021.478,842.253,892.823,1048.33,299.123,298.801,297.554,297.779
4086,1.135,975.438,330.423,762.609,345.938,299.832,298.145,298.236,1015.065,1021.478,842.253,892.823,1048.33,299.123,298.801,297.554,297.779
4087,1.135277778,975.438,330.423,762.609,345.938,299.832,298.145,298.236,1015.065,1021.478,842.253,892.823,1048.33,299.123,298.801,297.554,297.779
4088,1.135555556,975.59,330.444,762.658,345.927,299.837,298.136,298.224,1014.879,1021.503,842.297,892.84,1048.359,299.123,298.805,297.555,297.762
4089,1.135833333,975.59,330.444,762.658,345.927,299.837,298.136,298.224,1014.879,1021.503,842.297,892.84,1048.359,299.123,298.805,297.555,297.762
4090,1.136111111,975.59,330.444,762.658,345.927,299.837,298.136,298.224,1014.879,1021.503,842.297,892.84,1048.359,299.123,298.805,297.555,297.762
4091,1.136388889,975.59,330.444,762.658,345.927,299.837,298.136,298.224,1014.879,1021.503,842.297,892.84,1048.359,299.123,298.805,297.555,297.762
4092,1.136666667,975.909,330.477,762.714,345.928,299.851,298.146,298.224,1015.367,1021.532,842.334,892.903,1048.395,299.131,298.819,297.564,297.781
4093,1.136944444,975.909,330.477,762.714,345.928,299.851,298.146,298.224,1015.367,1021.532,842.334,892.903,1048.395,299.131,298.819,297.564,297.781
4094,1.137222222,975.909,330.477,762.714,345.928,299.851,298.146,298.224,1015.367,1021.532,842.334,892.903,1048.395,299.131,298.819,297.564,297.781
4095,1.1375,975.147,330.507,762.73,345.939,299.851,298.157,298.235,1015.168,1021.561,842.376,892.921,1048.372,299.142,298.82,297.555,297.784
4096,1.137777778,975.147,330.507,762.73,345.939,299.851,298.157,298.235,1015.168,1021.561,842.376,892.921,1048.372,299.142,298.82,297.555,297.784
4097,1.138055556,975.147,330.507,762.73,345.939,299.851,298.157,298.235,1015.168,1021.561,842.376,892.921,1048.372,299.142,298.82,297.555,297.784
4098,1.138333333,975.147,330.507,762.73,345.939,299.851,298.157,298.235,1015.168,1021.561,842.376,892.921,1048.372,299.142,298.82,297.555,297.784
4099,1.138611111,974.712,330.517,762.784,345.938,299.843,298.151,298.23,1014.823,1021.57,842.428,892.978,1048.376,299.139,298.816,297.558,297.786
4100,1.138888889,974.712,330.517,762.784,345.938,299.843,298.151,298.23,1014.823,1021.57,842.428,892.978,1048.376,299.139,298.816,297.558,297.786
4101,1.139166667,974.712,330.517,762.784,345.938,299.843,298.151,298.23,1014.823,1021.57,842.428,892.978,1048.376,299.139,298.816,297.558,297.786
4102,1.139444444,975.171,330.554,762.82,345.938,299.862,298.143,298.231,1014.278,1021.571,842.473,893.003,1048.325,299.131,298.821,297.571,297.788
4103,1.139722222,975.171,330.554,762.82,345.938,299.862,298.143,298.231,1014.278,1021.571,842.473,893.003,1048.325,299.131,298.821,297.571,297.788
4104,1.14,975.171,330.554,762.82,345.938,299.862,298.143,298.231,1014.278,1021.571,842.473,893.003,1048.325,299.131,298.821,297.571,297.788
4105,1.140277778,975.504,330.591,762.885,345.956,299.883,298.141,298.242,1014.146,1021.577,842.519,893.081,1048.341,299.148,298.833,297.579,297.797
4106,1.140555556,975.504,330.591,762.885,345.956,299.883,298.141,298.242,1014.146,1021.577,842.519,893.081,1048.341,299.148,298.833,297.579,297.797
4107,1.140833333,975.504,330.591,762.885,345.956,299.883,298.141,298.242,1014.146,1021.577,842.519,893.081,1048.341,299.148,298.833,297.579,297.797
4108,1.141111111,975.504,330.591,762.885,345.956,299.883,298.141,298.242,1014.146,1021.577,842.519,893.081,1048.341,299.148,298.833,297.579,297.797
4109,1.141388889,975.713,330.616,762.897,345.952,299.871,298.135,298.227,1014.015,1021.568,842.564,893.101,1048.331,299.155,298.832,297.569,297.791
4110,1.141666667,975.713,330.616,762.897,345.952,299.871,298.135,298.227,1014.015,1021.568,842.564,893.101,1048.331,299.155,298.832,297.569,297.791
4111,1.141944444,975.713,330.616,762.897,345.952,299.871,298.135,298.227,1014.015,1021.568,842.564,893.101,1048.331,299.155,298.832,297.569,297.791
4112,1.142222222,975.713,330.616,762.897,345.952,299.871,298.135,298.227,1014.015,1021.568,842.564,893.101,1048.331,299.155,298.832,297.569,297.791
4113,1.1425,975.329,330.651,762.953,345.968,299.864,298.131,298.244,1013.92,1021.557,842.627,893.153,1048.285,299.157,298.847,297.579,297.803
4114,1.142777778,975.329,330.651,762.953,345.968,299.864,298.131,298.244,1013.92,1021.557,842.627,893.153,1048.285,299.157,298.847,297.579,297.803
4115,1.143055556,975.329,330.651,762.953,345.968,299.864,298.131,298.244,1013.92,1021.557,842.627,893.153,1048.285,299.157,298.847,297.579,297.803
4116,1.143333333,974.956,330.674,763.021,345.975,299.882,298.129,298.241,1014.236,1021.532,842.656,893.178,1048.248,299.163,298.84,297.588,297.803
4117,1.143611111,974.956,330.674,763.021,345.975,299.882,298.129,298.241,1014.236,1021.532,842.656,893.178,1048.248,299.163,298.84,297.588,297.803
4118,1.143888889,974.956,330.674,763.021,345.975,299.882,298.129,298.241,1014.236,1021.532,842.656,893.178,1048.248,299.163,298.84,297.588,297.803
4119,1.144166667,974.956,330.674,763.021,345.975,299.882,298.129,298.241,1014.236,1021.532,842.656,893.178,1048.248,299.163,298.84,297.588,297.803
4120,1.144444444,974.353,330.691,763.032,345.982,299.877,298.131,298.231,1014.323,1021.516,842.696,893.218,1048.256,299.172,298.853,297.576,297.8
4121,1.144722222,974.353,330.691,763.032,345.982,299.877,298.131,298.231,1014.323,1021.516,842.696,893.218,1048.256,299.172,298.853,297.576,297.8
4122,1.145,974.353,330.691,763.032,345.982,299.877,298.131,298.231,1014.323,1021.516,842.696,893.218,1048.256,299.172,298.853,297.576,297.8
4123,1.145277778,974.04,330.728,763.039,346.01,299.876,298.137,298.239,1014.487,1021.512,842.742,893.212,1048.213,299.173,298.848,297.593,297.816
4124,1.145555556,974.04,330.728,763.039,346.01,299.876,298.137,298.239,1014.487,1021.512,842.742,893.212,1048.213,299.173,298.848,297.593,297.816
4125,1.145833333,974.04,330.728,763.039,346.01,299.876,298.137,298.239,1014.487,1021.512,842.742,893.212,1048.213,299.173,298.848,297.593,297.816
4126,1.146111111,974.04,330.728,763.039,346.01,299.876,298.137,298.239,1014.487,1021.512,842.742,893.212,1048.213,299.173,298.848,297.593,297.816
4127,1.146388889,973.87,330.747,763.034,346.006,299.878,298.135,298.234,1014.787,1021.487,842.781,893.228,1048.206,299.169,298.845,297.578,297.806
4128,1.146666667,973.87,330.747,763.034,346.006,299.878,298.135,298.234,1014.787,1021.487,842.781,893.228,1048.206,299.169,298.845,297.578,297.806
4129,1.146944444,973.87,330.747,763.034,346.006,299.878,298.135,298.234,1014.787,1021.487,842.781,893.228,1048.206,299.169,298.845,297.578,297.806
4130,1.147222222,974.284,330.79,763.097,346.022,299.879,298.137,298.234,1015.241,1021.475,842.831,893.292,1048.198,299.179,298.851,297.59,297.814
4131,1.1475,974.284,330.79,763.097,346.022,299.879,298.137,298.234,1015.241,1021.475,842.831,893.292,1048.198,299.179,298.851,297.59,297.814
4132,1.147777778,974.284,330.79,763.097,346.022,299.879,298.137,298.234,1015.241,1021.475,842.831,893.292,1048.198,299.179,298.851,297.59,297.814
4133,1.148055556,974.284,330.79,763.097,346.022,299.879,298.137,298.234,1015.241,1021.475,842.831,893.292,1048.198,299.179,298.851,297.59,297.814
4134,1.148333333,974.258,330.802,763.159,346.026,299.875,298.137,298.231,1015.809,1021.471,842.848,893.31,1048.209,299.176,298.847,297.583,297.814
4135,1.148611111,974.258,330.802,763.159,346.026,299.875,298.137,298.231,1015.809,1021.471,842.848,893.31,1048.209,299.176,298.847,297.583,297.814
4136,1.148888889,974.258,330.802,763.159,346.026,299.875,298.137,298.231,1015.809,1021.471,842.848,893.31,1048.209,299.176,298.847,297.583,297.814
4137,1.149166667,974.186,330.833,763.22,346.047,299.883,298.143,298.234,1015.884,1021.5,842.889,893.389,1048.316,299.176,298.864,297.593,297.824
4138,1.149444444,974.186,330.833,763.22,346.047,299.883,298.143,298.234,1015.884,1021.5,842.889,893.389,1048.316,299.176,298.864,297.593,297.824
4139,1.149722222,974.186,330.833,763.22,346.047,299.883,298.143,298.234,1015.884,1021.5,842.889,893.389,1048.316,299.176,298.864,297.593,297.824
4140,1.15,974.186,330.833,763.22,346.047,299.883,298.143,298.234,1015.884,1021.5,842.889,893.389,1048.316,299.176,298.864,297.593,297.824
4141,1.150277778,974.16,330.86,763.244,346.061,299.879,298.128,298.23,1015.849,1021.523,842.927,893.354,1048.375,299.18,298.861,297.602,297.822
4142,1.150555556,974.16,330.86,763.244,346.061,299.879,298.128,298.23,1015.849,1021.523,842.927,893.354,1048.375,299.18,298.861,297.602,297.822
4143,1.150833333,974.16,330.86,763.244,346.061,299.879,298.128,298.23,1015.849,1021.523,842.927,893.354,1048.375,299.18,298.861,297.602,297.822
4144,1.151111111,973.596,330.879,763.251,346.065,299.881,298.135,298.236,1015.895,1021.574,842.956,893.376,1048.432,299.186,298.862,297.595,297.819
4145,1.151388889,973.596,330.879,763.251,346.065,299.881,298.135,298.236,1015.895,1021.574,842.956,893.376,1048.432,299.186,298.862,297.595,297.819
4146,1.151666667,973.596,330.879,763.251,346.065,299.881,298.135,298.236,1015.895,1021.574,842.956,893.376,1048.432,299.186,298.862,297.595,297.819
4147,1.151944444,973.596,330.879,763.251,346.065,299.881,298.135,298.236,1015.895,1021.574,842.956,893.376,1048.432,299.186,298.862,297.595,297.819
4148,1.152222222,973.32,330.919,763.337,346.081,299.906,298.133,298.236,1016.023,1021.647,842.988,893.438,1048.568,299.186,298.879,297.612,297.836
4149,1.1525,973.32,330.919,763.337,346.081,299.906,298.133,298.236,1016.023,1021.647,842.988,893.438,1048.568,299.186,298.879,297.612,297.836
4150,1.152777778,973.32,330.919,763.337,346.081,299.906,298.133,298.236,1016.023,1021.647,842.988,893.438,1048.568,299.186,298.879,297.612,297.836
4151,1.153055556,973.515,330.941,763.407,346.09,299.899,298.128,298.231,1015.961,1021.715,843.018,893.454,1048.644,299.19,298.867,297.605,297.831
4152,1.153333333,973.515,330.941,763.407,346.09,299.899,298.128,298.231,1015.961,1021.715,843.018,893.454,1048.644,299.19,298.867,297.605,297.831
4153,1.153611111,973.515,330.941,763.407,346.09,299.899,298.128,298.231,1015.961,1021.715,843.018,893.454,1048.644,299.19,298.867,297.605,297.831
4154,1.153888889,973.515,330.941,763.407,346.09,299.899,298.128,298.231,1015.961,1021.715,843.018,893.454,1048.644,299.19,298.867,297.605,297.831
4155,1.154166667,973.505,330.971,763.432,346.105,299.896,298.143,298.233,1015.714,1021.792,843.06,893.46,1048.737,299.195,298.873,297.614,297.838
4156,1.154444444,973.505,330.971,763.432,346.105,299.896,298.143,298.233,1015.714,1021.792,843.06,893.46,1048.737,299.195,298.873,297.614,297.838
4157,1.154722222,973.505,330.971,763.432,346.105,299.896,298.143,298.233,1015.714,1021.792,843.06,893.46,1048.737,299.195,298.873,297.614,297.838
4158,1.155,973.228,330.997,763.458,346.113,299.92,298.136,298.224,1015.45,1021.868,843.09,893.512,1048.851,299.199,298.876,297.619,297.836
4159,1.155277778,973.228,330.997,763.458,346.113,299.92,298.136,298.224,1015.45,1021.868,843.09,893.512,1048.851,299.199,298.876,297.619,297.836
4160,1.155555556,973.228,330.997,763.458,346.113,299.92,298.136,298.224,1015.45,1021.868,843.09,893.512,1048.851,299.199,298.876,297.619,297.836
4161,1.155833333,973.228,330.997,763.458,346.113,299.92,298.136,298.224,1015.45,1021.868,843.09,893.512,1048.851,299.199,298.876,297.619,297.836
4162,1.156111111,973.105,331.031,763.543,346.134,299.926,298.148,298.244,1015.429,1021.961,843.142,893.561,1048.944,299.202,298.891,297.618,297.853
4163,1.156388889,973.105,331.031,763.543,346.134,299.926,298.148,298.244,1015.429,1021.961,843.142,893.561,1048.944,299.202,298.891,297.618,297.853
4164,1.156666667,973.105,331.031,763.543,346.134,299.926,298.148,298.244,1015.429,1021.961,843.142,893.561,1048.944,299.202,298.891,297.618,297.853
4165,1.156944444,972.999,331.054,763.571,346.144,299.914,298.144,298.236,1015.509,1022.017,843.161,893.573,1048.98,299.199,298.892,297.612,297.833
4166,1.157222222,972.999,331.054,763.571,346.144,299.914,298.144,298.236,1015.509,1022.017,843.161,893.573,1048.98,299.199,298.892,297.612,297.833
4167,1.1575,972.999,331.054,763.571,346.144,299.914,298.144,298.236,1015.509,1022.017,843.161,893.573,1048.98,299.199,298.892,297.612,297.833
4168,1.157777778,972.999,331.054,763.571,346.144,299.914,298.144,298.236,1015.509,1022.017,843.161,893.573,1048.98,299.199,298.892,297.612,297.833
4169,1.158055556,972.965,331.068,763.575,346.15,299.91,298.128,298.226,1015.252,1022.087,843.204,893.595,1049.054,299.205,298.892,297.614,297.843
4170,1.158333333,972.965,331.068,763.575,346.15,299.91,298.128,298.226,1015.252,1022.087,843.204,893.595,1049.054,299.205,298.892,297.614,297.843
4171,1.158611111,972.965,331.068,763.575,346.15,299.91,298.128,298.226,1015.252,1022.087,843.204,893.595,1049.054,299.205,298.892,297.614,297.843
4172,1.158888889,973.049,331.107,763.622,346.164,299.93,298.14,298.227,1015.223,1022.154,843.244,893.642,1049.087,299.202,298.895,297.629,297.854
4173,1.159166667,973.049,331.107,763.622,346.164,299.93,298.14,298.227,1015.223,1022.154,843.244,893.642,1049.087,299.202,298.895,297.629,297.854
4174,1.159444444,973.049,331.107,763.622,346.164,299.93,298.14,298.227,1015.223,1022.154,843.244,893.642,1049.087,299.202,298.895,297.629,297.854
4175,1.159722222,973.049,331.107,763.622,346.164,299.93,298.14,298.227,1015.223,1022.154,843.244,893.642,1049.087,299.202,298.895,297.629,297.854
4176,1.16,973.875,331.134,763.691,346.178,299.943,298.133,298.236,1015.499,1022.198,843.294,893.695,1049.13,299.208,298.9,297.635,297.859
4177,1.160277778,973.875,331.134,763.691,346.178,299.943,298.133,298.236,1015.499,1022.198,843.294,893.695,1049.13,299.208,298.9,297.635,297.859
4178,1.160555556,973.875,331.134,763.691,346.178,299.943,298.133,298.236,1015.499,1022.198,843.294,893.695,1049.13,299.208,298.9,297.635,297.859
4179,1.160833333,974.395,331.157,763.737,346.177,299.942,298.125,298.235,1015.797,1022.233,843.332,893.768,1049.197,299.218,298.897,297.628,297.858
4180,1.161111111,974.395,331.157,763.737,346.177,299.942,298.125,298.235,1015.797,1022.233,843.332,893.768,1049.197,299.218,298.897,297.628,297.858
4181,1.161388889,974.395,331.157,763.737,346.177,299.942,298.125,298.235,1015.797,1022.233,843.332,893.768,1049.197,299.218,298.897,297.628,297.858
4182,1.161666667,974.395,331.157,763.737,346.177,299.942,298.125,298.235,1015.797,1022.233,843.332,893.768,1049.197,299.218,298.897,297.628,297.858
4183,1.161944444,975.082,331.189,763.796,346.209,299.948,298.138,298.232,1015.845,1022.273,843.388,893.793,1049.218,299.228,298.92,297.648,297.865
4184,1.162222222,975.082,331.189,763.796,346.209,299.948,298.138,298.232,1015.845,1022.273,843.388,893.793,1049.218,299.228,298.92,297.648,297.865
4185,1.1625,975.082,331.189,763.796,346.209,299.948,298.138,298.232,1015.845,1022.273,843.388,893.793,1049.218,299.228,298.92,297.648,297.865
4186,1.162777778,975.361,331.22,763.841,346.218,299.939,298.13,298.242,1015.55,1022.316,843.427,893.833,1049.238,299.226,298.917,297.641,297.863
4187,1.163055556,975.361,331.22,763.841,346.218,299.939,298.13,298.242,1015.55,1022.316,843.427,893.833,1049.238,299.226,298.917,297.641,297.863
4188,1.163333333,975.361,331.22,763.841,346.218,299.939,298.13,298.242,1015.55,1022.316,843.427,893.833,1049.238,299.226,298.917,297.641,297.863
4189,1.163611111,975.361,331.22,763.841,346.218,299.939,298.13,298.242,1015.55,1022.316,843.427,893.833,1049.238,299.226,298.917,297.641,297.863
4190,1.163888889,975.834,331.237,763.886,346.214,299.932,298.111,298.231,1015.775,1022.337,843.457,893.841,1049.247,299.222,298.903,297.637,297.859
4191,1.164166667,975.834,331.237,763.886,346.214,299.932,298.111,298.231,1015.775,1022.337,843.457,893.841,1049.247,299.222,298.903,297.637,297.859
4192,1.164444444,975.834,331.237,763.886,346.214,299.932,298.111,298.231,1015.775,1022.337,843.457,893.841,1049.247,299.222,298.903,297.637,297.859
4193,1.164722222,976.077,331.263,763.945,346.234,299.949,298.127,298.234,1016.027,1022.379,843.504,893.913,1049.302,299.231,298.911,297.641,297.877
4194,1.165,976.077,331.263,763.945,346.234,299.949,298.127,298.234,1016.027,1022.379,843.504,893.913,1049.302,299.231,298.911,297.641,297.877
4195,1.165277778,976.077,331.263,763.945,346.234,299.949,298.127,298.234,1016.027,1022.379,843.504,893.913,1049.302,299.231,298.911,297.641,297.877
4196,1.165555556,976.077,331.263,763.945,346.234,299.949,298.127,298.234,1016.027,1022.379,843.504,893.913,1049.302,299.231,298.911,297.641,297.877
4197,1.165833333,976.884,331.286,763.952,346.248,299.92,298.119,298.218,1016.013,1022.403,843.552,893.945,1049.292,299.231,298.918,297.64,297.871
4198,1.166111111,976.884,331.286,763.952,346.248,299.92,298.119,298.218,1016.013,1022.403,843.552,893.945,1049.292,299.231,298.918,297.64,297.871
4199,1.166388889,976.884,331.286,763.952,346.248,299.92,298.119,298.218,1016.013,1022.403,843.552,893.945,1049.292,299.231,298.918,297.64,297.871
4200,1.166666667,976.911,331.311,763.98,346.264,299.945,298.112,298.23,1015.677,1022.421,843.597,894.027,1049.309,299.236,298.924,297.65,297.868
4201,1.166944444,976.911,331.311,763.98,346.264,299.945,298.112,298.23,1015.677,1022.421,843.597,894.027,1049.309,299.236,298.924,297.65,297.868
4202,1.167222222,976.911,331.311,763.98,346.264,299.945,298.112,298.23,1015.677,1022.421,843.597,894.027,1049.309,299.236,298.924,297.65,297.868
4203,1.1675,976.911,331.311,763.98,346.264,299.945,298.112,298.23,1015.677,1022.421,843.597,894.027,1049.309,299.236,298.924,297.65,297.868
4204,1.167777778,976.802,331.348,764.063,346.286,299.964,298.123,298.23,1015.868,1022.437,843.66,894.072,1049.282,299.255,298.937,297.662,297.886
4205,1.168055556,976.802,331.348,764.063,346.286,299.964,298.123,298.23,1015.868,1022.437,843.66,894.072,1049.282,299.255,298.937,297.662,297.886
4206,1.168333333,976.802,331.348,764.063,346.286,299.964,298.123,298.23,1015.868,1022.437,843.66,894.072,1049.282,299.255,298.937,297.662,297.886
4207,1.168611111,976.923,331.355,764.114,346.29,299.95,298.12,298.221,1015.902,1022.425,843.677,894.086,1049.24,299.232,298.922,297.642,297.878
4208,1.168888889,976.923,331.355,764.114,346.29,299.95,298.12,298.221,1015.902,1022.425,843.677,894.086,1049.24,299.232,298.922,297.642,297.878
4209,1.169166667,976.923,331.355,764.114,346.29,299.95,298.12,298.221,1015.902,1022.425,843.677,894.086,1049.24,299.232,298.922,297.642,297.878
4210,1.169444444,976.923,331.355,764.114,346.29,299.95,298.12,298.221,1015.902,1022.425,843.677,894.086,1049.24,299.232,298.922,297.642,297.878
4211,1.169722222,977.603,331.4,764.141,346.314,299.971,298.108,298.222,1015.629,1022.416,843.742,894.163,1049.24,299.251,298.93,297.643,297.876
4212,1.17,977.603,331.4,764.141,346.314,299.971,298.108,298.222,1015.629,1022.416,843.742,894.163,1049.24,299.251,298.93,297.643,297.876
4213,1.170277778,977.603,331.4,764.141,346.314,299.971,298.108,298.222,1015.629,1022.416,843.742,894.163,1049.24,299.251,298.93,297.643,297.876
4214,1.170555556,977.647,331.422,764.194,346.335,299.987,298.119,298.24,1015.439,1022.415,843.789,894.209,1049.21,299.265,298.941,297.659,297.895
4215,1.170833333,977.647,331.422,764.194,346.335,299.987,298.119,298.24,1015.439,1022.415,843.789,894.209,1049.21,299.265,298.941,297.659,297.895
4216,1.171111111,977.647,331.422,764.194,346.335,299.987,298.119,298.24,1015.439,1022.415,843.789,894.209,1049.21,299.265,298.941,297.659,297.895
4217,1.171388889,977.647,331.422,764.194,346.335,299.987,298.119,298.24,1015.439,1022.415,843.789,894.209,1049.21,299.265,298.941,297.659,297.895
4218,1.171666667,977.456,331.454,764.254,346.363,299.984,298.127,298.239,1014.962,1022.401,843.845,894.251,1049.198,299.269,298.943,297.668,297.897
4219,1.171944444,977.456,331.454,764.254,346.363,299.984,298.127,298.239,1014.962,1022.401,843.845,894.251,1049.198,299.269,298.943,297.668,297.897
4220,1.172222222,977.456,331.454,764.254,346.363,299.984,298.127,298.239,1014.962,1022.401,843.845,894.251,1049.198,299.269,298.943,297.668,297.897
4221,1.1725,976.781,331.479,764.272,346.368,299.976,298.123,298.229,1014.814,1022.384,843.881,894.261,1049.132,299.272,298.942,297.676,297.896
4222,1.172777778,976.781,331.479,764.272,346.368,299.976,298.123,298.229,1014.814,1022.384,843.881,894.261,1049.132,299.272,298.942,297.676,297.896
4223,1.173055556,976.781,331.479,764.272,346.368,299.976,298.123,298.229,1014.814,1022.384,843.881,894.261,1049.132,299.272,298.942,297.676,297.896
4224,1.173333333,976.781,331.479,764.272,346.368,299.976,298.123,298.229,1014.814,1022.384,843.881,894.261,1049.132,299.272,298.942,297.676,297.896
4225,1.173611111,976.645,331.512,764.337,346.387,299.987,298.135,298.245,1014.953,1022.36,843.924,894.309,1049.1,299.276,298.952,297.671,297.904
4226,1.173888889,976.645,331.512,764.337,346.387,299.987,298.135,298.245,1014.953,1022.36,843.924,894.309,1049.1,299.276,298.952,297.671,297.904
4227,1.174166667,976.645,331.512,764.337,346.387,299.987,298.135,298.245,1014.953,1022.36,843.924,894.309,1049.1,299.276,298.952,297.671,297.904
4228,1.174444444,977.018,331.527,764.385,346.392,299.989,298.123,298.234,1014.887,1022.323,843.958,894.346,1049.058,299.264,298.947,297.667,297.899
4229,1.174722222,977.018,331.527,764.385,346.392,299.989,298.123,298.234,1014.887,1022.323,843.958,894.346,1049.058,299.264,298.947,297.667,297.899
4230,1.175,977.018,331.527,764.385,346.392,299.989,298.123,298.234,1014.887,1022.323,843.958,894.346,1049.058,299.264,298.947,297.667,297.899
4231,1.175277778,977.018,331.527,764.385,346.392,299.989,298.123,298.234,1014.887,1022.323,843.958,894.346,1049.058,299.264,298.947,297.667,297.899
4232,1.175555556,976.942,331.568,764.465,346.405,300.006,298.133,298.23,1014.564,1022.288,844.011,894.372,1049.014,299.272,298.957,297.681,297.909
4233,1.175833333,976.942,331.568,764.465,346.405,300.006,298.133,298.23,1014.564,1022.288,844.011,894.372,1049.014,299.272,298.957,297.681,297.909
4234,1.176111111,976.942,331.568,764.465,346.405,300.006,298.133,298.23,1014.564,1022.288,844.011,894.372,1049.014,299.272,298.957,297.681,297.909
4235,1.176388889,976.621,331.595,764.52,346.415,300.013,298.136,298.238,1014.21,1022.263,844.05,894.432,1048.971,299.295,298.967,297.691,297.922
4236,1.176666667,976.621,331.595,764.52,346.415,300.013,298.136,298.238,1014.21,1022.263,844.05,894.432,1048.971,299.295,298.967,297.691,297.922
4237,1.176944444,976.621,331.595,764.52,346.415,300.013,298.136,298.238,1014.21,1022.263,844.05,894.432,1048.971,299.295,298.967,297.691,297.922
4238,1.177222222,976.621,331.595,764.52,346.415,300.013,298.136,298.238,1014.21,1022.263,844.05,894.432,1048.971,299.295,298.967,297.691,297.922
4239,1.1775,976.162,331.608,764.553,346.419,300.004,298.138,298.243,1013.949,1022.222,844.088,894.452,1048.92,299.289,298.963,297.695,297.923
4240,1.177777778,976.162,331.608,764.553,346.419,300.004,298.138,298.243,1013.949,1022.222,844.088,894.452,1048.92,299.289,298.963,297.695,297.923
4241,1.178055556,976.162,331.608,764.553,346.419,300.004,298.138,298.243,1013.949,1022.222,844.088,894.452,1048.92,299.289,298.963,297.695,297.923
4242,1.178333333,976.005,331.637,764.61,346.421,300.008,298.144,298.234,1014.394,1022.165,844.121,894.467,1048.874,299.287,298.968,297.697,297.915
4243,1.178611111,976.005,331.637,764.61,346.421,300.008,298.144,298.234,1014.394,1022.165,844.121,894.467,1048.874,299.287,298.968,297.697,297.915
4244,1.178888889,976.005,331.637,764.61,346.421,300.008,298.144,298.234,1014.394,1022.165,844.121,894.467,1048.874,299.287,298.968,297.697,297.915
4245,1.179166667,976.005,331.637,764.61,346.421,300.008,298.144,298.234,1014.394,1022.165,844.121,894.467,1048.874,299.287,298.968,297.697,297.915
4246,1.179444444,975.701,331.666,764.615,346.429,300.011,298.137,298.242,1014.811,1022.123,844.157,894.46,1048.791,299.297,298.977,297.699,297.928
4247,1.179722222,975.701,331.666,764.615,346.429,300.011,298.137,298.242,1014.811,1022.123,844.157,894.46,1048.791,299.297,298.977,297.699,297.928
4248,1.18,975.701,331.666,764.615,346.429,300.011,298.137,298.242,1014.811,1022.123,844.157,894.46,1048.791,299.297,298.977,297.699,297.928
4249,1.180277778,975.404,331.689,764.644,346.433,300.016,298.135,298.24,1014.665,1022.059,844.184,894.535,1048.719,299.303,298.968,297.704,297.93
4250,1.180555556,975.404,331.689,764.644,346.433,300.016,298.135,298.24,1014.665,1022.059,844.184,894.535,1048.719,299.303,298.968,297.704,297.93
4251,1.180833333,975.404,331.689,764.644,346.433,300.016,298.135,298.24,1014.665,1022.059,844.184,894.535,1048.719,299.303,298.968,297.704,297.93
4252,1.181111111,975.404,331.689,764.644,346.433,300.016,298.135,298.24,1014.665,1022.059,844.184,894.535,1048.719,299.303,298.968,297.704,297.93
4253,1.181388889,975.558,331.712,764.706,346.437,300.016,298.124,298.243,1014.602,1022.007,844.235,894.567,1048.636,299.296,298.976,297.694,297.937
4254,1.181666667,975.558,331.712,764.706,346.437,300.016,298.124,298.243,1014.602,1022.007,844.235,894.567,1048.636,299.296,298.976,297.694,297.937
4255,1.181944444,975.558,331.712,764.706,346.437,300.016,298.124,298.243,1014.602,1022.007,844.235,894.567,1048.636,299.296,298.976,297.694,297.937
4256,1.182222222,975.512,331.751,764.761,346.448,300.03,298.124,298.246,1014.501,1021.965,844.266,894.591,1048.587,299.319,298.977,297.707,297.941
4257,1.1825,975.512,331.751,764.761,346.448,300.03,298.124,298.246,1014.501,1021.965,844.266,894.591,1048.587,299.319,298.977,297.707,297.941
4258,1.182777778,975.512,331.751,764.761,346.448,300.03,298.124,298.246,1014.501,1021.965,844.266,894.591,1048.587,299.319,298.977,297.707,297.941
4259,1.183055556,975.512,331.751,764.761,346.448,300.03,298.124,298.246,1014.501,1021.965,844.266,894.591,1048.587,299.319,298.977,297.707,297.941
4260,1.183333333,975.222,331.758,764.775,346.455,300.015,298.12,298.238,1014.275,1021.906,844.285,894.572,1048.531,299.307,298.967,297.706,297.933
4261,1.183611111,975.222,331.758,764.775,346.455,300.015,298.12,298.238,1014.275,1021.906,844.285,894.572,1048.531,299.307,298.967,297.706,297.933
4262,1.183888889,975.222,331.758,764.775,346.455,300.015,298.12,298.238,1014.275,1021.906,844.285,894.572,1048.531,299.307,298.967,297.706,297.933
4263,1.184166667,974.902,331.796,764.81,346.486,300.03,298.109,298.228,1014.281,1021.867,844.314,894.614,1048.497,299.303,298.978,297.713,297.944
4264,1.184444444,974.902,331.796,764.81,346.486,300.03,298.109,298.228,1014.281,1021.867,844.314,894.614,1048.497,299.303,298.978,297.713,297.944
4265,1.184722222,974.902,331.796,764.81,346.486,300.03,298.109,298.228,1014.281,1021.867,844.314,894.614,1048.497,299.303,298.978,297.713,297.944
4266,1.185,974.902,331.796,764.81,346.486,300.03,298.109,298.228,1014.281,1021.867,844.314,894.614,1048.497,299.303,298.978,297.713,297.944
4267,1.185277778,974.708,331.824,764.88,346.497,300.039,298.113,298.229,1014.364,1021.839,844.352,894.602,1048.465,299.316,298.996,297.714,297.946
4268,1.185555556,974.708,331.824,764.88,346.497,300.039,298.113,298.229,1014.364,1021.839,844.352,894.602,1048.465,299.316,298.996,297.714,297.946
4269,1.185833333,974.708,331.824,764.88,346.497,300.039,298.113,298.229,1014.364,1021.839,844.352,894.602,1048.465,299.316,298.996,297.714,297.946
4270,1.186111111,974.603,331.849,764.936,346.51,300.039,298.114,298.236,1014.827,1021.804,844.369,894.62,1048.441,299.324,298.998,297.714,297.943
4271,1.186388889,974.603,331.849,764.936,346.51,300.039,298.114,298.236,1014.827,1021.804,844.369,894.62,1048.441,299.324,298.998,297.714,297.943
4272,1.186666667,974.603,331.849,764.936,346.51,300.039,298.114,298.236,1014.827,1021.804,844.369,894.62,1048.441,299.324,298.998,297.714,297.943
4273,1.186944444,974.603,331.849,764.936,346.51,300.039,298.114,298.236,1014.827,1021.804,844.369,894.62,1048.441,299.324,298.998,297.714,297.943
4274,1.187222222,974.656,331.883,764.983,346.525,300.028,298.133,298.238,1014.697,1021.788,844.388,894.655,1048.461,299.329,298.997,297.724,297.955
4275,1.1875,974.656,331.883,764.983,346.525,300.028,298.133,298.238,1014.697,1021.788,844.388,894.655,1048.461,299.329,298.997,297.724,297.955
4276,1.187777778,974.656,331.883,764.983,346.525,300.028,298.133,298.238,1014.697,1021.788,844.388,894.655,1048.461,299.329,298.997,297.724,297.955
4277,1.188055556,975.055,331.894,765.032,346.528,300.043,298.119,298.234,1014.37,1021.751,844.406,894.677,1048.455,299.317,298.997,297.717,297.948
4278,1.188333333,975.055,331.894,765.032,346.528,300.043,298.119,298.234,1014.37,1021.751,844.406,894.677,1048.455,299.317,298.997,297.717,297.948
4279,1.188611111,975.055,331.894,765.032,346.528,300.043,298.119,298.234,1014.37,1021.751,844.406,894.677,1048.455,299.317,298.997,297.717,297.948
4280,1.188888889,975.055,331.894,765.032,346.528,300.043,298.119,298.234,1014.37,1021.751,844.406,894.677,1048.455,299.317,298.997,297.717,297.948
4281,1.189166667,975.907,331.933,765.069,346.547,300.036,298.119,298.237,1013.967,1021.745,844.436,894.683,1048.412,299.326,299.004,297.728,297.967
4282,1.189444444,975.907,331.933,765.069,346.547,300.036,298.119,298.237,1013.967,1021.745,844.436,894.683,1048.412,299.326,299.004,297.728,297.967
4283,1.189722222,975.907,331.933,765.069,346.547,300.036,298.119,298.237,1013.967,1021.745,844.436,894.683,1048.412,299.326,299.004,297.728,297.967
4284,1.19,975.997,331.961,765.097,346.558,300.059,298.152,298.246,1013.523,1021.724,844.46,894.673,1048.375,299.337,299.006,297.722,297.962
4285,1.190277778,975.997,331.961,765.097,346.558,300.059,298.152,298.246,1013.523,1021.724,844.46,894.673,1048.375,299.337,299.006,297.722,297.962
4286,1.190555556,975.997,331.961,765.097,346.558,300.059,298.152,298.246,1013.523,1021.724,844.46,894.673,1048.375,299.337,299.006,297.722,297.962
4287,1.190833333,975.997,331.961,765.097,346.558,300.059,298.152,298.246,1013.523,1021.724,844.46,894.673,1048.375,299.337,299.006,297.722,297.962
4288,1.191111111,976.004,331.985,765.124,346.571,300.06,298.154,298.232,1013.111,1021.704,844.489,894.701,1048.352,299.337,299.011,297.735,297.969
4289,1.191388889,976.004,331.985,765.124,346.571,300.06,298.154,298.232,1013.111,1021.704,844.489,894.701,1048.352,299.337,299.011,297.735,297.969
4290,1.191666667,976.004,331.985,765.124,346.571,300.06,298.154,298.232,1013.111,1021.704,844.489,894.701,1048.352,299.337,299.011,297.735,297.969
4291,1.191944444,975.837,331.994,765.175,346.576,300.071,298.136,298.243,1013.237,1021.655,844.506,894.697,1048.276,299.332,299.004,297.733,297.965
4292,1.192222222,975.837,331.994,765.175,346.576,300.071,298.136,298.243,1013.237,1021.655,844.506,894.697,1048.276,299.332,299.004,297.733,297.965
4293,1.1925,975.837,331.994,765.175,346.576,300.071,298.136,298.243,1013.237,1021.655,844.506,894.697,1048.276,299.332,299.004,297.733,297.965
4294,1.192777778,975.837,331.994,765.175,346.576,300.071,298.136,298.243,1013.237,1021.655,844.506,894.697,1048.276,299.332,299.004,297.733,297.965
4295,1.193055556,976.079,332.034,765.229,346.589,300.078,298.156,298.255,1013.541,1021.609,844.531,894.717,1048.209,299.34,299.026,297.741,297.977
4296,1.193333333,976.079,332.034,765.229,346.589,300.078,298.156,298.255,1013.541,1021.609,844.531,894.717,1048.209,299.34,299.026,297.741,297.977
4297,1.193611111,976.079,332.034,765.229,346.589,300.078,298.156,298.255,1013.541,1021.609,844.531,894.717,1048.209,299.34,299.026,297.741,297.977
4298,1.193888889,976.103,332.064,765.302,346.615,300.09,298.168,298.265,1013.51,1021.559,844.552,894.726,1048.134,299.354,299.03,297.758,297.992
4299,1.194166667,976.103,332.064,765.302,346.615,300.09,298.168,298.265,1013.51,1021.559,844.552,894.726,1048.134,299.354,299.03,297.758,297.992
4300,1.194444444,976.103,332.064,765.302,346.615,300.09,298.168,298.265,1013.51,1021.559,844.552,894.726,1048.134,299.354,299.03,297.758,297.992
4301,1.194722222,976.103,332.064,765.302,346.615,300.09,298.168,298.265,1013.51,1021.559,844.552,894.726,1048.134,299.354,299.03,297.758,297.992
4302,1.195,976.053,332.077,765.333,346.604,300.074,298.147,298.247,1013.126,1021.493,844.581,894.736,1048.033,299.349,299.029,297.756,297.987
4303,1.195277778,976.053,332.077,765.333,346.604,300.074,298.147,298.247,1013.126,1021.493,844.581,894.736,1048.033,299.349,299.029,297.756,297.987
4304,1.195555556,976.053,332.077,765.333,346.604,300.074,298.147,298.247,1013.126,1021.493,844.581,894.736,1048.033,299.349,299.029,297.756,297.987
4305,1.195833333,976.115,332.106,765.362,346.606,300.073,298.148,298.233,1013.082,1021.425,844.591,894.753,1047.988,299.35,299.014,297.748,297.982
4306,1.196111111,976.115,332.106,765.362,346.606,300.073,298.148,298.233,1013.082,1021.425,844.591,894.753,1047.988,299.35,299.014,297.748,297.982
4307,1.196388889,976.115,332.106,765.362,346.606,300.073,298.148,298.233,1013.082,1021.425,844.591,894.753,1047.988,299.35,299.014,297.748,297.982
4308,1.196666667,976.115,332.106,765.362,346.606,300.073,298.148,298.233,1013.082,1021.425,844.591,894.753,1047.988,299.35,299.014,297.748,297.982
4309,1.196944444,975.938,332.144,765.397,346.617,300.089,298.142,298.253,1013.324,1021.37,844.623,894.758,1047.909,299.36,299.027,297.764,297.994
4310,1.197222222,975.938,332.144,765.397,346.617,300.089,298.142,298.253,1013.324,1021.37,844.623,894.758,1047.909,299.36,299.027,297.764,297.994
4311,1.1975,975.938,332.144,765.397,346.617,300.089,298.142,298.253,1013.324,1021.37,844.623,894.758,1047.909,299.36,299.027,297.764,297.994
4312,1.197777778,975.656,332.174,765.437,346.627,300.096,298.143,298.258,1013.857,1021.299,844.646,894.792,1047.854,299.367,299.038,297.767,297.991
4313,1.198055556,975.656,332.174,765.437,346.627,300.096,298.143,298.258,1013.857,1021.299,844.646,894.792,1047.854,299.367,299.038,297.767,297.991
4314,1.198333333,975.656,332.174,765.437,346.627,300.096,298.143,298.258,1013.857,1021.299,844.646,894.792,1047.854,299.367,299.038,297.767,297.991
4315,1.198611111,975.656,332.174,765.437,346.627,300.096,298.143,298.258,1013.857,1021.299,844.646,894.792,1047.854,299.367,299.038,297.767,297.991
4316,1.198888889,975.147,332.189,765.437,346.616,300.098,298.144,298.249,1013.961,1021.239,844.654,894.741,1047.757,299.359,299.033,297.768,297.996
4317,1.199166667,975.147,332.189,765.437,346.616,300.098,298.144,298.249,1013.961,1021.239,844.654,894.741,1047.757,299.359,299.033,297.768,297.996
4318,1.199444444,975.147,332.189,765.437,346.616,300.098,298.144,298.249,1013.961,1021.239,844.654,894.741,1047.757,299.359,299.033,297.768,297.996
4319,1.199722222,974.681,332.214,765.452,346.623,300.112,298.15,298.261,1013.867,1021.182,844.684,894.766,1047.707,299.365,299.044,297.763,298
4320,1.2,974.681,332.214,765.452,346.623,300.112,298.15,298.261,1013.867,1021.182,844.684,894.766,1047.707,299.365,299.044,297.763,298
4321,1.200277778,974.681,332.214,765.452,346.623,300.112,298.15,298.261,1013.867,1021.182,844.684,894.766,1047.707,299.365,299.044,297.763,298
4322,1.200555556,974.681,332.214,765.452,346.623,300.112,298.15,298.261,1013.867,1021.182,844.684,894.766,1047.707,299.365,299.044,297.763,298
4323,1.200833333,974.531,332.244,765.504,346.624,300.119,298.143,298.246,1013.506,1021.139,844.688,894.765,1047.664,299.37,299.048,297.765,298.004
4324,1.201111111,974.531,332.244,765.504,346.624,300.119,298.143,298.246,1013.506,1021.139,844.688,894.765,1047.664,299.37,299.048,297.765,298.004
4325,1.201388889,974.531,332.244,765.504,346.624,300.119,298.143,298.246,1013.506,1021.139,844.688,894.765,1047.664,299.37,299.048,297.765,298.004
4326,1.201666667,975.19,332.259,765.564,346.628,300.127,298.144,298.245,1013.314,1021.098,844.71,894.75,1047.624,299.374,299.05,297.769,298.008
4327,1.201944444,975.19,332.259,765.564,346.628,300.127,298.144,298.245,1013.314,1021.098,844.71,894.75,1047.624,299.374,299.05,297.769,298.008
4328,1.202222222,975.19,332.259,765.564,346.628,300.127,298.144,298.245,1013.314,1021.098,844.71,894.75,1047.624,299.374,299.05,297.769,298.008
4329,1.2025,975.19,332.259,765.564,346.628,300.127,298.144,298.245,1013.314,1021.098,844.71,894.75,1047.624,299.374,299.05,297.769,298.008
4330,1.202777778,975.695,332.288,765.59,346.65,300.128,298.152,298.264,1013.366,1021.081,844.729,894.799,1047.659,299.38,299.055,297.778,298.02
4331,1.203055556,975.695,332.288,765.59,346.65,300.128,298.152,298.264,1013.366,1021.081,844.729,894.799,1047.659,299.38,299.055,297.778,298.02
4332,1.203333333,975.695,332.288,765.59,346.65,300.128,298.152,298.264,1013.366,1021.081,844.729,894.799,1047.659,299.38,299.055,297.778,298.02
4333,1.203611111,976.14,332.323,765.63,346.652,300.116,298.133,298.252,1013.15,1021.05,844.745,894.779,1047.628,299.383,299.055,297.781,298.008
4334,1.203888889,976.14,332.323,765.63,346.652,300.116,298.133,298.252,1013.15,1021.05,844.745,894.779,1047.628,299.383,299.055,297.781,298.008
4335,1.204166667,976.14,332.323,765.63,346.652,300.116,298.133,298.252,1013.15,1021.05,844.745,894.779,1047.628,299.383,299.055,297.781,298.008
4336,1.204444444,976.14,332.323,765.63,346.652,300.116,298.133,298.252,1013.15,1021.05,844.745,894.779,1047.628,299.383,299.055,297.781,298.008
4337,1.204722222,975.862,332.339,765.672,346.663,300.125,298.132,298.252,1012.921,1021.016,844.745,894.777,1047.582,299.387,299.058,297.778,298.017
4338,1.205,975.862,332.339,765.672,346.663,300.125,298.132,298.252,1012.921,1021.016,844.745,894.777,1047.582,299.387,299.058,297.778,298.017
4339,1.205277778,975.862,332.339,765.672,346.663,300.125,298.132,298.252,1012.921,1021.016,844.745,894.777,1047.582,299.387,299.058,297.778,298.017
4340,1.205555556,975.056,332.378,765.712,346.677,300.147,298.133,298.253,1013.217,1021.017,844.761,894.799,1047.599,299.401,299.068,297.784,298.03
4341,1.205833333,975.056,332.378,765.712,346.677,300.147,298.133,298.253,1013.217,1021.017,844.761,894.799,1047.599,299.401,299.068,297.784,298.03
4342,1.206111111,975.056,332.378,765.712,346.677,300.147,298.133,298.253,1013.217,1021.017,844.761,894.799,1047.599,299.401,299.068,297.784,298.03
4343,1.206388889,975.056,332.378,765.712,346.677,300.147,298.133,298.253,1013.217,1021.017,844.761,894.799,1047.599,299.401,299.068,297.784,298.03
4344,1.206666667,974.933,332.393,765.731,346.697,300.146,298.135,298.256,1013.233,1020.977,844.78,894.797,1047.566,299.39,299.064,297.786,298.016
4345,1.206944444,974.933,332.393,765.731,346.697,300.146,298.135,298.256,1013.233,1020.977,844.78,894.797,1047.566,299.39,299.064,297.786,298.016
4346,1.207222222,974.933,332.393,765.731,346.697,300.146,298.135,298.256,1013.233,1020.977,844.78,894.797,1047.566,299.39,299.064,297.786,298.016
4347,1.2075,974.795,332.412,765.763,346.707,300.139,298.116,298.251,1012.933,1020.951,844.786,894.793,1047.515,299.4,299.062,297.785,298.031
4348,1.207777778,974.795,332.412,765.763,346.707,300.139,298.116,298.251,1012.933,1020.951,844.786,894.793,1047.515,299.4,299.062,297.785,298.031
4349,1.208055556,974.795,332.412,765.763,346.707,300.139,298.116,298.251,1012.933,1020.951,844.786,894.793,1047.515,299.4,299.062,297.785,298.031
4350,1.208333333,974.795,332.412,765.763,346.707,300.139,298.116,298.251,1012.933,1020.951,844.786,894.793,1047.515,299.4,299.062,297.785,298.031
4351,1.208611111,974.933,332.436,765.801,346.707,300.147,298.124,298.245,1012.368,1020.926,844.807,894.781,1047.479,299.394,299.064,297.79,298.014
4352,1.208888889,974.933,332.436,765.801,346.707,300.147,298.124,298.245,1012.368,1020.926,844.807,894.781,1047.479,299.394,299.064,297.79,298.014
4353,1.209166667,974.933,332.436,765.801,346.707,300.147,298.124,298.245,1012.368,1020.926,844.807,894.781,1047.479,299.394,299.064,297.79,298.014
4354,1.209444444,974.98,332.47,765.827,346.722,300.168,298.127,298.25,1012.146,1020.882,844.828,894.808,1047.453,299.403,299.088,297.8,298.036
4355,1.209722222,974.98,332.47,765.827,346.722,300.168,298.127,298.25,1012.146,1020.882,844.828,894.808,1047.453,299.403,299.088,297.8,298.036
4356,1.21,974.98,332.47,765.827,346.722,300.168,298.127,298.25,1012.146,1020.882,844.828,894.808,1047.453,299.403,299.088,297.8,298.036
4357,1.210277778,974.98,332.47,765.827,346.722,300.168,298.127,298.25,1012.146,1020.882,844.828,894.808,1047.453,299.403,299.088,297.8,298.036
4358,1.210555556,974.611,332.484,765.875,346.732,300.152,298.123,298.25,1012.188,1020.852,844.842,894.795,1047.4,299.41,299.063,297.796,298.03
4359,1.210833333,974.611,332.484,765.875,346.732,300.152,298.123,298.25,1012.188,1020.852,844.842,894.795,1047.4,299.41,299.063,297.796,298.03
4360,1.211111111,974.611,332.484,765.875,346.732,300.152,298.123,298.25,1012.188,1020.852,844.842,894.795,1047.4,299.41,299.063,297.796,298.03
4361,1.211388889,974.711,332.509,765.909,346.719,300.152,298.141,298.241,1012.674,1020.808,844.842,894.818,1047.386,299.415,299.077,297.811,298.027
4362,1.211666667,974.711,332.509,765.909,346.719,300.152,298.141,298.241,1012.674,1020.808,844.842,894.818,1047.386,299.415,299.077,297.811,298.027
4363,1.211944444,974.711,332.509,765.909,346.719,300.152,298.141,298.241,1012.674,1020.808,844.842,894.818,1047.386,299.415,299.077,297.811,298.027
4364,1.212222222,974.711,332.509,765.909,346.719,300.152,298.141,298.241,1012.674,1020.808,844.842,894.818,1047.386,299.415,299.077,297.811,298.027
4365,1.2125,974.877,332.543,765.925,346.73,300.17,298.137,298.247,1012.852,1020.776,844.871,894.796,1047.292,299.416,299.085,297.8,298.036
4366,1.212777778,974.877,332.543,765.925,346.73,300.17,298.137,298.247,1012.852,1020.776,844.871,894.796,1047.292,299.416,299.085,297.8,298.036
4367,1.213055556,974.877,332.543,765.925,346.73,300.17,298.137,298.247,1012.852,1020.776,844.871,894.796,1047.292,299.416,299.085,297.8,298.036
4368,1.213333333,974.768,332.566,765.972,346.754,300.174,298.151,298.257,1012.757,1020.726,844.879,894.783,1047.263,299.418,299.095,297.815,298.035
4369,1.213611111,974.768,332.566,765.972,346.754,300.174,298.151,298.257,1012.757,1020.726,844.879,894.783,1047.263,299.418,299.095,297.815,298.035
4370,1.213888889,974.768,332.566,765.972,346.754,300.174,298.151,298.257,1012.757,1020.726,844.879,894.783,1047.263,299.418,299.095,297.815,298.035
4371,1.214166667,974.768,332.566,765.972,346.754,300.174,298.151,298.257,1012.757,1020.726,844.879,894.783,1047.263,299.418,299.095,297.815,298.035
4372,1.214444444,974.313,332.613,766.014,346.766,300.192,298.158,298.264,1013.093,1020.701,844.901,894.842,1047.267,299.429,299.092,297.822,298.045
4373,1.214722222,974.313,332.613,766.014,346.766,300.192,298.158,298.264,1013.093,1020.701,844.901,894.842,1047.267,299.429,299.092,297.822,298.045
4374,1.215,974.313,332.613,766.014,346.766,300.192,298.158,298.264,1013.093,1020.701,844.901,894.842,1047.267,299.429,299.092,297.822,298.045
4375,1.215277778,974.347,332.619,766.026,346.763,300.189,298.165,298.265,1013.346,1020.66,844.915,894.794,1047.198,299.43,299.082,297.815,298.058
4376,1.215555556,974.347,332.619,766.026,346.763,300.189,298.165,298.265,1013.346,1020.66,844.915,894.794,1047.198,299.43,299.082,297.815,298.058
4377,1.215833333,974.347,332.619,766.026,346.763,300.189,298.165,298.265,1013.346,1020.66,844.915,894.794,1047.198,299.43,299.082,297.815,298.058
4378,1.216111111,974.347,332.619,766.026,346.763,300.189,298.165,298.265,1013.346,1020.66,844.915,894.794,1047.198,299.43,299.082,297.815,298.058
4379,1.216388889,974.15,332.651,766.035,346.779,300.193,298.167,298.272,1013.16,1020.62,844.927,894.824,1047.161,299.434,299.099,297.828,298.059
4380,1.216666667,974.15,332.651,766.035,346.779,300.193,298.167,298.272,1013.16,1020.62,844.927,894.824,1047.161,299.434,299.099,297.828,298.059
4381,1.216944444,974.15,332.651,766.035,346.779,300.193,298.167,298.272,1013.16,1020.62,844.927,894.824,1047.161,299.434,299.099,297.828,298.059
4382,1.217222222,974.247,332.661,766.092,346.783,300.19,298.157,298.261,1013.653,1020.58,844.943,894.822,1047.13,299.424,299.1,297.828,298.051
4383,1.2175,974.247,332.661,766.092,346.783,300.19,298.157,298.261,1013.653,1020.58,844.943,894.822,1047.13,299.424,299.1,297.828,298.051
4384,1.217777778,974.247,332.661,766.092,346.783,300.19,298.157,298.261,1013.653,1020.58,844.943,894.822,1047.13,299.424,299.1,297.828,298.051
4385,1.218055556,974.247,332.661,766.092,346.783,300.19,298.157,298.261,1013.653,1020.58,844.943,894.822,1047.13,299.424,299.1,297.828,298.051
4386,1.218333333,973.933,332.694,766.108,346.781,300.205,298.15,298.272,1013.732,1020.567,844.952,894.82,1047.123,299.432,299.105,297.835,298.058
4387,1.218611111,973.933,332.694,766.108,346.781,300.205,298.15,298.272,1013.732,1020.567,844.952,894.82,1047.123,299.432,299.105,297.835,298.058
4388,1.218888889,973.933,332.694,766.108,346.781,300.205,298.15,298.272,1013.732,1020.567,844.952,894.82,1047.123,299.432,299.105,297.835,298.058
4389,1.219166667,973.163,332.723,766.128,346.813,300.226,298.177,298.277,1013.725,1020.544,844.972,894.838,1047.129,299.444,299.115,297.84,298.071
4390,1.219444444,973.163,332.723,766.128,346.813,300.226,298.177,298.277,1013.725,1020.544,844.972,894.838,1047.129,299.444,299.115,297.84,298.071
4391,1.219722222,973.163,332.723,766.128,346.813,300.226,298.177,298.277,1013.725,1020.544,844.972,894.838,1047.129,299.444,299.115,297.84,298.071
4392,1.22,973.163,332.723,766.128,346.813,300.226,298.177,298.277,1013.725,1020.544,844.972,894.838,1047.129,299.444,299.115,297.84,298.071
4393,1.220277778,972.748,332.743,766.171,346.805,300.214,298.168,298.273,1013.854,1020.535,844.981,894.812,1047.091,299.436,299.114,297.846,298.07
4394,1.220555556,972.748,332.743,766.171,346.805,300.214,298.168,298.273,1013.854,1020.535,844.981,894.812,1047.091,299.436,299.114,297.846,298.07
4395,1.220833333,972.748,332.743,766.171,346.805,300.214,298.168,298.273,1013.854,1020.535,844.981,894.812,1047.091,299.436,299.114,297.846,298.07
4396,1.221111111,972.957,332.767,766.208,346.814,300.236,298.178,298.273,1014.014,1020.523,844.988,894.806,1047.073,299.45,299.117,297.844,298.074
4397,1.221388889,972.957,332.767,766.208,346.814,300.236,298.178,298.273,1014.014,1020.523,844.988,894.806,1047.073,299.45,299.117,297.844,298.074
4398,1.221666667,972.957,332.767,766.208,346.814,300.236,298.178,298.273,1014.014,1020.523,844.988,894.806,1047.073,299.45,299.117,297.844,298.074
4399,1.221944444,972.957,332.767,766.208,346.814,300.236,298.178,298.273,1014.014,1020.523,844.988,894.806,1047.073,299.45,299.117,297.844,298.074
4400,1.222222222,973.349,332.797,766.23,346.815,300.233,298.169,298.284,1013.62,1020.521,845.014,894.828,1047.13,299.459,299.123,297.856,298.082
4401,1.2225,973.349,332.797,766.23,346.815,300.233,298.169,298.284,1013.62,1020.521,845.014,894.828,1047.13,299.459,299.123,297.856,298.082
4402,1.222777778,973.349,332.797,766.23,346.815,300.233,298.169,298.284,1013.62,1020.521,845.014,894.828,1047.13,299.459,299.123,297.856,298.082
4403,1.223055556,973.527,332.812,766.255,346.801,300.22,298.154,298.265,1013.549,1020.512,845.011,894.833,1047.152,299.438,299.107,297.849,298.081
4404,1.223333333,973.527,332.812,766.255,346.801,300.22,298.154,298.265,1013.549,1020.512,845.011,894.833,1047.152,299.438,299.107,297.849,298.081
4405,1.223611111,973.527,332.812,766.255,346.801,300.22,298.154,298.265,1013.549,1020.512,845.011,894.833,1047.152,299.438,299.107,297.849,298.081
4406,1.223888889,973.527,332.812,766.255,346.801,300.22,298.154,298.265,1013.549,1020.512,845.011,894.833,1047.152,299.438,299.107,297.849,298.081
4407,1.224166667,973.547,332.847,766.291,346.817,300.248,298.176,298.27,1013.743,1020.533,845.034,894.843,1047.178,299.457,299.131,297.862,298.092
4408,1.224444444,973.547,332.847,766.291,346.817,300.248,298.176,298.27,1013.743,1020.533,845.034,894.843,1047.178,299.457,299.131,297.862,298.092
4409,1.224722222,973.547,332.847,766.291,346.817,300.248,298.176,298.27,1013.743,1020.533,845.034,894.843,1047.178,299.457,299.131,297.862,298.092
4410,1.225,974.04,332.865,766.327,346.809,300.253,298.166,298.267,1013.769,1020.542,845.049,894.833,1047.217,299.454,299.123,297.854,298.084
4411,1.225277778,974.04,332.865,766.327,346.809,300.253,298.166,298.267,1013.769,1020.542,845.049,894.833,1047.217,299.454,299.123,297.854,298.084
4412,1.225555556,974.04,332.865,766.327,346.809,300.253,298.166,298.267,1013.769,1020.542,845.049,894.833,1047.217,299.454,299.123,297.854,298.084
4413,1.225833333,974.04,332.865,766.327,346.809,300.253,298.166,298.267,1013.769,1020.542,845.049,894.833,1047.217,299.454,299.123,297.854,298.084
4414,1.226111111,974.014,332.899,766.317,346.831,300.255,298.172,298.277,1013.783,1020.58,845.076,894.851,1047.237,299.472,299.144,297.872,298.095
4415,1.226388889,974.014,332.899,766.317,346.831,300.255,298.172,298.277,1013.783,1020.58,845.076,894.851,1047.237,299.472,299.144,297.872,298.095
4416,1.226666667,974.014,332.899,766.317,346.831,300.255,298.172,298.277,1013.783,1020.58,845.076,894.851,1047.237,299.472,299.144,297.872,298.095
4417,1.226944444,973.096,332.92,766.361,346.834,300.262,298.177,298.282,1013.886,1020.598,845.087,894.846,1047.252,299.477,299.14,297.873,298.108
4418,1.227222222,973.096,332.92,766.361,346.834,300.262,298.177,298.282,1013.886,1020.598,845.087,894.846,1047.252,299.477,299.14,297.873,298.108
4419,1.2275,973.096,332.92,766.361,346.834,300.262,298.177,298.282,1013.886,1020.598,845.087,894.846,1047.252,299.477,299.14,297.873,298.108
4420,1.227777778,973.096,332.92,766.361,346.834,300.262,298.177,298.282,1013.886,1020.598,845.087,894.846,1047.252,299.477,299.14,297.873,298.108
4421,1.228055556,972.625,332.956,766.391,346.839,300.274,298.181,298.286,1014.03,1020.607,845.1,894.867,1047.291,299.486,299.152,297.876,298.108
4422,1.228333333,972.625,332.956,766.391,346.839,300.274,298.181,298.286,1014.03,1020.607,845.1,894.867,1047.291,299.486,299.152,297.876,298.108
4423,1.228611111,972.625,332.956,766.391,346.839,300.274,298.181,298.286,1014.03,1020.607,845.1,894.867,1047.291,299.486,299.152,297.876,298.108
4424,1.228888889,972.5,332.967,766.41,346.843,300.246,298.175,298.274,1014.012,1020.626,845.11,894.876,1047.329,299.471,299.143,297.879,298.111
4425,1.229166667,972.5,332.967,766.41,346.843,300.246,298.175,298.274,1014.012,1020.626,845.11,894.876,1047.329,299.471,299.143,297.879,298.111
4426,1.229444444,972.5,332.967,766.41,346.843,300.246,298.175,298.274,1014.012,1020.626,845.11,894.876,1047.329,299.471,299.143,297.879,298.111
4427,1.229722222,972.5,332.967,766.41,346.843,300.246,298.175,298.274,1014.012,1020.626,845.11,894.876,1047.329,299.471,299.143,297.879,298.111
4428,1.23,972.97,333.002,766.447,346.85,300.275,298.168,298.276,1013.787,1020.661,845.131,894.88,1047.366,299.48,299.149,297.883,298.102
4429,1.230277778,972.97,333.002,766.447,346.85,300.275,298.168,298.276,1013.787,1020.661,845.131,894.88,1047.366,299.48,299.149,297.883,298.102
4430,1.230555556,972.97,333.002,766.447,346.85,300.275,298.168,298.276,1013.787,1020.661,845.131,894.88,1047.366,299.48,299.149,297.883,298.102
4431,1.230833333,973.41,333.027,766.501,346.863,300.296,298.186,298.274,1013.7,1020.704,845.161,894.865,1047.418,299.487,299.153,297.894,298.122
4432,1.231111111,973.41,333.027,766.501,346.863,300.296,298.186,298.274,1013.7,1020.704,845.161,894.865,1047.418,299.487,299.153,297.894,298.122
4433,1.231388889,973.41,333.027,766.501,346.863,300.296,298.186,298.274,1013.7,1020.704,845.161,894.865,1047.418,299.487,299.153,297.894,298.122
4434,1.231666667,973.41,333.027,766.501,346.863,300.296,298.186,298.274,1013.7,1020.704,845.161,894.865,1047.418,299.487,299.153,297.894,298.122
4435,1.231944444,973.804,333.044,766.533,346.863,300.281,298.181,298.282,1013.759,1020.732,845.163,894.927,1047.495,299.484,299.149,297.878,298.121
4436,1.232222222,973.804,333.044,766.533,346.863,300.281,298.181,298.282,1013.759,1020.732,845.163,894.927,1047.495,299.484,299.149,297.878,298.121
4437,1.2325,973.804,333.044,766.533,346.863,300.281,298.181,298.282,1013.759,1020.732,845.163,894.927,1047.495,299.484,299.149,297.878,298.121
4438,1.232777778,974.156,333.066,766.563,346.874,300.297,298.177,298.274,1013.777,1020.785,845.187,894.927,1047.559,299.488,299.162,297.889,298.122
4439,1.233055556,974.156,333.066,766.563,346.874,300.297,298.177,298.274,1013.777,1020.785,845.187,894.927,1047.559,299.488,299.162,297.889,298.122
4440,1.233333333,974.156,333.066,766.563,346.874,300.297,298.177,298.274,1013.777,1020.785,845.187,894.927,1047.559,299.488,299.162,297.889,298.122
4441,1.233611111,974.156,333.066,766.563,346.874,300.297,298.177,298.274,1013.777,1020.785,845.187,894.927,1047.559,299.488,299.162,297.889,298.122
4442,1.233888889,974.386,333.096,766.558,346.881,300.29,298.17,298.289,1013.475,1020.829,845.211,894.925,1047.605,299.494,299.161,297.889,298.133
4443,1.234166667,974.386,333.096,766.558,346.881,300.29,298.17,298.289,1013.475,1020.829,845.211,894.925,1047.605,299.494,299.161,297.889,298.133
4444,1.234444444,974.386,333.096,766.558,346.881,300.29,298.17,298.289,1013.475,1020.829,845.211,894.925,1047.605,299.494,299.161,297.889,298.133
4445,1.234722222,974.777,333.123,766.605,346.891,300.301,298.174,298.291,1013.441,1020.871,845.24,894.97,1047.644,299.502,299.165,297.897,298.139
4446,1.235,974.777,333.123,766.605,346.891,300.301,298.174,298.291,1013.441,1020.871,845.24,894.97,1047.644,299.502,299.165,297.897,298.139
4447,1.235277778,974.777,333.123,766.605,346.891,300.301,298.174,298.291,1013.441,1020.871,845.24,894.97,1047.644,299.502,299.165,297.897,298.139
4448,1.235555556,974.777,333.123,766.605,346.891,300.301,298.174,298.291,1013.441,1020.871,845.24,894.97,1047.644,299.502,299.165,297.897,298.139
4449,1.235833333,975.083,333.141,766.65,346.894,300.306,298.162,298.278,1013.62,1020.892,845.257,895.007,1047.687,299.491,299.169,297.891,298.129
4450,1.236111111,975.083,333.141,766.65,346.894,300.306,298.162,298.278,1013.62,1020.892,845.257,895.007,1047.687,299.491,299.169,297.891,298.129
4451,1.236388889,975.083,333.141,766.65,346.894,300.306,298.162,298.278,1013.62,1020.892,845.257,895.007,1047.687,299.491,299.169,297.891,298.129
4452,1.236666667,975.246,333.17,766.656,346.907,300.286,298.167,298.296,1013.71,1020.936,845.289,895.002,1047.717,299.509,299.17,297.899,298.135
4453,1.236944444,975.246,333.17,766.656,346.907,300.286,298.167,298.296,1013.71,1020.936,845.289,895.002,1047.717,299.509,299.17,297.899,298.135
4454,1.237222222,975.246,333.17,766.656,346.907,300.286,298.167,298.296,1013.71,1020.936,845.289,895.002,1047.717,299.509,299.17,297.899,298.135
4455,1.2375,975.246,333.17,766.656,346.907,300.286,298.167,298.296,1013.71,1020.936,845.289,895.002,1047.717,299.509,299.17,297.899,298.135
4456,1.237777778,975.02,333.187,766.656,346.913,300.295,298.145,298.284,1013.828,1020.965,845.312,895.017,1047.717,299.509,299.174,297.898,298.134
4457,1.238055556,975.02,333.187,766.656,346.913,300.295,298.145,298.284,1013.828,1020.965,845.312,895.017,1047.717,299.509,299.174,297.898,298.134
4458,1.238333333,975.02,333.187,766.656,346.913,300.295,298.145,298.284,1013.828,1020.965,845.312,895.017,1047.717,299.509,299.174,297.898,298.134
4459,1.238611111,975.189,333.213,766.73,346.922,300.311,298.137,298.268,1013.914,1020.987,845.33,895.061,1047.754,299.513,299.181,297.905,298.134
4460,1.238888889,975.189,333.213,766.73,346.922,300.311,298.137,298.268,1013.914,1020.987,845.33,895.061,1047.754,299.513,299.181,297.905,298.134
4461,1.239166667,975.189,333.213,766.73,346.922,300.311,298.137,298.268,1013.914,1020.987,845.33,895.061,1047.754,299.513,299.181,297.905,298.134
4462,1.239444444,975.189,333.213,766.73,346.922,300.311,298.137,298.268,1013.914,1020.987,845.33,895.061,1047.754,299.513,299.181,297.905,298.134
4463,1.239722222,975.19,333.235,766.739,346.924,300.3,298.131,298.262,1014.247,1021.016,845.357,895.051,1047.767,299.514,299.18,297.9,298.144
4464,1.24,975.19,333.235,766.739,346.924,300.3,298.131,298.262,1014.247,1021.016,845.357,895.051,1047.767,299.514,299.18,297.9,298.144
4465,1.240277778,975.19,333.235,766.739,346.924,300.3,298.131,298.262,1014.247,1021.016,845.357,895.051,1047.767,299.514,299.18,297.9,298.144
4466,1.240555556,975.365,333.265,766.796,346.932,300.319,298.136,298.275,1014.014,1021.042,845.396,895.105,1047.819,299.524,299.195,297.915,298.148
4467,1.240833333,975.365,333.265,766.796,346.932,300.319,298.136,298.275,1014.014,1021.042,845.396,895.105,1047.819,299.524,299.195,297.915,298.148
4468,1.241111111,975.365,333.265,766.796,346.932,300.319,298.136,298.275,1014.014,1021.042,845.396,895.105,1047.819,299.524,299.195,297.915,298.148
4469,1.241388889,975.365,333.265,766.796,346.932,300.319,298.136,298.275,1014.014,1021.042,845.396,895.105,1047.819,299.524,299.195,297.915,298.148
4470,1.241666667,975.301,333.283,766.831,346.94,300.305,298.123,298.257,1014.047,1021.06,845.414,895.118,1047.854,299.522,299.184,297.904,298.137
4471,1.241944444,975.301,333.283,766.831,346.94,300.305,298.123,298.257,1014.047,1021.06,845.414,895.118,1047.854,299.522,299.184,297.904,298.137
4472,1.242222222,975.301,333.283,766.831,346.94,300.305,298.123,298.257,1014.047,1021.06,845.414,895.118,1047.854,299.522,299.184,297.904,298.137
4473,1.2425,975.634,333.306,766.853,346.953,300.308,298.122,298.251,1013.966,1021.099,845.449,895.175,1047.899,299.526,299.188,297.902,298.14
4474,1.242777778,975.634,333.306,766.853,346.953,300.308,298.122,298.251,1013.966,1021.099,845.449,895.175,1047.899,299.526,299.188,297.902,298.14
4475,1.243055556,975.634,333.306,766.853,346.953,300.308,298.122,298.251,1013.966,1021.099,845.449,895.175,1047.899,299.526,299.188,297.902,298.14
4476,1.243333333,975.634,333.306,766.853,346.953,300.308,298.122,298.251,1013.966,1021.099,845.449,895.175,1047.899,299.526,299.188,297.902,298.14
4477,1.243611111,975.744,333.323,766.894,346.95,300.311,298.116,298.246,1013.726,1021.128,845.472,895.182,1047.918,299.522,299.189,297.908,298.131
4478,1.243888889,975.744,333.323,766.894,346.95,300.311,298.116,298.246,1013.726,1021.128,845.472,895.182,1047.918,299.522,299.189,297.908,298.131
4479,1.244166667,975.744,333.323,766.894,346.95,300.311,298.116,298.246,1013.726,1021.128,845.472,895.182,1047.918,299.522,299.189,297.908,298.131
4480,1.244444444,975.312,333.362,766.915,346.965,300.338,298.14,298.265,1013.878,1021.172,845.523,895.258,1047.987,299.528,299.202,297.92,298.156
4481,1.244722222,975.312,333.362,766.915,346.965,300.338,298.14,298.265,1013.878,1021.172,845.523,895.258,1047.987,299.528,299.202,297.92,298.156
4482,1.245,975.312,333.362,766.915,346.965,300.338,298.14,298.265,1013.878,1021.172,845.523,895.258,1047.987,299.528,299.202,297.92,298.156
4483,1.245277778,975.312,333.362,766.915,346.965,300.338,298.14,298.265,1013.878,1021.172,845.523,895.258,1047.987,299.528,299.202,297.92,298.156
4484,1.245555556,974.747,333.378,766.943,346.973,300.331,298.13,298.264,1014.037,1021.19,845.547,895.251,1047.991,299.542,299.194,297.917,298.157
4485,1.245833333,974.747,333.378,766.943,346.973,300.331,298.13,298.264,1014.037,1021.19,845.547,895.251,1047.991,299.542,299.194,297.917,298.157
4486,1.246111111,974.747,333.378,766.943,346.973,300.331,298.13,298.264,1014.037,1021.19,845.547,895.251,1047.991,299.542,299.194,297.917,298.157
4487,1.246388889,974.351,333.409,766.952,346.983,300.345,298.124,298.261,1014.349,1021.213,845.577,895.278,1048.004,299.543,299.204,297.927,298.163
4488,1.246666667,974.351,333.409,766.952,346.983,300.345,298.124,298.261,1014.349,1021.213,845.577,895.278,1048.004,299.543,299.204,297.927,298.163
4489,1.246944444,974.351,333.409,766.952,346.983,300.345,298.124,298.261,1014.349,1021.213,845.577,895.278,1048.004,299.543,299.204,297.927,298.163
4490,1.247222222,974.351,333.409,766.952,346.983,300.345,298.124,298.261,1014.349,1021.213,845.577,895.278,1048.004,299.543,299.204,297.927,298.163
4491,1.2475,974.942,333.43,767.004,346.973,300.342,298.111,298.258,1014.422,1021.229,845.602,895.317,1048.05,299.545,299.201,297.919,298.149
4492,1.247777778,974.942,333.43,767.004,346.973,300.342,298.111,298.258,1014.422,1021.229,845.602,895.317,1048.05,299.545,299.201,297.919,298.149
4493,1.248055556,974.942,333.43,767.004,346.973,300.342,298.111,298.258,1014.422,1021.229,845.602,895.317,1048.05,299.545,299.201,297.919,298.149
4494,1.248333333,975.282,333.462,767.043,346.979,300.342,298.111,298.254,1014.443,1021.257,845.638,895.329,1048.084,299.542,299.214,297.928,298.165
4495,1.248611111,975.282,333.462,767.043,346.979,300.342,298.111,298.254,1014.443,1021.257,845.638,895.329,1048.084,299.542,299.214,297.928,298.165
4496,1.248888889,975.282,333.462,767.043,346.979,300.342,298.111,298.254,1014.443,1021.257,845.638,895.329,1048.084,299.542,299.214,297.928,298.165
4497,1.249166667,975.282,333.462,767.043,346.979,300.342,298.111,298.254,1014.443,1021.257,845.638,895.329,1048.084,299.542,299.214,297.928,298.165
4498,1.249444444,975.503,333.465,767.094,346.968,300.343,298.11,298.257,1015.025,1021.293,845.66,895.356,1048.116,299.549,299.205,297.928,298.163
4499,1.249722222,975.503,333.465,767.094,346.968,300.343,298.11,298.257,1015.025,1021.293,845.66,895.356,1048.116,299.549,299.205,297.928,298.163
4500,1.25,975.503,333.465,767.094,346.968,300.343,298.11,298.257,1015.025,1021.293,845.66,895.356,1048.116,299.549,299.205,297.928,298.163
4501,1.250277778,975.642,333.513,767.136,346.979,300.354,298.12,298.265,1015.362,1021.351,845.706,895.411,1048.197,299.556,299.223,297.941,298.175
4502,1.250555556,975.642,333.513,767.136,346.979,300.354,298.12,298.265,1015.362,1021.351,845.706,895.411,1048.197,299.556,299.223,297.941,298.175
4503,1.250833333,975.642,333.513,767.136,346.979,300.354,298.12,298.265,1015.362,1021.351,845.706,895.411,1048.197,299.556,299.223,297.941,298.175
4504,1.251111111,975.642,333.513,767.136,346.979,300.354,298.12,298.265,1015.362,1021.351,845.706,895.411,1048.197,299.556,299.223,297.941,298.175
4505,1.251388889,976.034,333.524,767.17,346.971,300.349,298.113,298.262,1015.122,1021.388,845.721,895.431,1048.256,299.555,299.216,297.95,298.173
4506,1.251666667,976.034,333.524,767.17,346.971,300.349,298.113,298.262,1015.122,1021.388,845.721,895.431,1048.256,299.555,299.216,297.95,298.173
4507,1.251944444,976.034,333.524,767.17,346.971,300.349,298.113,298.262,1015.122,1021.388,845.721,895.431,1048.256,299.555,299.216,297.95,298.173
4508,1.252222222,976.195,333.558,767.189,346.977,300.361,298.109,298.26,1014.817,1021.439,845.76,895.454,1048.329,299.554,299.218,297.936,298.17
4509,1.2525,976.195,333.558,767.189,346.977,300.361,298.109,298.26,1014.817,1021.439,845.76,895.454,1048.329,299.554,299.218,297.936,298.17
4510,1.252777778,976.195,333.558,767.189,346.977,300.361,298.109,298.26,1014.817,1021.439,845.76,895.454,1048.329,299.554,299.218,297.936,298.17
4511,1.253055556,976.195,333.558,767.189,346.977,300.361,298.109,298.26,1014.817,1021.439,845.76,895.454,1048.329,299.554,299.218,297.936,298.17
4512,1.253333333,975.919,333.579,767.201,346.976,300.359,298.096,298.251,1014.729,1021.478,845.791,895.468,1048.33,299.569,299.221,297.944,298.171
4513,1.253611111,975.919,333.579,767.201,346.976,300.359,298.096,298.251,1014.729,1021.478,845.791,895.468,1048.33,299.569,299.221,297.944,298.171
4514,1.253888889,975.919,333.579,767.201,346.976,300.359,298.096,298.251,1014.729,1021.478,845.791,895.468,1048.33,299.569,299.221,297.944,298.171
4515,1.254166667,975.445,333.59,767.201,346.96,300.341,298.088,298.237,1014.709,1021.503,845.817,895.494,1048.347,299.551,299.223,297.935,298.17
4516,1.254444444,975.445,333.59,767.201,346.96,300.341,298.088,298.237,1014.709,1021.503,845.817,895.494,1048.347,299.551,299.223,297.935,298.17
4517,1.254722222,975.445,333.59,767.201,346.96,300.341,298.088,298.237,1014.709,1021.503,845.817,895.494,1048.347,299.551,299.223,297.935,298.17
4518,1.255,975.445,333.59,767.201,346.96,300.341,298.088,298.237,1014.709,1021.503,845.817,895.494,1048.347,299.551,299.223,297.935,298.17
4519,1.255277778,975.84,333.62,767.285,346.995,300.371,298.1,298.246,1014.793,1021.543,845.862,895.54,1048.358,299.565,299.221,297.944,298.185
4520,1.255555556,975.84,333.62,767.285,346.995,300.371,298.1,298.246,1014.793,1021.543,845.862,895.54,1048.358,299.565,299.221,297.944,298.185
4521,1.255833333,975.84,333.62,767.285,346.995,300.371,298.1,298.246,1014.793,1021.543,845.862,895.54,1048.358,299.565,299.221,297.944,298.185
4522,1.256111111,976.28,333.645,767.31,346.999,300.373,298.107,298.26,1014.571,1021.57,845.884,895.593,1048.413,299.569,299.247,297.957,298.187
4523,1.256388889,976.28,333.645,767.31,346.999,300.373,298.107,298.26,1014.571,1021.57,845.884,895.593,1048.413,299.569,299.247,297.957,298.187
4524,1.256666667,976.28,333.645,767.31,346.999,300.373,298.107,298.26,1014.571,1021.57,845.884,895.593,1048.413,299.569,299.247,297.957,298.187
4525,1.256944444,976.28,333.645,767.31,346.999,300.373,298.107,298.26,1014.571,1021.57,845.884,895.593,1048.413,299.569,299.247,297.957,298.187
4526,1.257222222,976.839,333.655,767.356,347.003,300.353,298.094,298.25,1014.177,1021.58,845.922,895.603,1048.434,299.568,299.228,297.954,298.182
4527,1.2575,976.839,333.655,767.356,347.003,300.353,298.094,298.25,1014.177,1021.58,845.922,895.603,1048.434,299.568,299.228,297.954,298.182
4528,1.257777778,976.839,333.655,767.356,347.003,300.353,298.094,298.25,1014.177,1021.58,845.922,895.603,1048.434,299.568,299.228,297.954,298.182
4529,1.258055556,976.991,333.685,767.347,347.026,300.364,298.102,298.261,1014.017,1021.618,845.959,895.641,1048.451,299.57,299.238,297.955,298.192
4530,1.258333333,976.991,333.685,767.347,347.026,300.364,298.102,298.261,1014.017,1021.618,845.959,895.641,1048.451,299.57,299.238,297.955,298.192
4531,1.258611111,976.991,333.685,767.347,347.026,300.364,298.102,298.261,1014.017,1021.618,845.959,895.641,1048.451,299.57,299.238,297.955,298.192
4532,1.258888889,976.991,333.685,767.347,347.026,300.364,298.102,298.261,1014.017,1021.618,845.959,895.641,1048.451,299.57,299.238,297.955,298.192
4533,1.259166667,976.819,333.714,767.387,347.025,300.375,298.104,298.24,1014.225,1021.632,845.993,895.647,1048.45,299.565,299.23,297.953,298.185
4534,1.259444444,976.819,333.714,767.387,347.025,300.375,298.104,298.24,1014.225,1021.632,845.993,895.647,1048.45,299.565,299.23,297.953,298.185
4535,1.259722222,976.819,333.714,767.387,347.025,300.375,298.104,298.24,1014.225,1021.632,845.993,895.647,1048.45,299.565,299.23,297.953,298.185
4536,1.26,977.057,333.734,767.446,347.024,300.374,298.112,298.251,1014.465,1021.647,846.019,895.701,1048.467,299.577,299.232,297.954,298.194
4537,1.260277778,977.057,333.734,767.446,347.024,300.374,298.112,298.251,1014.465,1021.647,846.019,895.701,1048.467,299.577,299.232,297.954,298.194
4538,1.260555556,977.057,333.734,767.446,347.024,300.374,298.112,298.251,1014.465,1021.647,846.019,895.701,1048.467,299.577,299.232,297.954,298.194
4539,1.260833333,977.057,333.734,767.446,347.024,300.374,298.112,298.251,1014.465,1021.647,846.019,895.701,1048.467,299.577,299.232,297.954,298.194
4540,1.261111111,977.537,333.757,767.479,347.049,300.387,298.104,298.248,1014.585,1021.677,846.062,895.727,1048.489,299.586,299.249,297.971,298.196
4541,1.261388889,977.537,333.757,767.479,347.049,300.387,298.104,298.248,1014.585,1021.677,846.062,895.727,1048.489,299.586,299.249,297.971,298.196
4542,1.261666667,977.537,333.757,767.479,347.049,300.387,298.104,298.248,1014.585,1021.677,846.062,895.727,1048.489,299.586,299.249,297.971,298.196
4543,1.261944444,977.792,333.771,767.51,347.053,300.383,298.098,298.233,1014.376,1021.68,846.082,895.768,1048.486,299.583,299.24,297.961,298.196
4544,1.262222222,977.792,333.771,767.51,347.053,300.383,298.098,298.233,1014.376,1021.68,846.082,895.768,1048.486,299.583,299.24,297.961,298.196
4545,1.2625,977.792,333.771,767.51,347.053,300.383,298.098,298.233,1014.376,1021.68,846.082,895.768,1048.486,299.583,299.24,297.961,298.196
4546,1.262777778,977.792,333.771,767.51,347.053,300.383,298.098,298.233,1014.376,1021.68,846.082,895.768,1048.486,299.583,299.24,297.961,298.196
4547,1.263055556,977.717,333.805,767.564,347.054,300.388,298.113,298.237,1014.349,1021.674,846.121,895.82,1048.5,299.582,299.246,297.97,298.201
4548,1.263333333,977.717,333.805,767.564,347.054,300.388,298.113,298.237,1014.349,1021.674,846.121,895.82,1048.5,299.582,299.246,297.97,298.201
4549,1.263611111,977.717,333.805,767.564,347.054,300.388,298.113,298.237,1014.349,1021.674,846.121,895.82,1048.5,299.582,299.246,297.97,298.201
4550,1.263888889,977.746,333.835,767.641,347.065,300.391,298.117,298.25,1014.767,1021.678,846.156,895.843,1048.487,299.591,299.252,297.978,298.216
4551,1.264166667,977.746,333.835,767.641,347.065,300.391,298.117,298.25,1014.767,1021.678,846.156,895.843,1048.487,299.591,299.252,297.978,298.216
4552,1.264444444,977.746,333.835,767.641,347.065,300.391,298.117,298.25,1014.767,1021.678,846.156,895.843,1048.487,299.591,299.252,297.978,298.216
4553,1.264722222,977.746,333.835,767.641,347.065,300.391,298.117,298.25,1014.767,1021.678,846.156,895.843,1048.487,299.591,299.252,297.978,298.216
4554,1.265,977.695,333.842,767.649,347.051,300.386,298.098,298.232,1014.524,1021.671,846.169,895.846,1048.453,299.582,299.243,297.973,298.2
4555,1.265277778,977.695,333.842,767.649,347.051,300.386,298.098,298.232,1014.524,1021.671,846.169,895.846,1048.453,299.582,299.243,297.973,298.2
4556,1.265555556,977.695,333.842,767.649,347.051,300.386,298.098,298.232,1014.524,1021.671,846.169,895.846,1048.453,299.582,299.243,297.973,298.2
4557,1.265833333,977.889,333.875,767.714,347.055,300.419,298.104,298.243,1014.216,1021.689,846.214,895.891,1048.492,299.594,299.26,297.986,298.221
4558,1.266111111,977.889,333.875,767.714,347.055,300.419,298.104,298.243,1014.216,1021.689,846.214,895.891,1048.492,299.594,299.26,297.986,298.221
4559,1.266388889,977.889,333.875,767.714,347.055,300.419,298.104,298.243,1014.216,1021.689,846.214,895.891,1048.492,299.594,299.26,297.986,298.221
4560,1.266666667,977.889,333.875,767.714,347.055,300.419,298.104,298.243,1014.216,1021.689,846.214,895.891,1048.492,299.594,299.26,297.986,298.221
4561,1.266944444,978.031,333.892,767.734,347.047,300.395,298.094,298.239,1013.853,1021.688,846.235,895.895,1048.472,299.587,299.249,297.975,298.203
4562,1.267222222,978.031,333.892,767.734,347.047,300.395,298.094,298.239,1013.853,1021.688,846.235,895.895,1048.472,299.587,299.249,297.975,298.203
4563,1.2675,978.031,333.892,767.734,347.047,300.395,298.094,298.239,1013.853,1021.688,846.235,895.895,1048.472,299.587,299.249,297.975,298.203
4564,1.267777778,978.344,333.923,767.784,347.066,300.404,298.099,298.241,1013.613,1021.684,846.28,895.92,1048.463,299.6,299.274,297.982,298.223
4565,1.268055556,978.344,333.923,767.784,347.066,300.404,298.099,298.241,1013.613,1021.684,846.28,895.92,1048.463,299.6,299.274,297.982,298.223
4566,1.268333333,978.344,333.923,767.784,347.066,300.404,298.099,298.241,1013.613,1021.684,846.28,895.92,1048.463,299.6,299.274,297.982,298.223
4567,1.268611111,978.344,333.923,767.784,347.066,300.404,298.099,298.241,1013.613,1021.684,846.28,895.92,1048.463,299.6,299.274,297.982,298.223
4568,1.268888889,978.209,333.949,767.815,347.067,300.427,298.129,298.24,1013.514,1021.678,846.303,895.947,1048.427,299.612,299.261,297.994,298.226
4569,1.269166667,978.209,333.949,767.815,347.067,300.427,298.129,298.24,1013.514,1021.678,846.303,895.947,1048.427,299.612,299.261,297.994,298.226
4570,1.269444444,978.209,333.949,767.815,347.067,300.427,298.129,298.24,1013.514,1021.678,846.303,895.947,1048.427,299.612,299.261,297.994,298.226
4571,1.269722222,977.563,333.97,767.827,347.07,300.409,298.122,298.234,1013.528,1021.666,846.33,895.962,1048.412,299.604,299.268,297.984,298.224
4572,1.27,977.563,333.97,767.827,347.07,300.409,298.122,298.234,1013.528,1021.666,846.33,895.962,1048.412,299.604,299.268,297.984,298.224
4573,1.270277778,977.563,333.97,767.827,347.07,300.409,298.122,298.234,1013.528,1021.666,846.33,895.962,1048.412,299.604,299.268,297.984,298.224
4574,1.270555556,977.563,333.97,767.827,347.07,300.409,298.122,298.234,1013.528,1021.666,846.33,895.962,1048.412,299.604,299.268,297.984,298.224
4575,1.270833333,977.416,333.997,767.859,347.108,300.436,298.138,298.257,1013.253,1021.664,846.386,896.028,1048.41,299.623,299.277,298.006,298.248
4576,1.271111111,977.416,333.997,767.859,347.108,300.436,298.138,298.257,1013.253,1021.664,846.386,896.028,1048.41,299.623,299.277,298.006,298.248
4577,1.271388889,977.416,333.997,767.859,347.108,300.436,298.138,298.257,1013.253,1021.664,846.386,896.028,1048.41,299.623,299.277,298.006,298.248
4578,1.271666667,977.134,334.021,767.894,347.125,300.428,298.142,298.263,1013.441,1021.634,846.402,896.042,1048.357,299.635,299.279,298.012,298.239
4579,1.271944444,977.134,334.021,767.894,347.125,300.428,298.142,298.263,1013.441,1021.634,846.402,896.042,1048.357,299.635,299.279,298.012,298.239
4580,1.272222222,977.134,334.021,767.894,347.125,300.428,298.142,298.263,1013.441,1021.634,846.402,896.042,1048.357,299.635,299.279,298.012,298.239
4581,1.2725,977.134,334.021,767.894,347.125,300.428,298.142,298.263,1013.441,1021.634,846.402,896.042,1048.357,299.635,299.279,298.012,298.239
4582,1.272777778,977.036,334.042,767.958,347.124,300.438,298.142,298.243,1013.589,1021.598,846.433,896.089,1048.347,299.624,299.282,298.005,298.245
4583,1.273055556,977.036,334.042,767.958,347.124,300.438,298.142,298.243,1013.589,1021.598,846.433,896.089,1048.347,299.624,299.282,298.005,298.245
4584,1.273333333,977.036,334.042,767.958,347.124,300.438,298.142,298.243,1013.589,1021.598,846.433,896.089,1048.347,299.624,299.282,298.005,298.245
4585,1.273611111,976.881,334.066,768.006,347.139,300.459,298.138,298.25,1013.401,1021.581,846.463,896.073,1048.298,299.627,299.286,298.02,298.246
4586,1.273888889,976.881,334.066,768.006,347.139,300.459,298.138,298.25,1013.401,1021.581,846.463,896.073,1048.298,299.627,299.286,298.02,298.246
4587,1.274166667,976.881,334.066,768.006,347.139,300.459,298.138,298.25,1013.401,1021.581,846.463,896.073,1048.298,299.627,299.286,298.02,298.246
4588,1.274444444,976.881,334.066,768.006,347.139,300.459,298.138,298.25,1013.401,1021.581,846.463,896.073,1048.298,299.627,299.286,298.02,298.246
4589,1.274722222,976.873,334.093,768.017,347.142,300.46,298.135,298.255,1013.127,1021.564,846.481,896.1,1048.296,299.641,299.286,298.025,298.267
4590,1.275,976.873,334.093,768.017,347.142,300.46,298.135,298.255,1013.127,1021.564,846.481,896.1,1048.296,299.641,299.286,298.025,298.267
4591,1.275277778,976.873,334.093,768.017,347.142,300.46,298.135,298.255,1013.127,1021.564,846.481,896.1,1048.296,299.641,299.286,298.025,298.267
4592,1.275555556,976.926,334.121,768.079,347.146,300.471,298.148,298.263,1013.323,1021.563,846.523,896.134,1048.314,299.643,299.301,298.02,298.265
4593,1.275833333,976.926,334.121,768.079,347.146,300.471,298.148,298.263,1013.323,1021.563,846.523,896.134,1048.314,299.643,299.301,298.02,298.265
4594,1.276111111,976.926,334.121,768.079,347.146,300.471,298.148,298.263,1013.323,1021.563,846.523,896.134,1048.314,299.643,299.301,298.02,298.265
4595,1.276388889,976.926,334.121,768.079,347.146,300.471,298.148,298.263,1013.323,1021.563,846.523,896.134,1048.314,299.643,299.301,298.02,298.265
4596,1.276666667,976.957,334.129,768.076,347.14,300.458,298.138,298.238,1013.409,1021.535,846.532,896.127,1048.283,299.632,299.282,298.021,298.25
4597,1.276944444,976.957,334.129,768.076,347.14,300.458,298.138,298.238,1013.409,1021.535,846.532,896.127,1048.283,299.632,299.282,298.021,298.25
4598,1.277222222,976.957,334.129,768.076,347.14,300.458,298.138,298.238,1013.409,1021.535,846.532,896.127,1048.283,299.632,299.282,298.021,298.25
4599,1.2775,976.468,334.176,768.1,347.166,300.479,298.132,298.242,1013.584,1021.532,846.571,896.165,1048.301,299.645,299.284,298.03,298.263
4600,1.277777778,976.468,334.176,768.1,347.166,300.479,298.132,298.242,1013.584,1021.532,846.571,896.165,1048.301,299.645,299.284,298.03,298.263
4601,1.278055556,976.468,334.176,768.1,347.166,300.479,298.132,298.242,1013.584,1021.532,846.571,896.165,1048.301,299.645,299.284,298.03,298.263
4602,1.278333333,976.468,334.176,768.1,347.166,300.479,298.132,298.242,1013.584,1021.532,846.571,896.165,1048.301,299.645,299.284,298.03,298.263
4603,1.278611111,975.736,334.187,768.118,347.157,300.49,298.132,298.252,1013.872,1021.517,846.588,896.16,1048.259,299.643,299.298,298.036,298.272
4604,1.278888889,975.736,334.187,768.118,347.157,300.49,298.132,298.252,1013.872,1021.517,846.588,896.16,1048.259,299.643,299.298,298.036,298.272
4605,1.279166667,975.736,334.187,768.118,347.157,300.49,298.132,298.252,1013.872,1021.517,846.588,896.16,1048.259,299.643,299.298,298.036,298.272
4606,1.279444444,975.706,334.207,768.143,347.167,300.491,298.134,298.246,1014.149,1021.505,846.602,896.187,1048.245,299.646,299.299,298.038,298.273
4607,1.279722222,975.706,334.207,768.143,347.167,300.491,298.134,298.246,1014.149,1021.505,846.602,896.187,1048.245,299.646,299.299,298.038,298.273
4608,1.28,975.706,334.207,768.143,347.167,300.491,298.134,298.246,1014.149,1021.505,846.602,896.187,1048.245,299.646,299.299,298.038,298.273
4609,1.280277778,975.706,334.207,768.143,347.167,300.491,298.134,298.246,1014.149,1021.505,846.602,896.187,1048.245,299.646,299.299,298.038,298.273
4610,1.280555556,975.695,334.238,768.169,347.168,300.499,298.149,298.26,1014.364,1021.499,846.637,896.194,1048.242,299.66,299.303,298.03,298.282
4611,1.280833333,975.695,334.238,768.169,347.168,300.499,298.149,298.26,1014.364,1021.499,846.637,896.194,1048.242,299.66,299.303,298.03,298.282
4612,1.281111111,975.695,334.238,768.169,347.168,300.499,298.149,298.26,1014.364,1021.499,846.637,896.194,1048.242,299.66,299.303,298.03,298.282
4613,1.281388889,975.182,334.258,768.165,347.168,300.506,298.148,298.254,1014.514,1021.494,846.648,896.18,1048.231,299.655,299.301,298.044,298.278
4614,1.281666667,975.182,334.258,768.165,347.168,300.506,298.148,298.254,1014.514,1021.494,846.648,896.18,1048.231,299.655,299.301,298.044,298.278
4615,1.281944444,975.182,334.258,768.165,347.168,300.506,298.148,298.254,1014.514,1021.494,846.648,896.18,1048.231,299.655,299.301,298.044,298.278
4616,1.282222222,975.182,334.258,768.165,347.168,300.506,298.148,298.254,1014.514,1021.494,846.648,896.18,1048.231,299.655,299.301,298.044,298.278
4617,1.2825,974.908,334.276,768.217,347.169,300.512,298.141,298.244,1014.772,1021.505,846.676,896.204,1048.292,299.661,299.312,298.045,298.296
4618,1.282777778,974.908,334.276,768.217,347.169,300.512,298.141,298.244,1014.772,1021.505,846.676,896.204,1048.292,299.661,299.312,298.045,298.296
4619,1.283055556,974.908,334.276,768.217,347.169,300.512,298.141,298.244,1014.772,1021.505,846.676,896.204,1048.292,299.661,299.312,298.045,298.296
4620,1.283333333,974.795,334.303,768.264,347.183,300.485,298.151,298.254,1014.605,1021.523,846.688,896.238,1048.333,299.655,299.299,298.054,298.278
4621,1.283611111,974.795,334.303,768.264,347.183,300.485,298.151,298.254,1014.605,1021.523,846.688,896.238,1048.333,299.655,299.299,298.054,298.278
4622,1.283888889,974.795,334.303,768.264,347.183,300.485,298.151,298.254,1014.605,1021.523,846.688,896.238,1048.333,299.655,299.299,298.054,298.278
4623,1.284166667,974.795,334.303,768.264,347.183,300.485,298.151,298.254,1014.605,1021.523,846.688,896.238,1048.333,299.655,299.299,298.054,298.278
4624,1.284444444,974.772,334.341,768.336,347.191,300.515,298.156,298.264,1014.859,1021.559,846.719,896.261,1048.407,299.664,299.323,298.069,298.295
4625,1.284722222,974.772,334.341,768.336,347.191,300.515,298.156,298.264,1014.859,1021.559,846.719,896.261,1048.407,299.664,299.323,298.069,298.295
4626,1.285,974.772,334.341,768.336,347.191,300.515,298.156,298.264,1014.859,1021.559,846.719,896.261,1048.407,299.664,299.323,298.069,298.295
4627,1.285277778,975.049,334.343,768.358,347.2,300.51,298.16,298.253,1015.032,1021.607,846.724,896.245,1048.453,299.669,299.321,298.055,298.291
4628,1.285555556,975.049,334.343,768.358,347.2,300.51,298.16,298.253,1015.032,1021.607,846.724,896.245,1048.453,299.669,299.321,298.055,298.291
4629,1.285833333,975.049,334.343,768.358,347.2,300.51,298.16,298.253,1015.032,1021.607,846.724,896.245,1048.453,299.669,299.321,298.055,298.291
4630,1.286111111,975.049,334.343,768.358,347.2,300.51,298.16,298.253,1015.032,1021.607,846.724,896.245,1048.453,299.669,299.321,298.055,298.291
4631,1.286388889,975.326,334.367,768.358,347.196,300.509,298.158,298.263,1014.896,1021.651,846.741,896.289,1048.548,299.67,299.318,298.052,298.291
4632,1.286666667,975.326,334.367,768.358,347.196,300.509,298.158,298.263,1014.896,1021.651,846.741,896.289,1048.548,299.67,299.318,298.052,298.291
4633,1.286944444,975.326,334.367,768.358,347.196,300.509,298.158,298.263,1014.896,1021.651,846.741,896.289,1048.548,299.67,299.318,298.052,298.291
4634,1.287222222,975.726,334.392,768.419,347.2,300.531,298.151,298.27,1014.93,1021.729,846.773,896.322,1048.641,299.681,299.327,298.07,298.306
4635,1.2875,975.726,334.392,768.419,347.2,300.531,298.151,298.27,1014.93,1021.729,846.773,896.322,1048.641,299.681,299.327,298.07,298.306
4636,1.287777778,975.726,334.392,768.419,347.2,300.531,298.151,298.27,1014.93,1021.729,846.773,896.322,1048.641,299.681,299.327,298.07,298.306
4637,1.288055556,975.726,334.392,768.419,347.2,300.531,298.151,298.27,1014.93,1021.729,846.773,896.322,1048.641,299.681,299.327,298.07,298.306
4638,1.288333333,976.066,334.416,768.474,347.218,300.554,298.157,298.272,1014.978,1021.79,846.796,896.331,1048.736,299.677,299.332,298.065,298.317
4639,1.288611111,976.066,334.416,768.474,347.218,300.554,298.157,298.272,1014.978,1021.79,846.796,896.331,1048.736,299.677,299.332,298.065,298.317
4640,1.288888889,976.066,334.416,768.474,347.218,300.554,298.157,298.272,1014.978,1021.79,846.796,896.331,1048.736,299.677,299.332,298.065,298.317
4641,1.289166667,976.448,334.437,768.482,347.231,300.545,298.146,298.256,1015.449,1021.848,846.817,896.385,1048.794,299.685,299.332,298.082,298.311
4642,1.289444444,976.448,334.437,768.482,347.231,300.545,298.146,298.256,1015.449,1021.848,846.817,896.385,1048.794,299.685,299.332,298.082,298.311
4643,1.289722222,976.448,334.437,768.482,347.231,300.545,298.146,298.256,1015.449,1021.848,846.817,896.385,1048.794,299.685,299.332,298.082,298.311
4644,1.29,976.448,334.437,768.482,347.231,300.545,298.146,298.256,1015.449,1021.848,846.817,896.385,1048.794,299.685,299.332,298.082,298.311
4645,1.290277778,976.541,334.467,768.536,347.245,300.557,298.148,298.254,1015.479,1021.906,846.838,896.375,1048.836,299.694,299.339,298.088,298.319
4646,1.290555556,976.541,334.467,768.536,347.245,300.557,298.148,298.254,1015.479,1021.906,846.838,896.375,1048.836,299.694,299.339,298.088,298.319
4647,1.290833333,976.541,334.467,768.536,347.245,300.557,298.148,298.254,1015.479,1021.906,846.838,896.375,1048.836,299.694,299.339,298.088,298.319
4648,1.291111111,976.936,334.495,768.554,347.241,300.554,298.15,298.251,1015.307,1021.95,846.866,896.439,1048.875,299.69,299.337,298.083,298.322
4649,1.291388889,976.936,334.495,768.554,347.241,300.554,298.15,298.251,1015.307,1021.95,846.866,896.439,1048.875,299.69,299.337,298.083,298.322
4650,1.291666667,976.936,334.495,768.554,347.241,300.554,298.15,298.251,1015.307,1021.95,846.866,896.439,1048.875,299.69,299.337,298.083,298.322
4651,1.291944444,976.936,334.495,768.554,347.241,300.554,298.15,298.251,1015.307,1021.95,846.866,896.439,1048.875,299.69,299.337,298.083,298.322
4652,1.292222222,976.778,334.513,768.573,347.262,300.557,298.142,298.259,1015.223,1021.989,846.894,896.442,1048.915,299.69,299.336,298.08,298.319
4653,1.2925,976.778,334.513,768.573,347.262,300.557,298.142,298.259,1015.223,1021.989,846.894,896.442,1048.915,299.69,299.336,298.08,298.319
4654,1.292777778,976.778,334.513,768.573,347.262,300.557,298.142,298.259,1015.223,1021.989,846.894,896.442,1048.915,299.69,299.336,298.08,298.319
4655,1.293055556,976.789,334.532,768.601,347.274,300.553,298.147,298.256,1015.185,1022.035,846.921,896.458,1048.919,299.695,299.344,298.083,298.328
4656,1.293333333,976.789,334.532,768.601,347.274,300.553,298.147,298.256,1015.185,1022.035,846.921,896.458,1048.919,299.695,299.344,298.083,298.328
4657,1.293611111,976.789,334.532,768.601,347.274,300.553,298.147,298.256,1015.185,1022.035,846.921,896.458,1048.919,299.695,299.344,298.083,298.328
4658,1.293888889,976.789,334.532,768.601,347.274,300.553,298.147,298.256,1015.185,1022.035,846.921,896.458,1048.919,299.695,299.344,298.083,298.328
4659,1.294166667,976.909,334.551,768.652,347.289,300.567,298.146,298.261,1014.928,1022.055,846.948,896.501,1048.945,299.699,299.344,298.084,298.327
4660,1.294444444,976.909,334.551,768.652,347.289,300.567,298.146,298.261,1014.928,1022.055,846.948,896.501,1048.945,299.699,299.344,298.084,298.327
4661,1.294722222,976.909,334.551,768.652,347.289,300.567,298.146,298.261,1014.928,1022.055,846.948,896.501,1048.945,299.699,299.344,298.084,298.327
4662,1.295,977.092,334.588,768.67,347.296,300.562,298.135,298.262,1014.925,1022.075,846.97,896.523,1048.959,299.698,299.346,298.09,298.317
4663,1.295277778,977.092,334.588,768.67,347.296,300.562,298.135,298.262,1014.925,1022.075,846.97,896.523,1048.959,299.698,299.346,298.09,298.317
4664,1.295555556,977.092,334.588,768.67,347.296,300.562,298.135,298.262,1014.925,1022.075,846.97,896.523,1048.959,299.698,299.346,298.09,298.317
4665,1.295833333,976.729,334.596,768.689,347.297,300.56,298.131,298.252,1014.604,1022.088,847.001,896.556,1048.95,299.694,299.343,298.074,298.319
4666,1.296111111,976.729,334.596,768.689,347.297,300.56,298.131,298.252,1014.604,1022.088,847.001,896.556,1048.95,299.694,299.343,298.074,298.319
4667,1.296388889,976.729,334.596,768.689,347.297,300.56,298.131,298.252,1014.604,1022.088,847.001,896.556,1048.95,299.694,299.343,298.074,298.319
4668,1.296666667,976.729,334.596,768.689,347.297,300.56,298.131,298.252,1014.604,1022.088,847.001,896.556,1048.95,299.694,299.343,298.074,298.319
4669,1.296944444,976.592,334.62,768.732,347.31,300.566,298.136,298.26,1014.257,1022.107,847.045,896.609,1048.959,299.712,299.354,298.097,298.327
4670,1.297222222,976.592,334.62,768.732,347.31,300.566,298.136,298.26,1014.257,1022.107,847.045,896.609,1048.959,299.712,299.354,298.097,298.327
4671,1.2975,976.592,334.62,768.732,347.31,300.566,298.136,298.26,1014.257,1022.107,847.045,896.609,1048.959,299.712,299.354,298.097,298.327
4672,1.297777778,976.592,334.62,768.732,347.31,300.566,298.136,298.26,1014.257,1022.107,847.045,896.609,1048.959,299.712,299.354,298.097,298.327
4673,1.298055556,976.695,334.654,768.747,347.328,300.585,298.147,298.261,1014.112,1022.121,847.093,896.61,1048.955,299.72,299.356,298.112,298.332
4674,1.298333333,976.695,334.654,768.747,347.328,300.585,298.147,298.261,1014.112,1022.121,847.093,896.61,1048.955,299.72,299.356,298.112,298.332
4675,1.298611111,976.695,334.654,768.747,347.328,300.585,298.147,298.261,1014.112,1022.121,847.093,896.61,1048.955,299.72,299.356,298.112,298.332
4676,1.298888889,976.282,334.66,768.737,347.307,300.549,298.117,298.259,1013.938,1022.103,847.1,896.596,1048.907,299.698,299.354,298.087,298.329
4677,1.299166667,976.282,334.66,768.737,347.307,300.549,298.117,298.259,1013.938,1022.103,847.1,896.596,1048.907,299.698,299.354,298.087,298.329
4678,1.299444444,976.282,334.66,768.737,347.307,300.549,298.117,298.259,1013.938,1022.103,847.1,896.596,1048.907,299.698,299.354,298.087,298.329
4679,1.299722222,976.282,334.66,768.737,347.307,300.549,298.117,298.259,1013.938,1022.103,847.1,896.596,1048.907,299.698,299.354,298.087,298.329
4680,1.3,975.998,334.69,768.759,347.336,300.591,298.133,298.255,1014.021,1022.099,847.143,896.669,1048.905,299.713,299.369,298.089,298.333
4681,1.300277778,975.998,334.69,768.759,347.336,300.591,298.133,298.255,1014.021,1022.099,847.143,896.669,1048.905,299.713,299.369,298.089,298.333
4682,1.300555556,975.998,334.69,768.759,347.336,300.591,298.133,298.255,1014.021,1022.099,847.143,896.669,1048.905,299.713,299.369,298.089,298.333
4683,1.300833333,976.255,334.707,768.835,347.33,300.575,298.121,298.246,1014.065,1022.083,847.171,896.69,1048.856,299.711,299.36,298.095,298.331
4684,1.301111111,976.255,334.707,768.835,347.33,300.575,298.121,298.246,1014.065,1022.083,847.171,896.69,1048.856,299.711,299.36,298.095,298.331
4685,1.301388889,976.255,334.707,768.835,347.33,300.575,298.121,298.246,1014.065,1022.083,847.171,896.69,1048.856,299.711,299.36,298.095,298.331
4686,1.301666667,976.255,334.707,768.835,347.33,300.575,298.121,298.246,1014.065,1022.083,847.171,896.69,1048.856,299.711,299.36,298.095,298.331
4687,1.301944444,976.378,334.735,768.891,347.333,300.564,298.114,298.247,1014.081,1022.059,847.207,896.748,1048.863,299.72,299.365,298.106,298.335
4688,1.302222222,976.378,334.735,768.891,347.333,300.564,298.114,298.247,1014.081,1022.059,847.207,896.748,1048.863,299.72,299.365,298.106,298.335
4689,1.3025,976.378,334.735,768.891,347.333,300.564,298.114,298.247,1014.081,1022.059,847.207,896.748,1048.863,299.72,299.365,298.106,298.335
4690,1.302777778,976.912,334.761,768.897,347.336,300.582,298.135,298.254,1014.229,1022.058,847.231,896.731,1048.853,299.734,299.374,298.097,298.344
4691,1.303055556,976.912,334.761,768.897,347.336,300.582,298.135,298.254,1014.229,1022.058,847.231,896.731,1048.853,299.734,299.374,298.097,298.344
4692,1.303333333,976.912,334.761,768.897,347.336,300.582,298.135,298.254,1014.229,1022.058,847.231,896.731,1048.853,299.734,299.374,298.097,298.344
4693,1.303611111,976.912,334.761,768.897,347.336,300.582,298.135,298.254,1014.229,1022.058,847.231,896.731,1048.853,299.734,299.374,298.097,298.344
4694,1.303888889,977.146,334.787,768.932,347.354,300.598,298.121,298.267,1014.002,1022.062,847.275,896.783,1048.854,299.736,299.392,298.11,298.352
4695,1.304166667,977.146,334.787,768.932,347.354,300.598,298.121,298.267,1014.002,1022.062,847.275,896.783,1048.854,299.736,299.392,298.11,298.352
4696,1.304444444,977.146,334.787,768.932,347.354,300.598,298.121,298.267,1014.002,1022.062,847.275,896.783,1048.854,299.736,299.392,298.11,298.352
4697,1.304722222,976.872,334.798,768.961,347.361,300.596,298.132,298.258,1014.095,1022.056,847.3,896.82,1048.844,299.747,299.378,298.115,298.352
4698,1.305,976.872,334.798,768.961,347.361,300.596,298.132,298.258,1014.095,1022.056,847.3,896.82,1048.844,299.747,299.378,298.115,298.352
4699,1.305277778,976.872,334.798,768.961,347.361,300.596,298.132,298.258,1014.095,1022.056,847.3,896.82,1048.844,299.747,299.378,298.115,298.352
4700,1.305555556,976.872,334.798,768.961,347.361,300.596,298.132,298.258,1014.095,1022.056,847.3,896.82,1048.844,299.747,299.378,298.115,298.352
4701,1.305833333,976.773,334.821,769.007,347.371,300.598,298.125,298.264,1014.052,1022.051,847.338,896.847,1048.852,299.744,299.4,298.121,298.351
4702,1.306111111,976.773,334.821,769.007,347.371,300.598,298.125,298.264,1014.052,1022.051,847.338,896.847,1048.852,299.744,299.4,298.121,298.351
4703,1.306388889,976.773,334.821,769.007,347.371,300.598,298.125,298.264,1014.052,1022.051,847.338,896.847,1048.852,299.744,299.4,298.121,298.351
4704,1.306666667,976.787,334.84,769.06,347.371,300.591,298.126,298.255,1013.907,1022.043,847.354,896.844,1048.823,299.747,299.389,298.12,298.354
4705,1.306944444,976.787,334.84,769.06,347.371,300.591,298.126,298.255,1013.907,1022.043,847.354,896.844,1048.823,299.747,299.389,298.12,298.354
4706,1.307222222,976.787,334.84,769.06,347.371,300.591,298.126,298.255,1013.907,1022.043,847.354,896.844,1048.823,299.747,299.389,298.12,298.354
4707,1.3075,976.787,334.84,769.06,347.371,300.591,298.126,298.255,1013.907,1022.043,847.354,896.844,1048.823,299.747,299.389,298.12,298.354
4708,1.307777778,977.001,334.862,769.085,347.376,300.599,298.128,298.242,1014.018,1022.052,847.371,896.884,1048.825,299.751,299.398,298.13,298.354
4709,1.308055556,977.001,334.862,769.085,347.376,300.599,298.128,298.242,1014.018,1022.052,847.371,896.884,1048.825,299.751,299.398,298.13,298.354
4710,1.308333333,977.001,334.862,769.085,347.376,300.599,298.128,298.242,1014.018,1022.052,847.371,896.884,1048.825,299.751,299.398,298.13,298.354
4711,1.308611111,977.055,334.881,769.116,347.386,300.597,298.116,298.24,1013.714,1022.032,847.403,896.902,1048.826,299.748,299.386,298.121,298.352
4712,1.308888889,977.055,334.881,769.116,347.386,300.597,298.116,298.24,1013.714,1022.032,847.403,896.902,1048.826,299.748,299.386,298.121,298.352
4713,1.309166667,977.055,334.881,769.116,347.386,300.597,298.116,298.24,1013.714,1022.032,847.403,896.902,1048.826,299.748,299.386,298.121,298.352
4714,1.309444444,977.055,334.881,769.116,347.386,300.597,298.116,298.24,1013.714,1022.032,847.403,896.902,1048.826,299.748,299.386,298.121,298.352
4715,1.309722222,977.016,334.906,769.16,347.394,300.603,298.13,298.246,1013.809,1022.02,847.427,896.931,1048.794,299.756,299.395,298.125,298.361
4716,1.31,977.016,334.906,769.16,347.394,300.603,298.13,298.246,1013.809,1022.02,847.427,896.931,1048.794,299.756,299.395,298.125,298.361
4717,1.310277778,977.016,334.906,769.16,347.394,300.603,298.13,298.246,1013.809,1022.02,847.427,896.931,1048.794,299.756,299.395,298.125,298.361
4718,1.310555556,977.019,334.941,769.199,347.405,300.627,298.137,298.245,1014.362,1022.021,847.458,896.956,1048.776,299.767,299.411,298.135,298.374
4719,1.310833333,977.019,334.941,769.199,347.405,300.627,298.137,298.245,1014.362,1022.021,847.458,896.956,1048.776,299.767,299.411,298.135,298.374
4720,1.311111111,977.019,334.941,769.199,347.405,300.627,298.137,298.245,1014.362,1022.021,847.458,896.956,1048.776,299.767,299.411,298.135,298.374
4721,1.311388889,977.019,334.941,769.199,347.405,300.627,298.137,298.245,1014.362,1022.021,847.458,896.956,1048.776,299.767,299.411,298.135,298.374
4722,1.311666667,977.021,334.954,769.213,347.401,300.61,298.139,298.264,1014.188,1021.994,847.478,896.969,1048.766,299.768,299.409,298.139,298.378
4723,1.311944444,977.021,334.954,769.213,347.401,300.61,298.139,298.264,1014.188,1021.994,847.478,896.969,1048.766,299.768,299.409,298.139,298.378
4724,1.312222222,977.021,334.954,769.213,347.401,300.61,298.139,298.264,1014.188,1021.994,847.478,896.969,1048.766,299.768,299.409,298.139,298.378
4725,1.3125,976.785,334.968,769.195,347.409,300.607,298.129,298.249,1014.07,1021.961,847.508,896.954,1048.687,299.761,299.402,298.134,298.371
4726,1.312777778,976.785,334.968,769.195,347.409,300.607,298.129,298.249,1014.07,1021.961,847.508,896.954,1048.687,299.761,299.402,298.134,298.371
4727,1.313055556,976.785,334.968,769.195,347.409,300.607,298.129,298.249,1014.07,1021.961,847.508,896.954,1048.687,299.761,299.402,298.134,298.371
4728,1.313333333,976.785,334.968,769.195,347.409,300.607,298.129,298.249,1014.07,1021.961,847.508,896.954,1048.687,299.761,299.402,298.134,298.371
4729,1.313611111,976.85,334.994,769.24,347.405,300.625,298.142,298.255,1014.153,1021.943,847.53,896.996,1048.667,299.763,299.412,298.143,298.376
4730,1.313888889,976.85,334.994,769.24,347.405,300.625,298.142,298.255,1014.153,1021.943,847.53,896.996,1048.667,299.763,299.412,298.143,298.376
4731,1.314166667,976.85,334.994,769.24,347.405,300.625,298.142,298.255,1014.153,1021.943,847.53,896.996,1048.667,299.763,299.412,298.143,298.376
4732,1.314444444,976.94,335.022,769.273,347.41,300.636,298.149,298.259,1013.755,1021.916,847.555,897.015,1048.642,299.77,299.417,298.14,298.386
4733,1.314722222,976.94,335.022,769.273,347.41,300.636,298.149,298.259,1013.755,1021.916,847.555,897.015,1048.642,299.77,299.417,298.14,298.386
4734,1.315,976.94,335.022,769.273,347.41,300.636,298.149,298.259,1013.755,1021.916,847.555,897.015,1048.642,299.77,299.417,298.14,298.386
4735,1.315277778,976.94,335.022,769.273,347.41,300.636,298.149,298.259,1013.755,1021.916,847.555,897.015,1048.642,299.77,299.417,298.14,298.386
4736,1.315555556,976.398,335.051,769.304,347.418,300.659,298.145,298.263,1013.645,1021.894,847.577,897.024,1048.603,299.776,299.429,298.16,298.392
4737,1.315833333,976.398,335.051,769.304,347.418,300.659,298.145,298.263,1013.645,1021.894,847.577,897.024,1048.603,299.776,299.429,298.16,298.392
4738,1.316111111,976.398,335.051,769.304,347.418,300.659,298.145,298.263,1013.645,1021.894,847.577,897.024,1048.603,299.776,299.429,298.16,298.392
4739,1.316388889,976.166,335.062,769.349,347.413,300.646,298.155,298.268,1013.721,1021.875,847.596,897.038,1048.586,299.774,299.425,298.159,298.393
4740,1.316666667,976.166,335.062,769.349,347.413,300.646,298.155,298.268,1013.721,1021.875,847.596,897.038,1048.586,299.774,299.425,298.159,298.393
4741,1.316944444,976.166,335.062,769.349,347.413,300.646,298.155,298.268,1013.721,1021.875,847.596,897.038,1048.586,299.774,299.425,298.159,298.393
4742,1.317222222,976.166,335.062,769.349,347.413,300.646,298.155,298.268,1013.721,1021.875,847.596,897.038,1048.586,299.774,299.425,298.159,298.393
4743,1.3175,975.695,335.074,769.352,347.42,300.645,298.158,298.263,1013.668,1021.846,847.61,897.054,1048.568,299.782,299.426,298.152,298.397
4744,1.317777778,975.695,335.074,769.352,347.42,300.645,298.158,298.263,1013.668,1021.846,847.61,897.054,1048.568,299.782,299.426,298.152,298.397
4745,1.318055556,975.695,335.074,769.352,347.42,300.645,298.158,298.263,1013.668,1021.846,847.61,897.054,1048.568,299.782,299.426,298.152,298.397
4746,1.318333333,975.784,335.108,769.406,347.43,300.648,298.153,298.271,1013.566,1021.828,847.634,897.068,1048.559,299.775,299.433,298.153,298.395
4747,1.318611111,975.784,335.108,769.406,347.43,300.648,298.153,298.271,1013.566,1021.828,847.634,897.068,1048.559,299.775,299.433,298.153,298.395
4748,1.318888889,975.784,335.108,769.406,347.43,300.648,298.153,298.271,1013.566,1021.828,847.634,897.068,1048.559,299.775,299.433,298.153,298.395
4749,1.319166667,975.399,335.119,769.405,347.436,300.655,298.146,298.266,1013.514,1021.812,847.662,897.069,1048.556,299.777,299.43,298.161,298.402
4750,1.319444444,975.399,335.119,769.405,347.436,300.655,298.146,298.266,1013.514,1021.812,847.662,897.069,1048.556,299.777,299.43,298.161,298.402
4751,1.319722222,975.399,335.119,769.405,347.436,300.655,298.146,298.266,1013.514,1021.812,847.662,897.069,1048.556,299.777,299.43,298.161,298.402
4752,1.32,975.399,335.119,769.405,347.436,300.655,298.146,298.266,1013.514,1021.812,847.662,897.069,1048.556,299.777,299.43,298.161,298.402
4753,1.320277778,974.879,335.15,769.436,347.441,300.663,298.141,298.273,1013.761,1021.809,847.694,897.077,1048.545,299.786,299.436,298.175,298.403
4754,1.320555556,974.879,335.15,769.436,347.441,300.663,298.141,298.273,1013.761,1021.809,847.694,897.077,1048.545,299.786,299.436,298.175,298.403
4755,1.320833333,974.879,335.15,769.436,347.441,300.663,298.141,298.273,1013.761,1021.809,847.694,897.077,1048.545,299.786,299.436,298.175,298.403
4756,1.321111111,974.4,335.162,769.466,347.44,300.65,298.151,298.271,1014.082,1021.784,847.698,897.107,1048.533,299.78,299.436,298.158,298.406
4757,1.321388889,974.4,335.162,769.466,347.44,300.65,298.151,298.271,1014.082,1021.784,847.698,897.107,1048.533,299.78,299.436,298.158,298.406
4758,1.321666667,974.4,335.162,769.466,347.44,300.65,298.151,298.271,1014.082,1021.784,847.698,897.107,1048.533,299.78,299.436,298.158,298.406
4759,1.321944444,974.4,335.162,769.466,347.44,300.65,298.151,298.271,1014.082,1021.784,847.698,897.107,1048.533,299.78,299.436,298.158,298.406
4760,1.322222222,974.358,335.173,769.505,347.459,300.65,298.153,298.274,1014.046,1021.783,847.708,897.087,1048.513,299.794,299.442,298.171,298.406
4761,1.3225,974.358,335.173,769.505,347.459,300.65,298.153,298.274,1014.046,1021.783,847.708,897.087,1048.513,299.794,299.442,298.171,298.406
4762,1.322777778,974.358,335.173,769.505,347.459,300.65,298.153,298.274,1014.046,1021.783,847.708,897.087,1048.513,299.794,299.442,298.171,298.406
4763,1.323055556,974.939,335.207,769.561,347.47,300.674,298.164,298.263,1013.788,1021.781,847.735,897.133,1048.518,299.791,299.444,298.171,298.412
4764,1.323333333,974.939,335.207,769.561,347.47,300.674,298.164,298.263,1013.788,1021.781,847.735,897.133,1048.518,299.791,299.444,298.171,298.412
4765,1.323611111,974.939,335.207,769.561,347.47,300.674,298.164,298.263,1013.788,1021.781,847.735,897.133,1048.518,299.791,299.444,298.171,298.412
4766,1.323888889,974.939,335.207,769.561,347.47,300.674,298.164,298.263,1013.788,1021.781,847.735,897.133,1048.518,299.791,299.444,298.171,298.412
4767,1.324166667,975.297,335.228,769.592,347.479,300.682,298.16,298.271,1013.837,1021.771,847.75,897.125,1048.529,299.795,299.443,298.187,298.41
4768,1.324444444,975.297,335.228,769.592,347.479,300.682,298.16,298.271,1013.837,1021.771,847.75,897.125,1048.529,299.795,299.443,298.187,298.41
4769,1.324722222,975.297,335.228,769.592,347.479,300.682,298.16,298.271,1013.837,1021.771,847.75,897.125,1048.529,299.795,299.443,298.187,298.41
4770,1.325,975.153,335.247,769.619,347.481,300.681,298.157,298.275,1013.781,1021.769,847.765,897.149,1048.529,299.79,299.452,298.176,298.412
4771,1.325277778,975.153,335.247,769.619,347.481,300.681,298.157,298.275,1013.781,1021.769,847.765,897.149,1048.529,299.79,299.452,298.176,298.412
4772,1.325555556,975.153,335.247,769.619,347.481,300.681,298.157,298.275,1013.781,1021.769,847.765,897.149,1048.529,299.79,299.452,298.176,298.412
4773,1.325833333,975.153,335.247,769.619,347.481,300.681,298.157,298.275,1013.781,1021.769,847.765,897.149,1048.529,299.79,299.452,298.176,298.412
4774,1.326111111,975.131,335.277,769.64,347.494,300.681,298.152,298.281,1013.92,1021.759,847.774,897.149,1048.533,299.792,299.442,298.185,298.408
4775,1.326388889,975.131,335.277,769.64,347.494,300.681,298.152,298.281,1013.92,1021.759,847.774,897.149,1048.533,299.792,299.442,298.185,298.408
4776,1.326666667,975.131,335.277,769.64,347.494,300.681,298.152,298.281,1013.92,1021.759,847.774,897.149,1048.533,299.792,299.442,298.185,298.408
4777,1.326944444,975.131,335.277,769.64,347.494,300.681,298.152,298.281,1013.92,1021.759,847.774,897.149,1048.533,299.792,299.442,298.185,298.408
4778,1.327222222,975.453,335.291,769.662,347.504,300.689,298.158,298.273,1014.333,1021.757,847.798,897.152,1048.528,299.797,299.453,298.186,298.418
4779,1.3275,975.453,335.291,769.662,347.504,300.689,298.158,298.273,1014.333,1021.757,847.798,897.152,1048.528,299.797,299.453,298.186,298.418
4780,1.327777778,975.453,335.291,769.662,347.504,300.689,298.158,298.273,1014.333,1021.757,847.798,897.152,1048.528,299.797,299.453,298.186,298.418
4781,1.328055556,975.216,335.321,769.674,347.516,300.694,298.145,298.276,1014.478,1021.757,847.817,897.15,1048.491,299.798,299.459,298.197,298.415
4782,1.328333333,975.216,335.321,769.674,347.516,300.694,298.145,298.276,1014.478,1021.757,847.817,897.15,1048.491,299.798,299.459,298.197,298.415
4783,1.328611111,975.216,335.321,769.674,347.516,300.694,298.145,298.276,1014.478,1021.757,847.817,897.15,1048.491,299.798,299.459,298.197,298.415
4784,1.328888889,975.216,335.321,769.674,347.516,300.694,298.145,298.276,1014.478,1021.757,847.817,897.15,1048.491,299.798,299.459,298.197,298.415
4785,1.329166667,975.045,335.33,769.71,347.51,300.703,298.15,298.281,1014.308,1021.75,847.835,897.203,1048.492,299.8,299.465,298.192,298.426
4786,1.329444444,975.045,335.33,769.71,347.51,300.703,298.15,298.281,1014.308,1021.75,847.835,897.203,1048.492,299.8,299.465,298.192,298.426
4787,1.329722222,975.045,335.33,769.71,347.51,300.703,298.15,298.281,1014.308,1021.75,847.835,897.203,1048.492,299.8,299.465,298.192,298.426
4788,1.33,974.891,335.352,769.75,347.517,300.689,298.135,298.27,1014.113,1021.724,847.845,897.187,1048.452,299.803,299.463,298.19,298.435
4789,1.330277778,974.891,335.352,769.75,347.517,300.689,298.135,298.27,1014.113,1021.724,847.845,897.187,1048.452,299.803,299.463,298.19,298.435
4790,1.330555556,974.891,335.352,769.75,347.517,300.689,298.135,298.27,1014.113,1021.724,847.845,897.187,1048.452,299.803,299.463,298.19,298.435
4791,1.330833333,974.891,335.352,769.75,347.517,300.689,298.135,298.27,1014.113,1021.724,847.845,897.187,1048.452,299.803,299.463,298.19,298.435
4792,1.331111111,975.223,335.377,769.788,347.516,300.704,298.153,298.275,1014.018,1021.721,847.867,897.216,1048.464,299.81,299.46,298.206,298.43
4793,1.331388889,975.223,335.377,769.788,347.516,300.704,298.153,298.275,1014.018,1021.721,847.867,897.216,1048.464,299.81,299.46,298.206,298.43
4794,1.331666667,975.223,335.377,769.788,347.516,300.704,298.153,298.275,1014.018,1021.721,847.867,897.216,1048.464,299.81,299.46,298.206,298.43
4795,1.331944444,975.38,335.408,769.834,347.527,300.721,298.152,298.267,1013.679,1021.715,847.892,897.238,1048.453,299.814,299.461,298.208,298.441
4796,1.332222222,975.38,335.408,769.834,347.527,300.721,298.152,298.267,1013.679,1021.715,847.892,897.238,1048.453,299.814,299.461,298.208,298.441
4797,1.3325,975.38,335.408,769.834,347.527,300.721,298.152,298.267,1013.679,1021.715,847.892,897.238,1048.453,299.814,299.461,298.208,298.441
4798,1.332777778,975.38,335.408,769.834,347.527,300.721,298.152,298.267,1013.679,1021.715,847.892,897.238,1048.453,299.814,299.461,298.208,298.441
4799,1.333055556,975.274,335.419,769.872,347.537,300.719,298.164,298.29,1013.464,1021.696,847.91,897.268,1048.435,299.817,299.469,298.21,298.44
4800,1.333333333,975.274,335.419,769.872,347.537,300.719,298.164,298.29,1013.464,1021.696,847.91,897.268,1048.435,299.817,299.469,298.21,298.44
4801,1.333611111,975.274,335.419,769.872,347.537,300.719,298.164,298.29,1013.464,1021.696,847.91,897.268,1048.435,299.817,299.469,298.21,298.44
4802,1.333888889,974.994,335.442,769.886,347.539,300.711,298.144,298.281,1013.231,1021.673,847.923,897.233,1048.398,299.815,299.477,298.212,298.446
4803,1.334166667,974.994,335.442,769.886,347.539,300.711,298.144,298.281,1013.231,1021.673,847.923,897.233,1048.398,299.815,299.477,298.212,298.446
4804,1.334444444,974.994,335.442,769.886,347.539,300.711,298.144,298.281,1013.231,1021.673,847.923,897.233,1048.398,299.815,299.477,298.212,298.446
4805,1.334722222,974.994,335.442,769.886,347.539,300.711,298.144,298.281,1013.231,1021.673,847.923,897.233,1048.398,299.815,299.477,298.212,298.446
4806,1.335,974.328,335.461,769.878,347.545,300.718,298.138,298.266,1013.114,1021.649,847.935,897.224,1048.34,299.815,299.469,298.203,298.436
4807,1.335277778,974.328,335.461,769.878,347.545,300.718,298.138,298.266,1013.114,1021.649,847.935,897.224,1048.34,299.815,299.469,298.203,298.436
4808,1.335555556,974.328,335.461,769.878,347.545,300.718,298.138,298.266,1013.114,1021.649,847.935,897.224,1048.34,299.815,299.469,298.203,298.436
4809,1.335833333,973.575,335.483,769.886,347.56,300.725,298.151,298.273,1013.034,1021.62,847.962,897.259,1048.287,299.827,299.474,298.217,298.443
4810,1.336111111,973.575,335.483,769.886,347.56,300.725,298.151,298.273,1013.034,1021.62,847.962,897.259,1048.287,299.827,299.474,298.217,298.443
4811,1.336388889,973.575,335.483,769.886,347.56,300.725,298.151,298.273,1013.034,1021.62,847.962,897.259,1048.287,299.827,299.474,298.217,298.443
4812,1.336666667,973.575,335.483,769.886,347.56,300.725,298.151,298.273,1013.034,1021.62,847.962,897.259,1048.287,299.827,299.474,298.217,298.443
4813,1.336944444,973.508,335.502,769.918,347.568,300.726,298.14,298.275,1013.039,1021.578,847.982,897.273,1048.233,299.825,299.489,298.212,298.455
4814,1.337222222,973.508,335.502,769.918,347.568,300.726,298.14,298.275,1013.039,1021.578,847.982,897.273,1048.233,299.825,299.489,298.212,298.455
4815,1.3375,973.508,335.502,769.918,347.568,300.726,298.14,298.275,1013.039,1021.578,847.982,897.273,1048.233,299.825,299.489,298.212,298.455
4816,1.337777778,973.813,335.526,769.923,347.575,300.726,298.148,298.283,1012.998,1021.539,847.993,897.264,1048.189,299.825,299.486,298.219,298.447
4817,1.338055556,973.813,335.526,769.923,347.575,300.726,298.148,298.283,1012.998,1021.539,847.993,897.264,1048.189,299.825,299.486,298.219,298.447
4818,1.338333333,973.813,335.526,769.923,347.575,300.726,298.148,298.283,1012.998,1021.539,847.993,897.264,1048.189,299.825,299.486,298.219,298.447
4819,1.338611111,973.813,335.526,769.923,347.575,300.726,298.148,298.283,1012.998,1021.539,847.993,897.264,1048.189,299.825,299.486,298.219,298.447
4820,1.338888889,974.262,335.548,769.95,347.592,300.745,298.14,298.27,1012.63,1021.502,848.009,897.326,1048.172,299.828,299.474,298.222,298.469
4821,1.339166667,974.262,335.548,769.95,347.592,300.745,298.14,298.27,1012.63,1021.502,848.009,897.326,1048.172,299.828,299.474,298.222,298.469
4822,1.339444444,974.262,335.548,769.95,347.592,300.745,298.14,298.27,1012.63,1021.502,848.009,897.326,1048.172,299.828,299.474,298.222,298.469
4823,1.339722222,974.799,335.563,770.002,347.581,300.731,298.134,298.268,1012.621,1021.468,848.021,897.287,1048.142,299.832,299.492,298.217,298.447
4824,1.34,974.799,335.563,770.002,347.581,300.731,298.134,298.268,1012.621,1021.468,848.021,897.287,1048.142,299.832,299.492,298.217,298.447
4825,1.340277778,974.799,335.563,770.002,347.581,300.731,298.134,298.268,1012.621,1021.468,848.021,897.287,1048.142,299.832,299.492,298.217,298.447
4826,1.340555556,974.799,335.563,770.002,347.581,300.731,298.134,298.268,1012.621,1021.468,848.021,897.287,1048.142,299.832,299.492,298.217,298.447
4827,1.340833333,975.24,335.593,770.058,347.592,300.747,298.153,298.273,1012.758,1021.452,848.039,897.297,1048.089,299.843,299.497,298.229,298.471
4828,1.341111111,975.24,335.593,770.058,347.592,300.747,298.153,298.273,1012.758,1021.452,848.039,897.297,1048.089,299.843,299.497,298.229,298.471
4829,1.341388889,975.24,335.593,770.058,347.592,300.747,298.153,298.273,1012.758,1021.452,848.039,897.297,1048.089,299.843,299.497,298.229,298.471
4830,1.341666667,975.474,335.605,770.084,347.592,300.742,298.144,298.263,1012.902,1021.428,848.046,897.333,1048.132,299.841,299.488,298.228,298.466
4831,1.341944444,975.474,335.605,770.084,347.592,300.742,298.144,298.263,1012.902,1021.428,848.046,897.333,1048.132,299.841,299.488,298.228,298.466
4832,1.342222222,975.474,335.605,770.084,347.592,300.742,298.144,298.263,1012.902,1021.428,848.046,897.333,1048.132,299.841,299.488,298.228,298.466
4833,1.3425,974.974,335.634,770.099,347.603,300.75,298.165,298.281,1012.999,1021.43,848.073,897.326,1048.125,299.846,299.5,298.237,298.468
4834,1.342777778,974.974,335.634,770.099,347.603,300.75,298.165,298.281,1012.999,1021.43,848.073,897.326,1048.125,299.846,299.5,298.237,298.468
4835,1.343055556,974.974,335.634,770.099,347.603,300.75,298.165,298.281,1012.999,1021.43,848.073,897.326,1048.125,299.846,299.5,298.237,298.468
4836,1.343333333,974.974,335.634,770.099,347.603,300.75,298.165,298.281,1012.999,1021.43,848.073,897.326,1048.125,299.846,299.5,298.237,298.468
4837,1.343611111,975.113,335.648,770.123,347.593,300.751,298.176,298.276,1012.875,1021.415,848.083,897.343,1048.123,299.843,299.498,298.235,298.475
4838,1.343888889,975.113,335.648,770.123,347.593,300.751,298.176,298.276,1012.875,1021.415,848.083,897.343,1048.123,299.843,299.498,298.235,298.475
4839,1.344166667,975.113,335.648,770.123,347.593,300.751,298.176,298.276,1012.875,1021.415,848.083,897.343,1048.123,299.843,299.498,298.235,298.475
4840,1.344444444,975.493,335.679,770.168,347.606,300.775,298.168,298.285,1012.628,1021.403,848.088,897.332,1048.096,299.86,299.505,298.243,298.478
4841,1.344722222,975.493,335.679,770.168,347.606,300.775,298.168,298.285,1012.628,1021.403,848.088,897.332,1048.096,299.86,299.505,298.243,298.478
4842,1.345,975.493,335.679,770.168,347.606,300.775,298.168,298.285,1012.628,1021.403,848.088,897.332,1048.096,299.86,299.505,298.243,298.478
4843,1.345277778,975.493,335.679,770.168,347.606,300.775,298.168,298.285,1012.628,1021.403,848.088,897.332,1048.096,299.86,299.505,298.243,298.478
4844,1.345555556,975.444,335.702,770.166,347.623,300.765,298.171,298.278,1012.427,1021.395,848.107,897.344,1048.077,299.865,299.506,298.246,298.48
4845,1.345833333,975.444,335.702,770.166,347.623,300.765,298.171,298.278,1012.427,1021.395,848.107,897.344,1048.077,299.865,299.506,298.246,298.48
4846,1.346111111,975.444,335.702,770.166,347.623,300.765,298.171,298.278,1012.427,1021.395,848.107,897.344,1048.077,299.865,299.506,298.246,298.48
4847,1.346388889,975.694,335.721,770.219,347.632,300.781,298.165,298.282,1012.265,1021.374,848.118,897.39,1048.068,299.869,299.52,298.259,298.488
4848,1.346666667,975.694,335.721,770.219,347.632,300.781,298.165,298.282,1012.265,1021.374,848.118,897.39,1048.068,299.869,299.52,298.259,298.488
4849,1.346944444,975.694,335.721,770.219,347.632,300.781,298.165,298.282,1012.265,1021.374,848.118,897.39,1048.068,299.869,299.52,298.259,298.488
4850,1.347222222,975.694,335.721,770.219,347.632,300.781,298.165,298.282,1012.265,1021.374,848.118,897.39,1048.068,299.869,299.52,298.259,298.488
4851,1.3475,975.955,335.748,770.229,347.662,300.781,298.161,298.285,1011.737,1021.347,848.149,897.378,1048.035,299.871,299.524,298.258,298.482
4852,1.347777778,975.955,335.748,770.229,347.662,300.781,298.161,298.285,1011.737,1021.347,848.149,897.378,1048.035,299.871,299.524,298.258,298.482
4853,1.348055556,975.955,335.748,770.229,347.662,300.781,298.161,298.285,1011.737,1021.347,848.149,897.378,1048.035,299.871,299.524,298.258,298.482
4854,1.348333333,975.885,335.762,770.254,347.659,300.78,298.151,298.285,1011.644,1021.328,848.159,897.386,1047.983,299.866,299.52,298.25,298.495
4855,1.348611111,975.885,335.762,770.254,347.659,300.78,298.151,298.285,1011.644,1021.328,848.159,897.386,1047.983,299.866,299.52,298.25,298.495
4856,1.348888889,975.885,335.762,770.254,347.659,300.78,298.151,298.285,1011.644,1021.328,848.159,897.386,1047.983,299.866,299.52,298.25,298.495
4857,1.349166667,975.885,335.762,770.254,347.659,300.78,298.151,298.285,1011.644,1021.328,848.159,897.386,1047.983,299.866,299.52,298.25,298.495
4858,1.349444444,975.314,335.782,770.25,347.678,300.795,298.159,298.285,1011.974,1021.286,848.183,897.366,1047.927,299.87,299.523,298.257,298.495
4859,1.349722222,975.314,335.782,770.25,347.678,300.795,298.159,298.285,1011.974,1021.286,848.183,897.366,1047.927,299.87,299.523,298.257,298.495
4860,1.35,975.314,335.782,770.25,347.678,300.795,298.159,298.285,1011.974,1021.286,848.183,897.366,1047.927,299.87,299.523,298.257,298.495
4861,1.350277778,975.314,335.782,770.25,347.678,300.795,298.159,298.285,1011.974,1021.286,848.183,897.366,1047.927,299.87,299.523,298.257,298.495
4862,1.350555556,974.922,335.81,770.293,347.698,300.816,298.168,298.295,1012.34,1021.253,848.198,897.386,1047.88,299.882,299.534,298.264,298.502
4863,1.350833333,974.922,335.81,770.293,347.698,300.816,298.168,298.295,1012.34,1021.253,848.198,897.386,1047.88,299.882,299.534,298.264,298.502
4864,1.351111111,974.922,335.81,770.293,347.698,300.816,298.168,298.295,1012.34,1021.253,848.198,897.386,1047.88,299.882,299.534,298.264,298.502
4865,1.351388889,974.8,335.817,770.326,347.695,300.795,298.154,298.293,1012.735,1021.198,848.195,897.376,1047.8,299.883,299.525,298.261,298.496
4866,1.351666667,974.8,335.817,770.326,347.695,300.795,298.154,298.293,1012.735,1021.198,848.195,897.376,1047.8,299.883,299.525,298.261,298.496
4867,1.351944444,974.8,335.817,770.326,347.695,300.795,298.154,298.293,1012.735,1021.198,848.195,897.376,1047.8,299.883,299.525,298.261,298.496
4868,1.352222222,974.8,335.817,770.326,347.695,300.795,298.154,298.293,1012.735,1021.198,848.195,897.376,1047.8,299.883,299.525,298.261,298.496
4869,1.3525,974.678,335.848,770.342,347.711,300.807,298.165,298.289,1012.935,1021.163,848.212,897.412,1047.781,299.893,299.539,298.272,298.509
4870,1.352777778,974.678,335.848,770.342,347.711,300.807,298.165,298.289,1012.935,1021.163,848.212,897.412,1047.781,299.893,299.539,298.272,298.509
4871,1.353055556,974.678,335.848,770.342,347.711,300.807,298.165,298.289,1012.935,1021.163,848.212,897.412,1047.781,299.893,299.539,298.272,298.509
4872,1.353333333,974.373,335.863,770.325,347.727,300.806,298.143,298.275,1012.883,1021.117,848.216,897.358,1047.726,299.875,299.531,298.266,298.503
4873,1.353611111,974.373,335.863,770.325,347.727,300.806,298.143,298.275,1012.883,1021.117,848.216,897.358,1047.726,299.875,299.531,298.266,298.503
4874,1.353888889,974.373,335.863,770.325,347.727,300.806,298.143,298.275,1012.883,1021.117,848.216,897.358,1047.726,299.875,299.531,298.266,298.503
4875,1.354166667,974.373,335.863,770.325,347.727,300.806,298.143,298.275,1012.883,1021.117,848.216,897.358,1047.726,299.875,299.531,298.266,298.503
4876,1.354444444,973.998,335.896,770.352,347.736,300.814,298.147,298.272,1013.025,1021.08,848.231,897.391,1047.751,299.877,299.54,298.269,298.506
4877,1.354722222,973.998,335.896,770.352,347.736,300.814,298.147,298.272,1013.025,1021.08,848.231,897.391,1047.751,299.877,299.54,298.269,298.506
4878,1.355,973.998,335.896,770.352,347.736,300.814,298.147,298.272,1013.025,1021.08,848.231,897.391,1047.751,299.877,299.54,298.269,298.506
4879,1.355277778,973.666,335.902,770.385,347.741,300.816,298.151,298.276,1013.209,1021.069,848.233,897.385,1047.723,299.887,299.548,298.275,298.502
4880,1.355555556,973.666,335.902,770.385,347.741,300.816,298.151,298.276,1013.209,1021.069,848.233,897.385,1047.723,299.887,299.548,298.275,298.502
4881,1.355833333,973.666,335.902,770.385,347.741,300.816,298.151,298.276,1013.209,1021.069,848.233,897.385,1047.723,299.887,299.548,298.275,298.502
4882,1.356111111,973.666,335.902,770.385,347.741,300.816,298.151,298.276,1013.209,1021.069,848.233,897.385,1047.723,299.887,299.548,298.275,298.502
4883,1.356388889,973.233,335.918,770.434,347.773,300.822,298.153,298.28,1013.305,1021.072,848.255,897.402,1047.749,299.902,299.546,298.275,298.52
4884,1.356666667,973.233,335.918,770.434,347.773,300.822,298.153,298.28,1013.305,1021.072,848.255,897.402,1047.749,299.902,299.546,298.275,298.52
4885,1.356944444,973.233,335.918,770.434,347.773,300.822,298.153,298.28,1013.305,1021.072,848.255,897.402,1047.749,299.902,299.546,298.275,298.52
4886,1.357222222,973.567,335.945,770.444,347.777,300.822,298.166,298.273,1013.138,1021.065,848.253,897.361,1047.762,299.893,299.541,298.286,298.508
4887,1.3575,973.567,335.945,770.444,347.777,300.822,298.166,298.273,1013.138,1021.065,848.253,897.361,1047.762,299.893,299.541,298.286,298.508
4888,1.357777778,973.567,335.945,770.444,347.777,300.822,298.166,298.273,1013.138,1021.065,848.253,897.361,1047.762,299.893,299.541,298.286,298.508
4889,1.358055556,973.567,335.945,770.444,347.777,300.822,298.166,298.273,1013.138,1021.065,848.253,897.361,1047.762,299.893,299.541,298.286,298.508
4890,1.358333333,973.789,335.97,770.443,347.792,300.824,298.155,298.284,1013.237,1021.083,848.257,897.377,1047.805,299.893,299.539,298.277,298.508
4891,1.358611111,973.789,335.97,770.443,347.792,300.824,298.155,298.284,1013.237,1021.083,848.257,897.377,1047.805,299.893,299.539,298.277,298.508
4892,1.358888889,973.789,335.97,770.443,347.792,300.824,298.155,298.284,1013.237,1021.083,848.257,897.377,1047.805,299.893,299.539,298.277,298.508
4893,1.359166667,973.864,335.99,770.478,347.81,300.837,298.192,298.299,1013.406,1021.107,848.275,897.414,1047.865,299.901,299.546,298.293,298.524
4894,1.359444444,973.864,335.99,770.478,347.81,300.837,298.192,298.299,1013.406,1021.107,848.275,897.414,1047.865,299.901,299.546,298.293,298.524
4895,1.359722222,973.864,335.99,770.478,347.81,300.837,298.192,298.299,1013.406,1021.107,848.275,897.414,1047.865,299.901,299.546,298.293,298.524
4896,1.36,973.864,335.99,770.478,347.81,300.837,298.192,298.299,1013.406,1021.107,848.275,897.414,1047.865,299.901,299.546,298.293,298.524
4897,1.360277778,973.838,336.012,770.483,347.828,300.851,298.19,298.304,1013.428,1021.133,848.275,897.397,1047.884,299.906,299.551,298.291,298.529
4898,1.360555556,973.838,336.012,770.483,347.828,300.851,298.19,298.304,1013.428,1021.133,848.275,897.397,1047.884,299.906,299.551,298.291,298.529
4899,1.360833333,973.838,336.012,770.483,347.828,300.851,298.19,298.304,1013.428,1021.133,848.275,897.397,1047.884,299.906,299.551,298.291,298.529
4900,1.361111111,973.837,336.035,770.525,347.836,300.857,298.187,298.287,1013.434,1021.161,848.291,897.392,1047.918,299.914,299.557,298.291,298.537
4901,1.361388889,973.837,336.035,770.525,347.836,300.857,298.187,298.287,1013.434,1021.161,848.291,897.392,1047.918,299.914,299.557,298.291,298.537
4902,1.361666667,973.837,336.035,770.525,347.836,300.857,298.187,298.287,1013.434,1021.161,848.291,897.392,1047.918,299.914,299.557,298.291,298.537
4903,1.361944444,973.837,336.035,770.525,347.836,300.857,298.187,298.287,1013.434,1021.161,848.291,897.392,1047.918,299.914,299.557,298.291,298.537
4904,1.362222222,973.666,336.053,770.543,347.856,300.85,298.181,298.296,1013.587,1021.188,848.288,897.409,1047.957,299.905,299.557,298.294,298.532
4905,1.3625,973.666,336.053,770.543,347.856,300.85,298.181,298.296,1013.587,1021.188,848.288,897.409,1047.957,299.905,299.557,298.294,298.532
4906,1.362777778,973.666,336.053,770.543,347.856,300.85,298.181,298.296,1013.587,1021.188,848.288,897.409,1047.957,299.905,299.557,298.294,298.532
4907,1.363055556,973.894,336.071,770.597,347.87,300.87,298.185,298.297,1013.254,1021.224,848.307,897.437,1048.014,299.924,299.571,298.308,298.538
4908,1.363333333,973.894,336.071,770.597,347.87,300.87,298.185,298.297,1013.254,1021.224,848.307,897.437,1048.014,299.924,299.571,298.308,298.538
4909,1.363611111,973.894,336.071,770.597,347.87,300.87,298.185,298.297,1013.254,1021.224,848.307,897.437,1048.014,299.924,299.571,298.308,298.538
4910,1.363888889,973.894,336.071,770.597,347.87,300.87,298.185,298.297,1013.254,1021.224,848.307,897.437,1048.014,299.924,299.571,298.308,298.538
4911,1.364166667,973.514,336.091,770.593,347.883,300.869,298.186,298.299,1013.157,1021.252,848.312,897.415,1048.047,299.914,299.583,298.315,298.548
4912,1.364444444,973.514,336.091,770.593,347.883,300.869,298.186,298.299,1013.157,1021.252,848.312,897.415,1048.047,299.914,299.583,298.315,298.548
4913,1.364722222,973.514,336.091,770.593,347.883,300.869,298.186,298.299,1013.157,1021.252,848.312,897.415,1048.047,299.914,299.583,298.315,298.548
4914,1.365,973.815,336.121,770.6,347.872,300.879,298.17,298.298,1013.122,1021.277,848.34,897.432,1048.059,299.922,299.565,298.313,298.541
4915,1.365277778,973.815,336.121,770.6,347.872,300.879,298.17,298.298,1013.122,1021.277,848.34,897.432,1048.059,299.922,299.565,298.313,298.541
4916,1.365555556,973.815,336.121,770.6,347.872,300.879,298.17,298.298,1013.122,1021.277,848.34,897.432,1048.059,299.922,299.565,298.313,298.541
4917,1.365833333,973.815,336.121,770.6,347.872,300.879,298.17,298.298,1013.122,1021.277,848.34,897.432,1048.059,299.922,299.565,298.313,298.541
4918,1.366111111,973.802,336.131,770.61,347.874,300.868,298.167,298.299,1013.047,1021.292,848.346,897.435,1048.052,299.926,299.572,298.313,298.555
4919,1.366388889,973.802,336.131,770.61,347.874,300.868,298.167,298.299,1013.047,1021.292,848.346,897.435,1048.052,299.926,299.572,298.313,298.555
4920,1.366666667,973.802,336.131,770.61,347.874,300.868,298.167,298.299,1013.047,1021.292,848.346,897.435,1048.052,299.926,299.572,298.313,298.555
4921,1.366944444,974.148,336.154,770.658,347.871,300.878,298.165,298.292,1012.951,1021.311,848.361,897.454,1048.091,299.924,299.574,298.309,298.543
4922,1.367222222,974.148,336.154,770.658,347.871,300.878,298.165,298.292,1012.951,1021.311,848.361,897.454,1048.091,299.924,299.574,298.309,298.543
4923,1.3675,974.148,336.154,770.658,347.871,300.878,298.165,298.292,1012.951,1021.311,848.361,897.454,1048.091,299.924,299.574,298.309,298.543
4924,1.367777778,974.148,336.154,770.658,347.871,300.878,298.165,298.292,1012.951,1021.311,848.361,897.454,1048.091,299.924,299.574,298.309,298.543
4925,1.368055556,974.765,336.17,770.676,347.895,300.889,298.174,298.291,1012.607,1021.298,848.374,897.454,1048.075,299.924,299.573,298.319,298.548
4926,1.368333333,974.765,336.17,770.676,347.895,300.889,298.174,298.291,1012.607,1021.298,848.374,897.454,1048.075,299.924,299.573,298.319,298.548
4927,1.368611111,974.765,336.17,770.676,347.895,300.889,298.174,298.291,1012.607,1021.298,848.374,897.454,1048.075,299.924,299.573,298.319,298.548
4928,1.368888889,974.765,336.188,770.697,347.89,300.867,298.158,298.288,1012.475,1021.299,848.381,897.482,1048.045,299.923,299.568,298.312,298.542
4929,1.369166667,974.765,336.188,770.697,347.89,300.867,298.158,298.288,1012.475,1021.299,848.381,897.482,1048.045,299.923,299.568,298.312,298.542
4930,1.369444444,974.765,336.188,770.697,347.89,300.867,298.158,298.288,1012.475,1021.299,848.381,897.482,1048.045,299.923,299.568,298.312,298.542
4931,1.369722222,974.765,336.188,770.697,347.89,300.867,298.158,298.288,1012.475,1021.299,848.381,897.482,1048.045,299.923,299.568,298.312,298.542
4932,1.37,974.87,336.206,770.725,347.912,300.896,298.16,298.292,1012.592,1021.309,848.413,897.496,1048.069,299.931,299.581,298.33,298.566
4933,1.370277778,974.87,336.206,770.725,347.912,300.896,298.16,298.292,1012.592,1021.309,848.413,897.496,1048.069,299.931,299.581,298.33,298.566
4934,1.370555556,974.87,336.206,770.725,347.912,300.896,298.16,298.292,1012.592,1021.309,848.413,897.496,1048.069,299.931,299.581,298.33,298.566
4935,1.370833333,974.241,336.227,770.7,347.911,300.886,298.166,298.293,1012.655,1021.302,848.431,897.499,1048.049,299.934,299.581,298.316,298.562
4936,1.371111111,974.241,336.227,770.7,347.911,300.886,298.166,298.293,1012.655,1021.302,848.431,897.499,1048.049,299.934,299.581,298.316,298.562
4937,1.371388889,974.241,336.227,770.7,347.911,300.886,298.166,298.293,1012.655,1021.302,848.431,897.499,1048.049,299.934,299.581,298.316,298.562
4938,1.371666667,974.241,336.227,770.7,347.911,300.886,298.166,298.293,1012.655,1021.302,848.431,897.499,1048.049,299.934,299.581,298.316,298.562
4939,1.371944444,973.92,336.244,770.752,347.913,300.881,298.153,298.288,1012.799,1021.275,848.441,897.517,1047.998,299.929,299.58,298.32,298.557
4940,1.372222222,973.92,336.244,770.752,347.913,300.881,298.153,298.288,1012.799,1021.275,848.441,897.517,1047.998,299.929,299.58,298.32,298.557
4941,1.3725,973.92,336.244,770.752,347.913,300.881,298.153,298.288,1012.799,1021.275,848.441,897.517,1047.998,299.929,299.58,298.32,298.557
4942,1.372777778,974.07,336.282,770.803,347.936,300.903,298.154,298.29,1013.138,1021.272,848.47,897.543,1047.995,299.94,299.595,298.332,298.572
4943,1.373055556,974.07,336.282,770.803,347.936,300.903,298.154,298.29,1013.138,1021.272,848.47,897.543,1047.995,299.94,299.595,298.332,298.572
4944,1.373333333,974.07,336.282,770.803,347.936,300.903,298.154,298.29,1013.138,1021.272,848.47,897.543,1047.995,299.94,299.595,298.332,298.572
4945,1.373611111,974.07,336.282,770.803,347.936,300.903,298.154,298.29,1013.138,1021.272,848.47,897.543,1047.995,299.94,299.595,298.332,298.572
4946,1.373888889,974.197,336.292,770.835,347.949,300.914,298.164,298.282,1013.342,1021.258,848.492,897.565,1047.979,299.941,299.594,298.334,298.576
4947,1.374166667,974.197,336.292,770.835,347.949,300.914,298.164,298.282,1013.342,1021.258,848.492,897.565,1047.979,299.941,299.594,298.334,298.576
4948,1.374444444,974.197,336.292,770.835,347.949,300.914,298.164,298.282,1013.342,1021.258,848.492,897.565,1047.979,299.941,299.594,298.334,298.576
4949,1.374722222,974.197,336.292,770.835,347.949,300.914,298.164,298.282,1013.342,1021.258,848.492,897.565,1047.979,299.941,299.594,298.334,298.576
4950,1.375,974.477,336.32,770.878,347.954,300.916,298.165,298.302,1013.168,1021.248,848.508,897.594,1047.992,299.945,299.608,298.351,298.578
4951,1.375277778,974.477,336.32,770.878,347.954,300.916,298.165,298.302,1013.168,1021.248,848.508,897.594,1047.992,299.945,299.608,298.351,298.578
4952,1.375555556,974.477,336.32,770.878,347.954,300.916,298.165,298.302,1013.168,1021.248,848.508,897.594,1047.992,299.945,299.608,298.351,298.578
4953,1.375833333,974.781,336.338,770.907,347.96,300.917,298.166,298.298,1013.127,1021.237,848.527,897.639,1047.986,299.943,299.605,298.347,298.566
4954,1.376111111,974.781,336.338,770.907,347.96,300.917,298.166,298.298,1013.127,1021.237,848.527,897.639,1047.986,299.943,299.605,298.347,298.566
4955,1.376388889,974.781,336.338,770.907,347.96,300.917,298.166,298.298,1013.127,1021.237,848.527,897.639,1047.986,299.943,299.605,298.347,298.566
4956,1.376666667,974.781,336.338,770.907,347.96,300.917,298.166,298.298,1013.127,1021.237,848.527,897.639,1047.986,299.943,299.605,298.347,298.566
4957,1.376944444,974.963,336.359,770.908,347.955,300.92,298.165,298.29,1012.802,1021.228,848.551,897.638,1047.969,299.937,299.6,298.337,298.577
4958,1.377222222,974.963,336.359,770.908,347.955,300.92,298.165,298.29,1012.802,1021.228,848.551,897.638,1047.969,299.937,299.6,298.337,298.577
4959,1.3775,974.963,336.359,770.908,347.955,300.92,298.165,298.29,1012.802,1021.228,848.551,897.638,1047.969,299.937,299.6,298.337,298.577
4960,1.377777778,975.115,336.367,770.954,347.949,300.902,298.145,298.282,1012.7,1021.221,848.565,897.608,1047.906,299.949,299.603,298.344,298.58
4961,1.378055556,975.115,336.367,770.954,347.949,300.902,298.145,298.282,1012.7,1021.221,848.565,897.608,1047.906,299.949,299.603,298.344,298.58
4962,1.378333333,975.115,336.367,770.954,347.949,300.902,298.145,298.282,1012.7,1021.221,848.565,897.608,1047.906,299.949,299.603,298.344,298.58
4963,1.378611111,975.766,336.394,770.981,347.937,300.923,298.146,298.292,1012.606,1021.196,848.58,897.667,1047.925,299.949,299.607,298.345,298.577
4964,1.378888889,975.766,336.394,770.981,347.937,300.923,298.146,298.292,1012.606,1021.196,848.58,897.667,1047.925,299.949,299.607,298.345,298.577
4965,1.379166667,975.766,336.394,770.981,347.937,300.923,298.146,298.292,1012.606,1021.196,848.58,897.667,1047.925,299.949,299.607,298.345,298.577
4966,1.379444444,975.766,336.394,770.981,347.937,300.923,298.146,298.292,1012.606,1021.196,848.58,897.667,1047.925,299.949,299.607,298.345,298.577
4967,1.379722222,975.942,336.41,770.963,347.937,300.909,298.145,298.281,1012.566,1021.19,848.596,897.637,1047.888,299.948,299.606,298.348,298.574
4968,1.38,975.942,336.41,770.963,347.937,300.909,298.145,298.281,1012.566,1021.19,848.596,897.637,1047.888,299.948,299.606,298.348,298.574
4969,1.380277778,975.942,336.41,770.963,347.937,300.909,298.145,298.281,1012.566,1021.19,848.596,897.637,1047.888,299.948,299.606,298.348,298.574
4970,1.380555556,975.942,336.41,770.963,347.937,300.909,298.145,298.281,1012.566,1021.19,848.596,897.637,1047.888,299.948,299.606,298.348,298.574
4971,1.380833333,975.295,336.437,770.95,347.938,300.927,298.151,298.294,1012.666,1021.175,848.61,897.629,1047.853,299.956,299.616,298.356,298.583
4972,1.381111111,975.295,336.437,770.95,347.938,300.927,298.151,298.294,1012.666,1021.175,848.61,897.629,1047.853,299.956,299.616,298.356,298.583
4973,1.381388889,975.295,336.437,770.95,347.938,300.927,298.151,298.294,1012.666,1021.175,848.61,897.629,1047.853,299.956,299.616,298.356,298.583
4974,1.381666667,974.697,336.451,770.932,347.924,300.921,298.137,298.287,1012.98,1021.146,848.633,897.632,1047.794,299.956,299.613,298.349,298.583
4975,1.381944444,974.697,336.451,770.932,347.924,300.921,298.137,298.287,1012.98,1021.146,848.633,897.632,1047.794,299.956,299.613,298.349,298.583
4976,1.382222222,974.697,336.451,770.932,347.924,300.921,298.137,298.287,1012.98,1021.146,848.633,897.632,1047.794,299.956,299.613,298.349,298.583
4977,1.3825,974.697,336.451,770.932,347.924,300.921,298.137,298.287,1012.98,1021.146,848.633,897.632,1047.794,299.956,299.613,298.349,298.583
4978,1.382777778,974.23,336.468,770.972,347.923,300.919,298.131,298.278,1013.3,1021.123,848.647,897.662,1047.786,299.948,299.611,298.35,298.58
4979,1.383055556,974.23,336.468,770.972,347.923,300.919,298.131,298.278,1013.3,1021.123,848.647,897.662,1047.786,299.948,299.611,298.35,298.58
4980,1.383333333,974.23,336.468,770.972,347.923,300.919,298.131,298.278,1013.3,1021.123,848.647,897.662,1047.786,299.948,299.611,298.35,298.58
4981,1.383611111,974.06,336.483,771.027,347.908,300.918,298.141,298.294,1013.313,1021.103,848.657,897.679,1047.785,299.961,299.616,298.349,298.584
4982,1.383888889,974.06,336.483,771.027,347.908,300.918,298.141,298.294,1013.313,1021.103,848.657,897.679,1047.785,299.961,299.616,298.349,298.584
4983,1.384166667,974.06,336.483,771.027,347.908,300.918,298.141,298.294,1013.313,1021.103,848.657,897.679,1047.785,299.961,299.616,298.349,298.584
4984,1.384444444,974.06,336.483,771.027,347.908,300.918,298.141,298.294,1013.313,1021.103,848.657,897.679,1047.785,299.961,299.616,298.349,298.584
4985,1.384722222,973.773,336.512,771.033,347.909,300.926,298.148,298.293,1013.221,1021.104,848.679,897.677,1047.795,299.975,299.628,298.374,298.598
4986,1.385,973.773,336.512,771.033,347.909,300.926,298.148,298.293,1013.221,1021.104,848.679,897.677,1047.795,299.975,299.628,298.374,298.598
4987,1.385277778,973.773,336.512,771.033,347.909,300.926,298.148,298.293,1013.221,1021.104,848.679,897.677,1047.795,299.975,299.628,298.374,298.598
4988,1.385555556,974.027,336.532,771.053,347.916,300.943,298.152,298.276,1013.155,1021.096,848.69,897.673,1047.805,299.972,299.625,298.363,298.595
4989,1.385833333,974.027,336.532,771.053,347.916,300.943,298.152,298.276,1013.155,1021.096,848.69,897.673,1047.805,299.972,299.625,298.363,298.595
4990,1.386111111,974.027,336.532,771.053,347.916,300.943,298.152,298.276,1013.155,1021.096,848.69,897.673,1047.805,299.972,299.625,298.363,298.595
4991,1.386388889,974.027,336.532,771.053,347.916,300.943,298.152,298.276,1013.155,1021.096,848.69,897.673,1047.805,299.972,299.625,298.363,298.595
4992,1.386666667,974.6,336.555,771.091,347.922,300.934,298.15,298.283,1013.232,1021.123,848.693,897.693,1047.861,299.972,299.628,298.366,298.6
4993,1.386944444,974.6,336.555,771.091,347.922,300.934,298.15,298.283,1013.232,1021.123,848.693,897.693,1047.861,299.972,299.628,298.366,298.6
4994,1.387222222,974.6,336.555,771.091,347.922,300.934,298.15,298.283,1013.232,1021.123,848.693,897.693,1047.861,299.972,299.628,298.366,298.6
4995,1.3875,974.473,336.569,771.096,347.931,300.914,298.147,298.286,1012.997,1021.14,848.709,897.701,1047.92,299.975,299.623,298.363,298.596
4996,1.387777778,974.473,336.569,771.096,347.931,300.914,298.147,298.286,1012.997,1021.14,848.709,897.701,1047.92,299.975,299.623,298.363,298.596
4997,1.388055556,974.473,336.569,771.096,347.931,300.914,298.147,298.286,1012.997,1021.14,848.709,897.701,1047.92,299.975,299.623,298.363,298.596
4998,1.388333333,974.473,336.569,771.096,347.931,300.914,298.147,298.286,1012.997,1021.14,848.709,897.701,1047.92,299.975,299.623,298.363,298.596
4999,1.388611111,974.472,336.584,771.114,347.94,300.925,298.146,298.272,1012.943,1021.167,848.713,897.706,1047.974,299.967,299.629,298.363,298.59
5000,1.388888889,974.472,336.584,771.114,347.94,300.925,298.146,298.272,1012.943,1021.167,848.713,897.706,1047.974,299.967,299.629,298.363,298.59
5001,1.389166667,974.472,336.584,771.114,347.94,300.925,298.146,298.272,1012.943,1021.167,848.713,897.706,1047.974,299.967,299.629,298.363,298.59
5002,1.389444444,974.004,336.608,771.153,347.962,300.951,298.163,298.293,1012.95,1021.228,848.731,897.709,1048.036,299.981,299.637,298.373,298.604
5003,1.389722222,974.004,336.608,771.153,347.962,300.951,298.163,298.293,1012.95,1021.228,848.731,897.709,1048.036,299.981,299.637,298.373,298.604
5004,1.39,974.004,336.608,771.153,347.962,300.951,298.163,298.293,1012.95,1021.228,848.731,897.709,1048.036,299.981,299.637,298.373,298.604
5005,1.390277778,974.004,336.608,771.153,347.962,300.951,298.163,298.293,1012.95,1021.228,848.731,897.709,1048.036,299.981,299.637,298.373,298.604
5006,1.390555556,973.79,336.63,771.187,347.973,300.953,298.156,298.286,1013.128,1021.259,848.746,897.738,1048.089,299.986,299.635,298.376,298.61
5007,1.390833333,973.79,336.63,771.187,347.973,300.953,298.156,298.286,1013.128,1021.259,848.746,897.738,1048.089,299.986,299.635,298.376,298.61
5008,1.391111111,973.79,336.63,771.187,347.973,300.953,298.156,298.286,1013.128,1021.259,848.746,897.738,1048.089,299.986,299.635,298.376,298.61
5009,1.391388889,973.568,336.639,771.215,347.962,300.939,298.147,298.269,1013.407,1021.284,848.749,897.744,1048.115,299.976,299.631,298.372,298.601
5010,1.391666667,973.568,336.639,771.215,347.962,300.939,298.147,298.269,1013.407,1021.284,848.749,897.744,1048.115,299.976,299.631,298.372,298.601
5011,1.391944444,973.568,336.639,771.215,347.962,300.939,298.147,298.269,1013.407,1021.284,848.749,897.744,1048.115,299.976,299.631,298.372,298.601
5012,1.392222222,973.568,336.639,771.215,347.962,300.939,298.147,298.269,1013.407,1021.284,848.749,897.744,1048.115,299.976,299.631,298.372,298.601
5013,1.3925,973.18,336.668,771.254,347.98,300.961,298.158,298.291,1013.414,1021.329,848.767,897.793,1048.162,299.984,299.654,298.379,298.621
5014,1.392777778,973.18,336.668,771.254,347.98,300.961,298.158,298.291,1013.414,1021.329,848.767,897.793,1048.162,299.984,299.654,298.379,298.621
5015,1.393055556,973.18,336.668,771.254,347.98,300.961,298.158,298.291,1013.414,1021.329,848.767,897.793,1048.162,299.984,299.654,298.379,298.621
5016,1.393333333,973.392,336.692,771.289,347.992,300.959,298.165,298.287,1013.094,1021.348,848.795,897.814,1048.202,299.993,299.644,298.385,298.623
5017,1.393611111,973.392,336.692,771.289,347.992,300.959,298.165,298.287,1013.094,1021.348,848.795,897.814,1048.202,299.993,299.644,298.385,298.623
5018,1.393888889,973.392,336.692,771.289,347.992,300.959,298.165,298.287,1013.094,1021.348,848.795,897.814,1048.202,299.993,299.644,298.385,298.623
5019,1.394166667,973.392,336.692,771.289,347.992,300.959,298.165,298.287,1013.094,1021.348,848.795,897.814,1048.202,299.993,299.644,298.385,298.623
5020,1.394444444,973.289,336.715,771.307,348.014,300.95,298.162,298.284,1012.957,1021.368,848.809,897.799,1048.189,300.002,299.658,298.392,298.621
5021,1.394722222,973.289,336.715,771.307,348.014,300.95,298.162,298.284,1012.957,1021.368,848.809,897.799,1048.189,300.002,299.658,298.392,298.621
5022,1.395,973.289,336.715,771.307,348.014,300.95,298.162,298.284,1012.957,1021.368,848.809,897.799,1048.189,300.002,299.658,298.392,298.621
5023,1.395277778,973.244,336.731,771.304,348.027,300.968,298.151,298.288,1012.823,1021.364,848.817,897.807,1048.148,299.995,299.642,298.39,298.626
5024,1.395555556,973.244,336.731,771.304,348.027,300.968,298.151,298.288,1012.823,1021.364,848.817,897.807,1048.148,299.995,299.642,298.39,298.626
5025,1.395833333,973.244,336.731,771.304,348.027,300.968,298.151,298.288,1012.823,1021.364,848.817,897.807,1048.148,299.995,299.642,298.39,298.626
5026,1.396111111,973.244,336.731,771.304,348.027,300.968,298.151,298.288,1012.823,1021.364,848.817,897.807,1048.148,299.995,299.642,298.39,298.626
5027,1.396388889,972.784,336.741,771.287,348.044,300.95,298.156,298.277,1013.021,1021.365,848.841,897.822,1048.127,299.986,299.653,298.383,298.62
5028,1.396666667,972.784,336.741,771.287,348.044,300.95,298.156,298.277,1013.021,1021.365,848.841,897.822,1048.127,299.986,299.653,298.383,298.62
5029,1.396944444,972.784,336.741,771.287,348.044,300.95,298.156,298.277,1013.021,1021.365,848.841,897.822,1048.127,299.986,299.653,298.383,298.62
5030,1.397222222,972.612,336.771,771.347,348.061,300.961,298.168,298.3,1013.268,1021.37,848.863,897.859,1048.118,300.009,299.66,298.392,298.626
5031,1.3975,972.612,336.771,771.347,348.061,300.961,298.168,298.3,1013.268,1021.37,848.863,897.859,1048.118,300.009,299.66,298.392,298.626
5032,1.397777778,972.612,336.771,771.347,348.061,300.961,298.168,298.3,1013.268,1021.37,848.863,897.859,1048.118,300.009,299.66,298.392,298.626
5033,1.398055556,972.612,336.771,771.347,348.061,300.961,298.168,298.3,1013.268,1021.37,848.863,897.859,1048.118,300.009,299.66,298.392,298.626
5034,1.398333333,973.272,336.786,771.401,348.083,300.964,298.16,298.295,1013.071,1021.361,848.883,897.904,1048.103,300.002,299.661,298.404,298.634
5035,1.398611111,973.272,336.786,771.401,348.083,300.964,298.16,298.295,1013.071,1021.361,848.883,897.904,1048.103,300.002,299.661,298.404,298.634
5036,1.398888889,973.272,336.786,771.401,348.083,300.964,298.16,298.295,1013.071,1021.361,848.883,897.904,1048.103,300.002,299.661,298.404,298.634
5037,1.399166667,973.354,336.813,771.408,348.097,300.977,298.169,298.302,1012.687,1021.355,848.911,897.875,1048.105,300.007,299.663,298.405,298.641
5038,1.399444444,973.354,336.813,771.408,348.097,300.977,298.169,298.302,1012.687,1021.355,848.911,897.875,1048.105,300.007,299.663,298.405,298.641
5039,1.399722222,973.354,336.813,771.408,348.097,300.977,298.169,298.302,1012.687,1021.355,848.911,897.875,1048.105,300.007,299.663,298.405,298.641
5040,1.4,973.354,336.813,771.408,348.097,300.977,298.169,298.302,1012.687,1021.355,848.911,897.875,1048.105,300.007,299.663,298.405,298.641
5041,1.400277778,973.377,336.817,771.417,348.099,300.982,298.162,298.303,1012.38,1021.346,848.922,897.916,1048.082,300.001,299.659,298.404,298.639
5042,1.400555556,973.377,336.817,771.417,348.099,300.982,298.162,298.303,1012.38,1021.346,848.922,897.916,1048.082,300.001,299.659,298.404,298.639
5043,1.400833333,973.377,336.817,771.417,348.099,300.982,298.162,298.303,1012.38,1021.346,848.922,897.916,1048.082,300.001,299.659,298.404,298.639
5044,1.401111111,974.036,336.835,771.444,348.112,300.968,298.16,298.298,1012.228,1021.333,848.948,897.935,1048.096,300.01,299.665,298.398,298.641
5045,1.401388889,974.036,336.835,771.444,348.112,300.968,298.16,298.298,1012.228,1021.333,848.948,897.935,1048.096,300.01,299.665,298.398,298.641
5046,1.401666667,974.036,336.835,771.444,348.112,300.968,298.16,298.298,1012.228,1021.333,848.948,897.935,1048.096,300.01,299.665,298.398,298.641
5047,1.401944444,974.036,336.835,771.444,348.112,300.968,298.16,298.298,1012.228,1021.333,848.948,897.935,1048.096,300.01,299.665,298.398,298.641
5048,1.402222222,973.46,336.855,771.485,348.125,300.98,298.159,298.297,1012.238,1021.329,848.967,897.948,1048.084,300.013,299.668,298.4,298.627
5049,1.4025,973.46,336.855,771.485,348.125,300.98,298.159,298.297,1012.238,1021.329,848.967,897.948,1048.084,300.013,299.668,298.4,298.627
5050,1.402777778,973.46,336.855,771.485,348.125,300.98,298.159,298.297,1012.238,1021.329,848.967,897.948,1048.084,300.013,299.668,298.4,298.627
5051,1.403055556,973.384,336.873,771.522,348.143,300.967,298.161,298.297,1012.028,1021.317,848.991,897.984,1048.069,300.01,299.662,298.405,298.643
5052,1.403333333,973.384,336.873,771.522,348.143,300.967,298.161,298.297,1012.028,1021.317,848.991,897.984,1048.069,300.01,299.662,298.405,298.643
5053,1.403611111,973.384,336.873,771.522,348.143,300.967,298.161,298.297,1012.028,1021.317,848.991,897.984,1048.069,300.01,299.662,298.405,298.643
5054,1.403888889,973.384,336.873,771.522,348.143,300.967,298.161,298.297,1012.028,1021.317,848.991,897.984,1048.069,300.01,299.662,298.405,298.643
5055,1.404166667,973.337,336.899,771.537,348.138,300.986,298.165,298.292,1012.202,1021.292,848.997,897.97,1048.02,300.015,299.669,298.406,298.635
5056,1.404444444,973.337,336.899,771.537,348.138,300.986,298.165,298.292,1012.202,1021.292,848.997,897.97,1048.02,300.015,299.669,298.406,298.635
5057,1.404722222,973.337,336.899,771.537,348.138,300.986,298.165,298.292,1012.202,1021.292,848.997,897.97,1048.02,300.015,299.669,298.406,298.635
5058,1.405,974.082,336.918,771.562,348.159,300.99,298.169,298.302,1012.103,1021.275,849.023,898.005,1047.991,300.011,299.674,298.413,298.655
5059,1.405277778,974.082,336.918,771.562,348.159,300.99,298.169,298.302,1012.103,1021.275,849.023,898.005,1047.991,300.011,299.674,298.413,298.655
5060,1.405555556,974.082,336.918,771.562,348.159,300.99,298.169,298.302,1012.103,1021.275,849.023,898.005,1047.991,300.011,299.674,298.413,298.655
5061,1.405833333,974.082,336.918,771.562,348.159,300.99,298.169,298.302,1012.103,1021.275,849.023,898.005,1047.991,300.011,299.674,298.413,298.655
5062,1.406111111,974.667,336.937,771.581,348.171,301.002,298.167,298.296,1011.982,1021.245,849.04,898.039,1047.965,300.027,299.671,298.415,298.647
5063,1.406388889,974.667,336.937,771.581,348.171,301.002,298.167,298.296,1011.982,1021.245,849.04,898.039,1047.965,300.027,299.671,298.415,298.647
5064,1.406666667,974.667,336.937,771.581,348.171,301.002,298.167,298.296,1011.982,1021.245,849.04,898.039,1047.965,300.027,299.671,298.415,298.647
5065,1.406944444,975.044,336.955,771.62,348.193,301.007,298.16,298.288,1011.886,1021.22,849.056,898.046,1047.926,300.016,299.678,298.417,298.649
5066,1.407222222,975.044,336.955,771.62,348.193,301.007,298.16,298.288,1011.886,1021.22,849.056,898.046,1047.926,300.016,299.678,298.417,298.649
5067,1.4075,975.044,336.955,771.62,348.193,301.007,298.16,298.288,1011.886,1021.22,849.056,898.046,1047.926,300.016,299.678,298.417,298.649
5068,1.407777778,975.044,336.955,771.62,348.193,301.007,298.16,298.288,1011.886,1021.22,849.056,898.046,1047.926,300.016,299.678,298.417,298.649
5069,1.408055556,975.448,336.987,771.656,348.206,301.026,298.171,298.302,1011.769,1021.209,849.088,898.038,1047.883,300.032,299.682,298.42,298.657
5070,1.408333333,975.448,336.987,771.656,348.206,301.026,298.171,298.302,1011.769,1021.209,849.088,898.038,1047.883,300.032,299.682,298.42,298.657
5071,1.408611111,975.448,336.987,771.656,348.206,301.026,298.171,298.302,1011.769,1021.209,849.088,898.038,1047.883,300.032,299.682,298.42,298.657
5072,1.408888889,975.911,336.992,771.661,348.213,301.005,298.167,298.296,1011.348,1021.172,849.097,898.053,1047.836,300.037,299.686,298.431,298.658
5073,1.409166667,975.911,336.992,771.661,348.213,301.005,298.167,298.296,1011.348,1021.172,849.097,898.053,1047.836,300.037,299.686,298.431,298.658
5074,1.409444444,975.911,336.992,771.661,348.213,301.005,298.167,298.296,1011.348,1021.172,849.097,898.053,1047.836,300.037,299.686,298.431,298.658
5075,1.409722222,975.911,336.992,771.661,348.213,301.005,298.167,298.296,1011.348,1021.172,849.097,898.053,1047.836,300.037,299.686,298.431,298.658
5076,1.41,975.517,337.025,771.73,348.232,301.037,298.176,298.3,1011.235,1021.149,849.13,898.105,1047.829,300.032,299.698,298.435,298.674
5077,1.410277778,975.517,337.025,771.73,348.232,301.037,298.176,298.3,1011.235,1021.149,849.13,898.105,1047.829,300.032,299.698,298.435,298.674
5078,1.410555556,975.517,337.025,771.73,348.232,301.037,298.176,298.3,1011.235,1021.149,849.13,898.105,1047.829,300.032,299.698,298.435,298.674
5079,1.410833333,975.274,337.033,771.721,348.225,301.01,298.142,298.288,1011.13,1021.093,849.127,898.089,1047.767,300.031,299.681,298.42,298.66
5080,1.411111111,975.274,337.033,771.721,348.225,301.01,298.142,298.288,1011.13,1021.093,849.127,898.089,1047.767,300.031,299.681,298.42,298.66
5081,1.411388889,975.274,337.033,771.721,348.225,301.01,298.142,298.288,1011.13,1021.093,849.127,898.089,1047.767,300.031,299.681,298.42,298.66
5082,1.411666667,975.274,337.033,771.721,348.225,301.01,298.142,298.288,1011.13,1021.093,849.127,898.089,1047.767,300.031,299.681,298.42,298.66
5083,1.411944444,975.148,337.055,771.738,348.226,301.027,298.158,298.29,1011.162,1021.07,849.153,898.09,1047.707,300.045,299.694,298.44,298.672
5084,1.412222222,975.148,337.055,771.738,348.226,301.027,298.158,298.29,1011.162,1021.07,849.153,898.09,1047.707,300.045,299.694,298.44,298.672
5085,1.4125,975.148,337.055,771.738,348.226,301.027,298.158,298.29,1011.162,1021.07,849.153,898.09,1047.707,300.045,299.694,298.44,298.672
5086,1.412777778,975.125,337.079,771.732,348.232,301.027,298.146,298.277,1011.46,1021.012,849.16,898.086,1047.633,300.038,299.693,298.427,298.671
5087,1.413055556,975.125,337.079,771.732,348.232,301.027,298.146,298.277,1011.46,1021.012,849.16,898.086,1047.633,300.038,299.693,298.427,298.671
5088,1.413333333,975.125,337.079,771.732,348.232,301.027,298.146,298.277,1011.46,1021.012,849.16,898.086,1047.633,300.038,299.693,298.427,298.671
5089,1.413611111,975.125,337.079,771.732,348.232,301.027,298.146,298.277,1011.46,1021.012,849.16,898.086,1047.633,300.038,299.693,298.427,298.671
5090,1.413888889,974.89,337.105,771.763,348.259,301.037,298.158,298.292,1011.768,1020.977,849.175,898.098,1047.598,300.051,299.695,298.443,298.676
5091,1.414166667,974.89,337.105,771.763,348.259,301.037,298.158,298.292,1011.768,1020.977,849.175,898.098,1047.598,300.051,299.695,298.443,298.676
5092,1.414444444,974.89,337.105,771.763,348.259,301.037,298.158,298.292,1011.768,1020.977,849.175,898.098,1047.598,300.051,299.695,298.443,298.676
5093,1.414722222,975.143,337.107,771.752,348.261,301.026,298.145,298.295,1011.742,1020.918,849.175,898.08,1047.533,300.043,299.704,298.429,298.674
5094,1.415,975.143,337.107,771.752,348.261,301.026,298.145,298.295,1011.742,1020.918,849.175,898.08,1047.533,300.043,299.704,298.429,298.674
5095,1.415277778,975.143,337.107,771.752,348.261,301.026,298.145,298.295,1011.742,1020.918,849.175,898.08,1047.533,300.043,299.704,298.429,298.674
5096,1.415555556,975.143,337.107,771.752,348.261,301.026,298.145,298.295,1011.742,1020.918,849.175,898.08,1047.533,300.043,299.704,298.429,298.674
5097,1.415833333,974.774,337.138,771.76,348.279,301.037,298.149,298.291,1012.013,1020.893,849.195,898.098,1047.497,300.051,299.707,298.444,298.684
5098,1.416111111,974.774,337.138,771.76,348.279,301.037,298.149,298.291,1012.013,1020.893,849.195,898.098,1047.497,300.051,299.707,298.444,298.684
5099,1.416388889,974.774,337.138,771.76,348.279,301.037,298.149,298.291,1012.013,1020.893,849.195,898.098,1047.497,300.051,299.707,298.444,298.684
5100,1.416666667,974.383,337.16,771.788,348.293,301.04,298.142,298.296,1012.384,1020.843,849.207,898.127,1047.478,300.054,299.716,298.442,298.693
5101,1.416944444,974.383,337.16,771.788,348.293,301.04,298.142,298.296,1012.384,1020.843,849.207,898.127,1047.478,300.054,299.716,298.442,298.693
5102,1.417222222,974.383,337.16,771.788,348.293,301.04,298.142,298.296,1012.384,1020.843,849.207,898.127,1047.478,300.054,299.716,298.442,298.693
5103,1.4175,974.383,337.16,771.788,348.293,301.04,298.142,298.296,1012.384,1020.843,849.207,898.127,1047.478,300.054,299.716,298.442,298.693
5104,1.417777778,973.575,337.183,771.797,348.306,301.036,298.146,298.288,1012.815,1020.827,849.208,898.071,1047.445,300.063,299.712,298.44,298.683
5105,1.418055556,973.575,337.183,771.797,348.306,301.036,298.146,298.288,1012.815,1020.827,849.208,898.071,1047.445,300.063,299.712,298.44,298.683
5106,1.418333333,973.575,337.183,771.797,348.306,301.036,298.146,298.288,1012.815,1020.827,849.208,898.071,1047.445,300.063,299.712,298.44,298.683
5107,1.418611111,973.404,337.191,771.829,348.299,301.045,298.159,298.285,1013.213,1020.808,849.206,898.081,1047.471,300.054,299.708,298.436,298.678
5108,1.418888889,973.404,337.191,771.829,348.299,301.045,298.159,298.285,1013.213,1020.808,849.206,898.081,1047.471,300.054,299.708,298.436,298.678
5109,1.419166667,973.404,337.191,771.829,348.299,301.045,298.159,298.285,1013.213,1020.808,849.206,898.081,1047.471,300.054,299.708,298.436,298.678
5110,1.419444444,973.404,337.191,771.829,348.299,301.045,298.159,298.285,1013.213,1020.808,849.206,898.081,1047.471,300.054,299.708,298.436,298.678
5111,1.419722222,973.78,337.209,771.853,348.321,301.035,298.154,298.28,1013.181,1020.812,849.206,898.087,1047.513,300.064,299.718,298.445,298.679
5112,1.42,973.78,337.209,771.853,348.321,301.035,298.154,298.28,1013.181,1020.812,849.206,898.087,1047.513,300.064,299.718,298.445,298.679
5113,1.420277778,973.78,337.209,771.853,348.321,301.035,298.154,298.28,1013.181,1020.812,849.206,898.087,1047.513,300.064,299.718,298.445,298.679
5114,1.420555556,974.285,337.229,771.853,348.339,301.036,298.154,298.291,1012.892,1020.837,849.219,898.084,1047.567,300.064,299.72,298.454,298.689
5115,1.420833333,974.285,337.229,771.853,348.339,301.036,298.154,298.291,1012.892,1020.837,849.219,898.084,1047.567,300.064,299.72,298.454,298.689
5116,1.421111111,974.285,337.229,771.853,348.339,301.036,298.154,298.291,1012.892,1020.837,849.219,898.084,1047.567,300.064,299.72,298.454,298.689
5117,1.421388889,974.285,337.229,771.853,348.339,301.036,298.154,298.291,1012.892,1020.837,849.219,898.084,1047.567,300.064,299.72,298.454,298.689
5118,1.421666667,974.372,337.249,771.883,348.36,301.052,298.146,298.294,1012.388,1020.879,849.223,898.089,1047.627,300.071,299.732,298.456,298.698
5119,1.421944444,974.372,337.249,771.883,348.36,301.052,298.146,298.294,1012.388,1020.879,849.223,898.089,1047.627,300.071,299.732,298.456,298.698
5120,1.422222222,974.372,337.249,771.883,348.36,301.052,298.146,298.294,1012.388,1020.879,849.223,898.089,1047.627,300.071,299.732,298.456,298.698
5121,1.4225,974.491,337.263,771.928,348.366,301.051,298.14,298.274,1012.356,1020.925,849.237,898.095,1047.694,300.068,299.729,298.457,298.698
5122,1.422777778,974.491,337.263,771.928,348.366,301.051,298.14,298.274,1012.356,1020.925,849.237,898.095,1047.694,300.068,299.729,298.457,298.698
5123,1.423055556,974.491,337.263,771.928,348.366,301.051,298.14,298.274,1012.356,1020.925,849.237,898.095,1047.694,300.068,299.729,298.457,298.698
5124,1.423333333,974.491,337.263,771.928,348.366,301.051,298.14,298.274,1012.356,1020.925,849.237,898.095,1047.694,300.068,299.729,298.457,298.698
5125,1.423611111,974.339,337.285,771.954,348.369,301.048,298.128,298.28,1012.697,1020.953,849.23,898.11,1047.762,300.078,299.726,298.447,298.696
5126,1.423888889,974.339,337.285,771.954,348.369,301.048,298.128,298.28,1012.697,1020.953,849.23,898.11,1047.762,300.078,299.726,298.447,298.696
5127,1.424166667,974.339,337.285,771.954,348.369,301.048,298.128,298.28,1012.697,1020.953,849.23,898.11,1047.762,300.078,299.726,298.447,298.696
5128,1.424444444,974.184,337.305,771.989,348.391,301.062,298.128,298.283,1012.651,1021.002,849.24,898.112,1047.82,300.081,299.733,298.461,298.699
5129,1.424722222,974.184,337.305,771.989,348.391,301.062,298.128,298.283,1012.651,1021.002,849.24,898.112,1047.82,300.081,299.733,298.461,298.699
5130,1.425,974.184,337.305,771.989,348.391,301.062,298.128,298.283,1012.651,1021.002,849.24,898.112,1047.82,300.081,299.733,298.461,298.699
5131,1.425277778,974.184,337.305,771.989,348.391,301.062,298.128,298.283,1012.651,1021.002,849.24,898.112,1047.82,300.081,299.733,298.461,298.699
5132,1.425555556,974.301,337.322,772.001,348.394,301.045,298.149,298.28,1012.171,1021.034,849.251,898.091,1047.822,300.081,299.733,298.465,298.699
5133,1.425833333,974.301,337.322,772.001,348.394,301.045,298.149,298.28,1012.171,1021.034,849.251,898.091,1047.822,300.081,299.733,298.465,298.699
5134,1.426111111,974.301,337.322,772.001,348.394,301.045,298.149,298.28,1012.171,1021.034,849.251,898.091,1047.822,300.081,299.733,298.465,298.699
5135,1.426388889,974.251,337.343,772.009,348.404,301.045,298.133,298.277,1012.024,1021.052,849.262,898.128,1047.829,300.082,299.737,298.463,298.697
5136,1.426666667,974.251,337.343,772.009,348.404,301.045,298.133,298.277,1012.024,1021.052,849.262,898.128,1047.829,300.082,299.737,298.463,298.697
5137,1.426944444,974.251,337.343,772.009,348.404,301.045,298.133,298.277,1012.024,1021.052,849.262,898.128,1047.829,300.082,299.737,298.463,298.697
5138,1.427222222,974.251,337.343,772.009,348.404,301.045,298.133,298.277,1012.024,1021.052,849.262,898.128,1047.829,300.082,299.737,298.463,298.697
5139,1.4275,974.011,337.369,772.024,348.416,301.049,298.145,298.294,1011.853,1021.069,849.282,898.146,1047.822,300.09,299.741,298.457,298.702
5140,1.427777778,974.011,337.369,772.024,348.416,301.049,298.145,298.294,1011.853,1021.069,849.282,898.146,1047.822,300.09,299.741,298.457,298.702
5141,1.428055556,974.011,337.369,772.024,348.416,301.049,298.145,298.294,1011.853,1021.069,849.282,898.146,1047.822,300.09,299.741,298.457,298.702
5142,1.428333333,974.105,337.379,772.05,348.424,301.05,298.14,298.283,1011.718,1021.064,849.299,898.16,1047.807,300.094,299.742,298.469,298.703
5143,1.428611111,974.105,337.379,772.05,348.424,301.05,298.14,298.283,1011.718,1021.064,849.299,898.16,1047.807,300.094,299.742,298.469,298.703
5144,1.428888889,974.105,337.379,772.05,348.424,301.05,298.14,298.283,1011.718,1021.064,849.299,898.16,1047.807,300.094,299.742,298.469,298.703
5145,1.429166667,974.105,337.379,772.05,348.424,301.05,298.14,298.283,1011.718,1021.064,849.299,898.16,1047.807,300.094,299.742,298.469,298.703
5146,1.429444444,974.169,337.4,772.079,348.423,301.068,298.137,298.281,1011.975,1021.059,849.309,898.148,1047.746,300.09,299.744,298.471,298.708
5147,1.429722222,974.169,337.4,772.079,348.423,301.068,298.137,298.281,1011.975,1021.059,849.309,898.148,1047.746,300.09,299.744,298.471,298.708
5148,1.43,974.169,337.4,772.079,348.423,301.068,298.137,298.281,1011.975,1021.059,849.309,898.148,1047.746,300.09,299.744,298.471,298.708
5149,1.430277778,974.272,337.411,772.063,348.426,301.048,298.124,298.285,1012.415,1021.031,849.306,898.112,1047.709,300.083,299.74,298.46,298.704
5150,1.430555556,974.272,337.411,772.063,348.426,301.048,298.124,298.285,1012.415,1021.031,849.306,898.112,1047.709,300.083,299.74,298.46,298.704
5151,1.430833333,974.272,337.411,772.063,348.426,301.048,298.124,298.285,1012.415,1021.031,849.306,898.112,1047.709,300.083,299.74,298.46,298.704
5152,1.431111111,974.272,337.411,772.063,348.426,301.048,298.124,298.285,1012.415,1021.031,849.306,898.112,1047.709,300.083,299.74,298.46,298.704
5153,1.431388889,974.443,337.437,772.101,348.43,301.075,298.131,298.284,1012.378,1021.021,849.339,898.185,1047.718,300.1,299.753,298.473,298.717
5154,1.431666667,974.443,337.437,772.101,348.43,301.075,298.131,298.284,1012.378,1021.021,849.339,898.185,1047.718,300.1,299.753,298.473,298.717
5155,1.431944444,974.443,337.437,772.101,348.43,301.075,298.131,298.284,1012.378,1021.021,849.339,898.185,1047.718,300.1,299.753,298.473,298.717
5156,1.432222222,974.872,337.466,772.112,348.432,301.067,298.132,298.28,1012.657,1021.004,849.354,898.188,1047.706,300.102,299.754,298.464,298.718
5157,1.4325,974.872,337.466,772.112,348.432,301.067,298.132,298.28,1012.657,1021.004,849.354,898.188,1047.706,300.102,299.754,298.464,298.718
5158,1.432777778,974.872,337.466,772.112,348.432,301.067,298.132,298.28,1012.657,1021.004,849.354,898.188,1047.706,300.102,299.754,298.464,298.718
5159,1.433055556,974.872,337.466,772.112,348.432,301.067,298.132,298.28,1012.657,1021.004,849.354,898.188,1047.706,300.102,299.754,298.464,298.718
5160,1.433333333,975.171,337.478,772.127,348.445,301.073,298.133,298.29,1012.584,1020.99,849.367,898.224,1047.697,300.109,299.757,298.474,298.724
5161,1.433611111,975.171,337.478,772.127,348.445,301.073,298.133,298.29,1012.584,1020.99,849.367,898.224,1047.697,300.109,299.757,298.474,298.724
5162,1.433888889,975.171,337.478,772.127,348.445,301.073,298.133,298.29,1012.584,1020.99,849.367,898.224,1047.697,300.109,299.757,298.474,298.724
5163,1.434166667,975.28,337.489,772.132,348.445,301.038,298.112,298.261,1012.381,1020.967,849.382,898.212,1047.663,300.101,299.747,298.463,298.714
5164,1.434444444,975.28,337.489,772.132,348.445,301.038,298.112,298.261,1012.381,1020.967,849.382,898.212,1047.663,300.101,299.747,298.463,298.714
5165,1.434722222,975.28,337.489,772.132,348.445,301.038,298.112,298.261,1012.381,1020.967,849.382,898.212,1047.663,300.101,299.747,298.463,298.714
5166,1.435,975.28,337.489,772.132,348.445,301.038,298.112,298.261,1012.381,1020.967,849.382,898.212,1047.663,300.101,299.747,298.463,298.714
5167,1.435277778,975.302,337.512,772.171,348.455,301.07,298.128,298.275,1012.214,1020.963,849.404,898.241,1047.652,300.11,299.76,298.475,298.721
5168,1.435555556,975.302,337.512,772.171,348.455,301.07,298.128,298.275,1012.214,1020.963,849.404,898.241,1047.652,300.11,299.76,298.475,298.721
5169,1.435833333,975.302,337.512,772.171,348.455,301.07,298.128,298.275,1012.214,1020.963,849.404,898.241,1047.652,300.11,299.76,298.475,298.721
5170,1.436111111,975.819,337.541,772.178,348.468,301.069,298.125,298.282,1012.216,1020.955,849.407,898.218,1047.619,300.109,299.762,298.47,298.717
5171,1.436388889,975.819,337.541,772.178,348.468,301.069,298.125,298.282,1012.216,1020.955,849.407,898.218,1047.619,300.109,299.762,298.47,298.717
5172,1.436666667,975.819,337.541,772.178,348.468,301.069,298.125,298.282,1012.216,1020.955,849.407,898.218,1047.619,300.109,299.762,298.47,298.717
5173,1.436944444,975.819,337.541,772.178,348.468,301.069,298.125,298.282,1012.216,1020.955,849.407,898.218,1047.619,300.109,299.762,298.47,298.717
5174,1.437222222,976.212,337.547,772.171,348.479,301.062,298.125,298.276,1012.415,1020.93,849.426,898.237,1047.598,300.112,299.761,298.474,298.717
5175,1.4375,976.212,337.547,772.171,348.479,301.062,298.125,298.276,1012.415,1020.93,849.426,898.237,1047.598,300.112,299.761,298.474,298.717
5176,1.437777778,976.212,337.547,772.171,348.479,301.062,298.125,298.276,1012.415,1020.93,849.426,898.237,1047.598,300.112,299.761,298.474,298.717
5177,1.438055556,976.291,337.567,772.186,348.488,301.08,298.136,298.272,1012.676,1020.911,849.438,898.235,1047.56,300.118,299.765,298.478,298.726
5178,1.438333333,976.291,337.567,772.186,348.488,301.08,298.136,298.272,1012.676,1020.911,849.438,898.235,1047.56,300.118,299.765,298.478,298.726
5179,1.438611111,976.291,337.567,772.186,348.488,301.08,298.136,298.272,1012.676,1020.911,849.438,898.235,1047.56,300.118,299.765,298.478,298.726
5180,1.438888889,976.291,337.567,772.186,348.488,301.08,298.136,298.272,1012.676,1020.911,849.438,898.235,1047.56,300.118,299.765,298.478,298.726
5181,1.439166667,976.479,337.58,772.239,348.493,301.068,298.139,298.267,1013.103,1020.897,849.444,898.253,1047.561,300.122,299.758,298.479,298.724
5182,1.439444444,976.479,337.58,772.239,348.493,301.068,298.139,298.267,1013.103,1020.897,849.444,898.253,1047.561,300.122,299.758,298.479,298.724
5183,1.439722222,976.479,337.58,772.239,348.493,301.068,298.139,298.267,1013.103,1020.897,849.444,898.253,1047.561,300.122,299.758,298.479,298.724
5184,1.44,976.57,337.606,772.268,348.5,301.07,298.126,298.272,1013.634,1020.882,849.46,898.285,1047.58,300.114,299.761,298.481,298.722
5185,1.440277778,976.57,337.606,772.268,348.5,301.07,298.126,298.272,1013.634,1020.882,849.46,898.285,1047.58,300.114,299.761,298.481,298.722
5186,1.440555556,976.57,337.606,772.268,348.5,301.07,298.126,298.272,1013.634,1020.882,849.46,898.285,1047.58,300.114,299.761,298.481,298.722
5187,1.440833333,976.57,337.606,772.268,348.5,301.07,298.126,298.272,1013.634,1020.882,849.46,898.285,1047.58,300.114,299.761,298.481,298.722
5188,1.441111111,976.807,337.624,772.301,348.512,301.086,298.124,298.27,1013.751,1020.88,849.475,898.286,1047.586,300.122,299.764,298.482,298.737
5189,1.441388889,976.807,337.624,772.301,348.512,301.086,298.124,298.27,1013.751,1020.88,849.475,898.286,1047.586,300.122,299.764,298.482,298.737
5190,1.441666667,976.807,337.624,772.301,348.512,301.086,298.124,298.27,1013.751,1020.88,849.475,898.286,1047.586,300.122,299.764,298.482,298.737
5191,1.441944444,976.807,337.624,772.301,348.512,301.086,298.124,298.27,1013.751,1020.88,849.475,898.286,1047.586,300.122,299.764,298.482,298.737
5192,1.442222222,976.83,337.651,772.299,348.535,301.099,298.121,298.274,1013.5,1020.896,849.491,898.273,1047.616,300.136,299.78,298.504,298.74
5193,1.4425,976.83,337.651,772.299,348.535,301.099,298.121,298.274,1013.5,1020.896,849.491,898.273,1047.616,300.136,299.78,298.504,298.74
5194,1.442777778,976.83,337.651,772.299,348.535,301.099,298.121,298.274,1013.5,1020.896,849.491,898.273,1047.616,300.136,299.78,298.504,298.74
5195,1.443055556,976.523,337.664,772.304,348.536,301.083,298.117,298.268,1013.262,1020.903,849.49,898.277,1047.619,300.127,299.774,298.489,298.728
5196,1.443333333,976.523,337.664,772.304,348.536,301.083,298.117,298.268,1013.262,1020.903,849.49,898.277,1047.619,300.127,299.774,298.489,298.728
5197,1.443611111,976.523,337.664,772.304,348.536,301.083,298.117,298.268,1013.262,1020.903,849.49,898.277,1047.619,300.127,299.774,298.489,298.728
5198,1.443888889,976.7,337.686,772.352,348.551,301.1,298.124,298.267,1013.091,1020.932,849.512,898.308,1047.668,300.142,299.783,298.505,298.754
5199,1.444166667,976.7,337.686,772.352,348.551,301.1,298.124,298.267,1013.091,1020.932,849.512,898.308,1047.668,300.142,299.783,298.505,298.754
5200,1.444444444,976.7,337.686,772.352,348.551,301.1,298.124,298.267,1013.091,1020.932,849.512,898.308,1047.668,300.142,299.783,298.505,298.754
5201,1.444722222,976.7,337.686,772.352,348.551,301.1,298.124,298.267,1013.091,1020.932,849.512,898.308,1047.668,300.142,299.783,298.505,298.754
5202,1.445,976.854,337.703,772.349,348.546,301.091,298.114,298.26,1012.956,1020.942,849.522,898.303,1047.674,300.135,299.784,298.502,298.748
5203,1.445277778,976.854,337.703,772.349,348.546,301.091,298.114,298.26,1012.956,1020.942,849.522,898.303,1047.674,300.135,299.784,298.502,298.748
5204,1.445555556,976.854,337.703,772.349,348.546,301.091,298.114,298.26,1012.956,1020.942,849.522,898.303,1047.674,300.135,299.784,298.502,298.748
5205,1.445833333,976.516,337.719,772.355,348.555,301.1,298.127,298.262,1012.835,1020.962,849.531,898.301,1047.691,300.138,299.777,298.495,298.745
5206,1.446111111,976.516,337.719,772.355,348.555,301.1,298.127,298.262,1012.835,1020.962,849.531,898.301,1047.691,300.138,299.777,298.495,298.745
5207,1.446388889,976.516,337.719,772.355,348.555,301.1,298.127,298.262,1012.835,1020.962,849.531,898.301,1047.691,300.138,299.777,298.495,298.745
5208,1.446666667,976.516,337.719,772.355,348.555,301.1,298.127,298.262,1012.835,1020.962,849.531,898.301,1047.691,300.138,299.777,298.495,298.745
5209,1.446944444,976.558,337.731,772.39,348.56,301.102,298.123,298.261,1012.656,1020.976,849.536,898.317,1047.714,300.121,299.773,298.506,298.745
5210,1.447222222,976.558,337.731,772.39,348.56,301.102,298.123,298.261,1012.656,1020.976,849.536,898.317,1047.714,300.121,299.773,298.506,298.745
5211,1.4475,976.558,337.731,772.39,348.56,301.102,298.123,298.261,1012.656,1020.976,849.536,898.317,1047.714,300.121,299.773,298.506,298.745
5212,1.447777778,976.49,337.769,772.426,348.585,301.116,298.145,298.279,1012.681,1021.012,849.556,898.356,1047.746,300.144,299.796,298.508,298.76
5213,1.448055556,976.49,337.769,772.426,348.585,301.116,298.145,298.279,1012.681,1021.012,849.556,898.356,1047.746,300.144,299.796,298.508,298.76
5214,1.448333333,976.49,337.769,772.426,348.585,301.116,298.145,298.279,1012.681,1021.012,849.556,898.356,1047.746,300.144,299.796,298.508,298.76
5215,1.448611111,976.49,337.769,772.426,348.585,301.116,298.145,298.279,1012.681,1021.012,849.556,898.356,1047.746,300.144,299.796,298.508,298.76
5216,1.448888889,976.405,337.764,772.422,348.569,301.095,298.118,298.248,1012.609,1021.008,849.553,898.319,1047.736,300.138,299.78,298.504,298.752
5217,1.449166667,976.405,337.764,772.422,348.569,301.095,298.118,298.248,1012.609,1021.008,849.553,898.319,1047.736,300.138,299.78,298.504,298.752
5218,1.449444444,976.405,337.764,772.422,348.569,301.095,298.118,298.248,1012.609,1021.008,849.553,898.319,1047.736,300.138,299.78,298.504,298.752
5219,1.449722222,976.367,337.79,772.443,348.585,301.126,298.141,298.268,1012.581,1021.03,849.576,898.389,1047.777,300.155,299.798,298.512,298.768
5220,1.45,976.367,337.79,772.443,348.585,301.126,298.141,298.268,1012.581,1021.03,849.576,898.389,1047.777,300.155,299.798,298.512,298.768
5221,1.450277778,976.367,337.79,772.443,348.585,301.126,298.141,298.268,1012.581,1021.03,849.576,898.389,1047.777,300.155,299.798,298.512,298.768
5222,1.450555556,976.367,337.79,772.443,348.585,301.126,298.141,298.268,1012.581,1021.03,849.576,898.389,1047.777,300.155,299.798,298.512,298.768
5223,1.450833333,976.674,337.806,772.465,348.57,301.12,298.146,298.259,1012.586,1021.032,849.586,898.381,1047.771,300.153,299.798,298.513,298.764
5224,1.451111111,976.674,337.806,772.465,348.57,301.12,298.146,298.259,1012.586,1021.032,849.586,898.381,1047.771,300.153,299.798,298.513,298.764
5225,1.451388889,976.674,337.806,772.465,348.57,301.12,298.146,298.259,1012.586,1021.032,849.586,898.381,1047.771,300.153,299.798,298.513,298.764
5226,1.451666667,976.984,337.824,772.517,348.585,301.135,298.132,298.276,1012.46,1021.04,849.617,898.393,1047.773,300.155,299.808,298.515,298.77
5227,1.451944444,976.984,337.824,772.517,348.585,301.135,298.132,298.276,1012.46,1021.04,849.617,898.393,1047.773,300.155,299.808,298.515,298.77
5228,1.452222222,976.984,337.824,772.517,348.585,301.135,298.132,298.276,1012.46,1021.04,849.617,898.393,1047.773,300.155,299.808,298.515,298.77
5229,1.4525,976.984,337.824,772.517,348.585,301.135,298.132,298.276,1012.46,1021.04,849.617,898.393,1047.773,300.155,299.808,298.515,298.77
5230,1.452777778,977.212,337.849,772.531,348.586,301.131,298.137,298.271,1012.787,1021.032,849.623,898.408,1047.731,300.153,299.807,298.512,298.771
5231,1.453055556,977.212,337.849,772.531,348.586,301.131,298.137,298.271,1012.787,1021.032,849.623,898.408,1047.731,300.153,299.807,298.512,298.771
5232,1.453333333,977.212,337.849,772.531,348.586,301.131,298.137,298.271,1012.787,1021.032,849.623,898.408,1047.731,300.153,299.807,298.512,298.771
5233,1.453611111,977.582,337.869,772.545,348.59,301.147,298.142,298.26,1012.656,1021.024,849.643,898.451,1047.743,300.167,299.804,298.526,298.776
5234,1.453888889,977.582,337.869,772.545,348.59,301.147,298.142,298.26,1012.656,1021.024,849.643,898.451,1047.743,300.167,299.804,298.526,298.776
5235,1.454166667,977.582,337.869,772.545,348.59,301.147,298.142,298.26,1012.656,1021.024,849.643,898.451,1047.743,300.167,299.804,298.526,298.776
5236,1.454444444,977.582,337.869,772.545,348.59,301.147,298.142,298.26,1012.656,1021.024,849.643,898.451,1047.743,300.167,299.804,298.526,298.776
5237,1.454722222,977.471,337.897,772.571,348.6,301.149,298.144,298.277,1012.451,1021.012,849.666,898.412,1047.676,300.167,299.814,298.526,298.785
5238,1.455,977.471,337.897,772.571,348.6,301.149,298.144,298.277,1012.451,1021.012,849.666,898.412,1047.676,300.167,299.814,298.526,298.785
5239,1.455277778,977.471,337.897,772.571,348.6,301.149,298.144,298.277,1012.451,1021.012,849.666,898.412,1047.676,300.167,299.814,298.526,298.785
5240,1.455555556,977.234,337.907,772.574,348.61,301.147,298.135,298.273,1012.209,1021.001,849.686,898.451,1047.652,300.174,299.811,298.536,298.786
5241,1.455833333,977.234,337.907,772.574,348.61,301.147,298.135,298.273,1012.209,1021.001,849.686,898.451,1047.652,300.174,299.811,298.536,298.786
5242,1.456111111,977.234,337.907,772.574,348.61,301.147,298.135,298.273,1012.209,1021.001,849.686,898.451,1047.652,300.174,299.811,298.536,298.786
5243,1.456388889,977.234,337.907,772.574,348.61,301.147,298.135,298.273,1012.209,1021.001,849.686,898.451,1047.652,300.174,299.811,298.536,298.786
5244,1.456666667,977.256,337.93,772.591,348.612,301.151,298.141,298.271,1012.195,1020.969,849.695,898.459,1047.626,300.168,299.808,298.54,298.791
5245,1.456944444,977.256,337.93,772.591,348.612,301.151,298.141,298.271,1012.195,1020.969,849.695,898.459,1047.626,300.168,299.808,298.54,298.791
5246,1.457222222,977.256,337.93,772.591,348.612,301.151,298.141,298.271,1012.195,1020.969,849.695,898.459,1047.626,300.168,299.808,298.54,298.791
5247,1.4575,977.137,337.935,772.576,348.607,301.14,298.142,298.261,1012.251,1020.928,849.705,898.468,1047.572,300.172,299.819,298.52,298.783
5248,1.457777778,977.137,337.935,772.576,348.607,301.14,298.142,298.261,1012.251,1020.928,849.705,898.468,1047.572,300.172,299.819,298.52,298.783
5249,1.458055556,977.137,337.935,772.576,348.607,301.14,298.142,298.261,1012.251,1020.928,849.705,898.468,1047.572,300.172,299.819,298.52,298.783
5250,1.458333333,977.137,337.935,772.576,348.607,301.14,298.142,298.261,1012.251,1020.928,849.705,898.468,1047.572,300.172,299.819,298.52,298.783
5251,1.458611111,976.674,337.969,772.594,348.628,301.162,298.146,298.275,1012.485,1020.906,849.73,898.505,1047.547,300.183,299.826,298.537,298.793
5252,1.458888889,976.674,337.969,772.594,348.628,301.162,298.146,298.275,1012.485,1020.906,849.73,898.505,1047.547,300.183,299.826,298.537,298.793
5253,1.459166667,976.674,337.969,772.594,348.628,301.162,298.146,298.275,1012.485,1020.906,849.73,898.505,1047.547,300.183,299.826,298.537,298.793
5254,1.459444444,976.58,337.987,772.631,348.631,301.16,298.14,298.273,1012.615,1020.859,849.745,898.477,1047.502,300.187,299.823,298.538,298.8
5255,1.459722222,976.58,337.987,772.631,348.631,301.16,298.14,298.273,1012.615,1020.859,849.745,898.477,1047.502,300.187,299.823,298.538,298.8
5256,1.46,976.58,337.987,772.631,348.631,301.16,298.14,298.273,1012.615,1020.859,849.745,898.477,1047.502,300.187,299.823,298.538,298.8
5257,1.460277778,976.58,337.987,772.631,348.631,301.16,298.14,298.273,1012.615,1020.859,849.745,898.477,1047.502,300.187,299.823,298.538,298.8
5258,1.460555556,976.222,338.007,772.628,348.623,301.152,298.137,298.279,1012.722,1020.838,849.756,898.503,1047.466,300.192,299.827,298.539,298.798
5259,1.460833333,976.222,338.007,772.628,348.623,301.152,298.137,298.279,1012.722,1020.838,849.756,898.503,1047.466,300.192,299.827,298.539,298.798
5260,1.461111111,976.222,338.007,772.628,348.623,301.152,298.137,298.279,1012.722,1020.838,849.756,898.503,1047.466,300.192,299.827,298.539,298.798
5261,1.461388889,975.878,338.029,772.682,348.627,301.168,298.148,298.281,1013.293,1020.807,849.768,898.517,1047.47,300.195,299.836,298.552,298.797
5262,1.461666667,975.878,338.029,772.682,348.627,301.168,298.148,298.281,1013.293,1020.807,849.768,898.517,1047.47,300.195,299.836,298.552,298.797
5263,1.461944444,975.878,338.029,772.682,348.627,301.168,298.148,298.281,1013.293,1020.807,849.768,898.517,1047.47,300.195,299.836,298.552,298.797
5264,1.462222222,975.878,338.029,772.682,348.627,301.168,298.148,298.281,1013.293,1020.807,849.768,898.517,1047.47,300.195,299.836,298.552,298.797
5265,1.4625,975.066,338.043,772.706,348.637,301.16,298.131,298.262,1013.698,1020.785,849.774,898.53,1047.475,300.189,299.836,298.554,298.809
5266,1.462777778,975.066,338.043,772.706,348.637,301.16,298.131,298.262,1013.698,1020.785,849.774,898.53,1047.475,300.189,299.836,298.554,298.809
5267,1.463055556,975.066,338.043,772.706,348.637,301.16,298.131,298.262,1013.698,1020.785,849.774,898.53,1047.475,300.189,299.836,298.554,298.809
5268,1.463333333,974.751,338.056,772.717,348.643,301.156,298.138,298.263,1013.339,1020.779,849.779,898.514,1047.476,300.183,299.832,298.553,298.807
5269,1.463611111,974.751,338.056,772.717,348.643,301.156,298.138,298.263,1013.339,1020.779,849.779,898.514,1047.476,300.183,299.832,298.553,298.807
5270,1.463888889,974.751,338.056,772.717,348.643,301.156,298.138,298.263,1013.339,1020.779,849.779,898.514,1047.476,300.183,299.832,298.553,298.807
5271,1.464166667,974.751,338.056,772.717,348.643,301.156,298.138,298.263,1013.339,1020.779,849.779,898.514,1047.476,300.183,299.832,298.553,298.807
5272,1.464444444,974.783,338.058,772.728,348.646,301.179,298.124,298.259,1013.172,1020.798,849.799,898.499,1047.495,300.187,299.836,298.55,298.806
5273,1.464722222,974.783,338.058,772.728,348.646,301.179,298.124,298.259,1013.172,1020.798,849.799,898.499,1047.495,300.187,299.836,298.55,298.806
5274,1.465,974.783,338.058,772.728,348.646,301.179,298.124,298.259,1013.172,1020.798,849.799,898.499,1047.495,300.187,299.836,298.55,298.806
5275,1.465277778,974.493,338.098,772.763,348.669,301.174,298.146,298.28,1013.041,1020.823,849.812,898.543,1047.568,300.209,299.838,298.563,298.814
5276,1.465555556,974.493,338.098,772.763,348.669,301.174,298.146,298.28,1013.041,1020.823,849.812,898.543,1047.568,300.209,299.838,298.563,298.814
5277,1.465833333,974.493,338.098,772.763,348.669,301.174,298.146,298.28,1013.041,1020.823,849.812,898.543,1047.568,300.209,299.838,298.563,298.814
5278,1.466111111,974.493,338.098,772.763,348.669,301.174,298.146,298.28,1013.041,1020.823,849.812,898.543,1047.568,300.209,299.838,298.563,298.814
5279,1.466388889,974.474,338.097,772.764,348.662,301.176,298.136,298.262,1012.993,1020.838,849.802,898.537,1047.584,300.194,299.838,298.546,298.801
5280,1.466666667,974.474,338.097,772.764,348.662,301.176,298.136,298.262,1012.993,1020.838,849.802,898.537,1047.584,300.194,299.838,298.546,298.801
5281,1.466944444,974.474,338.097,772.764,348.662,301.176,298.136,298.262,1012.993,1020.838,849.802,898.537,1047.584,300.194,299.838,298.546,298.801
5282,1.467222222,974.808,338.123,772.798,348.677,301.178,298.135,298.269,1012.845,1020.868,849.814,898.544,1047.626,300.205,299.845,298.56,298.809
5283,1.4675,974.808,338.123,772.798,348.677,301.178,298.135,298.269,1012.845,1020.868,849.814,898.544,1047.626,300.205,299.845,298.56,298.809
5284,1.467777778,974.808,338.123,772.798,348.677,301.178,298.135,298.269,1012.845,1020.868,849.814,898.544,1047.626,300.205,299.845,298.56,298.809
5285,1.468055556,974.808,338.123,772.798,348.677,301.178,298.135,298.269,1012.845,1020.868,849.814,898.544,1047.626,300.205,299.845,298.56,298.809
5286,1.468333333,974.834,338.143,772.814,348.681,301.172,298.123,298.266,1012.477,1020.891,849.827,898.528,1047.651,300.206,299.85,298.56,298.809
5287,1.468611111,974.834,338.143,772.814,348.681,301.172,298.123,298.266,1012.477,1020.891,849.827,898.528,1047.651,300.206,299.85,298.56,298.809
5288,1.468888889,974.834,338.143,772.814,348.681,301.172,298.123,298.266,1012.477,1020.891,849.827,898.528,1047.651,300.206,299.85,298.56,298.809
5289,1.469166667,974.983,338.155,772.828,348.707,301.181,298.12,298.259,1012.281,1020.92,849.839,898.553,1047.667,300.206,299.842,298.559,298.817
5290,1.469444444,974.983,338.155,772.828,348.707,301.181,298.12,298.259,1012.281,1020.92,849.839,898.553,1047.667,300.206,299.842,298.559,298.817
5291,1.469722222,974.983,338.155,772.828,348.707,301.181,298.12,298.259,1012.281,1020.92,849.839,898.553,1047.667,300.206,299.842,298.559,298.817
5292,1.47,974.983,338.155,772.828,348.707,301.181,298.12,298.259,1012.281,1020.92,849.839,898.553,1047.667,300.206,299.842,298.559,298.817
5293,1.470277778,974.917,338.179,772.84,348.709,301.182,298.123,298.271,1012.231,1020.932,849.847,898.566,1047.694,300.211,299.85,298.559,298.81
5294,1.470555556,974.917,338.179,772.84,348.709,301.182,298.123,298.271,1012.231,1020.932,849.847,898.566,1047.694,300.211,299.85,298.559,298.81
5295,1.470833333,974.917,338.179,772.84,348.709,301.182,298.123,298.271,1012.231,1020.932,849.847,898.566,1047.694,300.211,299.85,298.559,298.81
5296,1.471111111,974.723,338.183,772.858,348.704,301.183,298.131,298.26,1012.038,1020.94,849.854,898.557,1047.689,300.203,299.849,298.564,298.808
5297,1.471388889,974.723,338.183,772.858,348.704,301.183,298.131,298.26,1012.038,1020.94,849.854,898.557,1047.689,300.203,299.849,298.564,298.808
5298,1.471666667,974.723,338.183,772.858,348.704,301.183,298.131,298.26,1012.038,1020.94,849.854,898.557,1047.689,300.203,299.849,298.564,298.808
5299,1.471944444,974.723,338.183,772.858,348.704,301.183,298.131,298.26,1012.038,1020.94,849.854,898.557,1047.689,300.203,299.849,298.564,298.808
5300,1.472222222,975.2,338.213,772.894,348.715,301.197,298.135,298.274,1011.759,1020.947,849.868,898.567,1047.666,300.213,299.845,298.567,298.819
5301,1.4725,975.2,338.213,772.894,348.715,301.197,298.135,298.274,1011.759,1020.947,849.868,898.567,1047.666,300.213,299.845,298.567,298.819
5302,1.472777778,975.2,338.213,772.894,348.715,301.197,298.135,298.274,1011.759,1020.947,849.868,898.567,1047.666,300.213,299.845,298.567,298.819
5303,1.473055556,975.431,338.236,772.882,348.728,301.192,298.132,298.279,1011.638,1020.951,849.89,898.582,1047.66,300.208,299.866,298.582,298.821
5304,1.473333333,975.431,338.236,772.882,348.728,301.192,298.132,298.279,1011.638,1020.951,849.89,898.582,1047.66,300.208,299.866,298.582,298.821
5305,1.473611111,975.431,338.236,772.882,348.728,301.192,298.132,298.279,1011.638,1020.951,849.89,898.582,1047.66,300.208,299.866,298.582,298.821
5306,1.473888889,975.431,338.236,772.882,348.728,301.192,298.132,298.279,1011.638,1020.951,849.89,898.582,1047.66,300.208,299.866,298.582,298.821
5307,1.474166667,975.575,338.252,772.917,348.741,301.191,298.131,298.281,1011.585,1020.942,849.917,898.611,1047.651,300.223,299.865,298.579,298.821
5308,1.474444444,975.575,338.252,772.917,348.741,301.191,298.131,298.281,1011.585,1020.942,849.917,898.611,1047.651,300.223,299.865,298.579,298.821
5309,1.474722222,975.575,338.252,772.917,348.741,301.191,298.131,298.281,1011.585,1020.942,849.917,898.611,1047.651,300.223,299.865,298.579,298.821
5310,1.475,975.594,338.281,772.934,348.739,301.221,298.129,298.275,1011.562,1020.929,849.926,898.619,1047.604,300.228,299.868,298.583,298.835
5311,1.475277778,975.594,338.281,772.934,348.739,301.221,298.129,298.275,1011.562,1020.929,849.926,898.619,1047.604,300.228,299.868,298.583,298.835
5312,1.475555556,975.594,338.281,772.934,348.739,301.221,298.129,298.275,1011.562,1020.929,849.926,898.619,1047.604,300.228,299.868,298.583,298.835
5313,1.475833333,975.594,338.281,772.934,348.739,301.221,298.129,298.275,1011.562,1020.929,849.926,898.619,1047.604,300.228,299.868,298.583,298.835
5314,1.476111111,975.181,338.279,772.924,348.746,301.194,298.144,298.268,1011.679,1020.894,849.929,898.576,1047.539,300.219,299.869,298.578,298.833
5315,1.476388889,975.181,338.279,772.924,348.746,301.194,298.144,298.268,1011.679,1020.894,849.929,898.576,1047.539,300.219,299.869,298.578,298.833
5316,1.476666667,975.181,338.279,772.924,348.746,301.194,298.144,298.268,1011.679,1020.894,849.929,898.576,1047.539,300.219,299.869,298.578,298.833
5317,1.476944444,975.351,338.305,772.968,348.743,301.215,298.148,298.282,1011.707,1020.871,849.952,898.649,1047.542,300.218,299.869,298.591,298.84
5318,1.477222222,975.351,338.305,772.968,348.743,301.215,298.148,298.282,1011.707,1020.871,849.952,898.649,1047.542,300.218,299.869,298.591,298.84
5319,1.4775,975.351,338.305,772.968,348.743,301.215,298.148,298.282,1011.707,1020.871,849.952,898.649,1047.542,300.218,299.869,298.591,298.84
5320,1.477777778,975.351,338.305,772.968,348.743,301.215,298.148,298.282,1011.707,1020.871,849.952,898.649,1047.542,300.218,299.869,298.591,298.84
5321,1.478055556,975.934,338.325,772.963,348.757,301.214,298.154,298.282,1011.811,1020.856,849.965,898.657,1047.529,300.227,299.885,298.594,298.848
5322,1.478333333,975.934,338.325,772.963,348.757,301.214,298.154,298.282,1011.811,1020.856,849.965,898.657,1047.529,300.227,299.885,298.594,298.848
5323,1.478611111,975.934,338.325,772.963,348.757,301.214,298.154,298.282,1011.811,1020.856,849.965,898.657,1047.529,300.227,299.885,298.594,298.848
5324,1.478888889,976.229,338.345,772.996,348.762,301.217,298.16,298.282,1011.999,1020.827,849.975,898.672,1047.481,300.226,299.876,298.594,298.855
5325,1.479166667,976.229,338.345,772.996,348.762,301.217,298.16,298.282,1011.999,1020.827,849.975,898.672,1047.481,300.226,299.876,298.594,298.855
5326,1.479444444,976.229,338.345,772.996,348.762,301.217,298.16,298.282,1011.999,1020.827,849.975,898.672,1047.481,300.226,299.876,298.594,298.855
5327,1.479722222,976.229,338.345,772.996,348.762,301.217,298.16,298.282,1011.999,1020.827,849.975,898.672,1047.481,300.226,299.876,298.594,298.855
5328,1.48,976.652,338.356,773.013,348.768,301.222,298.174,298.278,1012.382,1020.809,849.99,898.652,1047.478,300.227,299.871,298.6,298.852
5329,1.480277778,976.652,338.356,773.013,348.768,301.222,298.174,298.278,1012.382,1020.809,849.99,898.652,1047.478,300.227,299.871,298.6,298.852
5330,1.480555556,976.652,338.356,773.013,348.768,301.222,298.174,298.278,1012.382,1020.809,849.99,898.652,1047.478,300.227,299.871,298.6,298.852
5331,1.480833333,976.09,338.377,772.998,348.787,301.232,298.173,298.287,1012.583,1020.802,850.006,898.664,1047.488,300.246,299.882,298.609,298.856
5332,1.481111111,976.09,338.377,772.998,348.787,301.232,298.173,298.287,1012.583,1020.802,850.006,898.664,1047.488,300.246,299.882,298.609,298.856
5333,1.481388889,976.09,338.377,772.998,348.787,301.232,298.173,298.287,1012.583,1020.802,850.006,898.664,1047.488,300.246,299.882,298.609,298.856
5334,1.481666667,976.09,338.377,772.998,348.787,301.232,298.173,298.287,1012.583,1020.802,850.006,898.664,1047.488,300.246,299.882,298.609,298.856
5335,1.481944444,976.18,338.392,773.024,348.793,301.225,298.157,298.292,1012.582,1020.793,850.01,898.667,1047.48,300.248,299.885,298.602,298.855
5336,1.482222222,976.18,338.392,773.024,348.793,301.225,298.157,298.292,1012.582,1020.793,850.01,898.667,1047.48,300.248,299.885,298.602,298.855
5337,1.4825,976.18,338.392,773.024,348.793,301.225,298.157,298.292,1012.582,1020.793,850.01,898.667,1047.48,300.248,299.885,298.602,298.855
5338,1.482777778,976.025,338.41,773.016,348.795,301.226,298.152,298.282,1012.571,1020.78,850.014,898.671,1047.476,300.231,299.884,298.608,298.853
5339,1.483055556,976.025,338.41,773.016,348.795,301.226,298.152,298.282,1012.571,1020.78,850.014,898.671,1047.476,300.231,299.884,298.608,298.853
5340,1.483333333,976.025,338.41,773.016,348.795,301.226,298.152,298.282,1012.571,1020.78,850.014,898.671,1047.476,300.231,299.884,298.608,298.853
5341,1.483611111,976.025,338.41,773.016,348.795,301.226,298.152,298.282,1012.571,1020.78,850.014,898.671,1047.476,300.231,299.884,298.608,298.853
5342,1.483888889,975.8,338.429,773.058,348.796,301.231,298.15,298.293,1012.438,1020.792,850.032,898.671,1047.515,300.244,299.882,298.613,298.859
5343,1.484166667,975.8,338.429,773.058,348.796,301.231,298.15,298.293,1012.438,1020.792,850.032,898.671,1047.515,300.244,299.882,298.613,298.859
5344,1.484444444,975.8,338.429,773.058,348.796,301.231,298.15,298.293,1012.438,1020.792,850.032,898.671,1047.515,300.244,299.882,298.613,298.859
5345,1.484722222,975.8,338.429,773.058,348.796,301.231,298.15,298.293,1012.438,1020.792,850.032,898.671,1047.515,300.244,299.882,298.613,298.859
5346,1.485,975.858,338.444,773.092,348.791,301.239,298.149,298.283,1012.528,1020.802,850.03,898.704,1047.548,300.238,299.879,298.607,298.857
5347,1.485277778,975.858,338.444,773.092,348.791,301.239,298.149,298.283,1012.528,1020.802,850.03,898.704,1047.548,300.238,299.879,298.607,298.857
5348,1.485555556,975.858,338.444,773.092,348.791,301.239,298.149,298.283,1012.528,1020.802,850.03,898.704,1047.548,300.238,299.879,298.607,298.857
5349,1.485833333,975.94,338.47,773.123,348.803,301.252,298.172,298.3,1013.081,1020.827,850.056,898.721,1047.592,300.248,299.892,298.613,298.867
5350,1.486111111,975.94,338.47,773.123,348.803,301.252,298.172,298.3,1013.081,1020.827,850.056,898.721,1047.592,300.248,299.892,298.613,298.867
5351,1.486388889,975.94,338.47,773.123,348.803,301.252,298.172,298.3,1013.081,1020.827,850.056,898.721,1047.592,300.248,299.892,298.613,298.867
5352,1.486666667,975.683,338.476,773.146,348.798,301.249,298.162,298.285,1013.13,1020.847,850.058,898.723,1047.639,300.247,299.897,298.616,298.864
5353,1.486944444,975.683,338.476,773.146,348.798,301.249,298.162,298.285,1013.13,1020.847,850.058,898.723,1047.639,300.247,299.897,298.616,298.864
5354,1.487222222,975.683,338.476,773.146,348.798,301.249,298.162,298.285,1013.13,1020.847,850.058,898.723,1047.639,300.247,299.897,298.616,298.864
5355,1.4875,975.683,338.476,773.146,348.798,301.249,298.162,298.285,1013.13,1020.847,850.058,898.723,1047.639,300.247,299.897,298.616,298.864
5356,1.487777778,975.294,338.505,773.168,348.823,301.26,298.176,298.305,1012.833,1020.891,850.08,898.754,1047.692,300.255,299.906,298.625,298.877
5357,1.488055556,975.294,338.505,773.168,348.823,301.26,298.176,298.305,1012.833,1020.891,850.08,898.754,1047.692,300.255,299.906,298.625,298.877
5358,1.488333333,975.294,338.505,773.168,348.823,301.26,298.176,298.305,1012.833,1020.891,850.08,898.754,1047.692,300.255,299.906,298.625,298.877
5359,1.488611111,974.89,338.52,773.207,348.828,301.269,298.184,298.306,1012.649,1020.928,850.099,898.751,1047.717,300.265,299.901,298.63,298.881
5360,1.488888889,974.89,338.52,773.207,348.828,301.269,298.184,298.306,1012.649,1020.928,850.099,898.751,1047.717,300.265,299.901,298.63,298.881
5361,1.489166667,974.89,338.52,773.207,348.828,301.269,298.184,298.306,1012.649,1020.928,850.099,898.751,1047.717,300.265,299.901,298.63,298.881
5362,1.489444444,974.89,338.52,773.207,348.828,301.269,298.184,298.306,1012.649,1020.928,850.099,898.751,1047.717,300.265,299.901,298.63,298.881
