time,hour,T2,T3,T4,T8,T9,T10,T11,T12
0,0,294.179,294.347,294.395,295.871,294.422,294.365,294.279,294.484
1,0.000277778,294.179,294.347,294.395,295.871,294.422,294.365,294.279,294.484
2,0.000555556,294.179,294.347,294.395,295.871,294.422,294.365,294.279,294.484
3,0.000833333,294.189,294.355,294.392,295.853,294.435,294.373,294.287,294.485
4,0.001111111,294.189,294.355,294.392,295.853,294.435,294.373,294.287,294.485
5,0.001388889,294.189,294.355,294.392,295.853,294.435,294.373,294.287,294.485
6,0.001666667,294.189,294.355,294.392,295.853,294.435,294.373,294.287,294.485
7,0.001944444,294.173,294.345,294.394,295.835,294.427,294.379,294.297,294.466
8,0.002222222,294.173,294.345,294.394,295.835,294.427,294.379,294.297,294.466
9,0.0025,294.173,294.345,294.394,295.835,294.427,294.379,294.297,294.466
10,0.002777778,294.193,294.372,294.405,295.967,294.452,294.414,294.716,295.01
11,0.003055556,294.193,294.372,294.405,295.967,294.452,294.414,294.716,295.01
12,0.003333333,294.193,294.372,294.405,295.967,294.452,294.414,294.716,295.01
13,0.003611111,294.193,294.372,294.405,295.967,294.452,294.414,294.716,295.01
14,0.003888889,294.178,294.607,294.391,298.369,294.489,294.449,295.148,295.413
15,0.004166667,294.178,294.607,294.391,298.369,294.489,294.449,295.148,295.413
16,0.004444444,294.178,294.607,294.391,298.369,294.489,294.449,295.148,295.413
17,0.004722222,294.18,294.843,294.393,302.276,294.699,294.53,295.284,296.411
18,0.005,294.18,294.843,294.393,302.276,294.699,294.53,295.284,296.411
19,0.005277778,294.18,294.843,294.393,302.276,294.699,294.53,295.284,296.411
20,0.005555556,294.18,294.843,294.393,302.276,294.699,294.53,295.284,296.411
21,0.005833333,294.186,294.937,294.409,306.306,295.19,294.597,295.449,297.991
22,0.006111111,294.186,294.937,294.409,306.306,295.19,294.597,295.449,297.991
23,0.006388889,294.186,294.937,294.409,306.306,295.19,294.597,295.449,297.991
24,0.006666667,294.183,294.974,294.385,310.324,296.017,294.691,295.644,300.339
25,0.006944444,294.183,294.974,294.385,310.324,296.017,294.691,295.644,300.339
26,0.007222222,294.183,294.974,294.385,310.324,296.017,294.691,295.644,300.339
27,0.0075,294.183,294.974,294.385,310.324,296.017,294.691,295.644,300.339
28,0.007777778,294.194,294.858,294.385,314.25,297.237,294.842,296.081,303.285
29,0.008055556,294.194,294.858,294.385,314.25,297.237,294.842,296.081,303.285
30,0.008333333,294.194,294.858,294.385,314.25,297.237,294.842,296.081,303.285
31,0.008611111,294.183,295.083,294.378,317.872,298.704,295.059,296.793,306.388
32,0.008888889,294.183,295.083,294.378,317.872,298.704,295.059,296.793,306.388
33,0.009166667,294.183,295.083,294.378,317.872,298.704,295.059,296.793,306.388
34,0.009444444,294.183,295.083,294.378,317.872,298.704,295.059,296.793,306.388
35,0.009722222,294.183,295.384,294.397,321.426,300.454,295.459,297.539,309.655
36,0.01,294.183,295.384,294.397,321.426,300.454,295.459,297.539,309.655
37,0.010277778,294.183,295.384,294.397,321.426,300.454,295.459,297.539,309.655
38,0.010555556,294.188,295.525,294.399,325.091,302.439,295.957,298.744,313.138
39,0.010833333,294.188,295.525,294.399,325.091,302.439,295.957,298.744,313.138
40,0.011111111,294.188,295.525,294.399,325.091,302.439,295.957,298.744,313.138
41,0.011388889,294.188,295.525,294.399,325.091,302.439,295.957,298.744,313.138
42,0.011666667,294.195,295.865,294.392,328.643,304.564,296.573,299.884,316.641
43,0.011944444,294.195,295.865,294.392,328.643,304.564,296.573,299.884,316.641
44,0.012222222,294.195,295.865,294.392,328.643,304.564,296.573,299.884,316.641
45,0.0125,294.192,295.999,294.399,332.316,306.935,297.35,301.355,320.373
46,0.012777778,294.192,295.999,294.399,332.316,306.935,297.35,301.355,320.373
47,0.013055556,294.192,295.999,294.399,332.316,306.935,297.35,301.355,320.373
48,0.013333333,294.192,295.999,294.399,332.316,306.935,297.35,301.355,320.373
49,0.013611111,294.194,296.461,294.402,335.716,309.332,298.218,302.858,323.963
50,0.013888889,294.194,296.461,294.402,335.716,309.332,298.218,302.858,323.963
51,0.014166667,294.194,296.461,294.402,335.716,309.332,298.218,302.858,323.963
52,0.014444444,294.192,297.14,294.409,339.015,311.795,299.198,304.524,327.566
53,0.014722222,294.192,297.14,294.409,339.015,311.795,299.198,304.524,327.566
54,0.015,294.192,297.14,294.409,339.015,311.795,299.198,304.524,327.566
55,0.015277778,294.188,297.729,294.401,342.354,314.42,300.305,306.303,331.275
56,0.015555556,294.188,297.729,294.401,342.354,314.42,300.305,306.303,331.275
57,0.015833333,294.188,297.729,294.401,342.354,314.42,300.305,306.303,331.275
58,0.016111111,294.188,297.729,294.401,342.354,314.42,300.305,306.303,331.275
59,0.016388889,294.178,298.511,294.408,345.579,317.083,301.478,308.137,334.894
60,0.016666667,294.178,298.511,294.408,345.579,317.083,301.478,308.137,334.894
61,0.016944444,294.178,298.511,294.408,345.579,317.083,301.478,308.137,334.894
62,0.017222222,294.178,298.511,294.408,345.579,317.083,301.478,308.137,334.894
63,0.0175,294.197,299.281,294.413,348.777,319.746,302.701,310.011,338.432
64,0.017777778,294.197,299.281,294.413,348.777,319.746,302.701,310.011,338.432
65,0.018055556,294.197,299.281,294.413,348.777,319.746,302.701,310.011,338.432
66,0.018333333,294.186,300.14,294.409,351.979,322.478,304.044,311.975,342.041
67,0.018611111,294.186,300.14,294.409,351.979,322.478,304.044,311.975,342.041
68,0.018888889,294.186,300.14,294.409,351.979,322.478,304.044,311.975,342.041
69,0.019166667,294.195,301.063,294.428,355.067,325.225,305.41,313.981,345.576
70,0.019444444,294.195,301.063,294.428,355.067,325.225,305.41,313.981,345.576
71,0.019722222,294.195,301.063,294.428,355.067,325.225,305.41,313.981,345.576
72,0.02,294.195,301.063,294.428,355.067,325.225,305.41,313.981,345.576
73,0.020277778,294.201,301.973,294.435,358.125,327.984,306.823,315.98,349.046
74,0.020555556,294.201,301.973,294.435,358.125,327.984,306.823,315.98,349.046
75,0.020833333,294.201,301.973,294.435,358.125,327.984,306.823,315.98,349.046
76,0.021111111,294.187,302.913,294.436,361.112,330.652,308.204,317.944,352.391
77,0.021388889,294.187,302.913,294.436,361.112,330.652,308.204,317.944,352.391
78,0.021666667,294.187,302.913,294.436,361.112,330.652,308.204,317.944,352.391
79,0.021944444,294.187,302.913,294.436,361.112,330.652,308.204,317.944,352.391
80,0.022222222,294.191,303.901,294.441,364.205,333.422,309.681,319.979,355.831
81,0.0225,294.191,303.901,294.441,364.205,333.422,309.681,319.979,355.831
82,0.022777778,294.191,303.901,294.441,364.205,333.422,309.681,319.979,355.831
83,0.023055556,294.212,304.91,294.47,367.225,336.19,311.184,322.023,359.221
84,0.023333333,294.212,304.91,294.47,367.225,336.19,311.184,322.023,359.221
85,0.023611111,294.212,304.91,294.47,367.225,336.19,311.184,322.023,359.221
86,0.023888889,294.212,304.91,294.47,367.225,336.19,311.184,322.023,359.221
87,0.024166667,294.197,305.905,294.465,370.074,338.91,312.654,324.013,362.527
88,0.024444444,294.197,305.905,294.465,370.074,338.91,312.654,324.013,362.527
89,0.024722222,294.197,305.905,294.465,370.074,338.91,312.654,324.013,362.527
90,0.025,294.185,306.916,294.473,372.875,341.62,314.128,325.992,365.754
91,0.025277778,294.185,306.916,294.473,372.875,341.62,314.128,325.992,365.754
92,0.025555556,294.185,306.916,294.473,372.875,341.62,314.128,325.992,365.754
93,0.025833333,294.185,306.916,294.473,372.875,341.62,314.128,325.992,365.754
94,0.026111111,294.204,307.987,294.494,375.957,344.48,315.719,328.114,369.169
95,0.026388889,294.204,307.987,294.494,375.957,344.48,315.719,328.114,369.169
96,0.026666667,294.204,307.987,294.494,375.957,344.48,315.719,328.114,369.169
97,0.026944444,294.204,309.018,294.498,378.948,347.22,317.249,330.118,372.396
98,0.027222222,294.204,309.018,294.498,378.948,347.22,317.249,330.118,372.396
99,0.0275,294.204,309.018,294.498,378.948,347.22,317.249,330.118,372.396
100,0.027777778,294.204,309.018,294.498,378.948,347.22,317.249,330.118,372.396
101,0.028055556,294.208,310.054,294.513,381.854,349.977,318.784,332.105,375.634
102,0.028333333,294.208,310.054,294.513,381.854,349.977,318.784,332.105,375.634
103,0.028611111,294.208,310.054,294.513,381.854,349.977,318.784,332.105,375.634
104,0.028888889,294.202,311.088,294.53,384.795,352.687,320.298,334.074,378.789
105,0.029166667,294.202,311.088,294.53,384.795,352.687,320.298,334.074,378.789
106,0.029444444,294.202,311.088,294.53,384.795,352.687,320.298,334.074,378.789
107,0.029722222,294.202,311.088,294.53,384.795,352.687,320.298,334.074,378.789
108,0.03,294.207,312.147,294.538,387.783,355.482,321.882,336.111,382.026
109,0.030277778,294.207,312.147,294.538,387.783,355.482,321.882,336.111,382.026
110,0.030555556,294.207,312.147,294.538,387.783,355.482,321.882,336.111,382.026
111,0.030833333,294.208,313.186,294.547,390.641,358.232,323.403,338.054,385.159
112,0.031111111,294.208,313.186,294.547,390.641,358.232,323.403,338.054,385.159
113,0.031388889,294.208,313.186,294.547,390.641,358.232,323.403,338.054,385.159
114,0.031666667,294.208,313.186,294.547,390.641,358.232,323.403,338.054,385.159
115,0.031944444,294.201,314.203,294.571,393.355,360.954,324.924,340.018,388.256
116,0.032222222,294.201,314.203,294.571,393.355,360.954,324.924,340.018,388.256
117,0.0325,294.201,314.203,294.571,393.355,360.954,324.924,340.018,388.256
118,0.032777778,294.205,315.216,294.577,396.02,363.671,326.459,341.944,391.334
119,0.033055556,294.205,315.216,294.577,396.02,363.671,326.459,341.944,391.334
120,0.033333333,294.205,315.216,294.577,396.02,363.671,326.459,341.944,391.334
121,0.033611111,294.205,315.216,294.577,396.02,363.671,326.459,341.944,391.334
122,0.033888889,294.207,316.248,294.59,398.751,366.358,327.972,343.874,394.333
123,0.034166667,294.207,316.248,294.59,398.751,366.358,327.972,343.874,394.333
124,0.034444444,294.207,316.248,294.59,398.751,366.358,327.972,343.874,394.333
125,0.034722222,294.205,317.254,294.608,401.416,369.027,329.486,345.783,397.314
126,0.035,294.205,317.254,294.608,401.416,369.027,329.486,345.783,397.314
127,0.035277778,294.205,317.254,294.608,401.416,369.027,329.486,345.783,397.314
128,0.035555556,294.205,317.254,294.608,401.416,369.027,329.486,345.783,397.314
129,0.035833333,294.212,318.27,294.621,404.079,371.69,330.987,347.67,400.273
130,0.036111111,294.212,318.27,294.621,404.079,371.69,330.987,347.67,400.273
131,0.036388889,294.212,318.27,294.621,404.079,371.69,330.987,347.67,400.273
132,0.036666667,294.204,319.284,294.629,406.65,374.296,332.484,349.538,403.178
133,0.036944444,294.204,319.284,294.629,406.65,374.296,332.484,349.538,403.178
134,0.037222222,294.204,319.284,294.629,406.65,374.296,332.484,349.538,403.178
135,0.0375,294.204,319.284,294.629,406.65,374.296,332.484,349.538,403.178
136,0.037777778,294.22,320.281,294.663,409.14,376.871,333.959,351.384,406.017
137,0.038055556,294.22,320.281,294.663,409.14,376.871,333.959,351.384,406.017
138,0.038333333,294.22,320.281,294.663,409.14,376.871,333.959,351.384,406.017
139,0.038611111,294.216,321.334,294.689,411.753,379.512,335.46,353.256,408.894
140,0.038888889,294.216,321.334,294.689,411.753,379.512,335.46,353.256,408.894
141,0.039166667,294.216,321.334,294.689,411.753,379.512,335.46,353.256,408.894
142,0.039444444,294.216,321.334,294.689,411.753,379.512,335.46,353.256,408.894
143,0.039722222,294.215,322.308,294.7,414.179,382.077,336.92,355.064,411.694
144,0.04,294.215,322.308,294.7,414.179,382.077,336.92,355.064,411.694
145,0.040277778,294.215,322.308,294.7,414.179,382.077,336.92,355.064,411.694
146,0.040555556,294.207,323.276,294.713,416.538,384.595,338.357,356.832,414.43
147,0.040833333,294.207,323.276,294.713,416.538,384.595,338.357,356.832,414.43
148,0.041111111,294.207,323.276,294.713,416.538,384.595,338.357,356.832,414.43
149,0.041388889,294.207,323.276,294.713,416.538,384.595,338.357,356.832,414.43
150,0.041666667,294.215,324.234,294.735,419,387.101,339.794,358.618,417.127
151,0.041944444,294.215,324.234,294.735,419,387.101,339.794,358.618,417.127
152,0.042222222,294.215,324.234,294.735,419,387.101,339.794,358.618,417.127
153,0.0425,294.224,325.185,294.762,421.337,389.585,341.223,360.36,419.798
154,0.042777778,294.224,325.185,294.762,421.337,389.585,341.223,360.36,419.798
155,0.043055556,294.224,325.185,294.762,421.337,389.585,341.223,360.36,419.798
156,0.043333333,294.224,325.185,294.762,421.337,389.585,341.223,360.36,419.798
157,0.043611111,294.206,326.087,294.769,423.583,391.965,342.588,362.057,422.348
158,0.043888889,294.206,326.087,294.769,423.583,391.965,342.588,362.057,422.348
159,0.044166667,294.206,326.087,294.769,423.583,391.965,342.588,362.057,422.348
160,0.044444444,294.23,327.04,294.811,425.799,394.345,343.979,363.727,424.873
161,0.044722222,294.23,327.04,294.811,425.799,394.345,343.979,363.727,424.873
162,0.045,294.23,327.04,294.811,425.799,394.345,343.979,363.727,424.873
163,0.045277778,294.23,327.04,294.811,425.799,394.345,343.979,363.727,424.873
164,0.045555556,294.211,327.918,294.826,427.856,396.697,345.313,365.335,427.345
165,0.045833333,294.211,327.918,294.826,427.856,396.697,345.313,365.335,427.345
166,0.046111111,294.211,327.918,294.826,427.856,396.697,345.313,365.335,427.345
167,0.046388889,294.213,328.824,294.826,429.923,399.009,346.646,366.991,429.808
168,0.046666667,294.213,328.824,294.826,429.923,399.009,346.646,366.991,429.808
169,0.046944444,294.213,328.824,294.826,429.923,399.009,346.646,366.991,429.808
170,0.047222222,294.213,328.824,294.826,429.923,399.009,346.646,366.991,429.808
171,0.0475,294.223,329.733,294.862,432.012,401.357,348.006,368.653,432.253
172,0.047777778,294.223,329.733,294.862,432.012,401.357,348.006,368.653,432.253
173,0.048055556,294.223,329.733,294.862,432.012,401.357,348.006,368.653,432.253
174,0.048333333,294.218,330.621,294.877,434.117,403.617,349.33,370.27,434.596
175,0.048611111,294.218,330.621,294.877,434.117,403.617,349.33,370.27,434.596
176,0.048888889,294.218,330.621,294.877,434.117,403.617,349.33,370.27,434.596
177,0.049166667,294.218,330.621,294.877,434.117,403.617,349.33,370.27,434.596
178,0.049444444,294.225,331.517,294.915,436.246,405.93,350.678,371.874,437.002
179,0.049722222,294.225,331.517,294.915,436.246,405.93,350.678,371.874,437.002
180,0.05,294.225,331.517,294.915,436.246,405.93,350.678,371.874,437.002
181,0.050277778,294.234,332.396,294.935,438.48,408.163,352.006,373.477,439.335
182,0.050555556,294.234,332.396,294.935,438.48,408.163,352.006,373.477,439.335
183,0.050833333,294.234,332.396,294.935,438.48,408.163,352.006,373.477,439.335
184,0.051111111,294.234,332.396,294.935,438.48,408.163,352.006,373.477,439.335
185,0.051388889,294.225,333.24,294.958,440.612,410.381,353.269,375.01,441.648
186,0.051666667,294.225,333.24,294.958,440.612,410.381,353.269,375.01,441.648
187,0.051944444,294.225,333.24,294.958,440.612,410.381,353.269,375.01,441.648
188,0.052222222,294.234,334.117,294.98,442.778,412.551,354.54,376.541,443.919
189,0.0525,294.234,334.117,294.98,442.778,412.551,354.54,376.541,443.919
190,0.052777778,294.234,334.117,294.98,442.778,412.551,354.54,376.541,443.919
191,0.053055556,294.234,334.117,294.98,442.778,412.551,354.54,376.541,443.919
192,0.053333333,294.23,334.927,295.009,444.847,414.713,355.794,378.05,446.195
193,0.053611111,294.23,334.927,295.009,444.847,414.713,355.794,378.05,446.195
194,0.053888889,294.23,334.927,295.009,444.847,414.713,355.794,378.05,446.195
195,0.054166667,294.222,335.755,295.03,447.009,416.876,357.042,379.566,448.442
196,0.054444444,294.222,335.755,295.03,447.009,416.876,357.042,379.566,448.442
197,0.054722222,294.222,335.755,295.03,447.009,416.876,357.042,379.566,448.442
198,0.055,294.222,335.755,295.03,447.009,416.876,357.042,379.566,448.442
199,0.055277778,294.229,336.614,295.057,449.211,419.04,358.31,381.044,450.703
200,0.055555556,294.229,336.614,295.057,449.211,419.04,358.31,381.044,450.703
201,0.055833333,294.229,336.614,295.057,449.211,419.04,358.31,381.044,450.703
202,0.056111111,294.22,337.412,295.066,451.382,421.142,359.517,382.494,452.887
203,0.056388889,294.22,337.412,295.066,451.382,421.142,359.517,382.494,452.887
204,0.056666667,294.22,337.412,295.066,451.382,421.142,359.517,382.494,452.887
205,0.056944444,294.227,338.205,295.101,453.274,423.201,360.704,383.929,455.057
206,0.057222222,294.227,338.205,295.101,453.274,423.201,360.704,383.929,455.057
207,0.0575,294.227,338.205,295.101,453.274,423.201,360.704,383.929,455.057
208,0.057777778,294.227,338.205,295.101,453.274,423.201,360.704,383.929,455.057
209,0.058055556,294.244,339.016,295.131,455.222,425.267,361.904,385.381,457.232
210,0.058333333,294.244,339.016,295.131,455.222,425.267,361.904,385.381,457.232
211,0.058611111,294.244,339.016,295.131,455.222,425.267,361.904,385.381,457.232
212,0.058888889,294.227,339.795,295.155,457.126,427.318,363.079,386.76,459.338
213,0.059166667,294.227,339.795,295.155,457.126,427.318,363.079,386.76,459.338
214,0.059444444,294.227,339.795,295.155,457.126,427.318,363.079,386.76,459.338
215,0.059722222,294.227,339.795,295.155,457.126,427.318,363.079,386.76,459.338
216,0.06,294.251,340.568,295.205,459.148,429.363,364.268,388.144,461.459
217,0.060277778,294.251,340.568,295.205,459.148,429.363,364.268,388.144,461.459
218,0.060555556,294.251,340.568,295.205,459.148,429.363,364.268,388.144,461.459
219,0.060833333,294.235,341.318,295.225,461.217,431.34,365.406,389.526,463.511
220,0.061111111,294.235,341.318,295.225,461.217,431.34,365.406,389.526,463.511
221,0.061388889,294.235,341.318,295.225,461.217,431.34,365.406,389.526,463.511
222,0.061666667,294.235,341.318,295.225,461.217,431.34,365.406,389.526,463.511
223,0.061944444,294.235,342.072,295.25,463.141,433.263,366.52,390.857,465.536
224,0.062222222,294.235,342.072,295.25,463.141,433.263,366.52,390.857,465.536
225,0.0625,294.235,342.072,295.25,463.141,433.263,366.52,390.857,465.536
226,0.062777778,294.243,342.841,295.274,465.071,435.247,367.655,392.194,467.562
227,0.063055556,294.243,342.841,295.274,465.071,435.247,367.655,392.194,467.562
228,0.063333333,294.243,342.841,295.274,465.071,435.247,367.655,392.194,467.562
229,0.063611111,294.243,342.841,295.274,465.071,435.247,367.655,392.194,467.562
230,0.063888889,294.24,343.62,295.303,466.836,437.209,368.786,393.527,469.598
231,0.064166667,294.24,343.62,295.303,466.836,437.209,368.786,393.527,469.598
232,0.064444444,294.24,343.62,295.303,466.836,437.209,368.786,393.527,469.598
233,0.064722222,294.24,344.379,295.341,468.47,439.149,369.91,394.857,471.609
234,0.065,294.24,344.379,295.341,468.47,439.149,369.91,394.857,471.609
235,0.065277778,294.24,344.379,295.341,468.47,439.149,369.91,394.857,471.609
236,0.065555556,294.24,344.379,295.341,468.47,439.149,369.91,394.857,471.609
237,0.065833333,294.238,345.106,295.369,470.02,441.065,371.011,396.148,473.583
238,0.066111111,294.238,345.106,295.369,470.02,441.065,371.011,396.148,473.583
239,0.066388889,294.238,345.106,295.369,470.02,441.065,371.011,396.148,473.583
240,0.066666667,294.24,345.862,295.399,471.721,442.967,372.13,397.458,475.535
241,0.066944444,294.24,345.862,295.399,471.721,442.967,372.13,397.458,475.535
242,0.067222222,294.24,345.862,295.399,471.721,442.967,372.13,397.458,475.535
243,0.0675,294.24,345.862,295.399,471.721,442.967,372.13,397.458,475.535
244,0.067777778,294.243,346.608,295.429,473.425,444.85,373.221,398.741,477.43
245,0.068055556,294.243,346.608,295.429,473.425,444.85,373.221,398.741,477.43
246,0.068333333,294.243,346.608,295.429,473.425,444.85,373.221,398.741,477.43
247,0.068611111,294.243,347.309,295.463,475.2,446.678,374.295,400.006,479.303
248,0.068888889,294.243,347.309,295.463,475.2,446.678,374.295,400.006,479.303
249,0.069166667,294.243,347.309,295.463,475.2,446.678,374.295,400.006,479.303
250,0.069444444,294.243,347.309,295.463,475.2,446.678,374.295,400.006,479.303
251,0.069722222,294.248,348.066,295.499,476.982,448.552,375.395,401.308,481.209
252,0.07,294.248,348.066,295.499,476.982,448.552,375.395,401.308,481.209
253,0.070277778,294.248,348.066,295.499,476.982,448.552,375.395,401.308,481.209
254,0.070555556,294.243,348.797,295.527,478.668,450.368,376.44,402.527,483.094
255,0.070833333,294.243,348.797,295.527,478.668,450.368,376.44,402.527,483.094
256,0.071111111,294.243,348.797,295.527,478.668,450.368,376.44,402.527,483.094
257,0.071388889,294.243,348.797,295.527,478.668,450.368,376.44,402.527,483.094
258,0.071666667,294.235,349.514,295.551,480.434,452.157,377.488,403.736,484.906
259,0.071944444,294.235,349.514,295.551,480.434,452.157,377.488,403.736,484.906
260,0.072222222,294.235,349.514,295.551,480.434,452.157,377.488,403.736,484.906
261,0.0725,294.261,350.233,295.6,482.091,453.92,378.522,404.957,486.72
262,0.072777778,294.261,350.233,295.6,482.091,453.92,378.522,404.957,486.72
263,0.073055556,294.261,350.233,295.6,482.091,453.92,378.522,404.957,486.72
264,0.073333333,294.261,350.233,295.6,482.091,453.92,378.522,404.957,486.72
265,0.073611111,294.249,350.933,295.632,483.698,455.671,379.538,406.169,488.51
266,0.073888889,294.249,350.933,295.632,483.698,455.671,379.538,406.169,488.51
267,0.074166667,294.249,350.933,295.632,483.698,455.671,379.538,406.169,488.51
268,0.074444444,294.252,351.654,295.655,485.244,457.417,380.553,407.354,490.306
269,0.074722222,294.252,351.654,295.655,485.244,457.417,380.553,407.354,490.306
270,0.075,294.252,351.654,295.655,485.244,457.417,380.553,407.354,490.306
271,0.075277778,294.252,351.654,295.655,485.244,457.417,380.553,407.354,490.306
272,0.075555556,294.252,352.365,295.698,486.672,459.157,381.563,408.547,492.059
273,0.075833333,294.252,352.365,295.698,486.672,459.157,381.563,408.547,492.059
274,0.076111111,294.252,352.365,295.698,486.672,459.157,381.563,408.547,492.059
275,0.076388889,294.245,353.035,295.717,488.224,460.84,382.546,409.7,493.797
276,0.076666667,294.245,353.035,295.717,488.224,460.84,382.546,409.7,493.797
277,0.076944444,294.245,353.035,295.717,488.224,460.84,382.546,409.7,493.797
278,0.077222222,294.245,353.035,295.717,488.224,460.84,382.546,409.7,493.797
279,0.0775,294.248,353.739,295.753,489.864,462.554,383.541,410.845,495.507
280,0.077777778,294.248,353.739,295.753,489.864,462.554,383.541,410.845,495.507
281,0.078055556,294.248,353.739,295.753,489.864,462.554,383.541,410.845,495.507
282,0.078333333,294.254,354.439,295.793,491.368,464.257,384.537,412.016,497.218
283,0.078611111,294.254,354.439,295.793,491.368,464.257,384.537,412.016,497.218
284,0.078888889,294.254,354.439,295.793,491.368,464.257,384.537,412.016,497.218
285,0.079166667,294.254,354.439,295.793,491.368,464.257,384.537,412.016,497.218
286,0.079444444,294.253,355.133,295.826,492.875,465.914,385.505,413.169,498.9
287,0.079722222,294.253,355.133,295.826,492.875,465.914,385.505,413.169,498.9
288,0.08,294.253,355.133,295.826,492.875,465.914,385.505,413.169,498.9
289,0.080277778,294.255,355.798,295.865,494.234,467.574,386.477,414.285,500.56
290,0.080555556,294.255,355.798,295.865,494.234,467.574,386.477,414.285,500.56
291,0.080833333,294.255,355.798,295.865,494.234,467.574,386.477,414.285,500.56
292,0.081111111,294.255,355.798,295.865,494.234,467.574,386.477,414.285,500.56
293,0.081388889,294.259,356.465,295.903,495.547,469.149,387.4,415.389,502.159
294,0.081666667,294.259,356.465,295.903,495.547,469.149,387.4,415.389,502.159
295,0.081944444,294.259,356.465,295.903,495.547,469.149,387.4,415.389,502.159
296,0.082222222,294.258,357.159,295.932,497.126,470.741,388.344,416.477,503.73
297,0.0825,294.258,357.159,295.932,497.126,470.741,388.344,416.477,503.73
298,0.082777778,294.258,357.159,295.932,497.126,470.741,388.344,416.477,503.73
299,0.083055556,294.255,357.816,295.953,498.313,472.27,389.261,417.52,505.282
300,0.083333333,294.255,357.816,295.953,498.313,472.27,389.261,417.52,505.282
301,0.083611111,294.255,357.816,295.953,498.313,472.27,389.261,417.52,505.282
302,0.083888889,294.255,357.816,295.953,498.313,472.27,389.261,417.52,505.282
303,0.084166667,294.259,358.471,295.996,499.374,473.822,390.194,418.605,506.82
304,0.084444444,294.259,358.471,295.996,499.374,473.822,390.194,418.605,506.82
305,0.084722222,294.259,358.471,295.996,499.374,473.822,390.194,418.605,506.82
306,0.085,294.27,359.11,296.048,500.6,475.338,391.106,419.642,508.304
307,0.085277778,294.27,359.11,296.048,500.6,475.338,391.106,419.642,508.304
308,0.085555556,294.27,359.11,296.048,500.6,475.338,391.106,419.642,508.304
309,0.085833333,294.27,359.11,296.048,500.6,475.338,391.106,419.642,508.304
310,0.086111111,294.268,359.789,296.09,502.088,476.843,392.021,420.704,509.793
311,0.086388889,294.268,359.789,296.09,502.088,476.843,392.021,420.704,509.793
312,0.086666667,294.268,359.789,296.09,502.088,476.843,392.021,420.704,509.793
313,0.086944444,294.271,360.437,296.119,503.65,478.323,392.914,421.737,511.247
314,0.087222222,294.271,360.437,296.119,503.65,478.323,392.914,421.737,511.247
315,0.0875,294.271,360.437,296.119,503.65,478.323,392.914,421.737,511.247
316,0.087777778,294.271,360.437,296.119,503.65,478.323,392.914,421.737,511.247
317,0.088055556,294.266,361.096,296.152,505.087,479.784,393.801,422.768,512.727
318,0.088333333,294.266,361.096,296.152,505.087,479.784,393.801,422.768,512.727
319,0.088611111,294.266,361.096,296.152,505.087,479.784,393.801,422.768,512.727
320,0.088888889,294.272,361.761,296.197,506.443,481.264,394.696,423.793,514.218
321,0.089166667,294.272,361.761,296.197,506.443,481.264,394.696,423.793,514.218
322,0.089444444,294.272,361.761,296.197,506.443,481.264,394.696,423.793,514.218
323,0.089722222,294.272,361.761,296.197,506.443,481.264,394.696,423.793,514.218
324,0.09,294.268,362.393,296.242,507.793,482.689,395.551,424.803,515.673
325,0.090277778,294.268,362.393,296.242,507.793,482.689,395.551,424.803,515.673
326,0.090555556,294.268,362.393,296.242,507.793,482.689,395.551,424.803,515.673
327,0.090833333,294.254,363.023,296.256,509.173,484.097,396.395,425.764,517.067
328,0.091111111,294.254,363.023,296.256,509.173,484.097,396.395,425.764,517.067
329,0.091388889,294.254,363.023,296.256,509.173,484.097,396.395,425.764,517.067
330,0.091666667,294.254,363.023,296.256,509.173,484.097,396.395,425.764,517.067
331,0.091944444,294.282,363.684,296.313,510.377,485.556,397.313,426.79,518.557
332,0.092222222,294.282,363.684,296.313,510.377,485.556,397.313,426.79,518.557
333,0.0925,294.282,363.684,296.313,510.377,485.556,397.313,426.79,518.557
334,0.092777778,294.277,364.315,296.343,511.517,486.977,398.144,427.769,519.973
335,0.093055556,294.277,364.315,296.343,511.517,486.977,398.144,427.769,519.973
336,0.093333333,294.277,364.315,296.343,511.517,486.977,398.144,427.769,519.973
337,0.093611111,294.274,364.951,296.389,512.651,488.369,399,428.734,521.354
338,0.093888889,294.274,364.951,296.389,512.651,488.369,399,428.734,521.354
339,0.094166667,294.274,364.951,296.389,512.651,488.369,399,428.734,521.354
340,0.094444444,294.274,364.951,296.389,512.651,488.369,399,428.734,521.354
341,0.094722222,294.28,365.576,296.435,513.805,489.75,399.828,429.7,522.732
342,0.095,294.28,365.576,296.435,513.805,489.75,399.828,429.7,522.732
343,0.095277778,294.28,365.576,296.435,513.805,489.75,399.828,429.7,522.732
344,0.095555556,294.275,366.191,296.478,514.937,491.078,400.645,430.606,524.021
345,0.095833333,294.275,366.191,296.478,514.937,491.078,400.645,430.606,524.021
346,0.096111111,294.275,366.191,296.478,514.937,491.078,400.645,430.606,524.021
347,0.096388889,294.275,366.191,296.478,514.937,491.078,400.645,430.606,524.021
348,0.096666667,294.287,366.824,296.521,516.12,492.459,401.491,431.58,525.376
349,0.096944444,294.287,366.824,296.521,516.12,492.459,401.491,431.58,525.376
350,0.097222222,294.287,366.824,296.521,516.12,492.459,401.491,431.58,525.376
351,0.0975,294.271,367.453,296.557,517.149,493.79,402.323,432.512,526.692
352,0.097777778,294.271,367.453,296.557,517.149,493.79,402.323,432.512,526.692
353,0.098055556,294.271,367.453,296.557,517.149,493.79,402.323,432.512,526.692
354,0.098333333,294.271,367.453,296.557,517.149,493.79,402.323,432.512,526.692
355,0.098611111,294.292,368.063,296.602,518.154,495.126,403.153,433.467,528.007
356,0.098888889,294.292,368.063,296.602,518.154,495.126,403.153,433.467,528.007
357,0.099166667,294.292,368.063,296.602,518.154,495.126,403.153,433.467,528.007
358,0.099444444,294.292,368.063,296.602,518.154,495.126,403.153,433.467,528.007
359,0.099722222,294.29,368.726,296.653,519.329,496.518,404.029,434.451,529.357
360,0.1,294.29,368.726,296.653,519.329,496.518,404.029,434.451,529.357
361,0.100277778,294.29,368.726,296.653,519.329,496.518,404.029,434.451,529.357
362,0.100555556,294.296,369.339,296.691,520.494,497.79,404.835,435.38,530.616
363,0.100833333,294.296,369.339,296.691,520.494,497.79,404.835,435.38,530.616
364,0.101111111,294.296,369.339,296.691,520.494,497.79,404.835,435.38,530.616
365,0.101388889,294.296,369.339,296.691,520.494,497.79,404.835,435.38,530.616
366,0.101666667,294.297,369.923,296.745,521.564,499.055,405.628,436.277,531.874
367,0.101944444,294.297,369.923,296.745,521.564,499.055,405.628,436.277,531.874
368,0.102222222,294.297,369.923,296.745,521.564,499.055,405.628,436.277,531.874
369,0.1025,294.291,370.502,296.783,522.701,500.282,406.41,437.151,533.096
370,0.102777778,294.291,370.502,296.783,522.701,500.282,406.41,437.151,533.096
371,0.103055556,294.291,370.502,296.783,522.701,500.282,406.41,437.151,533.096
372,0.103333333,294.291,370.502,296.783,522.701,500.282,406.41,437.151,533.096
373,0.103611111,294.298,371.117,296.827,523.943,501.542,407.206,438.074,534.357
374,0.103888889,294.298,371.117,296.827,523.943,501.542,407.206,438.074,534.357
375,0.104166667,294.298,371.117,296.827,523.943,501.542,407.206,438.074,534.357
376,0.104444444,294.297,371.72,296.876,525.039,502.777,407.98,438.93,535.571
377,0.104722222,294.297,371.72,296.876,525.039,502.777,407.98,438.93,535.571
378,0.105,294.297,371.72,296.876,525.039,502.777,407.98,438.93,535.571
379,0.105277778,294.297,371.72,296.876,525.039,502.777,407.98,438.93,535.571
380,0.105555556,294.292,372.313,296.914,526,503.992,408.745,439.801,536.798
381,0.105833333,294.292,372.313,296.914,526,503.992,408.745,439.801,536.798
382,0.106111111,294.292,372.313,296.914,526,503.992,408.745,439.801,536.798
383,0.106388889,294.299,372.898,296.954,526.794,505.188,409.495,440.638,537.991
384,0.106666667,294.299,372.898,296.954,526.794,505.188,409.495,440.638,537.991
385,0.106944444,294.299,372.898,296.954,526.794,505.188,409.495,440.638,537.991
386,0.107222222,294.299,372.898,296.954,526.794,505.188,409.495,440.638,537.991
387,0.1075,294.298,373.486,297.009,527.668,506.415,410.267,441.496,539.173
388,0.107777778,294.298,373.486,297.009,527.668,506.415,410.267,441.496,539.173
389,0.108055556,294.298,373.486,297.009,527.668,506.415,410.267,441.496,539.173
390,0.108333333,294.306,374.076,297.053,528.861,507.613,411.028,442.386,540.365
391,0.108611111,294.306,374.076,297.053,528.861,507.613,411.028,442.386,540.365
392,0.108888889,294.306,374.076,297.053,528.861,507.613,411.028,442.386,540.365
393,0.109166667,294.306,374.076,297.053,528.861,507.613,411.028,442.386,540.365
394,0.109444444,294.31,374.664,297.1,529.859,508.785,411.775,443.219,541.514
395,0.109722222,294.31,374.664,297.1,529.859,508.785,411.775,443.219,541.514
396,0.11,294.31,374.664,297.1,529.859,508.785,411.775,443.219,541.514
397,0.110277778,294.312,375.236,297.134,530.72,509.938,412.523,444.046,542.63
398,0.110555556,294.312,375.236,297.134,530.72,509.938,412.523,444.046,542.63
399,0.110833333,294.312,375.236,297.134,530.72,509.938,412.523,444.046,542.63
400,0.111111111,294.317,375.807,297.2,531.666,511.068,413.248,444.871,543.724
401,0.111388889,294.317,375.807,297.2,531.666,511.068,413.248,444.871,543.724
402,0.111666667,294.317,375.807,297.2,531.666,511.068,413.248,444.871,543.724
403,0.111944444,294.317,375.807,297.2,531.666,511.068,413.248,444.871,543.724
404,0.112222222,294.333,376.385,297.242,532.621,512.192,413.968,445.698,544.839
405,0.1125,294.333,376.385,297.242,532.621,512.192,413.968,445.698,544.839
406,0.112777778,294.333,376.385,297.242,532.621,512.192,413.968,445.698,544.839
407,0.113055556,294.321,376.948,297.294,533.489,513.284,414.703,446.52,545.919
408,0.113333333,294.321,376.948,297.294,533.489,513.284,414.703,446.52,545.919
409,0.113611111,294.321,376.948,297.294,533.489,513.284,414.703,446.52,545.919
410,0.113888889,294.321,376.948,297.294,533.489,513.284,414.703,446.52,545.919
411,0.114166667,294.336,377.52,297.327,534.202,514.377,415.409,447.312,546.966
412,0.114444444,294.336,377.52,297.327,534.202,514.377,415.409,447.312,546.966
413,0.114722222,294.336,377.52,297.327,534.202,514.377,415.409,447.312,546.966
414,0.115,294.33,378.074,297.377,535.061,515.477,416.128,448.089,548.03
415,0.115277778,294.33,378.074,297.377,535.061,515.477,416.128,448.089,548.03
416,0.115555556,294.33,378.074,297.377,535.061,515.477,416.128,448.089,548.03
417,0.115833333,294.33,378.074,297.377,535.061,515.477,416.128,448.089,548.03
418,0.116111111,294.331,378.625,297.423,535.931,516.532,416.818,448.869,549.04
419,0.116388889,294.331,378.625,297.423,535.931,516.532,416.818,448.869,549.04
420,0.116666667,294.331,378.625,297.423,535.931,516.532,416.818,448.869,549.04
421,0.116944444,294.332,379.189,297.473,536.846,517.614,417.542,449.668,550.075
422,0.117222222,294.332,379.189,297.473,536.846,517.614,417.542,449.668,550.075
423,0.1175,294.332,379.189,297.473,536.846,517.614,417.542,449.668,550.075
424,0.117777778,294.332,379.189,297.473,536.846,517.614,417.542,449.668,550.075
425,0.118055556,294.341,379.739,297.522,537.723,518.651,418.24,450.467,551.102
426,0.118333333,294.341,379.739,297.522,537.723,518.651,418.24,450.467,551.102
427,0.118611111,294.341,379.739,297.522,537.723,518.651,418.24,450.467,551.102
428,0.118888889,294.341,379.739,297.522,537.723,518.651,418.24,450.467,551.102
429,0.119166667,294.343,380.323,297.582,538.854,519.707,418.938,451.236,552.115
430,0.119444444,294.343,380.323,297.582,538.854,519.707,418.938,451.236,552.115
431,0.119722222,294.343,380.323,297.582,538.854,519.707,418.938,451.236,552.115
432,0.12,294.347,380.882,297.619,539.775,520.736,419.627,452.005,553.141
433,0.120277778,294.347,380.882,297.619,539.775,520.736,419.627,452.005,553.141
434,0.120555556,294.347,380.882,297.619,539.775,520.736,419.627,452.005,553.141
435,0.120833333,294.347,380.882,297.619,539.775,520.736,419.627,452.005,553.141
436,0.121111111,294.348,381.459,297.665,540.608,521.764,420.301,452.757,554.15
437,0.121388889,294.348,381.459,297.665,540.608,521.764,420.301,452.757,554.15
438,0.121666667,294.348,381.459,297.665,540.608,521.764,420.301,452.757,554.15
439,0.121944444,294.359,382.026,297.727,541.292,522.754,420.951,453.512,555.162
440,0.122222222,294.359,382.026,297.727,541.292,522.754,420.951,453.512,555.162
441,0.1225,294.359,382.026,297.727,541.292,522.754,420.951,453.512,555.162
442,0.122777778,294.361,382.549,297.769,541.988,523.749,421.611,454.231,556.14
443,0.123055556,294.361,382.549,297.769,541.988,523.749,421.611,454.231,556.14
444,0.123333333,294.361,382.549,297.769,541.988,523.749,421.611,454.231,556.14
445,0.123611111,294.361,382.549,297.769,541.988,523.749,421.611,454.231,556.14
446,0.123888889,294.36,383.067,297.804,542.706,524.726,422.251,454.948,557.1
447,0.124166667,294.36,383.067,297.804,542.706,524.726,422.251,454.948,557.1
448,0.124444444,294.36,383.067,297.804,542.706,524.726,422.251,454.948,557.1
449,0.124722222,294.378,383.605,297.861,543.231,525.717,422.911,455.676,558.045
450,0.125,294.378,383.605,297.861,543.231,525.717,422.911,455.676,558.045
451,0.125277778,294.378,383.605,297.861,543.231,525.717,422.911,455.676,558.045
452,0.125555556,294.378,383.605,297.861,543.231,525.717,422.911,455.676,558.045
453,0.125833333,294.359,384.144,297.908,543.925,526.693,423.547,456.389,558.953
454,0.126111111,294.359,384.144,297.908,543.925,526.693,423.547,456.389,558.953
455,0.126388889,294.359,384.144,297.908,543.925,526.693,423.547,456.389,558.953
456,0.126666667,294.365,384.68,297.946,544.649,527.654,424.2,457.104,559.85
457,0.126944444,294.365,384.68,297.946,544.649,527.654,424.2,457.104,559.85
458,0.127222222,294.365,384.68,297.946,544.649,527.654,424.2,457.104,559.85
459,0.1275,294.365,384.68,297.946,544.649,527.654,424.2,457.104,559.85
460,0.127777778,294.368,385.2,297.995,545.244,528.594,424.83,457.815,560.757
461,0.128055556,294.368,385.2,297.995,545.244,528.594,424.83,457.815,560.757
462,0.128333333,294.368,385.2,297.995,545.244,528.594,424.83,457.815,560.757
463,0.128611111,294.372,385.734,298.055,545.948,529.526,425.47,458.535,561.64
464,0.128888889,294.372,385.734,298.055,545.948,529.526,425.47,458.535,561.64
465,0.129166667,294.372,385.734,298.055,545.948,529.526,425.47,458.535,561.64
466,0.129444444,294.372,385.734,298.055,545.948,529.526,425.47,458.535,561.64
467,0.129722222,294.382,386.247,298.109,546.665,530.428,426.09,459.204,562.499
468,0.13,294.382,386.247,298.109,546.665,530.428,426.09,459.204,562.499
469,0.130277778,294.382,386.247,298.109,546.665,530.428,426.09,459.204,562.499
470,0.130555556,294.375,386.748,298.136,547.353,531.311,426.699,459.878,563.329
471,0.130833333,294.375,386.748,298.136,547.353,531.311,426.699,459.878,563.329
472,0.131111111,294.375,386.748,298.136,547.353,531.311,426.699,459.878,563.329
473,0.131388889,294.375,386.748,298.136,547.353,531.311,426.699,459.878,563.329
474,0.131666667,294.39,387.278,298.205,548.054,532.208,427.319,460.573,564.181
475,0.131944444,294.39,387.278,298.205,548.054,532.208,427.319,460.573,564.181
476,0.132222222,294.39,387.278,298.205,548.054,532.208,427.319,460.573,564.181
477,0.1325,294.391,387.799,298.259,548.801,533.104,427.931,461.266,565.013
478,0.132777778,294.391,387.799,298.259,548.801,533.104,427.931,461.266,565.013
479,0.133055556,294.391,387.799,298.259,548.801,533.104,427.931,461.266,565.013
480,0.133333333,294.391,387.799,298.259,548.801,533.104,427.931,461.266,565.013
481,0.133611111,294.385,388.316,298.302,549.559,533.969,428.556,461.938,565.861
482,0.133888889,294.385,388.316,298.302,549.559,533.969,428.556,461.938,565.861
483,0.134166667,294.385,388.316,298.302,549.559,533.969,428.556,461.938,565.861
484,0.134444444,294.397,388.838,298.352,550.154,534.82,429.156,462.589,566.684
485,0.134722222,294.397,388.838,298.352,550.154,534.82,429.156,462.589,566.684
486,0.135,294.397,388.838,298.352,550.154,534.82,429.156,462.589,566.684
487,0.135277778,294.397,388.838,298.352,550.154,534.82,429.156,462.589,566.684
488,0.135555556,294.411,389.359,298.411,550.781,535.681,429.771,463.259,567.525
489,0.135833333,294.411,389.359,298.411,550.781,535.681,429.771,463.259,567.525
490,0.136111111,294.411,389.359,298.411,550.781,535.681,429.771,463.259,567.525
491,0.136388889,294.403,389.868,298.453,551.411,536.508,430.343,463.894,568.344
492,0.136666667,294.403,389.868,298.453,551.411,536.508,430.343,463.894,568.344
493,0.136944444,294.403,389.868,298.453,551.411,536.508,430.343,463.894,568.344
494,0.137222222,294.403,389.868,298.453,551.411,536.508,430.343,463.894,568.344
495,0.1375,294.4,390.418,298.507,552.203,537.433,430.997,464.6,569.228
496,0.137777778,294.4,390.418,298.507,552.203,537.433,430.997,464.6,569.228
497,0.138055556,294.4,390.418,298.507,552.203,537.433,430.997,464.6,569.228
498,0.138333333,294.41,390.906,298.565,552.94,538.267,431.575,465.243,570.04
499,0.138611111,294.41,390.906,298.565,552.94,538.267,431.575,465.243,570.04
500,0.138888889,294.41,390.906,298.565,552.94,538.267,431.575,465.243,570.04
501,0.139166667,294.41,390.906,298.565,552.94,538.267,431.575,465.243,570.04
502,0.139444444,294.416,391.407,298.606,553.754,539.086,432.136,465.883,570.819
503,0.139722222,294.416,391.407,298.606,553.754,539.086,432.136,465.883,570.819
504,0.14,294.416,391.407,298.606,553.754,539.086,432.136,465.883,570.819
505,0.140277778,294.415,391.896,298.664,554.252,539.901,432.718,466.502,571.618
506,0.140555556,294.415,391.896,298.664,554.252,539.901,432.718,466.502,571.618
507,0.140833333,294.415,391.896,298.664,554.252,539.901,432.718,466.502,571.618
508,0.141111111,294.415,391.896,298.664,554.252,539.901,432.718,466.502,571.618
509,0.141388889,294.428,392.395,298.719,554.787,540.732,433.31,467.142,572.406
510,0.141666667,294.428,392.395,298.719,554.787,540.732,433.31,467.142,572.406
511,0.141944444,294.428,392.395,298.719,554.787,540.732,433.31,467.142,572.406
512,0.142222222,294.432,392.859,298.762,555.355,541.533,433.861,467.756,573.164
513,0.1425,294.432,392.859,298.762,555.355,541.533,433.861,467.756,573.164
514,0.142777778,294.432,392.859,298.762,555.355,541.533,433.861,467.756,573.164
515,0.143055556,294.432,392.859,298.762,555.355,541.533,433.861,467.756,573.164
516,0.143333333,294.424,393.372,298.821,556.034,542.329,434.432,468.368,573.918
517,0.143611111,294.424,393.372,298.821,556.034,542.329,434.432,468.368,573.918
518,0.143888889,294.424,393.372,298.821,556.034,542.329,434.432,468.368,573.918
519,0.144166667,294.431,393.879,298.857,556.568,543.114,434.998,468.99,574.657
520,0.144444444,294.431,393.879,298.857,556.568,543.114,434.998,468.99,574.657
521,0.144722222,294.431,393.879,298.857,556.568,543.114,434.998,468.99,574.657
522,0.145,294.431,393.879,298.857,556.568,543.114,434.998,468.99,574.657
523,0.145277778,294.44,394.368,298.92,557.19,543.907,435.563,469.608,575.407
524,0.145555556,294.44,394.368,298.92,557.19,543.907,435.563,469.608,575.407
525,0.145833333,294.44,394.368,298.92,557.19,543.907,435.563,469.608,575.407
526,0.146111111,294.452,394.839,298.963,557.76,544.652,436.11,470.193,576.106
527,0.146388889,294.452,394.839,298.963,557.76,544.652,436.11,470.193,576.106
528,0.146666667,294.452,394.839,298.963,557.76,544.652,436.11,470.193,576.106
529,0.146944444,294.452,394.839,298.963,557.76,544.652,436.11,470.193,576.106
530,0.147222222,294.451,395.329,299.017,558.53,545.406,436.659,470.809,576.846
531,0.1475,294.451,395.329,299.017,558.53,545.406,436.659,470.809,576.846
532,0.147777778,294.451,395.329,299.017,558.53,545.406,436.659,470.809,576.846
533,0.148055556,294.443,395.811,299.059,559.219,546.151,437.201,471.402,577.567
534,0.148333333,294.443,395.811,299.059,559.219,546.151,437.201,471.402,577.567
535,0.148611111,294.443,395.811,299.059,559.219,546.151,437.201,471.402,577.567
536,0.148888889,294.443,395.811,299.059,559.219,546.151,437.201,471.402,577.567
537,0.149166667,294.453,396.262,299.12,559.86,546.881,437.732,471.978,578.269
538,0.149444444,294.453,396.262,299.12,559.86,546.881,437.732,471.978,578.269
539,0.149722222,294.453,396.262,299.12,559.86,546.881,437.732,471.978,578.269
540,0.15,294.451,396.727,299.161,560.429,547.617,438.272,472.543,578.979
541,0.150277778,294.451,396.727,299.161,560.429,547.617,438.272,472.543,578.979
542,0.150555556,294.451,396.727,299.161,560.429,547.617,438.272,472.543,578.979
543,0.150833333,294.451,396.727,299.161,560.429,547.617,438.272,472.543,578.979
544,0.151111111,294.469,397.212,299.221,560.947,548.362,438.812,473.135,579.703
545,0.151388889,294.469,397.212,299.221,560.947,548.362,438.812,473.135,579.703
546,0.151666667,294.469,397.212,299.221,560.947,548.362,438.812,473.135,579.703
547,0.151944444,294.474,397.66,299.27,561.349,549.104,439.362,473.705,580.397
548,0.152222222,294.474,397.66,299.27,561.349,549.104,439.362,473.705,580.397
549,0.1525,294.474,397.66,299.27,561.349,549.104,439.362,473.705,580.397
550,0.152777778,294.474,397.66,299.27,561.349,549.104,439.362,473.705,580.397
551,0.153055556,294.472,398.15,299.317,561.905,549.818,439.874,474.283,581.073
552,0.153333333,294.472,398.15,299.317,561.905,549.818,439.874,474.283,581.073
553,0.153611111,294.472,398.15,299.317,561.905,549.818,439.874,474.283,581.073
554,0.153888889,294.482,398.609,299.365,562.55,550.537,440.408,474.852,581.777
555,0.154166667,294.482,398.609,299.365,562.55,550.537,440.408,474.852,581.777
556,0.154444444,294.482,398.609,299.365,562.55,550.537,440.408,474.852,581.777
557,0.154722222,294.482,398.609,299.365,562.55,550.537,440.408,474.852,581.777
558,0.155,294.483,399.092,299.418,563.136,551.243,440.933,475.407,582.436
559,0.155277778,294.483,399.092,299.418,563.136,551.243,440.933,475.407,582.436
560,0.155555556,294.483,399.092,299.418,563.136,551.243,440.933,475.407,582.436
561,0.155833333,294.492,399.56,299.463,563.775,551.936,441.443,475.958,583.097
562,0.156111111,294.492,399.56,299.463,563.775,551.936,441.443,475.958,583.097
563,0.156388889,294.492,399.56,299.463,563.775,551.936,441.443,475.958,583.097
564,0.156666667,294.492,399.56,299.463,563.775,551.936,441.443,475.958,583.097
565,0.156944444,294.49,400.008,299.518,564.269,552.642,441.948,476.531,583.775
566,0.157222222,294.49,400.008,299.518,564.269,552.642,441.948,476.531,583.775
567,0.1575,294.49,400.008,299.518,564.269,552.642,441.948,476.531,583.775
568,0.157777778,294.49,400.483,299.564,564.762,553.341,442.471,477.083,584.459
569,0.158055556,294.49,400.483,299.564,564.762,553.341,442.471,477.083,584.459
570,0.158333333,294.49,400.483,299.564,564.762,553.341,442.471,477.083,584.459
571,0.158611111,294.49,400.483,299.564,564.762,553.341,442.471,477.083,584.459
572,0.158888889,294.5,400.941,299.604,565.003,554.038,442.988,477.637,585.116
573,0.159166667,294.5,400.941,299.604,565.003,554.038,442.988,477.637,585.116
574,0.159444444,294.5,400.941,299.604,565.003,554.038,442.988,477.637,585.116
575,0.159722222,294.507,401.395,299.677,565.137,554.725,443.496,478.195,585.774
576,0.16,294.507,401.395,299.677,565.137,554.725,443.496,478.195,585.774
577,0.160277778,294.507,401.395,299.677,565.137,554.725,443.496,478.195,585.774
578,0.160555556,294.507,401.395,299.677,565.137,554.725,443.496,478.195,585.774
579,0.160833333,294.513,401.825,299.718,565.507,555.385,443.997,478.72,586.363
580,0.161111111,294.513,401.825,299.718,565.507,555.385,443.997,478.72,586.363
581,0.161388889,294.513,401.825,299.718,565.507,555.385,443.997,478.72,586.363
582,0.161666667,294.528,402.293,299.776,566.092,556.037,444.502,479.282,586.952
583,0.161944444,294.528,402.293,299.776,566.092,556.037,444.502,479.282,586.952
584,0.162222222,294.528,402.293,299.776,566.092,556.037,444.502,479.282,586.952
585,0.1625,294.528,402.293,299.776,566.092,556.037,444.502,479.282,586.952
586,0.162777778,294.519,402.758,299.819,566.683,556.673,445.008,479.822,587.539
587,0.163055556,294.519,402.758,299.819,566.683,556.673,445.008,479.822,587.539
588,0.163333333,294.519,402.758,299.819,566.683,556.673,445.008,479.822,587.539
589,0.163611111,294.531,403.242,299.88,567.258,557.311,445.52,480.351,588.117
590,0.163888889,294.531,403.242,299.88,567.258,557.311,445.52,480.351,588.117
591,0.164166667,294.531,403.242,299.88,567.258,557.311,445.52,480.351,588.117
592,0.164444444,294.531,403.242,299.88,567.258,557.311,445.52,480.351,588.117
593,0.164722222,294.545,403.697,299.935,567.643,557.925,446.021,480.88,588.708
594,0.165,294.545,403.697,299.935,567.643,557.925,446.021,480.88,588.708
595,0.165277778,294.545,403.697,299.935,567.643,557.925,446.021,480.88,588.708
596,0.165555556,294.534,404.128,299.971,567.996,558.527,446.498,481.392,589.272
597,0.165833333,294.534,404.128,299.971,567.996,558.527,446.498,481.392,589.272
598,0.166111111,294.534,404.128,299.971,567.996,558.527,446.498,481.392,589.272
599,0.166388889,294.534,404.128,299.971,567.996,558.527,446.498,481.392,589.272
600,0.166666667,294.537,404.568,300.018,568.345,559.137,446.975,481.904,589.828
601,0.166944444,294.537,404.568,300.018,568.345,559.137,446.975,481.904,589.828
602,0.167222222,294.537,404.568,300.018,568.345,559.137,446.975,481.904,589.828
603,0.1675,294.559,404.99,300.072,568.622,559.72,447.456,482.4,590.386
604,0.167777778,294.559,404.99,300.072,568.622,559.72,447.456,482.4,590.386
605,0.168055556,294.559,404.99,300.072,568.622,559.72,447.456,482.4,590.386
606,0.168333333,294.559,404.99,300.072,568.622,559.72,447.456,482.4,590.386
607,0.168611111,294.563,405.425,300.131,569.092,560.312,447.955,482.91,590.955
608,0.168888889,294.563,405.425,300.131,569.092,560.312,447.955,482.91,590.955
609,0.169166667,294.563,405.425,300.131,569.092,560.312,447.955,482.91,590.955
610,0.169444444,294.557,405.853,300.177,569.666,560.886,448.405,483.412,591.467
611,0.169722222,294.557,405.853,300.177,569.666,560.886,448.405,483.412,591.467
612,0.17,294.557,405.853,300.177,569.666,560.886,448.405,483.412,591.467
613,0.170277778,294.557,405.853,300.177,569.666,560.886,448.405,483.412,591.467
614,0.170555556,294.572,406.304,300.229,570.299,561.445,448.867,483.914,592.03
615,0.170833333,294.572,406.304,300.229,570.299,561.445,448.867,483.914,592.03
616,0.171111111,294.572,406.304,300.229,570.299,561.445,448.867,483.914,592.03
617,0.171388889,294.575,406.724,300.275,570.83,562.019,449.344,484.41,592.572
618,0.171666667,294.575,406.724,300.275,570.83,562.019,449.344,484.41,592.572
619,0.171944444,294.575,406.724,300.275,570.83,562.019,449.344,484.41,592.572
620,0.172222222,294.575,406.724,300.275,570.83,562.019,449.344,484.41,592.572
621,0.1725,294.589,407.154,300.332,571.274,562.594,449.8,484.905,593.13
622,0.172777778,294.589,407.154,300.332,571.274,562.594,449.8,484.905,593.13
623,0.173055556,294.589,407.154,300.332,571.274,562.594,449.8,484.905,593.13
624,0.173333333,294.597,407.604,300.384,571.755,563.176,450.263,485.386,593.69
625,0.173611111,294.597,407.604,300.384,571.755,563.176,450.263,485.386,593.69
626,0.173888889,294.597,407.604,300.384,571.755,563.176,450.263,485.386,593.69
627,0.174166667,294.597,407.604,300.384,571.755,563.176,450.263,485.386,593.69
628,0.174444444,294.589,407.976,300.423,572.293,563.747,450.709,485.876,594.244
629,0.174722222,294.589,407.976,300.423,572.293,563.747,450.709,485.876,594.244
630,0.175,294.589,407.976,300.423,572.293,563.747,450.709,485.876,594.244
631,0.175277778,294.601,408.421,300.494,572.815,564.317,451.172,486.347,594.793
632,0.175555556,294.601,408.421,300.494,572.815,564.317,451.172,486.347,594.793
633,0.175833333,294.601,408.421,300.494,572.815,564.317,451.172,486.347,594.793
634,0.176111111,294.608,408.822,300.529,573.208,564.865,451.588,486.809,595.331
635,0.176388889,294.608,408.822,300.529,573.208,564.865,451.588,486.809,595.331
636,0.176666667,294.608,408.822,300.529,573.208,564.865,451.588,486.809,595.331
637,0.176944444,294.608,408.822,300.529,573.208,564.865,451.588,486.809,595.331
638,0.177222222,294.605,409.23,300.58,573.647,565.418,452.022,487.273,595.869
639,0.1775,294.605,409.23,300.58,573.647,565.418,452.022,487.273,595.869
640,0.177777778,294.605,409.23,300.58,573.647,565.418,452.022,487.273,595.869
641,0.178055556,294.626,409.672,300.635,574.157,565.994,452.471,487.753,596.427
642,0.178333333,294.626,409.672,300.635,574.157,565.994,452.471,487.753,596.427
643,0.178611111,294.626,409.672,300.635,574.157,565.994,452.471,487.753,596.427
644,0.178888889,294.626,409.672,300.635,574.157,565.994,452.471,487.753,596.427
645,0.179166667,294.623,410.068,300.685,574.56,566.546,452.907,488.223,596.96
646,0.179444444,294.623,410.068,300.685,574.56,566.546,452.907,488.223,596.96
647,0.179722222,294.623,410.068,300.685,574.56,566.546,452.907,488.223,596.96
648,0.18,294.634,410.488,300.737,574.911,567.117,453.352,488.71,597.517
649,0.180277778,294.634,410.488,300.737,574.911,567.117,453.352,488.71,597.517
650,0.180555556,294.634,410.488,300.737,574.911,567.117,453.352,488.71,597.517
651,0.180833333,294.634,410.488,300.737,574.911,567.117,453.352,488.71,597.517
652,0.181111111,294.64,410.891,300.784,575.296,567.671,453.797,489.182,598.063
653,0.181388889,294.64,410.891,300.784,575.296,567.671,453.797,489.182,598.063
654,0.181666667,294.64,410.891,300.784,575.296,567.671,453.797,489.182,598.063
655,0.181944444,294.643,411.316,300.849,575.629,568.23,454.236,489.637,598.587
656,0.182222222,294.643,411.316,300.849,575.629,568.23,454.236,489.637,598.587
657,0.1825,294.643,411.316,300.849,575.629,568.23,454.236,489.637,598.587
658,0.182777778,294.643,411.316,300.849,575.629,568.23,454.236,489.637,598.587
659,0.183055556,294.655,411.735,300.89,575.925,568.783,454.664,490.091,599.099
660,0.183333333,294.655,411.735,300.89,575.925,568.783,454.664,490.091,599.099
661,0.183611111,294.655,411.735,300.89,575.925,568.783,454.664,490.091,599.099
662,0.183888889,294.65,412.109,300.928,576.226,569.316,455.097,490.55,599.608
663,0.184166667,294.65,412.109,300.928,576.226,569.316,455.097,490.55,599.608
664,0.184444444,294.65,412.109,300.928,576.226,569.316,455.097,490.55,599.608
665,0.184722222,294.65,412.109,300.928,576.226,569.316,455.097,490.55,599.608
666,0.185,294.657,412.556,300.988,576.491,569.845,455.521,491.018,600.09
667,0.185277778,294.657,412.556,300.988,576.491,569.845,455.521,491.018,600.09
668,0.185555556,294.657,412.556,300.988,576.491,569.845,455.521,491.018,600.09
669,0.185833333,294.666,412.948,301.04,576.824,570.365,455.948,491.486,600.613
670,0.186111111,294.666,412.948,301.04,576.824,570.365,455.948,491.486,600.613
671,0.186388889,294.666,412.948,301.04,576.824,570.365,455.948,491.486,600.613
672,0.186666667,294.666,412.948,301.04,576.824,570.365,455.948,491.486,600.613
673,0.186944444,294.69,413.423,301.085,577.211,570.906,456.393,491.959,601.091
674,0.187222222,294.69,413.423,301.085,577.211,570.906,456.393,491.959,601.091
675,0.1875,294.69,413.423,301.085,577.211,570.906,456.393,491.959,601.091
676,0.187777778,294.678,413.784,301.14,577.471,571.406,456.813,492.413,601.545
677,0.188055556,294.678,413.784,301.14,577.471,571.406,456.813,492.413,601.545
678,0.188333333,294.678,413.784,301.14,577.471,571.406,456.813,492.413,601.545
679,0.188611111,294.678,413.784,301.14,577.471,571.406,456.813,492.413,601.545
680,0.188888889,294.681,414.235,301.184,577.762,571.892,457.225,492.865,601.989
681,0.189166667,294.681,414.235,301.184,577.762,571.892,457.225,492.865,601.989
682,0.189444444,294.681,414.235,301.184,577.762,571.892,457.225,492.865,601.989
683,0.189722222,294.694,414.628,301.223,578.08,572.412,457.665,493.312,602.44
684,0.19,294.694,414.628,301.223,578.08,572.412,457.665,493.312,602.44
685,0.190277778,294.694,414.628,301.223,578.08,572.412,457.665,493.312,602.44
686,0.190555556,294.694,414.628,301.223,578.08,572.412,457.665,493.312,602.44
687,0.190833333,294.691,415.016,301.268,578.336,572.879,458.073,493.738,602.851
688,0.191111111,294.691,415.016,301.268,578.336,572.879,458.073,493.738,602.851
689,0.191388889,294.691,415.016,301.268,578.336,572.879,458.073,493.738,602.851
690,0.191666667,294.694,415.454,301.308,578.675,573.349,458.478,494.181,603.287
691,0.191944444,294.694,415.454,301.308,578.675,573.349,458.478,494.181,603.287
692,0.192222222,294.694,415.454,301.308,578.675,573.349,458.478,494.181,603.287
693,0.1925,294.703,415.806,301.345,579.114,573.797,458.879,494.62,603.708
694,0.192777778,294.703,415.806,301.345,579.114,573.797,458.879,494.62,603.708
695,0.193055556,294.703,415.806,301.345,579.114,573.797,458.879,494.62,603.708
696,0.193333333,294.703,415.806,301.345,579.114,573.797,458.879,494.62,603.708
697,0.193611111,294.723,416.237,301.398,579.419,574.268,459.31,495.033,604.117
698,0.193888889,294.723,416.237,301.398,579.419,574.268,459.31,495.033,604.117
699,0.194166667,294.723,416.237,301.398,579.419,574.268,459.31,495.033,604.117
700,0.194444444,294.715,416.629,301.437,579.665,574.719,459.709,495.483,604.535
701,0.194722222,294.715,416.629,301.437,579.665,574.719,459.709,495.483,604.535
702,0.195,294.715,416.629,301.437,579.665,574.719,459.709,495.483,604.535
703,0.195277778,294.715,416.629,301.437,579.665,574.719,459.709,495.483,604.535
704,0.195555556,294.72,417.039,301.472,579.973,575.16,460.113,495.876,604.948
705,0.195833333,294.72,417.039,301.472,579.973,575.16,460.113,495.876,604.948
706,0.196111111,294.72,417.039,301.472,579.973,575.16,460.113,495.876,604.948
707,0.196388889,294.727,417.437,301.523,580.218,575.608,460.511,496.305,605.362
708,0.196666667,294.727,417.437,301.523,580.218,575.608,460.511,496.305,605.362
709,0.196944444,294.727,417.437,301.523,580.218,575.608,460.511,496.305,605.362
710,0.197222222,294.727,417.437,301.523,580.218,575.608,460.511,496.305,605.362
711,0.1975,294.746,417.858,301.57,580.289,576.045,460.903,496.727,605.759
712,0.197777778,294.746,417.858,301.57,580.289,576.045,460.903,496.727,605.759
713,0.198055556,294.746,417.858,301.57,580.289,576.045,460.903,496.727,605.759
714,0.198333333,294.742,418.25,301.598,580.412,576.467,461.295,497.119,606.138
715,0.198611111,294.742,418.25,301.598,580.412,576.467,461.295,497.119,606.138
716,0.198888889,294.742,418.25,301.598,580.412,576.467,461.295,497.119,606.138
717,0.199166667,294.742,418.25,301.598,580.412,576.467,461.295,497.119,606.138
718,0.199444444,294.749,418.656,301.659,580.59,576.907,461.696,497.538,606.515
719,0.199722222,294.749,418.656,301.659,580.59,576.907,461.696,497.538,606.515
720,0.2,294.749,418.656,301.659,580.59,576.907,461.696,497.538,606.515
721,0.200277778,294.76,419.041,301.695,580.783,577.318,462.09,497.937,606.876
722,0.200555556,294.76,419.041,301.695,580.783,577.318,462.09,497.937,606.876
723,0.200833333,294.76,419.041,301.695,580.783,577.318,462.09,497.937,606.876
724,0.201111111,294.76,419.041,301.695,580.783,577.318,462.09,497.937,606.876
725,0.201388889,294.764,419.452,301.729,581.059,577.713,462.466,498.335,607.213
726,0.201666667,294.764,419.452,301.729,581.059,577.713,462.466,498.335,607.213
727,0.201944444,294.764,419.452,301.729,581.059,577.713,462.466,498.335,607.213
728,0.202222222,294.77,419.852,301.762,581.288,578.113,462.861,498.756,607.557
729,0.2025,294.77,419.852,301.762,581.288,578.113,462.861,498.756,607.557
730,0.202777778,294.77,419.852,301.762,581.288,578.113,462.861,498.756,607.557
731,0.203055556,294.77,419.852,301.762,581.288,578.113,462.861,498.756,607.557
732,0.203333333,294.773,420.236,301.803,581.471,578.496,463.229,499.142,607.901
733,0.203611111,294.773,420.236,301.803,581.471,578.496,463.229,499.142,607.901
734,0.203888889,294.773,420.236,301.803,581.471,578.496,463.229,499.142,607.901
735,0.204166667,294.774,420.634,301.836,581.574,578.871,463.612,499.512,608.223
736,0.204444444,294.774,420.634,301.836,581.574,578.871,463.612,499.512,608.223
737,0.204722222,294.774,420.634,301.836,581.574,578.871,463.612,499.512,608.223
738,0.205,294.774,420.634,301.836,581.574,578.871,463.612,499.512,608.223
739,0.205277778,294.792,421.001,301.883,581.845,579.258,464.002,499.917,608.551
740,0.205555556,294.792,421.001,301.883,581.845,579.258,464.002,499.917,608.551
741,0.205833333,294.792,421.001,301.883,581.845,579.258,464.002,499.917,608.551
742,0.206111111,294.803,421.39,301.918,582.103,579.639,464.383,500.303,608.884
743,0.206388889,294.803,421.39,301.918,582.103,579.639,464.383,500.303,608.884
744,0.206666667,294.803,421.39,301.918,582.103,579.639,464.383,500.303,608.884
745,0.206944444,294.802,421.793,301.952,582.416,579.982,464.744,500.676,609.207
746,0.207222222,294.802,421.793,301.952,582.416,579.982,464.744,500.676,609.207
747,0.2075,294.802,421.793,301.952,582.416,579.982,464.744,500.676,609.207
748,0.207777778,294.802,421.793,301.952,582.416,579.982,464.744,500.676,609.207
749,0.208055556,294.797,422.179,301.989,582.768,580.344,465.107,501.042,609.542
750,0.208333333,294.797,422.179,301.989,582.768,580.344,465.107,501.042,609.542
751,0.208611111,294.797,422.179,301.989,582.768,580.344,465.107,501.042,609.542
752,0.208888889,294.797,422.179,301.989,582.768,580.344,465.107,501.042,609.542
753,0.209166667,294.815,422.598,302.027,583.084,580.761,465.526,501.461,609.924
754,0.209444444,294.815,422.598,302.027,583.084,580.761,465.526,501.461,609.924
755,0.209722222,294.815,422.598,302.027,583.084,580.761,465.526,501.461,609.924
756,0.21,294.816,422.986,302.068,583.287,581.128,465.881,501.82,610.252
757,0.210277778,294.816,422.986,302.068,583.287,581.128,465.881,501.82,610.252
758,0.210555556,294.816,422.986,302.068,583.287,581.128,465.881,501.82,610.252
759,0.210833333,294.816,422.986,302.068,583.287,581.128,465.881,501.82,610.252
760,0.211111111,294.824,423.354,302.099,583.499,581.504,466.244,502.179,610.606
761,0.211388889,294.824,423.354,302.099,583.499,581.504,466.244,502.179,610.606
762,0.211666667,294.824,423.354,302.099,583.499,581.504,466.244,502.179,610.606
763,0.211944444,294.837,423.75,302.146,583.807,581.871,466.586,502.559,610.945
764,0.212222222,294.837,423.75,302.146,583.807,581.871,466.586,502.559,610.945
765,0.2125,294.837,423.75,302.146,583.807,581.871,466.586,502.559,610.945
766,0.212777778,294.837,423.75,302.146,583.807,581.871,466.586,502.559,610.945
767,0.213055556,294.853,424.141,302.178,583.857,582.237,466.952,502.908,611.282
768,0.213333333,294.853,424.141,302.178,583.857,582.237,466.952,502.908,611.282
769,0.213611111,294.853,424.141,302.178,583.857,582.237,466.952,502.908,611.282
770,0.213888889,294.841,424.489,302.199,583.864,582.586,467.287,503.254,611.587
771,0.214166667,294.841,424.489,302.199,583.864,582.586,467.287,503.254,611.587
772,0.214444444,294.841,424.489,302.199,583.864,582.586,467.287,503.254,611.587
773,0.214722222,294.841,424.489,302.199,583.864,582.586,467.287,503.254,611.587
774,0.215,294.848,424.883,302.242,584.102,582.956,467.636,503.626,611.914
775,0.215277778,294.848,424.883,302.242,584.102,582.956,467.636,503.626,611.914
776,0.215555556,294.848,424.883,302.242,584.102,582.956,467.636,503.626,611.914
777,0.215833333,294.864,425.231,302.277,584.491,583.311,467.988,503.983,612.222
778,0.216111111,294.864,425.231,302.277,584.491,583.311,467.988,503.983,612.222
779,0.216388889,294.864,425.231,302.277,584.491,583.311,467.988,503.983,612.222
780,0.216666667,294.864,425.231,302.277,584.491,583.311,467.988,503.983,612.222
781,0.216944444,294.86,425.6,302.31,584.924,583.669,468.331,504.326,612.506
782,0.217222222,294.86,425.6,302.31,584.924,583.669,468.331,504.326,612.506
783,0.2175,294.86,425.6,302.31,584.924,583.669,468.331,504.326,612.506
784,0.217777778,294.872,425.983,302.353,585.268,583.999,468.688,504.689,612.798
785,0.218055556,294.872,425.983,302.353,585.268,583.999,468.688,504.689,612.798
786,0.218333333,294.872,425.983,302.353,585.268,583.999,468.688,504.689,612.798
787,0.218611111,294.905,426.365,302.4,585.507,584.363,469.023,505.033,613.115
788,0.218888889,294.905,426.365,302.4,585.507,584.363,469.023,505.033,613.115
789,0.219166667,294.905,426.365,302.4,585.507,584.363,469.023,505.033,613.115
790,0.219444444,294.905,426.365,302.4,585.507,584.363,469.023,505.033,613.115
791,0.219722222,294.887,426.71,302.416,585.69,584.671,469.361,505.374,613.412
792,0.22,294.887,426.71,302.416,585.69,584.671,469.361,505.374,613.412
793,0.220277778,294.887,426.71,302.416,585.69,584.671,469.361,505.374,613.412
794,0.220555556,294.89,427.074,302.452,585.842,585.022,469.693,505.723,613.742
795,0.220833333,294.89,427.074,302.452,585.842,585.022,469.693,505.723,613.742
796,0.221111111,294.89,427.074,302.452,585.842,585.022,469.693,505.723,613.742
797,0.221388889,294.89,427.074,302.452,585.842,585.022,469.693,505.723,613.742
798,0.221666667,294.897,427.432,302.485,586.15,585.352,470.02,506.062,614.032
799,0.221944444,294.897,427.432,302.485,586.15,585.352,470.02,506.062,614.032
800,0.222222222,294.897,427.432,302.485,586.15,585.352,470.02,506.062,614.032
801,0.2225,294.907,427.783,302.511,586.575,585.672,470.357,506.383,614.337
802,0.222777778,294.907,427.783,302.511,586.575,585.672,470.357,506.383,614.337
803,0.223055556,294.907,427.783,302.511,586.575,585.672,470.357,506.383,614.337
804,0.223333333,294.907,427.783,302.511,586.575,585.672,470.357,506.383,614.337
805,0.223611111,294.916,428.138,302.542,586.981,586.015,470.695,506.728,614.655
806,0.223888889,294.916,428.138,302.542,586.981,586.015,470.695,506.728,614.655
807,0.224166667,294.916,428.138,302.542,586.981,586.015,470.695,506.728,614.655
808,0.224444444,294.917,428.481,302.574,587.375,586.326,471.014,507.072,614.962
809,0.224722222,294.917,428.481,302.574,587.375,586.326,471.014,507.072,614.962
810,0.225,294.917,428.481,302.574,587.375,586.326,471.014,507.072,614.962
811,0.225277778,294.917,428.481,302.574,587.375,586.326,471.014,507.072,614.962
812,0.225555556,294.931,428.829,302.606,587.767,586.659,471.344,507.393,615.286
813,0.225833333,294.931,428.829,302.606,587.767,586.659,471.344,507.393,615.286
814,0.226111111,294.931,428.829,302.606,587.767,586.659,471.344,507.393,615.286
815,0.226388889,294.929,429.172,302.623,588.109,586.997,471.647,507.705,615.599
816,0.226666667,294.929,429.172,302.623,588.109,586.997,471.647,507.705,615.599
817,0.226944444,294.929,429.172,302.623,588.109,586.997,471.647,507.705,615.599
818,0.227222222,294.929,429.172,302.623,588.109,586.997,471.647,507.705,615.599
819,0.2275,294.935,429.525,302.662,588.319,587.344,471.966,508.062,615.976
820,0.227777778,294.935,429.525,302.662,588.319,587.344,471.966,508.062,615.976
821,0.228055556,294.935,429.525,302.662,588.319,587.344,471.966,508.062,615.976
822,0.228333333,294.942,429.872,302.697,588.408,587.702,472.294,508.364,616.307
823,0.228611111,294.942,429.872,302.697,588.408,587.702,472.294,508.364,616.307
824,0.228888889,294.942,429.872,302.697,588.408,587.702,472.294,508.364,616.307
825,0.229166667,294.942,429.872,302.697,588.408,587.702,472.294,508.364,616.307
826,0.229444444,294.964,430.243,302.725,588.37,588.061,472.627,508.724,616.677
827,0.229722222,294.964,430.243,302.725,588.37,588.061,472.627,508.724,616.677
828,0.23,294.964,430.243,302.725,588.37,588.061,472.627,508.724,616.677
829,0.230277778,294.955,430.586,302.744,588.215,588.408,472.927,509.047,617.003
830,0.230555556,294.955,430.586,302.744,588.215,588.408,472.927,509.047,617.003
831,0.230833333,294.955,430.586,302.744,588.215,588.408,472.927,509.047,617.003
832,0.231111111,294.955,430.586,302.744,588.215,588.408,472.927,509.047,617.003
833,0.231388889,294.966,430.937,302.785,588.412,588.769,473.239,509.369,617.317
834,0.231666667,294.966,430.937,302.785,588.412,588.769,473.239,509.369,617.317
835,0.231944444,294.966,430.937,302.785,588.412,588.769,473.239,509.369,617.317
836,0.232222222,294.976,431.293,302.819,588.733,589.108,473.566,509.697,617.61
837,0.2325,294.976,431.293,302.819,588.733,589.108,473.566,509.697,617.61
838,0.232777778,294.976,431.293,302.819,588.733,589.108,473.566,509.697,617.61
839,0.233055556,294.976,431.293,302.819,588.733,589.108,473.566,509.697,617.61
840,0.233333333,294.981,431.621,302.845,589.044,589.417,473.867,510.034,617.89
841,0.233611111,294.981,431.621,302.845,589.044,589.417,473.867,510.034,617.89
842,0.233888889,294.981,431.621,302.845,589.044,589.417,473.867,510.034,617.89
843,0.234166667,294.999,431.983,302.888,589.362,589.755,474.206,510.351,618.168
844,0.234444444,294.999,431.983,302.888,589.362,589.755,474.206,510.351,618.168
845,0.234722222,294.999,431.983,302.888,589.362,589.755,474.206,510.351,618.168
846,0.235,294.999,431.983,302.888,589.362,589.755,474.206,510.351,618.168
847,0.235277778,295.006,432.317,302.915,589.576,590.063,474.528,510.699,618.469
848,0.235555556,295.006,432.317,302.915,589.576,590.063,474.528,510.699,618.469
849,0.235833333,295.006,432.317,302.915,589.576,590.063,474.528,510.699,618.469
850,0.236111111,295.002,432.656,302.942,589.829,590.364,474.846,511.003,618.725
851,0.236388889,295.002,432.656,302.942,589.829,590.364,474.846,511.003,618.725
852,0.236666667,295.002,432.656,302.942,589.829,590.364,474.846,511.003,618.725
853,0.236944444,295.002,432.656,302.942,589.829,590.364,474.846,511.003,618.725
854,0.237222222,295.014,433.004,302.981,590.104,590.689,475.182,511.339,619.025
855,0.2375,295.014,433.004,302.981,590.104,590.689,475.182,511.339,619.025
856,0.237777778,295.014,433.004,302.981,590.104,590.689,475.182,511.339,619.025
857,0.238055556,295.009,433.351,303.002,590.421,590.992,475.491,511.649,619.305
858,0.238333333,295.009,433.351,303.002,590.421,590.992,475.491,511.649,619.305
859,0.238611111,295.009,433.351,303.002,590.421,590.992,475.491,511.649,619.305
860,0.238888889,295.021,433.708,303.04,590.538,591.299,475.814,511.991,619.596
861,0.239166667,295.021,433.708,303.04,590.538,591.299,475.814,511.991,619.596
862,0.239444444,295.021,433.708,303.04,590.538,591.299,475.814,511.991,619.596
863,0.239722222,295.021,433.708,303.04,590.538,591.299,475.814,511.991,619.596
864,0.24,295.03,434.05,303.065,590.58,591.618,476.146,512.307,619.899
865,0.240277778,295.03,434.05,303.065,590.58,591.618,476.146,512.307,619.899
866,0.240555556,295.03,434.05,303.065,590.58,591.618,476.146,512.307,619.899
867,0.240833333,295.032,434.372,303.082,590.804,591.917,476.456,512.606,620.158
868,0.241111111,295.032,434.372,303.082,590.804,591.917,476.456,512.606,620.158
869,0.241388889,295.032,434.372,303.082,590.804,591.917,476.456,512.606,620.158
870,0.241666667,295.032,434.372,303.082,590.804,591.917,476.456,512.606,620.158
871,0.241944444,295.033,434.722,303.115,591.069,592.213,476.765,512.943,620.431
872,0.242222222,295.033,434.722,303.115,591.069,592.213,476.765,512.943,620.431
873,0.2425,295.033,434.722,303.115,591.069,592.213,476.765,512.943,620.431
874,0.242777778,295.041,435.075,303.145,591.249,592.509,477.088,513.252,620.7
875,0.243055556,295.041,435.075,303.145,591.249,592.509,477.088,513.252,620.7
876,0.243333333,295.041,435.075,303.145,591.249,592.509,477.088,513.252,620.7
877,0.243611111,295.041,435.075,303.145,591.249,592.509,477.088,513.252,620.7
878,0.243888889,295.057,435.395,303.18,591.317,592.813,477.409,513.57,620.984
879,0.244166667,295.057,435.395,303.18,591.317,592.813,477.409,513.57,620.984
880,0.244444444,295.057,435.395,303.18,591.317,592.813,477.409,513.57,620.984
881,0.244722222,295.055,435.724,303.203,591.512,593.088,477.695,513.86,621.237
882,0.245,295.055,435.724,303.203,591.512,593.088,477.695,513.86,621.237
883,0.245277778,295.055,435.724,303.203,591.512,593.088,477.695,513.86,621.237
884,0.245555556,295.055,435.724,303.203,591.512,593.088,477.695,513.86,621.237
885,0.245833333,295.075,436.076,303.244,591.773,593.396,478.028,514.208,621.52
886,0.246111111,295.075,436.076,303.244,591.773,593.396,478.028,514.208,621.52
887,0.246388889,295.075,436.076,303.244,591.773,593.396,478.028,514.208,621.52
888,0.246666667,295.073,436.391,303.266,591.879,593.685,478.336,514.495,621.765
889,0.246944444,295.073,436.391,303.266,591.879,593.685,478.336,514.495,621.765
890,0.247222222,295.073,436.391,303.266,591.879,593.685,478.336,514.495,621.765
891,0.2475,295.073,436.391,303.266,591.879,593.685,478.336,514.495,621.765
892,0.247777778,295.09,436.74,303.311,592.112,593.976,478.637,514.81,622.022
893,0.248055556,295.09,436.74,303.311,592.112,593.976,478.637,514.81,622.022
894,0.248333333,295.09,436.74,303.311,592.112,593.976,478.637,514.81,622.022
895,0.248611111,295.094,437.068,303.322,592.39,594.246,478.942,515.111,622.293
896,0.248888889,295.094,437.068,303.322,592.39,594.246,478.942,515.111,622.293
897,0.249166667,295.094,437.068,303.322,592.39,594.246,478.942,515.111,622.293
898,0.249444444,295.094,437.068,303.322,592.39,594.246,478.942,515.111,622.293
899,0.249722222,295.108,437.417,303.356,592.493,594.536,479.249,515.426,622.576
900,0.25,295.108,437.417,303.356,592.493,594.536,479.249,515.426,622.576
901,0.250277778,295.108,437.417,303.356,592.493,594.536,479.249,515.426,622.576
902,0.250555556,295.101,437.732,303.383,592.829,594.812,479.531,515.694,622.807
903,0.250833333,295.101,437.732,303.383,592.829,594.812,479.531,515.694,622.807
904,0.251111111,295.101,437.732,303.383,592.829,594.812,479.531,515.694,622.807
905,0.251388889,295.101,437.732,303.383,592.829,594.812,479.531,515.694,622.807
906,0.251666667,295.112,438.046,303.416,593.207,595.08,479.833,516.006,623.061
907,0.251944444,295.112,438.046,303.416,593.207,595.08,479.833,516.006,623.061
908,0.252222222,295.112,438.046,303.416,593.207,595.08,479.833,516.006,623.061
909,0.2525,295.119,438.338,303.438,593.451,595.358,480.129,516.282,623.314
910,0.252777778,295.119,438.338,303.438,593.451,595.358,480.129,516.282,623.314
911,0.253055556,295.119,438.338,303.438,593.451,595.358,480.129,516.282,623.314
912,0.253333333,295.119,438.338,303.438,593.451,595.358,480.129,516.282,623.314
913,0.253611111,295.138,438.688,303.472,593.728,595.656,480.438,516.596,623.602
914,0.253888889,295.138,438.688,303.472,593.728,595.656,480.438,516.596,623.602
915,0.254166667,295.138,438.688,303.472,593.728,595.656,480.438,516.596,623.602
916,0.254444444,295.148,439.018,303.504,594.004,595.93,480.744,516.911,623.867
917,0.254722222,295.148,439.018,303.504,594.004,595.93,480.744,516.911,623.867
918,0.255,295.148,439.018,303.504,594.004,595.93,480.744,516.911,623.867
919,0.255277778,295.148,439.018,303.504,594.004,595.93,480.744,516.911,623.867
920,0.255555556,295.138,439.345,303.525,594.332,596.215,481.034,517.188,624.142
921,0.255833333,295.138,439.345,303.525,594.332,596.215,481.034,517.188,624.142
922,0.256111111,295.138,439.345,303.525,594.332,596.215,481.034,517.188,624.142
923,0.256388889,295.156,439.644,303.56,594.604,596.5,481.33,517.475,624.413
924,0.256666667,295.156,439.644,303.56,594.604,596.5,481.33,517.475,624.413
925,0.256944444,295.156,439.644,303.56,594.604,596.5,481.33,517.475,624.413
926,0.257222222,295.165,439.963,303.575,594.507,596.781,481.632,517.766,624.683
927,0.2575,295.165,439.963,303.575,594.507,596.781,481.632,517.766,624.683
928,0.257777778,295.165,439.963,303.575,594.507,596.781,481.632,517.766,624.683
929,0.258055556,295.165,439.963,303.575,594.507,596.781,481.632,517.766,624.683
930,0.258333333,295.164,440.288,303.609,594.377,597.068,481.917,518.061,624.963
931,0.258611111,295.164,440.288,303.609,594.377,597.068,481.917,518.061,624.963
932,0.258888889,295.164,440.288,303.609,594.377,597.068,481.917,518.061,624.963
933,0.259166667,295.178,440.602,303.646,594.368,597.35,482.215,518.369,625.237
934,0.259444444,295.178,440.602,303.646,594.368,597.35,482.215,518.369,625.237
935,0.259722222,295.178,440.602,303.646,594.368,597.35,482.215,518.369,625.237
936,0.26,295.178,440.602,303.646,594.368,597.35,482.215,518.369,625.237
937,0.260277778,295.186,440.913,303.672,594.612,597.622,482.497,518.644,625.465
938,0.260555556,295.186,440.913,303.672,594.612,597.622,482.497,518.644,625.465
939,0.260833333,295.186,440.913,303.672,594.612,597.622,482.497,518.644,625.465
940,0.261111111,295.19,441.229,303.7,594.941,597.898,482.804,518.938,625.703
941,0.261388889,295.19,441.229,303.7,594.941,597.898,482.804,518.938,625.703
942,0.261666667,295.19,441.229,303.7,594.941,597.898,482.804,518.938,625.703
943,0.261944444,295.19,441.229,303.7,594.941,597.898,482.804,518.938,625.703
944,0.262222222,295.193,441.553,303.717,595.268,598.151,483.084,519.227,625.928
945,0.2625,295.193,441.553,303.717,595.268,598.151,483.084,519.227,625.928
946,0.262777778,295.193,441.553,303.717,595.268,598.151,483.084,519.227,625.928
947,0.263055556,295.203,441.853,303.75,595.429,598.414,483.376,519.533,626.17
948,0.263333333,295.203,441.853,303.75,595.429,598.414,483.376,519.533,626.17
949,0.263611111,295.203,441.853,303.75,595.429,598.414,483.376,519.533,626.17
950,0.263888889,295.203,441.853,303.75,595.429,598.414,483.376,519.533,626.17
951,0.264166667,295.227,442.179,303.787,595.737,598.693,483.667,519.817,626.422
952,0.264444444,295.227,442.179,303.787,595.737,598.693,483.667,519.817,626.422
953,0.264722222,295.227,442.179,303.787,595.737,598.693,483.667,519.817,626.422
954,0.265,295.228,442.478,303.821,596.058,598.939,483.943,520.103,626.656
955,0.265277778,295.228,442.478,303.821,596.058,598.939,483.943,520.103,626.656
956,0.265555556,295.228,442.478,303.821,596.058,598.939,483.943,520.103,626.656
957,0.265833333,295.228,442.478,303.821,596.058,598.939,483.943,520.103,626.656
958,0.266111111,295.236,442.8,303.864,596.366,599.211,484.227,520.395,626.917
959,0.266388889,295.236,442.8,303.864,596.366,599.211,484.227,520.395,626.917
960,0.266666667,295.236,442.8,303.864,596.366,599.211,484.227,520.395,626.917
961,0.266944444,295.24,443.098,303.895,596.728,599.474,484.512,520.665,627.16
962,0.267222222,295.24,443.098,303.895,596.728,599.474,484.512,520.665,627.16
963,0.2675,295.24,443.098,303.895,596.728,599.474,484.512,520.665,627.16
964,0.267777778,295.24,443.098,303.895,596.728,599.474,484.512,520.665,627.16
965,0.268055556,295.252,443.415,303.925,597.071,599.731,484.785,520.965,627.422
966,0.268333333,295.252,443.415,303.925,597.071,599.731,484.785,520.965,627.422
967,0.268611111,295.252,443.415,303.925,597.071,599.731,484.785,520.965,627.422
968,0.268888889,295.257,443.706,303.963,597.339,599.997,485.044,521.228,627.658
969,0.269166667,295.257,443.706,303.963,597.339,599.997,485.044,521.228,627.658
970,0.269444444,295.257,443.706,303.963,597.339,599.997,485.044,521.228,627.658
971,0.269722222,295.257,443.706,303.963,597.339,599.997,485.044,521.228,627.658
972,0.27,295.264,444.018,303.992,597.646,600.275,485.337,521.52,627.927
973,0.270277778,295.264,444.018,303.992,597.646,600.275,485.337,521.52,627.927
974,0.270555556,295.264,444.018,303.992,597.646,600.275,485.337,521.52,627.927
975,0.270833333,295.262,444.302,304.034,597.871,600.535,485.606,521.796,628.201
976,0.271111111,295.262,444.302,304.034,597.871,600.535,485.606,521.796,628.201
977,0.271388889,295.262,444.302,304.034,597.871,600.535,485.606,521.796,628.201
978,0.271666667,295.262,444.302,304.034,597.871,600.535,485.606,521.796,628.201
979,0.271944444,295.273,444.609,304.061,598.122,600.797,485.873,522.056,628.457
980,0.272222222,295.273,444.609,304.061,598.122,600.797,485.873,522.056,628.457
981,0.2725,295.273,444.609,304.061,598.122,600.797,485.873,522.056,628.457
982,0.272777778,295.286,444.918,304.118,598.32,601.072,486.164,522.329,628.723
983,0.273055556,295.286,444.918,304.118,598.32,601.072,486.164,522.329,628.723
984,0.273333333,295.286,444.918,304.118,598.32,601.072,486.164,522.329,628.723
985,0.273611111,295.296,445.235,304.157,598.454,601.356,486.432,522.624,629.006
986,0.273888889,295.296,445.235,304.157,598.454,601.356,486.432,522.624,629.006
987,0.274166667,295.296,445.235,304.157,598.454,601.356,486.432,522.624,629.006
988,0.274444444,295.296,445.235,304.157,598.454,601.356,486.432,522.624,629.006
989,0.274722222,295.29,445.497,304.176,598.572,601.609,486.704,522.871,629.262
990,0.275,295.29,445.497,304.176,598.572,601.609,486.704,522.871,629.262
991,0.275277778,295.29,445.497,304.176,598.572,601.609,486.704,522.871,629.262
992,0.275555556,295.31,445.806,304.229,598.754,601.918,486.987,523.173,629.543
993,0.275833333,295.31,445.806,304.229,598.754,601.918,486.987,523.173,629.543
994,0.276111111,295.31,445.806,304.229,598.754,601.918,486.987,523.173,629.543
995,0.276388889,295.31,445.806,304.229,598.754,601.918,486.987,523.173,629.543
996,0.276666667,295.322,446.102,304.271,598.839,602.189,487.279,523.46,629.816
997,0.276944444,295.322,446.102,304.271,598.839,602.189,487.279,523.46,629.816
998,0.277222222,295.322,446.102,304.271,598.839,602.189,487.279,523.46,629.816
999,0.2775,295.337,446.402,304.317,598.877,602.471,487.55,523.724,630.062
1000,0.277777778,295.337,446.402,304.317,598.877,602.471,487.55,523.724,630.062
1001,0.278055556,295.337,446.402,304.317,598.877,602.471,487.55,523.724,630.062
1002,0.278333333,295.337,446.402,304.317,598.877,602.471,487.55,523.724,630.062
1003,0.278611111,295.332,446.731,304.369,599.047,602.77,487.851,524.03,630.341
1004,0.278888889,295.332,446.731,304.369,599.047,602.77,487.851,524.03,630.341
1005,0.279166667,295.332,446.731,304.369,599.047,602.77,487.851,524.03,630.341
1006,0.279444444,295.352,447.051,304.415,599.187,603.032,488.137,524.3,630.584
1007,0.279722222,295.352,447.051,304.415,599.187,603.032,488.137,524.3,630.584
1008,0.28,295.352,447.051,304.415,599.187,603.032,488.137,524.3,630.584
1009,0.280277778,295.352,447.051,304.415,599.187,603.032,488.137,524.3,630.584
1010,0.280555556,295.354,447.328,304.45,599.339,603.314,488.433,524.587,630.839
1011,0.280833333,295.354,447.328,304.45,599.339,603.314,488.433,524.587,630.839
1012,0.281111111,295.354,447.328,304.45,599.339,603.314,488.433,524.587,630.839
1013,0.281388889,295.367,447.622,304.492,599.49,603.557,488.696,524.873,631.061
1014,0.281666667,295.367,447.622,304.492,599.49,603.557,488.696,524.873,631.061
1015,0.281944444,295.367,447.622,304.492,599.49,603.557,488.696,524.873,631.061
1016,0.282222222,295.367,447.622,304.492,599.49,603.557,488.696,524.873,631.061
1017,0.2825,295.365,447.931,304.526,599.752,603.817,488.972,525.144,631.286
1018,0.282777778,295.365,447.931,304.526,599.752,603.817,488.972,525.144,631.286
1019,0.283055556,295.365,447.931,304.526,599.752,603.817,488.972,525.144,631.286
1020,0.283333333,295.365,447.931,304.526,599.752,603.817,488.972,525.144,631.286
1021,0.283611111,295.389,448.255,304.577,599.839,604.082,489.278,525.442,631.548
1022,0.283888889,295.389,448.255,304.577,599.839,604.082,489.278,525.442,631.548
1023,0.284166667,295.389,448.255,304.577,599.839,604.082,489.278,525.442,631.548
1024,0.284444444,295.38,448.514,304.606,599.869,604.313,489.532,525.686,631.732
1025,0.284722222,295.38,448.514,304.606,599.869,604.313,489.532,525.686,631.732
1026,0.285,295.38,448.514,304.606,599.869,604.313,489.532,525.686,631.732
1027,0.285277778,295.393,448.82,304.657,599.997,604.56,489.836,525.982,631.96
1028,0.285555556,295.393,448.82,304.657,599.997,604.56,489.836,525.982,631.96
1029,0.285833333,295.393,448.82,304.657,599.997,604.56,489.836,525.982,631.96
1030,0.286111111,295.393,448.82,304.657,599.997,604.56,489.836,525.982,631.96
1031,0.286388889,295.403,449.132,304.693,600.273,604.809,490.11,526.254,632.175
1032,0.286666667,295.403,449.132,304.693,600.273,604.809,490.11,526.254,632.175
1033,0.286944444,295.403,449.132,304.693,600.273,604.809,490.11,526.254,632.175
1034,0.287222222,295.403,449.132,304.693,600.273,604.809,490.11,526.254,632.175
1035,0.2875,295.42,449.42,304.736,600.538,605.043,490.384,526.52,632.378
1036,0.287777778,295.42,449.42,304.736,600.538,605.043,490.384,526.52,632.378
1037,0.288055556,295.42,449.42,304.736,600.538,605.043,490.384,526.52,632.378
1038,0.288333333,295.431,449.73,304.789,600.84,605.294,490.671,526.796,632.608
1039,0.288611111,295.431,449.73,304.789,600.84,605.294,490.671,526.796,632.608
1040,0.288888889,295.431,449.73,304.789,600.84,605.294,490.671,526.796,632.608
1041,0.289166667,295.446,450.021,304.826,600.903,605.518,490.934,527.064,632.827
1042,0.289444444,295.446,450.021,304.826,600.903,605.518,490.934,527.064,632.827
1043,0.289722222,295.446,450.021,304.826,600.903,605.518,490.934,527.064,632.827
1044,0.29,295.446,450.021,304.826,600.903,605.518,490.934,527.064,632.827
1045,0.290277778,295.446,450.315,304.861,601.023,605.75,491.185,527.335,633.034
1046,0.290555556,295.446,450.315,304.861,601.023,605.75,491.185,527.335,633.034
1047,0.290833333,295.446,450.315,304.861,601.023,605.75,491.185,527.335,633.034
1048,0.291111111,295.454,450.6,304.899,600.997,605.993,491.464,527.598,633.265
1049,0.291388889,295.454,450.6,304.899,600.997,605.993,491.464,527.598,633.265
1050,0.291666667,295.454,450.6,304.899,600.997,605.993,491.464,527.598,633.265
1051,0.291944444,295.454,450.6,304.899,600.997,605.993,491.464,527.598,633.265
1052,0.292222222,295.459,450.888,304.939,600.978,606.22,491.728,527.858,633.461
1053,0.2925,295.459,450.888,304.939,600.978,606.22,491.728,527.858,633.461
1054,0.292777778,295.459,450.888,304.939,600.978,606.22,491.728,527.858,633.461
1055,0.293055556,295.473,451.197,304.984,601.041,606.458,491.993,528.136,633.688
1056,0.293333333,295.473,451.197,304.984,601.041,606.458,491.993,528.136,633.688
1057,0.293611111,295.473,451.197,304.984,601.041,606.458,491.993,528.136,633.688
1058,0.293888889,295.473,451.197,304.984,601.041,606.458,491.993,528.136,633.688
1059,0.294166667,295.485,451.489,305.022,601.232,606.688,492.261,528.377,633.861
1060,0.294444444,295.485,451.489,305.022,601.232,606.688,492.261,528.377,633.861
1061,0.294722222,295.485,451.489,305.022,601.232,606.688,492.261,528.377,633.861
1062,0.295,295.505,451.757,305.072,601.37,606.913,492.533,528.638,634.06
1063,0.295277778,295.505,451.757,305.072,601.37,606.913,492.533,528.638,634.06
1064,0.295555556,295.505,451.757,305.072,601.37,606.913,492.533,528.638,634.06
1065,0.295833333,295.505,451.757,305.072,601.37,606.913,492.533,528.638,634.06
1066,0.296111111,295.51,451.994,305.107,601.514,607.114,492.783,528.886,634.239
1067,0.296388889,295.51,451.994,305.107,601.514,607.114,492.783,528.886,634.239
1068,0.296666667,295.51,451.994,305.107,601.514,607.114,492.783,528.886,634.239
1069,0.296944444,295.511,452.283,305.142,601.784,607.314,493.045,529.144,634.421
1070,0.297222222,295.511,452.283,305.142,601.784,607.314,493.045,529.144,634.421
1071,0.2975,295.511,452.283,305.142,601.784,607.314,493.045,529.144,634.421
1072,0.297777778,295.511,452.283,305.142,601.784,607.314,493.045,529.144,634.421
1073,0.298055556,295.523,452.57,305.179,601.975,607.54,493.285,529.391,634.616
1074,0.298333333,295.523,452.57,305.179,601.975,607.54,493.285,529.391,634.616
1075,0.298611111,295.523,452.57,305.179,601.975,607.54,493.285,529.391,634.616
1076,0.298888889,295.541,452.871,305.238,602.025,607.756,493.558,529.64,634.83
1077,0.299166667,295.541,452.871,305.238,602.025,607.756,493.558,529.64,634.83
1078,0.299444444,295.541,452.871,305.238,602.025,607.756,493.558,529.64,634.83
1079,0.299722222,295.541,452.871,305.238,602.025,607.756,493.558,529.64,634.83
1080,0.3,295.555,453.141,305.271,602.129,607.972,493.81,529.881,635.04
1081,0.300277778,295.555,453.141,305.271,602.129,607.972,493.81,529.881,635.04
1082,0.300555556,295.555,453.141,305.271,602.129,607.972,493.81,529.881,635.04
1083,0.300833333,295.565,453.424,305.316,602.317,608.196,494.066,530.141,635.259
1084,0.301111111,295.565,453.424,305.316,602.317,608.196,494.066,530.141,635.259
1085,0.301388889,295.565,453.424,305.316,602.317,608.196,494.066,530.141,635.259
1086,0.301666667,295.565,453.424,305.316,602.317,608.196,494.066,530.141,635.259
1087,0.301944444,295.569,453.698,305.349,602.412,608.413,494.304,530.385,635.468
1088,0.302222222,295.569,453.698,305.349,602.412,608.413,494.304,530.385,635.468
1089,0.3025,295.569,453.698,305.349,602.412,608.413,494.304,530.385,635.468
1090,0.302777778,295.593,453.966,305.401,602.484,608.648,494.571,530.643,635.685
1091,0.303055556,295.593,453.966,305.401,602.484,608.648,494.571,530.643,635.685
1092,0.303333333,295.593,453.966,305.401,602.484,608.648,494.571,530.643,635.685
1093,0.303611111,295.59,454.261,305.432,602.568,608.865,494.797,530.878,635.874
1094,0.303888889,295.59,454.261,305.432,602.568,608.865,494.797,530.878,635.874
1095,0.304166667,295.59,454.261,305.432,602.568,608.865,494.797,530.878,635.874
1096,0.304444444,295.59,454.261,305.432,602.568,608.865,494.797,530.878,635.874
1097,0.304722222,295.594,454.495,305.472,602.744,609.075,495.06,531.098,636.055
1098,0.305,295.594,454.495,305.472,602.744,609.075,495.06,531.098,636.055
1099,0.305277778,295.594,454.495,305.472,602.744,609.075,495.06,531.098,636.055
1100,0.305555556,295.619,454.791,305.53,602.914,609.303,495.296,531.376,636.272
1101,0.305833333,295.619,454.791,305.53,602.914,609.303,495.296,531.376,636.272
1102,0.306111111,295.619,454.791,305.53,602.914,609.303,495.296,531.376,636.272
1103,0.306388889,295.619,454.791,305.53,602.914,609.303,495.296,531.376,636.272
1104,0.306666667,295.63,455.069,305.569,603.151,609.501,495.542,531.606,636.457
1105,0.306944444,295.63,455.069,305.569,603.151,609.501,495.542,531.606,636.457
1106,0.307222222,295.63,455.069,305.569,603.151,609.501,495.542,531.606,636.457
1107,0.3075,295.639,455.335,305.594,603.233,609.72,495.789,531.852,636.65
1108,0.307777778,295.639,455.335,305.594,603.233,609.72,495.789,531.852,636.65
1109,0.308055556,295.639,455.335,305.594,603.233,609.72,495.789,531.852,636.65
1110,0.308333333,295.639,455.335,305.594,603.233,609.72,495.789,531.852,636.65
1111,0.308611111,295.64,455.588,305.639,603.361,609.931,496.032,532.081,636.851
1112,0.308888889,295.64,455.588,305.639,603.361,609.931,496.032,532.081,636.851
1113,0.309166667,295.64,455.588,305.639,603.361,609.931,496.032,532.081,636.851
1114,0.309444444,295.669,455.865,305.67,603.616,610.144,496.282,532.333,637.048
1115,0.309722222,295.669,455.865,305.67,603.616,610.144,496.282,532.333,637.048
1116,0.31,295.669,455.865,305.67,603.616,610.144,496.282,532.333,637.048
1117,0.310277778,295.669,455.865,305.67,603.616,610.144,496.282,532.333,637.048
1118,0.310555556,295.669,456.134,305.713,603.862,610.364,496.529,532.563,637.246
1119,0.310833333,295.669,456.134,305.713,603.862,610.364,496.529,532.563,637.246
1120,0.311111111,295.669,456.134,305.713,603.862,610.364,496.529,532.563,637.246
1121,0.311388889,295.681,456.372,305.761,604.112,610.566,496.758,532.799,637.455
1122,0.311666667,295.681,456.372,305.761,604.112,610.566,496.758,532.799,637.455
1123,0.311944444,295.681,456.372,305.761,604.112,610.566,496.758,532.799,637.455
1124,0.312222222,295.681,456.372,305.761,604.112,610.566,496.758,532.799,637.455
1125,0.3125,295.705,456.634,305.802,604.31,610.803,497.01,533.031,637.663
1126,0.312777778,295.705,456.634,305.802,604.31,610.803,497.01,533.031,637.663
1127,0.313055556,295.705,456.634,305.802,604.31,610.803,497.01,533.031,637.663
1128,0.313333333,295.721,456.903,305.842,604.569,611.03,497.269,533.265,637.897
1129,0.313611111,295.721,456.903,305.842,604.569,611.03,497.269,533.265,637.897
1130,0.313888889,295.721,456.903,305.842,604.569,611.03,497.269,533.265,637.897
1131,0.314166667,295.721,456.903,305.842,604.569,611.03,497.269,533.265,637.897
1132,0.314444444,295.728,457.176,305.886,604.855,611.241,497.503,533.523,638.129
1133,0.314722222,295.728,457.176,305.886,604.855,611.241,497.503,533.523,638.129
1134,0.315,295.728,457.176,305.886,604.855,611.241,497.503,533.523,638.129
1135,0.315277778,295.739,457.468,305.932,605.096,611.483,497.769,533.751,638.366
1136,0.315555556,295.739,457.468,305.932,605.096,611.483,497.769,533.751,638.366
1137,0.315833333,295.739,457.468,305.932,605.096,611.483,497.769,533.751,638.366
1138,0.316111111,295.739,457.468,305.932,605.096,611.483,497.769,533.751,638.366
1139,0.316388889,295.763,457.737,305.981,605.302,611.736,498.008,534.034,638.64
1140,0.316666667,295.763,457.737,305.981,605.302,611.736,498.008,534.034,638.64
1141,0.316944444,295.763,457.737,305.981,605.302,611.736,498.008,534.034,638.64
1142,0.317222222,295.752,458.012,306.018,605.467,611.971,498.252,534.241,638.874
1143,0.3175,295.752,458.012,306.018,605.467,611.971,498.252,534.241,638.874
1144,0.317777778,295.752,458.012,306.018,605.467,611.971,498.252,534.241,638.874
1145,0.318055556,295.752,458.012,306.018,605.467,611.971,498.252,534.241,638.874
1146,0.318333333,295.772,458.266,306.05,605.608,612.212,498.492,534.484,639.114
1147,0.318611111,295.772,458.266,306.05,605.608,612.212,498.492,534.484,639.114
1148,0.318888889,295.772,458.266,306.05,605.608,612.212,498.492,534.484,639.114
1149,0.319166667,295.791,458.559,306.099,605.75,612.447,498.73,534.729,639.345
1150,0.319444444,295.791,458.559,306.099,605.75,612.447,498.73,534.729,639.345
1151,0.319722222,295.791,458.559,306.099,605.75,612.447,498.73,534.729,639.345
1152,0.32,295.791,458.559,306.099,605.75,612.447,498.73,534.729,639.345
1153,0.320277778,295.798,458.827,306.132,605.974,612.685,498.98,534.961,639.552
1154,0.320555556,295.798,458.827,306.132,605.974,612.685,498.98,534.961,639.552
1155,0.320833333,295.798,458.827,306.132,605.974,612.685,498.98,534.961,639.552
1156,0.321111111,295.817,459.067,306.175,606.217,612.937,499.239,535.205,639.765
1157,0.321388889,295.817,459.067,306.175,606.217,612.937,499.239,535.205,639.765
1158,0.321666667,295.817,459.067,306.175,606.217,612.937,499.239,535.205,639.765
1159,0.321944444,295.817,459.067,306.175,606.217,612.937,499.239,535.205,639.765
1160,0.322222222,295.835,459.321,306.218,606.229,613.158,499.483,535.476,640.013
1161,0.3225,295.835,459.321,306.218,606.229,613.158,499.483,535.476,640.013
1162,0.322777778,295.835,459.321,306.218,606.229,613.158,499.483,535.476,640.013
1163,0.323055556,295.833,459.567,306.248,606.289,613.387,499.719,535.709,640.202
1164,0.323333333,295.833,459.567,306.248,606.289,613.387,499.719,535.709,640.202
1165,0.323611111,295.833,459.567,306.248,606.289,613.387,499.719,535.709,640.202
1166,0.323888889,295.833,459.567,306.248,606.289,613.387,499.719,535.709,640.202
1167,0.324166667,295.85,459.845,306.303,606.51,613.609,499.978,535.947,640.412
1168,0.324444444,295.85,459.845,306.303,606.51,613.609,499.978,535.947,640.412
1169,0.324722222,295.85,459.845,306.303,606.51,613.609,499.978,535.947,640.412
1170,0.325,295.853,460.074,306.338,606.578,613.839,500.217,536.198,640.626
1171,0.325277778,295.853,460.074,306.338,606.578,613.839,500.217,536.198,640.626
1172,0.325555556,295.853,460.074,306.338,606.578,613.839,500.217,536.198,640.626
1173,0.325833333,295.853,460.074,306.338,606.578,613.839,500.217,536.198,640.626
1174,0.326111111,295.868,460.358,306.369,606.71,614.041,500.456,536.427,640.83
1175,0.326388889,295.868,460.358,306.369,606.71,614.041,500.456,536.427,640.83
1176,0.326666667,295.868,460.358,306.369,606.71,614.041,500.456,536.427,640.83
1177,0.326944444,295.893,460.634,306.427,606.839,614.276,500.719,536.694,641.052
1178,0.327222222,295.893,460.634,306.427,606.839,614.276,500.719,536.694,641.052
1179,0.3275,295.893,460.634,306.427,606.839,614.276,500.719,536.694,641.052
1180,0.327777778,295.893,460.634,306.427,606.839,614.276,500.719,536.694,641.052
1181,0.328055556,295.895,460.866,306.458,606.865,614.487,500.945,536.917,641.254
1182,0.328333333,295.895,460.866,306.458,606.865,614.487,500.945,536.917,641.254
1183,0.328611111,295.895,460.866,306.458,606.865,614.487,500.945,536.917,641.254
1184,0.328888889,295.917,461.117,306.498,607.035,614.701,501.198,537.148,641.449
1185,0.329166667,295.917,461.117,306.498,607.035,614.701,501.198,537.148,641.449
1186,0.329444444,295.917,461.117,306.498,607.035,614.701,501.198,537.148,641.449
1187,0.329722222,295.925,461.38,306.531,607.311,614.927,501.444,537.396,641.653
1188,0.33,295.925,461.38,306.531,607.311,614.927,501.444,537.396,641.653
1189,0.330277778,295.925,461.38,306.531,607.311,614.927,501.444,537.396,641.653
1190,0.330555556,295.925,461.38,306.531,607.311,614.927,501.444,537.396,641.653
1191,0.330833333,295.947,461.662,306.576,607.549,615.134,501.679,537.642,641.839
1192,0.331111111,295.947,461.662,306.576,607.549,615.134,501.679,537.642,641.839
1193,0.331388889,295.947,461.662,306.576,607.549,615.134,501.679,537.642,641.839
1194,0.331666667,295.945,461.921,306.601,607.722,615.345,501.92,537.884,642.05
1195,0.331944444,295.945,461.921,306.601,607.722,615.345,501.92,537.884,642.05
1196,0.332222222,295.945,461.921,306.601,607.722,615.345,501.92,537.884,642.05
1197,0.3325,295.945,461.921,306.601,607.722,615.345,501.92,537.884,642.05
1198,0.332777778,295.963,462.215,306.648,607.957,615.553,502.146,538.1,642.25
1199,0.333055556,295.963,462.215,306.648,607.957,615.553,502.146,538.1,642.25
1200,0.333333333,295.963,462.215,306.648,607.957,615.553,502.146,538.1,642.25
1201,0.333611111,295.98,462.479,306.691,608.103,615.787,502.411,538.362,642.477
1202,0.333888889,295.98,462.479,306.691,608.103,615.787,502.411,538.362,642.477
1203,0.334166667,295.98,462.479,306.691,608.103,615.787,502.411,538.362,642.477
1204,0.334444444,295.98,462.479,306.691,608.103,615.787,502.411,538.362,642.477
1205,0.334722222,295.991,462.708,306.708,608.155,615.99,502.657,538.596,642.675
1206,0.335,295.991,462.708,306.708,608.155,615.99,502.657,538.596,642.675
1207,0.335277778,295.991,462.708,306.708,608.155,615.99,502.657,538.596,642.675
1208,0.335555556,296.012,462.978,306.759,608.287,616.215,502.895,538.825,642.853
1209,0.335833333,296.012,462.978,306.759,608.287,616.215,502.895,538.825,642.853
1210,0.336111111,296.012,462.978,306.759,608.287,616.215,502.895,538.825,642.853
1211,0.336388889,296.012,462.978,306.759,608.287,616.215,502.895,538.825,642.853
1212,0.336666667,296.028,463.258,306.801,608.423,616.42,503.126,539.074,643.078
1213,0.336944444,296.028,463.258,306.801,608.423,616.42,503.126,539.074,643.078
1214,0.337222222,296.028,463.258,306.801,608.423,616.42,503.126,539.074,643.078
1215,0.3375,296.04,463.533,306.837,608.64,616.636,503.369,539.306,643.266
1216,0.337777778,296.04,463.533,306.837,608.64,616.636,503.369,539.306,643.266
1217,0.338055556,296.04,463.533,306.837,608.64,616.636,503.369,539.306,643.266
1218,0.338333333,296.04,463.533,306.837,608.64,616.636,503.369,539.306,643.266
1219,0.338611111,296.053,463.777,306.879,608.938,616.845,503.603,539.556,643.452
1220,0.338888889,296.053,463.777,306.879,608.938,616.845,503.603,539.556,643.452
1221,0.339166667,296.053,463.777,306.879,608.938,616.845,503.603,539.556,643.452
1222,0.339444444,296.062,464.047,306.907,609.023,617.055,503.831,539.785,643.656
1223,0.339722222,296.062,464.047,306.907,609.023,617.055,503.831,539.785,643.656
1224,0.34,296.062,464.047,306.907,609.023,617.055,503.831,539.785,643.656
1225,0.340277778,296.062,464.047,306.907,609.023,617.055,503.831,539.785,643.656
1226,0.340555556,296.08,464.298,306.959,609.05,617.249,504.07,540.004,643.829
1227,0.340833333,296.08,464.298,306.959,609.05,617.249,504.07,540.004,643.829
1228,0.341111111,296.08,464.298,306.959,609.05,617.249,504.07,540.004,643.829
1229,0.341388889,296.094,464.571,306.999,609.078,617.478,504.314,540.261,644.024
1230,0.341666667,296.094,464.571,306.999,609.078,617.478,504.314,540.261,644.024
1231,0.341944444,296.094,464.571,306.999,609.078,617.478,504.314,540.261,644.024
1232,0.342222222,296.094,464.571,306.999,609.078,617.478,504.314,540.261,644.024
1233,0.3425,296.111,464.789,307.029,609.17,617.667,504.563,540.489,644.218
1234,0.342777778,296.111,464.789,307.029,609.17,617.667,504.563,540.489,644.218
1235,0.343055556,296.111,464.789,307.029,609.17,617.667,504.563,540.489,644.218
1236,0.343333333,296.121,465.034,307.076,609.297,617.878,504.793,540.686,644.376
1237,0.343611111,296.121,465.034,307.076,609.297,617.878,504.793,540.686,644.376
1238,0.343888889,296.121,465.034,307.076,609.297,617.878,504.793,540.686,644.376
1239,0.344166667,296.121,465.034,307.076,609.297,617.878,504.793,540.686,644.376
1240,0.344444444,296.133,465.307,307.115,609.555,618.082,505.025,540.948,644.573
1241,0.344722222,296.133,465.307,307.115,609.555,618.082,505.025,540.948,644.573
1242,0.345,296.133,465.307,307.115,609.555,618.082,505.025,540.948,644.573
1243,0.345277778,296.136,465.572,307.155,609.835,618.258,505.229,541.156,644.747
1244,0.345555556,296.136,465.572,307.155,609.835,618.258,505.229,541.156,644.747
1245,0.345833333,296.136,465.572,307.155,609.835,618.258,505.229,541.156,644.747
1246,0.346111111,296.136,465.572,307.155,609.835,618.258,505.229,541.156,644.747
1247,0.346388889,296.16,465.807,307.194,610.021,618.453,505.48,541.381,644.923
1248,0.346666667,296.16,465.807,307.194,610.021,618.453,505.48,541.381,644.923
1249,0.346944444,296.16,465.807,307.194,610.021,618.453,505.48,541.381,644.923
1250,0.347222222,296.178,466.051,307.248,610.166,618.657,505.718,541.619,645.106
1251,0.3475,296.178,466.051,307.248,610.166,618.657,505.718,541.619,645.106
1252,0.347777778,296.178,466.051,307.248,610.166,618.657,505.718,541.619,645.106
1253,0.348055556,296.178,466.051,307.248,610.166,618.657,505.718,541.619,645.106
1254,0.348333333,296.191,466.327,307.279,610.461,618.845,505.947,541.859,645.31
1255,0.348611111,296.191,466.327,307.279,610.461,618.845,505.947,541.859,645.31
1256,0.348888889,296.191,466.327,307.279,610.461,618.845,505.947,541.859,645.31
1257,0.349166667,296.205,466.57,307.325,610.542,619.048,506.181,542.073,645.488
1258,0.349444444,296.205,466.57,307.325,610.542,619.048,506.181,542.073,645.488
1259,0.349722222,296.205,466.57,307.325,610.542,619.048,506.181,542.073,645.488
1260,0.35,296.205,466.57,307.325,610.542,619.048,506.181,542.073,645.488
1261,0.350277778,296.222,466.817,307.35,610.608,619.24,506.391,542.323,645.69
1262,0.350555556,296.222,466.817,307.35,610.608,619.24,506.391,542.323,645.69
1263,0.350833333,296.222,466.817,307.35,610.608,619.24,506.391,542.323,645.69
1264,0.351111111,296.225,467.063,307.383,610.558,619.418,506.608,542.521,645.866
1265,0.351388889,296.225,467.063,307.383,610.558,619.418,506.608,542.521,645.866
1266,0.351666667,296.225,467.063,307.383,610.558,619.418,506.608,542.521,645.866
1267,0.351944444,296.225,467.063,307.383,610.558,619.418,506.608,542.521,645.866
1268,0.352222222,296.242,467.342,307.427,610.52,619.624,506.838,542.754,646.075
1269,0.3525,296.242,467.342,307.427,610.52,619.624,506.838,542.754,646.075
1270,0.352777778,296.242,467.342,307.427,610.52,619.624,506.838,542.754,646.075
1271,0.353055556,296.258,467.566,307.46,610.567,619.806,507.05,542.956,646.226
1272,0.353333333,296.258,467.566,307.46,610.567,619.806,507.05,542.956,646.226
1273,0.353611111,296.258,467.566,307.46,610.567,619.806,507.05,542.956,646.226
1274,0.353888889,296.258,467.566,307.46,610.567,619.806,507.05,542.956,646.226
1275,0.354166667,296.267,467.822,307.502,610.8,620.009,507.283,543.203,646.397
1276,0.354444444,296.267,467.822,307.502,610.8,620.009,507.283,543.203,646.397
1277,0.354722222,296.267,467.822,307.502,610.8,620.009,507.283,543.203,646.397
1278,0.355,296.289,468.072,307.538,610.886,620.207,507.521,543.427,646.563
1279,0.355277778,296.289,468.072,307.538,610.886,620.207,507.521,543.427,646.563
1280,0.355555556,296.289,468.072,307.538,610.886,620.207,507.521,543.427,646.563
1281,0.355833333,296.289,468.072,307.538,610.886,620.207,507.521,543.427,646.563
1282,0.356111111,296.305,468.312,307.573,610.889,620.38,507.74,543.631,646.713
1283,0.356388889,296.305,468.312,307.573,610.889,620.38,507.74,543.631,646.713
1284,0.356666667,296.305,468.312,307.573,610.889,620.38,507.74,543.631,646.713
1285,0.356944444,296.313,468.549,307.609,610.887,620.561,507.971,543.845,646.86
1286,0.357222222,296.313,468.549,307.609,610.887,620.561,507.971,543.845,646.86
1287,0.3575,296.313,468.549,307.609,610.887,620.561,507.971,543.845,646.86
1288,0.357777778,296.313,468.549,307.609,610.887,620.561,507.971,543.845,646.86
1289,0.358055556,296.316,468.791,307.636,611.008,620.727,508.188,544.065,647.006
1290,0.358333333,296.316,468.791,307.636,611.008,620.727,508.188,544.065,647.006
1291,0.358611111,296.316,468.791,307.636,611.008,620.727,508.188,544.065,647.006
1292,0.358888889,296.337,469.017,307.682,611.104,620.912,508.416,544.27,647.174
1293,0.359166667,296.337,469.017,307.682,611.104,620.912,508.416,544.27,647.174
1294,0.359444444,296.337,469.017,307.682,611.104,620.912,508.416,544.27,647.174
1295,0.359722222,296.337,469.017,307.682,611.104,620.912,508.416,544.27,647.174
1296,0.36,296.357,469.248,307.709,611.322,621.078,508.638,544.495,647.306
1297,0.360277778,296.357,469.248,307.709,611.322,621.078,508.638,544.495,647.306
1298,0.360555556,296.357,469.248,307.709,611.322,621.078,508.638,544.495,647.306
1299,0.360833333,296.366,469.482,307.746,611.677,621.238,508.846,544.686,647.464
1300,0.361111111,296.366,469.482,307.746,611.677,621.238,508.846,544.686,647.464
1301,0.361388889,296.366,469.482,307.746,611.677,621.238,508.846,544.686,647.464
1302,0.361666667,296.366,469.482,307.746,611.677,621.238,508.846,544.686,647.464
1303,0.361944444,296.385,469.737,307.783,611.919,621.418,509.072,544.92,647.628
1304,0.362222222,296.385,469.737,307.783,611.919,621.418,509.072,544.92,647.628
1305,0.3625,296.385,469.737,307.783,611.919,621.418,509.072,544.92,647.628
1306,0.362777778,296.4,469.982,307.812,612.067,621.6,509.296,545.151,647.843
1307,0.363055556,296.4,469.982,307.812,612.067,621.6,509.296,545.151,647.843
1308,0.363333333,296.4,469.982,307.812,612.067,621.6,509.296,545.151,647.843
1309,0.363611111,296.4,469.982,307.812,612.067,621.6,509.296,545.151,647.843
1310,0.363888889,296.407,470.226,307.848,612.137,621.777,509.503,545.35,648.019
1311,0.364166667,296.407,470.226,307.848,612.137,621.777,509.503,545.35,648.019
1312,0.364444444,296.407,470.226,307.848,612.137,621.777,509.503,545.35,648.019
1313,0.364722222,296.424,470.462,307.885,612.221,621.966,509.712,545.569,648.215
1314,0.365,296.424,470.462,307.885,612.221,621.966,509.712,545.569,648.215
1315,0.365277778,296.424,470.462,307.885,612.221,621.966,509.712,545.569,648.215
1316,0.365555556,296.439,470.689,307.915,612.213,622.152,509.917,545.753,648.404
1317,0.365833333,296.439,470.689,307.915,612.213,622.152,509.917,545.753,648.404
1318,0.366111111,296.439,470.689,307.915,612.213,622.152,509.917,545.753,648.404
1319,0.366388889,296.439,470.689,307.915,612.213,622.152,509.917,545.753,648.404
1320,0.366666667,296.452,470.951,307.963,612.127,622.348,510.144,545.994,648.584
1321,0.366944444,296.452,470.951,307.963,612.127,622.348,510.144,545.994,648.584
1322,0.367222222,296.452,470.951,307.963,612.127,622.348,510.144,545.994,648.584
1323,0.3675,296.459,471.18,307.993,611.878,622.536,510.356,546.178,648.745
1324,0.367777778,296.459,471.18,307.993,611.878,622.536,510.356,546.178,648.745
1325,0.368055556,296.459,471.18,307.993,611.878,622.536,510.356,546.178,648.745
1326,0.368333333,296.459,471.18,307.993,611.878,622.536,510.356,546.178,648.745
1327,0.368611111,296.467,471.381,308.013,611.863,622.699,510.565,546.379,648.887
1328,0.368888889,296.467,471.381,308.013,611.863,622.699,510.565,546.379,648.887
1329,0.369166667,296.467,471.381,308.013,611.863,622.699,510.565,546.379,648.887
1330,0.369444444,296.493,471.655,308.062,612.023,622.898,510.791,546.618,649.054
1331,0.369722222,296.493,471.655,308.062,612.023,622.898,510.791,546.618,649.054
1332,0.37,296.493,471.655,308.062,612.023,622.898,510.791,546.618,649.054
1333,0.370277778,296.493,471.655,308.062,612.023,622.898,510.791,546.618,649.054
1334,0.370555556,296.51,471.889,308.107,612.043,623.053,511.01,546.826,649.203
1335,0.370833333,296.51,471.889,308.107,612.043,623.053,511.01,546.826,649.203
1336,0.371111111,296.51,471.889,308.107,612.043,623.053,511.01,546.826,649.203
1337,0.371388889,296.514,472.121,308.14,612.062,623.205,511.213,547.038,649.325
1338,0.371666667,296.514,472.121,308.14,612.062,623.205,511.213,547.038,649.325
1339,0.371944444,296.514,472.121,308.14,612.062,623.205,511.213,547.038,649.325
1340,0.372222222,296.514,472.121,308.14,612.062,623.205,511.213,547.038,649.325
1341,0.3725,296.534,472.345,308.175,612.111,623.368,511.439,547.233,649.455
1342,0.372777778,296.534,472.345,308.175,612.111,623.368,511.439,547.233,649.455
1343,0.373055556,296.534,472.345,308.175,612.111,623.368,511.439,547.233,649.455
1344,0.373333333,296.534,472.345,308.175,612.111,623.368,511.439,547.233,649.455
1345,0.373611111,296.55,472.568,308.212,612.306,623.518,511.651,547.46,649.578
1346,0.373888889,296.55,472.568,308.212,612.306,623.518,511.651,547.46,649.578
1347,0.374166667,296.55,472.568,308.212,612.306,623.518,511.651,547.46,649.578
1348,0.374444444,296.56,472.798,308.241,612.488,623.662,511.868,547.653,649.701
1349,0.374722222,296.56,472.798,308.241,612.488,623.662,511.868,547.653,649.701
1350,0.375,296.56,472.798,308.241,612.488,623.662,511.868,547.653,649.701
1351,0.375277778,296.583,473.047,308.278,612.695,623.802,512.092,547.842,649.821
1352,0.375555556,296.583,473.047,308.278,612.695,623.802,512.092,547.842,649.821
1353,0.375833333,296.583,473.047,308.278,612.695,623.802,512.092,547.842,649.821
1354,0.376111111,296.583,473.047,308.278,612.695,623.802,512.092,547.842,649.821
1355,0.376388889,296.593,473.262,308.323,612.819,623.955,512.286,548.04,649.974
1356,0.376666667,296.593,473.262,308.323,612.819,623.955,512.286,548.04,649.974
1357,0.376944444,296.593,473.262,308.323,612.819,623.955,512.286,548.04,649.974
1358,0.377222222,296.604,473.482,308.361,613.002,624.116,512.501,548.242,650.134
1359,0.3775,296.604,473.482,308.361,613.002,624.116,512.501,548.242,650.134
1360,0.377777778,296.604,473.482,308.361,613.002,624.116,512.501,548.242,650.134
1361,0.378055556,296.604,473.482,308.361,613.002,624.116,512.501,548.242,650.134
1362,0.378333333,296.608,473.722,308.393,613.145,624.261,512.704,548.441,650.264
1363,0.378611111,296.608,473.722,308.393,613.145,624.261,512.704,548.441,650.264
1364,0.378888889,296.608,473.722,308.393,613.145,624.261,512.704,548.441,650.264
1365,0.379166667,296.638,473.947,308.428,613.22,624.433,512.912,548.627,650.432
1366,0.379444444,296.638,473.947,308.428,613.22,624.433,512.912,548.627,650.432
1367,0.379722222,296.638,473.947,308.428,613.22,624.433,512.912,548.627,650.432
1368,0.38,296.638,473.947,308.428,613.22,624.433,512.912,548.627,650.432
1369,0.380277778,296.652,474.151,308.469,613.484,624.601,513.107,548.833,650.592
1370,0.380555556,296.652,474.151,308.469,613.484,624.601,513.107,548.833,650.592
1371,0.380833333,296.652,474.151,308.469,613.484,624.601,513.107,548.833,650.592
1372,0.381111111,296.652,474.358,308.491,613.858,624.748,513.3,549.004,650.734
1373,0.381388889,296.652,474.358,308.491,613.858,624.748,513.3,549.004,650.734
1374,0.381666667,296.652,474.358,308.491,613.858,624.748,513.3,549.004,650.734
1375,0.381944444,296.652,474.358,308.491,613.858,624.748,513.3,549.004,650.734
1376,0.382222222,296.665,474.597,308.531,614.226,624.918,513.507,549.217,650.929
1377,0.3825,296.665,474.597,308.531,614.226,624.918,513.507,549.217,650.929
1378,0.382777778,296.665,474.597,308.531,614.226,624.918,513.507,549.217,650.929
1379,0.383055556,296.697,474.843,308.564,614.513,625.098,513.707,549.394,651.109
1380,0.383333333,296.697,474.843,308.564,614.513,625.098,513.707,549.394,651.109
1381,0.383611111,296.697,474.843,308.564,614.513,625.098,513.707,549.394,651.109
1382,0.383888889,296.697,474.843,308.564,614.513,625.098,513.707,549.394,651.109
1383,0.384166667,296.704,475.049,308.608,614.613,625.266,513.908,549.594,651.286
1384,0.384444444,296.704,475.049,308.608,614.613,625.266,513.908,549.594,651.286
1385,0.384722222,296.704,475.049,308.608,614.613,625.266,513.908,549.594,651.286
1386,0.385,296.713,475.287,308.622,614.726,625.464,514.105,549.792,651.508
1387,0.385277778,296.713,475.287,308.622,614.726,625.464,514.105,549.792,651.508
1388,0.385555556,296.713,475.287,308.622,614.726,625.464,514.105,549.792,651.508
1389,0.385833333,296.713,475.287,308.622,614.726,625.464,514.105,549.792,651.508
1390,0.386111111,296.73,475.47,308.664,614.912,625.642,514.297,549.986,651.708
1391,0.386388889,296.73,475.47,308.664,614.912,625.642,514.297,549.986,651.708
1392,0.386666667,296.73,475.47,308.664,614.912,625.642,514.297,549.986,651.708
1393,0.386944444,296.743,475.713,308.692,615.184,625.849,514.512,550.204,651.915
1394,0.387222222,296.743,475.713,308.692,615.184,625.849,514.512,550.204,651.915
1395,0.3875,296.743,475.713,308.692,615.184,625.849,514.512,550.204,651.915
1396,0.387777778,296.743,475.713,308.692,615.184,625.849,514.512,550.204,651.915
1397,0.388055556,296.768,475.943,308.718,615.374,626.056,514.716,550.403,652.139
1398,0.388333333,296.768,475.943,308.718,615.374,626.056,514.716,550.403,652.139
1399,0.388611111,296.768,475.943,308.718,615.374,626.056,514.716,550.403,652.139
1400,0.388888889,296.771,476.154,308.742,615.425,626.246,514.904,550.597,652.329
1401,0.389166667,296.771,476.154,308.742,615.425,626.246,514.904,550.597,652.329
1402,0.389444444,296.771,476.154,308.742,615.425,626.246,514.904,550.597,652.329
1403,0.389722222,296.771,476.154,308.742,615.425,626.246,514.904,550.597,652.329
1404,0.39,296.789,476.4,308.766,615.495,626.456,515.115,550.805,652.541
1405,0.390277778,296.789,476.4,308.766,615.495,626.456,515.115,550.805,652.541
1406,0.390555556,296.789,476.4,308.766,615.495,626.456,515.115,550.805,652.541
1407,0.390833333,296.799,476.628,308.802,615.42,626.642,515.313,551.006,652.745
1408,0.391111111,296.799,476.628,308.802,615.42,626.642,515.313,551.006,652.745
1409,0.391388889,296.799,476.628,308.802,615.42,626.642,515.313,551.006,652.745
1410,0.391666667,296.799,476.628,308.802,615.42,626.642,515.313,551.006,652.745
1411,0.391944444,296.806,476.83,308.834,615.305,626.83,515.517,551.192,652.918
1412,0.392222222,296.806,476.83,308.834,615.305,626.83,515.517,551.192,652.918
1413,0.3925,296.806,476.83,308.834,615.305,626.83,515.517,551.192,652.918
1414,0.392777778,296.83,477.049,308.859,615.175,627.021,515.74,551.398,653.101
1415,0.393055556,296.83,477.049,308.859,615.175,627.021,515.74,551.398,653.101
1416,0.393333333,296.83,477.049,308.859,615.175,627.021,515.74,551.398,653.101
1417,0.393611111,296.83,477.049,308.859,615.175,627.021,515.74,551.398,653.101
1418,0.393888889,296.845,477.279,308.882,615.028,627.192,515.938,551.593,653.231
1419,0.394166667,296.845,477.279,308.882,615.028,627.192,515.938,551.593,653.231
1420,0.394444444,296.845,477.279,308.882,615.028,627.192,515.938,551.593,653.231
1421,0.394722222,296.849,477.494,308.915,615.081,627.35,516.146,551.801,653.368
1422,0.395,296.849,477.494,308.915,615.081,627.35,516.146,551.801,653.368
1423,0.395277778,296.849,477.494,308.915,615.081,627.35,516.146,551.801,653.368
1424,0.395555556,296.86,477.695,308.946,615.16,627.5,516.364,551.997,653.486
1425,0.395833333,296.86,477.695,308.946,615.16,627.5,516.364,551.997,653.486
1426,0.396111111,296.86,477.695,308.946,615.16,627.5,516.364,551.997,653.486
1427,0.396388889,296.86,477.695,308.946,615.16,627.5,516.364,551.997,653.486
1428,0.396666667,296.873,477.919,308.976,615.314,627.644,516.576,552.192,653.595
1429,0.396944444,296.873,477.919,308.976,615.314,627.644,516.576,552.192,653.595
1430,0.397222222,296.873,477.919,308.976,615.314,627.644,516.576,552.192,653.595
1431,0.3975,296.904,478.151,309.014,615.443,627.799,516.797,552.442,653.745
1432,0.397777778,296.904,478.151,309.014,615.443,627.799,516.797,552.442,653.745
1433,0.398055556,296.904,478.151,309.014,615.443,627.799,516.797,552.442,653.745
1434,0.398333333,296.904,478.151,309.014,615.443,627.799,516.797,552.442,653.745
1435,0.398611111,296.907,478.36,309.038,615.648,627.936,517,552.608,653.847
1436,0.398888889,296.907,478.36,309.038,615.648,627.936,517,552.608,653.847
1437,0.399166667,296.907,478.36,309.038,615.648,627.936,517,552.608,653.847
1438,0.399444444,296.921,478.557,309.062,615.985,628.071,517.19,552.807,653.967
1439,0.399722222,296.921,478.557,309.062,615.985,628.071,517.19,552.807,653.967
1440,0.4,296.921,478.557,309.062,615.985,628.071,517.19,552.807,653.967
1441,0.400277778,296.921,478.557,309.062,615.985,628.071,517.19,552.807,653.967
1442,0.400555556,296.937,478.795,309.094,616.276,628.215,517.4,553.018,654.132
1443,0.400833333,296.937,478.795,309.094,616.276,628.215,517.4,553.018,654.132
1444,0.401111111,296.937,478.795,309.094,616.276,628.215,517.4,553.018,654.132
1445,0.401388889,296.957,479.031,309.137,616.245,628.36,517.605,553.208,654.267
1446,0.401666667,296.957,479.031,309.137,616.245,628.36,517.605,553.208,654.267
1447,0.401944444,296.957,479.031,309.137,616.245,628.36,517.605,553.208,654.267
1448,0.402222222,296.957,479.031,309.137,616.245,628.36,517.605,553.208,654.267
1449,0.4025,296.96,479.223,309.164,616.142,628.517,517.799,553.377,654.408
1450,0.402777778,296.96,479.223,309.164,616.142,628.517,517.799,553.377,654.408
1451,0.403055556,296.96,479.223,309.164,616.142,628.517,517.799,553.377,654.408
1452,0.403333333,296.984,479.431,309.198,616.099,628.652,517.988,553.584,654.569
1453,0.403611111,296.984,479.431,309.198,616.099,628.652,517.988,553.584,654.569
1454,0.403888889,296.984,479.431,309.198,616.099,628.652,517.988,553.584,654.569
1455,0.404166667,296.984,479.431,309.198,616.099,628.652,517.988,553.584,654.569
1456,0.404444444,297,479.66,309.223,616.135,628.818,518.189,553.773,654.731
1457,0.404722222,297,479.66,309.223,616.135,628.818,518.189,553.773,654.731
1458,0.405,297,479.66,309.223,616.135,628.818,518.189,553.773,654.731
1459,0.405277778,297.012,479.867,309.245,616.195,628.958,518.385,553.954,654.857
1460,0.405555556,297.012,479.867,309.245,616.195,628.958,518.385,553.954,654.857
1461,0.405833333,297.012,479.867,309.245,616.195,628.958,518.385,553.954,654.857
1462,0.406111111,297.012,479.867,309.245,616.195,628.958,518.385,553.954,654.857
1463,0.406388889,297.02,480.101,309.275,616.338,629.111,518.585,554.145,654.98
1464,0.406666667,297.02,480.101,309.275,616.338,629.111,518.585,554.145,654.98
1465,0.406944444,297.02,480.101,309.275,616.338,629.111,518.585,554.145,654.98
1466,0.407222222,297.037,480.326,309.311,616.557,629.256,518.786,554.365,655.136
1467,0.4075,297.037,480.326,309.311,616.557,629.256,518.786,554.365,655.136
1468,0.407777778,297.037,480.326,309.311,616.557,629.256,518.786,554.365,655.136
1469,0.408055556,297.037,480.326,309.311,616.557,629.256,518.786,554.365,655.136
1470,0.408333333,297.054,480.576,309.337,616.558,629.397,518.981,554.536,655.247
1471,0.408611111,297.054,480.576,309.337,616.558,629.397,518.981,554.536,655.247
1472,0.408888889,297.054,480.576,309.337,616.558,629.397,518.981,554.536,655.247
1473,0.409166667,297.065,480.798,309.364,616.354,629.536,519.178,554.753,655.402
1474,0.409444444,297.065,480.798,309.364,616.354,629.536,519.178,554.753,655.402
1475,0.409722222,297.065,480.798,309.364,616.354,629.536,519.178,554.753,655.402
1476,0.41,297.065,480.798,309.364,616.354,629.536,519.178,554.753,655.402
1477,0.410277778,297.087,481.012,309.387,616.119,629.672,519.378,554.928,655.502
1478,0.410555556,297.087,481.012,309.387,616.119,629.672,519.378,554.928,655.502
1479,0.410833333,297.087,481.012,309.387,616.119,629.672,519.378,554.928,655.502
1480,0.411111111,297.08,481.23,309.403,615.895,629.787,519.571,555.109,655.583
1481,0.411388889,297.08,481.23,309.403,615.895,629.787,519.571,555.109,655.583
1482,0.411666667,297.08,481.23,309.403,615.895,629.787,519.571,555.109,655.583
1483,0.411944444,297.08,481.23,309.403,615.895,629.787,519.571,555.109,655.583
1484,0.412222222,297.107,481.474,309.43,615.766,629.909,519.765,555.304,655.67
1485,0.4125,297.107,481.474,309.43,615.766,629.909,519.765,555.304,655.67
1486,0.412777778,297.107,481.474,309.43,615.766,629.909,519.765,555.304,655.67
1487,0.413055556,297.114,481.69,309.463,615.715,630.026,519.975,555.5,655.75
1488,0.413333333,297.114,481.69,309.463,615.715,630.026,519.975,555.5,655.75
1489,0.413611111,297.114,481.69,309.463,615.715,630.026,519.975,555.5,655.75
1490,0.413888889,297.114,481.69,309.463,615.715,630.026,519.975,555.5,655.75
1491,0.414166667,297.133,481.902,309.482,615.754,630.102,520.158,555.68,655.767
1492,0.414444444,297.133,481.902,309.482,615.754,630.102,520.158,555.68,655.767
1493,0.414722222,297.133,481.902,309.482,615.754,630.102,520.158,555.68,655.767
1494,0.415,297.153,482.134,309.505,615.872,630.193,520.369,555.873,655.806
1495,0.415277778,297.153,482.134,309.505,615.872,630.193,520.369,555.873,655.806
1496,0.415555556,297.153,482.134,309.505,615.872,630.193,520.369,555.873,655.806
1497,0.415833333,297.151,482.326,309.523,615.885,630.245,520.542,556.027,655.807
1498,0.416111111,297.151,482.326,309.523,615.885,630.245,520.542,556.027,655.807
1499,0.416388889,297.151,482.326,309.523,615.885,630.245,520.542,556.027,655.807
1500,0.416666667,297.151,482.326,309.523,615.885,630.245,520.542,556.027,655.807
1501,0.416944444,297.169,482.541,309.549,616.005,630.307,520.712,556.212,655.83
1502,0.417222222,297.169,482.541,309.549,616.005,630.307,520.712,556.212,655.83
1503,0.4175,297.169,482.541,309.549,616.005,630.307,520.712,556.212,655.83
1504,0.417777778,297.181,482.735,309.562,616.239,630.375,520.9,556.375,655.855
1505,0.418055556,297.181,482.735,309.562,616.239,630.375,520.9,556.375,655.855
1506,0.418333333,297.181,482.735,309.562,616.239,630.375,520.9,556.375,655.855
1507,0.418611111,297.181,482.735,309.562,616.239,630.375,520.9,556.375,655.855
1508,0.418888889,297.198,482.946,309.6,616.489,630.43,521.083,556.55,655.915
1509,0.419166667,297.198,482.946,309.6,616.489,630.43,521.083,556.55,655.915
1510,0.419444444,297.198,482.946,309.6,616.489,630.43,521.083,556.55,655.915
1511,0.419722222,297.215,483.146,309.609,616.749,630.495,521.254,556.71,655.951
1512,0.42,297.215,483.146,309.609,616.749,630.495,521.254,556.71,655.951
1513,0.420277778,297.215,483.146,309.609,616.749,630.495,521.254,556.71,655.951
1514,0.420555556,297.215,483.146,309.609,616.749,630.495,521.254,556.71,655.951
1515,0.420833333,297.224,483.355,309.629,616.93,630.559,521.423,556.845,656.002
1516,0.421111111,297.224,483.355,309.629,616.93,630.559,521.423,556.845,656.002
1517,0.421388889,297.224,483.355,309.629,616.93,630.559,521.423,556.845,656.002
1518,0.421666667,297.237,483.581,309.66,617.045,630.647,521.601,557.001,656.093
1519,0.421944444,297.237,483.581,309.66,617.045,630.647,521.601,557.001,656.093
1520,0.422222222,297.237,483.581,309.66,617.045,630.647,521.601,557.001,656.093
1521,0.4225,297.237,483.581,309.66,617.045,630.647,521.601,557.001,656.093
1522,0.422777778,297.259,483.792,309.687,617.009,630.736,521.78,557.166,656.198
1523,0.423055556,297.259,483.792,309.687,617.009,630.736,521.78,557.166,656.198
1524,0.423333333,297.259,483.792,309.687,617.009,630.736,521.78,557.166,656.198
1525,0.423611111,297.264,483.984,309.694,616.801,630.827,521.938,557.304,656.27
1526,0.423888889,297.264,483.984,309.694,616.801,630.827,521.938,557.304,656.27
1527,0.424166667,297.264,483.984,309.694,616.801,630.827,521.938,557.304,656.27
1528,0.424444444,297.264,483.984,309.694,616.801,630.827,521.938,557.304,656.27
1529,0.424722222,297.291,484.194,309.736,616.627,630.918,522.107,557.468,656.362
1530,0.425,297.291,484.194,309.736,616.627,630.918,522.107,557.468,656.362
1531,0.425277778,297.291,484.194,309.736,616.627,630.918,522.107,557.468,656.362
1532,0.425555556,297.309,484.382,309.764,616.62,631.017,522.279,557.607,656.428
1533,0.425833333,297.309,484.382,309.764,616.62,631.017,522.279,557.607,656.428
1534,0.426111111,297.309,484.382,309.764,616.62,631.017,522.279,557.607,656.428
1535,0.426388889,297.309,484.382,309.764,616.62,631.017,522.279,557.607,656.428
1536,0.426666667,297.317,484.537,309.786,616.694,631.083,522.435,557.74,656.469
1537,0.426944444,297.317,484.537,309.786,616.694,631.083,522.435,557.74,656.469
1538,0.427222222,297.317,484.537,309.786,616.694,631.083,522.435,557.74,656.469
1539,0.4275,297.33,484.72,309.807,616.744,631.165,522.602,557.906,656.523
1540,0.427777778,297.33,484.72,309.807,616.744,631.165,522.602,557.906,656.523
1541,0.428055556,297.33,484.72,309.807,616.744,631.165,522.602,557.906,656.523
1542,0.428333333,297.33,484.72,309.807,616.744,631.165,522.602,557.906,656.523
1543,0.428611111,297.346,484.923,309.83,616.96,631.252,522.75,558.05,656.589
1544,0.428888889,297.346,484.923,309.83,616.96,631.252,522.75,558.05,656.589
1545,0.429166667,297.346,484.923,309.83,616.96,631.252,522.75,558.05,656.589
1546,0.429444444,297.364,485.105,309.863,617.169,631.336,522.929,558.176,656.64
1547,0.429722222,297.364,485.105,309.863,617.169,631.336,522.929,558.176,656.64
1548,0.43,297.364,485.105,309.863,617.169,631.336,522.929,558.176,656.64
1549,0.430277778,297.364,485.105,309.863,617.169,631.336,522.929,558.176,656.64
1550,0.430555556,297.371,485.269,309.879,617.31,631.416,523.073,558.343,656.738
1551,0.430833333,297.371,485.269,309.879,617.31,631.416,523.073,558.343,656.738
1552,0.431111111,297.371,485.269,309.879,617.31,631.416,523.073,558.343,656.738
1553,0.431388889,297.388,485.482,309.909,617.515,631.5,523.249,558.466,656.825
1554,0.431666667,297.388,485.482,309.909,617.515,631.5,523.249,558.466,656.825
1555,0.431944444,297.388,485.482,309.909,617.515,631.5,523.249,558.466,656.825
1556,0.432222222,297.388,485.482,309.909,617.515,631.5,523.249,558.466,656.825
1557,0.4325,297.41,485.672,309.937,617.552,631.597,523.406,558.62,656.952
1558,0.432777778,297.41,485.672,309.937,617.552,631.597,523.406,558.62,656.952
1559,0.433055556,297.41,485.672,309.937,617.552,631.597,523.406,558.62,656.952
1560,0.433333333,297.429,485.863,309.969,617.784,631.714,523.569,558.775,657.069
1561,0.433611111,297.429,485.863,309.969,617.784,631.714,523.569,558.775,657.069
1562,0.433888889,297.429,485.863,309.969,617.784,631.714,523.569,558.775,657.069
1563,0.434166667,297.438,486.029,309.999,617.87,631.808,523.703,558.905,657.181
1564,0.434444444,297.438,486.029,309.999,617.87,631.808,523.703,558.905,657.181
1565,0.434722222,297.438,486.029,309.999,617.87,631.808,523.703,558.905,657.181
1566,0.435,297.438,486.029,309.999,617.87,631.808,523.703,558.905,657.181
1567,0.435277778,297.453,486.213,310.024,617.692,631.929,523.89,559.06,657.311
1568,0.435555556,297.453,486.213,310.024,617.692,631.929,523.89,559.06,657.311
1569,0.435833333,297.453,486.213,310.024,617.692,631.929,523.89,559.06,657.311
1570,0.436111111,297.475,486.4,310.041,617.564,632.025,524.041,559.206,657.408
1571,0.436388889,297.475,486.4,310.041,617.564,632.025,524.041,559.206,657.408
1572,0.436666667,297.475,486.4,310.041,617.564,632.025,524.041,559.206,657.408
1573,0.436944444,297.475,486.4,310.041,617.564,632.025,524.041,559.206,657.408
1574,0.437222222,297.474,486.569,310.066,617.578,632.128,524.186,559.35,657.51
1575,0.4375,297.474,486.569,310.066,617.578,632.128,524.186,559.35,657.51
1576,0.437777778,297.474,486.569,310.066,617.578,632.128,524.186,559.35,657.51
1577,0.438055556,297.505,486.782,310.101,617.671,632.249,524.358,559.501,657.604
1578,0.438333333,297.505,486.782,310.101,617.671,632.249,524.358,559.501,657.604
1579,0.438611111,297.505,486.782,310.101,617.671,632.249,524.358,559.501,657.604
1580,0.438888889,297.505,486.782,310.101,617.671,632.249,524.358,559.501,657.604
1581,0.439166667,297.508,486.951,310.13,617.445,632.334,524.52,559.648,657.677
1582,0.439444444,297.508,486.951,310.13,617.445,632.334,524.52,559.648,657.677
1583,0.439722222,297.508,486.951,310.13,617.445,632.334,524.52,559.648,657.677
1584,0.44,297.541,487.139,310.149,617.314,632.446,524.691,559.819,657.767
1585,0.440277778,297.541,487.139,310.149,617.314,632.446,524.691,559.819,657.767
1586,0.440555556,297.541,487.139,310.149,617.314,632.446,524.691,559.819,657.767
1587,0.440833333,297.541,487.139,310.149,617.314,632.446,524.691,559.819,657.767
1588,0.441111111,297.541,487.333,310.175,616.939,632.518,524.835,559.947,657.813
1589,0.441388889,297.541,487.333,310.175,616.939,632.518,524.835,559.947,657.813
1590,0.441666667,297.541,487.333,310.175,616.939,632.518,524.835,559.947,657.813
1591,0.441944444,297.56,487.521,310.203,616.526,632.597,524.997,560.1,657.862
1592,0.442222222,297.56,487.521,310.203,616.526,632.597,524.997,560.1,657.862
1593,0.4425,297.56,487.521,310.203,616.526,632.597,524.997,560.1,657.862
1594,0.442777778,297.56,487.521,310.203,616.526,632.597,524.997,560.1,657.862
1595,0.443055556,297.585,487.708,310.226,616.24,632.683,525.176,560.273,657.907
1596,0.443333333,297.585,487.708,310.226,616.24,632.683,525.176,560.273,657.907
1597,0.443611111,297.585,487.708,310.226,616.24,632.683,525.176,560.273,657.907
1598,0.443888889,297.588,487.88,310.245,616.032,632.737,525.316,560.402,657.928
1599,0.444166667,297.588,487.88,310.245,616.032,632.737,525.316,560.402,657.928
1600,0.444444444,297.588,487.88,310.245,616.032,632.737,525.316,560.402,657.928
1601,0.444722222,297.588,487.88,310.245,616.032,632.737,525.316,560.402,657.928
1602,0.445,297.608,488.101,310.27,615.819,632.791,525.474,560.554,657.92
1603,0.445277778,297.608,488.101,310.27,615.819,632.791,525.474,560.554,657.92
1604,0.445555556,297.608,488.101,310.27,615.819,632.791,525.474,560.554,657.92
1605,0.445833333,297.623,488.28,310.301,615.849,632.819,525.644,560.693,657.897
1606,0.446111111,297.623,488.28,310.301,615.849,632.819,525.644,560.693,657.897
1607,0.446388889,297.623,488.28,310.301,615.849,632.819,525.644,560.693,657.897
1608,0.446666667,297.623,488.28,310.301,615.849,632.819,525.644,560.693,657.897
1609,0.446944444,297.644,488.464,310.329,615.889,632.852,525.802,560.838,657.88
1610,0.447222222,297.644,488.464,310.329,615.889,632.852,525.802,560.838,657.88
1611,0.4475,297.644,488.464,310.329,615.889,632.852,525.802,560.838,657.88
1612,0.447777778,297.654,488.643,310.344,615.934,632.854,525.948,560.964,657.828
1613,0.448055556,297.654,488.643,310.344,615.934,632.854,525.948,560.964,657.828
1614,0.448333333,297.654,488.643,310.344,615.934,632.854,525.948,560.964,657.828
1615,0.448611111,297.654,488.643,310.344,615.934,632.854,525.948,560.964,657.828
1616,0.448888889,297.675,488.833,310.38,615.98,632.882,526.12,561.122,657.837
1617,0.449166667,297.675,488.833,310.38,615.98,632.882,526.12,561.122,657.837
1618,0.449444444,297.675,488.833,310.38,615.98,632.882,526.12,561.122,657.837
1619,0.449722222,297.686,489.03,310.404,615.869,632.888,526.266,561.23,657.787
1620,0.45,297.686,489.03,310.404,615.869,632.888,526.266,561.23,657.787
1621,0.450277778,297.686,489.03,310.404,615.869,632.888,526.266,561.23,657.787
1622,0.450555556,297.686,489.03,310.404,615.869,632.888,526.266,561.23,657.787
1623,0.450833333,297.703,489.193,310.431,615.562,632.902,526.406,561.365,657.779
1624,0.451111111,297.703,489.193,310.431,615.562,632.902,526.406,561.365,657.779
1625,0.451388889,297.703,489.193,310.431,615.562,632.902,526.406,561.365,657.779
1626,0.451666667,297.71,489.365,310.449,615.635,632.906,526.552,561.506,657.766
1627,0.451944444,297.71,489.365,310.449,615.635,632.906,526.552,561.506,657.766
1628,0.452222222,297.71,489.365,310.449,615.635,632.906,526.552,561.506,657.766
1629,0.4525,297.71,489.365,310.449,615.635,632.906,526.552,561.506,657.766
1630,0.452777778,297.738,489.547,310.477,615.963,632.926,526.71,561.609,657.743
1631,0.453055556,297.738,489.547,310.477,615.963,632.926,526.71,561.609,657.743
1632,0.453333333,297.738,489.547,310.477,615.963,632.926,526.71,561.609,657.743
1633,0.453611111,297.741,489.709,310.506,616.1,632.93,526.833,561.727,657.715
1634,0.453888889,297.741,489.709,310.506,616.1,632.93,526.833,561.727,657.715
1635,0.454166667,297.741,489.709,310.506,616.1,632.93,526.833,561.727,657.715
1636,0.454444444,297.741,489.709,310.506,616.1,632.93,526.833,561.727,657.715
1637,0.454722222,297.772,489.889,310.532,616.177,632.963,526.981,561.843,657.719
1638,0.455,297.772,489.889,310.532,616.177,632.963,526.981,561.843,657.719
1639,0.455277778,297.772,489.889,310.532,616.177,632.963,526.981,561.843,657.719
1640,0.455555556,297.779,490.076,310.551,616.074,632.96,527.119,561.942,657.711
1641,0.455833333,297.779,490.076,310.551,616.074,632.96,527.119,561.942,657.711
1642,0.456111111,297.779,490.076,310.551,616.074,632.96,527.119,561.942,657.711
1643,0.456388889,297.779,490.076,310.551,616.074,632.96,527.119,561.942,657.711
1644,0.456666667,297.796,490.257,310.576,615.87,632.984,527.245,562.065,657.752
1645,0.456944444,297.796,490.257,310.576,615.87,632.984,527.245,562.065,657.752
1646,0.457222222,297.796,490.257,310.576,615.87,632.984,527.245,562.065,657.752
1647,0.4575,297.824,490.433,310.605,615.931,633.015,527.405,562.173,657.762
1648,0.457777778,297.824,490.433,310.605,615.931,633.015,527.405,562.173,657.762
1649,0.458055556,297.824,490.433,310.605,615.931,633.015,527.405,562.173,657.762
1650,0.458333333,297.824,490.433,310.605,615.931,633.015,527.405,562.173,657.762
1651,0.458611111,297.823,490.569,310.617,616.084,633.031,527.514,562.274,657.751
1652,0.458888889,297.823,490.569,310.617,616.084,633.031,527.514,562.274,657.751
1653,0.459166667,297.823,490.569,310.617,616.084,633.031,527.514,562.274,657.751
1654,0.459444444,297.844,490.743,310.647,616.097,633.053,527.646,562.377,657.763
1655,0.459722222,297.844,490.743,310.647,616.097,633.053,527.646,562.377,657.763
1656,0.46,297.844,490.743,310.647,616.097,633.053,527.646,562.377,657.763
1657,0.460277778,297.844,490.743,310.647,616.097,633.053,527.646,562.377,657.763
1658,0.460555556,297.859,490.909,310.678,616.071,633.086,527.786,562.493,657.788
1659,0.460833333,297.859,490.909,310.678,616.071,633.086,527.786,562.493,657.788
1660,0.461111111,297.859,490.909,310.678,616.071,633.086,527.786,562.493,657.788
1661,0.461388889,297.881,491.075,310.694,616.156,633.116,527.918,562.609,657.806
1662,0.461666667,297.881,491.075,310.694,616.156,633.116,527.918,562.609,657.806
1663,0.461944444,297.881,491.075,310.694,616.156,633.116,527.918,562.609,657.806
1664,0.462222222,297.881,491.075,310.694,616.156,633.116,527.918,562.609,657.806
1665,0.4625,297.905,491.239,310.723,616.072,633.148,528.047,562.708,657.821
1666,0.462777778,297.905,491.239,310.723,616.072,633.148,528.047,562.708,657.821
1667,0.463055556,297.905,491.239,310.723,616.072,633.148,528.047,562.708,657.821
1668,0.463333333,297.91,491.403,310.744,615.807,633.17,528.178,562.799,657.828
1669,0.463611111,297.91,491.403,310.744,615.807,633.17,528.178,562.799,657.828
1670,0.463888889,297.91,491.403,310.744,615.807,633.17,528.178,562.799,657.828
1671,0.464166667,297.91,491.403,310.744,615.807,633.17,528.178,562.799,657.828
1672,0.464444444,297.924,491.556,310.772,615.547,633.204,528.303,562.897,657.852
1673,0.464722222,297.924,491.556,310.772,615.547,633.204,528.303,562.897,657.852
1674,0.465,297.924,491.556,310.772,615.547,633.204,528.303,562.897,657.852
1675,0.465277778,297.945,491.74,310.788,615.421,633.228,528.436,563.005,657.884
1676,0.465555556,297.945,491.74,310.788,615.421,633.228,528.436,563.005,657.884
1677,0.465833333,297.945,491.74,310.788,615.421,633.228,528.436,563.005,657.884
1678,0.466111111,297.945,491.74,310.788,615.421,633.228,528.436,563.005,657.884
1679,0.466388889,297.96,491.903,310.8,615.55,633.271,528.566,563.099,657.881
1680,0.466666667,297.96,491.903,310.8,615.55,633.271,528.566,563.099,657.881
1681,0.466944444,297.96,491.903,310.8,615.55,633.271,528.566,563.099,657.881
1682,0.467222222,297.975,492.043,310.824,615.547,633.292,528.686,563.216,657.892
1683,0.4675,297.975,492.043,310.824,615.547,633.292,528.686,563.216,657.892
1684,0.467777778,297.975,492.043,310.824,615.547,633.292,528.686,563.216,657.892
1685,0.468055556,297.989,492.202,310.85,615.482,633.314,528.809,563.318,657.897
1686,0.468333333,297.989,492.202,310.85,615.482,633.314,528.809,563.318,657.897
1687,0.468611111,297.989,492.202,310.85,615.482,633.314,528.809,563.318,657.897
1688,0.468888889,297.989,492.202,310.85,615.482,633.314,528.809,563.318,657.897
1689,0.469166667,298.018,492.36,310.878,615.423,633.342,528.943,563.417,657.891
1690,0.469444444,298.018,492.36,310.878,615.423,633.342,528.943,563.417,657.891
1691,0.469722222,298.018,492.36,310.878,615.423,633.342,528.943,563.417,657.891
1692,0.47,298.038,492.518,310.906,615.546,633.356,529.068,563.533,657.898
1693,0.470277778,298.038,492.518,310.906,615.546,633.356,529.068,563.533,657.898
1694,0.470555556,298.038,492.518,310.906,615.546,633.356,529.068,563.533,657.898
1695,0.470833333,298.038,492.518,310.906,615.546,633.356,529.068,563.533,657.898
1696,0.471111111,298.04,492.664,310.93,615.775,633.377,529.192,563.636,657.9
1697,0.471388889,298.04,492.664,310.93,615.775,633.377,529.192,563.636,657.9
1698,0.471666667,298.04,492.664,310.93,615.775,633.377,529.192,563.636,657.9
1699,0.471944444,298.06,492.828,310.942,615.799,633.382,529.31,563.723,657.88
1700,0.472222222,298.06,492.828,310.942,615.799,633.382,529.31,563.723,657.88
1701,0.4725,298.06,492.828,310.942,615.799,633.382,529.31,563.723,657.88
1702,0.472777778,298.06,492.828,310.942,615.799,633.382,529.31,563.723,657.88
1703,0.473055556,298.066,492.983,310.97,615.551,633.424,529.43,563.82,657.898
1704,0.473333333,298.066,492.983,310.97,615.551,633.424,529.43,563.82,657.898
1705,0.473611111,298.066,492.983,310.97,615.551,633.424,529.43,563.82,657.898
1706,0.473888889,298.089,493.147,310.991,615.558,633.432,529.571,563.931,657.934
1707,0.474166667,298.089,493.147,310.991,615.558,633.432,529.571,563.931,657.934
1708,0.474444444,298.089,493.147,310.991,615.558,633.432,529.571,563.931,657.934
1709,0.474722222,298.089,493.147,310.991,615.558,633.432,529.571,563.931,657.934
1710,0.475,298.099,493.288,311.006,615.63,633.474,529.692,564.008,657.92
1711,0.475277778,298.099,493.288,311.006,615.63,633.474,529.692,564.008,657.92
1712,0.475555556,298.099,493.288,311.006,615.63,633.474,529.692,564.008,657.92
1713,0.475833333,298.12,493.442,311.028,615.756,633.503,529.826,564.118,657.957
1714,0.476111111,298.12,493.442,311.028,615.756,633.503,529.826,564.118,657.957
1715,0.476388889,298.12,493.442,311.028,615.756,633.503,529.826,564.118,657.957
1716,0.476666667,298.12,493.442,311.028,615.756,633.503,529.826,564.118,657.957
1717,0.476944444,298.146,493.604,311.068,616.12,633.545,529.944,564.221,657.989
1718,0.477222222,298.146,493.604,311.068,616.12,633.545,529.944,564.221,657.989
1719,0.4775,298.146,493.604,311.068,616.12,633.545,529.944,564.221,657.989
1720,0.477777778,298.148,493.749,311.081,616.405,633.561,530.065,564.316,658.022
1721,0.478055556,298.148,493.749,311.081,616.405,633.561,530.065,564.316,658.022
1722,0.478333333,298.148,493.749,311.081,616.405,633.561,530.065,564.316,658.022
1723,0.478611111,298.148,493.749,311.081,616.405,633.561,530.065,564.316,658.022
1724,0.478888889,298.177,493.893,311.104,616.573,633.612,530.176,564.41,658.069
1725,0.479166667,298.177,493.893,311.104,616.573,633.612,530.176,564.41,658.069
1726,0.479444444,298.177,493.893,311.104,616.573,633.612,530.176,564.41,658.069
1727,0.479722222,298.171,494.015,311.127,616.613,633.643,530.292,564.491,658.099
1728,0.48,298.171,494.015,311.127,616.613,633.643,530.292,564.491,658.099
1729,0.480277778,298.171,494.015,311.127,616.613,633.643,530.292,564.491,658.099
1730,0.480555556,298.171,494.015,311.127,616.613,633.643,530.292,564.491,658.099
1731,0.480833333,298.2,494.175,311.139,616.719,633.697,530.405,564.591,658.174
1732,0.481111111,298.2,494.175,311.139,616.719,633.697,530.405,564.591,658.174
1733,0.481388889,298.2,494.175,311.139,616.719,633.697,530.405,564.591,658.174
1734,0.481666667,298.218,494.333,311.171,616.865,633.766,530.525,564.696,658.258
1735,0.481944444,298.218,494.333,311.171,616.865,633.766,530.525,564.696,658.258
1736,0.482222222,298.218,494.333,311.171,616.865,633.766,530.525,564.696,658.258
1737,0.4825,298.218,494.333,311.171,616.865,633.766,530.525,564.696,658.258
1738,0.482777778,298.231,494.455,311.18,616.947,633.829,530.639,564.779,658.322
1739,0.483055556,298.231,494.455,311.18,616.947,633.829,530.639,564.779,658.322
1740,0.483333333,298.231,494.455,311.18,616.947,633.829,530.639,564.779,658.322
1741,0.483611111,298.25,494.625,311.208,617.26,633.913,530.774,564.89,658.428
1742,0.483888889,298.25,494.625,311.208,617.26,633.913,530.774,564.89,658.428
1743,0.484166667,298.25,494.625,311.208,617.26,633.913,530.774,564.89,658.428
1744,0.484444444,298.271,494.782,311.243,617.548,633.994,530.891,564.982,658.521
1745,0.484722222,298.271,494.782,311.243,617.548,633.994,530.891,564.982,658.521
1746,0.485,298.271,494.782,311.243,617.548,633.994,530.891,564.982,658.521
1747,0.485277778,298.271,494.782,311.243,617.548,633.994,530.891,564.982,658.521
1748,0.485555556,298.281,494.89,311.269,617.766,634.063,530.997,565.073,658.615
1749,0.485833333,298.281,494.89,311.269,617.766,634.063,530.997,565.073,658.615
1750,0.486111111,298.281,494.89,311.269,617.766,634.063,530.997,565.073,658.615
1751,0.486388889,298.292,495.038,311.293,617.836,634.15,531.119,565.199,658.73
1752,0.486666667,298.292,495.038,311.293,617.836,634.15,531.119,565.199,658.73
1753,0.486944444,298.292,495.038,311.293,617.836,634.15,531.119,565.199,658.73
1754,0.487222222,298.292,495.038,311.293,617.836,634.15,531.119,565.199,658.73
1755,0.4875,298.308,495.196,311.328,617.833,634.26,531.252,565.307,658.842
1756,0.487777778,298.308,495.196,311.328,617.833,634.26,531.252,565.307,658.842
1757,0.488055556,298.308,495.196,311.328,617.833,634.26,531.252,565.307,658.842
1758,0.488333333,298.326,495.344,311.344,617.923,634.342,531.385,565.402,658.957
1759,0.488611111,298.326,495.344,311.344,617.923,634.342,531.385,565.402,658.957
1760,0.488888889,298.326,495.344,311.344,617.923,634.342,531.385,565.402,658.957
1761,0.489166667,298.326,495.344,311.344,617.923,634.342,531.385,565.402,658.957
1762,0.489444444,298.349,495.498,311.38,618.064,634.453,531.506,565.524,659.058
1763,0.489722222,298.349,495.498,311.38,618.064,634.453,531.506,565.524,659.058
1764,0.49,298.349,495.498,311.38,618.064,634.453,531.506,565.524,659.058
1765,0.490277778,298.372,495.644,311.404,618.336,634.559,531.646,565.63,659.176
1766,0.490555556,298.372,495.644,311.404,618.336,634.559,531.646,565.63,659.176
1767,0.490833333,298.372,495.644,311.404,618.336,634.559,531.646,565.63,659.176
1768,0.491111111,298.372,495.644,311.404,618.336,634.559,531.646,565.63,659.176
1769,0.491388889,298.387,495.798,311.431,618.411,634.66,531.778,565.743,659.272
1770,0.491666667,298.387,495.798,311.431,618.411,634.66,531.778,565.743,659.272
1771,0.491944444,298.387,495.798,311.431,618.411,634.66,531.778,565.743,659.272
1772,0.492222222,298.403,495.927,311.451,618.387,634.745,531.892,565.865,659.375
1773,0.4925,298.403,495.927,311.451,618.387,634.745,531.892,565.865,659.375
1774,0.492777778,298.403,495.927,311.451,618.387,634.745,531.892,565.865,659.375
1775,0.493055556,298.403,495.927,311.451,618.387,634.745,531.892,565.865,659.375
1776,0.493333333,298.423,496.081,311.488,618.319,634.855,532.035,565.995,659.487
1777,0.493611111,298.423,496.081,311.488,618.319,634.855,532.035,565.995,659.487
1778,0.493888889,298.423,496.081,311.488,618.319,634.855,532.035,565.995,659.487
1779,0.494166667,298.446,496.243,311.519,618.366,634.974,532.18,566.113,659.583
1780,0.494444444,298.446,496.243,311.519,618.366,634.974,532.18,566.113,659.583
1781,0.494722222,298.446,496.243,311.519,618.366,634.974,532.18,566.113,659.583
1782,0.495,298.446,496.243,311.519,618.366,634.974,532.18,566.113,659.583
1783,0.495277778,298.454,496.369,311.531,618.328,635.045,532.301,566.216,659.655
1784,0.495555556,298.454,496.369,311.531,618.328,635.045,532.301,566.216,659.655
1785,0.495833333,298.454,496.369,311.531,618.328,635.045,532.301,566.216,659.655
1786,0.496111111,298.479,496.539,311.549,618.273,635.156,532.45,566.356,659.772
1787,0.496388889,298.479,496.539,311.549,618.273,635.156,532.45,566.356,659.772
1788,0.496666667,298.479,496.539,311.549,618.273,635.156,532.45,566.356,659.772
1789,0.496944444,298.479,496.539,311.549,618.273,635.156,532.45,566.356,659.772
1790,0.497222222,298.489,496.684,311.563,618.337,635.253,532.578,566.476,659.848
1791,0.4975,298.489,496.684,311.563,618.337,635.253,532.578,566.476,659.848
1792,0.497777778,298.489,496.684,311.563,618.337,635.253,532.578,566.476,659.848
1793,0.498055556,298.499,496.828,311.593,618.351,635.341,532.722,566.617,659.939
1794,0.498333333,298.499,496.828,311.593,618.351,635.341,532.722,566.617,659.939
1795,0.498611111,298.499,496.828,311.593,618.351,635.341,532.722,566.617,659.939
1796,0.498888889,298.499,496.828,311.593,618.351,635.341,532.722,566.617,659.939
1797,0.499166667,298.522,496.993,311.614,618.464,635.43,532.866,566.733,660.014
1798,0.499444444,298.522,496.993,311.614,618.464,635.43,532.866,566.733,660.014
1799,0.499722222,298.522,496.993,311.614,618.464,635.43,532.866,566.733,660.014
1800,0.5,298.541,497.145,311.636,618.506,635.513,533.001,566.854,660.096
1801,0.500277778,298.541,497.145,311.636,618.506,635.513,533.001,566.854,660.096
1802,0.500555556,298.541,497.145,311.636,618.506,635.513,533.001,566.854,660.096
1803,0.500833333,298.541,497.145,311.636,618.506,635.513,533.001,566.854,660.096
1804,0.501111111,298.555,497.285,311.652,618.729,635.574,533.125,566.971,660.157
1805,0.501388889,298.555,497.285,311.652,618.729,635.574,533.125,566.971,660.157
1806,0.501666667,298.555,497.285,311.652,618.729,635.574,533.125,566.971,660.157
1807,0.501944444,298.575,497.455,311.676,618.792,635.672,533.273,567.123,660.263
1808,0.502222222,298.575,497.455,311.676,618.792,635.672,533.273,567.123,660.263
1809,0.5025,298.575,497.455,311.676,618.792,635.672,533.273,567.123,660.263
1810,0.502777778,298.575,497.455,311.676,618.792,635.672,533.273,567.123,660.263
1811,0.503055556,298.588,497.6,311.695,618.494,635.753,533.405,567.221,660.321
1812,0.503333333,298.588,497.6,311.695,618.494,635.753,533.405,567.221,660.321
1813,0.503611111,298.588,497.6,311.695,618.494,635.753,533.405,567.221,660.321
1814,0.503888889,298.594,497.743,311.716,618.365,635.832,533.546,567.35,660.401
1815,0.504166667,298.594,497.743,311.716,618.365,635.832,533.546,567.35,660.401
1816,0.504444444,298.594,497.743,311.716,618.365,635.832,533.546,567.35,660.401
1817,0.504722222,298.594,497.743,311.716,618.365,635.832,533.546,567.35,660.401
1818,0.505,298.628,497.899,311.759,618.343,635.929,533.686,567.486,660.473
1819,0.505277778,298.628,497.899,311.759,618.343,635.929,533.686,567.486,660.473
1820,0.505555556,298.628,497.899,311.759,618.343,635.929,533.686,567.486,660.473
1821,0.505833333,298.642,498.054,311.78,618.117,635.999,533.824,567.609,660.524
1822,0.506111111,298.642,498.054,311.78,618.117,635.999,533.824,567.609,660.524
1823,0.506388889,298.642,498.054,311.78,618.117,635.999,533.824,567.609,660.524
1824,0.506666667,298.642,498.054,311.78,618.117,635.999,533.824,567.609,660.524
1825,0.506944444,298.647,498.198,311.813,617.901,636.067,533.965,567.727,660.56
1826,0.507222222,298.647,498.198,311.813,617.901,636.067,533.965,567.727,660.56
1827,0.5075,298.647,498.198,311.813,617.901,636.067,533.965,567.727,660.56
1828,0.507777778,298.673,498.353,311.837,617.906,636.136,534.106,567.859,660.6
1829,0.508055556,298.673,498.353,311.837,617.906,636.136,534.106,567.859,660.6
1830,0.508333333,298.673,498.353,311.837,617.906,636.136,534.106,567.859,660.6
1831,0.508611111,298.673,498.353,311.837,617.906,636.136,534.106,567.859,660.6
1832,0.508888889,298.693,498.506,311.853,617.874,636.195,534.242,567.982,660.635
1833,0.509166667,298.693,498.506,311.853,617.874,636.195,534.242,567.982,660.635
1834,0.509444444,298.693,498.506,311.853,617.874,636.195,534.242,567.982,660.635
1835,0.509722222,298.712,498.658,311.873,617.856,636.235,534.38,568.106,660.656
1836,0.51,298.712,498.658,311.873,617.856,636.235,534.38,568.106,660.656
1837,0.510277778,298.712,498.658,311.873,617.856,636.235,534.38,568.106,660.656
1838,0.510555556,298.712,498.658,311.873,617.856,636.235,534.38,568.106,660.656
1839,0.510833333,298.734,498.809,311.903,618.069,636.284,534.517,568.218,660.667
1840,0.511111111,298.734,498.809,311.903,618.069,636.284,534.517,568.218,660.667
1841,0.511388889,298.734,498.809,311.903,618.069,636.284,534.517,568.218,660.667
1842,0.511666667,298.757,498.975,311.922,618.377,636.346,534.666,568.343,660.699
1843,0.511944444,298.757,498.975,311.922,618.377,636.346,534.666,568.343,660.699
1844,0.512222222,298.757,498.975,311.922,618.377,636.346,534.666,568.343,660.699
1845,0.5125,298.773,499.094,311.936,618.319,636.358,534.78,568.446,660.711
1846,0.512777778,298.773,499.094,311.936,618.319,636.358,534.78,568.446,660.711
1847,0.513055556,298.773,499.094,311.936,618.319,636.358,534.78,568.446,660.711
1848,0.513333333,298.773,499.094,311.936,618.319,636.358,534.78,568.446,660.711
1849,0.513611111,298.792,499.246,311.968,618.211,636.42,534.918,568.571,660.762
1850,0.513888889,298.792,499.246,311.968,618.211,636.42,534.918,568.571,660.762
1851,0.514166667,298.792,499.246,311.968,618.211,636.42,534.918,568.571,660.762
1852,0.514444444,298.796,499.378,311.981,618.398,636.453,535.041,568.657,660.785
1853,0.514722222,298.796,499.378,311.981,618.398,636.453,535.041,568.657,660.785
1854,0.515,298.796,499.378,311.981,618.398,636.453,535.041,568.657,660.785
1855,0.515277778,298.796,499.378,311.981,618.398,636.453,535.041,568.657,660.785
1856,0.515555556,298.821,499.53,312.014,618.676,636.518,535.164,568.784,660.852
1857,0.515833333,298.821,499.53,312.014,618.676,636.518,535.164,568.784,660.852
1858,0.516111111,298.821,499.53,312.014,618.676,636.518,535.164,568.784,660.852
1859,0.516388889,298.821,499.666,312.04,618.886,636.551,535.276,568.857,660.88
1860,0.516666667,298.821,499.666,312.04,618.886,636.551,535.276,568.857,660.88
1861,0.516944444,298.821,499.666,312.04,618.886,636.551,535.276,568.857,660.88
1862,0.517222222,298.821,499.666,312.04,618.886,636.551,535.276,568.857,660.88
1863,0.5175,298.85,499.809,312.057,619.251,636.613,535.413,568.982,660.945
1864,0.517777778,298.85,499.809,312.057,619.251,636.613,535.413,568.982,660.945
1865,0.518055556,298.85,499.809,312.057,619.251,636.613,535.413,568.982,660.945
1866,0.518333333,298.867,499.953,312.088,619.246,636.684,535.526,569.08,661.025
1867,0.518611111,298.867,499.953,312.088,619.246,636.684,535.526,569.08,661.025
1868,0.518888889,298.867,499.953,312.088,619.246,636.684,535.526,569.08,661.025
1869,0.519166667,298.867,499.953,312.088,619.246,636.684,535.526,569.08,661.025
1870,0.519444444,298.883,500.086,312.116,619.161,636.752,535.651,569.196,661.112
1871,0.519722222,298.883,500.086,312.116,619.161,636.752,535.651,569.196,661.112
1872,0.52,298.883,500.086,312.116,619.161,636.752,535.651,569.196,661.112
1873,0.520277778,298.911,500.239,312.138,619.194,636.83,535.782,569.286,661.201
1874,0.520555556,298.911,500.239,312.138,619.194,636.83,535.782,569.286,661.201
1875,0.520833333,298.911,500.239,312.138,619.194,636.83,535.782,569.286,661.201
1876,0.521111111,298.911,500.239,312.138,619.194,636.83,535.782,569.286,661.201
1877,0.521388889,298.933,500.384,312.172,619.456,636.906,535.909,569.41,661.301
1878,0.521666667,298.933,500.384,312.172,619.456,636.906,535.909,569.41,661.301
1879,0.521944444,298.933,500.384,312.172,619.456,636.906,535.909,569.41,661.301
1880,0.522222222,298.946,500.514,312.198,619.683,636.978,536.038,569.519,661.39
1881,0.5225,298.946,500.514,312.198,619.683,636.978,536.038,569.519,661.39
1882,0.522777778,298.946,500.514,312.198,619.683,636.978,536.038,569.519,661.39
1883,0.523055556,298.946,500.514,312.198,619.683,636.978,536.038,569.519,661.39
1884,0.523333333,298.954,500.651,312.211,619.768,637.079,536.15,569.612,661.489
1885,0.523611111,298.954,500.651,312.211,619.768,637.079,536.15,569.612,661.489
1886,0.523888889,298.954,500.651,312.211,619.768,637.079,536.15,569.612,661.489
1887,0.524166667,298.967,500.8,312.231,619.828,637.158,536.277,569.721,661.578
1888,0.524444444,298.967,500.8,312.231,619.828,637.158,536.277,569.721,661.578
1889,0.524722222,298.967,500.8,312.231,619.828,637.158,536.277,569.721,661.578
1890,0.525,298.967,500.8,312.231,619.828,637.158,536.277,569.721,661.578
1891,0.525277778,299.003,500.915,312.26,619.747,637.244,536.423,569.818,661.671
1892,0.525555556,299.003,500.915,312.26,619.747,637.244,536.423,569.818,661.671
1893,0.525833333,299.003,500.915,312.26,619.747,637.244,536.423,569.818,661.671
1894,0.526111111,299.006,501.051,312.283,619.675,637.332,536.54,569.936,661.758
1895,0.526388889,299.006,501.051,312.283,619.675,637.332,536.54,569.936,661.758
1896,0.526666667,299.006,501.051,312.283,619.675,637.332,536.54,569.936,661.758
1897,0.526944444,299.006,501.051,312.283,619.675,637.332,536.54,569.936,661.758
1898,0.527222222,299.036,501.201,312.302,619.703,637.43,536.684,570.055,661.876
1899,0.5275,299.036,501.201,312.302,619.703,637.43,536.684,570.055,661.876
1900,0.527777778,299.036,501.201,312.302,619.703,637.43,536.684,570.055,661.876
1901,0.528055556,299.062,501.344,312.339,619.811,637.536,536.816,570.178,661.972
1902,0.528333333,299.062,501.344,312.339,619.811,637.536,536.816,570.178,661.972
1903,0.528611111,299.062,501.344,312.339,619.811,637.536,536.816,570.178,661.972
1904,0.528888889,299.062,501.344,312.339,619.811,637.536,536.816,570.178,661.972
1905,0.529166667,299.075,501.478,312.344,619.895,637.613,536.944,570.283,662.041
1906,0.529444444,299.075,501.478,312.344,619.895,637.613,536.944,570.283,662.041
1907,0.529722222,299.075,501.478,312.344,619.895,637.613,536.944,570.283,662.041
1908,0.53,299.091,501.631,312.371,620.119,637.705,537.071,570.387,662.125
1909,0.530277778,299.091,501.631,312.371,620.119,637.705,537.071,570.387,662.125
1910,0.530555556,299.091,501.631,312.371,620.119,637.705,537.071,570.387,662.125
1911,0.530833333,299.091,501.631,312.371,620.119,637.705,537.071,570.387,662.125
1912,0.531111111,299.103,501.766,312.383,620.279,637.785,537.192,570.514,662.22
1913,0.531388889,299.103,501.766,312.383,620.279,637.785,537.192,570.514,662.22
1914,0.531666667,299.103,501.766,312.383,620.279,637.785,537.192,570.514,662.22
1915,0.531944444,299.137,501.918,312.4,620.409,637.871,537.338,570.648,662.308
1916,0.532222222,299.137,501.918,312.4,620.409,637.871,537.338,570.648,662.308
1917,0.5325,299.137,501.918,312.4,620.409,637.871,537.338,570.648,662.308
1918,0.532777778,299.137,501.918,312.4,620.409,637.871,537.338,570.648,662.308
1919,0.533055556,299.142,502.037,312.415,620.431,637.952,537.453,570.734,662.369
1920,0.533333333,299.142,502.037,312.415,620.431,637.952,537.453,570.734,662.369
1921,0.533611111,299.142,502.037,312.415,620.431,637.952,537.453,570.734,662.369
1922,0.533888889,299.154,502.188,312.452,620.522,638.037,537.597,570.87,662.465
1923,0.534166667,299.154,502.188,312.452,620.522,638.037,537.597,570.87,662.465
1924,0.534444444,299.154,502.188,312.452,620.522,638.037,537.597,570.87,662.465
1925,0.534722222,299.154,502.188,312.452,620.522,638.037,537.597,570.87,662.465
1926,0.535,299.18,502.314,312.467,620.443,638.121,537.722,570.965,662.521
1927,0.535277778,299.18,502.314,312.467,620.443,638.121,537.722,570.965,662.521
1928,0.535555556,299.18,502.314,312.467,620.443,638.121,537.722,570.965,662.521
1929,0.535833333,299.199,502.465,312.483,620.48,638.207,537.845,571.099,662.619
1930,0.536111111,299.199,502.465,312.483,620.48,638.207,537.845,571.099,662.619
1931,0.536388889,299.199,502.465,312.483,620.48,638.207,537.845,571.099,662.619
1932,0.536666667,299.199,502.465,312.483,620.48,638.207,537.845,571.099,662.619
1933,0.536944444,299.219,502.608,312.5,620.514,638.291,537.977,571.206,662.695
1934,0.537222222,299.219,502.608,312.5,620.514,638.291,537.977,571.206,662.695
1935,0.5375,299.219,502.608,312.5,620.514,638.291,537.977,571.206,662.695
1936,0.537777778,299.235,502.761,312.519,620.349,638.373,538.115,571.331,662.793
1937,0.538055556,299.235,502.761,312.519,620.349,638.373,538.115,571.331,662.793
1938,0.538333333,299.235,502.761,312.519,620.349,638.373,538.115,571.331,662.793
1939,0.538611111,299.235,502.761,312.519,620.349,638.373,538.115,571.331,662.793
1940,0.538888889,299.267,502.922,312.537,620.263,638.476,538.246,571.452,662.88
1941,0.539166667,299.267,502.922,312.537,620.263,638.476,538.246,571.452,662.88
1942,0.539444444,299.267,502.922,312.537,620.263,638.476,538.246,571.452,662.88
1943,0.539722222,299.263,503.043,312.544,620.165,638.544,538.361,571.548,662.942
1944,0.54,299.263,503.043,312.544,620.165,638.544,538.361,571.548,662.942
1945,0.540277778,299.263,503.043,312.544,620.165,638.544,538.361,571.548,662.942
1946,0.540555556,299.263,503.043,312.544,620.165,638.544,538.361,571.548,662.942
1947,0.540833333,299.286,503.179,312.567,620.1,638.617,538.477,571.661,662.998
1948,0.541111111,299.286,503.179,312.567,620.1,638.617,538.477,571.661,662.998
1949,0.541388889,299.286,503.179,312.567,620.1,638.617,538.477,571.661,662.998
1950,0.541666667,299.303,503.328,312.601,620.111,638.688,538.617,571.794,663.034
1951,0.541944444,299.303,503.328,312.601,620.111,638.688,538.617,571.794,663.034
1952,0.542222222,299.303,503.328,312.601,620.111,638.688,538.617,571.794,663.034
1953,0.5425,299.303,503.328,312.601,620.111,638.688,538.617,571.794,663.034
1954,0.542777778,299.33,503.468,312.626,620.128,638.76,538.751,571.912,663.079
1955,0.543055556,299.33,503.468,312.626,620.128,638.76,538.751,571.912,663.079
1956,0.543333333,299.33,503.468,312.626,620.128,638.76,538.751,571.912,663.079
1957,0.543611111,299.343,503.606,312.65,620.074,638.805,538.864,572.028,663.108
1958,0.543888889,299.343,503.606,312.65,620.074,638.805,538.864,572.028,663.108
1959,0.544166667,299.343,503.606,312.65,620.074,638.805,538.864,572.028,663.108
1960,0.544444444,299.343,503.606,312.65,620.074,638.805,538.864,572.028,663.108
1961,0.544722222,299.363,503.748,312.675,620.038,638.87,538.987,572.143,663.154
1962,0.545,299.363,503.748,312.675,620.038,638.87,538.987,572.143,663.154
1963,0.545277778,299.363,503.748,312.675,620.038,638.87,538.987,572.143,663.154
1964,0.545555556,299.384,503.868,312.708,620.021,638.916,539.115,572.246,663.17
1965,0.545833333,299.384,503.868,312.708,620.021,638.916,539.115,572.246,663.17
1966,0.546111111,299.384,503.868,312.708,620.021,638.916,539.115,572.246,663.17
1967,0.546388889,299.384,503.868,312.708,620.021,638.916,539.115,572.246,663.17
1968,0.546666667,299.398,504.001,312.723,620.181,638.958,539.234,572.362,663.204
1969,0.546944444,299.398,504.001,312.723,620.181,638.958,539.234,572.362,663.204
1970,0.547222222,299.398,504.001,312.723,620.181,638.958,539.234,572.362,663.204
1971,0.5475,299.427,504.154,312.747,620.263,639.008,539.37,572.484,663.25
1972,0.547777778,299.427,504.154,312.747,620.263,639.008,539.37,572.484,663.25
1973,0.548055556,299.427,504.154,312.747,620.263,639.008,539.37,572.484,663.25
1974,0.548333333,299.442,504.309,312.785,620.225,639.059,539.483,572.596,663.306
1975,0.548611111,299.442,504.309,312.785,620.225,639.059,539.483,572.596,663.306
1976,0.548888889,299.442,504.309,312.785,620.225,639.059,539.483,572.596,663.306
1977,0.549166667,299.442,504.309,312.785,620.225,639.059,539.483,572.596,663.306
1978,0.549444444,299.451,504.426,312.786,620.06,639.091,539.587,572.678,663.353
1979,0.549722222,299.451,504.426,312.786,620.06,639.091,539.587,572.678,663.353
1980,0.55,299.451,504.426,312.786,620.06,639.091,539.587,572.678,663.353
1981,0.550277778,299.482,504.581,312.823,620.169,639.155,539.72,572.797,663.405
1982,0.550555556,299.482,504.581,312.823,620.169,639.155,539.72,572.797,663.405
1983,0.550833333,299.482,504.581,312.823,620.169,639.155,539.72,572.797,663.405
1984,0.551111111,299.482,504.581,312.823,620.169,639.155,539.72,572.797,663.405
1985,0.551388889,299.485,504.709,312.851,620.238,639.205,539.82,572.897,663.44
1986,0.551666667,299.485,504.709,312.851,620.238,639.205,539.82,572.897,663.44
1987,0.551944444,299.485,504.709,312.851,620.238,639.205,539.82,572.897,663.44
1988,0.552222222,299.506,504.84,312.882,620.314,639.243,539.927,572.991,663.466
1989,0.5525,299.506,504.84,312.882,620.314,639.243,539.927,572.991,663.466
1990,0.552777778,299.506,504.84,312.882,620.314,639.243,539.927,572.991,663.466
1991,0.553055556,299.506,504.84,312.882,620.314,639.243,539.927,572.991,663.466
1992,0.553333333,299.53,504.973,312.91,620.407,639.31,540.048,573.111,663.507
1993,0.553611111,299.53,504.973,312.91,620.407,639.31,540.048,573.111,663.507
1994,0.553888889,299.53,504.973,312.91,620.407,639.31,540.048,573.111,663.507
1995,0.554166667,299.543,505.106,312.938,620.501,639.34,540.159,573.199,663.536
1996,0.554444444,299.543,505.106,312.938,620.501,639.34,540.159,573.199,663.536
1997,0.554722222,299.543,505.106,312.938,620.501,639.34,540.159,573.199,663.536
1998,0.555,299.543,505.106,312.938,620.501,639.34,540.159,573.199,663.536
1999,0.555277778,299.557,505.243,312.963,620.53,639.39,540.265,573.296,663.586
2000,0.555555556,299.557,505.243,312.963,620.53,639.39,540.265,573.296,663.586
2001,0.555833333,299.557,505.243,312.963,620.53,639.39,540.265,573.296,663.586
2002,0.556111111,299.578,505.38,312.979,620.516,639.459,540.387,573.404,663.642
2003,0.556388889,299.578,505.38,312.979,620.516,639.459,540.387,573.404,663.642
2004,0.556666667,299.578,505.38,312.979,620.516,639.459,540.387,573.404,663.642
2005,0.556944444,299.578,505.38,312.979,620.516,639.459,540.387,573.404,663.642
2006,0.557222222,299.598,505.486,313.005,620.488,639.511,540.478,573.493,663.699
2007,0.5575,299.598,505.486,313.005,620.488,639.511,540.478,573.493,663.699
2008,0.557777778,299.598,505.486,313.005,620.488,639.511,540.478,573.493,663.699
2009,0.558055556,299.606,505.632,313.024,620.56,639.555,540.593,573.592,663.754
2010,0.558333333,299.606,505.632,313.024,620.56,639.555,540.593,573.592,663.754
2011,0.558611111,299.606,505.632,313.024,620.56,639.555,540.593,573.592,663.754
2012,0.558888889,299.606,505.632,313.024,620.56,639.555,540.593,573.592,663.754
2013,0.559166667,299.628,505.762,313.057,620.699,639.619,540.703,573.685,663.811
2014,0.559444444,299.628,505.762,313.057,620.699,639.619,540.703,573.685,663.811
2015,0.559722222,299.628,505.762,313.057,620.699,639.619,540.703,573.685,663.811
2016,0.56,299.653,505.899,313.083,620.722,639.673,540.821,573.791,663.865
2017,0.560277778,299.653,505.899,313.083,620.722,639.673,540.821,573.791,663.865
2018,0.560555556,299.653,505.899,313.083,620.722,639.673,540.821,573.791,663.865
2019,0.560833333,299.653,505.899,313.083,620.722,639.673,540.821,573.791,663.865
2020,0.561111111,299.669,506.023,313.108,620.809,639.735,540.934,573.872,663.911
2021,0.561388889,299.669,506.023,313.108,620.809,639.735,540.934,573.872,663.911
2022,0.561666667,299.669,506.023,313.108,620.809,639.735,540.934,573.872,663.911
2023,0.561944444,299.682,506.143,313.131,620.907,639.8,541.041,573.989,663.996
2024,0.562222222,299.682,506.143,313.131,620.907,639.8,541.041,573.989,663.996
2025,0.5625,299.682,506.143,313.131,620.907,639.8,541.041,573.989,663.996
2026,0.562777778,299.682,506.143,313.131,620.907,639.8,541.041,573.989,663.996
2027,0.563055556,299.709,506.278,313.143,620.947,639.86,541.134,574.078,664.063
2028,0.563333333,299.709,506.278,313.143,620.947,639.86,541.134,574.078,664.063
2029,0.563611111,299.709,506.278,313.143,620.947,639.86,541.134,574.078,664.063
2030,0.563888889,299.71,506.394,313.167,621.136,639.923,541.236,574.158,664.104
2031,0.564166667,299.71,506.394,313.167,621.136,639.923,541.236,574.158,664.104
2032,0.564444444,299.71,506.394,313.167,621.136,639.923,541.236,574.158,664.104
2033,0.564722222,299.71,506.394,313.167,621.136,639.923,541.236,574.158,664.104
2034,0.565,299.724,506.518,313.186,621.121,639.982,541.336,574.261,664.164
2035,0.565277778,299.724,506.518,313.186,621.121,639.982,541.336,574.261,664.164
2036,0.565555556,299.724,506.518,313.186,621.121,639.982,541.336,574.261,664.164
2037,0.565833333,299.751,506.648,313.204,621.023,640.042,541.447,574.363,664.233
2038,0.566111111,299.751,506.648,313.204,621.023,640.042,541.447,574.363,664.233
2039,0.566388889,299.751,506.648,313.204,621.023,640.042,541.447,574.363,664.233
2040,0.566666667,299.751,506.648,313.204,621.023,640.042,541.447,574.363,664.233
2041,0.566944444,299.762,506.769,313.236,620.952,640.121,541.558,574.456,664.3
2042,0.567222222,299.762,506.769,313.236,620.952,640.121,541.558,574.456,664.3
2043,0.5675,299.762,506.769,313.236,620.952,640.121,541.558,574.456,664.3
2044,0.567777778,299.792,506.902,313.259,620.898,640.187,541.671,574.547,664.35
2045,0.568055556,299.792,506.902,313.259,620.898,640.187,541.671,574.547,664.35
2046,0.568333333,299.792,506.902,313.259,620.898,640.187,541.671,574.547,664.35
2047,0.568611111,299.792,506.902,313.259,620.898,640.187,541.671,574.547,664.35
2048,0.568888889,299.793,507.032,313.287,620.712,640.241,541.772,574.652,664.395
2049,0.569166667,299.793,507.032,313.287,620.712,640.241,541.772,574.652,664.395
2050,0.569444444,299.793,507.032,313.287,620.712,640.241,541.772,574.652,664.395
2051,0.569722222,299.825,507.161,313.309,620.525,640.319,541.892,574.762,664.458
2052,0.57,299.825,507.161,313.309,620.525,640.319,541.892,574.762,664.458
2053,0.570277778,299.825,507.161,313.309,620.525,640.319,541.892,574.762,664.458
2054,0.570555556,299.825,507.161,313.309,620.525,640.319,541.892,574.762,664.458
2055,0.570833333,299.84,507.275,313.314,620.41,640.36,541.988,574.853,664.494
2056,0.571111111,299.84,507.275,313.314,620.41,640.36,541.988,574.853,664.494
2057,0.571388889,299.84,507.275,313.314,620.41,640.36,541.988,574.853,664.494
2058,0.571666667,299.873,507.411,313.356,620.581,640.435,542.113,574.955,664.551
2059,0.571944444,299.873,507.411,313.356,620.581,640.435,542.113,574.955,664.551
2060,0.572222222,299.873,507.411,313.356,620.581,640.435,542.113,574.955,664.551
2061,0.5725,299.873,507.411,313.356,620.581,640.435,542.113,574.955,664.551
2062,0.572777778,299.875,507.536,313.357,620.807,640.481,542.215,575.044,664.589
2063,0.573055556,299.875,507.536,313.357,620.807,640.481,542.215,575.044,664.589
2064,0.573333333,299.875,507.536,313.357,620.807,640.481,542.215,575.044,664.589
2065,0.573611111,299.899,507.661,313.382,620.747,640.519,542.322,575.143,664.608
2066,0.573888889,299.899,507.661,313.382,620.747,640.519,542.322,575.143,664.608
2067,0.574166667,299.899,507.661,313.382,620.747,640.519,542.322,575.143,664.608
2068,0.574444444,299.899,507.661,313.382,620.747,640.519,542.322,575.143,664.608
2069,0.574722222,299.918,507.798,313.411,620.736,640.577,542.438,575.244,664.667
2070,0.575,299.918,507.798,313.411,620.736,640.577,542.438,575.244,664.667
2071,0.575277778,299.918,507.798,313.411,620.736,640.577,542.438,575.244,664.667
2072,0.575555556,299.928,507.908,313.431,620.824,640.621,542.523,575.325,664.689
2073,0.575833333,299.928,507.908,313.431,620.824,640.621,542.523,575.325,664.689
2074,0.576111111,299.928,507.908,313.431,620.824,640.621,542.523,575.325,664.689
2075,0.576388889,299.928,507.908,313.431,620.824,640.621,542.523,575.325,664.689
2076,0.576666667,299.948,508.015,313.448,621.044,640.669,542.625,575.411,664.721
2077,0.576944444,299.948,508.015,313.448,621.044,640.669,542.625,575.411,664.721
2078,0.577222222,299.948,508.015,313.448,621.044,640.669,542.625,575.411,664.721
2079,0.5775,299.974,508.154,313.477,621.056,640.719,542.744,575.51,664.769
2080,0.577777778,299.974,508.154,313.477,621.056,640.719,542.744,575.51,664.769
2081,0.578055556,299.974,508.154,313.477,621.056,640.719,542.744,575.51,664.769
2082,0.578333333,299.985,508.275,313.484,620.983,640.768,542.829,575.615,664.812
2083,0.578611111,299.985,508.275,313.484,620.983,640.768,542.829,575.615,664.812
2084,0.578888889,299.985,508.275,313.484,620.983,640.768,542.829,575.615,664.812
2085,0.579166667,299.985,508.275,313.484,620.983,640.768,542.829,575.615,664.812
2086,0.579444444,299.997,508.388,313.505,620.866,640.815,542.948,575.702,664.833
2087,0.579722222,299.997,508.388,313.505,620.866,640.815,542.948,575.702,664.833
2088,0.58,299.997,508.388,313.505,620.866,640.815,542.948,575.702,664.833
2089,0.580277778,300.023,508.507,313.526,620.796,640.869,543.042,575.797,664.886
2090,0.580555556,300.023,508.507,313.526,620.796,640.869,543.042,575.797,664.886
2091,0.580833333,300.023,508.507,313.526,620.796,640.869,543.042,575.797,664.886
2092,0.581111111,300.023,508.507,313.526,620.796,640.869,543.042,575.797,664.886
2093,0.581388889,300.046,508.635,313.553,620.921,640.906,543.155,575.905,664.93
2094,0.581666667,300.046,508.635,313.553,620.921,640.906,543.155,575.905,664.93
2095,0.581944444,300.046,508.635,313.553,620.921,640.906,543.155,575.905,664.93
2096,0.582222222,300.067,508.764,313.583,621.224,640.965,543.258,575.993,664.973
2097,0.5825,300.067,508.764,313.583,621.224,640.965,543.258,575.993,664.973
2098,0.582777778,300.067,508.764,313.583,621.224,640.965,543.258,575.993,664.973
2099,0.583055556,300.067,508.764,313.583,621.224,640.965,543.258,575.993,664.973
2100,0.583333333,300.081,508.868,313.606,621.395,641.003,543.354,576.077,665
2101,0.583611111,300.081,508.868,313.606,621.395,641.003,543.354,576.077,665
2102,0.583888889,300.081,508.868,313.606,621.395,641.003,543.354,576.077,665
2103,0.584166667,300.101,508.982,313.627,621.453,641.057,543.448,576.157,665.065
2104,0.584444444,300.101,508.982,313.627,621.453,641.057,543.448,576.157,665.065
2105,0.584722222,300.101,508.982,313.627,621.453,641.057,543.448,576.157,665.065
2106,0.585,300.101,508.982,313.627,621.453,641.057,543.448,576.157,665.065
2107,0.585277778,300.111,509.108,313.652,621.6,641.104,543.545,576.229,665.107
2108,0.585555556,300.111,509.108,313.652,621.6,641.104,543.545,576.229,665.107
2109,0.585833333,300.111,509.108,313.652,621.6,641.104,543.545,576.229,665.107
2110,0.586111111,300.125,509.218,313.676,621.656,641.162,543.634,576.327,665.167
2111,0.586388889,300.125,509.218,313.676,621.656,641.162,543.634,576.327,665.167
2112,0.586666667,300.125,509.218,313.676,621.656,641.162,543.634,576.327,665.167
2113,0.586944444,300.125,509.218,313.676,621.656,641.162,543.634,576.327,665.167
2114,0.587222222,300.152,509.345,313.695,621.624,641.217,543.748,576.426,665.254
2115,0.5875,300.152,509.345,313.695,621.624,641.217,543.748,576.426,665.254
2116,0.587777778,300.152,509.345,313.695,621.624,641.217,543.748,576.426,665.254
2117,0.588055556,300.174,509.463,313.727,621.659,641.294,543.841,576.506,665.325
2118,0.588333333,300.174,509.463,313.727,621.659,641.294,543.841,576.506,665.325
2119,0.588611111,300.174,509.463,313.727,621.659,641.294,543.841,576.506,665.325
2120,0.588888889,300.174,509.463,313.727,621.659,641.294,543.841,576.506,665.325
2121,0.589166667,300.192,509.57,313.745,621.805,641.363,543.938,576.603,665.388
2122,0.589444444,300.192,509.57,313.745,621.805,641.363,543.938,576.603,665.388
2123,0.589722222,300.192,509.57,313.745,621.805,641.363,543.938,576.603,665.388
2124,0.59,300.208,509.703,313.759,621.799,641.417,544.044,576.708,665.467
2125,0.590277778,300.208,509.703,313.759,621.799,641.417,544.044,576.708,665.467
2126,0.590555556,300.208,509.703,313.759,621.799,641.417,544.044,576.708,665.467
2127,0.590833333,300.228,509.809,313.786,621.597,641.499,544.149,576.781,665.52
2128,0.591111111,300.228,509.809,313.786,621.597,641.499,544.149,576.781,665.52
2129,0.591388889,300.228,509.809,313.786,621.597,641.499,544.149,576.781,665.52
2130,0.591666667,300.228,509.809,313.786,621.597,641.499,544.149,576.781,665.52
2131,0.591944444,300.245,509.949,313.803,621.618,641.548,544.248,576.878,665.588
2132,0.592222222,300.245,509.949,313.803,621.618,641.548,544.248,576.878,665.588
2133,0.5925,300.245,509.949,313.803,621.618,641.548,544.248,576.878,665.588
2134,0.592777778,300.245,510.03,313.806,621.473,641.606,544.34,576.957,665.632
2135,0.593055556,300.245,510.03,313.806,621.473,641.606,544.34,576.957,665.632
2136,0.593333333,300.245,510.03,313.806,621.473,641.606,544.34,576.957,665.632
2137,0.593611111,300.245,510.03,313.806,621.473,641.606,544.34,576.957,665.632
2138,0.593888889,300.28,510.166,313.84,621.32,641.677,544.455,577.062,665.698
2139,0.594166667,300.28,510.166,313.84,621.32,641.677,544.455,577.062,665.698
2140,0.594444444,300.28,510.166,313.84,621.32,641.677,544.455,577.062,665.698
2141,0.594722222,300.292,510.295,313.863,621.263,641.741,544.579,577.171,665.737
2142,0.595,300.292,510.295,313.863,621.263,641.741,544.579,577.171,665.737
2143,0.595277778,300.292,510.295,313.863,621.263,641.741,544.579,577.171,665.737
2144,0.595555556,300.292,510.295,313.863,621.263,641.741,544.579,577.171,665.737
2145,0.595833333,300.318,510.418,313.899,621.122,641.795,544.678,577.265,665.788
2146,0.596111111,300.318,510.418,313.899,621.122,641.795,544.678,577.265,665.788
2147,0.596388889,300.318,510.418,313.899,621.122,641.795,544.678,577.265,665.788
2148,0.596666667,300.326,510.517,313.905,621.053,641.832,544.784,577.342,665.804
2149,0.596944444,300.326,510.517,313.905,621.053,641.832,544.784,577.342,665.804
2150,0.597222222,300.326,510.517,313.905,621.053,641.832,544.784,577.342,665.804
2151,0.5975,300.326,510.517,313.905,621.053,641.832,544.784,577.342,665.804
2152,0.597777778,300.349,510.649,313.934,621.01,641.874,544.881,577.447,665.843
2153,0.598055556,300.349,510.649,313.934,621.01,641.874,544.881,577.447,665.843
2154,0.598333333,300.349,510.649,313.934,621.01,641.874,544.881,577.447,665.843
2155,0.598611111,300.375,510.778,313.959,621.031,641.917,544.989,577.544,665.868
2156,0.598888889,300.375,510.778,313.959,621.031,641.917,544.989,577.544,665.868
2157,0.599166667,300.375,510.778,313.959,621.031,641.917,544.989,577.544,665.868
2158,0.599444444,300.375,510.778,313.959,621.031,641.917,544.989,577.544,665.868
2159,0.599722222,300.384,510.88,313.973,621.227,641.964,545.097,577.62,665.882
2160,0.6,300.384,510.88,313.973,621.227,641.964,545.097,577.62,665.882
2161,0.600277778,300.384,510.88,313.973,621.227,641.964,545.097,577.62,665.882
2162,0.600555556,300.406,510.991,313.987,621.361,641.992,545.182,577.717,665.901
2163,0.600833333,300.406,510.991,313.987,621.361,641.992,545.182,577.717,665.901
2164,0.601111111,300.406,510.991,313.987,621.361,641.992,545.182,577.717,665.901
2165,0.601388889,300.406,510.991,313.987,621.361,641.992,545.182,577.717,665.901
2166,0.601666667,300.418,511.107,314.01,621.358,642.022,545.291,577.793,665.908
2167,0.601944444,300.418,511.107,314.01,621.358,642.022,545.291,577.793,665.908
2168,0.602222222,300.418,511.107,314.01,621.358,642.022,545.291,577.793,665.908
2169,0.6025,300.427,511.218,314.034,621.258,642.058,545.382,577.889,665.942
2170,0.602777778,300.427,511.218,314.034,621.258,642.058,545.382,577.889,665.942
2171,0.603055556,300.427,511.218,314.034,621.258,642.058,545.382,577.889,665.942
2172,0.603333333,300.427,511.218,314.034,621.258,642.058,545.382,577.889,665.942
2173,0.603611111,300.452,511.332,314.051,621.258,642.088,545.483,577.974,665.975
2174,0.603888889,300.452,511.332,314.051,621.258,642.088,545.483,577.974,665.975
2175,0.604166667,300.452,511.332,314.051,621.258,642.088,545.483,577.974,665.975
2176,0.604444444,300.477,511.446,314.08,621.361,642.131,545.586,578.079,666.028
2177,0.604722222,300.477,511.446,314.08,621.361,642.131,545.586,578.079,666.028
2178,0.605,300.477,511.446,314.08,621.361,642.131,545.586,578.079,666.028
2179,0.605277778,300.477,511.446,314.08,621.361,642.131,545.586,578.079,666.028
2180,0.605555556,300.492,511.572,314.109,621.632,642.169,545.693,578.135,666.028
2181,0.605833333,300.492,511.572,314.109,621.632,642.169,545.693,578.135,666.028
2182,0.606111111,300.492,511.572,314.109,621.632,642.169,545.693,578.135,666.028
2183,0.606388889,300.516,511.686,314.13,621.788,642.203,545.787,578.222,666.077
2184,0.606666667,300.516,511.686,314.13,621.788,642.203,545.787,578.222,666.077
2185,0.606944444,300.516,511.686,314.13,621.788,642.203,545.787,578.222,666.077
2186,0.607222222,300.516,511.686,314.13,621.788,642.203,545.787,578.222,666.077
2187,0.6075,300.522,511.812,314.151,621.836,642.242,545.882,578.306,666.122
2188,0.607777778,300.522,511.812,314.151,621.836,642.242,545.882,578.306,666.122
2189,0.608055556,300.522,511.812,314.151,621.836,642.242,545.882,578.306,666.122
2190,0.608333333,300.563,511.932,314.177,622.03,642.298,545.987,578.385,666.158
2191,0.608611111,300.563,511.932,314.177,622.03,642.298,545.987,578.385,666.158
2192,0.608888889,300.563,511.932,314.177,622.03,642.298,545.987,578.385,666.158
2193,0.609166667,300.563,511.932,314.177,622.03,642.298,545.987,578.385,666.158
2194,0.609444444,300.562,512.021,314.184,622.208,642.34,546.064,578.472,666.201
2195,0.609722222,300.562,512.021,314.184,622.208,642.34,546.064,578.472,666.201
2196,0.61,300.562,512.021,314.184,622.208,642.34,546.064,578.472,666.201
2197,0.610277778,300.578,512.147,314.205,622.037,642.377,546.165,578.545,666.256
2198,0.610555556,300.578,512.147,314.205,622.037,642.377,546.165,578.545,666.256
2199,0.610833333,300.578,512.147,314.205,622.037,642.377,546.165,578.545,666.256
2200,0.611111111,300.578,512.147,314.205,622.037,642.377,546.165,578.545,666.256
2201,0.611388889,300.593,512.238,314.226,621.921,642.424,546.251,578.62,666.294
2202,0.611666667,300.593,512.238,314.226,621.921,642.424,546.251,578.62,666.294
2203,0.611944444,300.593,512.238,314.226,621.921,642.424,546.251,578.62,666.294
2204,0.612222222,300.612,512.359,314.244,621.851,642.479,546.36,578.719,666.361
2205,0.6125,300.612,512.359,314.244,621.851,642.479,546.36,578.719,666.361
2206,0.612777778,300.612,512.359,314.244,621.851,642.479,546.36,578.719,666.361
2207,0.613055556,300.612,512.359,314.244,621.851,642.479,546.36,578.719,666.361
2208,0.613333333,300.648,512.483,314.273,621.669,642.539,546.456,578.806,666.415
2209,0.613611111,300.648,512.483,314.273,621.669,642.539,546.456,578.806,666.415
2210,0.613888889,300.648,512.483,314.273,621.669,642.539,546.456,578.806,666.415
2211,0.614166667,300.657,512.596,314.288,621.72,642.586,546.553,578.884,666.453
2212,0.614444444,300.657,512.596,314.288,621.72,642.586,546.553,578.884,666.453
2213,0.614722222,300.657,512.596,314.288,621.72,642.586,546.553,578.884,666.453
2214,0.615,300.657,512.596,314.288,621.72,642.586,546.553,578.884,666.453
2215,0.615277778,300.677,512.717,314.313,621.572,642.643,546.651,578.968,666.496
2216,0.615555556,300.677,512.717,314.313,621.572,642.643,546.651,578.968,666.496
2217,0.615833333,300.677,512.717,314.313,621.572,642.643,546.651,578.968,666.496
2218,0.616111111,300.698,512.807,314.323,621.474,642.674,546.736,579.031,666.502
2219,0.616388889,300.698,512.807,314.323,621.474,642.674,546.736,579.031,666.502
2220,0.616666667,300.698,512.807,314.323,621.474,642.674,546.736,579.031,666.502
2221,0.616944444,300.698,512.807,314.323,621.474,642.674,546.736,579.031,666.502
2222,0.617222222,300.722,512.926,314.349,621.284,642.708,546.83,579.144,666.535
2223,0.6175,300.722,512.926,314.349,621.284,642.708,546.83,579.144,666.535
2224,0.617777778,300.722,512.926,314.349,621.284,642.708,546.83,579.144,666.535
2225,0.618055556,300.731,513.017,314.361,621.19,642.738,546.923,579.216,666.531
2226,0.618333333,300.731,513.017,314.361,621.19,642.738,546.923,579.216,666.531
2227,0.618611111,300.731,513.017,314.361,621.19,642.738,546.923,579.216,666.531
2228,0.618888889,300.731,513.017,314.361,621.19,642.738,546.923,579.216,666.531
2229,0.619166667,300.753,513.133,314.391,621.386,642.771,547.004,579.284,666.537
2230,0.619444444,300.753,513.133,314.391,621.386,642.771,547.004,579.284,666.537
2231,0.619722222,300.753,513.133,314.391,621.386,642.771,547.004,579.284,666.537
2232,0.62,300.778,513.255,314.415,621.515,642.795,547.119,579.395,666.56
2233,0.620277778,300.778,513.255,314.415,621.515,642.795,547.119,579.395,666.56
2234,0.620555556,300.778,513.255,314.415,621.515,642.795,547.119,579.395,666.56
2235,0.620833333,300.778,513.255,314.415,621.515,642.795,547.119,579.395,666.56
2236,0.621111111,300.78,513.347,314.426,621.699,642.808,547.189,579.437,666.549
2237,0.621388889,300.78,513.347,314.426,621.699,642.808,547.189,579.437,666.549
2238,0.621666667,300.78,513.347,314.426,621.699,642.808,547.189,579.437,666.549
2239,0.621944444,300.801,513.45,314.453,621.862,642.836,547.289,579.534,666.561
2240,0.622222222,300.801,513.45,314.453,621.862,642.836,547.289,579.534,666.561
2241,0.6225,300.801,513.45,314.453,621.862,642.836,547.289,579.534,666.561
2242,0.622777778,300.801,513.45,314.453,621.862,642.836,547.289,579.534,666.561
2243,0.623055556,300.811,513.546,314.47,622.019,642.861,547.366,579.594,666.589
2244,0.623333333,300.811,513.546,314.47,622.019,642.861,547.366,579.594,666.589
2245,0.623611111,300.811,513.546,314.47,622.019,642.861,547.366,579.594,666.589
2246,0.623888889,300.845,513.657,314.499,622.087,642.913,547.475,579.684,666.659
2247,0.624166667,300.845,513.657,314.499,622.087,642.913,547.475,579.684,666.659
2248,0.624444444,300.845,513.657,314.499,622.087,642.913,547.475,579.684,666.659
2249,0.624722222,300.845,513.657,314.499,622.087,642.913,547.475,579.684,666.659
2250,0.625,300.86,513.756,314.523,622.179,642.939,547.546,579.761,666.699
2251,0.625277778,300.86,513.756,314.523,622.179,642.939,547.546,579.761,666.699
2252,0.625555556,300.86,513.756,314.523,622.179,642.939,547.546,579.761,666.699
2253,0.625833333,300.879,513.851,314.541,622.145,642.989,547.626,579.812,666.77
2254,0.626111111,300.879,513.851,314.541,622.145,642.989,547.626,579.812,666.77
2255,0.626388889,300.879,513.851,314.541,622.145,642.989,547.626,579.812,666.77
2256,0.626666667,300.879,513.851,314.541,622.145,642.989,547.626,579.812,666.77
2257,0.626944444,300.902,513.953,314.558,622.131,643.033,547.725,579.904,666.831
2258,0.627222222,300.902,513.953,314.558,622.131,643.033,547.725,579.904,666.831
2259,0.6275,300.902,513.953,314.558,622.131,643.033,547.725,579.904,666.831
2260,0.627777778,300.925,514.053,314.598,622.109,643.108,547.815,579.963,666.895
2261,0.628055556,300.925,514.053,314.598,622.109,643.108,547.815,579.963,666.895
2262,0.628333333,300.925,514.053,314.598,622.109,643.108,547.815,579.963,666.895
2263,0.628611111,300.925,514.053,314.598,622.109,643.108,547.815,579.963,666.895
2264,0.628888889,300.936,514.156,314.618,622.159,643.171,547.895,580.042,666.955
2265,0.629166667,300.936,514.156,314.618,622.159,643.171,547.895,580.042,666.955
2266,0.629444444,300.936,514.156,314.618,622.159,643.171,547.895,580.042,666.955
2267,0.629722222,300.962,514.26,314.645,622.446,643.214,547.98,580.117,667.017
2268,0.63,300.962,514.26,314.645,622.446,643.214,547.98,580.117,667.017
2269,0.630277778,300.962,514.26,314.645,622.446,643.214,547.98,580.117,667.017
2270,0.630555556,300.962,514.26,314.645,622.446,643.214,547.98,580.117,667.017
2271,0.630833333,300.964,514.368,314.657,622.814,643.267,548.055,580.183,667.091
2272,0.631111111,300.964,514.368,314.657,622.814,643.267,548.055,580.183,667.091
2273,0.631388889,300.964,514.368,314.657,622.814,643.267,548.055,580.183,667.091
2274,0.631666667,300.986,514.473,314.676,623.044,643.345,548.142,580.265,667.164
2275,0.631944444,300.986,514.473,314.676,623.044,643.345,548.142,580.265,667.164
2276,0.632222222,300.986,514.473,314.676,623.044,643.345,548.142,580.265,667.164
2277,0.6325,300.986,514.473,314.676,623.044,643.345,548.142,580.265,667.164
2278,0.632777778,301.004,514.572,314.706,623.239,643.392,548.234,580.342,667.249
2279,0.633055556,301.004,514.572,314.706,623.239,643.392,548.234,580.342,667.249
2280,0.633333333,301.004,514.572,314.706,623.239,643.392,548.234,580.342,667.249
2281,0.633611111,301.024,514.685,314.731,623.136,643.491,548.33,580.436,667.353
2282,0.633888889,301.024,514.685,314.731,623.136,643.491,548.33,580.436,667.353
2283,0.634166667,301.024,514.685,314.731,623.136,643.491,548.33,580.436,667.353
2284,0.634444444,301.024,514.685,314.731,623.136,643.491,548.33,580.436,667.353
2285,0.634722222,301.039,514.797,314.748,623.002,643.568,548.411,580.514,667.455
2286,0.635,301.039,514.797,314.748,623.002,643.568,548.411,580.514,667.455
2287,0.635277778,301.039,514.797,314.748,623.002,643.568,548.411,580.514,667.455
2288,0.635555556,301.062,514.88,314.774,623.074,643.643,548.499,580.607,667.54
2289,0.635833333,301.062,514.88,314.774,623.074,643.643,548.499,580.607,667.54
2290,0.636111111,301.062,514.88,314.774,623.074,643.643,548.499,580.607,667.54
2291,0.636388889,301.062,514.88,314.774,623.074,643.643,548.499,580.607,667.54
2292,0.636666667,301.075,514.986,314.788,623.074,643.711,548.584,580.674,667.604
2293,0.636944444,301.075,514.986,314.788,623.074,643.711,548.584,580.674,667.604
2294,0.637222222,301.075,514.986,314.788,623.074,643.711,548.584,580.674,667.604
2295,0.6375,301.1,515.095,314.813,623.12,643.81,548.684,580.757,667.678
2296,0.637777778,301.1,515.095,314.813,623.12,643.81,548.684,580.757,667.678
2297,0.638055556,301.1,515.095,314.813,623.12,643.81,548.684,580.757,667.678
2298,0.638333333,301.119,515.199,314.855,623.18,643.886,548.777,580.866,667.764
2299,0.638611111,301.119,515.199,314.855,623.18,643.886,548.777,580.866,667.764
2300,0.638888889,301.119,515.199,314.855,623.18,643.886,548.777,580.866,667.764
2301,0.639166667,301.119,515.199,314.855,623.18,643.886,548.777,580.866,667.764
2302,0.639444444,301.141,515.281,314.875,623.283,643.96,548.864,580.939,667.833
2303,0.639722222,301.141,515.281,314.875,623.283,643.96,548.864,580.939,667.833
2304,0.64,301.141,515.281,314.875,623.283,643.96,548.864,580.939,667.833
2305,0.640277778,301.156,515.383,314.89,623.18,644.023,548.961,581.035,667.899
2306,0.640555556,301.156,515.383,314.89,623.18,644.023,548.961,581.035,667.899
2307,0.640833333,301.156,515.383,314.89,623.18,644.023,548.961,581.035,667.899
2308,0.641111111,301.156,515.383,314.89,623.18,644.023,548.961,581.035,667.899
2309,0.641388889,301.182,515.469,314.915,623.159,644.108,549.055,581.124,667.976
2310,0.641666667,301.182,515.469,314.915,623.159,644.108,549.055,581.124,667.976
2311,0.641944444,301.182,515.469,314.915,623.159,644.108,549.055,581.124,667.976
2312,0.642222222,301.193,515.577,314.933,623.202,644.158,549.154,581.191,668.047
2313,0.6425,301.193,515.577,314.933,623.202,644.158,549.154,581.191,668.047
2314,0.642777778,301.193,515.577,314.933,623.202,644.158,549.154,581.191,668.047
2315,0.643055556,301.193,515.577,314.933,623.202,644.158,549.154,581.191,668.047
2316,0.643333333,301.215,515.696,314.94,623.37,644.236,549.238,581.294,668.125
2317,0.643611111,301.215,515.696,314.94,623.37,644.236,549.238,581.294,668.125
2318,0.643888889,301.215,515.696,314.94,623.37,644.236,549.238,581.294,668.125
2319,0.644166667,301.235,515.788,314.968,623.502,644.305,549.338,581.383,668.196
2320,0.644444444,301.235,515.788,314.968,623.502,644.305,549.338,581.383,668.196
2321,0.644722222,301.235,515.788,314.968,623.502,644.305,549.338,581.383,668.196
2322,0.645,301.235,515.788,314.968,623.502,644.305,549.338,581.383,668.196
2323,0.645277778,301.256,515.913,314.987,623.613,644.388,549.437,581.502,668.287
2324,0.645555556,301.256,515.913,314.987,623.613,644.388,549.437,581.502,668.287
2325,0.645833333,301.256,515.913,314.987,623.613,644.388,549.437,581.502,668.287
2326,0.646111111,301.272,516.005,314.999,623.748,644.451,549.533,581.556,668.329
2327,0.646388889,301.272,516.005,314.999,623.748,644.451,549.533,581.556,668.329
2328,0.646666667,301.272,516.005,314.999,623.748,644.451,549.533,581.556,668.329
2329,0.646944444,301.272,516.005,314.999,623.748,644.451,549.533,581.556,668.329
2330,0.647222222,301.287,516.1,315.023,623.893,644.527,549.626,581.644,668.413
2331,0.6475,301.287,516.1,315.023,623.893,644.527,549.626,581.644,668.413
2332,0.647777778,301.287,516.1,315.023,623.893,644.527,549.626,581.644,668.413
2333,0.648055556,301.298,516.193,315.036,623.916,644.59,549.718,581.75,668.496
2334,0.648333333,301.298,516.193,315.036,623.916,644.59,549.718,581.75,668.496
2335,0.648611111,301.298,516.193,315.036,623.916,644.59,549.718,581.75,668.496
2336,0.648888889,301.298,516.193,315.036,623.916,644.59,549.718,581.75,668.496
2337,0.649166667,301.339,516.319,315.061,623.948,644.678,549.826,581.848,668.582
2338,0.649444444,301.339,516.319,315.061,623.948,644.678,549.826,581.848,668.582
2339,0.649722222,301.339,516.319,315.061,623.948,644.678,549.826,581.848,668.582
2340,0.65,301.35,516.423,315.065,624.154,644.74,549.918,581.925,668.645
2341,0.650277778,301.35,516.423,315.065,624.154,644.74,549.918,581.925,668.645
2342,0.650555556,301.35,516.423,315.065,624.154,644.74,549.918,581.925,668.645
2343,0.650833333,301.35,516.423,315.065,624.154,644.74,549.918,581.925,668.645
2344,0.651111111,301.362,516.537,315.093,624.228,644.818,550.009,582.022,668.725
2345,0.651388889,301.362,516.537,315.093,624.228,644.818,550.009,582.022,668.725
2346,0.651666667,301.362,516.537,315.093,624.228,644.818,550.009,582.022,668.725
2347,0.651944444,301.392,516.64,315.105,624.113,644.905,550.108,582.111,668.818
2348,0.652222222,301.392,516.64,315.105,624.113,644.905,550.108,582.111,668.818
2349,0.6525,301.392,516.64,315.105,624.113,644.905,550.108,582.111,668.818
2350,0.652777778,301.399,516.735,315.119,624.112,644.972,550.191,582.183,668.88
2351,0.653055556,301.399,516.735,315.119,624.112,644.972,550.191,582.183,668.88
2352,0.653333333,301.399,516.735,315.119,624.112,644.972,550.191,582.183,668.88
2353,0.653611111,301.399,516.735,315.119,624.112,644.972,550.191,582.183,668.88
2354,0.653888889,301.42,516.831,315.139,624.27,645.05,550.296,582.287,668.942
2355,0.654166667,301.42,516.831,315.139,624.27,645.05,550.296,582.287,668.942
2356,0.654444444,301.42,516.831,315.139,624.27,645.05,550.296,582.287,668.942
2357,0.654722222,301.436,516.949,315.157,624.363,645.119,550.386,582.383,669.022
2358,0.655,301.436,516.949,315.157,624.363,645.119,550.386,582.383,669.022
2359,0.655277778,301.436,516.949,315.157,624.363,645.119,550.386,582.383,669.022
2360,0.655555556,301.436,516.949,315.157,624.363,645.119,550.386,582.383,669.022
2361,0.655833333,301.458,517.055,315.181,624.261,645.191,550.494,582.474,669.088
2362,0.656111111,301.458,517.055,315.181,624.261,645.191,550.494,582.474,669.088
2363,0.656388889,301.458,517.055,315.181,624.261,645.191,550.494,582.474,669.088
2364,0.656666667,301.461,517.144,315.189,624.172,645.245,550.577,582.559,669.156
2365,0.656944444,301.461,517.144,315.189,624.172,645.245,550.577,582.559,669.156
2366,0.657222222,301.461,517.144,315.189,624.172,645.245,550.577,582.559,669.156
2367,0.6575,301.461,517.144,315.189,624.172,645.245,550.577,582.559,669.156
2368,0.657777778,301.48,517.253,315.221,624.057,645.327,550.686,582.671,669.218
2369,0.658055556,301.48,517.253,315.221,624.057,645.327,550.686,582.671,669.218
2370,0.658333333,301.48,517.253,315.221,624.057,645.327,550.686,582.671,669.218
2371,0.658611111,301.499,517.351,315.232,623.902,645.387,550.778,582.757,669.26
2372,0.658888889,301.499,517.351,315.232,623.902,645.387,550.778,582.757,669.26
2373,0.659166667,301.499,517.351,315.232,623.902,645.387,550.778,582.757,669.26
2374,0.659444444,301.499,517.351,315.232,623.902,645.387,550.778,582.757,669.26
2375,0.659722222,301.528,517.471,315.263,623.847,645.45,550.87,582.834,669.302
2376,0.66,301.528,517.471,315.263,623.847,645.45,550.87,582.834,669.302
2377,0.660277778,301.528,517.471,315.263,623.847,645.45,550.87,582.834,669.302
2378,0.660555556,301.542,517.553,315.271,623.938,645.492,550.961,582.931,669.337
2379,0.660833333,301.542,517.553,315.271,623.938,645.492,550.961,582.931,669.337
2380,0.661111111,301.542,517.553,315.271,623.938,645.492,550.961,582.931,669.337
2381,0.661388889,301.542,517.553,315.271,623.938,645.492,550.961,582.931,669.337
2382,0.661666667,301.552,517.655,315.279,624.208,645.545,551.056,583.004,669.364
2383,0.661944444,301.552,517.655,315.279,624.208,645.545,551.056,583.004,669.364
2384,0.662222222,301.552,517.655,315.279,624.208,645.545,551.056,583.004,669.364
2385,0.6625,301.59,517.767,315.296,624.499,645.607,551.163,583.101,669.432
2386,0.662777778,301.59,517.767,315.296,624.499,645.607,551.163,583.101,669.432
2387,0.663055556,301.59,517.767,315.296,624.499,645.607,551.163,583.101,669.432
2388,0.663333333,301.59,517.767,315.296,624.499,645.607,551.163,583.101,669.432
2389,0.663611111,301.602,517.894,315.318,624.761,645.648,551.258,583.195,669.469
2390,0.663888889,301.602,517.894,315.318,624.761,645.648,551.258,583.195,669.469
2391,0.664166667,301.602,517.894,315.318,624.761,645.648,551.258,583.195,669.469
2392,0.664444444,301.614,517.989,315.326,624.827,645.698,551.343,583.284,669.517
2393,0.664722222,301.614,517.989,315.326,624.827,645.698,551.343,583.284,669.517
2394,0.665,301.614,517.989,315.326,624.827,645.698,551.343,583.284,669.517
2395,0.665277778,301.614,517.989,315.326,624.827,645.698,551.343,583.284,669.517
2396,0.665555556,301.64,518.082,315.357,624.834,645.762,551.434,583.356,669.567
2397,0.665833333,301.64,518.082,315.357,624.834,645.762,551.434,583.356,669.567
2398,0.666111111,301.64,518.082,315.357,624.834,645.762,551.434,583.356,669.567
2399,0.666388889,301.653,518.176,315.359,624.904,645.82,551.527,583.435,669.62
2400,0.666666667,301.653,518.176,315.359,624.904,645.82,551.527,583.435,669.62
2401,0.666944444,301.653,518.176,315.359,624.904,645.82,551.527,583.435,669.62
2402,0.667222222,301.653,518.176,315.359,624.904,645.82,551.527,583.435,669.62
2403,0.6675,301.671,518.247,315.382,624.825,645.864,551.612,583.504,669.678
2404,0.667777778,301.671,518.247,315.382,624.825,645.864,551.612,583.504,669.678
2405,0.668055556,301.671,518.247,315.382,624.825,645.864,551.612,583.504,669.678
2406,0.668333333,301.679,518.336,315.402,624.829,645.927,551.691,583.601,669.73
2407,0.668611111,301.679,518.336,315.402,624.829,645.927,551.691,583.601,669.73
2408,0.668888889,301.679,518.336,315.402,624.829,645.927,551.691,583.601,669.73
2409,0.669166667,301.679,518.336,315.402,624.829,645.927,551.691,583.601,669.73
2410,0.669444444,301.694,518.44,315.42,624.902,645.992,551.783,583.671,669.799
2411,0.669722222,301.694,518.44,315.42,624.902,645.992,551.783,583.671,669.799
2412,0.67,301.694,518.44,315.42,624.902,645.992,551.783,583.671,669.799
2413,0.670277778,301.72,518.545,315.452,625.011,646.055,551.886,583.762,669.88
2414,0.670555556,301.72,518.545,315.452,625.011,646.055,551.886,583.762,669.88
2415,0.670833333,301.72,518.545,315.452,625.011,646.055,551.886,583.762,669.88
2416,0.671111111,301.72,518.545,315.452,625.011,646.055,551.886,583.762,669.88
2417,0.671388889,301.749,518.612,315.464,625.182,646.124,551.967,583.812,669.956
2418,0.671666667,301.749,518.612,315.464,625.182,646.124,551.967,583.812,669.956
2419,0.671944444,301.749,518.612,315.464,625.182,646.124,551.967,583.812,669.956
2420,0.672222222,301.753,518.728,315.483,625.446,646.203,552.054,583.908,670.053
2421,0.6725,301.753,518.728,315.483,625.446,646.203,552.054,583.908,670.053
2422,0.672777778,301.753,518.728,315.483,625.446,646.203,552.054,583.908,670.053
2423,0.673055556,301.753,518.728,315.483,625.446,646.203,552.054,583.908,670.053
2424,0.673333333,301.782,518.817,315.489,625.776,646.281,552.134,583.995,670.169
2425,0.673611111,301.782,518.817,315.489,625.776,646.281,552.134,583.995,670.169
2426,0.673888889,301.782,518.817,315.489,625.776,646.281,552.134,583.995,670.169
2427,0.674166667,301.789,518.913,315.505,625.897,646.379,552.217,584.078,670.287
2428,0.674444444,301.789,518.913,315.505,625.897,646.379,552.217,584.078,670.287
2429,0.674722222,301.789,518.913,315.505,625.897,646.379,552.217,584.078,670.287
2430,0.675,301.789,518.913,315.505,625.897,646.379,552.217,584.078,670.287
2431,0.675277778,301.811,519.019,315.529,625.849,646.473,552.313,584.165,670.39
2432,0.675555556,301.811,519.019,315.529,625.849,646.473,552.313,584.165,670.39
2433,0.675833333,301.811,519.019,315.529,625.849,646.473,552.313,584.165,670.39
2434,0.676111111,301.839,519.112,315.542,625.795,646.566,552.401,584.248,670.529
2435,0.676388889,301.839,519.112,315.542,625.795,646.566,552.401,584.248,670.529
2436,0.676666667,301.839,519.112,315.542,625.795,646.566,552.401,584.248,670.529
2437,0.676944444,301.839,519.112,315.542,625.795,646.566,552.401,584.248,670.529
2438,0.677222222,301.845,519.205,315.544,625.582,646.685,552.488,584.331,670.645
2439,0.6775,301.845,519.205,315.544,625.582,646.685,552.488,584.331,670.645
2440,0.677777778,301.845,519.205,315.544,625.582,646.685,552.488,584.331,670.645
2441,0.678055556,301.856,519.308,315.555,625.519,646.788,552.564,584.417,670.76
2442,0.678333333,301.856,519.308,315.555,625.519,646.788,552.564,584.417,670.76
2443,0.678611111,301.856,519.308,315.555,625.519,646.788,552.564,584.417,670.76
2444,0.678888889,301.856,519.308,315.555,625.519,646.788,552.564,584.417,670.76
2445,0.679166667,301.876,519.406,315.574,625.651,646.893,552.656,584.522,670.861
2446,0.679444444,301.876,519.406,315.574,625.651,646.893,552.656,584.522,670.861
2447,0.679722222,301.876,519.406,315.574,625.651,646.893,552.656,584.522,670.861
2448,0.68,301.9,519.498,315.591,625.77,646.999,552.755,584.601,670.948
2449,0.680277778,301.9,519.498,315.591,625.77,646.999,552.755,584.601,670.948
2450,0.680555556,301.9,519.498,315.591,625.77,646.999,552.755,584.601,670.948
2451,0.680833333,301.9,519.498,315.591,625.77,646.999,552.755,584.601,670.948
2452,0.681111111,301.917,519.598,315.603,625.708,647.092,552.851,584.702,671.03
2453,0.681388889,301.917,519.598,315.603,625.708,647.092,552.851,584.702,671.03
2454,0.681666667,301.917,519.598,315.603,625.708,647.092,552.851,584.702,671.03
2455,0.681944444,301.951,519.699,315.622,625.624,647.188,552.948,584.788,671.114
2456,0.682222222,301.951,519.699,315.622,625.624,647.188,552.948,584.788,671.114
2457,0.6825,301.951,519.699,315.622,625.624,647.188,552.948,584.788,671.114
2458,0.682777778,301.951,519.699,315.622,625.624,647.188,552.948,584.788,671.114
2459,0.683055556,301.957,519.8,315.637,625.674,647.276,553.046,584.894,671.185
2460,0.683333333,301.957,519.8,315.637,625.674,647.276,553.046,584.894,671.185
2461,0.683611111,301.957,519.8,315.637,625.674,647.276,553.046,584.894,671.185
2462,0.683888889,301.974,519.896,315.662,625.602,647.349,553.158,584.988,671.247
2463,0.684166667,301.974,519.896,315.662,625.602,647.349,553.158,584.988,671.247
2464,0.684444444,301.974,519.896,315.662,625.602,647.349,553.158,584.988,671.247
2465,0.684722222,301.974,519.896,315.662,625.602,647.349,553.158,584.988,671.247
2466,0.685,301.993,519.976,315.671,625.646,647.42,553.237,585.075,671.307
2467,0.685277778,301.993,519.976,315.671,625.646,647.42,553.237,585.075,671.307
2468,0.685555556,301.993,519.976,315.671,625.646,647.42,553.237,585.075,671.307
2469,0.685833333,302.013,520.077,315.682,625.658,647.501,553.333,585.186,671.366
2470,0.686111111,302.013,520.077,315.682,625.658,647.501,553.333,585.186,671.366
2471,0.686388889,302.013,520.077,315.682,625.658,647.501,553.333,585.186,671.366
2472,0.686666667,302.013,520.077,315.682,625.658,647.501,553.333,585.186,671.366
2473,0.686944444,302.033,520.172,315.714,625.699,647.563,553.422,585.264,671.414
2474,0.687222222,302.033,520.172,315.714,625.699,647.563,553.422,585.264,671.414
2475,0.6875,302.033,520.172,315.714,625.699,647.563,553.422,585.264,671.414
2476,0.687777778,302.049,520.257,315.725,625.872,647.621,553.521,585.364,671.469
2477,0.688055556,302.049,520.257,315.725,625.872,647.621,553.521,585.364,671.469
2478,0.688333333,302.049,520.257,315.725,625.872,647.621,553.521,585.364,671.469
2479,0.688611111,302.072,520.376,315.739,625.947,647.689,553.626,585.455,671.515
2480,0.688888889,302.072,520.376,315.739,625.947,647.689,553.626,585.455,671.515
2481,0.689166667,302.072,520.376,315.739,625.947,647.689,553.626,585.455,671.515
2482,0.689444444,302.072,520.376,315.739,625.947,647.689,553.626,585.455,671.515
2483,0.689722222,302.087,520.459,315.756,626.012,647.744,553.709,585.51,671.57
2484,0.69,302.087,520.459,315.756,626.012,647.744,553.709,585.51,671.57
2485,0.690277778,302.087,520.459,315.756,626.012,647.744,553.709,585.51,671.57
2486,0.690555556,302.114,520.564,315.775,626.073,647.821,553.813,585.606,671.649
2487,0.690833333,302.114,520.564,315.775,626.073,647.821,553.813,585.606,671.649
2488,0.691111111,302.114,520.564,315.775,626.073,647.821,553.813,585.606,671.649
2489,0.691388889,302.114,520.564,315.775,626.073,647.821,553.813,585.606,671.649
2490,0.691666667,302.125,520.675,315.787,626.053,647.889,553.898,585.721,671.717
2491,0.691944444,302.125,520.675,315.787,626.053,647.889,553.898,585.721,671.717
2492,0.692222222,302.125,520.675,315.787,626.053,647.889,553.898,585.721,671.717
2493,0.6925,302.147,520.782,315.79,626.049,647.95,553.991,585.797,671.803
2494,0.692777778,302.147,520.782,315.79,626.049,647.95,553.991,585.797,671.803
2495,0.693055556,302.147,520.782,315.79,626.049,647.95,553.991,585.797,671.803
2496,0.693333333,302.147,520.782,315.79,626.049,647.95,553.991,585.797,671.803
2497,0.693611111,302.171,520.883,315.827,626.068,648.035,554.095,585.909,671.885
2498,0.693888889,302.171,520.883,315.827,626.068,648.035,554.095,585.909,671.885
2499,0.694166667,302.171,520.883,315.827,626.068,648.035,554.095,585.909,671.885
2500,0.694444444,302.192,520.975,315.838,626.065,648.099,554.189,585.985,671.923
2501,0.694722222,302.192,520.975,315.838,626.065,648.099,554.189,585.985,671.923
2502,0.695,302.192,520.975,315.838,626.065,648.099,554.189,585.985,671.923
2503,0.695277778,302.192,520.975,315.838,626.065,648.099,554.189,585.985,671.923
2504,0.695555556,302.203,521.054,315.854,626.047,648.158,554.28,586.074,671.973
2505,0.695833333,302.203,521.054,315.854,626.047,648.158,554.28,586.074,671.973
2506,0.696111111,302.203,521.054,315.854,626.047,648.158,554.28,586.074,671.973
2507,0.696388889,302.222,521.179,315.856,625.982,648.226,554.369,586.163,672.024
2508,0.696666667,302.222,521.179,315.856,625.982,648.226,554.369,586.163,672.024
2509,0.696944444,302.222,521.179,315.856,625.982,648.226,554.369,586.163,672.024
2510,0.697222222,302.222,521.179,315.856,625.982,648.226,554.369,586.163,672.024
2511,0.6975,302.247,521.258,315.876,625.845,648.277,554.462,586.248,672.068
2512,0.697777778,302.247,521.258,315.876,625.845,648.277,554.462,586.248,672.068
2513,0.698055556,302.247,521.258,315.876,625.845,648.277,554.462,586.248,672.068
2514,0.698333333,302.28,521.371,315.899,625.92,648.344,554.557,586.34,672.125
2515,0.698611111,302.28,521.371,315.899,625.92,648.344,554.557,586.34,672.125
2516,0.698888889,302.28,521.371,315.899,625.92,648.344,554.557,586.34,672.125
2517,0.699166667,302.28,521.371,315.899,625.92,648.344,554.557,586.34,672.125
2518,0.699444444,302.28,521.47,315.918,626.128,648.39,554.639,586.421,672.157
2519,0.699722222,302.28,521.47,315.918,626.128,648.39,554.639,586.421,672.157
2520,0.7,302.28,521.47,315.918,626.128,648.39,554.639,586.421,672.157
2521,0.700277778,302.303,521.562,315.935,626.083,648.437,554.734,586.507,672.205
2522,0.700555556,302.303,521.562,315.935,626.083,648.437,554.734,586.507,672.205
2523,0.700833333,302.303,521.562,315.935,626.083,648.437,554.734,586.507,672.205
2524,0.701111111,302.303,521.562,315.935,626.083,648.437,554.734,586.507,672.205
2525,0.701388889,302.329,521.686,315.949,625.944,648.499,554.83,586.61,672.251
2526,0.701666667,302.329,521.686,315.949,625.944,648.499,554.83,586.61,672.251
2527,0.701944444,302.329,521.686,315.949,625.944,648.499,554.83,586.61,672.251
2528,0.702222222,302.344,521.801,315.966,625.559,648.539,554.909,586.681,672.285
2529,0.7025,302.344,521.801,315.966,625.559,648.539,554.909,586.681,672.285
2530,0.702777778,302.344,521.801,315.966,625.559,648.539,554.909,586.681,672.285
2531,0.703055556,302.364,521.891,315.98,625.377,648.581,555.001,586.756,672.306
2532,0.703333333,302.364,521.891,315.98,625.377,648.581,555.001,586.756,672.306
2533,0.703611111,302.364,521.891,315.98,625.377,648.581,555.001,586.756,672.306
2534,0.703888889,302.364,521.891,315.98,625.377,648.581,555.001,586.756,672.306
2535,0.704166667,302.387,521.987,315.996,625.312,648.622,555.103,586.84,672.321
2536,0.704444444,302.387,521.987,315.996,625.312,648.622,555.103,586.84,672.321
2537,0.704722222,302.387,521.987,315.996,625.312,648.622,555.103,586.84,672.321
2538,0.705,302.407,522.075,316.026,625.134,648.653,555.197,586.927,672.312
2539,0.705277778,302.407,522.075,316.026,625.134,648.653,555.197,586.927,672.312
2540,0.705555556,302.407,522.075,316.026,625.134,648.653,555.197,586.927,672.312
2541,0.705833333,302.407,522.075,316.026,625.134,648.653,555.197,586.927,672.312
2542,0.706111111,302.421,522.167,316.033,625.04,648.671,555.277,586.988,672.27
2543,0.706388889,302.421,522.167,316.033,625.04,648.671,555.277,586.988,672.27
2544,0.706666667,302.421,522.167,316.033,625.04,648.671,555.277,586.988,672.27
2545,0.706944444,302.435,522.264,316.048,625.069,648.674,555.351,587.084,672.246
2546,0.707222222,302.435,522.264,316.048,625.069,648.674,555.351,587.084,672.246
2547,0.7075,302.435,522.264,316.048,625.069,648.674,555.351,587.084,672.246
2548,0.707777778,302.435,522.264,316.048,625.069,648.674,555.351,587.084,672.246
2549,0.708055556,302.461,522.353,316.071,625.177,648.689,555.446,587.154,672.231
2550,0.708333333,302.461,522.353,316.071,625.177,648.689,555.446,587.154,672.231
2551,0.708611111,302.461,522.353,316.071,625.177,648.689,555.446,587.154,672.231
2552,0.708888889,302.471,522.444,316.076,625.242,648.674,555.53,587.214,672.194
2553,0.709166667,302.471,522.444,316.076,625.242,648.674,555.53,587.214,672.194
2554,0.709444444,302.471,522.444,316.076,625.242,648.674,555.53,587.214,672.194
2555,0.709722222,302.471,522.444,316.076,625.242,648.674,555.53,587.214,672.194
2556,0.71,302.495,522.535,316.107,625.386,648.682,555.606,587.296,672.196
2557,0.710277778,302.495,522.535,316.107,625.386,648.682,555.606,587.296,672.196
2558,0.710555556,302.495,522.535,316.107,625.386,648.682,555.606,587.296,672.196
2559,0.710833333,302.517,522.632,316.108,625.606,648.686,555.679,587.344,672.193
2560,0.711111111,302.517,522.632,316.108,625.606,648.686,555.679,587.344,672.193
2561,0.711388889,302.517,522.632,316.108,625.606,648.686,555.679,587.344,672.193
2562,0.711666667,302.517,522.632,316.108,625.606,648.686,555.679,587.344,672.193
2563,0.711944444,302.54,522.733,316.131,625.92,648.698,555.765,587.425,672.197
2564,0.712222222,302.54,522.733,316.131,625.92,648.698,555.765,587.425,672.197
2565,0.7125,302.54,522.733,316.131,625.92,648.698,555.765,587.425,672.197
2566,0.712777778,302.56,522.829,316.134,626.046,648.712,555.835,587.481,672.205
2567,0.713055556,302.56,522.829,316.134,626.046,648.712,555.835,587.481,672.205
2568,0.713333333,302.56,522.829,316.134,626.046,648.712,555.835,587.481,672.205
2569,0.713611111,302.56,522.829,316.134,626.046,648.712,555.835,587.481,672.205
2570,0.713888889,302.569,522.915,316.148,625.906,648.71,555.908,587.536,672.241
2571,0.714166667,302.569,522.915,316.148,625.906,648.71,555.908,587.536,672.241
2572,0.714444444,302.569,522.915,316.148,625.906,648.71,555.908,587.536,672.241
2573,0.714722222,302.59,523.008,316.173,625.895,648.744,555.987,587.591,672.276
2574,0.715,302.59,523.008,316.173,625.895,648.744,555.987,587.591,672.276
2575,0.715277778,302.59,523.008,316.173,625.895,648.744,555.987,587.591,672.276
2576,0.715555556,302.59,523.008,316.173,625.895,648.744,555.987,587.591,672.276
2577,0.715833333,302.601,523.088,316.171,625.963,648.783,556.053,587.65,672.31
2578,0.716111111,302.601,523.088,316.171,625.963,648.783,556.053,587.65,672.31
2579,0.716388889,302.601,523.088,316.171,625.963,648.783,556.053,587.65,672.31
2580,0.716666667,302.623,523.172,316.203,626.097,648.793,556.131,587.717,672.348
2581,0.716944444,302.623,523.172,316.203,626.097,648.793,556.131,587.717,672.348
2582,0.717222222,302.623,523.172,316.203,626.097,648.793,556.131,587.717,672.348
2583,0.7175,302.623,523.172,316.203,626.097,648.793,556.131,587.717,672.348
2584,0.717777778,302.638,523.266,316.209,626.172,648.839,556.192,587.76,672.371
2585,0.718055556,302.638,523.266,316.209,626.172,648.839,556.192,587.76,672.371
2586,0.718333333,302.638,523.266,316.209,626.172,648.839,556.192,587.76,672.371
2587,0.718611111,302.658,523.346,316.218,626.045,648.869,556.262,587.831,672.405
2588,0.718888889,302.658,523.346,316.218,626.045,648.869,556.262,587.831,672.405
2589,0.719166667,302.658,523.346,316.218,626.045,648.869,556.262,587.831,672.405
2590,0.719444444,302.658,523.346,316.218,626.045,648.869,556.262,587.831,672.405
2591,0.719722222,302.682,523.415,316.232,625.789,648.904,556.337,587.881,672.439
2592,0.72,302.682,523.415,316.232,625.789,648.904,556.337,587.881,672.439
2593,0.720277778,302.682,523.415,316.232,625.789,648.904,556.337,587.881,672.439
2594,0.720555556,302.687,523.501,316.257,625.797,648.946,556.401,587.949,672.474
2595,0.720833333,302.687,523.501,316.257,625.797,648.946,556.401,587.949,672.474
2596,0.721111111,302.687,523.501,316.257,625.797,648.946,556.401,587.949,672.474
2597,0.721388889,302.687,523.501,316.257,625.797,648.946,556.401,587.949,672.474
2598,0.721666667,302.712,523.58,316.272,625.731,648.983,556.475,588.009,672.494
2599,0.721944444,302.712,523.58,316.272,625.731,648.983,556.475,588.009,672.494
2600,0.722222222,302.712,523.58,316.272,625.731,648.983,556.475,588.009,672.494
2601,0.7225,302.719,523.633,316.277,625.687,649.005,556.532,588.049,672.496
2602,0.722777778,302.719,523.633,316.277,625.687,649.005,556.532,588.049,672.496
2603,0.723055556,302.719,523.633,316.277,625.687,649.005,556.532,588.049,672.496
2604,0.723333333,302.719,523.633,316.277,625.687,649.005,556.532,588.049,672.496
2605,0.723611111,302.748,523.739,316.289,625.843,649.035,556.615,588.099,672.519
2606,0.723888889,302.748,523.739,316.289,625.843,649.035,556.615,588.099,672.519
2607,0.724166667,302.748,523.739,316.289,625.843,649.035,556.615,588.099,672.519
2608,0.724444444,302.77,523.81,316.298,625.922,649.068,556.674,588.172,672.566
2609,0.724722222,302.77,523.81,316.298,625.922,649.068,556.674,588.172,672.566
2610,0.725,302.77,523.81,316.298,625.922,649.068,556.674,588.172,672.566
2611,0.725277778,302.79,523.92,316.329,626.226,649.108,556.76,588.228,672.625
2612,0.725555556,302.79,523.92,316.329,626.226,649.108,556.76,588.228,672.625
2613,0.725833333,302.79,523.92,316.329,626.226,649.108,556.76,588.228,672.625
2614,0.726111111,302.79,523.92,316.329,626.226,649.108,556.76,588.228,672.625
2615,0.726388889,302.811,523.979,316.326,626.523,649.139,556.814,588.271,672.648
2616,0.726666667,302.811,523.979,316.326,626.523,649.139,556.814,588.271,672.648
2617,0.726944444,302.811,523.979,316.326,626.523,649.139,556.814,588.271,672.648
2618,0.727222222,302.819,524.084,316.337,626.59,649.195,556.895,588.358,672.717
2619,0.7275,302.819,524.084,316.337,626.59,649.195,556.895,588.358,672.717
2620,0.727777778,302.819,524.084,316.337,626.59,649.195,556.895,588.358,672.717
2621,0.728055556,302.819,524.084,316.337,626.59,649.195,556.895,588.358,672.717
2622,0.728333333,302.847,524.169,316.347,626.492,649.231,556.96,588.417,672.779
2623,0.728611111,302.847,524.169,316.347,626.492,649.231,556.96,588.417,672.779
2624,0.728888889,302.847,524.169,316.347,626.492,649.231,556.96,588.417,672.779
2625,0.729166667,302.862,524.226,316.371,626.349,649.282,557.035,588.454,672.816
2626,0.729444444,302.862,524.226,316.371,626.349,649.282,557.035,588.454,672.816
2627,0.729722222,302.862,524.226,316.371,626.349,649.282,557.035,588.454,672.816
2628,0.73,302.862,524.226,316.371,626.349,649.282,557.035,588.454,672.816
2629,0.730277778,302.879,524.297,316.381,626.361,649.339,557.098,588.533,672.882
2630,0.730555556,302.879,524.297,316.381,626.361,649.339,557.098,588.533,672.882
2631,0.730833333,302.879,524.297,316.381,626.361,649.339,557.098,588.533,672.882
2632,0.731111111,302.892,524.363,316.395,626.3,649.37,557.162,588.567,672.894
2633,0.731388889,302.892,524.363,316.395,626.3,649.37,557.162,588.567,672.894
2634,0.731666667,302.892,524.363,316.395,626.3,649.37,557.162,588.567,672.894
2635,0.731944444,302.892,524.363,316.395,626.3,649.37,557.162,588.567,672.894
2636,0.732222222,302.896,524.441,316.403,626.403,649.41,557.238,588.64,672.945
2637,0.7325,302.896,524.441,316.403,626.403,649.41,557.238,588.64,672.945
2638,0.732777778,302.896,524.441,316.403,626.403,649.41,557.238,588.64,672.945
2639,0.733055556,302.929,524.525,316.413,626.609,649.458,557.312,588.712,673.007
2640,0.733333333,302.929,524.525,316.413,626.609,649.458,557.312,588.712,673.007
2641,0.733611111,302.929,524.525,316.413,626.609,649.458,557.312,588.712,673.007
2642,0.733888889,302.929,524.525,316.413,626.609,649.458,557.312,588.712,673.007
2643,0.734166667,302.943,524.608,316.44,626.731,649.519,557.388,588.776,673.06
2644,0.734444444,302.943,524.608,316.44,626.731,649.519,557.388,588.776,673.06
2645,0.734722222,302.943,524.608,316.44,626.731,649.519,557.388,588.776,673.06
2646,0.735,302.961,524.714,316.446,626.98,649.558,557.455,588.829,673.114
2647,0.735277778,302.961,524.714,316.446,626.98,649.558,557.455,588.829,673.114
2648,0.735555556,302.961,524.714,316.446,626.98,649.558,557.455,588.829,673.114
2649,0.735833333,302.961,524.714,316.446,626.98,649.558,557.455,588.829,673.114
2650,0.736111111,302.981,524.804,316.467,627.142,649.614,557.533,588.907,673.189
2651,0.736388889,302.981,524.804,316.467,627.142,649.614,557.533,588.907,673.189
2652,0.736666667,302.981,524.804,316.467,627.142,649.614,557.533,588.907,673.189
2653,0.736944444,302.985,524.888,316.478,626.991,649.671,557.6,588.964,673.265
2654,0.737222222,302.985,524.888,316.478,626.991,649.671,557.6,588.964,673.265
2655,0.7375,302.985,524.888,316.478,626.991,649.671,557.6,588.964,673.265
2656,0.737777778,302.985,524.888,316.478,626.991,649.671,557.6,588.964,673.265
2657,0.738055556,303.014,524.986,316.5,626.898,649.734,557.682,589.033,673.335
2658,0.738333333,303.014,524.986,316.5,626.898,649.734,557.682,589.033,673.335
2659,0.738611111,303.014,524.986,316.5,626.898,649.734,557.682,589.033,673.335
2660,0.738888889,303.036,525.063,316.514,626.716,649.803,557.745,589.1,673.406
2661,0.739166667,303.036,525.063,316.514,626.716,649.803,557.745,589.1,673.406
2662,0.739444444,303.036,525.063,316.514,626.716,649.803,557.745,589.1,673.406
2663,0.739722222,303.036,525.063,316.514,626.716,649.803,557.745,589.1,673.406
2664,0.74,303.043,525.122,316.521,626.56,649.85,557.812,589.172,673.429
2665,0.740277778,303.043,525.122,316.521,626.56,649.85,557.812,589.172,673.429
2666,0.740555556,303.043,525.122,316.521,626.56,649.85,557.812,589.172,673.429
2667,0.740833333,303.07,525.218,316.537,626.493,649.903,557.894,589.247,673.462
2668,0.741111111,303.07,525.218,316.537,626.493,649.903,557.894,589.247,673.462
2669,0.741388889,303.07,525.218,316.537,626.493,649.903,557.894,589.247,673.462
2670,0.741666667,303.07,525.218,316.537,626.493,649.903,557.894,589.247,673.462
2671,0.741944444,303.08,525.286,316.53,626.324,649.933,557.962,589.304,673.466
2672,0.742222222,303.08,525.286,316.53,626.324,649.933,557.962,589.304,673.466
2673,0.7425,303.08,525.286,316.53,626.324,649.933,557.962,589.304,673.466
2674,0.742777778,303.101,525.368,316.557,626.221,649.975,558.043,589.37,673.491
2675,0.743055556,303.101,525.368,316.557,626.221,649.975,558.043,589.37,673.491
2676,0.743333333,303.101,525.368,316.557,626.221,649.975,558.043,589.37,673.491
2677,0.743611111,303.101,525.368,316.557,626.221,649.975,558.043,589.37,673.491
2678,0.743888889,303.11,525.458,316.553,626.053,650.002,558.113,589.441,673.492
2679,0.744166667,303.11,525.458,316.553,626.053,650.002,558.113,589.441,673.492
2680,0.744444444,303.11,525.458,316.553,626.053,650.002,558.113,589.441,673.492
2681,0.744722222,303.134,525.543,316.559,626.033,650.019,558.194,589.514,673.5
2682,0.745,303.134,525.543,316.559,626.033,650.019,558.194,589.514,673.5
2683,0.745277778,303.134,525.543,316.559,626.033,650.019,558.194,589.514,673.5
2684,0.745555556,303.134,525.543,316.559,626.033,650.019,558.194,589.514,673.5
2685,0.745833333,303.144,525.618,316.566,626.084,650.052,558.256,589.578,673.519
2686,0.746111111,303.144,525.618,316.566,626.084,650.052,558.256,589.578,673.519
2687,0.746388889,303.144,525.618,316.566,626.084,650.052,558.256,589.578,673.519
2688,0.746666667,303.168,525.71,316.557,626.226,650.069,558.334,589.635,673.496
2689,0.746944444,303.168,525.71,316.557,626.226,650.069,558.334,589.635,673.496
2690,0.747222222,303.168,525.71,316.557,626.226,650.069,558.334,589.635,673.496
2691,0.7475,303.187,525.8,316.562,626.244,650.082,558.4,589.708,673.531
2692,0.747777778,303.187,525.8,316.562,626.244,650.082,558.4,589.708,673.531
2693,0.748055556,303.187,525.8,316.562,626.244,650.082,558.4,589.708,673.531
2694,0.748333333,303.187,525.8,316.562,626.244,650.082,558.4,589.708,673.531
2695,0.748611111,303.191,525.875,316.564,626.333,650.101,558.483,589.772,673.506
2696,0.748888889,303.191,525.875,316.564,626.333,650.101,558.483,589.772,673.506
2697,0.749166667,303.191,525.875,316.564,626.333,650.101,558.483,589.772,673.506
2698,0.749444444,303.223,525.961,316.576,626.402,650.121,558.551,589.814,673.509
2699,0.749722222,303.223,525.961,316.576,626.402,650.121,558.551,589.814,673.509
2700,0.75,303.223,525.961,316.576,626.402,650.121,558.551,589.814,673.509
2701,0.750277778,303.223,525.961,316.576,626.402,650.121,558.551,589.814,673.509
2702,0.750555556,303.239,526.045,316.568,626.551,650.139,558.624,589.886,673.534
2703,0.750833333,303.239,526.045,316.568,626.551,650.139,558.624,589.886,673.534
2704,0.751111111,303.239,526.045,316.568,626.551,650.139,558.624,589.886,673.534
2705,0.751388889,303.252,526.121,316.56,626.596,650.162,558.679,589.944,673.528
2706,0.751666667,303.252,526.121,316.56,626.596,650.162,558.679,589.944,673.528
2707,0.751944444,303.252,526.121,316.56,626.596,650.162,558.679,589.944,673.528
2708,0.752222222,303.252,526.121,316.56,626.596,650.162,558.679,589.944,673.528
2709,0.7525,303.27,526.196,316.558,626.652,650.173,558.747,590.002,673.544
2710,0.752777778,303.27,526.196,316.558,626.652,650.173,558.747,590.002,673.544
2711,0.753055556,303.27,526.196,316.558,626.652,650.173,558.747,590.002,673.544
2712,0.753333333,303.287,526.271,316.557,626.72,650.194,558.821,590.05,673.559
2713,0.753611111,303.287,526.271,316.557,626.72,650.194,558.821,590.05,673.559
2714,0.753888889,303.287,526.271,316.557,626.72,650.194,558.821,590.05,673.559
2715,0.754166667,303.287,526.271,316.557,626.72,650.194,558.821,590.05,673.559
2716,0.754444444,303.306,526.355,316.572,626.659,650.236,558.873,590.119,673.604
2717,0.754722222,303.306,526.355,316.572,626.659,650.236,558.873,590.119,673.604
2718,0.755,303.306,526.355,316.572,626.659,650.236,558.873,590.119,673.604
2719,0.755277778,303.315,526.417,316.545,626.544,650.234,558.929,590.156,673.605
2720,0.755555556,303.315,526.417,316.545,626.544,650.234,558.929,590.156,673.605
2721,0.755833333,303.315,526.417,316.545,626.544,650.234,558.929,590.156,673.605
2722,0.756111111,303.315,526.417,316.545,626.544,650.234,558.929,590.156,673.605
2723,0.756388889,303.336,526.485,316.556,626.436,650.286,558.999,590.205,673.634
2724,0.756666667,303.336,526.485,316.556,626.436,650.286,558.999,590.205,673.634
2725,0.756944444,303.336,526.485,316.556,626.436,650.286,558.999,590.205,673.634
2726,0.757222222,303.359,526.562,316.573,626.534,650.327,559.081,590.277,673.678
2727,0.7575,303.359,526.562,316.573,626.534,650.327,559.081,590.277,673.678
2728,0.757777778,303.359,526.562,316.573,626.534,650.327,559.081,590.277,673.678
2729,0.758055556,303.359,526.562,316.573,626.534,650.327,559.081,590.277,673.678
2730,0.758333333,303.366,526.62,316.56,626.436,650.333,559.11,590.305,673.671
2731,0.758611111,303.366,526.62,316.56,626.436,650.333,559.11,590.305,673.671
2732,0.758888889,303.366,526.62,316.56,626.436,650.333,559.11,590.305,673.671
2733,0.759166667,303.394,526.694,316.571,626.336,650.366,559.2,590.38,673.726
2734,0.759444444,303.394,526.694,316.571,626.336,650.366,559.2,590.38,673.726
2735,0.759722222,303.394,526.694,316.571,626.336,650.366,559.2,590.38,673.726
2736,0.76,303.394,526.694,316.571,626.336,650.366,559.2,590.38,673.726
2737,0.760277778,303.411,526.779,316.583,626.349,650.403,559.26,590.444,673.774
2738,0.760555556,303.411,526.779,316.583,626.349,650.403,559.26,590.444,673.774
2739,0.760833333,303.411,526.779,316.583,626.349,650.403,559.26,590.444,673.774
2740,0.761111111,303.427,526.86,316.577,626.33,650.436,559.324,590.493,673.807
2741,0.761388889,303.427,526.86,316.577,626.33,650.436,559.324,590.493,673.807
2742,0.761666667,303.427,526.86,316.577,626.33,650.436,559.324,590.493,673.807
2743,0.761944444,303.427,526.86,316.577,626.33,650.436,559.324,590.493,673.807
2744,0.762222222,303.447,526.93,316.585,626.381,650.478,559.389,590.544,673.845
2745,0.7625,303.447,526.93,316.585,626.381,650.478,559.389,590.544,673.845
2746,0.762777778,303.447,526.93,316.585,626.381,650.478,559.389,590.544,673.845
2747,0.763055556,303.463,527.013,316.581,626.477,650.501,559.445,590.592,673.874
2748,0.763333333,303.463,527.013,316.581,626.477,650.501,559.445,590.592,673.874
2749,0.763611111,303.463,527.013,316.581,626.477,650.501,559.445,590.592,673.874
2750,0.763888889,303.463,527.013,316.581,626.477,650.501,559.445,590.592,673.874
2751,0.764166667,303.482,527.097,316.587,626.356,650.542,559.505,590.664,673.904
2752,0.764444444,303.482,527.097,316.587,626.356,650.542,559.505,590.664,673.904
2753,0.764722222,303.482,527.097,316.587,626.356,650.542,559.505,590.664,673.904
2754,0.765,303.498,527.163,316.577,626.189,650.573,559.571,590.704,673.932
2755,0.765277778,303.498,527.163,316.577,626.189,650.573,559.571,590.704,673.932
2756,0.765555556,303.498,527.163,316.577,626.189,650.573,559.571,590.704,673.932
2757,0.765833333,303.498,527.163,316.577,626.189,650.573,559.571,590.704,673.932
2758,0.766111111,303.509,527.239,316.584,626.131,650.61,559.633,590.759,673.965
2759,0.766388889,303.509,527.239,316.584,626.131,650.61,559.633,590.759,673.965
2760,0.766666667,303.509,527.239,316.584,626.131,650.61,559.633,590.759,673.965
2761,0.766944444,303.52,527.321,316.571,626.153,650.643,559.699,590.821,673.978
2762,0.767222222,303.52,527.321,316.571,626.153,650.643,559.699,590.821,673.978
2763,0.7675,303.52,527.321,316.571,626.153,650.643,559.699,590.821,673.978
2764,0.767777778,303.52,527.321,316.571,626.153,650.643,559.699,590.821,673.978
2765,0.768055556,303.536,527.394,316.571,626.208,650.661,559.764,590.882,673.985
2766,0.768333333,303.536,527.394,316.571,626.208,650.661,559.764,590.882,673.985
2767,0.768611111,303.536,527.394,316.571,626.208,650.661,559.764,590.882,673.985
2768,0.768888889,303.545,527.458,316.581,626.253,650.683,559.815,590.929,673.979
2769,0.769166667,303.545,527.458,316.581,626.253,650.683,559.815,590.929,673.979
2770,0.769444444,303.545,527.458,316.581,626.253,650.683,559.815,590.929,673.979
2771,0.769722222,303.545,527.458,316.581,626.253,650.683,559.815,590.929,673.979
2772,0.77,303.565,527.541,316.575,626.307,650.697,559.876,590.975,673.993
2773,0.770277778,303.565,527.541,316.575,626.307,650.697,559.876,590.975,673.993
2774,0.770555556,303.565,527.541,316.575,626.307,650.697,559.876,590.975,673.993
2775,0.770833333,303.59,527.627,316.584,626.36,650.713,559.963,591.048,673.981
2776,0.771111111,303.59,527.627,316.584,626.36,650.713,559.963,591.048,673.981
2777,0.771388889,303.59,527.627,316.584,626.36,650.713,559.963,591.048,673.981
2778,0.771666667,303.609,527.687,316.588,626.54,650.73,560.021,591.09,673.976
2779,0.771944444,303.609,527.687,316.588,626.54,650.73,560.021,591.09,673.976
2780,0.772222222,303.609,527.687,316.588,626.54,650.73,560.021,591.09,673.976
2781,0.7725,303.609,527.687,316.588,626.54,650.73,560.021,591.09,673.976
2782,0.772777778,303.618,527.76,316.582,626.829,650.743,560.07,591.153,673.972
2783,0.773055556,303.618,527.76,316.582,626.829,650.743,560.07,591.153,673.972
2784,0.773333333,303.618,527.76,316.582,626.829,650.743,560.07,591.153,673.972
2785,0.773611111,303.63,527.843,316.586,626.623,650.753,560.122,591.211,673.992
2786,0.773888889,303.63,527.843,316.586,626.623,650.753,560.122,591.211,673.992
2787,0.774166667,303.63,527.843,316.586,626.623,650.753,560.122,591.211,673.992
2788,0.774444444,303.63,527.843,316.586,626.623,650.753,560.122,591.211,673.992
2789,0.774722222,303.649,527.924,316.6,626.569,650.768,560.193,591.255,674
2790,0.775,303.649,527.924,316.6,626.569,650.768,560.193,591.255,674
2791,0.775277778,303.649,527.924,316.6,626.569,650.768,560.193,591.255,674
2792,0.775555556,303.676,527.971,316.603,626.445,650.783,560.263,591.285,674.005
2793,0.775833333,303.676,527.971,316.603,626.445,650.783,560.263,591.285,674.005
2794,0.776111111,303.676,527.971,316.603,626.445,650.783,560.263,591.285,674.005
2795,0.776388889,303.676,527.971,316.603,626.445,650.783,560.263,591.285,674.005
2796,0.776666667,303.687,528.045,316.607,626.417,650.806,560.326,591.353,674.022
2797,0.776944444,303.687,528.045,316.607,626.417,650.806,560.326,591.353,674.022
2798,0.777222222,303.687,528.045,316.607,626.417,650.806,560.326,591.353,674.022
2799,0.7775,303.705,528.112,316.614,626.454,650.823,560.373,591.408,674.026
2800,0.777777778,303.705,528.112,316.614,626.454,650.823,560.373,591.408,674.026
2801,0.778055556,303.705,528.112,316.614,626.454,650.823,560.373,591.408,674.026
2802,0.778333333,303.705,528.112,316.614,626.454,650.823,560.373,591.408,674.026
2803,0.778611111,303.712,528.191,316.612,626.324,650.829,560.436,591.435,674.018
2804,0.778888889,303.712,528.191,316.612,626.324,650.829,560.436,591.435,674.018
2805,0.779166667,303.712,528.191,316.612,626.324,650.829,560.436,591.435,674.018
2806,0.779444444,303.736,528.256,316.621,626.209,650.844,560.492,591.488,674.022
2807,0.779722222,303.736,528.256,316.621,626.209,650.844,560.492,591.488,674.022
2808,0.78,303.736,528.256,316.621,626.209,650.844,560.492,591.488,674.022
2809,0.780277778,303.736,528.256,316.621,626.209,650.844,560.492,591.488,674.022
2810,0.780555556,303.756,528.34,316.632,626.007,650.86,560.552,591.549,674.053
2811,0.780833333,303.756,528.34,316.632,626.007,650.86,560.552,591.549,674.053
2812,0.781111111,303.756,528.34,316.632,626.007,650.86,560.552,591.549,674.053
2813,0.781388889,303.767,528.413,316.636,625.925,650.864,560.608,591.592,674.05
2814,0.781666667,303.767,528.413,316.636,625.925,650.864,560.608,591.592,674.05
2815,0.781944444,303.767,528.413,316.636,625.925,650.864,560.608,591.592,674.05
2816,0.782222222,303.767,528.413,316.636,625.925,650.864,560.608,591.592,674.05
2817,0.7825,303.796,528.493,316.649,626.087,650.892,560.679,591.648,674.054
2818,0.782777778,303.796,528.493,316.649,626.087,650.892,560.679,591.648,674.054
2819,0.783055556,303.796,528.493,316.649,626.087,650.892,560.679,591.648,674.054
2820,0.783333333,303.809,528.555,316.654,626.195,650.897,560.729,591.715,674.057
2821,0.783611111,303.809,528.555,316.654,626.195,650.897,560.729,591.715,674.057
2822,0.783888889,303.809,528.555,316.654,626.195,650.897,560.729,591.715,674.057
2823,0.784166667,303.809,528.555,316.654,626.195,650.897,560.729,591.715,674.057
2824,0.784444444,303.817,528.622,316.647,626.044,650.891,560.774,591.751,674.049
2825,0.784722222,303.817,528.622,316.647,626.044,650.891,560.774,591.751,674.049
2826,0.785,303.817,528.622,316.647,626.044,650.891,560.774,591.751,674.049
2827,0.785277778,303.842,528.688,316.663,626.032,650.903,560.833,591.796,674.028
2828,0.785555556,303.842,528.688,316.663,626.032,650.903,560.833,591.796,674.028
2829,0.785833333,303.842,528.688,316.663,626.032,650.903,560.833,591.796,674.028
2830,0.786111111,303.842,528.688,316.663,626.032,650.903,560.833,591.796,674.028
2831,0.786388889,303.843,528.737,316.671,626.037,650.906,560.882,591.834,674.019
2832,0.786666667,303.843,528.737,316.671,626.037,650.906,560.882,591.834,674.019
2833,0.786944444,303.843,528.737,316.671,626.037,650.906,560.882,591.834,674.019
2834,0.787222222,303.863,528.802,316.663,625.932,650.909,560.937,591.89,674.009
2835,0.7875,303.863,528.802,316.663,625.932,650.909,560.937,591.89,674.009
2836,0.787777778,303.863,528.802,316.663,625.932,650.909,560.937,591.89,674.009
2837,0.788055556,303.863,528.802,316.663,625.932,650.909,560.937,591.89,674.009
2838,0.788333333,303.89,528.857,316.671,625.97,650.911,560.989,591.918,673.999
2839,0.788611111,303.89,528.857,316.671,625.97,650.911,560.989,591.918,673.999
2840,0.788888889,303.89,528.857,316.671,625.97,650.911,560.989,591.918,673.999
2841,0.789166667,303.913,528.929,316.68,625.894,650.919,561.054,591.977,674.001
2842,0.789444444,303.913,528.929,316.68,625.894,650.919,561.054,591.977,674.001
2843,0.789722222,303.913,528.929,316.68,625.894,650.919,561.054,591.977,674.001
2844,0.79,303.913,528.929,316.68,625.894,650.919,561.054,591.977,674.001
2845,0.790277778,303.93,528.995,316.681,625.899,650.92,561.108,592.016,673.98
2846,0.790555556,303.93,528.995,316.681,625.899,650.92,561.108,592.016,673.98
2847,0.790833333,303.93,528.995,316.681,625.899,650.92,561.108,592.016,673.98
2848,0.791111111,303.926,529.046,316.678,625.83,650.906,561.157,592.038,673.978
2849,0.791388889,303.926,529.046,316.678,625.83,650.906,561.157,592.038,673.978
2850,0.791666667,303.926,529.046,316.678,625.83,650.906,561.157,592.038,673.978
2851,0.791944444,303.926,529.046,316.678,625.83,650.906,561.157,592.038,673.978
2852,0.792222222,303.943,529.129,316.677,626.057,650.913,561.207,592.08,673.974
2853,0.7925,303.943,529.129,316.677,626.057,650.913,561.207,592.08,673.974
2854,0.792777778,303.943,529.129,316.677,626.057,650.913,561.207,592.08,673.974
2855,0.793055556,303.973,529.195,316.665,626.134,650.927,561.26,592.136,673.971
2856,0.793333333,303.973,529.195,316.665,626.134,650.927,561.26,592.136,673.971
2857,0.793611111,303.973,529.195,316.665,626.134,650.927,561.26,592.136,673.971
2858,0.793888889,303.973,529.195,316.665,626.134,650.927,561.26,592.136,673.971
2859,0.794166667,303.977,529.276,316.664,625.971,650.924,561.302,592.165,673.981
2860,0.794444444,303.977,529.276,316.664,625.971,650.924,561.302,592.165,673.981
2861,0.794722222,303.977,529.276,316.664,625.971,650.924,561.302,592.165,673.981
2862,0.795,303.998,529.326,316.654,625.781,650.918,561.353,592.214,673.986
2863,0.795277778,303.998,529.326,316.654,625.781,650.918,561.353,592.214,673.986
2864,0.795555556,303.998,529.326,316.654,625.781,650.918,561.353,592.214,673.986
2865,0.795833333,303.998,529.326,316.654,625.781,650.918,561.353,592.214,673.986
2866,0.796111111,304.012,529.38,316.658,625.583,650.926,561.414,592.247,673.974
2867,0.796388889,304.012,529.38,316.658,625.583,650.926,561.414,592.247,673.974
2868,0.796666667,304.012,529.38,316.658,625.583,650.926,561.414,592.247,673.974
2869,0.796944444,304.032,529.452,316.643,625.548,650.948,561.46,592.278,673.975
2870,0.797222222,304.032,529.452,316.643,625.548,650.948,561.46,592.278,673.975
2871,0.7975,304.032,529.452,316.643,625.548,650.948,561.46,592.278,673.975
2872,0.797777778,304.032,529.452,316.643,625.548,650.948,561.46,592.278,673.975
2873,0.798055556,304.05,529.525,316.647,625.647,650.954,561.512,592.324,673.982
2874,0.798333333,304.05,529.525,316.647,625.647,650.954,561.512,592.324,673.982
2875,0.798611111,304.05,529.525,316.647,625.647,650.954,561.512,592.324,673.982
2876,0.798888889,304.061,529.577,316.636,625.73,650.94,561.556,592.356,673.944
2877,0.799166667,304.061,529.577,316.636,625.73,650.94,561.556,592.356,673.944
2878,0.799444444,304.061,529.577,316.636,625.73,650.94,561.556,592.356,673.944
2879,0.799722222,304.061,529.577,316.636,625.73,650.94,561.556,592.356,673.944
2880,0.8,304.079,529.64,316.624,625.843,650.941,561.603,592.391,673.938
2881,0.800277778,304.079,529.64,316.624,625.843,650.941,561.603,592.391,673.938
2882,0.800555556,304.079,529.64,316.624,625.843,650.941,561.603,592.391,673.938
2883,0.800833333,304.089,529.708,316.629,625.685,650.939,561.665,592.43,673.932
2884,0.801111111,304.089,529.708,316.629,625.685,650.939,561.665,592.43,673.932
2885,0.801388889,304.089,529.708,316.629,625.685,650.939,561.665,592.43,673.932
2886,0.801666667,304.089,529.708,316.629,625.685,650.939,561.665,592.43,673.932
2887,0.801944444,304.101,529.753,316.604,625.541,650.938,561.705,592.466,673.923
2888,0.802222222,304.101,529.753,316.604,625.541,650.938,561.705,592.466,673.923
2889,0.8025,304.101,529.753,316.604,625.541,650.938,561.705,592.466,673.923
2890,0.802777778,304.123,529.843,316.597,625.535,650.944,561.753,592.517,673.942
2891,0.803055556,304.123,529.843,316.597,625.535,650.944,561.753,592.517,673.942
2892,0.803333333,304.123,529.843,316.597,625.535,650.944,561.753,592.517,673.942
2893,0.803611111,304.132,529.879,316.585,625.73,650.953,561.79,592.546,673.931
2894,0.803888889,304.132,529.879,316.585,625.73,650.953,561.79,592.546,673.931
2895,0.804166667,304.132,529.879,316.585,625.73,650.953,561.79,592.546,673.931
2896,0.804444444,304.132,529.879,316.585,625.73,650.953,561.79,592.546,673.931
2897,0.804722222,304.15,529.945,316.583,625.785,650.956,561.848,592.563,673.939
2898,0.805,304.15,529.945,316.583,625.785,650.956,561.848,592.563,673.939
2899,0.805277778,304.15,529.945,316.583,625.785,650.956,561.848,592.563,673.939
2900,0.805555556,304.167,530.013,316.578,625.778,650.967,561.893,592.619,673.961
2901,0.805833333,304.167,530.013,316.578,625.778,650.967,561.893,592.619,673.961
2902,0.806111111,304.167,530.013,316.578,625.778,650.967,561.893,592.619,673.961
2903,0.806388889,304.167,530.013,316.578,625.778,650.967,561.893,592.619,673.961
2904,0.806666667,304.174,530.075,316.563,625.836,650.979,561.942,592.643,673.966
2905,0.806944444,304.174,530.075,316.563,625.836,650.979,561.942,592.643,673.966
2906,0.807222222,304.174,530.075,316.563,625.836,650.979,561.942,592.643,673.966
2907,0.8075,304.174,530.075,316.563,625.836,650.979,561.942,592.643,673.966
2908,0.807777778,304.193,530.152,316.561,626.125,650.989,561.997,592.684,673.982
2909,0.808055556,304.193,530.152,316.561,626.125,650.989,561.997,592.684,673.982
2910,0.808333333,304.193,530.152,316.561,626.125,650.989,561.997,592.684,673.982
2911,0.808611111,304.2,530.206,316.532,626.258,651.004,562.013,592.7,674.006
2912,0.808888889,304.2,530.206,316.532,626.258,651.004,562.013,592.7,674.006
2913,0.809166667,304.2,530.206,316.532,626.258,651.004,562.013,592.7,674.006
2914,0.809444444,304.216,530.253,316.529,626.15,651.02,562.076,592.745,674.045
2915,0.809722222,304.216,530.253,316.529,626.15,651.02,562.076,592.745,674.045
2916,0.81,304.216,530.253,316.529,626.15,651.02,562.076,592.745,674.045
2917,0.810277778,304.216,530.253,316.529,626.15,651.02,562.076,592.745,674.045
2918,0.810555556,304.231,530.34,316.521,626.216,651.058,562.125,592.784,674.087
2919,0.810833333,304.231,530.34,316.521,626.216,651.058,562.125,592.784,674.087
2920,0.811111111,304.231,530.34,316.521,626.216,651.058,562.125,592.784,674.087
2921,0.811388889,304.231,530.34,316.521,626.216,651.058,562.125,592.784,674.087
2922,0.811666667,304.241,530.386,316.519,626.183,651.088,562.157,592.836,674.145
2923,0.811944444,304.241,530.386,316.519,626.183,651.088,562.157,592.836,674.145
2924,0.812222222,304.241,530.386,316.519,626.183,651.088,562.157,592.836,674.145
2925,0.8125,304.274,530.458,316.494,625.965,651.127,562.226,592.86,674.173
2926,0.812777778,304.274,530.458,316.494,625.965,651.127,562.226,592.86,674.173
2927,0.813055556,304.274,530.458,316.494,625.965,651.127,562.226,592.86,674.173
2928,0.813333333,304.284,530.52,316.484,625.796,651.156,562.281,592.915,674.194
2929,0.813611111,304.284,530.52,316.484,625.796,651.156,562.281,592.915,674.194
2930,0.813888889,304.284,530.52,316.484,625.796,651.156,562.281,592.915,674.194
2931,0.814166667,304.284,530.52,316.484,625.796,651.156,562.281,592.915,674.194
2932,0.814444444,304.295,530.588,316.48,625.592,651.175,562.32,592.949,674.185
2933,0.814722222,304.295,530.588,316.48,625.592,651.175,562.32,592.949,674.185
2934,0.815,304.295,530.588,316.48,625.592,651.175,562.32,592.949,674.185
2935,0.815277778,304.302,530.643,316.486,625.446,651.19,562.362,592.996,674.18
2936,0.815555556,304.302,530.643,316.486,625.446,651.19,562.362,592.996,674.18
2937,0.815833333,304.302,530.643,316.486,625.446,651.19,562.362,592.996,674.18
2938,0.816111111,304.302,530.643,316.486,625.446,651.19,562.362,592.996,674.18
2939,0.816388889,304.32,530.684,316.49,625.364,651.216,562.435,593.021,674.188
2940,0.816666667,304.32,530.684,316.49,625.364,651.216,562.435,593.021,674.188
2941,0.816944444,304.32,530.684,316.49,625.364,651.216,562.435,593.021,674.188
2942,0.817222222,304.333,530.732,316.491,625.379,651.234,562.481,593.073,674.164
2943,0.8175,304.333,530.732,316.491,625.379,651.234,562.481,593.073,674.164
2944,0.817777778,304.333,530.732,316.491,625.379,651.234,562.481,593.073,674.164
2945,0.818055556,304.333,530.732,316.491,625.379,651.234,562.481,593.073,674.164
2946,0.818333333,304.35,530.792,316.481,625.518,651.232,562.517,593.128,674.15
2947,0.818611111,304.35,530.792,316.481,625.518,651.232,562.517,593.128,674.15
2948,0.818888889,304.35,530.792,316.481,625.518,651.232,562.517,593.128,674.15
2949,0.819166667,304.362,530.855,316.492,625.615,651.224,562.577,593.166,674.138
2950,0.819444444,304.362,530.855,316.492,625.615,651.224,562.577,593.166,674.138
2951,0.819722222,304.362,530.855,316.492,625.615,651.224,562.577,593.166,674.138
2952,0.82,304.362,530.855,316.492,625.615,651.224,562.577,593.166,674.138
2953,0.820277778,304.367,530.897,316.496,625.686,651.227,562.619,593.201,674.143
2954,0.820555556,304.367,530.897,316.496,625.686,651.227,562.619,593.201,674.143
2955,0.820833333,304.367,530.897,316.496,625.686,651.227,562.619,593.201,674.143
2956,0.821111111,304.388,530.958,316.514,625.81,651.241,562.681,593.24,674.162
2957,0.821388889,304.388,530.958,316.514,625.81,651.241,562.681,593.24,674.162
2958,0.821666667,304.388,530.958,316.514,625.81,651.241,562.681,593.24,674.162
2959,0.821944444,304.388,530.958,316.514,625.81,651.241,562.681,593.24,674.162
2960,0.822222222,304.408,530.989,316.52,625.973,651.247,562.718,593.262,674.175
2961,0.8225,304.408,530.989,316.52,625.973,651.247,562.718,593.262,674.175
2962,0.822777778,304.408,530.989,316.52,625.973,651.247,562.718,593.262,674.175
2963,0.823055556,304.418,531.049,316.524,626.322,651.276,562.77,593.315,674.218
2964,0.823333333,304.418,531.049,316.524,626.322,651.276,562.77,593.315,674.218
2965,0.823611111,304.418,531.049,316.524,626.322,651.276,562.77,593.315,674.218
2966,0.823888889,304.418,531.049,316.524,626.322,651.276,562.77,593.315,674.218
2967,0.824166667,304.427,531.135,316.52,626.599,651.303,562.818,593.354,674.284
2968,0.824444444,304.427,531.135,316.52,626.599,651.303,562.818,593.354,674.284
2969,0.824722222,304.427,531.135,316.52,626.599,651.303,562.818,593.354,674.284
2970,0.825,304.45,531.191,316.54,626.802,651.353,562.86,593.395,674.368
2971,0.825277778,304.45,531.191,316.54,626.802,651.353,562.86,593.395,674.368
2972,0.825555556,304.45,531.191,316.54,626.802,651.353,562.86,593.395,674.368
2973,0.825833333,304.45,531.191,316.54,626.802,651.353,562.86,593.395,674.368
2974,0.826111111,304.463,531.27,316.543,626.814,651.412,562.92,593.443,674.47
2975,0.826388889,304.463,531.27,316.543,626.814,651.412,562.92,593.443,674.47
2976,0.826666667,304.463,531.27,316.543,626.814,651.412,562.92,593.443,674.47
2977,0.826944444,304.491,531.317,316.539,626.866,651.478,562.966,593.48,674.561
2978,0.827222222,304.491,531.317,316.539,626.866,651.478,562.966,593.48,674.561
2979,0.8275,304.491,531.317,316.539,626.866,651.478,562.966,593.48,674.561
2980,0.827777778,304.491,531.317,316.539,626.866,651.478,562.966,593.48,674.561
2981,0.828055556,304.506,531.397,316.555,626.829,651.55,563.014,593.523,674.643
2982,0.828333333,304.506,531.397,316.555,626.829,651.55,563.014,593.523,674.643
2983,0.828611111,304.506,531.397,316.555,626.829,651.55,563.014,593.523,674.643
2984,0.828888889,304.519,531.449,316.552,626.737,651.612,563.06,593.567,674.733
2985,0.829166667,304.519,531.449,316.552,626.737,651.612,563.06,593.567,674.733
2986,0.829444444,304.519,531.449,316.552,626.737,651.612,563.06,593.567,674.733
2987,0.829722222,304.519,531.449,316.552,626.737,651.612,563.06,593.567,674.733
2988,0.83,304.528,531.501,316.566,626.654,651.68,563.11,593.611,674.802
2989,0.830277778,304.528,531.501,316.566,626.654,651.68,563.11,593.611,674.802
2990,0.830555556,304.528,531.501,316.566,626.654,651.68,563.11,593.611,674.802
2991,0.830833333,304.544,531.552,316.56,626.629,651.746,563.147,593.656,674.873
2992,0.831111111,304.544,531.552,316.56,626.629,651.746,563.147,593.656,674.873
2993,0.831388889,304.544,531.552,316.56,626.629,651.746,563.147,593.656,674.873
2994,0.831666667,304.544,531.552,316.56,626.629,651.746,563.147,593.656,674.873
2995,0.831944444,304.563,531.63,316.587,626.491,651.808,563.206,593.723,674.928
2996,0.832222222,304.563,531.63,316.587,626.491,651.808,563.206,593.723,674.928
2997,0.8325,304.563,531.63,316.587,626.491,651.808,563.206,593.723,674.928
2998,0.832777778,304.571,531.696,316.601,626.281,651.867,563.277,593.792,674.982
2999,0.833055556,304.571,531.696,316.601,626.281,651.867,563.277,593.792,674.982
3000,0.833333333,304.571,531.696,316.601,626.281,651.867,563.277,593.792,674.982
3001,0.833611111,304.571,531.696,316.601,626.281,651.867,563.277,593.792,674.982
3002,0.833888889,304.585,531.759,316.617,626.032,651.914,563.332,593.846,675.032
3003,0.834166667,304.585,531.759,316.617,626.032,651.914,563.332,593.846,675.032
3004,0.834444444,304.585,531.759,316.617,626.032,651.914,563.332,593.846,675.032
3005,0.834722222,304.604,531.796,316.609,625.914,651.969,563.381,593.883,675.047
3006,0.835,304.604,531.796,316.609,625.914,651.969,563.381,593.883,675.047
3007,0.835277778,304.604,531.796,316.609,625.914,651.969,563.381,593.883,675.047
3008,0.835555556,304.614,531.856,316.623,625.957,651.991,563.432,593.937,675.049
3009,0.835833333,304.614,531.856,316.623,625.957,651.991,563.432,593.937,675.049
3010,0.836111111,304.614,531.856,316.623,625.957,651.991,563.432,593.937,675.049
3011,0.836388889,304.614,531.856,316.623,625.957,651.991,563.432,593.937,675.049
3012,0.836666667,304.628,531.929,316.633,626.051,652.02,563.512,594.024,675.08
3013,0.836944444,304.628,531.929,316.633,626.051,652.02,563.512,594.024,675.08
3014,0.837222222,304.628,531.929,316.633,626.051,652.02,563.512,594.024,675.08
3015,0.8375,304.628,531.929,316.633,626.051,652.02,563.512,594.024,675.08
3016,0.837777778,304.635,531.996,316.632,626.145,652.03,563.556,594.049,675.04
3017,0.838055556,304.635,531.996,316.632,626.145,652.03,563.556,594.049,675.04
3018,0.838333333,304.635,531.996,316.632,626.145,652.03,563.556,594.049,675.04
3019,0.838611111,304.662,532.068,316.654,626.208,652.056,563.631,594.127,675.063
3020,0.838888889,304.662,532.068,316.654,626.208,652.056,563.631,594.127,675.063
3021,0.839166667,304.662,532.068,316.654,626.208,652.056,563.631,594.127,675.063
3022,0.839444444,304.662,532.068,316.654,626.208,652.056,563.631,594.127,675.063
3023,0.839722222,304.674,532.129,316.667,626.435,652.077,563.689,594.167,675.079
3024,0.84,304.674,532.129,316.667,626.435,652.077,563.689,594.167,675.079
3025,0.840277778,304.674,532.129,316.667,626.435,652.077,563.689,594.167,675.079
3026,0.840555556,304.695,532.192,316.686,626.566,652.09,563.744,594.233,675.101
3027,0.840833333,304.695,532.192,316.686,626.566,652.09,563.744,594.233,675.101
3028,0.841111111,304.695,532.192,316.686,626.566,652.09,563.744,594.233,675.101
3029,0.841388889,304.695,532.192,316.686,626.566,652.09,563.744,594.233,675.101
3030,0.841666667,304.715,532.25,316.693,626.75,652.115,563.807,594.279,675.102
3031,0.841944444,304.715,532.25,316.693,626.75,652.115,563.807,594.279,675.102
3032,0.842222222,304.715,532.25,316.693,626.75,652.115,563.807,594.279,675.102
3033,0.8425,304.72,532.295,316.709,626.809,652.132,563.859,594.329,675.138
3034,0.842777778,304.72,532.295,316.709,626.809,652.132,563.859,594.329,675.138
3035,0.843055556,304.72,532.295,316.709,626.809,652.132,563.859,594.329,675.138
3036,0.843333333,304.72,532.295,316.709,626.809,652.132,563.859,594.329,675.138
3037,0.843611111,304.746,532.341,316.73,626.93,652.157,563.918,594.372,675.161
3038,0.843888889,304.746,532.341,316.73,626.93,652.157,563.918,594.372,675.161
3039,0.844166667,304.746,532.341,316.73,626.93,652.157,563.918,594.372,675.161
3040,0.844444444,304.75,532.402,316.74,627.058,652.193,563.971,594.424,675.191
3041,0.844722222,304.75,532.402,316.74,627.058,652.193,563.971,594.424,675.191
3042,0.845,304.75,532.402,316.74,627.058,652.193,563.971,594.424,675.191
3043,0.845277778,304.773,532.488,316.758,627.257,652.221,564.032,594.471,675.261
3044,0.845555556,304.773,532.488,316.758,627.257,652.221,564.032,594.471,675.261
3045,0.845833333,304.773,532.488,316.758,627.257,652.221,564.032,594.471,675.261
3046,0.846111111,304.773,532.488,316.758,627.257,652.221,564.032,594.471,675.261
3047,0.846388889,304.794,532.535,316.775,627.375,652.271,564.084,594.512,675.333
3048,0.846666667,304.794,532.535,316.775,627.375,652.271,564.084,594.512,675.333
3049,0.846944444,304.794,532.535,316.775,627.375,652.271,564.084,594.512,675.333
3050,0.847222222,304.794,532.535,316.775,627.375,652.271,564.084,594.512,675.333
3051,0.8475,304.811,532.6,316.786,627.41,652.319,564.13,594.568,675.408
3052,0.847777778,304.811,532.6,316.786,627.41,652.319,564.13,594.568,675.408
3053,0.848055556,304.811,532.6,316.786,627.41,652.319,564.13,594.568,675.408
3054,0.848333333,304.824,532.675,316.812,627.397,652.382,564.187,594.614,675.49
3055,0.848611111,304.824,532.675,316.812,627.397,652.382,564.187,594.614,675.49
3056,0.848888889,304.824,532.675,316.812,627.397,652.382,564.187,594.614,675.49
3057,0.849166667,304.824,532.675,316.812,627.397,652.382,564.187,594.614,675.49
3058,0.849444444,304.843,532.747,316.822,627.434,652.442,564.248,594.665,675.561
3059,0.849722222,304.843,532.747,316.822,627.434,652.442,564.248,594.665,675.561
3060,0.85,304.843,532.747,316.822,627.434,652.442,564.248,594.665,675.561
3061,0.850277778,304.859,532.804,316.842,627.336,652.515,564.307,594.74,675.658
3062,0.850555556,304.859,532.804,316.842,627.336,652.515,564.307,594.74,675.658
3063,0.850833333,304.859,532.804,316.842,627.336,652.515,564.307,594.74,675.658
3064,0.851111111,304.867,532.864,316.864,627.232,652.565,564.36,594.769,675.727
3065,0.851388889,304.867,532.864,316.864,627.232,652.565,564.36,594.769,675.727
3066,0.851666667,304.867,532.864,316.864,627.232,652.565,564.36,594.769,675.727
3067,0.851944444,304.867,532.864,316.864,627.232,652.565,564.36,594.769,675.727
3068,0.852222222,304.897,532.948,316.885,627.215,652.625,564.413,594.822,675.788
3069,0.8525,304.897,532.948,316.885,627.215,652.625,564.413,594.822,675.788
3070,0.852777778,304.897,532.948,316.885,627.215,652.625,564.413,594.822,675.788
3071,0.853055556,304.909,533.014,316.901,627.272,652.689,564.464,594.894,675.842
3072,0.853333333,304.909,533.014,316.901,627.272,652.689,564.464,594.894,675.842
3073,0.853611111,304.909,533.014,316.901,627.272,652.689,564.464,594.894,675.842
3074,0.853888889,304.909,533.014,316.901,627.272,652.689,564.464,594.894,675.842
3075,0.854166667,304.923,533.084,316.928,627.395,652.739,564.535,594.955,675.871
3076,0.854444444,304.923,533.084,316.928,627.395,652.739,564.535,594.955,675.871
3077,0.854722222,304.923,533.084,316.928,627.395,652.739,564.535,594.955,675.871
3078,0.855,304.947,533.146,316.947,627.271,652.784,564.591,595,675.874
3079,0.855277778,304.947,533.146,316.947,627.271,652.784,564.591,595,675.874
3080,0.855555556,304.947,533.146,316.947,627.271,652.784,564.591,595,675.874
3081,0.855833333,304.947,533.146,316.947,627.271,652.784,564.591,595,675.874
3082,0.856111111,304.961,533.207,316.966,627.288,652.809,564.662,595.071,675.912
3083,0.856388889,304.961,533.207,316.966,627.288,652.809,564.662,595.071,675.912
3084,0.856666667,304.961,533.207,316.966,627.288,652.809,564.662,595.071,675.912
3085,0.856944444,304.965,533.243,316.963,627.272,652.833,564.704,595.105,675.878
3086,0.857222222,304.965,533.243,316.963,627.272,652.833,564.704,595.105,675.878
3087,0.8575,304.965,533.243,316.963,627.272,652.833,564.704,595.105,675.878
3088,0.857777778,304.965,533.243,316.963,627.272,652.833,564.704,595.105,675.878
3089,0.858055556,304.985,533.298,316.977,627.163,652.853,564.762,595.171,675.899
3090,0.858333333,304.985,533.298,316.977,627.163,652.853,564.762,595.171,675.899
3091,0.858611111,304.985,533.298,316.977,627.163,652.853,564.762,595.171,675.899
3092,0.858888889,305.005,533.377,316.993,627.114,652.885,564.837,595.224,675.902
3093,0.859166667,305.005,533.377,316.993,627.114,652.885,564.837,595.224,675.902
3094,0.859444444,305.005,533.377,316.993,627.114,652.885,564.837,595.224,675.902
3095,0.859722222,305.005,533.377,316.993,627.114,652.885,564.837,595.224,675.902
3096,0.86,305.024,533.438,317.02,627.245,652.906,564.893,595.282,675.917
3097,0.860277778,305.024,533.438,317.02,627.245,652.906,564.893,595.282,675.917
3098,0.860555556,305.024,533.438,317.02,627.245,652.906,564.893,595.282,675.917
3099,0.860833333,305.035,533.492,317.027,627.408,652.906,564.943,595.338,675.92
3100,0.861111111,305.035,533.492,317.027,627.408,652.906,564.943,595.338,675.92
3101,0.861388889,305.035,533.492,317.027,627.408,652.906,564.943,595.338,675.92
3102,0.861666667,305.035,533.492,317.027,627.408,652.906,564.943,595.338,675.92
3103,0.861944444,305.054,533.566,317.041,627.471,652.925,565.012,595.391,675.946
3104,0.862222222,305.054,533.566,317.041,627.471,652.925,565.012,595.391,675.946
3105,0.8625,305.054,533.566,317.041,627.471,652.925,565.012,595.391,675.946
3106,0.862777778,305.053,533.613,317.043,627.232,652.949,565.054,595.439,675.959
3107,0.863055556,305.053,533.613,317.043,627.232,652.949,565.054,595.439,675.959
3108,0.863333333,305.053,533.613,317.043,627.232,652.949,565.054,595.439,675.959
3109,0.863611111,305.053,533.613,317.043,627.232,652.949,565.054,595.439,675.959
3110,0.863888889,305.085,533.661,317.054,627.164,652.967,565.115,595.487,675.974
3111,0.864166667,305.085,533.661,317.054,627.164,652.967,565.115,595.487,675.974
3112,0.864444444,305.085,533.661,317.054,627.164,652.967,565.115,595.487,675.974
3113,0.864722222,305.092,533.732,317.059,626.939,652.973,565.17,595.531,675.958
3114,0.865,305.092,533.732,317.059,626.939,652.973,565.17,595.531,675.958
3115,0.865277778,305.092,533.732,317.059,626.939,652.973,565.17,595.531,675.958
3116,0.865555556,305.092,533.732,317.059,626.939,652.973,565.17,595.531,675.958
3117,0.865833333,305.123,533.791,317.085,626.851,653.002,565.216,595.584,675.979
3118,0.866111111,305.123,533.791,317.085,626.851,653.002,565.216,595.584,675.979
3119,0.866388889,305.123,533.791,317.085,626.851,653.002,565.216,595.584,675.979
3120,0.866666667,305.127,533.856,317.098,626.802,653.007,565.28,595.623,675.98
3121,0.866944444,305.127,533.856,317.098,626.802,653.007,565.28,595.623,675.98
3122,0.867222222,305.127,533.856,317.098,626.802,653.007,565.28,595.623,675.98
3123,0.8675,305.139,533.916,317.102,626.78,653.026,565.327,595.653,675.992
3124,0.867777778,305.139,533.916,317.102,626.78,653.026,565.327,595.653,675.992
3125,0.868055556,305.139,533.916,317.102,626.78,653.026,565.327,595.653,675.992
3126,0.868333333,305.139,533.916,317.102,626.78,653.026,565.327,595.653,675.992
3127,0.868611111,305.17,533.995,317.123,626.948,653.039,565.381,595.706,675.987
3128,0.868888889,305.17,533.995,317.123,626.948,653.039,565.381,595.706,675.987
3129,0.869166667,305.17,533.995,317.123,626.948,653.039,565.381,595.706,675.987
3130,0.869444444,305.183,534.034,317.128,626.984,653.055,565.432,595.741,675.981
3131,0.869722222,305.183,534.034,317.128,626.984,653.055,565.432,595.741,675.981
3132,0.87,305.183,534.034,317.128,626.984,653.055,565.432,595.741,675.981
3133,0.870277778,305.183,534.034,317.128,626.984,653.055,565.432,595.741,675.981
3134,0.870555556,305.191,534.107,317.134,626.791,653.055,565.492,595.799,675.988
3135,0.870833333,305.191,534.107,317.134,626.791,653.055,565.492,595.799,675.988
3136,0.871111111,305.191,534.107,317.134,626.791,653.055,565.492,595.799,675.988
3137,0.871388889,305.204,534.161,317.154,626.665,653.061,565.535,595.834,675.986
3138,0.871666667,305.204,534.161,317.154,626.665,653.061,565.535,595.834,675.986
3139,0.871944444,305.204,534.161,317.154,626.665,653.061,565.535,595.834,675.986
3140,0.872222222,305.204,534.161,317.154,626.665,653.061,565.535,595.834,675.986
3141,0.8725,305.227,534.209,317.169,626.697,653.074,565.577,595.89,675.98
3142,0.872777778,305.227,534.209,317.169,626.697,653.074,565.577,595.89,675.98
3143,0.873055556,305.227,534.209,317.169,626.697,653.074,565.577,595.89,675.98
3144,0.873333333,305.25,534.28,317.174,626.663,653.072,565.637,595.915,675.977
3145,0.873611111,305.25,534.28,317.174,626.663,653.072,565.637,595.915,675.977
3146,0.873888889,305.25,534.28,317.174,626.663,653.072,565.637,595.915,675.977
3147,0.874166667,305.25,534.28,317.174,626.663,653.072,565.637,595.915,675.977
3148,0.874444444,305.257,534.341,317.183,626.722,653.091,565.676,595.962,675.969
3149,0.874722222,305.257,534.341,317.183,626.722,653.091,565.676,595.962,675.969
3150,0.875,305.257,534.341,317.183,626.722,653.091,565.676,595.962,675.969
3151,0.875277778,305.272,534.401,317.19,626.817,653.076,565.72,595.991,675.946
3152,0.875555556,305.272,534.401,317.19,626.817,653.076,565.72,595.991,675.946
3153,0.875833333,305.272,534.401,317.19,626.817,653.076,565.72,595.991,675.946
3154,0.876111111,305.272,534.401,317.19,626.817,653.076,565.72,595.991,675.946
3155,0.876388889,305.294,534.469,317.214,626.874,653.083,565.775,596.036,675.949
3156,0.876666667,305.294,534.469,317.214,626.874,653.083,565.775,596.036,675.949
3157,0.876944444,305.294,534.469,317.214,626.874,653.083,565.775,596.036,675.949
3158,0.877222222,305.31,534.521,317.226,626.923,653.087,565.826,596.066,675.945
3159,0.8775,305.31,534.521,317.226,626.923,653.087,565.826,596.066,675.945
3160,0.877777778,305.31,534.521,317.226,626.923,653.087,565.826,596.066,675.945
3161,0.878055556,305.31,534.521,317.226,626.923,653.087,565.826,596.066,675.945
3162,0.878333333,305.335,534.574,317.243,626.994,653.095,565.866,596.106,675.942
3163,0.878611111,305.335,534.574,317.243,626.994,653.095,565.866,596.106,675.942
3164,0.878888889,305.335,534.574,317.243,626.994,653.095,565.866,596.106,675.942
3165,0.879166667,305.341,534.64,317.25,627.15,653.104,565.912,596.153,675.949
3166,0.879444444,305.341,534.64,317.25,627.15,653.104,565.912,596.153,675.949
3167,0.879722222,305.341,534.64,317.25,627.15,653.104,565.912,596.153,675.949
3168,0.88,305.341,534.64,317.25,627.15,653.104,565.912,596.153,675.949
3169,0.880277778,305.356,534.687,317.261,627.297,653.102,565.934,596.184,675.955
3170,0.880555556,305.356,534.687,317.261,627.297,653.102,565.934,596.184,675.955
3171,0.880833333,305.356,534.687,317.261,627.297,653.102,565.934,596.184,675.955
3172,0.881111111,305.389,534.752,317.279,627.316,653.123,565.994,596.222,675.971
3173,0.881388889,305.389,534.752,317.279,627.316,653.123,565.994,596.222,675.971
3174,0.881666667,305.389,534.752,317.279,627.316,653.123,565.994,596.222,675.971
3175,0.881944444,305.389,534.752,317.279,627.316,653.123,565.994,596.222,675.971
3176,0.882222222,305.391,534.795,317.281,627.308,653.118,566.026,596.243,675.97
3177,0.8825,305.391,534.795,317.281,627.308,653.118,566.026,596.243,675.97
3178,0.882777778,305.391,534.795,317.281,627.308,653.118,566.026,596.243,675.97
3179,0.883055556,305.418,534.852,317.286,627.375,653.132,566.073,596.277,675.977
3180,0.883333333,305.418,534.852,317.286,627.375,653.132,566.073,596.277,675.977
3181,0.883611111,305.418,534.852,317.286,627.375,653.132,566.073,596.277,675.977
3182,0.883888889,305.418,534.852,317.286,627.375,653.132,566.073,596.277,675.977
3183,0.884166667,305.427,534.918,317.31,627.326,653.147,566.126,596.316,675.979
3184,0.884444444,305.427,534.918,317.31,627.326,653.147,566.126,596.316,675.979
3185,0.884722222,305.427,534.918,317.31,627.326,653.147,566.126,596.316,675.979
3186,0.885,305.446,534.946,317.319,627.14,653.157,566.164,596.336,675.987
3187,0.885277778,305.446,534.946,317.319,627.14,653.157,566.164,596.336,675.987
3188,0.885555556,305.446,534.946,317.319,627.14,653.157,566.164,596.336,675.987
3189,0.885833333,305.446,534.946,317.319,627.14,653.157,566.164,596.336,675.987
3190,0.886111111,305.469,535.018,317.34,627.054,653.183,566.211,596.391,676.009
3191,0.886388889,305.469,535.018,317.34,627.054,653.183,566.211,596.391,676.009
3192,0.886666667,305.469,535.018,317.34,627.054,653.183,566.211,596.391,676.009
3193,0.886944444,305.474,535.057,317.329,627.101,653.174,566.236,596.417,676.006
3194,0.887222222,305.474,535.057,317.329,627.101,653.174,566.236,596.417,676.006
3195,0.8875,305.474,535.057,317.329,627.101,653.174,566.236,596.417,676.006
3196,0.887777778,305.496,535.117,317.351,627.245,653.192,566.289,596.46,676.042
3197,0.888055556,305.496,535.117,317.351,627.245,653.192,566.289,596.46,676.042
3198,0.888333333,305.496,535.117,317.351,627.245,653.192,566.289,596.46,676.042
3199,0.888611111,305.496,535.117,317.351,627.245,653.192,566.289,596.46,676.042
3200,0.888888889,305.498,535.163,317.359,627.213,653.202,566.33,596.488,676.031
3201,0.889166667,305.498,535.163,317.359,627.213,653.202,566.33,596.488,676.031
3202,0.889444444,305.498,535.163,317.359,627.213,653.202,566.33,596.488,676.031
3203,0.889722222,305.528,535.226,317.38,627.167,653.205,566.366,596.527,676.059
3204,0.89,305.528,535.226,317.38,627.167,653.205,566.366,596.527,676.059
3205,0.890277778,305.528,535.226,317.38,627.167,653.205,566.366,596.527,676.059
3206,0.890555556,305.528,535.226,317.38,627.167,653.205,566.366,596.527,676.059
3207,0.890833333,305.531,535.271,317.396,627.093,653.236,566.411,596.553,676.077
3208,0.891111111,305.531,535.271,317.396,627.093,653.236,566.411,596.553,676.077
3209,0.891388889,305.531,535.271,317.396,627.093,653.236,566.411,596.553,676.077
3210,0.891666667,305.545,535.333,317.404,627.128,653.249,566.451,596.602,676.083
3211,0.891944444,305.545,535.333,317.404,627.128,653.249,566.451,596.602,676.083
3212,0.892222222,305.545,535.333,317.404,627.128,653.249,566.451,596.602,676.083
3213,0.8925,305.545,535.333,317.404,627.128,653.249,566.451,596.602,676.083
3214,0.892777778,305.578,535.382,317.413,627.276,653.257,566.489,596.628,676.099
3215,0.893055556,305.578,535.382,317.413,627.276,653.257,566.489,596.628,676.099
3216,0.893333333,305.578,535.382,317.413,627.276,653.257,566.489,596.628,676.099
3217,0.893611111,305.595,535.431,317.42,627.29,653.27,566.519,596.649,676.088
3218,0.893888889,305.595,535.431,317.42,627.29,653.27,566.519,596.649,676.088
3219,0.894166667,305.595,535.431,317.42,627.29,653.27,566.519,596.649,676.088
3220,0.894444444,305.595,535.431,317.42,627.29,653.27,566.519,596.649,676.088
3221,0.894722222,305.605,535.488,317.449,627.234,653.296,566.575,596.694,676.117
3222,0.895,305.605,535.488,317.449,627.234,653.296,566.575,596.694,676.117
3223,0.895277778,305.605,535.488,317.449,627.234,653.296,566.575,596.694,676.117
3224,0.895555556,305.615,535.532,317.465,627.217,653.295,566.608,596.722,676.12
3225,0.895833333,305.615,535.532,317.465,627.217,653.295,566.608,596.722,676.12
3226,0.896111111,305.615,535.532,317.465,627.217,653.295,566.608,596.722,676.12
3227,0.896388889,305.615,535.532,317.465,627.217,653.295,566.608,596.722,676.12
3228,0.896666667,305.63,535.585,317.49,627.265,653.32,566.666,596.777,676.133
3229,0.896944444,305.63,535.585,317.49,627.265,653.32,566.666,596.777,676.133
3230,0.897222222,305.63,535.585,317.49,627.265,653.32,566.666,596.777,676.133
3231,0.8975,305.654,535.631,317.502,626.967,653.334,566.694,596.8,676.14
3232,0.897777778,305.654,535.631,317.502,626.967,653.334,566.694,596.8,676.14
3233,0.898055556,305.654,535.631,317.502,626.967,653.334,566.694,596.8,676.14
3234,0.898333333,305.654,535.631,317.502,626.967,653.334,566.694,596.8,676.14
3235,0.898611111,305.664,535.696,317.517,626.589,653.35,566.737,596.846,676.159
3236,0.898888889,305.664,535.696,317.517,626.589,653.35,566.737,596.846,676.159
3237,0.899166667,305.664,535.696,317.517,626.589,653.35,566.737,596.846,676.159
3238,0.899444444,305.694,535.769,317.551,626.207,653.372,566.796,596.885,676.161
3239,0.899722222,305.694,535.769,317.551,626.207,653.372,566.796,596.885,676.161
3240,0.9,305.694,535.769,317.551,626.207,653.372,566.796,596.885,676.161
3241,0.900277778,305.694,535.769,317.551,626.207,653.372,566.796,596.885,676.161
3242,0.900555556,305.705,535.814,317.554,625.92,653.363,566.833,596.914,676.139
3243,0.900833333,305.705,535.814,317.554,625.92,653.363,566.833,596.914,676.139
3244,0.901111111,305.705,535.814,317.554,625.92,653.363,566.833,596.914,676.139
3245,0.901388889,305.71,535.863,317.565,625.756,653.352,566.868,596.94,676.086
3246,0.901666667,305.71,535.863,317.565,625.756,653.352,566.868,596.94,676.086
3247,0.901944444,305.71,535.863,317.565,625.756,653.352,566.868,596.94,676.086
3248,0.902222222,305.71,535.863,317.565,625.756,653.352,566.868,596.94,676.086
3249,0.9025,305.736,535.927,317.584,625.802,653.34,566.921,596.984,676.043
3250,0.902777778,305.736,535.927,317.584,625.802,653.34,566.921,596.984,676.043
3251,0.903055556,305.736,535.927,317.584,625.802,653.34,566.921,596.984,676.043
3252,0.903333333,305.755,535.976,317.592,625.763,653.311,566.96,597.027,675.972
3253,0.903611111,305.755,535.976,317.592,625.763,653.311,566.96,597.027,675.972
3254,0.903888889,305.755,535.976,317.592,625.763,653.311,566.96,597.027,675.972
3255,0.904166667,305.755,535.976,317.592,625.763,653.311,566.96,597.027,675.972
3256,0.904444444,305.758,536.036,317.594,625.647,653.281,567.002,597.061,675.901
3257,0.904722222,305.758,536.036,317.594,625.647,653.281,567.002,597.061,675.901
3258,0.905,305.758,536.036,317.594,625.647,653.281,567.002,597.061,675.901
3259,0.905277778,305.778,536.081,317.616,625.717,653.235,567.047,597.076,675.824
3260,0.905555556,305.778,536.081,317.616,625.717,653.235,567.047,597.076,675.824
3261,0.905833333,305.778,536.081,317.616,625.717,653.235,567.047,597.076,675.824
3262,0.906111111,305.778,536.081,317.616,625.717,653.235,567.047,597.076,675.824
3263,0.906388889,305.786,536.122,317.626,625.952,653.183,567.08,597.111,675.764
3264,0.906666667,305.786,536.122,317.626,625.952,653.183,567.08,597.111,675.764
3265,0.906944444,305.786,536.122,317.626,625.952,653.183,567.08,597.111,675.764
3266,0.907222222,305.803,536.17,317.629,626.151,653.143,567.12,597.139,675.723
3267,0.9075,305.803,536.17,317.629,626.151,653.143,567.12,597.139,675.723
3268,0.907777778,305.803,536.17,317.629,626.151,653.143,567.12,597.139,675.723
3269,0.908055556,305.803,536.17,317.629,626.151,653.143,567.12,597.139,675.723
3270,0.908333333,305.821,536.226,317.628,626.177,653.112,567.15,597.14,675.66
3271,0.908611111,305.821,536.226,317.628,626.177,653.112,567.15,597.14,675.66
3272,0.908888889,305.821,536.226,317.628,626.177,653.112,567.15,597.14,675.66
3273,0.909166667,305.834,536.276,317.645,626.295,653.085,567.185,597.18,675.649
3274,0.909444444,305.834,536.276,317.645,626.295,653.085,567.185,597.18,675.649
3275,0.909722222,305.834,536.276,317.645,626.295,653.085,567.185,597.18,675.649
3276,0.91,305.834,536.276,317.645,626.295,653.085,567.185,597.18,675.649
3277,0.910277778,305.851,536.318,317.63,626.423,653.061,567.202,597.178,675.644
3278,0.910555556,305.851,536.318,317.63,626.423,653.061,567.202,597.178,675.644
3279,0.910833333,305.851,536.318,317.63,626.423,653.061,567.202,597.178,675.644
3280,0.911111111,305.855,536.345,317.637,626.291,653.039,567.239,597.205,675.654
3281,0.911388889,305.855,536.345,317.637,626.291,653.039,567.239,597.205,675.654
3282,0.911666667,305.855,536.345,317.637,626.291,653.039,567.239,597.205,675.654
3283,0.911944444,305.855,536.345,317.637,626.291,653.039,567.239,597.205,675.654
3284,0.912222222,305.88,536.393,317.656,626.167,653.048,567.261,597.203,675.644
3285,0.9125,305.88,536.393,317.656,626.167,653.048,567.261,597.203,675.644
3286,0.912777778,305.88,536.393,317.656,626.167,653.048,567.261,597.203,675.644
3287,0.913055556,305.89,536.451,317.659,626.259,653.049,567.298,597.234,675.672
3288,0.913333333,305.89,536.451,317.659,626.259,653.049,567.298,597.234,675.672
3289,0.913611111,305.89,536.451,317.659,626.259,653.049,567.298,597.234,675.672
3290,0.913888889,305.89,536.451,317.659,626.259,653.049,567.298,597.234,675.672
3291,0.914166667,305.908,536.49,317.686,626.179,653.048,567.343,597.237,675.66
3292,0.914444444,305.908,536.49,317.686,626.179,653.048,567.343,597.237,675.66
3293,0.914722222,305.908,536.49,317.686,626.179,653.048,567.343,597.237,675.66
3294,0.915,305.919,536.539,317.695,626.219,653.044,567.362,597.265,675.675
3295,0.915277778,305.919,536.539,317.695,626.219,653.044,567.362,597.265,675.675
3296,0.915555556,305.919,536.539,317.695,626.219,653.044,567.362,597.265,675.675
3297,0.915833333,305.919,536.539,317.695,626.219,653.044,567.362,597.265,675.675
3298,0.916111111,305.935,536.58,317.707,625.965,653.048,567.378,597.29,675.671
3299,0.916388889,305.935,536.58,317.707,625.965,653.048,567.378,597.29,675.671
3300,0.916666667,305.935,536.58,317.707,625.965,653.048,567.378,597.29,675.671
3301,0.916944444,305.937,536.633,317.717,625.857,653.056,567.41,597.297,675.674
3302,0.917222222,305.937,536.633,317.717,625.857,653.056,567.41,597.297,675.674
3303,0.9175,305.937,536.633,317.717,625.857,653.056,567.41,597.297,675.674
3304,0.917777778,305.937,536.633,317.717,625.857,653.056,567.41,597.297,675.674
3305,0.918055556,305.959,536.643,317.737,625.829,653.045,567.442,597.322,675.661
3306,0.918333333,305.959,536.643,317.737,625.829,653.045,567.442,597.322,675.661
3307,0.918611111,305.959,536.643,317.737,625.829,653.045,567.442,597.322,675.661
3308,0.918888889,305.976,536.684,317.755,625.921,653.046,567.473,597.34,675.636
3309,0.919166667,305.976,536.684,317.755,625.921,653.046,567.473,597.34,675.636
3310,0.919444444,305.976,536.684,317.755,625.921,653.046,567.473,597.34,675.636
3311,0.919722222,305.976,536.684,317.755,625.921,653.046,567.473,597.34,675.636
3312,0.92,306.007,536.751,317.763,626.084,653.047,567.51,597.372,675.617
3313,0.920277778,306.007,536.751,317.763,626.084,653.047,567.51,597.372,675.617
3314,0.920555556,306.007,536.751,317.763,626.084,653.047,567.51,597.372,675.617
3315,0.920833333,306.01,536.785,317.761,626.138,653.033,567.524,597.376,675.6
3316,0.921111111,306.01,536.785,317.761,626.138,653.033,567.524,597.376,675.6
3317,0.921388889,306.01,536.785,317.761,626.138,653.033,567.524,597.376,675.6
3318,0.921666667,306.01,536.785,317.761,626.138,653.033,567.524,597.376,675.6
3319,0.921944444,306.027,536.82,317.772,625.965,653.036,567.565,597.394,675.616
3320,0.922222222,306.027,536.82,317.772,625.965,653.036,567.565,597.394,675.616
3321,0.9225,306.027,536.82,317.772,625.965,653.036,567.565,597.394,675.616
3322,0.922777778,306.034,536.863,317.777,625.891,653.039,567.597,597.412,675.632
3323,0.923055556,306.034,536.863,317.777,625.891,653.039,567.597,597.412,675.632
3324,0.923333333,306.034,536.863,317.777,625.891,653.039,567.597,597.412,675.632
3325,0.923611111,306.034,536.863,317.777,625.891,653.039,567.597,597.412,675.632
3326,0.923888889,306.049,536.893,317.791,626.192,653.042,567.623,597.422,675.63
3327,0.924166667,306.049,536.893,317.791,626.192,653.042,567.623,597.422,675.63
3328,0.924444444,306.049,536.893,317.791,626.192,653.042,567.623,597.422,675.63
3329,0.924722222,306.059,536.937,317.8,626.372,653.04,567.644,597.449,675.648
3330,0.925,306.059,536.937,317.8,626.372,653.04,567.644,597.449,675.648
3331,0.925277778,306.059,536.937,317.8,626.372,653.04,567.644,597.449,675.648
3332,0.925555556,306.059,536.937,317.8,626.372,653.04,567.644,597.449,675.648
3333,0.925833333,306.087,536.991,317.808,626.546,653.07,567.694,597.479,675.664
3334,0.926111111,306.087,536.991,317.808,626.546,653.07,567.694,597.479,675.664
3335,0.926388889,306.087,536.991,317.808,626.546,653.07,567.694,597.479,675.664
3336,0.926666667,306.098,537.017,317.816,626.644,653.065,567.71,597.504,675.695
3337,0.926944444,306.098,537.017,317.816,626.644,653.065,567.71,597.504,675.695
3338,0.927222222,306.098,537.017,317.816,626.644,653.065,567.71,597.504,675.695
3339,0.9275,306.098,537.017,317.816,626.644,653.065,567.71,597.504,675.695
3340,0.927777778,306.12,537.07,317.838,626.836,653.092,567.729,597.518,675.722
3341,0.928055556,306.12,537.07,317.838,626.836,653.092,567.729,597.518,675.722
3342,0.928333333,306.12,537.07,317.838,626.836,653.092,567.729,597.518,675.722
3343,0.928611111,306.131,537.103,317.846,626.842,653.116,567.765,597.535,675.752
3344,0.928888889,306.131,537.103,317.846,626.842,653.116,567.765,597.535,675.752
3345,0.929166667,306.131,537.103,317.846,626.842,653.116,567.765,597.535,675.752
3346,0.929444444,306.131,537.103,317.846,626.842,653.116,567.765,597.535,675.752
3347,0.929722222,306.149,537.145,317.868,626.851,653.151,567.799,597.566,675.806
3348,0.93,306.149,537.145,317.868,626.851,653.151,567.799,597.566,675.806
3349,0.930277778,306.149,537.145,317.868,626.851,653.151,567.799,597.566,675.806
3350,0.930555556,306.165,537.186,317.883,626.884,653.186,567.837,597.614,675.865
3351,0.930833333,306.165,537.186,317.883,626.884,653.186,567.837,597.614,675.865
3352,0.931111111,306.165,537.186,317.883,626.884,653.186,567.837,597.614,675.865
3353,0.931388889,306.165,537.186,317.883,626.884,653.186,567.837,597.614,675.865
3354,0.931666667,306.172,537.21,317.882,626.906,653.218,567.857,597.615,675.865
3355,0.931944444,306.172,537.21,317.882,626.906,653.218,567.857,597.615,675.865
3356,0.932222222,306.172,537.21,317.882,626.906,653.218,567.857,597.615,675.865
3357,0.9325,306.184,537.27,317.89,626.951,653.243,567.89,597.662,675.923
3358,0.932777778,306.184,537.27,317.89,626.951,653.243,567.89,597.662,675.923
3359,0.933055556,306.184,537.27,317.89,626.951,653.243,567.89,597.662,675.923
3360,0.933333333,306.196,537.322,317.899,627.056,653.289,567.92,597.673,675.949
3361,0.933611111,306.196,537.322,317.899,627.056,653.289,567.92,597.673,675.949
3362,0.933888889,306.196,537.322,317.899,627.056,653.289,567.92,597.673,675.949
3363,0.934166667,306.196,537.322,317.899,627.056,653.289,567.92,597.673,675.949
3364,0.934444444,306.215,537.361,317.906,626.988,653.312,567.958,597.711,675.999
3365,0.934722222,306.215,537.361,317.906,626.988,653.312,567.958,597.711,675.999
3366,0.935,306.215,537.361,317.906,626.988,653.312,567.958,597.711,675.999
3367,0.935277778,306.227,537.391,317.911,626.83,653.354,567.993,597.756,676.05
3368,0.935555556,306.227,537.391,317.911,626.83,653.354,567.993,597.756,676.05
3369,0.935833333,306.227,537.391,317.911,626.83,653.354,567.993,597.756,676.05
3370,0.936111111,306.227,537.391,317.911,626.83,653.354,567.993,597.756,676.05
3371,0.936388889,306.251,537.393,317.917,626.864,653.386,568.029,597.766,676.076
3372,0.936666667,306.251,537.393,317.917,626.864,653.386,568.029,597.766,676.076
3373,0.936944444,306.251,537.393,317.917,626.864,653.386,568.029,597.766,676.076
3374,0.937222222,306.266,537.456,317.947,627.181,653.443,568.083,597.83,676.121
3375,0.9375,306.266,537.456,317.947,627.181,653.443,568.083,597.83,676.121
3376,0.937777778,306.266,537.456,317.947,627.181,653.443,568.083,597.83,676.121
3377,0.938055556,306.266,537.456,317.947,627.181,653.443,568.083,597.83,676.121
3378,0.938333333,306.278,537.489,317.96,627.479,653.46,568.113,597.862,676.156
3379,0.938611111,306.278,537.489,317.96,627.479,653.46,568.113,597.862,676.156
3380,0.938888889,306.278,537.489,317.96,627.479,653.46,568.113,597.862,676.156
3381,0.939166667,306.29,537.548,317.961,627.643,653.496,568.139,597.883,676.211
3382,0.939444444,306.29,537.548,317.961,627.643,653.496,568.139,597.883,676.211
3383,0.939722222,306.29,537.548,317.961,627.643,653.496,568.139,597.883,676.211
3384,0.94,306.29,537.548,317.961,627.643,653.496,568.139,597.883,676.211
3385,0.940277778,306.307,537.584,317.97,627.753,653.552,568.191,597.927,676.307
3386,0.940555556,306.307,537.584,317.97,627.753,653.552,568.191,597.927,676.307
3387,0.940833333,306.307,537.584,317.97,627.753,653.552,568.191,597.927,676.307
3388,0.941111111,306.328,537.624,317.98,627.71,653.616,568.243,597.969,676.39
3389,0.941388889,306.328,537.624,317.98,627.71,653.616,568.243,597.969,676.39
3390,0.941666667,306.328,537.624,317.98,627.71,653.616,568.243,597.969,676.39
3391,0.941944444,306.328,537.624,317.98,627.71,653.616,568.243,597.969,676.39
3392,0.942222222,306.343,537.657,317.987,627.6,653.682,568.274,598.007,676.492
3393,0.9425,306.343,537.657,317.987,627.6,653.682,568.274,598.007,676.492
3394,0.942777778,306.343,537.657,317.987,627.6,653.682,568.274,598.007,676.492
3395,0.943055556,306.361,537.702,317.999,627.582,653.753,568.315,598.039,676.582
3396,0.943333333,306.361,537.702,317.999,627.582,653.753,568.315,598.039,676.582
3397,0.943611111,306.361,537.702,317.999,627.582,653.753,568.315,598.039,676.582
3398,0.943888889,306.361,537.702,317.999,627.582,653.753,568.315,598.039,676.582
3399,0.944166667,306.377,537.782,318.012,627.576,653.822,568.367,598.085,676.669
3400,0.944444444,306.377,537.782,318.012,627.576,653.822,568.367,598.085,676.669
3401,0.944722222,306.377,537.782,318.012,627.576,653.822,568.367,598.085,676.669
3402,0.945,306.384,537.825,318.023,627.57,653.889,568.401,598.127,676.759
3403,0.945277778,306.384,537.825,318.023,627.57,653.889,568.401,598.127,676.759
3404,0.945555556,306.384,537.825,318.023,627.57,653.889,568.401,598.127,676.759
3405,0.945833333,306.384,537.825,318.023,627.57,653.889,568.401,598.127,676.759
3406,0.946111111,306.41,537.892,318.042,627.651,653.966,568.449,598.199,676.83
3407,0.946388889,306.41,537.892,318.042,627.651,653.966,568.449,598.199,676.83
3408,0.946666667,306.41,537.892,318.042,627.651,653.966,568.449,598.199,676.83
3409,0.946944444,306.428,537.932,318.029,627.722,654.015,568.503,598.227,676.858
3410,0.947222222,306.428,537.932,318.029,627.722,654.015,568.503,598.227,676.858
3411,0.9475,306.428,537.932,318.029,627.722,654.015,568.503,598.227,676.858
3412,0.947777778,306.428,537.932,318.029,627.722,654.015,568.503,598.227,676.858
3413,0.948055556,306.431,537.946,318.049,627.641,654.07,568.552,598.271,676.905
3414,0.948333333,306.431,537.946,318.049,627.641,654.07,568.552,598.271,676.905
3415,0.948611111,306.431,537.946,318.049,627.641,654.07,568.552,598.271,676.905
3416,0.948888889,306.435,537.951,318.052,627.733,654.098,568.582,598.307,676.904
3417,0.949166667,306.435,537.951,318.052,627.733,654.098,568.582,598.307,676.904
3418,0.949444444,306.435,537.951,318.052,627.733,654.098,568.582,598.307,676.904
3419,0.949722222,306.435,537.951,318.052,627.733,654.098,568.582,598.307,676.904
3420,0.95,306.457,538.037,318.058,627.949,654.158,568.644,598.373,676.95
3421,0.950277778,306.457,538.037,318.058,627.949,654.158,568.644,598.373,676.95
3422,0.950555556,306.457,538.037,318.058,627.949,654.158,568.644,598.373,676.95
3423,0.950833333,306.464,538.078,318.058,627.987,654.176,568.69,598.434,676.973
3424,0.951111111,306.464,538.078,318.058,627.987,654.176,568.69,598.434,676.973
3425,0.951388889,306.464,538.078,318.058,627.987,654.176,568.69,598.434,676.973
3426,0.951666667,306.464,538.078,318.058,627.987,654.176,568.69,598.434,676.973
3427,0.951944444,306.482,538.148,318.075,627.982,654.229,568.744,598.491,677.042
3428,0.952222222,306.482,538.148,318.075,627.982,654.229,568.744,598.491,677.042
3429,0.9525,306.482,538.148,318.075,627.982,654.229,568.744,598.491,677.042
3430,0.952777778,306.507,538.206,318.08,628.038,654.284,568.801,598.542,677.103
3431,0.953055556,306.507,538.206,318.08,628.038,654.284,568.801,598.542,677.103
3432,0.953333333,306.507,538.206,318.08,628.038,654.284,568.801,598.542,677.103
3433,0.953611111,306.507,538.206,318.08,628.038,654.284,568.801,598.542,677.103
3434,0.953888889,306.521,538.246,318.089,627.91,654.338,568.862,598.576,677.162
3435,0.954166667,306.521,538.246,318.089,627.91,654.338,568.862,598.576,677.162
3436,0.954444444,306.521,538.246,318.089,627.91,654.338,568.862,598.576,677.162
3437,0.954722222,306.539,538.266,318.105,627.948,654.384,568.903,598.613,677.2
3438,0.955,306.539,538.266,318.105,627.948,654.384,568.903,598.613,677.2
3439,0.955277778,306.539,538.266,318.105,627.948,654.384,568.903,598.613,677.2
3440,0.955555556,306.539,538.266,318.105,627.948,654.384,568.903,598.613,677.2
3441,0.955833333,306.547,538.337,318.119,628.185,654.417,568.95,598.689,677.243
3442,0.956111111,306.547,538.337,318.119,628.185,654.417,568.95,598.689,677.243
3443,0.956388889,306.547,538.337,318.119,628.185,654.417,568.95,598.689,677.243
3444,0.956666667,306.56,538.38,318.125,628.288,654.462,568.992,598.713,677.277
3445,0.956944444,306.56,538.38,318.125,628.288,654.462,568.992,598.713,677.277
3446,0.957222222,306.56,538.38,318.125,628.288,654.462,568.992,598.713,677.277
3447,0.9575,306.56,538.38,318.125,628.288,654.462,568.992,598.713,677.277
3448,0.957777778,306.575,538.433,318.131,628.299,654.5,569.041,598.772,677.34
3449,0.958055556,306.575,538.433,318.131,628.299,654.5,569.041,598.772,677.34
3450,0.958333333,306.575,538.433,318.131,628.299,654.5,569.041,598.772,677.34
3451,0.958611111,306.59,538.467,318.131,628.305,654.56,569.093,598.802,677.391
3452,0.958888889,306.59,538.467,318.131,628.305,654.56,569.093,598.802,677.391
3453,0.959166667,306.59,538.467,318.131,628.305,654.56,569.093,598.802,677.391
3454,0.959444444,306.59,538.467,318.131,628.305,654.56,569.093,598.802,677.391
3455,0.959722222,306.603,538.52,318.128,628.337,654.61,569.137,598.871,677.468
3456,0.96,306.603,538.52,318.128,628.337,654.61,569.137,598.871,677.468
3457,0.960277778,306.603,538.52,318.128,628.337,654.61,569.137,598.871,677.468
3458,0.960555556,306.619,538.576,318.143,628.343,654.669,569.188,598.917,677.533
3459,0.960833333,306.619,538.576,318.143,628.343,654.669,569.188,598.917,677.533
3460,0.961111111,306.619,538.576,318.143,628.343,654.669,569.188,598.917,677.533
3461,0.961388889,306.619,538.576,318.143,628.343,654.669,569.188,598.917,677.533
3462,0.961666667,306.635,538.624,318.152,628.387,654.717,569.241,598.946,677.585
3463,0.961944444,306.635,538.624,318.152,628.387,654.717,569.241,598.946,677.585
3464,0.962222222,306.635,538.624,318.152,628.387,654.717,569.241,598.946,677.585
3465,0.9625,306.657,538.644,318.165,628.541,654.769,569.28,598.997,677.642
3466,0.962777778,306.657,538.644,318.165,628.541,654.769,569.28,598.997,677.642
3467,0.963055556,306.657,538.644,318.165,628.541,654.769,569.28,598.997,677.642
3468,0.963333333,306.657,538.644,318.165,628.541,654.769,569.28,598.997,677.642
3469,0.963611111,306.669,538.703,318.192,628.687,654.833,569.338,599.062,677.707
3470,0.963888889,306.669,538.703,318.192,628.687,654.833,569.338,599.062,677.707
3471,0.964166667,306.669,538.703,318.192,628.687,654.833,569.338,599.062,677.707
3472,0.964444444,306.684,538.782,318.207,628.806,654.887,569.388,599.113,677.767
3473,0.964722222,306.684,538.782,318.207,628.806,654.887,569.388,599.113,677.767
3474,0.965,306.684,538.782,318.207,628.806,654.887,569.388,599.113,677.767
3475,0.965277778,306.695,538.826,318.211,628.425,654.948,569.436,599.166,677.843
3476,0.965555556,306.695,538.826,318.211,628.425,654.948,569.436,599.166,677.843
3477,0.965833333,306.695,538.826,318.211,628.425,654.948,569.436,599.166,677.843
3478,0.966111111,306.695,538.826,318.211,628.425,654.948,569.436,599.166,677.843
3479,0.966388889,306.703,538.87,318.222,628.189,655.002,569.493,599.226,677.915
3480,0.966666667,306.703,538.87,318.222,628.189,655.002,569.493,599.226,677.915
3481,0.966944444,306.703,538.87,318.222,628.189,655.002,569.493,599.226,677.915
3482,0.967222222,306.728,538.934,318.244,628.064,655.056,569.543,599.292,677.951
3483,0.9675,306.728,538.934,318.244,628.064,655.056,569.543,599.292,677.951
3484,0.967777778,306.728,538.934,318.244,628.064,655.056,569.543,599.292,677.951
3485,0.968055556,306.728,538.934,318.244,628.064,655.056,569.543,599.292,677.951
3486,0.968333333,306.734,538.97,318.255,627.909,655.1,569.592,599.325,677.967
3487,0.968611111,306.734,538.97,318.255,627.909,655.1,569.592,599.325,677.967
3488,0.968888889,306.734,538.97,318.255,627.909,655.1,569.592,599.325,677.967
3489,0.969166667,306.751,539,318.281,627.978,655.139,569.646,599.377,677.972
3490,0.969444444,306.751,539,318.281,627.978,655.139,569.646,599.377,677.972
3491,0.969722222,306.751,539,318.281,627.978,655.139,569.646,599.377,677.972
3492,0.97,306.751,539,318.281,627.978,655.139,569.646,599.377,677.972
3493,0.970277778,306.766,539.078,318.293,628.056,655.173,569.7,599.42,677.958
3494,0.970555556,306.766,539.078,318.293,628.056,655.173,569.7,599.42,677.958
3495,0.970833333,306.766,539.078,318.293,628.056,655.173,569.7,599.42,677.958
3496,0.971111111,306.792,539.136,318.31,628.062,655.187,569.76,599.486,677.997
3497,0.971388889,306.792,539.136,318.31,628.062,655.187,569.76,599.486,677.997
3498,0.971666667,306.792,539.136,318.31,628.062,655.187,569.76,599.486,677.997
3499,0.971944444,306.792,539.136,318.31,628.062,655.187,569.76,599.486,677.997
3500,0.972222222,306.8,539.165,318.324,627.995,655.213,569.8,599.542,678.01
3501,0.9725,306.8,539.165,318.324,627.995,655.213,569.8,599.542,678.01
3502,0.972777778,306.8,539.165,318.324,627.995,655.213,569.8,599.542,678.01
3503,0.973055556,306.816,539.184,318.322,627.992,655.227,569.862,599.548,678.003
3504,0.973333333,306.816,539.184,318.322,627.992,655.227,569.862,599.548,678.003
3505,0.973611111,306.816,539.184,318.322,627.992,655.227,569.862,599.548,678.003
3506,0.973888889,306.816,539.184,318.322,627.992,655.227,569.862,599.548,678.003
3507,0.974166667,306.825,539.241,318.33,628.061,655.241,569.898,599.626,678.034
3508,0.974444444,306.825,539.241,318.33,628.061,655.241,569.898,599.626,678.034
3509,0.974722222,306.825,539.241,318.33,628.061,655.241,569.898,599.626,678.034
3510,0.975,306.838,539.293,318.349,628.043,655.271,569.953,599.66,678.047
3511,0.975277778,306.838,539.293,318.349,628.043,655.271,569.953,599.66,678.047
3512,0.975555556,306.838,539.293,318.349,628.043,655.271,569.953,599.66,678.047
3513,0.975833333,306.838,539.293,318.349,628.043,655.271,569.953,599.66,678.047
3514,0.976111111,306.852,539.344,318.358,628.079,655.29,570.001,599.712,678.072
3515,0.976388889,306.852,539.344,318.358,628.079,655.29,570.001,599.712,678.072
3516,0.976666667,306.852,539.344,318.358,628.079,655.29,570.001,599.712,678.072
3517,0.976944444,306.868,539.395,318.358,628.094,655.323,570.042,599.748,678.111
3518,0.977222222,306.868,539.395,318.358,628.094,655.323,570.042,599.748,678.111
3519,0.9775,306.868,539.395,318.358,628.094,655.323,570.042,599.748,678.111
3520,0.977777778,306.868,539.395,318.358,628.094,655.323,570.042,599.748,678.111
3521,0.978055556,306.897,539.454,318.365,628.158,655.353,570.084,599.804,678.144
3522,0.978333333,306.897,539.454,318.365,628.158,655.353,570.084,599.804,678.144
3523,0.978611111,306.897,539.454,318.365,628.158,655.353,570.084,599.804,678.144
3524,0.978888889,306.902,539.53,318.385,628.254,655.381,570.148,599.845,678.191
3525,0.979166667,306.902,539.53,318.385,628.254,655.381,570.148,599.845,678.191
3526,0.979444444,306.902,539.53,318.385,628.254,655.381,570.148,599.845,678.191
3527,0.979722222,306.902,539.53,318.385,628.254,655.381,570.148,599.845,678.191
3528,0.98,306.918,539.55,318.387,628.26,655.413,570.182,599.879,678.218
3529,0.980277778,306.918,539.55,318.387,628.26,655.413,570.182,599.879,678.218
3530,0.980555556,306.918,539.55,318.387,628.26,655.413,570.182,599.879,678.218
3531,0.980833333,306.925,539.606,318.402,628.23,655.45,570.218,599.916,678.239
3532,0.981111111,306.925,539.606,318.402,628.23,655.45,570.218,599.916,678.239
3533,0.981388889,306.925,539.606,318.402,628.23,655.45,570.218,599.916,678.239
3534,0.981666667,306.925,539.606,318.402,628.23,655.45,570.218,599.916,678.239
3535,0.981944444,306.955,539.668,318.415,628.16,655.486,570.28,599.964,678.286
3536,0.982222222,306.955,539.668,318.415,628.16,655.486,570.28,599.964,678.286
3537,0.9825,306.955,539.668,318.415,628.16,655.486,570.28,599.964,678.286
3538,0.982777778,306.965,539.7,318.42,628.161,655.513,570.32,599.998,678.313
3539,0.983055556,306.965,539.7,318.42,628.161,655.513,570.32,599.998,678.313
3540,0.983333333,306.965,539.7,318.42,628.161,655.513,570.32,599.998,678.313
3541,0.983611111,306.965,539.7,318.42,628.161,655.513,570.32,599.998,678.313
3542,0.983888889,306.975,539.737,318.419,628.073,655.536,570.349,600.048,678.333
3543,0.984166667,306.975,539.737,318.419,628.073,655.536,570.349,600.048,678.333
3544,0.984444444,306.975,539.737,318.419,628.073,655.536,570.349,600.048,678.333
3545,0.984722222,306.989,539.781,318.425,627.919,655.565,570.4,600.081,678.357
3546,0.985,306.989,539.781,318.425,627.919,655.565,570.4,600.081,678.357
3547,0.985277778,306.989,539.781,318.425,627.919,655.565,570.4,600.081,678.357
3548,0.985555556,306.989,539.781,318.425,627.919,655.565,570.4,600.081,678.357
3549,0.985833333,307.006,539.837,318.435,627.944,655.603,570.446,600.124,678.366
3550,0.986111111,307.006,539.837,318.435,627.944,655.603,570.446,600.124,678.366
3551,0.986388889,307.006,539.837,318.435,627.944,655.603,570.446,600.124,678.366
3552,0.986666667,307.017,539.888,318.447,628.021,655.612,570.488,600.151,678.388
3553,0.986944444,307.017,539.888,318.447,628.021,655.612,570.488,600.151,678.388
3554,0.987222222,307.017,539.888,318.447,628.021,655.612,570.488,600.151,678.388
3555,0.9875,307.017,539.888,318.447,628.021,655.612,570.488,600.151,678.388
3556,0.987777778,307.041,539.937,318.471,628.089,655.636,570.526,600.207,678.413
3557,0.988055556,307.041,539.937,318.471,628.089,655.636,570.526,600.207,678.413
3558,0.988333333,307.041,539.937,318.471,628.089,655.636,570.526,600.207,678.413
3559,0.988611111,307.04,539.944,318.474,628.145,655.649,570.568,600.236,678.409
3560,0.988888889,307.04,539.944,318.474,628.145,655.649,570.568,600.236,678.409
3561,0.989166667,307.04,539.944,318.474,628.145,655.649,570.568,600.236,678.409
3562,0.989444444,307.04,539.944,318.474,628.145,655.649,570.568,600.236,678.409
3563,0.989722222,307.067,540.019,318.495,628.372,655.672,570.635,600.284,678.418
3564,0.99,307.067,540.019,318.495,628.372,655.672,570.635,600.284,678.418
3565,0.990277778,307.067,540.019,318.495,628.372,655.672,570.635,600.284,678.418
3566,0.990555556,307.082,540.051,318.509,628.419,655.687,570.669,600.312,678.439
3567,0.990833333,307.082,540.051,318.509,628.419,655.687,570.669,600.312,678.439
3568,0.991111111,307.082,540.051,318.509,628.419,655.687,570.669,600.312,678.439
3569,0.991388889,307.082,540.051,318.509,628.419,655.687,570.669,600.312,678.439
3570,0.991666667,307.102,540.097,318.514,628.484,655.705,570.704,600.348,678.451
3571,0.991944444,307.102,540.097,318.514,628.484,655.705,570.704,600.348,678.451
3572,0.992222222,307.102,540.097,318.514,628.484,655.705,570.704,600.348,678.451
3573,0.9925,307.11,540.145,318.509,628.529,655.725,570.738,600.374,678.5
3574,0.992777778,307.11,540.145,318.509,628.529,655.725,570.738,600.374,678.5
3575,0.993055556,307.11,540.145,318.509,628.529,655.725,570.738,600.374,678.5
3576,0.993333333,307.11,540.145,318.509,628.529,655.725,570.738,600.374,678.5
3577,0.993611111,307.123,540.18,318.528,628.627,655.75,570.782,600.433,678.534
3578,0.993888889,307.123,540.18,318.528,628.627,655.75,570.782,600.433,678.534
3579,0.994166667,307.123,540.18,318.528,628.627,655.75,570.782,600.433,678.534
3580,0.994444444,307.144,540.234,318.537,628.741,655.789,570.816,600.459,678.572
3581,0.994722222,307.144,540.234,318.537,628.741,655.789,570.816,600.459,678.572
3582,0.995,307.144,540.234,318.537,628.741,655.789,570.816,600.459,678.572
3583,0.995277778,307.144,540.234,318.537,628.741,655.789,570.816,600.459,678.572
3584,0.995555556,307.154,540.294,318.548,628.875,655.823,570.851,600.504,678.64
3585,0.995833333,307.154,540.294,318.548,628.875,655.823,570.851,600.504,678.64
3586,0.996111111,307.154,540.294,318.548,628.875,655.823,570.851,600.504,678.64
3587,0.996388889,307.167,540.315,318.557,628.901,655.868,570.898,600.525,678.689
3588,0.996666667,307.167,540.315,318.557,628.901,655.868,570.898,600.525,678.689
3589,0.996944444,307.167,540.315,318.557,628.901,655.868,570.898,600.525,678.689
3590,0.997222222,307.167,540.315,318.557,628.901,655.868,570.898,600.525,678.689
3591,0.9975,307.188,540.344,318.569,629.113,655.911,570.942,600.564,678.719
3592,0.997777778,307.188,540.344,318.569,629.113,655.911,570.942,600.564,678.719
3593,0.998055556,307.188,540.344,318.569,629.113,655.911,570.942,600.564,678.719
3594,0.998333333,307.19,540.38,318.577,629.49,655.94,570.972,600.599,678.765
3595,0.998611111,307.19,540.38,318.577,629.49,655.94,570.972,600.599,678.765
3596,0.998888889,307.19,540.38,318.577,629.49,655.94,570.972,600.599,678.765
3597,0.999166667,307.19,540.38,318.577,629.49,655.94,570.972,600.599,678.765
3598,0.999444444,307.226,540.412,318.587,629.747,655.989,571.005,600.616,678.825
3599,0.999722222,307.226,540.412,318.587,629.747,655.989,571.005,600.616,678.825
3600,1,307.226,540.412,318.587,629.747,655.989,571.005,600.616,678.825
3601,1.000277778,307.215,540.439,318.591,630.075,656.036,571.053,600.666,678.897
3602,1.000555556,307.215,540.439,318.591,630.075,656.036,571.053,600.666,678.897
3603,1.000833333,307.215,540.439,318.591,630.075,656.036,571.053,600.666,678.897
3604,1.001111111,307.215,540.439,318.591,630.075,656.036,571.053,600.666,678.897
3605,1.001388889,307.244,540.477,318.623,630.261,656.092,571.085,600.697,679.004
3606,1.001666667,307.244,540.477,318.623,630.261,656.092,571.085,600.697,679.004
3607,1.001944444,307.244,540.477,318.623,630.261,656.092,571.085,600.697,679.004
3608,1.002222222,307.256,540.527,318.643,630.464,656.182,571.115,600.733,679.097
3609,1.0025,307.256,540.527,318.643,630.464,656.182,571.115,600.733,679.097
3610,1.002777778,307.256,540.527,318.643,630.464,656.182,571.115,600.733,679.097
3611,1.003055556,307.275,540.599,318.652,630.671,656.273,571.169,600.785,679.261
3612,1.003333333,307.275,540.599,318.652,630.671,656.273,571.169,600.785,679.261
3613,1.003611111,307.275,540.599,318.652,630.671,656.273,571.169,600.785,679.261
3614,1.003888889,307.275,540.599,318.652,630.671,656.273,571.169,600.785,679.261
3615,1.004166667,307.282,540.62,318.647,630.683,656.353,571.197,600.839,679.383
3616,1.004444444,307.282,540.62,318.647,630.683,656.353,571.197,600.839,679.383
3617,1.004722222,307.282,540.62,318.647,630.683,656.353,571.197,600.839,679.383
3618,1.005,307.301,540.684,318.67,630.465,656.456,571.237,600.879,679.509
3619,1.005277778,307.301,540.684,318.67,630.465,656.456,571.237,600.879,679.509
3620,1.005555556,307.301,540.684,318.67,630.465,656.456,571.237,600.879,679.509
3621,1.005833333,307.301,540.684,318.67,630.465,656.456,571.237,600.879,679.509
3622,1.006111111,307.318,540.723,318.673,630.174,656.567,571.3,600.937,679.641
3623,1.006388889,307.318,540.723,318.673,630.174,656.567,571.3,600.937,679.641
3624,1.006666667,307.318,540.723,318.673,630.174,656.567,571.3,600.937,679.641
3625,1.006944444,307.334,540.785,318.681,630.139,656.664,571.337,600.993,679.747
3626,1.007222222,307.334,540.785,318.681,630.139,656.664,571.337,600.993,679.747
3627,1.0075,307.334,540.785,318.681,630.139,656.664,571.337,600.993,679.747
3628,1.007777778,307.334,540.785,318.681,630.139,656.664,571.337,600.993,679.747
3629,1.008055556,307.346,540.816,318.688,630.147,656.756,571.399,601.038,679.808
3630,1.008333333,307.346,540.816,318.688,630.147,656.756,571.399,601.038,679.808
3631,1.008611111,307.346,540.816,318.688,630.147,656.756,571.399,601.038,679.808
3632,1.008888889,307.348,540.843,318.699,630.118,656.832,571.436,601.097,679.886
3633,1.009166667,307.348,540.843,318.699,630.118,656.832,571.436,601.097,679.886
3634,1.009444444,307.348,540.843,318.699,630.118,656.832,571.436,601.097,679.886
3635,1.009722222,307.348,540.843,318.699,630.118,656.832,571.436,601.097,679.886
3636,1.01,307.363,540.89,318.707,630.132,656.886,571.482,601.142,679.937
3637,1.010277778,307.363,540.89,318.707,630.132,656.886,571.482,601.142,679.937
3638,1.010555556,307.363,540.89,318.707,630.132,656.886,571.482,601.142,679.937
3639,1.010833333,307.384,540.913,318.727,630.36,656.965,571.561,601.211,679.975
3640,1.011111111,307.384,540.913,318.727,630.36,656.965,571.561,601.211,679.975
3641,1.011388889,307.384,540.913,318.727,630.36,656.965,571.561,601.211,679.975
3642,1.011666667,307.384,540.913,318.727,630.36,656.965,571.561,601.211,679.975
3643,1.011944444,307.401,540.953,318.73,630.709,657.012,571.615,601.271,680.031
3644,1.012222222,307.401,540.953,318.73,630.709,657.012,571.615,601.271,680.031
3645,1.0125,307.401,540.953,318.73,630.709,657.012,571.615,601.271,680.031
3646,1.012777778,307.409,540.999,318.732,630.885,657.079,571.656,601.34,680.108
3647,1.013055556,307.409,540.999,318.732,630.885,657.079,571.656,601.34,680.108
3648,1.013333333,307.409,540.999,318.732,630.885,657.079,571.656,601.34,680.108
3649,1.013611111,307.409,540.999,318.732,630.885,657.079,571.656,601.34,680.108
3650,1.013888889,307.428,541.059,318.754,630.987,657.135,571.713,601.386,680.192
3651,1.014166667,307.428,541.059,318.754,630.987,657.135,571.713,601.386,680.192
3652,1.014444444,307.428,541.059,318.754,630.987,657.135,571.713,601.386,680.192
3653,1.014722222,307.45,541.139,318.759,630.928,657.214,571.774,601.468,680.297
3654,1.015,307.45,541.139,318.759,630.928,657.214,571.774,601.468,680.297
3655,1.015277778,307.45,541.139,318.759,630.928,657.214,571.774,601.468,680.297
3656,1.015555556,307.45,541.139,318.759,630.928,657.214,571.774,601.468,680.297
3657,1.015833333,307.451,541.168,318.767,630.885,657.282,571.821,601.498,680.372
3658,1.016111111,307.451,541.168,318.767,630.885,657.282,571.821,601.498,680.372
3659,1.016388889,307.451,541.168,318.767,630.885,657.282,571.821,601.498,680.372
3660,1.016666667,307.481,541.22,318.78,630.794,657.356,571.888,601.571,680.461
3661,1.016944444,307.481,541.22,318.78,630.794,657.356,571.888,601.571,680.461
3662,1.017222222,307.481,541.22,318.78,630.794,657.356,571.888,601.571,680.461
3663,1.0175,307.481,541.22,318.78,630.794,657.356,571.888,601.571,680.461
3664,1.017777778,307.494,541.27,318.793,630.68,657.449,571.946,601.628,680.541
3665,1.018055556,307.494,541.27,318.793,630.68,657.449,571.946,601.628,680.541
3666,1.018333333,307.494,541.27,318.793,630.68,657.449,571.946,601.628,680.541
3667,1.018611111,307.502,541.337,318.79,630.614,657.514,571.989,601.686,680.601
3668,1.018888889,307.502,541.337,318.79,630.614,657.514,571.989,601.686,680.601
3669,1.019166667,307.502,541.337,318.79,630.614,657.514,571.989,601.686,680.601
3670,1.019444444,307.502,541.337,318.79,630.614,657.514,571.989,601.686,680.601
3671,1.019722222,307.522,541.387,318.81,630.508,657.582,572.072,601.762,680.663
3672,1.02,307.522,541.387,318.81,630.508,657.582,572.072,601.762,680.663
3673,1.020277778,307.522,541.387,318.81,630.508,657.582,572.072,601.762,680.663
3674,1.020555556,307.532,541.421,318.819,630.405,657.627,572.115,601.813,680.684
3675,1.020833333,307.532,541.421,318.819,630.405,657.627,572.115,601.813,680.684
3676,1.021111111,307.532,541.421,318.819,630.405,657.627,572.115,601.813,680.684
3677,1.021388889,307.532,541.421,318.819,630.405,657.627,572.115,601.813,680.684
3678,1.021666667,307.547,541.485,318.832,630.399,657.676,572.175,601.881,680.718
3679,1.021944444,307.547,541.485,318.832,630.399,657.676,572.175,601.881,680.718
3680,1.022222222,307.547,541.485,318.832,630.399,657.676,572.175,601.881,680.718
3681,1.0225,307.569,541.556,318.841,630.251,657.719,572.236,601.962,680.762
3682,1.022777778,307.569,541.556,318.841,630.251,657.719,572.236,601.962,680.762
3683,1.023055556,307.569,541.556,318.841,630.251,657.719,572.236,601.962,680.762
3684,1.023333333,307.573,541.607,318.839,630.09,657.757,572.285,602.003,680.781
3685,1.023611111,307.573,541.607,318.839,630.09,657.757,572.285,602.003,680.781
3686,1.023888889,307.573,541.607,318.839,630.09,657.757,572.285,602.003,680.781
3687,1.024166667,307.573,541.607,318.839,630.09,657.757,572.285,602.003,680.781
3688,1.024444444,307.583,541.638,318.866,629.873,657.788,572.345,602.036,680.768
3689,1.024722222,307.583,541.638,318.866,629.873,657.788,572.345,602.036,680.768
3690,1.025,307.583,541.638,318.866,629.873,657.788,572.345,602.036,680.768
3691,1.025277778,307.61,541.684,318.882,629.978,657.815,572.419,602.122,680.789
3692,1.025555556,307.61,541.684,318.882,629.978,657.815,572.419,602.122,680.789
3693,1.025833333,307.61,541.684,318.882,629.978,657.815,572.419,602.122,680.789
3694,1.026111111,307.61,541.684,318.882,629.978,657.815,572.419,602.122,680.789
3695,1.026388889,307.62,541.749,318.891,630.171,657.833,572.463,602.159,680.783
3696,1.026666667,307.62,541.749,318.891,630.171,657.833,572.463,602.159,680.783
3697,1.026944444,307.62,541.749,318.891,630.171,657.833,572.463,602.159,680.783
3698,1.027222222,307.627,541.785,318.903,630.239,657.851,572.511,602.213,680.791
3699,1.0275,307.627,541.785,318.903,630.239,657.851,572.511,602.213,680.791
3700,1.027777778,307.627,541.785,318.903,630.239,657.851,572.511,602.213,680.791
3701,1.028055556,307.627,541.785,318.903,630.239,657.851,572.511,602.213,680.791
3702,1.028333333,307.641,541.851,318.906,630.201,657.87,572.572,602.263,680.821
3703,1.028611111,307.641,541.851,318.906,630.201,657.87,572.572,602.263,680.821
3704,1.028888889,307.641,541.851,318.906,630.201,657.87,572.572,602.263,680.821
3705,1.029166667,307.667,541.939,318.933,630.153,657.907,572.628,602.322,680.838
3706,1.029444444,307.667,541.939,318.933,630.153,657.907,572.628,602.322,680.838
3707,1.029722222,307.667,541.939,318.933,630.153,657.907,572.628,602.322,680.838
3708,1.03,307.667,541.939,318.933,630.153,657.907,572.628,602.322,680.838
3709,1.030277778,307.668,541.985,318.931,629.811,657.919,572.666,602.364,680.855
3710,1.030555556,307.668,541.985,318.931,629.811,657.919,572.666,602.364,680.855
3711,1.030833333,307.668,541.985,318.931,629.811,657.919,572.666,602.364,680.855
3712,1.031111111,307.683,542.033,318.933,629.399,657.941,572.711,602.429,680.876
3713,1.031388889,307.683,542.033,318.933,629.399,657.941,572.711,602.429,680.876
3714,1.031666667,307.683,542.033,318.933,629.399,657.941,572.711,602.429,680.876
3715,1.031944444,307.683,542.033,318.933,629.399,657.941,572.711,602.429,680.876
3716,1.032222222,307.708,542.081,318.952,629.113,657.96,572.774,602.45,680.885
3717,1.0325,307.708,542.081,318.952,629.113,657.96,572.774,602.45,680.885
3718,1.032777778,307.708,542.081,318.952,629.113,657.96,572.774,602.45,680.885
3719,1.033055556,307.715,542.126,318.95,629.142,657.979,572.811,602.511,680.849
3720,1.033333333,307.715,542.126,318.95,629.142,657.979,572.811,602.511,680.849
3721,1.033611111,307.715,542.126,318.95,629.142,657.979,572.811,602.511,680.849
3722,1.033888889,307.715,542.126,318.95,629.142,657.979,572.811,602.511,680.849
3723,1.034166667,307.737,542.177,318.979,629.207,657.983,572.862,602.545,680.815
3724,1.034444444,307.737,542.177,318.979,629.207,657.983,572.862,602.545,680.815
3725,1.034722222,307.737,542.177,318.979,629.207,657.983,572.862,602.545,680.815
3726,1.035,307.753,542.193,318.995,629.325,657.963,572.92,602.569,680.766
3727,1.035277778,307.753,542.193,318.995,629.325,657.963,572.92,602.569,680.766
3728,1.035555556,307.753,542.193,318.995,629.325,657.963,572.92,602.569,680.766
3729,1.035833333,307.753,542.193,318.995,629.325,657.963,572.92,602.569,680.766
3730,1.036111111,307.755,542.249,318.995,629.512,657.942,572.949,602.614,680.733
3731,1.036388889,307.755,542.249,318.995,629.512,657.942,572.949,602.614,680.733
3732,1.036666667,307.755,542.249,318.995,629.512,657.942,572.949,602.614,680.733
3733,1.036944444,307.771,542.293,319.01,629.649,657.929,572.991,602.634,680.699
3734,1.037222222,307.771,542.293,319.01,629.649,657.929,572.991,602.634,680.699
3735,1.0375,307.771,542.293,319.01,629.649,657.929,572.991,602.634,680.699
3736,1.037777778,307.779,542.33,319.02,629.732,657.928,573.029,602.667,680.687
3737,1.038055556,307.779,542.33,319.02,629.732,657.928,573.029,602.667,680.687
3738,1.038333333,307.779,542.33,319.02,629.732,657.928,573.029,602.667,680.687
3739,1.038611111,307.779,542.33,319.02,629.732,657.928,573.029,602.667,680.687
3740,1.038888889,307.803,542.404,319.04,629.826,657.922,573.079,602.717,680.71
3741,1.039166667,307.803,542.404,319.04,629.826,657.922,573.079,602.717,680.71
3742,1.039444444,307.803,542.404,319.04,629.826,657.922,573.079,602.717,680.71
3743,1.039722222,307.806,542.441,319.048,629.818,657.923,573.107,602.734,680.714
3744,1.04,307.806,542.441,319.048,629.818,657.923,573.107,602.734,680.714
3745,1.040277778,307.806,542.441,319.048,629.818,657.923,573.107,602.734,680.714
3746,1.040555556,307.806,542.441,319.048,629.818,657.923,573.107,602.734,680.714
3747,1.040833333,307.833,542.472,319.06,629.83,657.944,573.157,602.76,680.726
3748,1.041111111,307.833,542.472,319.06,629.83,657.944,573.157,602.76,680.726
3749,1.041388889,307.833,542.472,319.06,629.83,657.944,573.157,602.76,680.726
3750,1.041666667,307.833,542.472,319.06,629.83,657.944,573.157,602.76,680.726
3751,1.041944444,307.853,542.523,319.072,629.964,657.948,573.186,602.798,680.712
3752,1.042222222,307.853,542.523,319.072,629.964,657.948,573.186,602.798,680.712
3753,1.0425,307.853,542.523,319.072,629.964,657.948,573.186,602.798,680.712
3754,1.042777778,307.855,542.567,319.081,629.911,657.976,573.216,602.825,680.739
3755,1.043055556,307.855,542.567,319.081,629.911,657.976,573.216,602.825,680.739
3756,1.043333333,307.855,542.567,319.081,629.911,657.976,573.216,602.825,680.739
3757,1.043611111,307.878,542.619,319.085,629.779,657.97,573.263,602.841,680.761
3758,1.043888889,307.878,542.619,319.085,629.779,657.97,573.263,602.841,680.761
3759,1.044166667,307.878,542.619,319.085,629.779,657.97,573.263,602.841,680.761
3760,1.044444444,307.878,542.619,319.085,629.779,657.97,573.263,602.841,680.761
3761,1.044722222,307.889,542.657,319.093,629.57,657.999,573.274,602.885,680.785
3762,1.045,307.889,542.657,319.093,629.57,657.999,573.274,602.885,680.785
3763,1.045277778,307.889,542.657,319.093,629.57,657.999,573.274,602.885,680.785
3764,1.045555556,307.907,542.7,319.103,629.562,658,573.327,602.904,680.801
3765,1.045833333,307.907,542.7,319.103,629.562,658,573.327,602.904,680.801
3766,1.046111111,307.907,542.7,319.103,629.562,658,573.327,602.904,680.801
3767,1.046388889,307.907,542.7,319.103,629.562,658,573.327,602.904,680.801
3768,1.046666667,307.915,542.718,319.113,629.661,658.012,573.34,602.91,680.781
3769,1.046944444,307.915,542.718,319.113,629.661,658.012,573.34,602.91,680.781
3770,1.047222222,307.915,542.718,319.113,629.661,658.012,573.34,602.91,680.781
3771,1.0475,307.938,542.76,319.144,629.973,658.034,573.393,602.949,680.79
3772,1.047777778,307.938,542.76,319.144,629.973,658.034,573.393,602.949,680.79
3773,1.048055556,307.938,542.76,319.144,629.973,658.034,573.393,602.949,680.79
3774,1.048333333,307.938,542.76,319.144,629.973,658.034,573.393,602.949,680.79
3775,1.048611111,307.95,542.777,319.127,630.182,658.023,573.405,602.971,680.771
3776,1.048888889,307.95,542.777,319.127,630.182,658.023,573.405,602.971,680.771
3777,1.049166667,307.95,542.777,319.127,630.182,658.023,573.405,602.971,680.771
3778,1.049444444,307.952,542.846,319.13,630.391,658.027,573.441,603.005,680.794
3779,1.049722222,307.952,542.846,319.13,630.391,658.027,573.441,603.005,680.794
3780,1.05,307.952,542.846,319.13,630.391,658.027,573.441,603.005,680.794
3781,1.050277778,307.952,542.846,319.13,630.391,658.027,573.441,603.005,680.794
3782,1.050555556,307.984,542.894,319.152,630.484,658.047,573.482,603.026,680.816
3783,1.050833333,307.984,542.894,319.152,630.484,658.047,573.482,603.026,680.816
3784,1.051111111,307.984,542.894,319.152,630.484,658.047,573.482,603.026,680.816
3785,1.051388889,307.991,542.914,319.16,630.449,658.071,573.514,603.061,680.868
3786,1.051666667,307.991,542.914,319.16,630.449,658.071,573.514,603.061,680.868
3787,1.051944444,307.991,542.914,319.16,630.449,658.071,573.514,603.061,680.868
3788,1.052222222,307.991,542.914,319.16,630.449,658.071,573.514,603.061,680.868
3789,1.0525,307.997,542.977,319.168,630.375,658.096,573.542,603.092,680.93
3790,1.052777778,307.997,542.977,319.168,630.375,658.096,573.542,603.092,680.93
3791,1.053055556,307.997,542.977,319.168,630.375,658.096,573.542,603.092,680.93
3792,1.053333333,308.016,542.998,319.174,630.23,658.124,573.57,603.091,680.956
3793,1.053611111,308.016,542.998,319.174,630.23,658.124,573.57,603.091,680.956
3794,1.053888889,308.016,542.998,319.174,630.23,658.124,573.57,603.091,680.956
3795,1.054166667,308.016,542.998,319.174,630.23,658.124,573.57,603.091,680.956
3796,1.054444444,308.033,543.045,319.197,630.065,658.174,573.605,603.148,681.004
3797,1.054722222,308.033,543.045,319.197,630.065,658.174,573.605,603.148,681.004
3798,1.055,308.033,543.045,319.197,630.065,658.174,573.605,603.148,681.004
3799,1.055277778,308.047,543.081,319.227,629.991,658.205,573.635,603.171,681.026
3800,1.055555556,308.047,543.081,319.227,629.991,658.205,573.635,603.171,681.026
3801,1.055833333,308.047,543.081,319.227,629.991,658.205,573.635,603.171,681.026
3802,1.056111111,308.069,543.098,319.235,630.041,658.228,573.669,603.187,681.009
3803,1.056388889,308.069,543.098,319.235,630.041,658.228,573.669,603.187,681.009
3804,1.056666667,308.069,543.098,319.235,630.041,658.228,573.669,603.187,681.009
3805,1.056944444,308.069,543.098,319.235,630.041,658.228,573.669,603.187,681.009
3806,1.057222222,308.063,543.148,319.229,630.103,658.232,573.7,603.216,681.011
3807,1.0575,308.063,543.148,319.229,630.103,658.232,573.7,603.216,681.011
3808,1.057777778,308.063,543.148,319.229,630.103,658.232,573.7,603.216,681.011
3809,1.058055556,308.074,543.182,319.251,630.103,658.244,573.736,603.255,681.019
3810,1.058333333,308.074,543.182,319.251,630.103,658.244,573.736,603.255,681.019
3811,1.058611111,308.074,543.182,319.251,630.103,658.244,573.736,603.255,681.019
3812,1.058888889,308.074,543.182,319.251,630.103,658.244,573.736,603.255,681.019
3813,1.059166667,308.104,543.245,319.277,630.079,658.263,573.771,603.287,681.039
3814,1.059444444,308.104,543.245,319.277,630.079,658.263,573.771,603.287,681.039
3815,1.059722222,308.104,543.245,319.277,630.079,658.263,573.771,603.287,681.039
3816,1.06,308.105,543.292,319.281,629.891,658.276,573.806,603.32,681.061
3817,1.060277778,308.105,543.292,319.281,629.891,658.276,573.806,603.32,681.061
3818,1.060555556,308.105,543.292,319.281,629.891,658.276,573.806,603.32,681.061
3819,1.060833333,308.105,543.292,319.281,629.891,658.276,573.806,603.32,681.061
3820,1.061111111,308.114,543.315,319.284,629.679,658.288,573.835,603.35,681.076
3821,1.061388889,308.114,543.315,319.284,629.679,658.288,573.835,603.35,681.076
3822,1.061666667,308.114,543.315,319.284,629.679,658.288,573.835,603.35,681.076
3823,1.061944444,308.133,543.345,319.299,629.59,658.306,573.873,603.384,681.076
3824,1.062222222,308.133,543.345,319.299,629.59,658.306,573.873,603.384,681.076
3825,1.0625,308.133,543.345,319.299,629.59,658.306,573.873,603.384,681.076
3826,1.062777778,308.133,543.345,319.299,629.59,658.306,573.873,603.384,681.076
3827,1.063055556,308.151,543.382,319.301,629.673,658.302,573.91,603.399,681.023
3828,1.063333333,308.151,543.382,319.301,629.673,658.302,573.91,603.399,681.023
3829,1.063611111,308.151,543.382,319.301,629.673,658.302,573.91,603.399,681.023
3830,1.063888889,308.158,543.447,319.308,629.694,658.297,573.937,603.431,681.013
3831,1.064166667,308.158,543.447,319.308,629.694,658.297,573.937,603.431,681.013
3832,1.064444444,308.158,543.447,319.308,629.694,658.297,573.937,603.431,681.013
3833,1.064722222,308.158,543.447,319.308,629.694,658.297,573.937,603.431,681.013
3834,1.065,308.191,543.483,319.331,629.487,658.313,573.988,603.481,681.008
3835,1.065277778,308.191,543.483,319.331,629.487,658.313,573.988,603.481,681.008
3836,1.065555556,308.191,543.483,319.331,629.487,658.313,573.988,603.481,681.008
3837,1.065833333,308.194,543.519,319.321,629.35,658.299,574.013,603.499,680.969
3838,1.066111111,308.194,543.519,319.321,629.35,658.299,574.013,603.499,680.969
3839,1.066388889,308.194,543.519,319.321,629.35,658.299,574.013,603.499,680.969
3840,1.066666667,308.194,543.519,319.321,629.35,658.299,574.013,603.499,680.969
3841,1.066944444,308.205,543.556,319.345,629.317,658.284,574.041,603.509,680.965
3842,1.067222222,308.205,543.556,319.345,629.317,658.284,574.041,603.509,680.965
3843,1.0675,308.205,543.556,319.345,629.317,658.284,574.041,603.509,680.965
3844,1.067777778,308.234,543.61,319.363,629.274,658.289,574.075,603.569,680.94
3845,1.068055556,308.234,543.61,319.363,629.274,658.289,574.075,603.569,680.94
3846,1.068333333,308.234,543.61,319.363,629.274,658.289,574.075,603.569,680.94
3847,1.068611111,308.234,543.61,319.363,629.274,658.289,574.075,603.569,680.94
3848,1.068888889,308.239,543.64,319.362,629.056,658.269,574.098,603.577,680.903
3849,1.069166667,308.239,543.64,319.362,629.056,658.269,574.098,603.577,680.903
3850,1.069444444,308.239,543.64,319.362,629.056,658.269,574.098,603.577,680.903
3851,1.069722222,308.241,543.665,319.363,628.991,658.245,574.134,603.593,680.861
3852,1.07,308.241,543.665,319.363,628.991,658.245,574.134,603.593,680.861
3853,1.070277778,308.241,543.665,319.363,628.991,658.245,574.134,603.593,680.861
3854,1.070555556,308.241,543.665,319.363,628.991,658.245,574.134,603.593,680.861
3855,1.070833333,308.274,543.724,319.391,628.985,658.238,574.176,603.615,680.808
3856,1.071111111,308.274,543.724,319.391,628.985,658.238,574.176,603.615,680.808
3857,1.071388889,308.274,543.724,319.391,628.985,658.238,574.176,603.615,680.808
3858,1.071666667,308.284,543.723,319.387,628.943,658.186,574.189,603.62,680.753
3859,1.071944444,308.284,543.723,319.387,628.943,658.186,574.189,603.62,680.753
3860,1.072222222,308.284,543.723,319.387,628.943,658.186,574.189,603.62,680.753
3861,1.0725,308.284,543.723,319.387,628.943,658.186,574.189,603.62,680.753
3862,1.072777778,308.304,543.783,319.409,629.111,658.179,574.238,603.669,680.715
3863,1.073055556,308.304,543.783,319.409,629.111,658.179,574.238,603.669,680.715
3864,1.073333333,308.304,543.783,319.409,629.111,658.179,574.238,603.669,680.715
3865,1.073611111,308.316,543.836,319.414,629.33,658.142,574.258,603.686,680.692
3866,1.073888889,308.316,543.836,319.414,629.33,658.142,574.258,603.686,680.692
3867,1.074166667,308.316,543.836,319.414,629.33,658.142,574.258,603.686,680.692
3868,1.074444444,308.316,543.836,319.414,629.33,658.142,574.258,603.686,680.692
3869,1.074722222,308.333,543.872,319.411,629.386,658.122,574.279,603.694,680.672
3870,1.075,308.333,543.872,319.411,629.386,658.122,574.279,603.694,680.672
3871,1.075277778,308.333,543.872,319.411,629.386,658.122,574.279,603.694,680.672
3872,1.075555556,308.34,543.894,319.429,629.411,658.115,574.316,603.703,680.662
3873,1.075833333,308.34,543.894,319.429,629.411,658.115,574.316,603.703,680.662
3874,1.076111111,308.34,543.894,319.429,629.411,658.115,574.316,603.703,680.662
3875,1.076388889,308.36,543.915,319.429,629.613,658.087,574.322,603.724,680.64
3876,1.076666667,308.36,543.915,319.429,629.613,658.087,574.322,603.724,680.64
3877,1.076944444,308.36,543.915,319.429,629.613,658.087,574.322,603.724,680.64
3878,1.077222222,308.36,543.915,319.429,629.613,658.087,574.322,603.724,680.64
3879,1.0775,308.366,543.946,319.428,629.834,658.083,574.363,603.73,680.636
3880,1.077777778,308.366,543.946,319.428,629.834,658.083,574.363,603.73,680.636
3881,1.078055556,308.366,543.946,319.428,629.834,658.083,574.363,603.73,680.636
3882,1.078333333,308.386,543.994,319.423,629.946,658.064,574.372,603.732,680.647
3883,1.078611111,308.386,543.994,319.423,629.946,658.064,574.372,603.732,680.647
3884,1.078888889,308.386,543.994,319.423,629.946,658.064,574.372,603.732,680.647
3885,1.079166667,308.386,543.994,319.423,629.946,658.064,574.372,603.732,680.647
3886,1.079444444,308.394,544.037,319.442,630.011,658.079,574.401,603.765,680.703
3887,1.079722222,308.394,544.037,319.442,630.011,658.079,574.401,603.765,680.703
3888,1.08,308.394,544.037,319.442,630.011,658.079,574.401,603.765,680.703
3889,1.080277778,308.415,544.065,319.451,629.946,658.106,574.407,603.772,680.742
3890,1.080555556,308.415,544.065,319.451,629.946,658.106,574.407,603.772,680.742
3891,1.080833333,308.415,544.065,319.451,629.946,658.106,574.407,603.772,680.742
3892,1.081111111,308.415,544.065,319.451,629.946,658.106,574.407,603.772,680.742
3893,1.081388889,308.43,544.096,319.466,629.833,658.122,574.426,603.777,680.777
3894,1.081666667,308.43,544.096,319.466,629.833,658.122,574.426,603.777,680.777
3895,1.081944444,308.43,544.096,319.466,629.833,658.122,574.426,603.777,680.777
3896,1.082222222,308.43,544.096,319.466,629.833,658.122,574.426,603.777,680.777
3897,1.0825,308.446,544.128,319.472,629.706,658.146,574.463,603.775,680.794
3898,1.082777778,308.446,544.128,319.472,629.706,658.146,574.463,603.775,680.794
3899,1.083055556,308.446,544.128,319.472,629.706,658.146,574.463,603.775,680.794
3900,1.083333333,308.459,544.158,319.473,629.825,658.167,574.471,603.809,680.807
3901,1.083611111,308.459,544.158,319.473,629.825,658.167,574.471,603.809,680.807
3902,1.083888889,308.459,544.158,319.473,629.825,658.167,574.471,603.809,680.807
3903,1.084166667,308.459,544.158,319.473,629.825,658.167,574.471,603.809,680.807
3904,1.084444444,308.471,544.204,319.482,629.804,658.183,574.496,603.826,680.822
3905,1.084722222,308.471,544.204,319.482,629.804,658.183,574.496,603.826,680.822
3906,1.085,308.471,544.204,319.482,629.804,658.183,574.496,603.826,680.822
3907,1.085277778,308.48,544.219,319.476,629.625,658.197,574.513,603.856,680.833
3908,1.085555556,308.48,544.219,319.476,629.625,658.197,574.513,603.856,680.833
3909,1.085833333,308.48,544.219,319.476,629.625,658.197,574.513,603.856,680.833
3910,1.086111111,308.493,544.228,319.493,629.573,658.207,574.544,603.855,680.825
3911,1.086388889,308.493,544.228,319.493,629.573,658.207,574.544,603.855,680.825
3912,1.086666667,308.493,544.228,319.493,629.573,658.207,574.544,603.855,680.825
3913,1.086944444,308.493,544.228,319.493,629.573,658.207,574.544,603.855,680.825
3914,1.087222222,308.5,544.271,319.502,629.719,658.213,574.558,603.891,680.838
3915,1.0875,308.5,544.271,319.502,629.719,658.213,574.558,603.891,680.838
3916,1.087777778,308.5,544.271,319.502,629.719,658.213,574.558,603.891,680.838
3917,1.088055556,308.528,544.315,319.503,629.587,658.217,574.597,603.916,680.843
3918,1.088333333,308.528,544.315,319.503,629.587,658.217,574.597,603.916,680.843
3919,1.088611111,308.528,544.315,319.503,629.587,658.217,574.597,603.916,680.843
3920,1.088888889,308.528,544.315,319.503,629.587,658.217,574.597,603.916,680.843
3921,1.089166667,308.533,544.333,319.514,629.481,658.226,574.613,603.933,680.83
3922,1.089444444,308.533,544.333,319.514,629.481,658.226,574.613,603.933,680.83
3923,1.089722222,308.533,544.333,319.514,629.481,658.226,574.613,603.933,680.83
3924,1.09,308.541,544.371,319.518,629.428,658.241,574.641,603.955,680.849
3925,1.090277778,308.541,544.371,319.518,629.428,658.241,574.641,603.955,680.849
3926,1.090555556,308.541,544.371,319.518,629.428,658.241,574.641,603.955,680.849
3927,1.090833333,308.541,544.371,319.518,629.428,658.241,574.641,603.955,680.849
3928,1.091111111,308.567,544.409,319.532,629.337,658.259,574.68,603.99,680.859
3929,1.091388889,308.567,544.409,319.532,629.337,658.259,574.68,603.99,680.859
3930,1.091666667,308.567,544.409,319.532,629.337,658.259,574.68,603.99,680.859
3931,1.091944444,308.582,544.457,319.523,629.281,658.255,574.697,604.024,680.858
3932,1.092222222,308.582,544.457,319.523,629.281,658.255,574.697,604.024,680.858
3933,1.0925,308.582,544.457,319.523,629.281,658.255,574.697,604.024,680.858
3934,1.092777778,308.582,544.457,319.523,629.281,658.255,574.697,604.024,680.858
3935,1.093055556,308.602,544.489,319.543,629.227,658.251,574.732,604.025,680.821
3936,1.093333333,308.602,544.489,319.543,629.227,658.251,574.732,604.025,680.821
3937,1.093611111,308.602,544.489,319.543,629.227,658.251,574.732,604.025,680.821
3938,1.093888889,308.605,544.511,319.552,629.318,658.25,574.75,604.05,680.802
3939,1.094166667,308.605,544.511,319.552,629.318,658.25,574.75,604.05,680.802
3940,1.094444444,308.605,544.511,319.552,629.318,658.25,574.75,604.05,680.802
3941,1.094722222,308.605,544.511,319.552,629.318,658.25,574.75,604.05,680.802
3942,1.095,308.642,544.557,319.556,629.376,658.248,574.785,604.086,680.791
3943,1.095277778,308.642,544.557,319.556,629.376,658.248,574.785,604.086,680.791
3944,1.095555556,308.642,544.557,319.556,629.376,658.248,574.785,604.086,680.791
3945,1.095833333,308.652,544.594,319.571,629.454,658.229,574.81,604.104,680.774
3946,1.096111111,308.652,544.594,319.571,629.454,658.229,574.81,604.104,680.774
3947,1.096388889,308.652,544.594,319.571,629.454,658.229,574.81,604.104,680.774
3948,1.096666667,308.652,544.594,319.571,629.454,658.229,574.81,604.104,680.774
3949,1.096944444,308.658,544.601,319.557,629.479,658.222,574.832,604.119,680.762
3950,1.097222222,308.658,544.601,319.557,629.479,658.222,574.832,604.119,680.762
3951,1.0975,308.658,544.601,319.557,629.479,658.222,574.832,604.119,680.762
3952,1.097777778,308.676,544.661,319.566,629.63,658.22,574.863,604.135,680.751
3953,1.098055556,308.676,544.661,319.566,629.63,658.22,574.863,604.135,680.751
3954,1.098333333,308.676,544.661,319.566,629.63,658.22,574.863,604.135,680.751
3955,1.098611111,308.676,544.661,319.566,629.63,658.22,574.863,604.135,680.751
3956,1.098888889,308.696,544.689,319.572,629.648,658.206,574.881,604.175,680.744
3957,1.099166667,308.696,544.689,319.572,629.648,658.206,574.881,604.175,680.744
3958,1.099444444,308.696,544.689,319.572,629.648,658.206,574.881,604.175,680.744
3959,1.099722222,308.701,544.731,319.578,629.621,658.203,574.912,604.188,680.75
3960,1.1,308.701,544.731,319.578,629.621,658.203,574.912,604.188,680.75
3961,1.100277778,308.701,544.731,319.578,629.621,658.203,574.912,604.188,680.75
3962,1.100555556,308.701,544.731,319.578,629.621,658.203,574.912,604.188,680.75
3963,1.100833333,308.717,544.765,319.585,629.45,658.203,574.936,604.193,680.757
3964,1.101111111,308.717,544.765,319.585,629.45,658.203,574.936,604.193,680.757
3965,1.101388889,308.717,544.765,319.585,629.45,658.203,574.936,604.193,680.757
3966,1.101666667,308.727,544.801,319.572,629.315,658.208,574.946,604.212,680.741
3967,1.101944444,308.727,544.801,319.572,629.315,658.208,574.946,604.212,680.741
3968,1.102222222,308.727,544.801,319.572,629.315,658.208,574.946,604.212,680.741
3969,1.1025,308.727,544.801,319.572,629.315,658.208,574.946,604.212,680.741
3970,1.102777778,308.738,544.834,319.569,629.302,658.202,574.976,604.221,680.743
3971,1.103055556,308.738,544.834,319.569,629.302,658.202,574.976,604.221,680.743
3972,1.103333333,308.738,544.834,319.569,629.302,658.202,574.976,604.221,680.743
3973,1.103611111,308.753,544.856,319.563,629.136,658.197,574.992,604.242,680.732
3974,1.103888889,308.753,544.856,319.563,629.136,658.197,574.992,604.242,680.732
3975,1.104166667,308.753,544.856,319.563,629.136,658.197,574.992,604.242,680.732
3976,1.104444444,308.774,544.871,319.577,629.041,658.191,575.025,604.246,680.717
3977,1.104722222,308.774,544.871,319.577,629.041,658.191,575.025,604.246,680.717
3978,1.105,308.774,544.871,319.577,629.041,658.191,575.025,604.246,680.717
3979,1.105277778,308.774,544.871,319.577,629.041,658.191,575.025,604.246,680.717
3980,1.105555556,308.795,544.917,319.589,629.119,658.194,575.053,604.287,680.68
3981,1.105833333,308.795,544.917,319.589,629.119,658.194,575.053,604.287,680.68
3982,1.106111111,308.795,544.917,319.589,629.119,658.194,575.053,604.287,680.68
3983,1.106388889,308.8,544.941,319.584,629.153,658.165,575.065,604.281,680.639
3984,1.106666667,308.8,544.941,319.584,629.153,658.165,575.065,604.281,680.639
3985,1.106944444,308.8,544.941,319.584,629.153,658.165,575.065,604.281,680.639
3986,1.107222222,308.8,544.941,319.584,629.153,658.165,575.065,604.281,680.639
3987,1.1075,308.803,544.979,319.589,629.208,658.147,575.088,604.315,680.637
3988,1.107777778,308.803,544.979,319.589,629.208,658.147,575.088,604.315,680.637
3989,1.108055556,308.803,544.979,319.589,629.208,658.147,575.088,604.315,680.637
3990,1.108333333,308.837,545.017,319.607,629.233,658.146,575.125,604.318,680.637
3991,1.108611111,308.837,545.017,319.607,629.233,658.146,575.125,604.318,680.637
3992,1.108888889,308.837,545.017,319.607,629.233,658.146,575.125,604.318,680.637
3993,1.109166667,308.837,545.017,319.607,629.233,658.146,575.125,604.318,680.637
3994,1.109444444,308.842,545.057,319.596,629.19,658.134,575.141,604.338,680.62
3995,1.109722222,308.842,545.057,319.596,629.19,658.134,575.141,604.338,680.62
3996,1.11,308.842,545.057,319.596,629.19,658.134,575.141,604.338,680.62
3997,1.110277778,308.84,545.066,319.585,629.167,658.113,575.145,604.33,680.599
3998,1.110555556,308.84,545.066,319.585,629.167,658.113,575.145,604.33,680.599
3999,1.110833333,308.84,545.066,319.585,629.167,658.113,575.145,604.33,680.599
4000,1.111111111,308.84,545.066,319.585,629.167,658.113,575.145,604.33,680.599
4001,1.111388889,308.861,545.086,319.593,629.131,658.114,575.17,604.35,680.609
4002,1.111666667,308.861,545.086,319.593,629.131,658.114,575.17,604.35,680.609
4003,1.111944444,308.861,545.086,319.593,629.131,658.114,575.17,604.35,680.609
4004,1.112222222,308.874,545.112,319.608,629.217,658.126,575.196,604.365,680.587
4005,1.1125,308.874,545.112,319.608,629.217,658.126,575.196,604.365,680.587
4006,1.112777778,308.874,545.112,319.608,629.217,658.126,575.196,604.365,680.587
4007,1.113055556,308.874,545.112,319.608,629.217,658.126,575.196,604.365,680.587
4008,1.113333333,308.893,545.15,319.618,629.307,658.111,575.218,604.399,680.601
4009,1.113611111,308.893,545.15,319.618,629.307,658.111,575.218,604.399,680.601
4010,1.113888889,308.893,545.15,319.618,629.307,658.111,575.218,604.399,680.601
4011,1.114166667,308.896,545.198,319.615,629.217,658.091,575.233,604.396,680.569
4012,1.114444444,308.896,545.198,319.615,629.217,658.091,575.233,604.396,680.569
4013,1.114722222,308.896,545.198,319.615,629.217,658.091,575.233,604.396,680.569
4014,1.115,308.908,545.218,319.625,629.107,658.105,575.251,604.415,680.588
4015,1.115277778,308.908,545.218,319.625,629.107,658.105,575.251,604.415,680.588
4016,1.115555556,308.908,545.218,319.625,629.107,658.105,575.251,604.415,680.588
4017,1.115833333,308.908,545.218,319.625,629.107,658.105,575.251,604.415,680.588
4018,1.116111111,308.929,545.234,319.637,629.122,658.103,575.272,604.42,680.588
4019,1.116388889,308.929,545.234,319.637,629.122,658.103,575.272,604.42,680.588
4020,1.116666667,308.929,545.234,319.637,629.122,658.103,575.272,604.42,680.588
4021,1.116944444,308.934,545.259,319.637,629.211,658.103,575.282,604.435,680.581
4022,1.117222222,308.934,545.259,319.637,629.211,658.103,575.282,604.435,680.581
4023,1.1175,308.934,545.259,319.637,629.211,658.103,575.282,604.435,680.581
4024,1.117777778,308.934,545.259,319.637,629.211,658.103,575.282,604.435,680.581
4025,1.118055556,308.947,545.286,319.652,629.158,658.089,575.306,604.43,680.563
4026,1.118333333,308.947,545.286,319.652,629.158,658.089,575.306,604.43,680.563
4027,1.118611111,308.947,545.286,319.652,629.158,658.089,575.306,604.43,680.563
4028,1.118888889,308.968,545.313,319.682,629.253,658.109,575.328,604.462,680.588
4029,1.119166667,308.968,545.313,319.682,629.253,658.109,575.328,604.462,680.588
4030,1.119444444,308.968,545.313,319.682,629.253,658.109,575.328,604.462,680.588
4031,1.119722222,308.968,545.313,319.682,629.253,658.109,575.328,604.462,680.588
4032,1.12,308.979,545.336,319.696,629.379,658.101,575.344,604.483,680.603
4033,1.120277778,308.979,545.336,319.696,629.379,658.101,575.344,604.483,680.603
4034,1.120555556,308.979,545.336,319.696,629.379,658.101,575.344,604.483,680.603
4035,1.120833333,308.994,545.363,319.7,629.413,658.101,575.356,604.478,680.596
4036,1.121111111,308.994,545.363,319.7,629.413,658.101,575.356,604.478,680.596
4037,1.121388889,308.994,545.363,319.7,629.413,658.101,575.356,604.478,680.596
4038,1.121666667,308.994,545.363,319.7,629.413,658.101,575.356,604.478,680.596
4039,1.121944444,309,545.379,319.702,629.373,658.104,575.37,604.507,680.62
4040,1.122222222,309,545.379,319.702,629.373,658.104,575.37,604.507,680.62
4041,1.1225,309,545.379,319.702,629.373,658.104,575.37,604.507,680.62
4042,1.122777778,309.028,545.414,319.723,629.473,658.116,575.402,604.511,680.637
4043,1.123055556,309.028,545.414,319.723,629.473,658.116,575.402,604.511,680.637
4044,1.123333333,309.028,545.414,319.723,629.473,658.116,575.402,604.511,680.637
4045,1.123611111,309.028,545.414,319.723,629.473,658.116,575.402,604.511,680.637
4046,1.123888889,309.04,545.455,319.729,629.63,658.145,575.426,604.527,680.68
4047,1.124166667,309.04,545.455,319.729,629.63,658.145,575.426,604.527,680.68
4048,1.124444444,309.04,545.455,319.729,629.63,658.145,575.426,604.527,680.68
4049,1.124722222,309.052,545.446,319.715,629.773,658.153,575.437,604.534,680.69
4050,1.125,309.052,545.446,319.715,629.773,658.153,575.437,604.534,680.69
4051,1.125277778,309.052,545.446,319.715,629.773,658.153,575.437,604.534,680.69
4052,1.125555556,309.052,545.446,319.715,629.773,658.153,575.437,604.534,680.69
4053,1.125833333,309.06,545.48,319.72,630.126,658.171,575.471,604.552,680.731
4054,1.126111111,309.06,545.48,319.72,630.126,658.171,575.471,604.552,680.731
4055,1.126388889,309.06,545.48,319.72,630.126,658.171,575.471,604.552,680.731
4056,1.126666667,309.081,545.527,319.737,630.364,658.209,575.487,604.588,680.774
4057,1.126944444,309.081,545.527,319.737,630.364,658.209,575.487,604.588,680.774
4058,1.127222222,309.081,545.527,319.737,630.364,658.209,575.487,604.588,680.774
4059,1.1275,309.081,545.527,319.737,630.364,658.209,575.487,604.588,680.774
4060,1.127777778,309.093,545.548,319.741,630.375,658.239,575.5,604.594,680.825
4061,1.128055556,309.093,545.548,319.741,630.375,658.239,575.5,604.594,680.825
4062,1.128333333,309.093,545.548,319.741,630.375,658.239,575.5,604.594,680.825
4063,1.128611111,309.1,545.584,319.746,630.408,658.278,575.516,604.598,680.877
4064,1.128888889,309.1,545.584,319.746,630.408,658.278,575.516,604.598,680.877
4065,1.129166667,309.1,545.584,319.746,630.408,658.278,575.516,604.598,680.877
4066,1.129444444,309.1,545.584,319.746,630.408,658.278,575.516,604.598,680.877
4067,1.129722222,309.12,545.582,319.763,630.416,658.321,575.542,604.63,680.96
4068,1.13,309.12,545.582,319.763,630.416,658.321,575.542,604.63,680.96
4069,1.130277778,309.12,545.582,319.763,630.416,658.321,575.542,604.63,680.96
4070,1.130555556,309.13,545.646,319.776,630.3,658.372,575.572,604.661,681.03
4071,1.130833333,309.13,545.646,319.776,630.3,658.372,575.572,604.661,681.03
4072,1.131111111,309.13,545.646,319.776,630.3,658.372,575.572,604.661,681.03
4073,1.131388889,309.13,545.646,319.776,630.3,658.372,575.572,604.661,681.03
4074,1.131666667,309.152,545.671,319.787,629.882,658.424,575.596,604.68,681.098
4075,1.131944444,309.152,545.671,319.787,629.882,658.424,575.596,604.68,681.098
4076,1.132222222,309.152,545.671,319.787,629.882,658.424,575.596,604.68,681.098
4077,1.1325,309.161,545.695,319.784,629.767,658.477,575.622,604.721,681.145
4078,1.132777778,309.161,545.695,319.784,629.767,658.477,575.622,604.721,681.145
4079,1.133055556,309.161,545.695,319.784,629.767,658.477,575.622,604.721,681.145
4080,1.133333333,309.161,545.695,319.784,629.767,658.477,575.622,604.721,681.145
4081,1.133611111,309.175,545.726,319.792,629.959,658.521,575.649,604.752,681.178
4082,1.133888889,309.175,545.726,319.792,629.959,658.521,575.649,604.752,681.178
4083,1.134166667,309.175,545.726,319.792,629.959,658.521,575.649,604.752,681.178
4084,1.134444444,309.186,545.754,319.806,630.106,658.545,575.679,604.771,681.186
4085,1.134722222,309.186,545.754,319.806,630.106,658.545,575.679,604.771,681.186
4086,1.135,309.186,545.754,319.806,630.106,658.545,575.679,604.771,681.186
4087,1.135277778,309.186,545.754,319.806,630.106,658.545,575.679,604.771,681.186
4088,1.135555556,309.201,545.778,319.815,630.023,658.579,575.72,604.798,681.211
4089,1.135833333,309.201,545.778,319.815,630.023,658.579,575.72,604.798,681.211
4090,1.136111111,309.201,545.778,319.815,630.023,658.579,575.72,604.798,681.211
4091,1.136388889,309.216,545.801,319.83,630.094,658.599,575.749,604.841,681.224
4092,1.136666667,309.216,545.801,319.83,630.094,658.599,575.749,604.841,681.224
4093,1.136944444,309.216,545.801,319.83,630.094,658.599,575.749,604.841,681.224
4094,1.137222222,309.216,545.801,319.83,630.094,658.599,575.749,604.841,681.224
4095,1.1375,309.234,545.861,319.837,630.171,658.629,575.79,604.873,681.229
4096,1.137777778,309.234,545.861,319.837,630.171,658.629,575.79,604.873,681.229
4097,1.138055556,309.234,545.861,319.837,630.171,658.629,575.79,604.873,681.229
4098,1.138333333,309.241,545.895,319.843,630.23,658.634,575.805,604.912,681.252
4099,1.138611111,309.241,545.895,319.843,630.23,658.634,575.805,604.912,681.252
4100,1.138888889,309.241,545.895,319.843,630.23,658.634,575.805,604.912,681.252
4101,1.139166667,309.241,545.895,319.843,630.23,658.634,575.805,604.912,681.252
4102,1.139444444,309.241,545.936,319.856,630.097,658.667,575.838,604.94,681.294
4103,1.139722222,309.241,545.936,319.856,630.097,658.667,575.838,604.94,681.294
4104,1.14,309.241,545.936,319.856,630.097,658.667,575.838,604.94,681.294
4105,1.140277778,309.26,545.974,319.865,629.892,658.684,575.88,604.986,681.299
4106,1.140555556,309.26,545.974,319.865,629.892,658.684,575.88,604.986,681.299
4107,1.140833333,309.26,545.974,319.865,629.892,658.684,575.88,604.986,681.299
4108,1.141111111,309.26,545.974,319.865,629.892,658.684,575.88,604.986,681.299
4109,1.141388889,309.275,545.983,319.872,629.778,658.716,575.914,604.986,681.304
4110,1.141666667,309.275,545.983,319.872,629.778,658.716,575.914,604.986,681.304
4111,1.141944444,309.275,545.983,319.872,629.778,658.716,575.914,604.986,681.304
4112,1.142222222,309.284,546.004,319.892,629.9,658.712,575.936,605.032,681.3
4113,1.1425,309.284,546.004,319.892,629.9,658.712,575.936,605.032,681.3
4114,1.142777778,309.284,546.004,319.892,629.9,658.712,575.936,605.032,681.3
4115,1.143055556,309.284,546.004,319.892,629.9,658.712,575.936,605.032,681.3
4116,1.143333333,309.301,546.033,319.89,630.028,658.726,575.963,605.048,681.297
4117,1.143611111,309.301,546.033,319.89,630.028,658.726,575.963,605.048,681.297
4118,1.143888889,309.301,546.033,319.89,630.028,658.726,575.963,605.048,681.297
4119,1.144166667,309.321,546.069,319.899,630.203,658.727,576.005,605.057,681.299
4120,1.144444444,309.321,546.069,319.899,630.203,658.727,576.005,605.057,681.299
4121,1.144722222,309.321,546.069,319.899,630.203,658.727,576.005,605.057,681.299
4122,1.145,309.321,546.069,319.899,630.203,658.727,576.005,605.057,681.299
4123,1.145277778,309.333,546.094,319.908,630.271,658.735,576.031,605.1,681.31
4124,1.145555556,309.333,546.094,319.908,630.271,658.735,576.031,605.1,681.31
4125,1.145833333,309.333,546.094,319.908,630.271,658.735,576.031,605.1,681.31
4126,1.146111111,309.344,546.142,319.921,630.235,658.767,576.056,605.146,681.35
4127,1.146388889,309.344,546.142,319.921,630.235,658.767,576.056,605.146,681.35
4128,1.146666667,309.344,546.142,319.921,630.235,658.767,576.056,605.146,681.35
4129,1.146944444,309.344,546.142,319.921,630.235,658.767,576.056,605.146,681.35
4130,1.147222222,309.353,546.194,319.933,630.247,658.776,576.088,605.176,681.378
4131,1.1475,309.353,546.194,319.933,630.247,658.776,576.088,605.176,681.378
4132,1.147777778,309.353,546.194,319.933,630.247,658.776,576.088,605.176,681.378
4133,1.148055556,309.378,546.236,319.951,630.248,658.804,576.111,605.193,681.388
4134,1.148333333,309.378,546.236,319.951,630.248,658.804,576.111,605.193,681.388
4135,1.148611111,309.378,546.236,319.951,630.248,658.804,576.111,605.193,681.388
4136,1.148888889,309.378,546.236,319.951,630.248,658.804,576.111,605.193,681.388
4137,1.149166667,309.381,546.267,319.943,630.029,658.808,576.134,605.229,681.43
4138,1.149444444,309.381,546.267,319.943,630.029,658.808,576.134,605.229,681.43
4139,1.149722222,309.381,546.267,319.943,630.029,658.808,576.134,605.229,681.43
4140,1.15,309.4,546.292,319.956,629.816,658.833,576.183,605.264,681.45
4141,1.150277778,309.4,546.292,319.956,629.816,658.833,576.183,605.264,681.45
4142,1.150555556,309.4,546.292,319.956,629.816,658.833,576.183,605.264,681.45
4143,1.150833333,309.4,546.292,319.956,629.816,658.833,576.183,605.264,681.45
4144,1.151111111,309.407,546.338,319.966,629.642,658.853,576.203,605.275,681.437
4145,1.151388889,309.407,546.338,319.966,629.642,658.853,576.203,605.275,681.437
4146,1.151666667,309.407,546.338,319.966,629.642,658.853,576.203,605.275,681.437
4147,1.151944444,309.421,546.354,319.975,629.522,658.856,576.238,605.301,681.425
4148,1.152222222,309.421,546.354,319.975,629.522,658.856,576.238,605.301,681.425
4149,1.1525,309.421,546.354,319.975,629.522,658.856,576.238,605.301,681.425
4150,1.152777778,309.421,546.354,319.975,629.522,658.856,576.238,605.301,681.425
4151,1.153055556,309.43,546.342,319.981,629.635,658.851,576.264,605.315,681.397
4152,1.153333333,309.43,546.342,319.981,629.635,658.851,576.264,605.315,681.397
4153,1.153611111,309.43,546.342,319.981,629.635,658.851,576.264,605.315,681.397
4154,1.153888889,309.445,546.373,319.993,630.025,658.844,576.272,605.337,681.372
4155,1.154166667,309.445,546.373,319.993,630.025,658.844,576.272,605.337,681.372
4156,1.154444444,309.445,546.373,319.993,630.025,658.844,576.272,605.337,681.372
4157,1.154722222,309.445,546.373,319.993,630.025,658.844,576.272,605.337,681.372
4158,1.155,309.465,546.407,320.023,630.383,658.849,576.324,605.375,681.374
4159,1.155277778,309.465,546.407,320.023,630.383,658.849,576.324,605.375,681.374
4160,1.155555556,309.465,546.407,320.023,630.383,658.849,576.324,605.375,681.374
4161,1.155833333,309.466,546.431,320.019,630.51,658.853,576.349,605.39,681.393
4162,1.156111111,309.466,546.431,320.019,630.51,658.853,576.349,605.39,681.393
4163,1.156388889,309.466,546.431,320.019,630.51,658.853,576.349,605.39,681.393
4164,1.156666667,309.466,546.431,320.019,630.51,658.853,576.349,605.39,681.393
4165,1.156944444,309.484,546.453,320,630.68,658.848,576.361,605.402,681.407
4166,1.157222222,309.484,546.453,320,630.68,658.848,576.361,605.402,681.407
4167,1.1575,309.484,546.453,320,630.68,658.848,576.361,605.402,681.407
4168,1.157777778,309.498,546.494,320.02,630.886,658.881,576.396,605.434,681.47
4169,1.158055556,309.498,546.494,320.02,630.886,658.881,576.396,605.434,681.47
4170,1.158333333,309.498,546.494,320.02,630.886,658.881,576.396,605.434,681.47
4171,1.158611111,309.498,546.494,320.02,630.886,658.881,576.396,605.434,681.47
4172,1.158888889,309.511,546.522,320.029,630.96,658.917,576.424,605.445,681.531
4173,1.159166667,309.511,546.522,320.029,630.96,658.917,576.424,605.445,681.531
4174,1.159444444,309.511,546.522,320.029,630.96,658.917,576.424,605.445,681.531
4175,1.159722222,309.518,546.565,320.034,630.803,658.941,576.436,605.468,681.628
4176,1.16,309.518,546.565,320.034,630.803,658.941,576.436,605.468,681.628
4177,1.160277778,309.518,546.565,320.034,630.803,658.941,576.436,605.468,681.628
4178,1.160555556,309.523,546.582,320.03,630.648,658.987,576.456,605.473,681.671
4179,1.160833333,309.523,546.582,320.03,630.648,658.987,576.456,605.473,681.671
4180,1.161111111,309.523,546.582,320.03,630.648,658.987,576.456,605.473,681.671
4181,1.161388889,309.523,546.582,320.03,630.648,658.987,576.456,605.473,681.671
4182,1.161666667,309.548,546.622,320.034,630.541,659.047,576.49,605.522,681.753
4183,1.161944444,309.548,546.622,320.034,630.541,659.047,576.49,605.522,681.753
4184,1.162222222,309.548,546.622,320.034,630.541,659.047,576.49,605.522,681.753
4185,1.1625,309.57,546.671,320.058,630.562,659.096,576.526,605.554,681.791
4186,1.162777778,309.57,546.671,320.058,630.562,659.096,576.526,605.554,681.791
4187,1.163055556,309.57,546.671,320.058,630.562,659.096,576.526,605.554,681.791
4188,1.163333333,309.57,546.671,320.058,630.562,659.096,576.526,605.554,681.791
4189,1.163611111,309.569,546.676,320.054,630.528,659.137,576.551,605.558,681.83
4190,1.163888889,309.569,546.676,320.054,630.528,659.137,576.551,605.558,681.83
4191,1.164166667,309.569,546.676,320.054,630.528,659.137,576.551,605.558,681.83
4192,1.164444444,309.587,546.707,320.058,630.565,659.183,576.575,605.604,681.853
4193,1.164722222,309.587,546.707,320.058,630.565,659.183,576.575,605.604,681.853
4194,1.165,309.587,546.707,320.058,630.565,659.183,576.575,605.604,681.853
4195,1.165277778,309.587,546.707,320.058,630.565,659.183,576.575,605.604,681.853
4196,1.165555556,309.602,546.741,320.065,630.674,659.208,576.609,605.612,681.859
4197,1.165833333,309.602,546.741,320.065,630.674,659.208,576.609,605.612,681.859
4198,1.166111111,309.602,546.741,320.065,630.674,659.208,576.609,605.612,681.859
4199,1.166388889,309.602,546.741,320.065,630.674,659.208,576.609,605.612,681.859
4200,1.166666667,309.609,546.771,320.071,630.598,659.227,576.635,605.662,681.893
4201,1.166944444,309.609,546.771,320.071,630.598,659.227,576.635,605.662,681.893
4202,1.167222222,309.609,546.771,320.071,630.598,659.227,576.635,605.662,681.893
4203,1.1675,309.629,546.821,320.1,630.55,659.263,576.678,605.707,681.937
4204,1.167777778,309.629,546.821,320.1,630.55,659.263,576.678,605.707,681.937
4205,1.168055556,309.629,546.821,320.1,630.55,659.263,576.678,605.707,681.937
4206,1.168333333,309.64,546.851,320.104,630.481,659.287,576.714,605.73,681.928
4207,1.168611111,309.64,546.851,320.104,630.481,659.287,576.714,605.73,681.928
4208,1.168888889,309.64,546.851,320.104,630.481,659.287,576.714,605.73,681.928
4209,1.169166667,309.64,546.851,320.104,630.481,659.287,576.714,605.73,681.928
4210,1.169444444,309.643,546.898,320.102,630.418,659.305,576.736,605.769,681.949
4211,1.169722222,309.643,546.898,320.102,630.418,659.305,576.736,605.769,681.949
4212,1.17,309.643,546.898,320.102,630.418,659.305,576.736,605.769,681.949
4213,1.170277778,309.661,546.914,320.114,630.218,659.321,576.77,605.794,681.978
4214,1.170555556,309.661,546.914,320.114,630.218,659.321,576.77,605.794,681.978
4215,1.170833333,309.661,546.914,320.114,630.218,659.321,576.77,605.794,681.978
4216,1.171111111,309.661,546.914,320.114,630.218,659.321,576.77,605.794,681.978
4217,1.171388889,309.666,546.959,320.116,630.176,659.334,576.791,605.803,681.955
4218,1.171666667,309.666,546.959,320.116,630.176,659.334,576.791,605.803,681.955
4219,1.171944444,309.666,546.959,320.116,630.176,659.334,576.791,605.803,681.955
4220,1.172222222,309.678,546.962,320.119,630.152,659.336,576.818,605.835,681.929
4221,1.1725,309.678,546.962,320.119,630.152,659.336,576.818,605.835,681.929
4222,1.172777778,309.678,546.962,320.119,630.152,659.336,576.818,605.835,681.929
4223,1.173055556,309.678,546.962,320.119,630.152,659.336,576.818,605.835,681.929
4224,1.173333333,309.692,547.004,320.12,630.126,659.342,576.858,605.861,681.921
4225,1.173611111,309.692,547.004,320.12,630.126,659.342,576.858,605.861,681.921
4226,1.173888889,309.692,547.004,320.12,630.126,659.342,576.858,605.861,681.921
4227,1.174166667,309.712,547.044,320.118,630.359,659.345,576.901,605.903,681.917
4228,1.174444444,309.712,547.044,320.118,630.359,659.345,576.901,605.903,681.917
4229,1.174722222,309.712,547.044,320.118,630.359,659.345,576.901,605.903,681.917
4230,1.175,309.712,547.044,320.118,630.359,659.345,576.901,605.903,681.917
4231,1.175277778,309.73,547.086,320.147,630.574,659.35,576.94,605.943,681.916
4232,1.175555556,309.73,547.086,320.147,630.574,659.35,576.94,605.943,681.916
4233,1.175833333,309.73,547.086,320.147,630.574,659.35,576.94,605.943,681.916
4234,1.176111111,309.723,547.101,320.14,630.543,659.342,576.931,605.962,681.914
4235,1.176388889,309.723,547.101,320.14,630.543,659.342,576.931,605.962,681.914
4236,1.176666667,309.723,547.101,320.14,630.543,659.342,576.931,605.962,681.914
4237,1.176944444,309.723,547.101,320.14,630.543,659.342,576.931,605.962,681.914
4238,1.177222222,309.743,547.138,320.153,630.381,659.35,576.975,605.974,681.919
4239,1.1775,309.743,547.138,320.153,630.381,659.35,576.975,605.974,681.919
4240,1.177777778,309.743,547.138,320.153,630.381,659.35,576.975,605.974,681.919
4241,1.178055556,309.762,547.168,320.153,630.353,659.363,576.996,606.008,681.937
4242,1.178333333,309.762,547.168,320.153,630.353,659.363,576.996,606.008,681.937
4243,1.178611111,309.762,547.168,320.153,630.353,659.363,576.996,606.008,681.937
4244,1.178888889,309.762,547.168,320.153,630.353,659.363,576.996,606.008,681.937
4245,1.179166667,309.768,547.205,320.16,630.455,659.382,577.027,606.022,681.93
4246,1.179444444,309.768,547.205,320.16,630.455,659.382,577.027,606.022,681.93
4247,1.179722222,309.768,547.205,320.16,630.455,659.382,577.027,606.022,681.93
4248,1.18,309.791,547.236,320.176,630.415,659.382,577.06,606.051,681.965
4249,1.180277778,309.791,547.236,320.176,630.415,659.382,577.06,606.051,681.965
4250,1.180555556,309.791,547.236,320.176,630.415,659.382,577.06,606.051,681.965
4251,1.180833333,309.791,547.236,320.176,630.415,659.382,577.06,606.051,681.965
4252,1.181111111,309.803,547.269,320.172,630.522,659.396,577.079,606.072,681.966
4253,1.181388889,309.803,547.269,320.172,630.522,659.396,577.079,606.072,681.966
4254,1.181666667,309.803,547.269,320.172,630.522,659.396,577.079,606.072,681.966
4255,1.181944444,309.816,547.321,320.184,630.361,659.42,577.113,606.088,681.974
4256,1.182222222,309.816,547.321,320.184,630.361,659.42,577.113,606.088,681.974
4257,1.1825,309.816,547.321,320.184,630.361,659.42,577.113,606.088,681.974
4258,1.182777778,309.816,547.321,320.184,630.361,659.42,577.113,606.088,681.974
4259,1.183055556,309.828,547.329,320.195,629.928,659.416,577.138,606.133,681.995
4260,1.183333333,309.828,547.329,320.195,629.928,659.416,577.138,606.133,681.995
4261,1.183611111,309.828,547.329,320.195,629.928,659.416,577.138,606.133,681.995
4262,1.183888889,309.824,547.368,320.194,629.603,659.422,577.152,606.146,681.975
4263,1.184166667,309.824,547.368,320.194,629.603,659.422,577.152,606.146,681.975
4264,1.184444444,309.824,547.368,320.194,629.603,659.422,577.152,606.146,681.975
4265,1.184722222,309.824,547.368,320.194,629.603,659.422,577.152,606.146,681.975
4266,1.185,309.849,547.372,320.206,629.534,659.428,577.188,606.148,681.965
4267,1.185277778,309.849,547.372,320.206,629.534,659.428,577.188,606.148,681.965
4268,1.185555556,309.849,547.372,320.206,629.534,659.428,577.188,606.148,681.965
4269,1.185833333,309.858,547.402,320.227,629.729,659.414,577.205,606.179,681.924
4270,1.186111111,309.858,547.402,320.227,629.729,659.414,577.205,606.179,681.924
4271,1.186388889,309.858,547.402,320.227,629.729,659.414,577.205,606.179,681.924
4272,1.186666667,309.858,547.402,320.227,629.729,659.414,577.205,606.179,681.924
4273,1.186944444,309.877,547.434,320.238,629.917,659.408,577.231,606.199,681.884
4274,1.187222222,309.877,547.434,320.238,629.917,659.408,577.231,606.199,681.884
4275,1.1875,309.877,547.434,320.238,629.917,659.408,577.231,606.199,681.884
4276,1.187777778,309.883,547.467,320.239,629.96,659.388,577.259,606.207,681.856
4277,1.188055556,309.883,547.467,320.239,629.96,659.388,577.259,606.207,681.856
4278,1.188333333,309.883,547.467,320.239,629.96,659.388,577.259,606.207,681.856
4279,1.188611111,309.902,547.51,320.251,629.962,659.389,577.293,606.243,681.862
4280,1.188888889,309.902,547.51,320.251,629.962,659.389,577.293,606.243,681.862
4281,1.189166667,309.902,547.51,320.251,629.962,659.389,577.293,606.243,681.862
4282,1.189444444,309.902,547.51,320.251,629.962,659.389,577.293,606.243,681.862
4283,1.189722222,309.912,547.53,320.252,630.003,659.368,577.315,606.248,681.861
4284,1.19,309.912,547.53,320.252,630.003,659.368,577.315,606.248,681.861
4285,1.190277778,309.912,547.53,320.252,630.003,659.368,577.315,606.248,681.861
4286,1.190555556,309.919,547.535,320.264,630.077,659.368,577.324,606.273,681.852
4287,1.190833333,309.919,547.535,320.264,630.077,659.368,577.324,606.273,681.852
4288,1.191111111,309.919,547.535,320.264,630.077,659.368,577.324,606.273,681.852
4289,1.191388889,309.919,547.535,320.264,630.077,659.368,577.324,606.273,681.852
4290,1.191666667,309.928,547.573,320.272,630.214,659.364,577.336,606.274,681.854
4291,1.191944444,309.928,547.573,320.272,630.214,659.364,577.336,606.274,681.854
4292,1.192222222,309.928,547.573,320.272,630.214,659.364,577.336,606.274,681.854
4293,1.1925,309.947,547.598,320.294,630.086,659.368,577.375,606.29,681.851
4294,1.192777778,309.947,547.598,320.294,630.086,659.368,577.375,606.29,681.851
4295,1.193055556,309.947,547.598,320.294,630.086,659.368,577.375,606.29,681.851
4296,1.193333333,309.947,547.598,320.294,630.086,659.368,577.375,606.29,681.851
4297,1.193611111,309.956,547.624,320.304,629.977,659.368,577.391,606.313,681.884
4298,1.193888889,309.956,547.624,320.304,629.977,659.368,577.391,606.313,681.884
4299,1.194166667,309.956,547.624,320.304,629.977,659.368,577.391,606.313,681.884
4300,1.194444444,309.968,547.661,320.308,630.035,659.384,577.415,606.323,681.891
4301,1.194722222,309.968,547.661,320.308,630.035,659.384,577.415,606.323,681.891
4302,1.195,309.968,547.661,320.308,630.035,659.384,577.415,606.323,681.891
4303,1.195277778,309.968,547.661,320.308,630.035,659.384,577.415,606.323,681.891
4304,1.195555556,309.984,547.689,320.323,630.055,659.387,577.439,606.337,681.903
4305,1.195833333,309.984,547.689,320.323,630.055,659.387,577.439,606.337,681.903
4306,1.196111111,309.984,547.689,320.323,630.055,659.387,577.439,606.337,681.903
4307,1.196388889,309.996,547.715,320.321,630.003,659.395,577.461,606.351,681.915
4308,1.196666667,309.996,547.715,320.321,630.003,659.395,577.461,606.351,681.915
4309,1.196944444,309.996,547.715,320.321,630.003,659.395,577.461,606.351,681.915
4310,1.197222222,309.996,547.715,320.321,630.003,659.395,577.461,606.351,681.915
4311,1.1975,310.018,547.738,320.351,630.021,659.418,577.488,606.388,681.941
4312,1.197777778,310.018,547.738,320.351,630.021,659.418,577.488,606.388,681.941
4313,1.198055556,310.018,547.738,320.351,630.021,659.418,577.488,606.388,681.941
4314,1.198333333,310.019,547.759,320.332,630.123,659.417,577.493,606.375,681.912
4315,1.198611111,310.019,547.759,320.332,630.123,659.417,577.493,606.375,681.912
4316,1.198888889,310.019,547.759,320.332,630.123,659.417,577.493,606.375,681.912
4317,1.199166667,310.019,547.759,320.332,630.123,659.417,577.493,606.375,681.912
4318,1.199444444,310.037,547.775,320.354,630.227,659.43,577.51,606.409,681.934
4319,1.199722222,310.037,547.775,320.354,630.227,659.43,577.51,606.409,681.934
4320,1.2,310.037,547.775,320.354,630.227,659.43,577.51,606.409,681.934
4321,1.200277778,310.059,547.827,320.356,630.132,659.443,577.536,606.436,681.949
4322,1.200555556,310.059,547.827,320.356,630.132,659.443,577.536,606.436,681.949
4323,1.200833333,310.059,547.827,320.356,630.132,659.443,577.536,606.436,681.949
4324,1.201111111,310.059,547.827,320.356,630.132,659.443,577.536,606.436,681.949
4325,1.201388889,310.054,547.848,320.351,629.979,659.444,577.547,606.432,681.946
4326,1.201666667,310.054,547.848,320.351,629.979,659.444,577.547,606.432,681.946
4327,1.201944444,310.054,547.848,320.351,629.979,659.444,577.547,606.432,681.946
4328,1.202222222,310.075,547.892,320.366,629.851,659.465,577.574,606.476,681.974
4329,1.2025,310.075,547.892,320.366,629.851,659.465,577.574,606.476,681.974
4330,1.202777778,310.075,547.892,320.366,629.851,659.465,577.574,606.476,681.974
4331,1.203055556,310.075,547.892,320.366,629.851,659.465,577.574,606.476,681.974
4332,1.203333333,310.091,547.907,320.38,629.622,659.462,577.587,606.467,681.949
4333,1.203611111,310.091,547.907,320.38,629.622,659.462,577.587,606.467,681.949
4334,1.203888889,310.091,547.907,320.38,629.622,659.462,577.587,606.467,681.949
4335,1.204166667,310.107,547.946,320.381,629.445,659.472,577.615,606.485,681.929
4336,1.204444444,310.107,547.946,320.381,629.445,659.472,577.615,606.485,681.929
4337,1.204722222,310.107,547.946,320.381,629.445,659.472,577.615,606.485,681.929
4338,1.205,310.107,547.946,320.381,629.445,659.472,577.615,606.485,681.929
4339,1.205277778,310.126,547.977,320.396,629.35,659.473,577.636,606.53,681.929
4340,1.205555556,310.126,547.977,320.396,629.35,659.473,577.636,606.53,681.929
4341,1.205833333,310.126,547.977,320.396,629.35,659.473,577.636,606.53,681.929
4342,1.206111111,310.124,547.988,320.409,629.325,659.452,577.66,606.538,681.892
4343,1.206388889,310.124,547.988,320.409,629.325,659.452,577.66,606.538,681.892
4344,1.206666667,310.124,547.988,320.409,629.325,659.452,577.66,606.538,681.892
4345,1.206944444,310.124,547.988,320.409,629.325,659.452,577.66,606.538,681.892
4346,1.207222222,310.136,547.989,320.407,629.4,659.446,577.684,606.535,681.859
4347,1.2075,310.136,547.989,320.407,629.4,659.446,577.684,606.535,681.859
4348,1.207777778,310.136,547.989,320.407,629.4,659.446,577.684,606.535,681.859
4349,1.208055556,310.163,548.02,320.41,629.593,659.409,577.696,606.551,681.808
4350,1.208333333,310.163,548.02,320.41,629.593,659.409,577.696,606.551,681.808
4351,1.208611111,310.163,548.02,320.41,629.593,659.409,577.696,606.551,681.808
4352,1.208888889,310.163,548.02,320.41,629.593,659.409,577.696,606.551,681.808
4353,1.209166667,310.153,548.039,320.415,629.894,659.384,577.71,606.569,681.765
4354,1.209444444,310.153,548.039,320.415,629.894,659.384,577.71,606.569,681.765
4355,1.209722222,310.153,548.039,320.415,629.894,659.384,577.71,606.569,681.765
4356,1.21,310.191,548.087,320.448,630.009,659.38,577.742,606.579,681.766
4357,1.210277778,310.191,548.087,320.448,630.009,659.38,577.742,606.579,681.766
4358,1.210555556,310.191,548.087,320.448,630.009,659.38,577.742,606.579,681.766
4359,1.210833333,310.204,548.111,320.452,630.056,659.36,577.764,606.596,681.766
4360,1.211111111,310.204,548.111,320.452,630.056,659.36,577.764,606.596,681.766
4361,1.211388889,310.204,548.111,320.452,630.056,659.36,577.764,606.596,681.766
4362,1.211666667,310.204,548.111,320.452,630.056,659.36,577.764,606.596,681.766
4363,1.211944444,310.199,548.13,320.459,630.032,659.354,577.769,606.605,681.764
4364,1.212222222,310.199,548.13,320.459,630.032,659.354,577.769,606.605,681.764
4365,1.2125,310.199,548.13,320.459,630.032,659.354,577.769,606.605,681.764
4366,1.212777778,310.214,548.142,320.475,630.003,659.364,577.797,606.627,681.794
4367,1.213055556,310.214,548.142,320.475,630.003,659.364,577.797,606.627,681.794
4368,1.213333333,310.214,548.142,320.475,630.003,659.364,577.797,606.627,681.794
4369,1.213611111,310.214,548.142,320.475,630.003,659.364,577.797,606.627,681.794
4370,1.213888889,310.221,548.164,320.472,630.196,659.354,577.795,606.61,681.776
4371,1.214166667,310.221,548.164,320.472,630.196,659.354,577.795,606.61,681.776
4372,1.214444444,310.221,548.164,320.472,630.196,659.354,577.795,606.61,681.776
4373,1.214722222,310.246,548.196,320.495,630.349,659.369,577.825,606.627,681.813
4374,1.215,310.246,548.196,320.495,630.349,659.369,577.825,606.627,681.813
4375,1.215277778,310.246,548.196,320.495,630.349,659.369,577.825,606.627,681.813
4376,1.215555556,310.246,548.196,320.495,630.349,659.369,577.825,606.627,681.813
4377,1.215833333,310.257,548.221,320.494,630.404,659.372,577.837,606.652,681.845
4378,1.216111111,310.257,548.221,320.494,630.404,659.372,577.837,606.652,681.845
4379,1.216388889,310.257,548.221,320.494,630.404,659.372,577.837,606.652,681.845
4380,1.216666667,310.257,548.221,320.494,630.404,659.372,577.837,606.652,681.845
4381,1.216944444,310.268,548.253,320.507,630.341,659.407,577.852,606.659,681.869
4382,1.217222222,310.268,548.253,320.507,630.341,659.407,577.852,606.659,681.869
4383,1.2175,310.268,548.253,320.507,630.341,659.407,577.852,606.659,681.869
4384,1.217777778,310.276,548.255,320.512,630.398,659.417,577.861,606.66,681.891
4385,1.218055556,310.276,548.255,320.512,630.398,659.417,577.861,606.66,681.891
4386,1.218333333,310.276,548.255,320.512,630.398,659.417,577.861,606.66,681.891
4387,1.218611111,310.276,548.255,320.512,630.398,659.417,577.861,606.66,681.891
4388,1.218888889,310.287,548.298,320.525,630.412,659.435,577.889,606.679,681.923
4389,1.219166667,310.287,548.298,320.525,630.412,659.435,577.889,606.679,681.923
4390,1.219444444,310.287,548.298,320.525,630.412,659.435,577.889,606.679,681.923
4391,1.219722222,310.293,548.319,320.531,630.246,659.463,577.897,606.697,681.95
4392,1.22,310.293,548.319,320.531,630.246,659.463,577.897,606.697,681.95
4393,1.220277778,310.293,548.319,320.531,630.246,659.463,577.897,606.697,681.95
4394,1.220555556,310.293,548.319,320.531,630.246,659.463,577.897,606.697,681.95
4395,1.220833333,310.319,548.351,320.553,630.218,659.491,577.921,606.707,681.981
4396,1.221111111,310.319,548.351,320.553,630.218,659.491,577.921,606.707,681.981
4397,1.221388889,310.319,548.351,320.553,630.218,659.491,577.921,606.707,681.981
4398,1.221666667,310.337,548.364,320.564,630.282,659.499,577.936,606.734,681.983
4399,1.221944444,310.337,548.364,320.564,630.282,659.499,577.936,606.734,681.983
4400,1.222222222,310.337,548.364,320.564,630.282,659.499,577.936,606.734,681.983
4401,1.2225,310.337,548.364,320.564,630.282,659.499,577.936,606.734,681.983
4402,1.222777778,310.336,548.37,320.567,630.397,659.507,577.961,606.744,681.989
4403,1.223055556,310.336,548.37,320.567,630.397,659.507,577.961,606.744,681.989
4404,1.223333333,310.336,548.37,320.567,630.397,659.507,577.961,606.744,681.989
4405,1.223611111,310.349,548.389,320.584,630.617,659.515,577.98,606.754,681.993
4406,1.223888889,310.349,548.389,320.584,630.617,659.515,577.98,606.754,681.993
4407,1.224166667,310.349,548.389,320.584,630.617,659.515,577.98,606.754,681.993
4408,1.224444444,310.349,548.389,320.584,630.617,659.515,577.98,606.754,681.993
4409,1.224722222,310.367,548.418,320.602,630.957,659.52,577.988,606.788,682.018
4410,1.225,310.367,548.418,320.602,630.957,659.52,577.988,606.788,682.018
4411,1.225277778,310.367,548.418,320.602,630.957,659.52,577.988,606.788,682.018
4412,1.225555556,310.377,548.438,320.608,631.103,659.552,578.021,606.791,682.066
4413,1.225833333,310.377,548.438,320.608,631.103,659.552,578.021,606.791,682.066
4414,1.226111111,310.377,548.438,320.608,631.103,659.552,578.021,606.791,682.066
4415,1.226388889,310.377,548.438,320.608,631.103,659.552,578.021,606.791,682.066
4416,1.226666667,310.396,548.462,320.626,631.145,659.578,578.037,606.831,682.11
4417,1.226944444,310.396,548.462,320.626,631.145,659.578,578.037,606.831,682.11
4418,1.227222222,310.396,548.462,320.626,631.145,659.578,578.037,606.831,682.11
4419,1.2275,310.414,548.504,320.637,631.136,659.622,578.067,606.84,682.17
4420,1.227777778,310.414,548.504,320.637,631.136,659.622,578.067,606.84,682.17
4421,1.228055556,310.414,548.504,320.637,631.136,659.622,578.067,606.84,682.17
4422,1.228333333,310.414,548.504,320.637,631.136,659.622,578.067,606.84,682.17
4423,1.228611111,310.43,548.522,320.646,631.086,659.667,578.08,606.857,682.25
4424,1.228888889,310.43,548.522,320.646,631.086,659.667,578.08,606.857,682.25
4425,1.229166667,310.43,548.522,320.646,631.086,659.667,578.08,606.857,682.25
4426,1.229444444,310.438,548.55,320.647,631.161,659.696,578.101,606.888,682.299
4427,1.229722222,310.438,548.55,320.647,631.161,659.696,578.101,606.888,682.299
4428,1.23,310.438,548.55,320.647,631.161,659.696,578.101,606.888,682.299
4429,1.230277778,310.438,548.55,320.647,631.161,659.696,578.101,606.888,682.299
4430,1.230555556,310.455,548.574,320.653,631.166,659.744,578.123,606.893,682.357
4431,1.230833333,310.455,548.574,320.653,631.166,659.744,578.123,606.893,682.357
4432,1.231111111,310.455,548.574,320.653,631.166,659.744,578.123,606.893,682.357
4433,1.231388889,310.467,548.57,320.646,631.226,659.793,578.138,606.908,682.387
4434,1.231666667,310.467,548.57,320.646,631.226,659.793,578.138,606.908,682.387
4435,1.231944444,310.467,548.57,320.646,631.226,659.793,578.138,606.908,682.387
4436,1.232222222,310.467,548.57,320.646,631.226,659.793,578.138,606.908,682.387
4437,1.2325,310.474,548.593,320.646,631.44,659.829,578.168,606.949,682.443
4438,1.232777778,310.474,548.593,320.646,631.44,659.829,578.168,606.949,682.443
4439,1.233055556,310.474,548.593,320.646,631.44,659.829,578.168,606.949,682.443
4440,1.233333333,310.488,548.608,320.655,631.583,659.876,578.186,606.951,682.483
4441,1.233611111,310.488,548.608,320.655,631.583,659.876,578.186,606.951,682.483
4442,1.233888889,310.488,548.608,320.655,631.583,659.876,578.186,606.951,682.483
4443,1.234166667,310.488,548.608,320.655,631.583,659.876,578.186,606.951,682.483
4444,1.234444444,310.494,548.627,320.656,631.723,659.911,578.215,607.001,682.557
4445,1.234722222,310.494,548.627,320.656,631.723,659.911,578.215,607.001,682.557
4446,1.235,310.494,548.627,320.656,631.723,659.911,578.215,607.001,682.557
4447,1.235277778,310.507,548.644,320.657,631.779,659.968,578.237,607.011,682.627
4448,1.235555556,310.507,548.644,320.657,631.779,659.968,578.237,607.011,682.627
4449,1.235833333,310.507,548.644,320.657,631.779,659.968,578.237,607.011,682.627
4450,1.236111111,310.507,548.644,320.657,631.779,659.968,578.237,607.011,682.627
4451,1.236388889,310.515,548.665,320.649,631.989,660.027,578.264,607.047,682.714
4452,1.236666667,310.515,548.665,320.649,631.989,660.027,578.264,607.047,682.714
4453,1.236944444,310.515,548.665,320.649,631.989,660.027,578.264,607.047,682.714
4454,1.237222222,310.538,548.71,320.665,632.105,660.096,578.304,607.091,682.813
4455,1.2375,310.538,548.71,320.665,632.105,660.096,578.304,607.091,682.813
4456,1.237777778,310.538,548.71,320.665,632.105,660.096,578.304,607.091,682.813
4457,1.238055556,310.538,548.71,320.665,632.105,660.096,578.304,607.091,682.813
4458,1.238333333,310.528,548.713,320.664,631.979,660.154,578.311,607.083,682.884
4459,1.238611111,310.528,548.713,320.664,631.979,660.154,578.311,607.083,682.884
4460,1.238888889,310.528,548.713,320.664,631.979,660.154,578.311,607.083,682.884
4461,1.239166667,310.544,548.752,320.674,631.958,660.227,578.343,607.133,682.98
4462,1.239444444,310.544,548.752,320.674,631.958,660.227,578.343,607.133,682.98
4463,1.239722222,310.544,548.752,320.674,631.958,660.227,578.343,607.133,682.98
4464,1.24,310.544,548.752,320.674,631.958,660.227,578.343,607.133,682.98
4465,1.240277778,310.556,548.796,320.677,631.76,660.313,578.384,607.186,683.083
4466,1.240555556,310.556,548.796,320.677,631.76,660.313,578.384,607.186,683.083
4467,1.240833333,310.556,548.796,320.677,631.76,660.313,578.384,607.186,683.083
4468,1.241111111,310.566,548.85,320.68,631.547,660.381,578.421,607.213,683.155
4469,1.241388889,310.566,548.85,320.68,631.547,660.381,578.421,607.213,683.155
4470,1.241666667,310.566,548.85,320.68,631.547,660.381,578.421,607.213,683.155
4471,1.241944444,310.577,548.869,320.686,631.252,660.454,578.453,607.253,683.22
4472,1.242222222,310.577,548.869,320.686,631.252,660.454,578.453,607.253,683.22
4473,1.2425,310.577,548.869,320.686,631.252,660.454,578.453,607.253,683.22
4474,1.242777778,310.577,548.869,320.686,631.252,660.454,578.453,607.253,683.22
4475,1.243055556,310.602,548.894,320.704,631.145,660.509,578.497,607.298,683.255
4476,1.243333333,310.602,548.894,320.704,631.145,660.509,578.497,607.298,683.255
4477,1.243611111,310.602,548.894,320.704,631.145,660.509,578.497,607.298,683.255
4478,1.243888889,310.588,548.884,320.699,631.232,660.545,578.522,607.316,683.27
4479,1.244166667,310.588,548.884,320.699,631.232,660.545,578.522,607.316,683.27
4480,1.244444444,310.588,548.884,320.699,631.232,660.545,578.522,607.316,683.27
4481,1.244722222,310.588,548.884,320.699,631.232,660.545,578.522,607.316,683.27
4482,1.245,310.61,548.929,320.696,631.513,660.581,578.55,607.376,683.285
4483,1.245277778,310.61,548.929,320.696,631.513,660.581,578.55,607.376,683.285
4484,1.245555556,310.61,548.929,320.696,631.513,660.581,578.55,607.376,683.285
4485,1.245833333,310.623,548.946,320.698,631.651,660.613,578.59,607.399,683.289
4486,1.246111111,310.623,548.946,320.698,631.651,660.613,578.59,607.399,683.289
4487,1.246388889,310.623,548.946,320.698,631.651,660.613,578.59,607.399,683.289
4488,1.246666667,310.623,548.946,320.698,631.651,660.613,578.59,607.399,683.289
4489,1.246944444,310.622,548.966,320.704,631.841,660.648,578.634,607.443,683.326
4490,1.247222222,310.622,548.966,320.704,631.841,660.648,578.634,607.443,683.326
4491,1.2475,310.622,548.966,320.704,631.841,660.648,578.634,607.443,683.326
4492,1.247777778,310.633,548.995,320.706,632.153,660.686,578.664,607.475,683.36
4493,1.248055556,310.633,548.995,320.706,632.153,660.686,578.664,607.475,683.36
4494,1.248333333,310.633,548.995,320.706,632.153,660.686,578.664,607.475,683.36
4495,1.248611111,310.633,548.995,320.706,632.153,660.686,578.664,607.475,683.36
4496,1.248888889,310.639,549.043,320.717,632.464,660.709,578.707,607.541,683.408
4497,1.249166667,310.639,549.043,320.717,632.464,660.709,578.707,607.541,683.408
4498,1.249444444,310.639,549.043,320.717,632.464,660.709,578.707,607.541,683.408
4499,1.249722222,310.644,549.054,320.699,632.552,660.75,578.728,607.555,683.457
4500,1.25,310.644,549.054,320.699,632.552,660.75,578.728,607.555,683.457
4501,1.250277778,310.644,549.054,320.699,632.552,660.75,578.728,607.555,683.457
4502,1.250555556,310.644,549.054,320.699,632.552,660.75,578.728,607.555,683.457
4503,1.250833333,310.658,549.082,320.708,632.57,660.799,578.766,607.596,683.54
4504,1.251111111,310.658,549.082,320.708,632.57,660.799,578.766,607.596,683.54
4505,1.251388889,310.658,549.082,320.708,632.57,660.799,578.766,607.596,683.54
4506,1.251666667,310.667,549.123,320.71,632.645,660.855,578.812,607.632,683.628
4507,1.251944444,310.667,549.123,320.71,632.645,660.855,578.812,607.632,683.628
4508,1.252222222,310.667,549.123,320.71,632.645,660.855,578.812,607.632,683.628
4509,1.2525,310.667,549.123,320.71,632.645,660.855,578.812,607.632,683.628
4510,1.252777778,310.685,549.183,320.716,632.541,660.936,578.845,607.688,683.728
4511,1.253055556,310.685,549.183,320.716,632.541,660.936,578.845,607.688,683.728
4512,1.253333333,310.685,549.183,320.716,632.541,660.936,578.845,607.688,683.728
4513,1.253611111,310.687,549.215,320.713,632.24,661,578.87,607.711,683.803
4514,1.253888889,310.687,549.215,320.713,632.24,661,578.87,607.711,683.803
4515,1.254166667,310.687,549.215,320.713,632.24,661,578.87,607.711,683.803
4516,1.254444444,310.687,549.215,320.713,632.24,661,578.87,607.711,683.803
4517,1.254722222,310.699,549.237,320.701,631.951,661.067,578.908,607.757,683.876
4518,1.255,310.699,549.237,320.701,631.951,661.067,578.908,607.757,683.876
4519,1.255277778,310.699,549.237,320.701,631.951,661.067,578.908,607.757,683.876
4520,1.255555556,310.701,549.262,320.696,631.995,661.148,578.95,607.777,683.919
4521,1.255833333,310.701,549.262,320.696,631.995,661.148,578.95,607.777,683.919
4522,1.256111111,310.701,549.262,320.696,631.995,661.148,578.95,607.777,683.919
4523,1.256388889,310.701,549.262,320.696,631.995,661.148,578.95,607.777,683.919
4524,1.256666667,310.716,549.285,320.704,632.147,661.18,578.983,607.832,683.968
4525,1.256944444,310.716,549.285,320.704,632.147,661.18,578.983,607.832,683.968
4526,1.257222222,310.716,549.285,320.704,632.147,661.18,578.983,607.832,683.968
4527,1.2575,310.721,549.31,320.709,632.332,661.237,579.038,607.862,683.995
4528,1.257777778,310.721,549.31,320.709,632.332,661.237,579.038,607.862,683.995
4529,1.258055556,310.721,549.31,320.709,632.332,661.237,579.038,607.862,683.995
4530,1.258333333,310.721,549.31,320.709,632.332,661.237,579.038,607.862,683.995
4531,1.258611111,310.737,549.353,320.713,632.413,661.281,579.066,607.896,684.031
4532,1.258888889,310.737,549.353,320.713,632.413,661.281,579.066,607.896,684.031
4533,1.259166667,310.737,549.353,320.713,632.413,661.281,579.066,607.896,684.031
4534,1.259444444,310.75,549.39,320.701,632.296,661.323,579.112,607.976,684.098
4535,1.259722222,310.75,549.39,320.701,632.296,661.323,579.112,607.976,684.098
4536,1.26,310.75,549.39,320.701,632.296,661.323,579.112,607.976,684.098
4537,1.260277778,310.75,549.39,320.701,632.296,661.323,579.112,607.976,684.098
4538,1.260555556,310.748,549.427,320.694,632.016,661.369,579.141,607.997,684.134
4539,1.260833333,310.748,549.427,320.694,632.016,661.369,579.141,607.997,684.134
4540,1.261111111,310.748,549.427,320.694,632.016,661.369,579.141,607.997,684.134
4541,1.261388889,310.747,549.455,320.691,631.753,661.421,579.182,608.041,684.183
4542,1.261666667,310.747,549.455,320.691,631.753,661.421,579.182,608.041,684.183
4543,1.261944444,310.747,549.455,320.691,631.753,661.421,579.182,608.041,684.183
4544,1.262222222,310.747,549.455,320.691,631.753,661.421,579.182,608.041,684.183
4545,1.2625,310.761,549.47,320.693,631.677,661.45,579.212,608.057,684.182
4546,1.262777778,310.761,549.47,320.693,631.677,661.45,579.212,608.057,684.182
4547,1.263055556,310.761,549.47,320.693,631.677,661.45,579.212,608.057,684.182
4548,1.263333333,310.771,549.515,320.703,631.739,661.503,579.271,608.111,684.212
4549,1.263611111,310.771,549.515,320.703,631.739,661.503,579.271,608.111,684.212
4550,1.263888889,310.771,549.515,320.703,631.739,661.503,579.271,608.111,684.212
4551,1.264166667,310.771,549.515,320.703,631.739,661.503,579.271,608.111,684.212
4552,1.264444444,310.788,549.557,320.7,631.703,661.529,579.299,608.146,684.222
4553,1.264722222,310.788,549.557,320.7,631.703,661.529,579.299,608.146,684.222
4554,1.265,310.788,549.557,320.7,631.703,661.529,579.299,608.146,684.222
4555,1.265277778,310.789,549.597,320.692,631.734,661.545,579.327,608.211,684.217
4556,1.265555556,310.789,549.597,320.692,631.734,661.545,579.327,608.211,684.217
4557,1.265833333,310.789,549.597,320.692,631.734,661.545,579.327,608.211,684.217
4558,1.266111111,310.789,549.597,320.692,631.734,661.545,579.327,608.211,684.217
4559,1.266388889,310.792,549.633,320.689,631.639,661.559,579.356,608.262,684.241
4560,1.266666667,310.792,549.633,320.689,631.639,661.559,579.356,608.262,684.241
4561,1.266944444,310.792,549.633,320.689,631.639,661.559,579.356,608.262,684.241
4562,1.267222222,310.805,549.644,320.681,631.58,661.561,579.4,608.253,684.202
4563,1.2675,310.805,549.644,320.681,631.58,661.561,579.4,608.253,684.202
4564,1.267777778,310.805,549.644,320.681,631.58,661.561,579.4,608.253,684.202
4565,1.268055556,310.805,549.644,320.681,631.58,661.561,579.4,608.253,684.202
4566,1.268333333,310.801,549.691,320.671,631.725,661.569,579.429,608.292,684.183
4567,1.268611111,310.801,549.691,320.671,631.725,661.569,579.429,608.292,684.183
4568,1.268888889,310.801,549.691,320.671,631.725,661.569,579.429,608.292,684.183
4569,1.269166667,310.812,549.716,320.67,631.536,661.569,579.468,608.345,684.178
4570,1.269444444,310.812,549.716,320.67,631.536,661.569,579.468,608.345,684.178
4571,1.269722222,310.812,549.716,320.67,631.536,661.569,579.468,608.345,684.178
4572,1.27,310.812,549.716,320.67,631.536,661.569,579.468,608.345,684.178
4573,1.270277778,310.817,549.735,320.662,631.354,661.568,579.488,608.366,684.145
4574,1.270555556,310.817,549.735,320.662,631.354,661.568,579.488,608.366,684.145
4575,1.270833333,310.817,549.735,320.662,631.354,661.568,579.488,608.366,684.145
4576,1.271111111,310.834,549.768,320.653,631.318,661.578,579.532,608.405,684.161
4577,1.271388889,310.834,549.768,320.653,631.318,661.578,579.532,608.405,684.161
4578,1.271666667,310.834,549.768,320.653,631.318,661.578,579.532,608.405,684.161
4579,1.271944444,310.834,549.768,320.653,631.318,661.578,579.532,608.405,684.161
4580,1.272222222,310.827,549.79,320.641,631.438,661.569,579.548,608.409,684.131
4581,1.2725,310.827,549.79,320.641,631.438,661.569,579.548,608.409,684.131
4582,1.272777778,310.827,549.79,320.641,631.438,661.569,579.548,608.409,684.131
4583,1.273055556,310.86,549.831,320.646,631.581,661.585,579.594,608.453,684.141
4584,1.273333333,310.86,549.831,320.646,631.581,661.585,579.594,608.453,684.141
4585,1.273611111,310.86,549.831,320.646,631.581,661.585,579.594,608.453,684.141
4586,1.273888889,310.86,549.858,320.634,631.767,661.575,579.607,608.476,684.133
4587,1.274166667,310.86,549.858,320.634,631.767,661.575,579.607,608.476,684.133
4588,1.274444444,310.86,549.858,320.634,631.767,661.575,579.607,608.476,684.133
4589,1.274722222,310.86,549.858,320.634,631.767,661.575,579.607,608.476,684.133
4590,1.275,310.86,549.882,320.62,631.854,661.575,579.63,608.487,684.138
4591,1.275277778,310.86,549.882,320.62,631.854,661.575,579.63,608.487,684.138
4592,1.275555556,310.86,549.882,320.62,631.854,661.575,579.63,608.487,684.138
4593,1.275833333,310.866,549.91,320.626,631.834,661.584,579.657,608.498,684.151
4594,1.276111111,310.866,549.91,320.626,631.834,661.584,579.657,608.498,684.151
4595,1.276388889,310.866,549.91,320.626,631.834,661.584,579.657,608.498,684.151
4596,1.276666667,310.866,549.91,320.626,631.834,661.584,579.657,608.498,684.151
4597,1.276944444,310.878,549.927,320.625,631.743,661.595,579.678,608.533,684.18
4598,1.277222222,310.878,549.927,320.625,631.743,661.595,579.678,608.533,684.18
4599,1.2775,310.878,549.927,320.625,631.743,661.595,579.678,608.533,684.18
4600,1.277777778,310.88,549.972,320.628,631.718,661.625,579.705,608.549,684.213
4601,1.278055556,310.88,549.972,320.628,631.718,661.625,579.705,608.549,684.213
4602,1.278333333,310.88,549.972,320.628,631.718,661.625,579.705,608.549,684.213
4603,1.278611111,310.88,549.972,320.628,631.718,661.625,579.705,608.549,684.213
4604,1.278888889,310.895,549.994,320.637,631.735,661.635,579.743,608.582,684.236
4605,1.279166667,310.895,549.994,320.637,631.735,661.635,579.743,608.582,684.236
4606,1.279444444,310.895,549.994,320.637,631.735,661.635,579.743,608.582,684.236
4607,1.279722222,310.907,550.035,320.627,631.798,661.656,579.761,608.601,684.241
4608,1.28,310.907,550.035,320.627,631.798,661.656,579.761,608.601,684.241
4609,1.280277778,310.907,550.035,320.627,631.798,661.656,579.761,608.601,684.241
4610,1.280555556,310.907,550.035,320.627,631.798,661.656,579.761,608.601,684.241
4611,1.280833333,310.916,550.049,320.616,631.684,661.66,579.775,608.618,684.261
4612,1.281111111,310.916,550.049,320.616,631.684,661.66,579.775,608.618,684.261
4613,1.281388889,310.916,550.049,320.616,631.684,661.66,579.775,608.618,684.261
4614,1.281666667,310.926,550.092,320.617,631.638,661.684,579.801,608.64,684.26
4615,1.281944444,310.926,550.092,320.617,631.638,661.684,579.801,608.64,684.26
4616,1.282222222,310.926,550.092,320.617,631.638,661.684,579.801,608.64,684.26
4617,1.2825,310.926,550.092,320.617,631.638,661.684,579.801,608.64,684.26
4618,1.282777778,310.932,550.122,320.613,631.592,661.696,579.828,608.664,684.28
4619,1.283055556,310.932,550.122,320.613,631.592,661.696,579.828,608.664,684.28
4620,1.283333333,310.932,550.122,320.613,631.592,661.696,579.828,608.664,684.28
4621,1.283611111,310.941,550.136,320.623,631.489,661.718,579.856,608.695,684.296
4622,1.283888889,310.941,550.136,320.623,631.489,661.718,579.856,608.695,684.296
4623,1.284166667,310.941,550.136,320.623,631.489,661.718,579.856,608.695,684.296
4624,1.284444444,310.941,550.136,320.623,631.489,661.718,579.856,608.695,684.296
4625,1.284722222,310.956,550.151,320.633,631.447,661.73,579.891,608.706,684.288
4626,1.285,310.956,550.151,320.633,631.447,661.73,579.891,608.706,684.288
4627,1.285277778,310.956,550.151,320.633,631.447,661.73,579.891,608.706,684.288
4628,1.285555556,310.956,550.17,320.614,631.542,661.716,579.888,608.719,684.258
4629,1.285833333,310.956,550.17,320.614,631.542,661.716,579.888,608.719,684.258
4630,1.286111111,310.956,550.17,320.614,631.542,661.716,579.888,608.719,684.258
4631,1.286388889,310.956,550.17,320.614,631.542,661.716,579.888,608.719,684.258
4632,1.286666667,310.968,550.214,320.622,631.481,661.729,579.921,608.735,684.251
4633,1.286944444,310.968,550.214,320.622,631.481,661.729,579.921,608.735,684.251
4634,1.287222222,310.968,550.214,320.622,631.481,661.729,579.921,608.735,684.251
4635,1.2875,310.978,550.259,320.613,631.418,661.728,579.946,608.777,684.256
4636,1.287777778,310.978,550.259,320.613,631.418,661.728,579.946,608.777,684.256
4637,1.288055556,310.978,550.259,320.613,631.418,661.728,579.946,608.777,684.256
4638,1.288333333,310.978,550.259,320.613,631.418,661.728,579.946,608.777,684.256
4639,1.288611111,310.988,550.287,320.594,631.227,661.718,579.964,608.786,684.23
4640,1.288888889,310.988,550.287,320.594,631.227,661.718,579.964,608.786,684.23
4641,1.289166667,310.988,550.287,320.594,631.227,661.718,579.964,608.786,684.23
4642,1.289444444,311.004,550.337,320.618,630.981,661.733,580.01,608.827,684.22
4643,1.289722222,311.004,550.337,320.618,630.981,661.733,580.01,608.827,684.22
4644,1.29,311.004,550.337,320.618,630.981,661.733,580.01,608.827,684.22
4645,1.290277778,311.004,550.337,320.618,630.981,661.733,580.01,608.827,684.22
4646,1.290555556,311.01,550.333,320.624,630.734,661.707,580.021,608.845,684.185
4647,1.290833333,311.01,550.333,320.624,630.734,661.707,580.021,608.845,684.185
4648,1.291111111,311.01,550.333,320.624,630.734,661.707,580.021,608.845,684.185
4649,1.291388889,311.003,550.372,320.619,630.425,661.692,580.046,608.856,684.122
4650,1.291666667,311.003,550.372,320.619,630.425,661.692,580.046,608.856,684.122
4651,1.291944444,311.003,550.372,320.619,630.425,661.692,580.046,608.856,684.122
4652,1.292222222,311.003,550.372,320.619,630.425,661.692,580.046,608.856,684.122
4653,1.2925,311.029,550.394,320.622,630.233,661.66,580.057,608.867,684.05
4654,1.292777778,311.029,550.394,320.622,630.233,661.66,580.057,608.867,684.05
4655,1.293055556,311.029,550.394,320.622,630.233,661.66,580.057,608.867,684.05
4656,1.293333333,311.037,550.435,320.616,630.241,661.624,580.083,608.907,684.006
4657,1.293611111,311.037,550.435,320.616,630.241,661.624,580.083,608.907,684.006
4658,1.293888889,311.037,550.435,320.616,630.241,661.624,580.083,608.907,684.006
4659,1.294166667,311.037,550.435,320.616,630.241,661.624,580.083,608.907,684.006
4660,1.294444444,311.057,550.466,320.65,630.187,661.586,580.114,608.905,683.91
4661,1.294722222,311.057,550.466,320.65,630.187,661.586,580.114,608.905,683.91
4662,1.295,311.057,550.466,320.65,630.187,661.586,580.114,608.905,683.91
4663,1.295277778,311.057,550.467,320.644,630.142,661.532,580.128,608.905,683.825
4664,1.295555556,311.057,550.467,320.644,630.142,661.532,580.128,608.905,683.825
4665,1.295833333,311.057,550.467,320.644,630.142,661.532,580.128,608.905,683.825
4666,1.296111111,311.057,550.467,320.644,630.142,661.532,580.128,608.905,683.825
4667,1.296388889,311.071,550.483,320.643,630.416,661.465,580.142,608.913,683.745
4668,1.296666667,311.071,550.483,320.643,630.416,661.465,580.142,608.913,683.745
4669,1.296944444,311.071,550.483,320.643,630.416,661.465,580.142,608.913,683.745
4670,1.297222222,311.067,550.478,320.645,630.665,661.405,580.143,608.912,683.656
4671,1.2975,311.067,550.478,320.645,630.665,661.405,580.143,608.912,683.656
4672,1.297777778,311.067,550.478,320.645,630.665,661.405,580.143,608.912,683.656
4673,1.298055556,311.067,550.478,320.645,630.665,661.405,580.143,608.912,683.656
4674,1.298333333,311.079,550.497,320.64,630.887,661.339,580.153,608.902,683.622
4675,1.298611111,311.079,550.497,320.64,630.887,661.339,580.153,608.902,683.622
4676,1.298888889,311.079,550.497,320.64,630.887,661.339,580.153,608.902,683.622
4677,1.299166667,311.099,550.545,320.64,631.058,661.312,580.173,608.91,683.605
4678,1.299444444,311.099,550.545,320.64,631.058,661.312,580.173,608.91,683.605
4679,1.299722222,311.099,550.545,320.64,631.058,661.312,580.173,608.91,683.605
4680,1.3,311.099,550.545,320.64,631.058,661.312,580.173,608.91,683.605
4681,1.300277778,311.099,550.572,320.626,631.009,661.286,580.182,608.925,683.605
4682,1.300555556,311.099,550.572,320.626,631.009,661.286,580.182,608.925,683.605
4683,1.300833333,311.099,550.572,320.626,631.009,661.286,580.182,608.925,683.605
4684,1.301111111,311.098,550.592,320.612,630.816,661.255,580.179,608.897,683.6
4685,1.301388889,311.098,550.592,320.612,630.816,661.255,580.179,608.897,683.6
4686,1.301666667,311.098,550.592,320.612,630.816,661.255,580.179,608.897,683.6
4687,1.301944444,311.098,550.592,320.612,630.816,661.255,580.179,608.897,683.6
4688,1.302222222,311.138,550.638,320.625,630.582,661.283,580.2,608.915,683.65
4689,1.3025,311.138,550.638,320.625,630.582,661.283,580.2,608.915,683.65
4690,1.302777778,311.138,550.638,320.625,630.582,661.283,580.2,608.915,683.65
4691,1.303055556,311.136,550.643,320.625,630.444,661.268,580.2,608.916,683.643
4692,1.303333333,311.136,550.643,320.625,630.444,661.268,580.2,608.916,683.643
4693,1.303611111,311.136,550.643,320.625,630.444,661.268,580.2,608.916,683.643
4694,1.303888889,311.148,550.666,320.619,630.375,661.271,580.216,608.907,683.639
4695,1.304166667,311.148,550.666,320.619,630.375,661.271,580.216,608.907,683.639
4696,1.304444444,311.148,550.666,320.619,630.375,661.271,580.216,608.907,683.639
4697,1.304722222,311.148,550.666,320.619,630.375,661.271,580.216,608.907,683.639
4698,1.305,311.161,550.683,320.632,630.228,661.27,580.225,608.904,683.602
4699,1.305277778,311.161,550.683,320.632,630.228,661.27,580.225,608.904,683.602
4700,1.305555556,311.161,550.683,320.632,630.228,661.27,580.225,608.904,683.602
4701,1.305833333,311.17,550.72,320.631,630.149,661.253,580.238,608.928,683.585
4702,1.306111111,311.17,550.72,320.631,630.149,661.253,580.238,608.928,683.585
4703,1.306388889,311.17,550.72,320.631,630.149,661.253,580.238,608.928,683.585
4704,1.306666667,311.17,550.72,320.631,630.149,661.253,580.238,608.928,683.585
4705,1.306944444,311.18,550.722,320.632,629.975,661.226,580.229,608.921,683.559
4706,1.307222222,311.18,550.722,320.632,629.975,661.226,580.229,608.921,683.559
4707,1.3075,311.18,550.722,320.632,629.975,661.226,580.229,608.921,683.559
4708,1.307777778,311.187,550.719,320.628,630.012,661.197,580.244,608.908,683.501
4709,1.308055556,311.187,550.719,320.628,630.012,661.197,580.244,608.908,683.501
4710,1.308333333,311.187,550.719,320.628,630.012,661.197,580.244,608.908,683.501
4711,1.308611111,311.187,550.719,320.628,630.012,661.197,580.244,608.908,683.501
4712,1.308888889,311.202,550.745,320.643,630.106,661.192,580.26,608.925,683.481
4713,1.309166667,311.202,550.745,320.643,630.106,661.192,580.26,608.925,683.481
4714,1.309444444,311.202,550.745,320.643,630.106,661.192,580.26,608.925,683.481
4715,1.309722222,311.202,550.748,320.628,630.245,661.148,580.259,608.902,683.412
4716,1.31,311.202,550.748,320.628,630.245,661.148,580.259,608.902,683.412
4717,1.310277778,311.202,550.748,320.628,630.245,661.148,580.259,608.902,683.412
4718,1.310555556,311.202,550.748,320.628,630.245,661.148,580.259,608.902,683.412
4719,1.310833333,311.21,550.774,320.623,630.37,661.12,580.263,608.907,683.385
4720,1.311111111,311.21,550.774,320.623,630.37,661.12,580.263,608.907,683.385
4721,1.311388889,311.21,550.774,320.623,630.37,661.12,580.263,608.907,683.385
4722,1.311666667,311.23,550.78,320.623,630.392,661.102,580.27,608.906,683.37
4723,1.311944444,311.23,550.78,320.623,630.392,661.102,580.27,608.906,683.37
4724,1.312222222,311.23,550.78,320.623,630.392,661.102,580.27,608.906,683.37
4725,1.3125,311.23,550.78,320.623,630.392,661.102,580.27,608.906,683.37
4726,1.312777778,311.246,550.827,320.637,630.382,661.086,580.284,608.924,683.368
4727,1.313055556,311.246,550.827,320.637,630.382,661.086,580.284,608.924,683.368
4728,1.313333333,311.246,550.827,320.637,630.382,661.086,580.284,608.924,683.368
4729,1.313611111,311.243,550.815,320.639,630.458,661.062,580.28,608.898,683.364
4730,1.313888889,311.243,550.815,320.639,630.458,661.062,580.28,608.898,683.364
4731,1.314166667,311.243,550.815,320.639,630.458,661.062,580.28,608.898,683.364
4732,1.314444444,311.243,550.815,320.639,630.458,661.062,580.28,608.898,683.364
4733,1.314722222,311.252,550.846,320.656,630.639,661.065,580.301,608.924,683.367
4734,1.315,311.252,550.846,320.656,630.639,661.065,580.301,608.924,683.367
4735,1.315277778,311.252,550.846,320.656,630.639,661.065,580.301,608.924,683.367
4736,1.315555556,311.261,550.858,320.661,630.662,661.048,580.3,608.914,683.347
4737,1.315833333,311.261,550.858,320.661,630.662,661.048,580.3,608.914,683.347
4738,1.316111111,311.261,550.858,320.661,630.662,661.048,580.3,608.914,683.347
4739,1.316388889,311.261,550.858,320.661,630.662,661.048,580.3,608.914,683.347
4740,1.316666667,311.28,550.861,320.661,630.655,661.038,580.297,608.901,683.351
4741,1.316944444,311.28,550.861,320.661,630.655,661.038,580.297,608.901,683.351
4742,1.317222222,311.28,550.861,320.661,630.655,661.038,580.297,608.901,683.351
4743,1.3175,311.298,550.893,320.681,630.692,661.052,580.324,608.912,683.368
4744,1.317777778,311.298,550.893,320.681,630.692,661.052,580.324,608.912,683.368
4745,1.318055556,311.298,550.893,320.681,630.692,661.052,580.324,608.912,683.368
4746,1.318333333,311.298,550.893,320.681,630.692,661.052,580.324,608.912,683.368
4747,1.318611111,311.304,550.899,320.702,630.722,661.057,580.327,608.899,683.368
4748,1.318888889,311.304,550.899,320.702,630.722,661.057,580.327,608.899,683.368
4749,1.319166667,311.304,550.899,320.702,630.722,661.057,580.327,608.899,683.368
4750,1.319444444,311.314,550.912,320.709,630.785,661.049,580.322,608.911,683.394
4751,1.319722222,311.314,550.912,320.709,630.785,661.049,580.322,608.911,683.394
4752,1.32,311.314,550.912,320.709,630.785,661.049,580.322,608.911,683.394
4753,1.320277778,311.314,550.912,320.709,630.785,661.049,580.322,608.911,683.394
4754,1.320555556,311.307,550.903,320.701,630.787,661.048,580.32,608.882,683.38
4755,1.320833333,311.307,550.903,320.701,630.787,661.048,580.32,608.882,683.38
4756,1.321111111,311.307,550.903,320.701,630.787,661.048,580.32,608.882,683.38
4757,1.321388889,311.339,550.932,320.715,630.929,661.069,580.332,608.924,683.42
4758,1.321666667,311.339,550.932,320.715,630.929,661.069,580.332,608.924,683.42
4759,1.321944444,311.339,550.932,320.715,630.929,661.069,580.332,608.924,683.42
4760,1.322222222,311.339,550.932,320.715,630.929,661.069,580.332,608.924,683.42
4761,1.3225,311.344,550.954,320.716,631.021,661.079,580.349,608.92,683.424
4762,1.322777778,311.344,550.954,320.716,631.021,661.079,580.349,608.92,683.424
4763,1.323055556,311.344,550.954,320.716,631.021,661.079,580.349,608.92,683.424
4764,1.323333333,311.357,550.975,320.732,631.036,661.089,580.366,608.929,683.455
4765,1.323611111,311.357,550.975,320.732,631.036,661.089,580.366,608.929,683.455
4766,1.323888889,311.357,550.975,320.732,631.036,661.089,580.366,608.929,683.455
4767,1.324166667,311.357,550.975,320.732,631.036,661.089,580.366,608.929,683.455
4768,1.324444444,311.374,550.979,320.725,631.103,661.1,580.374,608.938,683.472
4769,1.324722222,311.374,550.979,320.725,631.103,661.1,580.374,608.938,683.472
4770,1.325,311.374,550.979,320.725,631.103,661.1,580.374,608.938,683.472
4771,1.325277778,311.369,551.015,320.734,631.048,661.11,580.377,608.955,683.498
4772,1.325555556,311.369,551.015,320.734,631.048,661.11,580.377,608.955,683.498
4773,1.325833333,311.369,551.015,320.734,631.048,661.11,580.377,608.955,683.498
4774,1.326111111,311.369,551.015,320.734,631.048,661.11,580.377,608.955,683.498
4775,1.326388889,311.393,551.029,320.724,630.905,661.148,580.392,608.942,683.525
4776,1.326666667,311.393,551.029,320.724,630.905,661.148,580.392,608.942,683.525
4777,1.326944444,311.393,551.029,320.724,630.905,661.148,580.392,608.942,683.525
4778,1.327222222,311.393,551.04,320.735,630.759,661.151,580.406,608.959,683.529
4779,1.3275,311.393,551.04,320.735,630.759,661.151,580.406,608.959,683.529
4780,1.327777778,311.393,551.04,320.735,630.759,661.151,580.406,608.959,683.529
4781,1.328055556,311.41,551.044,320.742,630.731,661.167,580.417,608.964,683.539
4782,1.328333333,311.41,551.044,320.742,630.731,661.167,580.417,608.964,683.539
4783,1.328611111,311.41,551.044,320.742,630.731,661.167,580.417,608.964,683.539
4784,1.328888889,311.41,551.044,320.742,630.731,661.167,580.417,608.964,683.539
4785,1.329166667,311.426,551.083,320.758,630.701,661.187,580.436,608.995,683.554
4786,1.329444444,311.426,551.083,320.758,630.701,661.187,580.436,608.995,683.554
4787,1.329722222,311.426,551.083,320.758,630.701,661.187,580.436,608.995,683.554
4788,1.33,311.43,551.075,320.765,630.704,661.187,580.435,608.974,683.536
4789,1.330277778,311.43,551.075,320.765,630.704,661.187,580.435,608.974,683.536
4790,1.330555556,311.43,551.075,320.765,630.704,661.187,580.435,608.974,683.536
4791,1.330833333,311.43,551.075,320.765,630.704,661.187,580.435,608.974,683.536
4792,1.331111111,311.431,551.112,320.756,630.851,661.193,580.443,609.021,683.547
4793,1.331388889,311.431,551.112,320.756,630.851,661.193,580.443,609.021,683.547
4794,1.331666667,311.431,551.112,320.756,630.851,661.193,580.443,609.021,683.547
4795,1.331944444,311.452,551.141,320.784,631.073,661.202,580.469,609.017,683.552
4796,1.332222222,311.452,551.141,320.784,631.073,661.202,580.469,609.017,683.552
4797,1.3325,311.452,551.141,320.784,631.073,661.202,580.469,609.017,683.552
4798,1.332777778,311.452,551.141,320.784,631.073,661.202,580.469,609.017,683.552
4799,1.333055556,311.457,551.127,320.795,631.202,661.195,580.491,609.028,683.551
4800,1.333333333,311.457,551.127,320.795,631.202,661.195,580.491,609.028,683.551
4801,1.333611111,311.457,551.127,320.795,631.202,661.195,580.491,609.028,683.551
4802,1.333888889,311.47,551.135,320.795,631.46,661.207,580.505,609.046,683.555
4803,1.334166667,311.47,551.135,320.795,631.46,661.207,580.505,609.046,683.555
4804,1.334444444,311.47,551.135,320.795,631.46,661.207,580.505,609.046,683.555
4805,1.334722222,311.47,551.135,320.795,631.46,661.207,580.505,609.046,683.555
4806,1.335,311.486,551.142,320.811,631.683,661.208,580.52,609.047,683.553
4807,1.335277778,311.486,551.142,320.811,631.683,661.208,580.52,609.047,683.553
4808,1.335555556,311.486,551.142,320.811,631.683,661.208,580.52,609.047,683.553
4809,1.335833333,311.488,551.15,320.809,631.9,661.202,580.529,609.067,683.592
4810,1.336111111,311.488,551.15,320.809,631.9,661.202,580.529,609.067,683.592
4811,1.336388889,311.488,551.15,320.809,631.9,661.202,580.529,609.067,683.592
4812,1.336666667,311.488,551.15,320.809,631.9,661.202,580.529,609.067,683.592
4813,1.336944444,311.5,551.201,320.826,631.981,661.24,580.549,609.098,683.652
4814,1.337222222,311.5,551.201,320.826,631.981,661.24,580.549,609.098,683.652
4815,1.3375,311.5,551.201,320.826,631.981,661.24,580.549,609.098,683.652
4816,1.337777778,311.512,551.213,320.832,631.916,661.26,580.561,609.105,683.709
4817,1.338055556,311.512,551.213,320.832,631.916,661.26,580.561,609.105,683.709
4818,1.338333333,311.512,551.213,320.832,631.916,661.26,580.561,609.105,683.709
4819,1.338611111,311.512,551.213,320.832,631.916,661.26,580.561,609.105,683.709
4820,1.338888889,311.525,551.243,320.857,631.815,661.311,580.58,609.103,683.789
4821,1.339166667,311.525,551.243,320.857,631.815,661.311,580.58,609.103,683.789
4822,1.339444444,311.525,551.243,320.857,631.815,661.311,580.58,609.103,683.789
4823,1.339722222,311.544,551.253,320.858,631.726,661.362,580.6,609.13,683.853
4824,1.34,311.544,551.253,320.858,631.726,661.362,580.6,609.13,683.853
4825,1.340277778,311.544,551.253,320.858,631.726,661.362,580.6,609.13,683.853
4826,1.340555556,311.544,551.253,320.858,631.726,661.362,580.6,609.13,683.853
4827,1.340833333,311.556,551.301,320.855,631.656,661.413,580.621,609.169,683.925
4828,1.341111111,311.556,551.301,320.855,631.656,661.413,580.621,609.169,683.925
4829,1.341388889,311.556,551.301,320.855,631.656,661.413,580.621,609.169,683.925
4830,1.341666667,311.56,551.326,320.848,631.468,661.441,580.634,609.177,683.945
4831,1.341944444,311.56,551.326,320.848,631.468,661.441,580.634,609.177,683.945
4832,1.342222222,311.56,551.326,320.848,631.468,661.441,580.634,609.177,683.945
4833,1.3425,311.56,551.326,320.848,631.468,661.441,580.634,609.177,683.945
4834,1.342777778,311.574,551.356,320.876,631.212,661.496,580.663,609.211,683.99
4835,1.343055556,311.574,551.356,320.876,631.212,661.496,580.663,609.211,683.99
4836,1.343333333,311.574,551.356,320.876,631.212,661.496,580.663,609.211,683.99
4837,1.343611111,311.575,551.37,320.868,631.012,661.508,580.672,609.227,684
4838,1.343888889,311.575,551.37,320.868,631.012,661.508,580.672,609.227,684
4839,1.344166667,311.575,551.37,320.868,631.012,661.508,580.672,609.227,684
4840,1.344444444,311.594,551.414,320.887,630.854,661.542,580.7,609.265,683.98
4841,1.344722222,311.594,551.414,320.887,630.854,661.542,580.7,609.265,683.98
4842,1.345,311.594,551.414,320.887,630.854,661.542,580.7,609.265,683.98
4843,1.345277778,311.594,551.414,320.887,630.854,661.542,580.7,609.265,683.98
4844,1.345555556,311.599,551.414,320.885,630.418,661.544,580.727,609.277,683.957
4845,1.345833333,311.599,551.414,320.885,630.418,661.544,580.727,609.277,683.957
4846,1.346111111,311.599,551.414,320.885,630.418,661.544,580.727,609.277,683.957
4847,1.346388889,311.612,551.433,320.902,630.233,661.543,580.751,609.298,683.906
4848,1.346666667,311.612,551.433,320.902,630.233,661.543,580.751,609.298,683.906
4849,1.346944444,311.612,551.433,320.902,630.233,661.543,580.751,609.298,683.906
4850,1.347222222,311.612,551.433,320.902,630.233,661.543,580.751,609.298,683.906
4851,1.3475,311.631,551.456,320.906,630.318,661.516,580.771,609.324,683.845
4852,1.347777778,311.631,551.456,320.906,630.318,661.516,580.771,609.324,683.845
4853,1.348055556,311.631,551.456,320.906,630.318,661.516,580.771,609.324,683.845
4854,1.348333333,311.64,551.487,320.916,630.237,661.502,580.798,609.357,683.786
4855,1.348611111,311.64,551.487,320.916,630.237,661.502,580.798,609.357,683.786
4856,1.348888889,311.64,551.487,320.916,630.237,661.502,580.798,609.357,683.786
4857,1.349166667,311.64,551.487,320.916,630.237,661.502,580.798,609.357,683.786
4858,1.349444444,311.647,551.507,320.929,630.147,661.458,580.829,609.385,683.737
4859,1.349722222,311.647,551.507,320.929,630.147,661.458,580.829,609.385,683.737
4860,1.35,311.647,551.507,320.929,630.147,661.458,580.829,609.385,683.737
4861,1.350277778,311.665,551.549,320.944,630.301,661.428,580.854,609.382,683.662
4862,1.350555556,311.665,551.549,320.944,630.301,661.428,580.854,609.382,683.662
4863,1.350833333,311.665,551.549,320.944,630.301,661.428,580.854,609.382,683.662
4864,1.351111111,311.665,551.549,320.944,630.301,661.428,580.854,609.382,683.662
4865,1.351388889,311.668,551.577,320.948,630.088,661.371,580.868,609.421,683.624
4866,1.351666667,311.668,551.577,320.948,630.088,661.371,580.868,609.421,683.624
4867,1.351944444,311.668,551.577,320.948,630.088,661.371,580.868,609.421,683.624
4868,1.352222222,311.682,551.593,320.958,629.879,661.343,580.886,609.428,683.57
4869,1.3525,311.682,551.593,320.958,629.879,661.343,580.886,609.428,683.57
4870,1.352777778,311.682,551.593,320.958,629.879,661.343,580.886,609.428,683.57
4871,1.353055556,311.682,551.593,320.958,629.879,661.343,580.886,609.428,683.57
4872,1.353333333,311.694,551.609,320.963,629.733,661.301,580.896,609.425,683.487
4873,1.353611111,311.694,551.609,320.963,629.733,661.301,580.896,609.425,683.487
4874,1.353888889,311.694,551.609,320.963,629.733,661.301,580.896,609.425,683.487
4875,1.354166667,311.709,551.631,320.975,629.567,661.254,580.915,609.448,683.453
4876,1.354444444,311.709,551.631,320.975,629.567,661.254,580.915,609.448,683.453
4877,1.354722222,311.709,551.631,320.975,629.567,661.254,580.915,609.448,683.453
4878,1.355,311.709,551.631,320.975,629.567,661.254,580.915,609.448,683.453
4879,1.355277778,311.722,551.663,320.975,629.493,661.209,580.935,609.449,683.368
4880,1.355555556,311.722,551.663,320.975,629.493,661.209,580.935,609.449,683.368
4881,1.355833333,311.722,551.663,320.975,629.493,661.209,580.935,609.449,683.368
4882,1.356111111,311.722,551.68,320.973,629.428,661.163,580.936,609.43,683.295
4883,1.356388889,311.722,551.68,320.973,629.428,661.163,580.936,609.43,683.295
4884,1.356666667,311.722,551.68,320.973,629.428,661.163,580.936,609.43,683.295
4885,1.356944444,311.722,551.68,320.973,629.428,661.163,580.936,609.43,683.295
4886,1.357222222,311.731,551.686,320.964,629.373,661.121,580.954,609.428,683.23
4887,1.3575,311.731,551.686,320.964,629.373,661.121,580.954,609.428,683.23
4888,1.357777778,311.731,551.686,320.964,629.373,661.121,580.954,609.428,683.23
4889,1.358055556,311.748,551.69,320.976,629.491,661.064,580.955,609.432,683.171
4890,1.358333333,311.748,551.69,320.976,629.491,661.064,580.955,609.432,683.171
4891,1.358611111,311.748,551.69,320.976,629.491,661.064,580.955,609.432,683.171
4892,1.358888889,311.748,551.69,320.976,629.491,661.064,580.955,609.432,683.171
4893,1.359166667,311.756,551.722,320.985,629.859,661.017,580.971,609.426,683.102
4894,1.359444444,311.756,551.722,320.985,629.859,661.017,580.971,609.426,683.102
4895,1.359722222,311.756,551.722,320.985,629.859,661.017,580.971,609.426,683.102
4896,1.36,311.779,551.745,320.983,629.946,660.968,580.982,609.449,683.076
4897,1.360277778,311.779,551.745,320.983,629.946,660.968,580.982,609.449,683.076
4898,1.360555556,311.779,551.745,320.983,629.946,660.968,580.982,609.449,683.076
4899,1.360833333,311.779,551.745,320.983,629.946,660.968,580.982,609.449,683.076
4900,1.361111111,311.781,551.73,320.977,629.971,660.92,580.98,609.415,683.032
4901,1.361388889,311.781,551.73,320.977,629.971,660.92,580.98,609.415,683.032
4902,1.361666667,311.781,551.73,320.977,629.971,660.92,580.98,609.415,683.032
4903,1.361944444,311.796,551.756,320.988,630.196,660.898,580.998,609.402,683.003
4904,1.362222222,311.796,551.756,320.988,630.196,660.898,580.998,609.402,683.003
4905,1.3625,311.796,551.756,320.988,630.196,660.898,580.998,609.402,683.003
4906,1.362777778,311.796,551.756,320.988,630.196,660.898,580.998,609.402,683.003
4907,1.363055556,311.795,551.753,320.985,630.365,660.858,580.968,609.381,682.983
4908,1.363333333,311.795,551.753,320.985,630.365,660.858,580.968,609.381,682.983
4909,1.363611111,311.795,551.753,320.985,630.365,660.858,580.968,609.381,682.983
4910,1.363888889,311.817,551.78,320.982,630.566,660.858,580.989,609.401,683.024
4911,1.364166667,311.817,551.78,320.982,630.566,660.858,580.989,609.401,683.024
4912,1.364444444,311.817,551.78,320.982,630.566,660.858,580.989,609.401,683.024
4913,1.364722222,311.813,551.784,320.983,630.64,660.82,580.969,609.358,683.028
4914,1.365,311.813,551.784,320.983,630.64,660.82,580.969,609.358,683.028
4915,1.365277778,311.813,551.784,320.983,630.64,660.82,580.969,609.358,683.028
4916,1.365555556,311.813,551.784,320.983,630.64,660.82,580.969,609.358,683.028
4917,1.365833333,311.814,551.779,320.974,630.717,660.83,580.961,609.354,683.062
4918,1.366111111,311.814,551.779,320.974,630.717,660.83,580.961,609.354,683.062
4919,1.366388889,311.814,551.779,320.974,630.717,660.83,580.961,609.354,683.062
4920,1.366666667,311.831,551.796,320.992,630.877,660.851,580.975,609.356,683.105
4921,1.366944444,311.831,551.796,320.992,630.877,660.851,580.975,609.356,683.105
4922,1.367222222,311.831,551.796,320.992,630.877,660.851,580.975,609.356,683.105
4923,1.3675,311.831,551.796,320.992,630.877,660.851,580.975,609.356,683.105
4924,1.367777778,311.838,551.8,321,631.032,660.881,580.969,609.347,683.161
4925,1.368055556,311.838,551.8,321,631.032,660.881,580.969,609.347,683.161
4926,1.368333333,311.838,551.8,321,631.032,660.881,580.969,609.347,683.161
4927,1.368611111,311.857,551.812,320.989,631.219,660.909,580.968,609.359,683.222
4928,1.368888889,311.857,551.812,320.989,631.219,660.909,580.968,609.359,683.222
4929,1.369166667,311.857,551.812,320.989,631.219,660.909,580.968,609.359,683.222
4930,1.369444444,311.857,551.812,320.989,631.219,660.909,580.968,609.359,683.222
4931,1.369722222,311.856,551.818,320.998,631.43,660.951,580.976,609.347,683.293
4932,1.37,311.856,551.818,320.998,631.43,660.951,580.976,609.347,683.293
4933,1.370277778,311.856,551.818,320.998,631.43,660.951,580.976,609.347,683.293
4934,1.370555556,311.868,551.808,320.989,631.608,660.99,580.97,609.332,683.37
4935,1.370833333,311.868,551.808,320.989,631.608,660.99,580.97,609.332,683.37
4936,1.371111111,311.868,551.808,320.989,631.608,660.99,580.97,609.332,683.37
4937,1.371388889,311.868,551.808,320.989,631.608,660.99,580.97,609.332,683.37
4938,1.371666667,311.887,551.841,321.004,631.867,661.047,580.993,609.351,683.467
4939,1.371944444,311.887,551.841,321.004,631.867,661.047,580.993,609.351,683.467
4940,1.372222222,311.887,551.841,321.004,631.867,661.047,580.993,609.351,683.467
4941,1.3725,311.887,551.839,320.982,631.981,661.1,580.981,609.338,683.537
4942,1.372777778,311.887,551.839,320.982,631.981,661.1,580.981,609.338,683.537
4943,1.373055556,311.887,551.839,320.982,631.981,661.1,580.981,609.338,683.537
4944,1.373333333,311.887,551.839,320.982,631.981,661.1,580.981,609.338,683.537
4945,1.373611111,311.893,551.833,320.973,632.014,661.161,580.976,609.351,683.64
4946,1.373888889,311.893,551.833,320.973,632.014,661.161,580.976,609.351,683.64
4947,1.374166667,311.893,551.833,320.973,632.014,661.161,580.976,609.351,683.64
4948,1.374444444,311.916,551.848,320.988,632.137,661.247,581.004,609.404,683.763
4949,1.374722222,311.916,551.848,320.988,632.137,661.247,581.004,609.404,683.763
4950,1.375,311.916,551.848,320.988,632.137,661.247,581.004,609.404,683.763
4951,1.375277778,311.916,551.848,320.988,632.137,661.247,581.004,609.404,683.763
4952,1.375555556,311.926,551.876,320.989,632.182,661.318,581.025,609.41,683.853
4953,1.375833333,311.926,551.876,320.989,632.182,661.318,581.025,609.41,683.853
4954,1.376111111,311.926,551.876,320.989,632.182,661.318,581.025,609.41,683.853
4955,1.376388889,311.935,551.895,320.978,632.196,661.397,581.033,609.416,683.945
4956,1.376666667,311.935,551.895,320.978,632.196,661.397,581.033,609.416,683.945
4957,1.376944444,311.935,551.895,320.978,632.196,661.397,581.033,609.416,683.945
4958,1.377222222,311.935,551.895,320.978,632.196,661.397,581.033,609.416,683.945
4959,1.3775,311.944,551.912,321.007,632.218,661.474,581.062,609.435,684.035
4960,1.377777778,311.944,551.912,321.007,632.218,661.474,581.062,609.435,684.035
4961,1.378055556,311.944,551.912,321.007,632.218,661.474,581.062,609.435,684.035
4962,1.378333333,311.948,551.923,321.004,632.065,661.543,581.065,609.467,684.116
4963,1.378611111,311.948,551.923,321.004,632.065,661.543,581.065,609.467,684.116
4964,1.378888889,311.948,551.923,321.004,632.065,661.543,581.065,609.467,684.116
4965,1.379166667,311.948,551.923,321.004,632.065,661.543,581.065,609.467,684.116
4966,1.379444444,311.961,551.935,320.999,632.052,661.613,581.094,609.486,684.177
4967,1.379722222,311.961,551.935,320.999,632.052,661.613,581.094,609.486,684.177
4968,1.38,311.961,551.935,320.999,632.052,661.613,581.094,609.486,684.177
4969,1.380277778,311.964,551.945,321.007,632.103,661.669,581.121,609.534,684.256
4970,1.380555556,311.964,551.945,321.007,632.103,661.669,581.121,609.534,684.256
4971,1.380833333,311.964,551.945,321.007,632.103,661.669,581.121,609.534,684.256
4972,1.381111111,311.964,551.945,321.007,632.103,661.669,581.121,609.534,684.256
4973,1.381388889,311.972,551.981,321.02,632.209,661.735,581.152,609.579,684.313
4974,1.381666667,311.972,551.981,321.02,632.209,661.735,581.152,609.579,684.313
4975,1.381944444,311.972,551.981,321.02,632.209,661.735,581.152,609.579,684.313
4976,1.382222222,311.991,552.002,321.029,632.175,661.786,581.181,609.61,684.367
4977,1.3825,311.991,552.002,321.029,632.175,661.786,581.181,609.61,684.367
4978,1.382777778,311.991,552.002,321.029,632.175,661.786,581.181,609.61,684.367
4979,1.383055556,311.991,552.002,321.029,632.175,661.786,581.181,609.61,684.367
4980,1.383333333,312.004,552.022,321.034,632.11,661.826,581.214,609.656,684.415
4981,1.383611111,312.004,552.022,321.034,632.11,661.826,581.214,609.656,684.415
4982,1.383888889,312.004,552.022,321.034,632.11,661.826,581.214,609.656,684.415
4983,1.384166667,311.997,552.036,321.043,632.079,661.878,581.239,609.68,684.456
4984,1.384444444,311.997,552.036,321.043,632.079,661.878,581.239,609.68,684.456
4985,1.384722222,311.997,552.036,321.043,632.079,661.878,581.239,609.68,684.456
4986,1.385,311.997,552.036,321.043,632.079,661.878,581.239,609.68,684.456
4987,1.385277778,312.014,552.078,321.041,632.032,661.928,581.28,609.725,684.497
4988,1.385555556,312.014,552.078,321.041,632.032,661.928,581.28,609.725,684.497
4989,1.385833333,312.014,552.078,321.041,632.032,661.928,581.28,609.725,684.497
4990,1.386111111,312.028,552.093,321.049,631.846,661.977,581.31,609.767,684.541
4991,1.386388889,312.028,552.093,321.049,631.846,661.977,581.31,609.767,684.541
4992,1.386666667,312.028,552.093,321.049,631.846,661.977,581.31,609.767,684.541
4993,1.386944444,312.028,552.093,321.049,631.846,661.977,581.31,609.767,684.541
4994,1.387222222,312.031,552.125,321.046,631.859,662.02,581.343,609.791,684.575
4995,1.3875,312.031,552.125,321.046,631.859,662.02,581.343,609.791,684.575
4996,1.387777778,312.031,552.125,321.046,631.859,662.02,581.343,609.791,684.575
4997,1.388055556,312.038,552.124,321.042,631.932,662.051,581.379,609.816,684.603
4998,1.388333333,312.038,552.124,321.042,631.932,662.051,581.379,609.816,684.603
4999,1.388611111,312.038,552.124,321.042,631.932,662.051,581.379,609.816,684.603
5000,1.388888889,312.038,552.124,321.042,631.932,662.051,581.379,609.816,684.603
5001,1.389166667,312.045,552.152,321.048,632.215,662.091,581.404,609.862,684.616
5002,1.389444444,312.045,552.152,321.048,632.215,662.091,581.404,609.862,684.616
5003,1.389722222,312.045,552.152,321.048,632.215,662.091,581.404,609.862,684.616
5004,1.39,312.063,552.18,321.049,632.421,662.11,581.429,609.878,684.634
5005,1.390277778,312.063,552.18,321.049,632.421,662.11,581.429,609.878,684.634
5006,1.390555556,312.063,552.18,321.049,632.421,662.11,581.429,609.878,684.634
5007,1.390833333,312.063,552.18,321.049,632.421,662.11,581.429,609.878,684.634
5008,1.391111111,312.067,552.225,321.055,632.541,662.147,581.477,609.956,684.686
5009,1.391388889,312.067,552.225,321.055,632.541,662.147,581.477,609.956,684.686
5010,1.391666667,312.067,552.225,321.055,632.541,662.147,581.477,609.956,684.686
5011,1.391944444,312.076,552.25,321.055,632.457,662.182,581.491,609.958,684.724
5012,1.392222222,312.076,552.25,321.055,632.457,662.182,581.491,609.958,684.724
5013,1.3925,312.076,552.25,321.055,632.457,662.182,581.491,609.958,684.724
5014,1.392777778,312.076,552.25,321.055,632.457,662.182,581.491,609.958,684.724
5015,1.393055556,312.081,552.274,321.048,632.41,662.208,581.522,610.01,684.771
5016,1.393333333,312.081,552.274,321.048,632.41,662.208,581.522,610.01,684.771
5017,1.393611111,312.081,552.274,321.048,632.41,662.208,581.522,610.01,684.771
5018,1.393888889,312.086,552.318,321.05,632.419,662.244,581.55,610.033,684.791
5019,1.394166667,312.086,552.318,321.05,632.419,662.244,581.55,610.033,684.791
5020,1.394444444,312.086,552.318,321.05,632.419,662.244,581.55,610.033,684.791
5021,1.394722222,312.086,552.318,321.05,632.419,662.244,581.55,610.033,684.791
5022,1.395,312.095,552.316,321.047,632.349,662.282,581.581,610.058,684.828
5023,1.395277778,312.095,552.316,321.047,632.349,662.282,581.581,610.058,684.828
5024,1.395555556,312.095,552.316,321.047,632.349,662.282,581.581,610.058,684.828
5025,1.395833333,312.107,552.353,321.052,632.335,662.312,581.615,610.099,684.861
5026,1.396111111,312.107,552.353,321.052,632.335,662.312,581.615,610.099,684.861
5027,1.396388889,312.107,552.353,321.052,632.335,662.312,581.615,610.099,684.861
5028,1.396666667,312.107,552.353,321.052,632.335,662.312,581.615,610.099,684.861
5029,1.396944444,312.117,552.365,321.047,632.184,662.338,581.634,610.128,684.871
5030,1.397222222,312.117,552.365,321.047,632.184,662.338,581.634,610.128,684.871
5031,1.3975,312.117,552.365,321.047,632.184,662.338,581.634,610.128,684.871
5032,1.397777778,312.124,552.408,321.063,631.942,662.364,581.677,610.159,684.897
5033,1.398055556,312.124,552.408,321.063,631.942,662.364,581.677,610.159,684.897
5034,1.398333333,312.124,552.408,321.063,631.942,662.364,581.677,610.159,684.897
5035,1.398611111,312.124,552.408,321.063,631.942,662.364,581.677,610.159,684.897
5036,1.398888889,312.117,552.424,321.071,631.758,662.382,581.706,610.177,684.898
5037,1.399166667,312.117,552.424,321.071,631.758,662.382,581.706,610.177,684.898
5038,1.399444444,312.117,552.424,321.071,631.758,662.382,581.706,610.177,684.898
5039,1.399722222,312.136,552.453,321.069,631.84,662.398,581.731,610.217,684.905
5040,1.4,312.136,552.453,321.069,631.84,662.398,581.731,610.217,684.905
5041,1.400277778,312.136,552.453,321.069,631.84,662.398,581.731,610.217,684.905
5042,1.400555556,312.132,552.482,321.085,631.87,662.416,581.755,610.24,684.902
5043,1.400833333,312.132,552.482,321.085,631.87,662.416,581.755,610.24,684.902
5044,1.401111111,312.132,552.482,321.085,631.87,662.416,581.755,610.24,684.902
5045,1.401388889,312.132,552.482,321.085,631.87,662.416,581.755,610.24,684.902
5046,1.401666667,312.149,552.504,321.081,631.738,662.422,581.794,610.254,684.893
5047,1.401944444,312.149,552.504,321.081,631.738,662.422,581.794,610.254,684.893
5048,1.402222222,312.149,552.504,321.081,631.738,662.422,581.794,610.254,684.893
5049,1.4025,312.144,552.508,321.104,631.849,662.424,581.802,610.289,684.903
5050,1.402777778,312.144,552.508,321.104,631.849,662.424,581.802,610.289,684.903
5051,1.403055556,312.144,552.508,321.104,631.849,662.424,581.802,610.289,684.903
5052,1.403333333,312.144,552.508,321.104,631.849,662.424,581.802,610.289,684.903
5053,1.403611111,312.159,552.538,321.093,631.923,662.419,581.826,610.311,684.884
5054,1.403888889,312.159,552.538,321.093,631.923,662.419,581.826,610.311,684.884
5055,1.404166667,312.159,552.538,321.093,631.923,662.419,581.826,610.311,684.884
5056,1.404444444,312.175,552.587,321.118,631.879,662.427,581.874,610.359,684.909
5057,1.404722222,312.175,552.587,321.118,631.879,662.427,581.874,610.359,684.909
5058,1.405,312.175,552.587,321.118,631.879,662.427,581.874,610.359,684.909
5059,1.405277778,312.175,552.587,321.118,631.879,662.427,581.874,610.359,684.909
5060,1.405555556,312.18,552.596,321.109,631.643,662.457,581.893,610.358,684.917
5061,1.405833333,312.18,552.596,321.109,631.643,662.457,581.893,610.358,684.917
5062,1.406111111,312.18,552.596,321.109,631.643,662.457,581.893,610.358,684.917
5063,1.406388889,312.202,552.614,321.115,631.592,662.45,581.907,610.388,684.901
5064,1.406666667,312.202,552.614,321.115,631.592,662.45,581.907,610.388,684.901
5065,1.406944444,312.202,552.614,321.115,631.592,662.45,581.907,610.388,684.901
5066,1.407222222,312.202,552.614,321.115,631.592,662.45,581.907,610.388,684.901
5067,1.4075,312.188,552.627,321.112,631.518,662.444,581.925,610.412,684.903
5068,1.407777778,312.188,552.627,321.112,631.518,662.444,581.925,610.412,684.903
5069,1.408055556,312.188,552.627,321.112,631.518,662.444,581.925,610.412,684.903
5070,1.408333333,312.205,552.66,321.113,631.474,662.461,581.959,610.431,684.887
5071,1.408611111,312.205,552.66,321.113,631.474,662.461,581.959,610.431,684.887
5072,1.408888889,312.205,552.66,321.113,631.474,662.461,581.959,610.431,684.887
5073,1.409166667,312.205,552.66,321.113,631.474,662.461,581.959,610.431,684.887
5074,1.409444444,312.22,552.695,321.121,631.444,662.456,581.976,610.465,684.883
5075,1.409722222,312.22,552.695,321.121,631.444,662.456,581.976,610.465,684.883
5076,1.41,312.22,552.695,321.121,631.444,662.456,581.976,610.465,684.883
5077,1.410277778,312.23,552.714,321.118,631.292,662.444,582.003,610.457,684.849
5078,1.410555556,312.23,552.714,321.118,631.292,662.444,582.003,610.457,684.849
5079,1.410833333,312.23,552.714,321.118,631.292,662.444,582.003,610.457,684.849
5080,1.411111111,312.23,552.714,321.118,631.292,662.444,582.003,610.457,684.849
5081,1.411388889,312.238,552.728,321.126,631.326,662.444,582.032,610.471,684.823
5082,1.411666667,312.238,552.728,321.126,631.326,662.444,582.032,610.471,684.823
5083,1.411944444,312.238,552.728,321.126,631.326,662.444,582.032,610.471,684.823
5084,1.412222222,312.242,552.73,321.125,631.469,662.44,582.034,610.504,684.816
5085,1.4125,312.242,552.73,321.125,631.469,662.44,582.034,610.504,684.816
5086,1.412777778,312.242,552.73,321.125,631.469,662.44,582.034,610.504,684.816
5087,1.413055556,312.242,552.73,321.125,631.469,662.44,582.034,610.504,684.816
5088,1.413333333,312.255,552.761,321.151,631.583,662.427,582.067,610.518,684.797
5089,1.413611111,312.255,552.761,321.151,631.583,662.427,582.067,610.518,684.797
5090,1.413888889,312.255,552.761,321.151,631.583,662.427,582.067,610.518,684.797
5091,1.414166667,312.257,552.809,321.14,631.407,662.432,582.084,610.538,684.794
5092,1.414444444,312.257,552.809,321.14,631.407,662.432,582.084,610.538,684.794
5093,1.414722222,312.257,552.809,321.14,631.407,662.432,582.084,610.538,684.794
5094,1.415,312.257,552.809,321.14,631.407,662.432,582.084,610.538,684.794
5095,1.415277778,312.262,552.828,321.14,631.166,662.434,582.095,610.548,684.814
5096,1.415555556,312.262,552.828,321.14,631.166,662.434,582.095,610.548,684.814
5097,1.415833333,312.262,552.828,321.14,631.166,662.434,582.095,610.548,684.814
5098,1.416111111,312.271,552.833,321.133,631.124,662.421,582.103,610.551,684.798
5099,1.416388889,312.271,552.833,321.133,631.124,662.421,582.103,610.551,684.798
5100,1.416666667,312.271,552.833,321.133,631.124,662.421,582.103,610.551,684.798
5101,1.416944444,312.271,552.833,321.133,631.124,662.421,582.103,610.551,684.798
5102,1.417222222,312.283,552.851,321.134,631.231,662.424,582.113,610.546,684.769
5103,1.4175,312.283,552.851,321.134,631.231,662.424,582.113,610.546,684.769
5104,1.417777778,312.283,552.851,321.134,631.231,662.424,582.113,610.546,684.769
5105,1.418055556,312.298,552.863,321.148,631.392,662.415,582.146,610.582,684.77
5106,1.418333333,312.298,552.863,321.148,631.392,662.415,582.146,610.582,684.77
5107,1.418611111,312.298,552.863,321.148,631.392,662.415,582.146,610.582,684.77
5108,1.418888889,312.298,552.863,321.148,631.392,662.415,582.146,610.582,684.77
5109,1.419166667,312.303,552.868,321.141,631.657,662.41,582.143,610.576,684.733
5110,1.419444444,312.303,552.868,321.141,631.657,662.41,582.143,610.576,684.733
5111,1.419722222,312.303,552.868,321.141,631.657,662.41,582.143,610.576,684.733
5112,1.42,312.313,552.882,321.152,631.867,662.398,582.158,610.579,684.726
5113,1.420277778,312.313,552.882,321.152,631.867,662.398,582.158,610.579,684.726
5114,1.420555556,312.313,552.882,321.152,631.867,662.398,582.158,610.579,684.726
5115,1.420833333,312.313,552.882,321.152,631.867,662.398,582.158,610.579,684.726
5116,1.421111111,312.316,552.887,321.154,632.113,662.402,582.17,610.58,684.74
5117,1.421388889,312.316,552.887,321.154,632.113,662.402,582.17,610.58,684.74
5118,1.421666667,312.316,552.887,321.154,632.113,662.402,582.17,610.58,684.74
5119,1.421944444,312.331,552.912,321.167,632.325,662.413,582.184,610.601,684.773
5120,1.422222222,312.331,552.912,321.167,632.325,662.413,582.184,610.601,684.773
5121,1.4225,312.331,552.912,321.167,632.325,662.413,582.184,610.601,684.773
5122,1.422777778,312.331,552.912,321.167,632.325,662.413,582.184,610.601,684.773
5123,1.423055556,312.335,552.917,321.172,632.466,662.418,582.198,610.602,684.818
5124,1.423333333,312.335,552.917,321.172,632.466,662.418,582.198,610.602,684.818
5125,1.423611111,312.335,552.917,321.172,632.466,662.418,582.198,610.602,684.818
5126,1.423888889,312.333,552.95,321.181,632.574,662.446,582.195,610.604,684.862
5127,1.424166667,312.333,552.95,321.181,632.574,662.446,582.195,610.604,684.862
5128,1.424444444,312.333,552.95,321.181,632.574,662.446,582.195,610.604,684.862
5129,1.424722222,312.333,552.95,321.181,632.574,662.446,582.195,610.604,684.862
5130,1.425,312.346,552.969,321.173,632.487,662.487,582.222,610.614,684.942
5131,1.425277778,312.346,552.969,321.173,632.487,662.487,582.222,610.614,684.942
5132,1.425555556,312.346,552.969,321.173,632.487,662.487,582.222,610.614,684.942
5133,1.425833333,312.35,552.977,321.167,632.489,662.522,582.219,610.62,685.002
5134,1.426111111,312.35,552.977,321.167,632.489,662.522,582.219,610.62,685.002
5135,1.426388889,312.35,552.977,321.167,632.489,662.522,582.219,610.62,685.002
5136,1.426666667,312.35,552.977,321.167,632.489,662.522,582.219,610.62,685.002
5137,1.426944444,312.362,552.977,321.171,632.531,662.574,582.232,610.638,685.081
5138,1.427222222,312.362,552.977,321.171,632.531,662.574,582.232,610.638,685.081
5139,1.4275,312.362,552.977,321.171,632.531,662.574,582.232,610.638,685.081
5140,1.427777778,312.368,553.013,321.178,632.683,662.631,582.255,610.65,685.145
5141,1.428055556,312.368,553.013,321.178,632.683,662.631,582.255,610.65,685.145
5142,1.428333333,312.368,553.013,321.178,632.683,662.631,582.255,610.65,685.145
5143,1.428611111,312.368,553.013,321.178,632.683,662.631,582.255,610.65,685.145
5144,1.428888889,312.371,553.003,321.183,632.922,662.67,582.256,610.676,685.209
5145,1.429166667,312.371,553.003,321.183,632.922,662.67,582.256,610.676,685.209
5146,1.429444444,312.371,553.003,321.183,632.922,662.67,582.256,610.676,685.209
5147,1.429722222,312.379,553.027,321.184,633.068,662.72,582.27,610.707,685.25
5148,1.43,312.379,553.027,321.184,633.068,662.72,582.27,610.707,685.25
5149,1.430277778,312.379,553.027,321.184,633.068,662.72,582.27,610.707,685.25
5150,1.430555556,312.379,553.027,321.184,633.068,662.72,582.27,610.707,685.25
5151,1.430833333,312.392,553.046,321.19,633.071,662.764,582.301,610.71,685.298
5152,1.431111111,312.392,553.046,321.19,633.071,662.764,582.301,610.71,685.298
5153,1.431388889,312.392,553.046,321.19,633.071,662.764,582.301,610.71,685.298
5154,1.431666667,312.395,553.051,321.19,632.954,662.811,582.311,610.713,685.372
5155,1.431944444,312.395,553.051,321.19,632.954,662.811,582.311,610.713,685.372
5156,1.432222222,312.395,553.051,321.19,632.954,662.811,582.311,610.713,685.372
5157,1.4325,312.395,553.051,321.19,632.954,662.811,582.311,610.713,685.372
5158,1.432777778,312.408,553.075,321.198,632.912,662.87,582.342,610.756,685.444
5159,1.433055556,312.408,553.075,321.198,632.912,662.87,582.342,610.756,685.444
5160,1.433333333,312.408,553.075,321.198,632.912,662.87,582.342,610.756,685.444
5161,1.433611111,312.412,553.111,321.209,632.904,662.911,582.365,610.78,685.493
5162,1.433888889,312.412,553.111,321.209,632.904,662.911,582.365,610.78,685.493
5163,1.434166667,312.412,553.111,321.209,632.904,662.911,582.365,610.78,685.493
5164,1.434444444,312.412,553.111,321.209,632.904,662.911,582.365,610.78,685.493
5165,1.434722222,312.422,553.11,321.207,632.947,662.966,582.388,610.812,685.535
5166,1.435,312.422,553.11,321.207,632.947,662.966,582.388,610.812,685.535
5167,1.435277778,312.422,553.11,321.207,632.947,662.966,582.388,610.812,685.535
5168,1.435555556,312.431,553.125,321.21,633.112,663.028,582.418,610.842,685.592
5169,1.435833333,312.431,553.125,321.21,633.112,663.028,582.418,610.842,685.592
5170,1.436111111,312.431,553.125,321.21,633.112,663.028,582.418,610.842,685.592
5171,1.436388889,312.431,553.125,321.21,633.112,663.028,582.418,610.842,685.592
5172,1.436666667,312.449,553.133,321.241,633.349,663.056,582.438,610.859,685.632
5173,1.436944444,312.449,553.133,321.241,633.349,663.056,582.438,610.859,685.632
5174,1.437222222,312.449,553.133,321.241,633.349,663.056,582.438,610.859,685.632
5175,1.4375,312.453,553.159,321.242,633.603,663.102,582.462,610.89,685.693
5176,1.437777778,312.453,553.159,321.242,633.603,663.102,582.462,610.89,685.693
5177,1.438055556,312.453,553.159,321.242,633.603,663.102,582.462,610.89,685.693
5178,1.438333333,312.453,553.159,321.242,633.603,663.102,582.462,610.89,685.693
5179,1.438611111,312.458,553.181,321.255,633.779,663.143,582.492,610.926,685.755
5180,1.438888889,312.458,553.181,321.255,633.779,663.143,582.492,610.926,685.755
5181,1.439166667,312.458,553.181,321.255,633.779,663.143,582.492,610.926,685.755
5182,1.439444444,312.46,553.203,321.256,633.829,663.189,582.523,610.95,685.819
5183,1.439722222,312.46,553.203,321.256,633.829,663.189,582.523,610.95,685.819
5184,1.44,312.46,553.203,321.256,633.829,663.189,582.523,610.95,685.819
5185,1.440277778,312.46,553.203,321.256,633.829,663.189,582.523,610.95,685.819
5186,1.440555556,312.486,553.217,321.278,634.079,663.259,582.553,610.966,685.907
5187,1.440833333,312.486,553.217,321.278,634.079,663.259,582.553,610.966,685.907
5188,1.441111111,312.486,553.217,321.278,634.079,663.259,582.553,610.966,685.907
5189,1.441388889,312.486,553.253,321.272,634.292,663.324,582.58,611.022,685.991
5190,1.441666667,312.486,553.253,321.272,634.292,663.324,582.58,611.022,685.991
5191,1.441944444,312.486,553.253,321.272,634.292,663.324,582.58,611.022,685.991
5192,1.442222222,312.504,553.3,321.289,634.308,663.39,582.611,611.068,686.1
5193,1.4425,312.504,553.3,321.289,634.308,663.39,582.611,611.068,686.1
5194,1.442777778,312.504,553.3,321.289,634.308,663.39,582.611,611.068,686.1
5195,1.443055556,312.504,553.3,321.289,634.308,663.39,582.611,611.068,686.1
5196,1.443333333,312.493,553.299,321.268,634.101,663.455,582.618,611.082,686.162
5197,1.443611111,312.493,553.299,321.268,634.101,663.455,582.618,611.082,686.162
5198,1.443888889,312.493,553.299,321.268,634.101,663.455,582.618,611.082,686.162
5199,1.444166667,312.506,553.334,321.279,633.848,663.53,582.664,611.138,686.282
5200,1.444444444,312.506,553.334,321.279,633.848,663.53,582.664,611.138,686.282
5201,1.444722222,312.506,553.334,321.279,633.848,663.53,582.664,611.138,686.282
5202,1.445,312.506,553.334,321.279,633.848,663.53,582.664,611.138,686.282
5203,1.445277778,312.509,553.342,321.277,633.702,663.596,582.692,611.158,686.325
5204,1.445555556,312.509,553.342,321.277,633.702,663.596,582.692,611.158,686.325
5205,1.445833333,312.509,553.342,321.277,633.702,663.596,582.692,611.158,686.325
5206,1.446111111,312.509,553.342,321.277,633.702,663.596,582.692,611.158,686.325
5207,1.446388889,312.521,553.341,321.288,633.852,663.655,582.715,611.179,686.371
5208,1.446666667,312.521,553.341,321.288,633.852,663.655,582.715,611.179,686.371
5209,1.446944444,312.521,553.341,321.288,633.852,663.655,582.715,611.179,686.371
5210,1.447222222,312.535,553.358,321.285,634.113,663.715,582.755,611.216,686.412
5211,1.4475,312.535,553.358,321.285,634.113,663.715,582.755,611.216,686.412
5212,1.447777778,312.535,553.358,321.285,634.113,663.715,582.755,611.216,686.412
5213,1.448055556,312.534,553.385,321.285,634.427,663.773,582.793,611.272,686.47
5214,1.448333333,312.534,553.385,321.285,634.427,663.773,582.793,611.272,686.47
5215,1.448611111,312.534,553.385,321.285,634.427,663.773,582.793,611.272,686.47
5216,1.448888889,312.534,553.385,321.285,634.427,663.773,582.793,611.272,686.47
5217,1.449166667,312.55,553.413,321.291,634.698,663.813,582.813,611.282,686.51
5218,1.449444444,312.55,553.413,321.291,634.698,663.813,582.813,611.282,686.51
5219,1.449722222,312.55,553.413,321.291,634.698,663.813,582.813,611.282,686.51
5220,1.45,312.557,553.444,321.318,634.731,663.877,582.85,611.356,686.617
5221,1.450277778,312.557,553.444,321.318,634.731,663.877,582.85,611.356,686.617
5222,1.450555556,312.557,553.444,321.318,634.731,663.877,582.85,611.356,686.617
5223,1.450833333,312.557,553.444,321.318,634.731,663.877,582.85,611.356,686.617
5224,1.451111111,312.57,553.481,321.315,634.604,663.94,582.888,611.38,686.692
5225,1.451388889,312.57,553.481,321.315,634.604,663.94,582.888,611.38,686.692
5226,1.451666667,312.57,553.481,321.315,634.604,663.94,582.888,611.38,686.692
5227,1.451944444,312.571,553.526,321.332,634.295,664.008,582.929,611.43,686.781
5228,1.452222222,312.571,553.526,321.332,634.295,664.008,582.929,611.43,686.781
5229,1.4525,312.571,553.526,321.332,634.295,664.008,582.929,611.43,686.781
5230,1.452777778,312.571,553.526,321.332,634.295,664.008,582.929,611.43,686.781
5231,1.453055556,312.588,553.545,321.324,633.894,664.074,582.961,611.475,686.87
5232,1.453333333,312.588,553.545,321.324,633.894,664.074,582.961,611.475,686.87
5233,1.453611111,312.588,553.545,321.324,633.894,664.074,582.961,611.475,686.87
5234,1.453888889,312.589,553.56,321.327,633.777,664.132,582.998,611.486,686.899
5235,1.454166667,312.589,553.56,321.327,633.777,664.132,582.998,611.486,686.899
5236,1.454444444,312.589,553.56,321.327,633.777,664.132,582.998,611.486,686.899
5237,1.454722222,312.589,553.56,321.327,633.777,664.132,582.998,611.486,686.899
5238,1.455,312.605,553.59,321.343,633.783,664.195,583.03,611.573,686.934
5239,1.455277778,312.605,553.59,321.343,633.783,664.195,583.03,611.573,686.934
5240,1.455555556,312.605,553.59,321.343,633.783,664.195,583.03,611.573,686.934
5241,1.455833333,312.605,553.63,321.342,633.629,664.228,583.064,611.599,686.93
5242,1.456111111,312.605,553.63,321.342,633.629,664.228,583.064,611.599,686.93
5243,1.456388889,312.605,553.63,321.342,633.629,664.228,583.064,611.599,686.93
5244,1.456666667,312.605,553.63,321.342,633.629,664.228,583.064,611.599,686.93
5245,1.456944444,312.603,553.642,321.34,633.426,664.25,583.093,611.615,686.918
5246,1.457222222,312.603,553.642,321.34,633.426,664.25,583.093,611.615,686.918
5247,1.4575,312.603,553.642,321.34,633.426,664.25,583.093,611.615,686.918
5248,1.457777778,312.631,553.69,321.366,633.243,664.271,583.141,611.703,686.936
5249,1.458055556,312.631,553.69,321.366,633.243,664.271,583.141,611.703,686.936
5250,1.458333333,312.631,553.69,321.366,633.243,664.271,583.141,611.703,686.936
5251,1.458611111,312.634,553.74,321.38,633.133,664.296,583.185,611.733,686.935
5252,1.458888889,312.634,553.74,321.38,633.133,664.296,583.185,611.733,686.935
5253,1.459166667,312.634,553.74,321.38,633.133,664.296,583.185,611.733,686.935
5254,1.459444444,312.634,553.74,321.38,633.133,664.296,583.185,611.733,686.935
5255,1.459722222,312.647,553.743,321.367,633.006,664.288,583.217,611.76,686.892
5256,1.46,312.647,553.743,321.367,633.006,664.288,583.217,611.76,686.892
5257,1.460277778,312.647,553.743,321.367,633.006,664.288,583.217,611.76,686.892
5258,1.460555556,312.637,553.763,321.374,632.967,664.276,583.248,611.801,686.866
5259,1.460833333,312.637,553.763,321.374,632.967,664.276,583.248,611.801,686.866
5260,1.461111111,312.637,553.763,321.374,632.967,664.276,583.248,611.801,686.866
5261,1.461388889,312.637,553.763,321.374,632.967,664.276,583.248,611.801,686.866
5262,1.461666667,312.665,553.799,321.397,632.887,664.289,583.296,611.816,686.832
5263,1.461944444,312.665,553.799,321.397,632.887,664.289,583.296,611.816,686.832
5264,1.462222222,312.665,553.799,321.397,632.887,664.289,583.296,611.816,686.832
5265,1.4625,312.669,553.812,321.39,632.881,664.276,583.316,611.868,686.798
5266,1.462777778,312.669,553.812,321.39,632.881,664.276,583.316,611.868,686.798
5267,1.463055556,312.669,553.812,321.39,632.881,664.276,583.316,611.868,686.798
5268,1.463333333,312.669,553.812,321.39,632.881,664.276,583.316,611.868,686.798
5269,1.463611111,312.671,553.871,321.381,632.89,664.248,583.351,611.89,686.759
5270,1.463888889,312.671,553.871,321.381,632.89,664.248,583.351,611.89,686.759
5271,1.464166667,312.671,553.871,321.381,632.89,664.248,583.351,611.89,686.759
5272,1.464444444,312.684,553.898,321.385,632.888,664.228,583.381,611.931,686.748
5273,1.464722222,312.684,553.898,321.385,632.888,664.228,583.381,611.931,686.748
5274,1.465,312.684,553.898,321.385,632.888,664.228,583.381,611.931,686.748
5275,1.465277778,312.684,553.898,321.385,632.888,664.228,583.381,611.931,686.748
5276,1.465555556,312.692,553.942,321.396,632.795,664.216,583.405,611.952,686.71
5277,1.465833333,312.692,553.942,321.396,632.795,664.216,583.405,611.952,686.71
5278,1.466111111,312.692,553.942,321.396,632.795,664.216,583.405,611.952,686.71
5279,1.466388889,312.686,553.96,321.388,632.469,664.197,583.426,611.945,686.67
5280,1.466666667,312.686,553.96,321.388,632.469,664.197,583.426,611.945,686.67
5281,1.466944444,312.686,553.96,321.388,632.469,664.197,583.426,611.945,686.67
5282,1.467222222,312.686,553.96,321.388,632.469,664.197,583.426,611.945,686.67
5283,1.4675,312.708,553.975,321.407,632.337,664.188,583.463,611.977,686.639
5284,1.467777778,312.708,553.975,321.407,632.337,664.188,583.463,611.977,686.639
5285,1.468055556,312.708,553.975,321.407,632.337,664.188,583.463,611.977,686.639
5286,1.468333333,312.71,553.986,321.399,632.352,664.152,583.463,611.98,686.581
5287,1.468611111,312.71,553.986,321.399,632.352,664.152,583.463,611.98,686.581
5288,1.468888889,312.71,553.986,321.399,632.352,664.152,583.463,611.98,686.581
5289,1.469166667,312.71,553.986,321.399,632.352,664.152,583.463,611.98,686.581
5290,1.469444444,312.724,554.016,321.419,632.452,664.132,583.494,612.006,686.523
5291,1.469722222,312.724,554.016,321.419,632.452,664.132,583.494,612.006,686.523
5292,1.47,312.724,554.016,321.419,632.452,664.132,583.494,612.006,686.523
5293,1.470277778,312.736,554.043,321.431,632.409,664.106,583.511,612.027,686.489
5294,1.470555556,312.736,554.043,321.431,632.409,664.106,583.511,612.027,686.489
5295,1.470833333,312.736,554.043,321.431,632.409,664.106,583.511,612.027,686.489
5296,1.471111111,312.736,554.043,321.431,632.409,664.106,583.511,612.027,686.489
5297,1.471388889,312.75,554.057,321.432,632.315,664.072,583.528,612.025,686.435
5298,1.471666667,312.75,554.057,321.432,632.315,664.072,583.528,612.025,686.435
5299,1.471944444,312.75,554.057,321.432,632.315,664.072,583.528,612.025,686.435
5300,1.472222222,312.751,554.098,321.434,632.299,664.051,583.547,612.042,686.403
5301,1.4725,312.751,554.098,321.434,632.299,664.051,583.547,612.042,686.403
5302,1.472777778,312.751,554.098,321.434,632.299,664.051,583.547,612.042,686.403
5303,1.473055556,312.751,554.098,321.434,632.299,664.051,583.547,612.042,686.403
5304,1.473333333,312.763,554.114,321.445,632.12,664.004,583.554,612.035,686.34
5305,1.473611111,312.763,554.114,321.445,632.12,664.004,583.554,612.035,686.34
5306,1.473888889,312.763,554.114,321.445,632.12,664.004,583.554,612.035,686.34
5307,1.474166667,312.776,554.113,321.447,632.116,663.972,583.562,612.032,686.315
5308,1.474444444,312.776,554.113,321.447,632.116,663.972,583.562,612.032,686.315
5309,1.474722222,312.776,554.113,321.447,632.116,663.972,583.562,612.032,686.315
5310,1.475,312.791,554.13,321.456,632.357,663.945,583.58,612.041,686.268
5311,1.475277778,312.791,554.13,321.456,632.357,663.945,583.58,612.041,686.268
5312,1.475555556,312.791,554.13,321.456,632.357,663.945,583.58,612.041,686.268
5313,1.475833333,312.791,554.13,321.456,632.357,663.945,583.58,612.041,686.268
5314,1.476111111,312.783,554.153,321.458,632.506,663.902,583.579,612.036,686.228
5315,1.476388889,312.783,554.153,321.458,632.506,663.902,583.579,612.036,686.228
5316,1.476666667,312.783,554.153,321.458,632.506,663.902,583.579,612.036,686.228
5317,1.476944444,312.796,554.178,321.475,632.532,663.886,583.598,612.04,686.22
5318,1.477222222,312.796,554.178,321.475,632.532,663.886,583.598,612.04,686.22
5319,1.4775,312.796,554.178,321.475,632.532,663.886,583.598,612.04,686.22
5320,1.477777778,312.796,554.178,321.475,632.532,663.886,583.598,612.04,686.22
5321,1.478055556,312.798,554.172,321.48,632.575,663.863,583.599,612.027,686.195
5322,1.478333333,312.798,554.172,321.48,632.575,663.863,583.599,612.027,686.195
5323,1.478611111,312.798,554.172,321.48,632.575,663.863,583.599,612.027,686.195
5324,1.478888889,312.816,554.19,321.497,632.654,663.873,583.613,612.04,686.201
5325,1.479166667,312.816,554.19,321.497,632.654,663.873,583.613,612.04,686.201
5326,1.479444444,312.816,554.19,321.497,632.654,663.873,583.613,612.04,686.201
5327,1.479722222,312.816,554.19,321.497,632.654,663.873,583.613,612.04,686.201
5328,1.48,312.824,554.197,321.498,632.794,663.852,583.605,612.034,686.186
5329,1.480277778,312.824,554.197,321.498,632.794,663.852,583.605,612.034,686.186
5330,1.480555556,312.824,554.197,321.498,632.794,663.852,583.605,612.034,686.186
5331,1.480833333,312.829,554.216,321.497,632.843,663.841,583.601,612.056,686.222
5332,1.481111111,312.829,554.216,321.497,632.843,663.841,583.601,612.056,686.222
5333,1.481388889,312.829,554.216,321.497,632.843,663.841,583.601,612.056,686.222
5334,1.481666667,312.829,554.216,321.497,632.843,663.841,583.601,612.056,686.222
5335,1.481944444,312.859,554.248,321.51,632.715,663.861,583.63,612.056,686.244
5336,1.482222222,312.859,554.248,321.51,632.715,663.861,583.63,612.056,686.244
5337,1.4825,312.859,554.248,321.51,632.715,663.861,583.63,612.056,686.244
5338,1.482777778,312.854,554.273,321.519,632.522,663.861,583.625,612.041,686.238
5339,1.483055556,312.854,554.273,321.519,632.522,663.861,583.625,612.041,686.238
5340,1.483333333,312.854,554.273,321.519,632.522,663.861,583.625,612.041,686.238
5341,1.483611111,312.854,554.273,321.519,632.522,663.861,583.625,612.041,686.238
5342,1.483888889,312.863,554.275,321.52,632.363,663.866,583.62,612.052,686.236
5343,1.484166667,312.863,554.275,321.52,632.363,663.866,583.62,612.052,686.236
5344,1.484444444,312.863,554.275,321.52,632.363,663.866,583.62,612.052,686.236
5345,1.484722222,312.866,554.302,321.516,632.157,663.856,583.62,612.048,686.224
5346,1.485,312.866,554.302,321.516,632.157,663.856,583.62,612.048,686.224
5347,1.485277778,312.866,554.302,321.516,632.157,663.856,583.62,612.048,686.224
5348,1.485555556,312.866,554.302,321.516,632.157,663.856,583.62,612.048,686.224
5349,1.485833333,312.886,554.318,321.532,632.064,663.877,583.649,612.061,686.227
5350,1.486111111,312.886,554.318,321.532,632.064,663.877,583.649,612.061,686.227
5351,1.486388889,312.886,554.318,321.532,632.064,663.877,583.649,612.061,686.227
5352,1.486666667,312.896,554.317,321.524,632.182,663.865,583.648,612.074,686.193
5353,1.486944444,312.896,554.317,321.524,632.182,663.865,583.648,612.074,686.193
5354,1.487222222,312.896,554.317,321.524,632.182,663.865,583.648,612.074,686.193
5355,1.4875,312.896,554.317,321.524,632.182,663.865,583.648,612.074,686.193
5356,1.487777778,312.889,554.324,321.537,632.168,663.826,583.643,612.048,686.123
5357,1.488055556,312.889,554.324,321.537,632.168,663.826,583.643,612.048,686.123
5358,1.488333333,312.889,554.324,321.537,632.168,663.826,583.643,612.048,686.123
5359,1.488611111,312.913,554.358,321.537,632.29,663.814,583.651,612.072,686.102
5360,1.488888889,312.913,554.358,321.537,632.29,663.814,583.651,612.072,686.102
5361,1.489166667,312.913,554.358,321.537,632.29,663.814,583.651,612.072,686.102
5362,1.489444444,312.913,554.358,321.537,632.29,663.814,583.651,612.072,686.102
5363,1.489722222,312.911,554.386,321.538,632.161,663.772,583.666,612.068,686.059
5364,1.49,312.911,554.386,321.538,632.161,663.772,583.666,612.068,686.059
5365,1.490277778,312.911,554.386,321.538,632.161,663.772,583.666,612.068,686.059
5366,1.490555556,312.917,554.384,321.53,631.865,663.755,583.673,612.083,686.031
5367,1.490833333,312.917,554.384,321.53,631.865,663.755,583.673,612.083,686.031
5368,1.491111111,312.917,554.384,321.53,631.865,663.755,583.673,612.083,686.031
5369,1.491388889,312.931,554.401,321.543,631.547,663.735,583.689,612.085,685.993
5370,1.491666667,312.931,554.401,321.543,631.547,663.735,583.689,612.085,685.993
5371,1.491944444,312.931,554.401,321.543,631.547,663.735,583.689,612.085,685.993
5372,1.492222222,312.931,554.401,321.543,631.547,663.735,583.689,612.085,685.993
5373,1.4925,312.936,554.407,321.532,631.552,663.713,583.69,612.085,685.938
5374,1.492777778,312.936,554.407,321.532,631.552,663.713,583.69,612.085,685.938
5375,1.493055556,312.936,554.407,321.532,631.552,663.713,583.69,612.085,685.938
5376,1.493333333,312.936,554.443,321.528,631.666,663.669,583.697,612.089,685.88
5377,1.493611111,312.936,554.443,321.528,631.666,663.669,583.697,612.089,685.88
5378,1.493888889,312.936,554.443,321.528,631.666,663.669,583.697,612.089,685.88
5379,1.494166667,312.936,554.443,321.528,631.666,663.669,583.697,612.089,685.88
5380,1.494444444,312.959,554.455,321.536,631.689,663.635,583.704,612.092,685.819
5381,1.494722222,312.959,554.455,321.536,631.689,663.635,583.704,612.092,685.819
