% Model:              Cav_Hex_validation_v7.0 - full receiver.mph
% Version:            COMSOL 6.0.0.354
% Date:               Apr 14 2025, 10:47
% Table:              T03 (gas) - exp. 67 - 
% Time (hr)                                       T03 (K)
0                                                 296.578
2.77778E-4                                        296.939
5.55556E-4                                        296.939
8.33334E-4                                        296.939
0.001111112                                       296.939
0.00138889                                        297.235
0.001666668                                       297.235
0.001944446                                       297.235
0.002222224                                       297.551
0.002500002                                       297.551
0.00277778                                        297.551
0.003055558                                       297.921
0.003333336                                       297.921
0.003611114                                       297.921
0.003888892                                       297.921
0.00416667                                        298.344
0.004444448                                       298.344
0.004722226                                       298.344
0.005000004                                       298.344
0.005277782                                       299.051
0.00555556                                        299.051
0.005833338                                       299.051
0.006111116                                       299.786
0.006388894                                       299.786
0.006666672                                       299.786
0.00694445                                        300.82
0.007222228                                       300.82
0.007500006                                       300.82
0.007777784                                       300.82
0.008055562                                       302.249
0.00833334                                        302.249
0.008611118                                       302.249
0.008888896                                       303.903
0.009166674                                       303.903
0.009444452                                       303.903
0.00972223                                        303.903
0.010000008                                       305.731
0.010277786                                       305.731
0.010555564                                       305.731
0.010833342                                       307.677
0.01111112                                        307.677
0.011388898                                       307.677
0.011666676                                       307.677
0.011944454                                       309.644
0.012222232                                       309.644
0.01250001                                        309.644
0.012777788                                       311.821
0.013055566                                       311.821
0.013333344                                       311.821
0.013611122                                       311.821
0.0138889                                         314.104
0.014166678                                       314.104
0.014444456                                       314.104
0.014722234                                       316.394
0.015000012                                       316.394
0.01527779                                        316.394
0.015555568                                       316.394
0.015833346                                       318.675
0.016111124                                       318.675
0.016388902                                       318.675
0.01666668                                        321.123
0.016944458                                       321.123
0.017222236                                       321.123
0.017500014                                       321.123
0.017777792                                       323.408
0.01805557                                        323.408
0.018333348                                       323.408
0.018611126                                       325.822
0.018888904                                       325.822
0.019166682                                       325.822
0.01944446                                        325.822
0.019722238                                       327.391
0.020000016                                       327.391
0.020277794                                       327.391
0.020555572                                       329.238
0.02083335                                        329.238
0.021111128                                       329.238
0.021388906                                       332.061
0.021666684                                       332.061
0.021944462                                       332.061
0.02222224                                        332.061
0.022500018                                       333.925
0.022777796                                       333.925
0.023055574                                       333.925
0.023333352                                       336.106
0.02361113                                        336.106
0.023888908                                       336.106
0.024166686                                       336.106
0.024444464                                       339
0.024722242                                       339
0.02500002                                        339
0.025277798                                       341.837
0.025555576                                       341.837
0.025833354                                       341.837
0.026111132                                       341.837
0.02638891                                        342.962
0.026666688                                       342.962
0.026944466                                       342.962
0.027222244                                       343.979
0.027500022                                       343.979
0.0277778                                         343.979
0.028055578                                       343.979
0.028333356                                       345.431
0.028611134                                       345.431
0.028888912                                       345.431
0.02916669                                        346.39
0.029444468                                       346.39
0.029722246                                       346.39
0.030000024                                       346.39
0.030277802                                       347.664
0.03055558                                        347.664
0.030833358                                       347.664
0.031111136                                       349.681
0.031388914                                       349.681
0.031666692                                       349.681
0.03194447                                        349.681
0.032222248                                       351.132
0.032500026                                       351.132
0.032777804                                       351.132
0.033055582                                       352.616
0.03333336                                        352.616
0.033611138                                       352.616
0.033888916                                       352.616
0.034166694                                       354.489
0.034444472                                       354.489
0.03472225                                        354.489
0.035000028                                       356.058
0.035277806                                       356.058
0.035555584                                       356.058
0.035833362                                       356.058
0.03611114                                        357.663
0.036388918                                       357.663
0.036666696                                       357.663
0.036944474                                       359.105
0.037222252                                       359.105
0.03750003                                        359.105
0.037777808                                       359.105
0.038055586                                       360.718
0.038333364                                       360.718
0.038611142                                       360.718
0.03888892                                        362.355
0.039166698                                       362.355
0.039444476                                       362.355
0.039722254                                       362.355
0.040000032                                       363.983
0.04027781                                        363.983
0.040555588                                       363.983
0.040833366                                       365.853
0.041111144                                       365.853
0.041388922                                       365.853
0.0416667                                         365.853
0.041944478                                       367.64
0.042222256                                       367.64
0.042500034                                       367.64
0.042777812                                       369.39
0.04305559                                        369.39
0.043333368                                       369.39
0.043611146                                       371.301
0.043888924                                       371.301
0.044166702                                       371.301
0.04444448                                        371.301
0.044722258                                       373.029
0.045000036                                       373.029
0.045277814                                       373.029
0.045555592                                       374.752
0.04583337                                        374.752
0.046111148                                       374.752
0.046388926                                       374.752
0.046666704                                       376.389
0.046944482                                       376.389
0.04722226                                        376.389
0.047500038                                       378.137
0.047777816                                       378.137
0.048055594                                       378.137
0.048333372                                       378.137
0.04861115                                        379.723
0.048888928                                       379.723
0.049166706                                       379.723
0.049444484                                       381.472
0.049722262                                       381.472
0.05000004                                        381.472
0.050277818                                       381.472
0.050555596                                       382.878
0.050833374                                       382.878
0.051111152                                       382.878
0.05138893                                        384.22
0.051666708                                       384.22
0.051944486                                       384.22
0.052222264                                       384.22
0.052500042                                       385.771
0.05277782                                        385.771
0.053055598                                       385.771
0.053333376                                       387.241
0.053611154                                       387.241
0.053888932                                       387.241
0.05416671                                        387.241
0.054444488                                       388.897
0.054722266                                       388.897
0.055000044                                       388.897
0.055277822                                       390.462
0.0555556                                         390.462
0.055833378                                       390.462
0.056111156                                       390.462
0.056388934                                       392.253
0.056666712                                       392.253
0.05694449                                        392.253
0.057222268                                       393.794
0.057500046                                       393.794
0.057777824                                       393.794
0.058055602                                       393.794
0.05833338                                        395.274
0.058611158                                       395.274
0.058888936                                       395.274
0.059166714                                       396.747
0.059444492                                       396.747
0.05972227                                        396.747
0.060000048                                       396.747
0.060277826                                       397.764
0.060555604                                       397.764
0.060833382                                       397.764
0.06111116                                        398.994
0.061388938                                       398.994
0.061666716                                       398.994
0.061944494                                       398.994
0.062222272                                       400.06
0.06250005                                        400.06
0.062777828                                       400.06
0.063055606                                       401.418
0.063333384                                       401.418
0.063611162                                       401.418
0.06388894                                        401.418
0.064166718                                       402.848
0.064444496                                       402.848
0.064722274                                       402.848
0.065000052                                       404.172
0.06527783                                        404.172
0.065555608                                       404.172
0.065833386                                       404.172
0.066111164                                       405.528
0.066388942                                       405.528
0.06666672                                        405.528
0.066944498                                       406.878
0.067222276                                       406.878
0.067500054                                       406.878
0.067777832                                       406.878
0.06805561                                        408.332
0.068333388                                       408.332
0.068611166                                       408.332
0.068888944                                       409.818
0.069166722                                       409.818
0.0694445                                         409.818
0.069722278                                       409.818
0.070000056                                       411.314
0.070277834                                       411.314
0.070555612                                       411.314
0.07083339                                        412.71
0.071111168                                       412.71
0.071388946                                       412.71
0.071666724                                       412.71
0.071944502                                       413.931
0.07222228                                        413.931
0.072500058                                       413.931
0.072777836                                       415.109
0.073055614                                       415.109
0.073333392                                       415.109
0.07361117                                        415.109
0.073888948                                       416.391
0.074166726                                       416.391
0.074444504                                       416.391
0.074722282                                       417.783
0.07500006                                        417.783
0.075277838                                       417.783
0.075555616                                       417.783
0.075833394                                       420.993
0.076111172                                       420.993
0.07638895                                        420.993
0.076666728                                       423.066
0.076944506                                       423.066
0.077222284                                       423.066
0.077500062                                       423.066
0.07777784                                        424.725
0.078055618                                       424.725
0.078333396                                       424.725
0.078611174                                       426.096
0.078888952                                       426.096
0.07916673                                        426.096
0.079444508                                       426.096
0.079722286                                       427.533
0.080000064                                       427.533
0.080277842                                       427.533
0.08055562                                        429.315
0.080833398                                       429.315
0.081111176                                       429.315
0.081388954                                       429.315
0.081666732                                       430.623
0.08194451                                        430.623
0.082222288                                       430.623
0.082500066                                       432.002
0.082777844                                       432.002
0.083055622                                       432.002
0.0833334                                         433.739
0.083611178                                       433.739
0.083888956                                       433.739
0.084166734                                       433.739
0.084444512                                       435.044
0.08472229                                        435.044
0.085000068                                       435.044
0.085277846                                       436.801
0.085555624                                       436.801
0.085833402                                       436.801
0.08611118                                        436.801
0.086388958                                       438.276
0.086666736                                       438.276
0.086944514                                       438.276
0.087222292                                       439.749
0.08750007                                        439.749
0.087777848                                       439.749
0.088055626                                       439.749
0.088333404                                       441.131
0.088611182                                       441.131
0.08888896                                        441.131
0.089166738                                       442.348
0.089444516                                       442.348
0.089722294                                       442.348
0.090000072                                       442.348
0.09027785                                        443.527
0.090555628                                       443.527
0.090833406                                       443.527
0.091111184                                       444.944
0.091388962                                       444.944
0.09166674                                        444.944
0.091944518                                       446.265
0.092222296                                       446.265
0.092500074                                       446.265
0.092777852                                       446.265
0.09305563                                        447.471
0.093333408                                       447.471
0.093611186                                       447.471
0.093888964                                       448.869
0.094166742                                       448.869
0.09444452                                        448.869
0.094722298                                       448.869
0.095000076                                       449.918
0.095277854                                       449.918
0.095555632                                       449.918
0.09583341                                        449.918
0.096111188                                       451.485
0.096388966                                       451.485
0.096666744                                       451.485
0.096944522                                       452.733
0.0972223                                         452.733
0.097500078                                       452.733
0.097777856                                       453.734
0.098055634                                       453.734
0.098333412                                       453.734
0.09861119                                        453.734
0.098888968                                       455.16
0.099166746                                       455.16
0.099444524                                       455.16
0.099722302                                       456.606
0.10000008                                        456.606
0.100277858                                       456.606
0.100555636                                       456.606
0.100833414                                       457.213
0.101111192                                       457.213
0.10138897                                        457.213
0.101666748                                       458.563
0.101944526                                       458.563
0.102222304                                       458.563
0.102500082                                       458.563
0.10277786                                        459.978
0.103055638                                       459.978
0.103333416                                       459.978
0.103611194                                       461.296
0.103888972                                       461.296
0.10416675                                        461.296
0.104444528                                       461.296
0.104722306                                       462.589
0.105000084                                       462.589
0.105277862                                       462.589
0.10555564                                        464.176
0.105833418                                       464.176
0.106111196                                       464.176
0.106388974                                       464.176
0.106666752                                       465.382
0.10694453                                        465.382
0.107222308                                       465.382
0.107500086                                       465.38
0.107777864                                       465.38
0.108055642                                       465.38
0.10833342                                        465.38
0.108611198                                       467.641
0.108888976                                       467.641
0.109166754                                       467.641
0.109444532                                       468.088
0.10972231                                        468.088
0.110000088                                       468.088
0.110277866                                       468.088
0.110555644                                       469.718
0.110833422                                       469.718
0.1111112                                         469.718
0.111388978                                       471.31
0.111666756                                       471.31
0.111944534                                       471.31
0.112222312                                       471.31
0.11250009                                        472.686
0.112777868                                       472.686
0.113055646                                       472.686
0.113333424                                       473.792
0.113611202                                       473.792
0.11388898                                        473.792
0.114166758                                       473.792
0.114444536                                       475.001
0.114722314                                       475.001
0.115000092                                       475.001
0.11527787                                        476.3
0.115555648                                       476.3
0.115833426                                       476.3
0.116111204                                       477.316
0.116388982                                       477.316
0.11666676                                        477.316
0.116944538                                       477.316
0.117222316                                       478.523
0.117500094                                       478.523
0.117777872                                       478.523
0.11805565                                        478.523
0.118333428                                       479.718
0.118611206                                       479.718
0.118888984                                       479.718
0.119166762                                       480.969
0.11944454                                        480.969
0.119722318                                       480.969
0.120000096                                       480.969
0.120277874                                       481.88
0.120555652                                       481.88
0.12083343                                        481.88
0.121111208                                       483.043
0.121388986                                       483.043
0.121666764                                       483.043
0.121944542                                       483.804
0.12222232                                        483.804
0.122500098                                       483.804
0.122777876                                       483.804
0.123055654                                       484.899
0.123333432                                       484.899
0.12361121                                        484.899
0.123888988                                       485.968
0.124166766                                       485.968
0.124444544                                       485.968
0.124722322                                       485.968
0.1250001                                         487.565
0.125277878                                       487.565
0.125555656                                       487.565
0.125833434                                       488.737
0.126111212                                       488.737
0.12638899                                        488.737
0.126666768                                       488.737
0.126944546                                       489.858
0.127222324                                       489.858
0.127500102                                       489.858
0.12777788                                        490.948
0.128055658                                       490.948
0.128333436                                       490.948
0.128611214                                       490.948
0.128888992                                       492.259
0.12916677                                        492.259
0.129444548                                       492.259
0.129722326                                       493.398
0.130000104                                       493.398
0.130277882                                       493.398
0.13055566                                        493.398
0.130833438                                       494.013
0.131111216                                       494.013
0.131388994                                       494.013
0.131666772                                       494.93
0.13194455                                        494.93
0.132222328                                       494.93
0.132500106                                       494.93
0.132777884                                       495.737
0.133055662                                       495.737
0.13333344                                        495.737
0.133611218                                       496.921
0.133888996                                       496.921
0.134166774                                       496.921
0.134444552                                       496.921
0.13472233                                        497.761
0.135000108                                       497.761
0.135277886                                       497.761
0.135555664                                       499.129
0.135833442                                       499.129
0.13611122                                        499.129
0.136388998                                       500.203
0.136666776                                       500.203
0.136944554                                       500.203
0.137222332                                       500.203
0.13750011                                        501.385
0.137777888                                       501.385
0.138055666                                       501.385
0.138333444                                       502.529
0.138611222                                       502.529
0.138889                                          502.529
0.139166778                                       502.529
0.139444556                                       503.584
0.139722334                                       503.584
0.140000112                                       503.584
0.14027789                                        504.586
0.140555668                                       504.586
0.140833446                                       504.586
0.141111224                                       504.586
0.141389002                                       505.555
0.14166678                                        505.555
0.141944558                                       505.555
0.142222336                                       506.705
0.142500114                                       506.705
0.142777892                                       506.705
0.14305567                                        506.705
0.143333448                                       507.856
0.143611226                                       507.856
0.143889004                                       507.856
0.144166782                                       509.219
0.14444456                                        509.219
0.144722338                                       509.219
0.145000116                                       509.219
0.145277894                                       510.158
0.145555672                                       510.158
0.14583345                                        510.158
0.146111228                                       511.052
0.146389006                                       511.052
0.146666784                                       511.052
0.146944562                                       511.052
0.14722234                                        512.446
0.147500118                                       512.446
0.147777896                                       512.446
0.148055674                                       513.183
0.148333452                                       513.183
0.14861123                                        513.183
0.148889008                                       513.183
0.149166786                                       514.179
0.149444564                                       514.179
0.149722342                                       514.179
0.15000012                                        515.046
0.150277898                                       515.046
0.150555676                                       515.046
0.150833454                                       515.046
0.151111232                                       515.932
0.15138901                                        515.932
0.151666788                                       515.932
0.151944566                                       516.115
0.152222344                                       516.115
0.152500122                                       516.115
0.1527779                                         516.115
0.153055678                                       516.81
0.153333456                                       516.81
0.153611234                                       516.81
0.153889012                                       517
0.15416679                                        517
0.154444568                                       517
0.154722346                                       517
0.155000124                                       518.141
0.155277902                                       518.141
0.15555568                                        518.141
0.155833458                                       518.875
0.156111236                                       518.875
0.156389014                                       518.875
0.156666792                                       518.875
0.15694457                                        520.237
0.157222348                                       520.237
0.157500126                                       520.237
0.157777904                                       521.521
0.158055682                                       521.521
0.15833346                                        521.521
0.158611238                                       521.521
0.158889016                                       522.261
0.159166794                                       522.261
0.159444572                                       522.261
0.15972235                                        523.676
0.160000128                                       523.676
0.160277906                                       523.676
0.160555684                                       524.765
0.160833462                                       524.765
0.16111124                                        524.765
0.161389018                                       524.765
0.161666796                                       525.363
0.161944574                                       525.363
0.162222352                                       525.363
0.16250013                                        527.021
0.162777908                                       527.021
0.163055686                                       527.021
0.163333464                                       527.021
0.163611242                                       527.866
0.16388902                                        527.866
0.164166798                                       527.866
0.164444576                                       528.872
0.164722354                                       528.872
0.165000132                                       528.872
0.16527791                                        528.872
0.165555688                                       529.731
0.165833466                                       529.731
0.166111244                                       529.731
0.166389022                                       530.937
0.1666668                                         530.937
0.166944578                                       530.937
0.167222356                                       530.937
0.167500134                                       531.821
0.167777912                                       531.821
0.16805569                                        531.821
0.168333468                                       532.948
0.168611246                                       532.948
0.168889024                                       532.948
0.169166802                                       532.948
0.16944458                                        533.954
0.169722358                                       533.954
0.170000136                                       533.954
0.170277914                                       535.074
0.170555692                                       535.074
0.17083347                                        535.074
0.171111248                                       535.074
0.171389026                                       535.89
0.171666804                                       535.89
0.171944582                                       535.89
0.17222236                                        536.413
0.172500138                                       536.413
0.172777916                                       536.413
0.173055694                                       536.413
0.173333472                                       537.446
0.17361125                                        537.446
0.173889028                                       537.446
0.174166806                                       538.354
0.174444584                                       538.354
0.174722362                                       538.354
0.17500014                                        538.354
0.175277918                                       539.607
0.175555696                                       539.607
0.175833474                                       539.607
0.176111252                                       540.546
0.17638903                                        540.546
0.176666808                                       540.546
0.176944586                                       540.546
0.177222364                                       541.425
0.177500142                                       541.425
0.17777792                                        541.425
0.178055698                                       542.427
0.178333476                                       542.427
0.178611254                                       542.427
0.178889032                                       542.427
0.17916681                                        543.277
0.179444588                                       543.277
0.179722366                                       543.277
0.180000144                                       544.192
0.180277922                                       544.192
0.1805557                                         544.192
0.180833478                                       544.192
0.181111256                                       545.135
0.181389034                                       545.135
0.181666812                                       545.135
0.18194459                                        546.02
0.182222368                                       546.02
0.182500146                                       546.02
0.182777924                                       546.02
0.183055702                                       546.887
0.18333348                                        546.887
0.183611258                                       546.887
0.183889036                                       547.639
0.184166814                                       547.639
0.184444592                                       547.639
0.18472237                                        547.639
0.185000148                                       548.693
0.185277926                                       548.693
0.185555704                                       548.693
0.185833482                                       549.601
0.18611126                                        549.601
0.186389038                                       549.601
0.186666816                                       549.601
0.186944594                                       550.509
0.187222372                                       550.509
0.18750015                                        550.509
0.187777928                                       551.407
0.188055706                                       551.407
0.188333484                                       551.407
0.188611262                                       551.407
0.18888904                                        552.304
0.189166818                                       552.304
0.189444596                                       552.304
0.189722374                                       553.243
0.190000152                                       553.243
0.19027793                                        553.243
0.190555708                                       554.145
0.190833486                                       554.145
0.191111264                                       554.145
0.191389042                                       554.145
0.19166682                                        555.115
0.191944598                                       555.115
0.192222376                                       555.115
0.192500154                                       555.942
0.192777932                                       555.942
0.19305571                                        555.942
0.193333488                                       555.942
0.193611266                                       556.95
0.193889044                                       556.95
0.194166822                                       556.95
0.1944446                                         557.725
0.194722378                                       557.725
0.195000156                                       557.725
0.195277934                                       557.725
0.195555712                                       558.656
0.19583349                                        558.656
0.196111268                                       558.656
0.196389046                                       559.512
0.196666824                                       559.512
0.196944602                                       559.512
0.19722238                                        559.512
0.197500158                                       560.412
0.197777936                                       560.412
0.198055714                                       560.412
0.198333492                                       561.283
0.19861127                                        561.283
0.198889048                                       561.283
0.199166826                                       561.283
0.199444604                                       562.067
0.199722382                                       562.067
0.20000016                                        562.067
0.200277938                                       562.942
0.200555716                                       562.942
0.200833494                                       562.942
0.201111272                                       562.942
0.20138905                                        563.792
0.201666828                                       563.792
0.201944606                                       563.792
0.202222384                                       564.601
0.202500162                                       564.601
0.20277794                                        564.601
0.203055718                                       564.601
0.203333496                                       565.423
0.203611274                                       565.423
0.203889052                                       565.423
0.20416683                                        566.286
0.204444608                                       566.286
0.204722386                                       566.286
0.205000164                                       566.286
0.205277942                                       567.243
0.20555572                                        567.243
0.205833498                                       567.243
0.206111276                                       567.864
0.206389054                                       567.864
0.206666832                                       567.864
0.20694461                                        567.864
0.207222388                                       568.64
0.207500166                                       568.64
0.207777944                                       568.64
0.208055722                                       569.475
0.2083335                                         569.475
0.208611278                                       569.475
0.208889056                                       569.475
0.209166834                                       570.231
0.209444612                                       570.231
0.20972239                                        570.231
0.210000168                                       571.186
0.210277946                                       571.186
0.210555724                                       571.186
0.210833502                                       571.186
0.21111128                                        571.944
0.211389058                                       571.944
0.211666836                                       571.944
0.211944614                                       572.666
0.212222392                                       572.666
0.21250017                                        572.666
0.212777948                                       572.666
0.213055726                                       573.495
0.213333504                                       573.495
0.213611282                                       573.495
0.21388906                                        574.229
0.214166838                                       574.229
0.214444616                                       574.229
0.214722394                                       574.229
0.215000172                                       575.093
0.21527795                                        575.093
0.215555728                                       575.093
0.215833506                                       575.958
0.216111284                                       575.958
0.216389062                                       575.958
0.21666684                                        575.958
0.216944618                                       576.826
0.217222396                                       576.826
0.217500174                                       576.826
0.217777952                                       577.633
0.21805573                                        577.633
0.218333508                                       577.633
0.218611286                                       577.633
0.218889064                                       578.475
0.219166842                                       578.475
0.21944462                                        578.475
0.219722398                                       579.367
0.220000176                                       579.367
0.220277954                                       579.367
0.220555732                                       579.367
0.22083351                                        580.225
0.221111288                                       580.225
0.221389066                                       580.225
0.221666844                                       580.875
0.221944622                                       580.875
0.2222224                                         580.875
0.222500178                                       580.875
0.222777956                                       581.656
0.223055734                                       581.656
0.223333512                                       581.656
0.22361129                                        582.575
0.223889068                                       582.575
0.224166846                                       582.575
0.224444624                                       582.575
0.224722402                                       583.293
0.22500018                                        583.293
0.225277958                                       583.293
0.225555736                                       584.054
0.225833514                                       584.054
0.226111292                                       584.054
0.22638907                                        584.054
0.226666848                                       584.913
0.226944626                                       584.913
0.227222404                                       584.913
0.227500182                                       585.718
0.22777796                                        585.718
0.228055738                                       585.718
0.228333516                                       585.718
0.228611294                                       586.522
0.228889072                                       586.522
0.22916685                                        586.522
0.229444628                                       587.331
0.229722406                                       587.331
0.230000184                                       587.331
0.230277962                                       587.331
0.23055574                                        588.116
0.230833518                                       588.116
0.231111296                                       588.116
0.231389074                                       588.874
0.231666852                                       588.874
0.23194463                                        588.874
0.232222408                                       588.874
0.232500186                                       589.602
0.232777964                                       589.602
0.233055742                                       589.602
0.23333352                                        590.207
0.233611298                                       590.207
0.233889076                                       590.207
0.234166854                                       590.846
0.234444632                                       590.846
0.23472241                                        590.846
0.235000188                                       590.846
0.235277966                                       591.56
0.235555744                                       591.56
0.235833522                                       591.56
0.2361113                                         592.293
0.236389078                                       592.293
0.236666856                                       592.293
0.236944634                                       592.293
0.237222412                                       593.084
0.23750019                                        593.084
0.237777968                                       593.084
0.238055746                                       593.85
0.238333524                                       593.85
0.238611302                                       593.85
0.23888908                                        593.85
0.239166858                                       594.509
0.239444636                                       594.509
0.239722414                                       594.509
0.240000192                                       595.239
0.24027797                                        595.239
0.240555748                                       595.239
0.240833526                                       595.239
0.241111304                                       596.017
0.241389082                                       596.017
0.24166686                                        596.017
0.241944638                                       596.677
0.242222416                                       596.677
0.242500194                                       596.677
0.242777972                                       596.677
0.24305575                                        597.36
0.243333528                                       597.36
0.243611306                                       597.36
0.243889084                                       597.999
0.244166862                                       597.999
0.24444464                                        597.999
0.244722418                                       597.999
0.245000196                                       598.724
0.245277974                                       598.724
0.245555752                                       598.724
0.24583353                                        599.386
0.246111308                                       599.386
0.246389086                                       599.386
0.246666864                                       599.386
0.246944642                                       600.171
0.24722242                                        600.171
0.247500198                                       600.171
0.247777976                                       600.85
0.248055754                                       600.85
0.248333532                                       600.85
0.24861131                                        600.85
0.248889088                                       601.434
0.249166866                                       601.434
0.249444644                                       601.434
0.249722422                                       602.139
0.2500002                                         602.139
0.250277978                                       602.139
0.250555756                                       602.139
0.250833534                                       602.79
0.251111312                                       602.79
0.25138909                                        602.79
0.251666868                                       603.413
0.251944646                                       603.413
0.252222424                                       603.413
0.252500202                                       603.413
0.25277798                                        604.056
0.253055758                                       604.056
0.253333536                                       604.056
0.253611314                                       604.693
0.253889092                                       604.693
0.25416687                                        604.693
0.254444648                                       605.254
0.254722426                                       605.254
0.255000204                                       605.254
0.255277982                                       605.254
0.25555576                                        605.871
0.255833538                                       605.871
0.256111316                                       605.871
0.256389094                                       606.607
0.256666872                                       606.607
0.25694465                                        606.607
0.257222428                                       606.607
0.257500206                                       607.263
0.257777984                                       607.263
0.258055762                                       607.263
0.25833354                                        607.876
0.258611318                                       607.876
0.258889096                                       607.876
0.259166874                                       607.876
0.259444652                                       608.397
0.25972243                                        608.397
0.260000208                                       608.397
0.260277986                                       608.985
0.260555764                                       608.985
0.260833542                                       608.985
0.26111132                                        608.985
0.261389098                                       609.475
0.261666876                                       609.475
0.261944654                                       609.475
0.262222432                                       610.117
0.26250021                                        610.117
0.262777988                                       610.117
0.263055766                                       610.117
0.263333544                                       610.645
0.263611322                                       610.645
0.2638891                                         610.645
0.264166878                                       611.24
0.264444656                                       611.24
0.264722434                                       611.24
0.265000212                                       611.24
0.26527799                                        611.881
0.265555768                                       611.881
0.265833546                                       611.881
0.266111324                                       612.497
0.266389102                                       612.497
0.26666688                                        612.497
0.266944658                                       612.497
0.267222436                                       613.056
0.267500214                                       613.056
0.267777992                                       613.056
0.26805577                                        613.615
0.268333548                                       613.615
0.268611326                                       613.615
0.268889104                                       613.615
0.269166882                                       614.279
0.26944466                                        614.279
0.269722438                                       614.279
0.270000216                                       614.825
0.270277994                                       614.825
0.270555772                                       614.825
0.27083355                                        615.348
0.271111328                                       615.348
0.271389106                                       615.348
0.271666884                                       615.348
0.271944662                                       615.909
0.27222244                                        615.909
0.272500218                                       615.909
0.272777996                                       616.6
0.273055774                                       616.6
0.273333552                                       616.6
0.27361133                                        616.6
0.273889108                                       617.111
0.274166886                                       617.111
0.274444664                                       617.111
0.274722442                                       617.715
0.27500022                                        617.715
0.275277998                                       617.715
0.275555776                                       617.715
0.275833554                                       618.388
0.276111332                                       618.388
0.27638911                                        618.388
0.276666888                                       619.058
0.276944666                                       619.058
0.277222444                                       619.058
0.277500222                                       619.058
0.277778                                          619.631
0.278055778                                       619.631
0.278333556                                       619.631
0.278611334                                       619.966
0.278889112                                       619.966
0.27916689                                        619.966
0.279444668                                       619.966
0.279722446                                       620.537
0.280000224                                       620.537
0.280278002                                       620.537
0.28055578                                        621.06
0.280833558                                       621.06
0.281111336                                       621.06
0.281389114                                       621.06
0.281666892                                       621.701
0.28194467                                        621.701
0.282222448                                       621.701
0.282500226                                       622.395
0.282778004                                       622.395
0.283055782                                       622.395
0.28333356                                        622.395
0.283611338                                       622.938
0.283889116                                       622.938
0.284166894                                       622.938
0.284444672                                       623.615
0.28472245                                        623.615
0.285000228                                       623.615
0.285278006                                       623.615
0.285555784                                       624.171
0.285833562                                       624.171
0.28611134                                        624.171
0.286389118                                       624.733
0.286666896                                       624.733
0.286944674                                       624.733
0.287222452                                       624.733
0.28750023                                        625.275
0.287778008                                       625.275
0.288055786                                       625.275
0.288333564                                       625.815
0.288611342                                       625.815
0.28888912                                        625.815
0.289166898                                       625.815
0.289444676                                       626.417
0.289722454                                       626.417
0.290000232                                       626.417
0.29027801                                        627.003
0.290555788                                       627.003
0.290833566                                       627.003
0.291111344                                       627.597
0.291389122                                       627.597
0.2916669                                         627.597
0.291944678                                       627.597
0.292222456                                       628.152
0.292500234                                       628.152
0.292778012                                       628.152
0.29305579                                        628.746
0.293333568                                       628.746
0.293611346                                       628.746
0.293889124                                       628.746
0.294166902                                       629.302
0.29444468                                        629.302
0.294722458                                       629.302
0.295000236                                       629.879
0.295278014                                       629.879
0.295555792                                       629.879
0.29583357                                        629.879
0.296111348                                       630.492
0.296389126                                       630.492
0.296666904                                       630.492
0.296944682                                       631.009
0.29722246                                        631.009
0.297500238                                       631.009
0.297778016                                       631.009
0.298055794                                       631.546
0.298333572                                       631.546
0.29861135                                        631.546
0.298889128                                       632.054
0.299166906                                       632.054
0.299444684                                       632.054
0.299722462                                       632.054
0.30000024                                        632.577
0.300278018                                       632.577
0.300555796                                       632.577
0.300833574                                       633.196
0.301111352                                       633.196
0.30138913                                        633.196
0.301666908                                       633.196
0.301944686                                       633.702
0.302222464                                       633.702
0.302500242                                       633.702
0.30277802                                        634.183
0.303055798                                       634.183
0.303333576                                       634.183
0.303611354                                       634.183
0.303889132                                       634.728
0.30416691                                        634.728
0.304444688                                       634.728
0.304722466                                       635.243
0.305000244                                       635.243
0.305278022                                       635.243
0.3055558                                         635.243
0.305833578                                       635.742
0.306111356                                       635.742
0.306389134                                       635.742
0.306666912                                       636.218
0.30694469                                        636.218
0.307222468                                       636.218
0.307500246                                       636.218
0.307778024                                       636.791
0.308055802                                       636.791
0.30833358                                        636.791
0.308611358                                       637.308
0.308889136                                       637.308
0.309166914                                       637.308
0.309444692                                       637.308
0.30972247                                        637.798
0.310000248                                       637.798
0.310278026                                       637.798
0.310555804                                       638.295
0.310833582                                       638.295
0.31111136                                        638.295
0.311389138                                       638.84
0.311666916                                       638.84
0.311944694                                       638.84
0.312222472                                       638.84
0.31250025                                        639.377
0.312778028                                       639.377
0.313055806                                       639.377
0.313333584                                       639.855
0.313611362                                       639.855
0.31388914                                        639.855
0.314166918                                       639.855
0.314444696                                       640.355
0.314722474                                       640.355
0.315000252                                       640.355
0.31527803                                        640.833
0.315555808                                       640.833
0.315833586                                       640.833
0.316111364                                       640.833
0.316389142                                       641.273
0.31666692                                        641.273
0.316944698                                       641.273
0.317222476                                       641.782
0.317500254                                       641.782
0.317778032                                       641.782
0.31805581                                        641.782
0.318333588                                       642.335
0.318611366                                       642.335
0.318889144                                       642.335
0.319166922                                       642.815
0.3194447                                         642.815
0.319722478                                       642.815
0.320000256                                       642.815
0.320278034                                       643.257
0.320555812                                       643.257
0.32083359                                        643.257
0.321111368                                       643.722
0.321389146                                       643.722
0.321666924                                       643.722
0.321944702                                       643.722
0.32222248                                        644.174
0.322500258                                       644.174
0.322778036                                       644.174
0.323055814                                       644.586
0.323333592                                       644.586
0.32361137                                        644.586
0.323889148                                       644.586
0.324166926                                       645.06
0.324444704                                       645.06
0.324722482                                       645.06
0.32500026                                        645.547
0.325278038                                       645.547
0.325555816                                       645.547
0.325833594                                       645.547
0.326111372                                       645.915
0.32638915                                        645.915
0.326666928                                       645.915
0.326944706                                       646.326
0.327222484                                       646.326
0.327500262                                       646.326
0.32777804                                        646.326
0.328055818                                       646.778
0.328333596                                       646.778
0.328611374                                       646.778
0.328889152                                       647.207
0.32916693                                        647.207
0.329444708                                       647.207
0.329722486                                       647.207
0.330000264                                       647.674
0.330278042                                       647.674
0.33055582                                        647.674
0.330833598                                       648.073
0.331111376                                       648.073
0.331389154                                       648.073
0.331666932                                       648.073
0.33194471                                        648.491
0.332222488                                       648.491
0.332500266                                       648.491
0.332778044                                       648.89
0.333055822                                       648.89
0.3333336                                         648.89
0.333611378                                       648.89
0.333889156                                       649.333
0.334166934                                       649.333
0.334444712                                       649.333
0.33472249                                        649.808
0.335000268                                       649.808
0.335278046                                       649.808
0.335555824                                       649.808
0.335833602                                       650.231
0.33611138                                        650.231
0.336389158                                       650.231
0.336666936                                       650.694
0.336944714                                       650.694
0.337222492                                       650.694
0.33750027                                        650.694
0.337778048                                       651.067
0.338055826                                       651.067
0.338333604                                       651.067
0.338611382                                       651.459
0.33888916                                        651.459
0.339166938                                       651.459
0.339444716                                       651.459
0.339722494                                       651.79
0.340000272                                       651.79
0.34027805                                        651.79
0.340555828                                       652.276
0.340833606                                       652.276
0.341111384                                       652.276
0.341389162                                       652.276
0.34166694                                        652.74
0.341944718                                       652.74
0.342222496                                       652.74
0.342500274                                       653.194
0.342778052                                       653.194
0.34305583                                        653.194
0.343333608                                       653.194
0.343611386                                       653.635
0.343889164                                       653.635
0.344166942                                       653.635
0.34444472                                        654.156
0.344722498                                       654.156
0.345000276                                       654.156
0.345278054                                       654.156
0.345555832                                       654.574
0.34583361                                        654.574
0.346111388                                       654.574
0.346389166                                       654.948
0.346666944                                       654.948
0.346944722                                       654.948
0.3472225                                         655.445
0.347500278                                       655.445
0.347778056                                       655.445
0.348055834                                       655.445
0.348333612                                       655.856
0.34861139                                        655.856
0.348889168                                       655.856
0.349166946                                       656.274
0.349444724                                       656.274
0.349722502                                       656.274
0.35000028                                        656.274
0.350278058                                       656.704
0.350555836                                       656.704
0.350833614                                       656.704
0.351111392                                       657.041
0.35138917                                        657.041
0.351666948                                       657.041
0.351944726                                       657.041
0.352222504                                       657.47
0.352500282                                       657.47
0.35277806                                        657.47
0.353055838                                       657.969
0.353333616                                       657.969
0.353611394                                       657.969
0.353889172                                       657.969
0.35416695                                        658.431
0.354444728                                       658.431
0.354722506                                       658.431
0.355000284                                       658.896
0.355278062                                       658.896
0.35555584                                        658.896
0.355833618                                       658.896
0.356111396                                       659.366
0.356389174                                       659.366
0.356666952                                       659.366
0.35694473                                        659.86
0.357222508                                       659.86
0.357500286                                       659.86
0.357778064                                       659.86
0.358055842                                       660.207
0.35833362                                        660.207
0.358611398                                       660.207
0.358889176                                       660.611
0.359166954                                       660.611
0.359444732                                       660.611
0.35972251                                        660.611
0.360000288                                       661.073
0.360278066                                       661.073
0.360555844                                       661.073
0.360833622                                       661.447
0.3611114                                         661.447
0.361389178                                       661.447
0.361666956                                       661.447
0.361944734                                       661.917
0.362222512                                       661.917
0.36250029                                        661.917
0.362778068                                       662.353
0.363055846                                       662.353
0.363333624                                       662.353
0.363611402                                       662.353
0.36388918                                        662.777
0.364166958                                       662.777
0.364444736                                       662.777
0.364722514                                       663.162
0.365000292                                       663.162
0.36527807                                        663.162
0.365555848                                       663.162
0.365833626                                       663.612
0.366111404                                       663.612
0.366389182                                       663.612
0.36666696                                        663.902
0.366944738                                       663.902
0.367222516                                       663.902
0.367500294                                       663.902
0.367778072                                       664.353
0.36805585                                        664.353
0.368333628                                       664.353
0.368611406                                       664.804
0.368889184                                       664.804
0.369166962                                       664.804
0.36944474                                        664.804
0.369722518                                       665.112
0.370000296                                       665.112
0.370278074                                       665.112
0.370555852                                       665.626
0.37083363                                        665.626
0.371111408                                       665.626
0.371389186                                       666.013
0.371666964                                       666.013
0.371944742                                       666.013
0.37222252                                        666.013
0.372500298                                       666.395
0.372778076                                       666.395
0.373055854                                       666.395
0.373333632                                       666.896
0.37361141                                        666.896
0.373889188                                       666.896
0.374166966                                       666.896
0.374444744                                       667.311
0.374722522                                       667.311
0.3750003                                         667.311
0.375278078                                       667.657
0.375555856                                       667.657
0.375833634                                       667.657
0.376111412                                       667.657
0.37638919                                        668.052
0.376666968                                       668.052
0.376944746                                       668.052
0.377222524                                       668.411
0.377500302                                       668.411
0.37777808                                        668.411
0.378055858                                       668.411
0.378333636                                       668.828
0.378611414                                       668.828
0.378889192                                       668.828
0.37916697                                        669.285
0.379444748                                       669.285
0.379722526                                       669.285
0.380000304                                       669.285
0.380278082                                       669.649
0.38055586                                        669.649
0.380833638                                       669.649
0.381111416                                       670.017
0.381389194                                       670.017
0.381666972                                       670.017
0.38194475                                        670.017
0.382222528                                       670.425
0.382500306                                       670.425
0.382778084                                       670.425
0.383055862                                       670.804
0.38333364                                        670.804
0.383611418                                       670.804
0.383889196                                       670.804
0.384166974                                       671.207
0.384444752                                       671.207
0.38472253                                        671.207
0.385000308                                       671.557
0.385278086                                       671.557
0.385555864                                       671.557
0.385833642                                       671.557
0.38611142                                        671.94
0.386389198                                       671.94
0.386666976                                       671.94
0.386944754                                       672.191
0.387222532                                       672.191
0.38750031                                        672.191
0.387778088                                       672.191
0.388055866                                       672.571
0.388333644                                       672.571
0.388611422                                       672.571
0.3888892                                         672.991
0.389166978                                       672.991
0.389444756                                       672.991
0.389722534                                       673.402
0.390000312                                       673.402
0.39027809                                        673.402
0.390555868                                       673.402
0.390833646                                       673.803
0.391111424                                       673.803
0.391389202                                       673.803
0.39166698                                        674.18
0.391944758                                       674.18
0.392222536                                       674.18
0.392500314                                       674.18
0.392778092                                       674.524
0.39305587                                        674.524
0.393333648                                       674.524
0.393611426                                       674.862
0.393889204                                       674.862
0.394166982                                       674.862
0.39444476                                        674.862
0.394722538                                       675.245
0.395000316                                       675.245
0.395278094                                       675.245
0.395555872                                       675.6
0.39583365                                        675.6
0.396111428                                       675.6
0.396389206                                       675.6
0.396666984                                       676.007
0.396944762                                       676.007
0.39722254                                        676.007
0.397500318                                       676.391
0.397778096                                       676.391
0.398055874                                       676.391
0.398333652                                       676.391
0.39861143                                        676.672
0.398889208                                       676.672
0.399166986                                       676.672
0.399444764                                       676.968
0.399722542                                       676.968
0.40000032                                        676.968
0.400278098                                       676.968
0.400555876                                       677.274
0.400833654                                       677.274
0.401111432                                       677.274
0.40138921                                        677.611
0.401666988                                       677.611
0.401944766                                       677.611
0.402222544                                       677.611
0.402500322                                       678.066
0.4027781                                         678.066
0.403055878                                       678.066
0.403333656                                       678.461
0.403611434                                       678.461
0.403889212                                       678.461
0.40416699                                        678.461
0.404444768                                       678.745
0.404722546                                       678.745
0.405000324                                       678.745
0.405278102                                       679.171
0.40555588                                        679.171
0.405833658                                       679.171
0.406111436                                       679.171
0.406389214                                       679.529
0.406666992                                       679.529
0.40694477                                        679.529
0.407222548                                       679.919
0.407500326                                       679.919
0.407778104                                       679.919
0.408055882                                       679.919
0.40833366                                        680.345
0.408611438                                       680.345
0.408889216                                       680.345
0.409166994                                       680.717
0.409444772                                       680.717
0.40972255                                        680.717
0.410000328                                       680.717
0.410278106                                       681.05
0.410555884                                       681.05
0.410833662                                       681.05
0.41111144                                        681.477
0.411389218                                       681.477
0.411666996                                       681.477
0.411944774                                       681.477
0.412222552                                       681.873
0.41250033                                        681.873
0.412778108                                       681.873
0.413055886                                       682.232
0.413333664                                       682.232
0.413611442                                       682.232
0.41388922                                        682.232
0.414166998                                       682.553
0.414444776                                       682.553
0.414722554                                       682.553
0.415000332                                       682.975
0.41527811                                        682.975
0.415555888                                       682.975
0.415833666                                       682.975
0.416111444                                       683.29
0.416389222                                       683.29
0.416667                                          683.29
0.416944778                                       683.63
0.417222556                                       683.63
0.417500334                                       683.63
0.417778112                                       683.63
0.41805589                                        684.031
0.418333668                                       684.031
0.418611446                                       684.031
0.418889224                                       684.375
0.419167002                                       684.375
0.41944478                                        684.375
0.419722558                                       684.375
0.420000336                                       684.705
0.420278114                                       684.705
0.420555892                                       684.705
0.42083367                                        685.048
0.421111448                                       685.048
0.421389226                                       685.048
0.421667004                                       685.048
0.421944782                                       685.374
0.42222256                                        685.374
0.422500338                                       685.374
0.422778116                                       685.712
0.423055894                                       685.712
0.423333672                                       685.712
0.42361145                                        685.712
0.423889228                                       686.056
0.424167006                                       686.056
0.424444784                                       686.056
0.424722562                                       686.405
0.42500034                                        686.405
0.425278118                                       686.405
0.425555896                                       686.405
0.425833674                                       686.748
0.426111452                                       686.748
0.42638923                                        686.748
0.426667008                                       687.057
0.426944786                                       687.057
0.427222564                                       687.057
0.427500342                                       687.057
0.42777812                                        687.41
0.428055898                                       687.41
0.428333676                                       687.41
0.428611454                                       687.729
0.428889232                                       687.729
0.42916701                                        687.729
0.429444788                                       687.729
0.429722566                                       688.056
0.430000344                                       688.056
0.430278122                                       688.056
0.4305559                                         688.394
0.430833678                                       688.394
0.431111456                                       688.394
0.431389234                                       688.696
0.431667012                                       688.696
0.43194479                                        688.696
0.432222568                                       688.696
0.432500346                                       689.033
0.432778124                                       689.033
0.433055902                                       689.033
0.43333368                                        689.385
0.433611458                                       689.385
0.433889236                                       689.385
0.434167014                                       689.385
0.434444792                                       689.648
0.43472257                                        689.648
0.435000348                                       689.648
0.435278126                                       689.952
0.435555904                                       689.952
0.435833682                                       689.952
0.43611146                                        689.952
0.436389238                                       690.234
0.436667016                                       690.234
0.436944794                                       690.234
0.437222572                                       690.557
0.43750035                                        690.557
0.437778128                                       690.557
0.438055906                                       690.557
0.438333684                                       690.864
0.438611462                                       690.864
0.43888924                                        690.864
0.439167018                                       691.171
0.439444796                                       691.171
0.439722574                                       691.171
0.440000352                                       691.171
0.44027813                                        691.446
0.440555908                                       691.446
0.440833686                                       691.446
0.441111464                                       691.736
0.441389242                                       691.736
0.44166702                                        691.736
0.441944798                                       691.736
0.442222576                                       692.001
0.442500354                                       692.001
0.442778132                                       692.001
0.44305591                                        692.307
0.443333688                                       692.307
0.443611466                                       692.307
0.443889244                                       692.307
0.444167022                                       692.612
0.4444448                                         692.612
0.444722578                                       692.612
0.445000356                                       692.908
0.445278134                                       692.908
0.445555912                                       692.908
0.44583369                                        692.908
0.446111468                                       693.215
0.446389246                                       693.215
0.446667024                                       693.215
0.446944802                                       693.471
0.44722258                                        693.471
0.447500358                                       693.471
0.447778136                                       693.471
0.448055914                                       693.823
0.448333692                                       693.823
0.44861147                                        693.823
0.448889248                                       694.132
0.449167026                                       694.132
0.449444804                                       694.132
0.449722582                                       694.132
0.45000036                                        694.396
0.450278138                                       694.396
0.450555916                                       694.396
0.450833694                                       694.677
0.451111472                                       694.677
0.45138925                                        694.677
0.451667028                                       694.887
0.451944806                                       694.887
0.452222584                                       694.887
0.452500362                                       694.887
0.45277814                                        695.17
0.453055918                                       695.17
0.453333696                                       695.17
0.453611474                                       695.518
0.453889252                                       695.518
0.45416703                                        695.518
0.454444808                                       695.518
0.454722586                                       695.827
0.455000364                                       695.827
0.455278142                                       695.827
0.45555592                                        696.141
0.455833698                                       696.141
0.456111476                                       696.141
0.456389254                                       696.141
0.456667032                                       696.464
0.45694481                                        696.464
0.457222588                                       696.464
0.457500366                                       696.695
0.457778144                                       696.695
0.458055922                                       696.695
0.4583337                                         696.695
0.458611478                                       696.951
0.458889256                                       696.951
0.459167034                                       696.951
0.459444812                                       697.178
0.45972259                                        697.178
0.460000368                                       697.178
0.460278146                                       697.178
0.460555924                                       697.431
0.460833702                                       697.431
0.46111148                                        697.431
0.461389258                                       697.611
0.461667036                                       697.611
0.461944814                                       697.611
0.462222592                                       697.611
0.46250037                                        697.861
0.462778148                                       697.861
0.463055926                                       697.861
0.463333704                                       698.076
0.463611482                                       698.076
0.46388926                                        698.076
0.464167038                                       698.076
0.464444816                                       698.333
0.464722594                                       698.333
0.465000372                                       698.333
0.46527815                                        698.618
0.465555928                                       698.618
0.465833706                                       698.618
0.466111484                                       698.618
0.466389262                                       698.866
0.46666704                                        698.866
0.466944818                                       698.866
0.467222596                                       699.144
0.467500374                                       699.144
0.467778152                                       699.144
0.46805593                                        699.144
0.468333708                                       699.433
0.468611486                                       699.433
0.468889264                                       699.433
0.469167042                                       699.708
0.46944482                                        699.708
0.469722598                                       699.708
0.470000376                                       699.708
0.470278154                                       699.929
0.470555932                                       699.929
0.47083371                                        699.929
0.471111488                                       700.145
0.471389266                                       700.145
0.471667044                                       700.145
0.471944822                                       700.374
0.4722226                                         700.374
0.472500378                                       700.374
0.472778156                                       700.374
0.473055934                                       700.618
0.473333712                                       700.618
0.47361149                                        700.618
0.473889268                                       700.848
0.474167046                                       700.848
0.474444824                                       700.848
0.474722602                                       700.848
0.47500038                                        701.083
0.475278158                                       701.083
0.475555936                                       701.083
0.475833714                                       701.295
0.476111492                                       701.295
0.47638927                                        701.295
0.476667048                                       701.295
0.476944826                                       701.571
0.477222604                                       701.571
0.477500382                                       701.571
0.47777816                                        701.839
0.478055938                                       701.839
0.478333716                                       701.839
0.478611494                                       701.839
0.478889272                                       702.123
0.47916705                                        702.123
0.479444828                                       702.123
0.479722606                                       702.316
0.480000384                                       702.316
0.480278162                                       702.316
0.48055594                                        702.316
0.480833718                                       702.542
0.481111496                                       702.542
0.481389274                                       702.542
0.481667052                                       702.777
0.48194483                                        702.777
0.482222608                                       702.777
0.482500386                                       702.777
0.482778164                                       702.971
0.483055942                                       702.971
0.48333372                                        702.971
0.483611498                                       703.246
0.483889276                                       703.246
0.484167054                                       703.246
0.484444832                                       703.246
0.48472261                                        703.428
0.485000388                                       703.428
0.485278166                                       703.428
0.485555944                                       703.669
0.485833722                                       703.669
0.4861115                                         703.669
0.486389278                                       703.669
0.486667056                                       703.905
0.486944834                                       703.905
0.487222612                                       703.905
0.48750039                                        704.136
0.487778168                                       704.136
0.488055946                                       704.136
0.488333724                                       704.136
0.488611502                                       704.383
0.48888928                                        704.383
0.489167058                                       704.383
0.489444836                                       704.596
0.489722614                                       704.596
0.490000392                                       704.596
0.49027817                                        704.596
0.490555948                                       704.867
0.490833726                                       704.867
0.491111504                                       704.867
0.491389282                                       705.107
0.49166706                                        705.107
0.491944838                                       705.107
0.492222616                                       705.107
0.492500394                                       705.354
0.492778172                                       705.354
0.49305595                                        705.354
0.493333728                                       705.582
0.493611506                                       705.582
0.493889284                                       705.582
0.494167062                                       705.582
0.49444484                                        705.766
0.494722618                                       705.766
0.495000396                                       705.766
0.495278174                                       706.017
0.495555952                                       706.017
0.49583373                                        706.017
0.496111508                                       706.017
0.496389286                                       706.22
0.496667064                                       706.22
0.496944842                                       706.22
0.49722262                                        706.444
0.497500398                                       706.444
0.497778176                                       706.444
0.498055954                                       706.444
0.498333732                                       706.675
0.49861151                                        706.675
0.498889288                                       706.675
0.499167066                                       706.926
0.499444844                                       706.926
0.499722622                                       706.926
0.5000004                                         706.926
0.500278178                                       707.157
0.500555956                                       707.157
0.500833734                                       707.157
0.501111512                                       707.361
0.50138929                                        707.361
0.501667068                                       707.361
0.501944846                                       707.361
0.502222624                                       707.594
0.502500402                                       707.594
0.50277818                                        707.594
0.503055958                                       707.822
0.503333736                                       707.822
0.503611514                                       707.822
0.503889292                                       708.047
0.50416707                                        708.047
0.504444848                                       708.047
0.504722626                                       708.047
0.505000404                                       708.269
0.505278182                                       708.269
0.50555596                                        708.269
0.505833738                                       708.455
0.506111516                                       708.455
0.506389294                                       708.455
0.506667072                                       708.455
0.50694485                                        708.655
0.507222628                                       708.655
0.507500406                                       708.655
0.507778184                                       708.862
0.508055962                                       708.862
0.50833374                                        708.862
0.508611518                                       708.862
0.508889296                                       709.08
0.509167074                                       709.08
0.509444852                                       709.08
0.50972263                                        709.31
0.510000408                                       709.31
0.510278186                                       709.31
0.510555964                                       709.31
0.510833742                                       709.429
0.51111152                                        709.429
0.511389298                                       709.429
0.511667076                                       709.578
0.511944854                                       709.578
0.512222632                                       709.578
0.51250041                                        709.578
0.512778188                                       709.763
0.513055966                                       709.763
0.513333744                                       709.763
0.513611522                                       709.933
0.5138893                                         709.933
0.514167078                                       709.933
0.514444856                                       709.933
0.514722634                                       710.152
0.515000412                                       710.152
0.51527819                                        710.152
0.515555968                                       710.3
0.515833746                                       710.3
0.516111524                                       710.3
0.516389302                                       710.3
0.51666708                                        710.519
0.516944858                                       710.519
0.517222636                                       710.519
0.517500414                                       710.73
0.517778192                                       710.73
0.51805597                                        710.73
0.518333748                                       710.73
0.518611526                                       710.945
0.518889304                                       710.945
0.519167082                                       710.945
0.51944486                                        711.199
0.519722638                                       711.199
0.520000416                                       711.199
0.520278194                                       711.199
0.520555972                                       711.439
0.52083375                                        711.439
0.521111528                                       711.439
0.521389306                                       711.663
0.521667084                                       711.663
0.521944862                                       711.663
0.52222264                                        711.858
0.522500418                                       711.858
0.522778196                                       711.858
0.523055974                                       711.858
0.523333752                                       712.047
0.52361153                                        712.047
0.523889308                                       712.047
0.524167086                                       712.255
0.524444864                                       712.255
0.524722642                                       712.255
0.52500042                                        712.255
0.525278198                                       712.462
0.525555976                                       712.462
0.525833754                                       712.462
0.526111532                                       712.673
0.52638931                                        712.673
0.526667088                                       712.673
0.526944866                                       712.673
0.527222644                                       712.911
0.527500422                                       712.911
0.5277782                                         712.911
0.528055978                                       713.107
0.528333756                                       713.107
0.528611534                                       713.107
0.528889312                                       713.107
0.52916709                                        713.317
0.529444868                                       713.317
0.529722646                                       713.317
0.530000424                                       713.513
0.530278202                                       713.513
0.53055598                                        713.513
0.530833758                                       713.513
0.531111536                                       713.709
0.531389314                                       713.709
0.531667092                                       713.709
0.53194487                                        713.921
0.532222648                                       713.921
0.532500426                                       713.921
0.532778204                                       713.921
0.533055982                                       714.196
0.53333376                                        714.196
0.533611538                                       714.196
0.533889316                                       714.434
0.534167094                                       714.434
0.534444872                                       714.434
0.53472265                                        714.434
0.535000428                                       714.624
0.535278206                                       714.624
0.535555984                                       714.624
0.535833762                                       714.79
0.53611154                                        714.79
0.536389318                                       714.79
0.536667096                                       714.79
0.536944874                                       715.049
0.537222652                                       715.049
0.53750043                                        715.049
0.537778208                                       715.278
0.538055986                                       715.278
0.538333764                                       715.278
0.538611542                                       715.278
0.53888932                                        715.481
0.539167098                                       715.481
0.539444876                                       715.481
0.539722654                                       715.708
0.540000432                                       715.708
0.54027821                                        715.708
0.540555988                                       715.708
0.540833766                                       715.893
0.541111544                                       715.893
0.541389322                                       715.893
0.5416671                                         716.128
0.541944878                                       716.128
0.542222656                                       716.128
0.542500434                                       716.128
0.542778212                                       716.29
0.54305599                                        716.29
0.543333768                                       716.29
0.543611546                                       716.531
0.543889324                                       716.531
0.544167102                                       716.531
0.54444488                                        716.531
0.544722658                                       716.749
0.545000436                                       716.749
0.545278214                                       716.749
0.545555992                                       716.973
0.54583377                                        716.973
0.546111548                                       716.973
0.546389326                                       716.973
0.546667104                                       717.13
0.546944882                                       717.13
0.54722266                                        717.13
0.547500438                                       717.13
0.547778216                                       717.367
0.548055994                                       717.367
0.548333772                                       717.367
0.54861155                                        717.58
0.548889328                                       717.58
0.549167106                                       717.58
0.549444884                                       717.775
0.549722662                                       717.775
0.55000044                                        717.775
0.550278218                                       717.775
0.550555996                                       717.989
0.550833774                                       717.989
0.551111552                                       717.989
0.55138933                                        718.193
0.551667108                                       718.193
0.551944886                                       718.193
0.552222664                                       718.193
0.552500442                                       718.416
0.55277822                                        718.416
0.553055998                                       718.416
0.553333776                                       718.616
0.553611554                                       718.616
0.553889332                                       718.616
0.55416711                                        718.616
0.554444888                                       718.797
0.554722666                                       718.797
0.555000444                                       718.797
0.555278222                                       718.974
0.555556                                          718.974
0.555833778                                       718.974
0.556111556                                       718.974
0.556389334                                       719.134
0.556667112                                       719.134
0.55694489                                        719.134
0.557222668                                       719.376
0.557500446                                       719.376
0.557778224                                       719.376
0.558056002                                       719.376
0.55833378                                        719.575
0.558611558                                       719.575
0.558889336                                       719.575
0.559167114                                       719.723
0.559444892                                       719.723
0.55972267                                        719.723
0.560000448                                       719.723
0.560278226                                       719.914
0.560556004                                       719.914
0.560833782                                       719.914
0.56111156                                        720.104
0.561389338                                       720.104
0.561667116                                       720.104
0.561944894                                       720.104
0.562222672                                       720.281
0.56250045                                        720.281
0.562778228                                       720.281
0.563056006                                       720.352
0.563333784                                       720.352
0.563611562                                       720.352
0.56388934                                        720.352
0.564167118                                       720.594
0.564444896                                       720.594
0.564722674                                       720.594
0.565000452                                       720.722
0.56527823                                        720.722
0.565556008                                       720.722
0.565833786                                       720.942
0.566111564                                       720.942
0.566389342                                       720.942
0.56666712                                        720.942
0.566944898                                       721.158
0.567222676                                       721.158
0.567500454                                       721.158
0.567778232                                       721.329
0.56805601                                        721.329
0.568333788                                       721.329
0.568611566                                       721.329
0.568889344                                       721.468
0.569167122                                       721.468
0.5694449                                         721.468
0.569722678                                       721.598
0.570000456                                       721.598
0.570278234                                       721.598
0.570556012                                       721.598
0.57083379                                        721.768
0.571111568                                       721.768
0.571389346                                       721.768
0.571667124                                       721.96
0.571944902                                       721.96
0.57222268                                        721.96
0.572500458                                       721.96
0.572778236                                       722.093
0.573056014                                       722.093
0.573333792                                       722.093
0.57361157                                        722.302
0.573889348                                       722.302
0.574167126                                       722.302
0.574444904                                       722.302
0.574722682                                       722.432
0.57500046                                        722.432
0.575278238                                       722.432
0.575556016                                       722.632
0.575833794                                       722.632
0.576111572                                       722.632
0.57638935                                        722.632
0.576667128                                       722.87
0.576944906                                       722.87
0.577222684                                       722.87
0.577500462                                       723.03
0.57777824                                        723.03
0.578056018                                       723.03
0.578333796                                       723.03
0.578611574                                       723.226
0.578889352                                       723.226
0.57916713                                        723.226
0.579444908                                       723.415
0.579722686                                       723.415
0.580000464                                       723.415
0.580278242                                       723.415
0.58055602                                        723.568
0.580833798                                       723.568
0.581111576                                       723.568
0.581389354                                       723.66
0.581667132                                       723.66
0.58194491                                        723.66
0.582222688                                       723.66
0.582500466                                       723.805
0.582778244                                       723.805
0.583056022                                       723.805
0.5833338                                         723.946
0.583611578                                       723.946
0.583889356                                       723.946
0.584167134                                       723.946
0.584444912                                       724.109
0.58472269                                        724.109
0.585000468                                       724.109
0.585278246                                       724.289
0.585556024                                       724.289
0.585833802                                       724.289
0.58611158                                        724.289
0.586389358                                       724.485
0.586667136                                       724.485
0.586944914                                       724.485
0.587222692                                       724.646
0.58750047                                        724.646
0.587778248                                       724.646
0.588056026                                       724.646
0.588333804                                       724.832
0.588611582                                       724.832
0.58888936                                        724.832
0.589167138                                       724.988
0.589444916                                       724.988
0.589722694                                       724.988
0.590000472                                       725.152
0.59027825                                        725.152
0.590556028                                       725.152
0.590833806                                       725.152
0.591111584                                       725.279
0.591389362                                       725.279
0.59166714                                        725.279
0.591944918                                       725.444
0.592222696                                       725.444
0.592500474                                       725.444
0.592778252                                       725.444
0.59305603                                        725.661
0.593333808                                       725.661
0.593611586                                       725.661
0.593889364                                       725.85
0.594167142                                       725.85
0.59444492                                        725.85
0.594722698                                       725.85
0.595000476                                       726.014
0.595278254                                       726.014
0.595556032                                       726.014
0.59583381                                        726.183
0.596111588                                       726.183
0.596389366                                       726.183
0.596667144                                       726.183
0.596944922                                       726.313
0.5972227                                         726.313
0.597500478                                       726.313
0.597778256                                       726.521
0.598056034                                       726.521
0.598333812                                       726.521
0.59861159                                        726.521
0.598889368                                       726.71
0.599167146                                       726.71
0.599444924                                       726.71
0.599722702                                       726.861
0.60000048                                        726.861
0.600278258                                       726.861
0.600556036                                       726.861
0.600833814                                       727.015
0.601111592                                       727.015
0.60138937                                        727.015
0.601667148                                       727.185
0.601944926                                       727.185
0.602222704                                       727.185
0.602500482                                       727.185
0.60277826                                        727.368
0.603056038                                       727.368
0.603333816                                       727.368
0.603611594                                       727.544
0.603889372                                       727.544
0.60416715                                        727.544
0.604444928                                       727.544
0.604722706                                       727.697
0.605000484                                       727.697
0.605278262                                       727.697
0.60555604                                        727.826
0.605833818                                       727.826
0.606111596                                       727.826
0.606389374                                       727.826
0.606667152                                       727.989
0.60694493                                        727.989
0.607222708                                       727.989
0.607500486                                       728.123
0.607778264                                       728.123
0.608056042                                       728.123
0.60833382                                        728.123
0.608611598                                       728.287
0.608889376                                       728.287
0.609167154                                       728.287
0.609444932                                       728.428
0.60972271                                        728.428
0.610000488                                       728.428
0.610278266                                       728.428
0.610556044                                       728.574
0.610833822                                       728.574
0.6111116                                         728.574
0.611389378                                       728.709
0.611667156                                       728.709
0.611944934                                       728.709
0.612222712                                       728.709
0.61250049                                        728.858
0.612778268                                       728.858
0.613056046                                       728.858
0.613333824                                       729.002
0.613611602                                       729.002
0.61388938                                        729.002
0.614167158                                       729.002
0.614444936                                       729.137
0.614722714                                       729.137
0.615000492                                       729.137
0.61527827                                        729.303
0.615556048                                       729.303
0.615833826                                       729.303
0.616111604                                       729.47
0.616389382                                       729.47
0.61666716                                        729.47
0.616944938                                       729.47
0.617222716                                       729.609
0.617500494                                       729.609
0.617778272                                       729.609
0.61805605                                        729.774
0.618333828                                       729.774
0.618611606                                       729.774
0.618889384                                       729.774
0.619167162                                       729.897
0.61944494                                        729.897
0.619722718                                       729.897
0.620000496                                       730.048
0.620278274                                       730.048
0.620556052                                       730.048
0.62083383                                        730.048
0.621111608                                       730.166
0.621389386                                       730.166
0.621667164                                       730.166
0.621944942                                       730.278
0.62222272                                        730.278
0.622500498                                       730.278
0.622778276                                       730.278
0.623056054                                       730.414
0.623333832                                       730.414
0.62361161                                        730.414
0.623889388                                       730.54
0.624167166                                       730.54
0.624444944                                       730.54
0.624722722                                       730.54
0.6250005                                         730.679
0.625278278                                       730.679
0.625556056                                       730.679
0.625833834                                       730.834
0.626111612                                       730.834
0.62638939                                        730.834
0.626667168                                       730.834
0.626944946                                       730.952
0.627222724                                       730.952
0.627500502                                       730.952
0.62777828                                        731.118
0.628056058                                       731.118
0.628333836                                       731.118
0.628611614                                       731.118
0.628889392                                       731.273
0.62916717                                        731.273
0.629444948                                       731.273
0.629722726                                       731.427
0.630000504                                       731.427
0.630278282                                       731.427
0.63055606                                        731.427
0.630833838                                       731.569
0.631111616                                       731.569
0.631389394                                       731.569
0.631667172                                       731.675
0.63194495                                        731.675
0.632222728                                       731.675
0.632500506                                       731.675
0.632778284                                       731.795
0.633056062                                       731.795
0.63333384                                        731.795
0.633611618                                       731.943
0.633889396                                       731.943
0.634167174                                       731.943
0.634444952                                       731.943
0.63472273                                        732.059
0.635000508                                       732.059
0.635278286                                       732.059
0.635556064                                       732.166
0.635833842                                       732.166
0.63611162                                        732.166
0.636389398                                       732.166
0.636667176                                       732.288
0.636944954                                       732.288
0.637222732                                       732.288
0.63750051                                        732.428
0.637778288                                       732.428
0.638056066                                       732.428
0.638333844                                       732.428
0.638611622                                       732.572
0.6388894                                         732.572
0.639167178                                       732.572
0.639444956                                       732.714
0.639722734                                       732.714
0.640000512                                       732.714
0.64027829                                        732.714
0.640556068                                       732.818
0.640833846                                       732.818
0.641111624                                       732.818
0.641389402                                       732.933
0.64166718                                        732.933
0.641944958                                       732.933
0.642222736                                       732.933
0.642500514                                       733.07
0.642778292                                       733.07
0.64305607                                        733.07
0.643333848                                       733.18
0.643611626                                       733.18
0.643889404                                       733.18
0.644167182                                       733.18
0.64444496                                        733.314
0.644722738                                       733.314
0.645000516                                       733.314
0.645278294                                       733.453
0.645556072                                       733.453
0.64583385                                        733.453
0.646111628                                       733.453
0.646389406                                       733.564
0.646667184                                       733.564
0.646944962                                       733.564
0.64722274                                        733.684
0.647500518                                       733.684
0.647778296                                       733.684
0.648056074                                       733.684
0.648333852                                       733.821
0.64861163                                        733.821
0.648889408                                       733.821
0.649167186                                       733.942
0.649444964                                       733.942
0.649722742                                       733.942
0.65000052                                        733.942
0.650278298                                       734.079
0.650556076                                       734.079
0.650833854                                       734.079
0.651111632                                       734.215
0.65138941                                        734.215
0.651667188                                       734.215
0.651944966                                       734.372
0.652222744                                       734.372
0.652500522                                       734.372
0.6527783                                         734.372
0.653056078                                       734.517
0.653333856                                       734.517
0.653611634                                       734.517
0.653889412                                       734.645
0.65416719                                        734.645
0.654444968                                       734.645
0.654722746                                       734.645
0.655000524                                       734.743
0.655278302                                       734.743
0.65555608                                        734.743
0.655833858                                       734.887
0.656111636                                       734.887
0.656389414                                       734.887
0.656667192                                       734.887
0.65694497                                        735.031
0.657222748                                       735.031
0.657500526                                       735.031
0.657778304                                       735.177
0.658056082                                       735.177
0.65833386                                        735.177
0.658611638                                       735.177
0.658889416                                       735.324
0.659167194                                       735.324
0.659444972                                       735.324
0.65972275                                        735.436
0.660000528                                       735.436
0.660278306                                       735.436
0.660556084                                       735.565
0.660833862                                       735.565
0.66111164                                        735.565
0.661389418                                       735.565
0.661667196                                       735.653
0.661944974                                       735.653
0.662222752                                       735.653
0.66250053                                        735.776
0.662778308                                       735.776
0.663056086                                       735.776
0.663333864                                       735.776
0.663611642                                       735.853
0.66388942                                        735.853
0.664167198                                       735.853
0.664444976                                       735.963
0.664722754                                       735.963
0.665000532                                       735.963
0.66527831                                        735.963
0.665556088                                       736.109
0.665833866                                       736.109
0.666111644                                       736.109
0.666389422                                       736.254
0.6666672                                         736.254
0.666944978                                       736.254
0.667222756                                       736.254
0.667500534                                       736.353
0.667778312                                       736.353
0.66805609                                        736.353
0.668333868                                       736.494
0.668611646                                       736.494
0.668889424                                       736.494
0.669167202                                       736.494
0.66944498                                        736.619
0.669722758                                       736.619
0.670000536                                       736.619
0.670278314                                       736.73
0.670556092                                       736.73
0.67083387                                        736.73
0.671111648                                       736.73
0.671389426                                       736.844
0.671667204                                       736.844
0.671944982                                       736.844
0.67222276                                        736.95
0.672500538                                       736.95
0.672778316                                       736.95
0.673056094                                       736.95
0.673333872                                       737.058
0.67361165                                        737.058
0.673889428                                       737.058
0.674167206                                       737.175
0.674444984                                       737.175
0.674722762                                       737.175
0.67500054                                        737.175
0.675278318                                       737.295
0.675556096                                       737.295
0.675833874                                       737.295
0.676111652                                       737.397
0.67638943                                        737.397
0.676667208                                       737.397
0.676944986                                       737.478
0.677222764                                       737.478
0.677500542                                       737.478
0.67777832                                        737.478
0.678056098                                       737.618
0.678333876                                       737.618
0.678611654                                       737.618
0.678889432                                       737.714
0.67916721                                        737.714
0.679444988                                       737.714
0.679722766                                       737.714
0.680000544                                       737.802
0.680278322                                       737.802
0.6805561                                         737.802
0.680833878                                       737.918
0.681111656                                       737.918
0.681389434                                       737.918
0.681667212                                       737.918
0.68194499                                        738.043
0.682222768                                       738.043
0.682500546                                       738.043
0.682778324                                       738.11
0.683056102                                       738.11
0.68333388                                        738.11
0.683611658                                       738.11
0.683889436                                       738.261
0.684167214                                       738.261
0.684444992                                       738.261
0.68472277                                        738.37
0.685000548                                       738.37
0.685278326                                       738.37
0.685556104                                       738.37
0.685833882                                       738.477
0.68611166                                        738.477
0.686389438                                       738.477
0.686667216                                       738.574
0.686944994                                       738.574
0.687222772                                       738.574
0.68750055                                        738.574
0.687778328                                       738.699
0.688056106                                       738.699
0.688333884                                       738.699
0.688611662                                       738.797
0.68888944                                        738.797
0.689167218                                       738.797
0.689444996                                       738.797
0.689722774                                       738.917
0.690000552                                       738.917
0.69027833                                        738.917
0.690556108                                       739.021
0.690833886                                       739.021
0.691111664                                       739.021
0.691389442                                       739.021
0.69166722                                        739.134
0.691944998                                       739.134
0.692222776                                       739.134
0.692500554                                       739.249
0.692778332                                       739.249
0.69305611                                        739.249
0.693333888                                       739.249
0.693611666                                       739.335
0.693889444                                       739.335
0.694167222                                       739.335
0.694445                                          739.438
0.694722778                                       739.438
0.695000556                                       739.438
0.695278334                                       739.438
0.695556112                                       739.534
0.69583389                                        739.534
0.696111668                                       739.534
0.696389446                                       739.648
0.696667224                                       739.648
0.696945002                                       739.648
0.69722278                                        739.648
0.697500558                                       739.756
0.697778336                                       739.756
0.698056114                                       739.756
0.698333892                                       739.88
0.69861167                                        739.88
0.698889448                                       739.88
0.699167226                                       739.88
0.699445004                                       739.989
0.699722782                                       739.989
0.70000056                                        739.989
0.700278338                                       740.123
0.700556116                                       740.123
0.700833894                                       740.123
0.701111672                                       740.123
0.70138945                                        740.22
0.701667228                                       740.22
0.701945006                                       740.22
0.702222784                                       740.308
0.702500562                                       740.308
0.70277834                                        740.308
0.703056118                                       740.308
0.703333896                                       740.425
0.703611674                                       740.425
0.703889452                                       740.425
0.70416723                                        740.54
0.704445008                                       740.54
0.704722786                                       740.54
0.705000564                                       740.54
0.705278342                                       740.642
0.70555612                                        740.642
0.705833898                                       740.642
0.706111676                                       740.757
0.706389454                                       740.757
0.706667232                                       740.757
0.70694501                                        740.873
0.707222788                                       740.873
0.707500566                                       740.873
0.707778344                                       740.873
0.708056122                                       740.981
0.7083339                                         740.981
0.708611678                                       740.981
0.708889456                                       740.981
0.709167234                                       741.09
0.709445012                                       741.09
0.70972279                                        741.09
0.710000568                                       741.229
0.710278346                                       741.229
0.710556124                                       741.229
0.710833902                                       741.365
0.71111168                                        741.365
0.711389458                                       741.365
0.711667236                                       741.365
0.711945014                                       741.449
0.712222792                                       741.449
0.71250057                                        741.449
0.712778348                                       741.579
0.713056126                                       741.579
0.713333904                                       741.579
0.713611682                                       741.579
0.71388946                                        741.69
0.714167238                                       741.69
0.714445016                                       741.69
0.714722794                                       741.78
0.715000572                                       741.78
0.71527835                                        741.78
0.715556128                                       741.78
0.715833906                                       741.896
0.716111684                                       741.896
0.716389462                                       741.896
0.71666724                                        742.009
0.716945018                                       742.009
0.717222796                                       742.009
0.717500574                                       742.009
0.717778352                                       742.142
0.71805613                                        742.142
0.718333908                                       742.142
0.718611686                                       742.247
0.718889464                                       742.247
0.719167242                                       742.247
0.71944502                                        742.247
0.719722798                                       742.371
0.720000576                                       742.371
0.720278354                                       742.371
0.720556132                                       742.472
0.72083391                                        742.472
0.721111688                                       742.472
0.721389466                                       742.472
0.721667244                                       742.6
0.721945022                                       742.6
0.7222228                                         742.6
0.722500578                                       742.704
0.722778356                                       742.704
0.723056134                                       742.704
0.723333912                                       742.704
0.72361169                                        742.814
0.723889468                                       742.814
0.724167246                                       742.814
0.724445024                                       742.958
0.724722802                                       742.958
0.72500058                                        742.958
0.725278358                                       742.958
0.725556136                                       743.049
0.725833914                                       743.049
0.726111692                                       743.049
0.72638947                                        743.157
0.726667248                                       743.157
0.726945026                                       743.157
0.727222804                                       743.157
0.727500582                                       743.272
0.72777836                                        743.272
0.728056138                                       743.272
0.728333916                                       743.437
0.728611694                                       743.437
0.728889472                                       743.437
0.72916725                                        743.437
0.729445028                                       743.53
0.729722806                                       743.53
0.730000584                                       743.53
0.730278362                                       743.636
0.73055614                                        743.636
0.730833918                                       743.636
0.731111696                                       743.636
0.731389474                                       743.76
0.731667252                                       743.76
0.73194503                                        743.76
0.732222808                                       743.86
0.732500586                                       743.86
0.732778364                                       743.86
0.733056142                                       743.86
0.73333392                                        743.957
0.733611698                                       743.957
0.733889476                                       743.957
0.734167254                                       744.083
0.734445032                                       744.083
0.73472281                                        744.083
0.735000588                                       744.083
0.735278366                                       744.23
0.735556144                                       744.23
0.735833922                                       744.23
0.7361117                                         744.322
0.736389478                                       744.322
0.736667256                                       744.322
0.736945034                                       744.322
0.737222812                                       744.434
0.73750059                                        744.434
0.737778368                                       744.434
0.738056146                                       744.53
0.738333924                                       744.53
0.738611702                                       744.53
0.73888948                                        744.53
0.739167258                                       744.631
0.739445036                                       744.631
0.739722814                                       744.631
0.740000592                                       744.681
0.74027837                                        744.681
0.740556148                                       744.681
0.740833926                                       744.765
0.741111704                                       744.765
0.741389482                                       744.765
0.74166726                                        744.765
0.741945038                                       744.865
0.742222816                                       744.865
0.742500594                                       744.865
0.742778372                                       744.993
0.74305615                                        744.993
0.743333928                                       744.993
0.743611706                                       744.993
0.743889484                                       745.102
0.744167262                                       745.102
0.74444504                                        745.102
0.744722818                                       745.196
0.745000596                                       745.196
0.745278374                                       745.196
0.745556152                                       745.196
0.74583393                                        745.292
0.746111708                                       745.292
0.746389486                                       745.292
0.746667264                                       745.392
0.746945042                                       745.392
0.74722282                                        745.392
0.747500598                                       745.392
0.747778376                                       745.467
0.748056154                                       745.467
0.748333932                                       745.467
0.74861171                                        745.551
0.748889488                                       745.551
0.749167266                                       745.551
0.749445044                                       745.551
0.749722822                                       745.673
0.7500006                                         745.673
0.750278378                                       745.673
0.750556156                                       745.752
0.750833934                                       745.752
0.751111712                                       745.752
0.75138949                                        745.752
0.751667268                                       745.836
0.751945046                                       745.836
0.752222824                                       745.836
0.752500602                                       745.944
0.75277838                                        745.944
0.753056158                                       745.944
0.753333936                                       745.944
0.753611714                                       746.041
0.753889492                                       746.041
0.75416727                                        746.041
0.754445048                                       746.167
0.754722826                                       746.167
0.755000604                                       746.167
0.755278382                                       746.167
0.75555616                                        746.245
0.755833938                                       746.245
0.756111716                                       746.245
0.756389494                                       746.278
0.756667272                                       746.278
0.75694505                                        746.278
0.757222828                                       746.278
0.757500606                                       746.365
0.757778384                                       746.365
0.758056162                                       746.365
0.75833394                                        746.453
0.758611718                                       746.453
0.758889496                                       746.453
0.759167274                                       746.533
0.759445052                                       746.533
0.75972283                                        746.533
0.760000608                                       746.533
0.760278386                                       746.638
0.760556164                                       746.638
0.760833942                                       746.638
0.76111172                                        746.74
0.761389498                                       746.74
0.761667276                                       746.74
0.761945054                                       746.74
0.762222832                                       746.82
0.76250061                                        746.82
0.762778388                                       746.82
0.763056166                                       746.92
0.763333944                                       746.92
0.763611722                                       746.92
0.7638895                                         746.92
0.764167278                                       747.003
0.764445056                                       747.003
0.764722834                                       747.003
0.765000612                                       747.074
0.76527839                                        747.074
0.765556168                                       747.074
0.765833946                                       747.074
0.766111724                                       747.16
0.766389502                                       747.16
0.76666728                                        747.16
0.766945058                                       747.244
0.767222836                                       747.244
0.767500614                                       747.244
0.767778392                                       747.244
0.76805617                                        747.331
0.768333948                                       747.331
0.768611726                                       747.331
0.768889504                                       747.384
0.769167282                                       747.384
0.76944506                                        747.384
0.769722838                                       747.384
0.770000616                                       747.461
0.770278394                                       747.461
0.770556172                                       747.461
0.77083395                                        747.548
0.771111728                                       747.548
0.771389506                                       747.548
0.771667284                                       747.624
0.771945062                                       747.624
0.77222284                                        747.624
0.772500618                                       747.624
0.772778396                                       747.732
0.773056174                                       747.732
0.773333952                                       747.732
0.77361173                                        747.816
0.773889508                                       747.816
0.774167286                                       747.816
0.774445064                                       747.816
0.774722842                                       747.911
0.77500062                                        747.911
0.775278398                                       747.911
0.775556176                                       747.911
0.775833954                                       748.027
0.776111732                                       748.027
0.77638951                                        748.027
0.776667288                                       748.108
0.776945066                                       748.108
0.777222844                                       748.108
0.777500622                                       748.157
0.7777784                                         748.157
0.778056178                                       748.157
0.778333956                                       748.157
0.778611734                                       748.201
0.778889512                                       748.201
0.77916729                                        748.201
0.779445068                                       748.273
0.779722846                                       748.273
0.780000624                                       748.273
0.780278402                                       748.273
0.78055618                                        748.381
0.780833958                                       748.381
0.781111736                                       748.381
0.781389514                                       748.447
0.781667292                                       748.447
0.78194507                                        748.447
0.782222848                                       748.447
0.782500626                                       748.509
0.782778404                                       748.509
0.783056182                                       748.509
0.78333396                                        748.614
0.783611738                                       748.614
0.783889516                                       748.614
0.784167294                                       748.614
0.784445072                                       748.686
0.78472285                                        748.686
0.785000628                                       748.686
0.785278406                                       748.788
0.785556184                                       748.788
0.785833962                                       748.788
0.78611174                                        748.788
0.786389518                                       748.874
0.786667296                                       748.874
0.786945074                                       748.874
0.787222852                                       748.913
0.78750063                                        748.913
0.787778408                                       748.913
0.788056186                                       748.913
0.788333964                                       749.006
0.788611742                                       749.006
0.78888952                                        749.006
0.789167298                                       749.094
0.789445076                                       749.094
0.789722854                                       749.094
0.790000632                                       749.094
0.79027841                                        749.174
0.790556188                                       749.174
0.790833966                                       749.174
0.791111744                                       749.266
0.791389522                                       749.266
0.7916673                                         749.266
0.791945078                                       749.266
0.792222856                                       749.36
0.792500634                                       749.36
0.792778412                                       749.36
0.79305619                                        749.443
0.793333968                                       749.443
0.793611746                                       749.443
0.793889524                                       749.443
0.794167302                                       749.558
0.79444508                                        749.558
0.794722858                                       749.558
0.795000636                                       749.653
0.795278414                                       749.653
0.795556192                                       749.653
0.79583397                                        749.653
0.796111748                                       749.723
0.796389526                                       749.723
0.796667304                                       749.723
0.796945082                                       749.803
0.79722286                                        749.803
0.797500638                                       749.803
0.797778416                                       749.803
0.798056194                                       749.882
0.798333972                                       749.882
0.79861175                                        749.882
0.798889528                                       749.909
0.799167306                                       749.909
0.799445084                                       749.909
0.799722862                                       749.909
0.80000064                                        750.001
0.800278418                                       750.001
0.800556196                                       750.001
0.800833974                                       750.079
0.801111752                                       750.079
0.80138953                                        750.079
0.801667308                                       750.079
0.801945086                                       750.152
0.802222864                                       750.152
0.802500642                                       750.152
0.80277842                                        750.22
0.803056198                                       750.22
0.803333976                                       750.22
0.803611754                                       750.22
0.803889532                                       750.282
0.80416731                                        750.282
0.804445088                                       750.282
0.804722866                                       750.355
0.805000644                                       750.355
0.805278422                                       750.355
0.8055562                                         750.355
0.805833978                                       750.472
0.806111756                                       750.472
0.806389534                                       750.472
0.806667312                                       750.627
0.80694509                                        750.627
0.807222868                                       750.627
0.807500646                                       750.627
0.807778424                                       750.696
0.808056202                                       750.696
0.80833398                                        750.696
0.808611758                                       750.767
0.808889536                                       750.767
0.809167314                                       750.767
0.809445092                                       750.863
0.80972287                                        750.863
0.810000648                                       750.863
0.810278426                                       750.863
0.810556204                                       750.947
0.810833982                                       750.947
0.81111176                                        750.947
0.811389538                                       751.028
0.811667316                                       751.028
0.811945094                                       751.028
0.812222872                                       751.028
0.81250065                                        751.106
0.812778428                                       751.106
0.813056206                                       751.106
0.813333984                                       751.186
0.813611762                                       751.186
0.81388954                                        751.186
0.814167318                                       751.186
0.814445096                                       751.26
0.814722874                                       751.26
0.815000652                                       751.26
0.81527843                                        751.311
0.815556208                                       751.311
0.815833986                                       751.311
0.816111764                                       751.311
0.816389542                                       751.312
0.81666732                                        751.312
0.816945098                                       751.312
0.817222876                                       751.358
0.817500654                                       751.358
0.817778432                                       751.358
0.81805621                                        751.385
0.818333988                                       751.385
0.818611766                                       751.385
0.818889544                                       751.385
0.819167322                                       751.46
0.8194451                                         751.46
0.819722878                                       751.46
0.820000656                                       751.554
0.820278434                                       751.554
0.820556212                                       751.554
0.82083399                                        751.554
0.821111768                                       751.637
0.821389546                                       751.637
0.821667324                                       751.637
0.821945102                                       751.748
0.82222288                                        751.748
0.822500658                                       751.748
0.822778436                                       751.748
0.823056214                                       751.803
0.823333992                                       751.803
0.82361177                                        751.803
0.823889548                                       751.806
0.824167326                                       751.806
0.824445104                                       751.806
0.824722882                                       751.806
0.82500066                                        751.875
0.825278438                                       751.875
0.825556216                                       751.875
0.825833994                                       751.943
0.826111772                                       751.943
0.82638955                                        751.943
0.826667328                                       751.943
0.826945106                                       752.04
0.827222884                                       752.04
0.827500662                                       752.04
0.82777844                                        752.118
0.828056218                                       752.118
0.828333996                                       752.118
0.828611774                                       752.118
0.828889552                                       752.145
0.82916733                                        752.145
0.829445108                                       752.145
0.829722886                                       752.179
0.830000664                                       752.179
0.830278442                                       752.179
0.83055622                                        752.179
0.830833998                                       752.235
0.831111776                                       752.235
0.831389554                                       752.235
0.831667332                                       752.231
0.83194511                                        752.231
0.832222888                                       752.231
0.832500666                                       752.231
0.832778444                                       752.334
0.833056222                                       752.334
0.833334                                          752.334
0.833611778                                       752.471
0.833889556                                       752.471
0.834167334                                       752.471
0.834445112                                       752.471
0.83472289                                        752.563
0.835000668                                       752.563
0.835278446                                       752.563
0.835556224                                       752.585
0.835834002                                       752.585
0.83611178                                        752.585
0.836389558                                       752.585
0.836667336                                       752.644
0.836945114                                       752.644
0.837222892                                       752.644
0.83750067                                        752.745
0.837778448                                       752.745
0.838056226                                       752.745
0.838334004                                       752.745
0.838611782                                       752.742
0.83888956                                        752.742
0.839167338                                       752.742
0.839445116                                       752.847
0.839722894                                       752.847
0.840000672                                       752.847
0.84027845                                        752.847
0.840556228                                       752.934
0.840834006                                       752.934
0.841111784                                       752.934
0.841389562                                       753.018
0.84166734                                        753.018
0.841945118                                       753.018
0.842222896                                       753.074
0.842500674                                       753.074
0.842778452                                       753.074
0.84305623                                        753.074
0.843334008                                       753.124
0.843611786                                       753.124
0.843889564                                       753.124
0.844167342                                       753.153
0.84444512                                        753.153
0.844722898                                       753.153
0.845000676                                       753.153
0.845278454                                       753.252
0.845556232                                       753.252
0.84583401                                        753.252
0.846111788                                       753.311
0.846389566                                       753.311
0.846667344                                       753.311
0.846945122                                       753.311
0.8472229                                         753.401
0.847500678                                       753.401
0.847778456                                       753.401
0.848056234                                       753.492
0.848334012                                       753.492
0.84861179                                        753.492
0.848889568                                       753.492
0.849167346                                       753.609
0.849445124                                       753.609
0.849722902                                       753.609
0.85000068                                        753.701
0.850278458                                       753.701
0.850556236                                       753.701
0.850834014                                       753.701
0.851111792                                       753.77
0.85138957                                        753.77
0.851667348                                       753.77
0.851945126                                       753.83
0.852222904                                       753.83
0.852500682                                       753.83
0.85277846                                        753.83
0.853056238                                       753.822
0.853334016                                       753.822
0.853611794                                       753.822
0.853889572                                       753.946
0.85416735                                        753.946
0.854445128                                       753.946
0.854722906                                       753.946
0.855000684                                       754.068
0.855278462                                       754.068
0.85555624                                        754.068
0.855834018                                       754.124
0.856111796                                       754.124
0.856389574                                       754.124
0.856667352                                       754.124
0.85694513                                        754.171
0.857222908                                       754.171
0.857500686                                       754.171
0.857778464                                       754.221
0.858056242                                       754.221
0.85833402                                        754.221
0.858611798                                       754.221
0.858889576                                       754.291
0.859167354                                       754.291
0.859445132                                       754.291
0.85972291                                        754.393
0.860000688                                       754.393
0.860278466                                       754.393
0.860556244                                       754.393
0.860834022                                       754.472
0.8611118                                         754.472
0.861389578                                       754.472
0.861667356                                       754.564
0.861945134                                       754.564
0.862222912                                       754.564
0.86250069                                        754.564
0.862778468                                       754.649
0.863056246                                       754.649
0.863334024                                       754.649
0.863611802                                       754.701
0.86388958                                        754.701
0.864167358                                       754.701
0.864445136                                       754.701
0.864722914                                       754.768
0.865000692                                       754.768
0.86527847                                        754.768
0.865556248                                       754.847
0.865834026                                       754.847
0.866111804                                       754.847
0.866389582                                       754.847
0.86666736                                        754.922
0.866945138                                       754.922
0.867222916                                       754.922
0.867500694                                       755.016
0.867778472                                       755.016
0.86805625                                        755.016
0.868334028                                       755.086
0.868611806                                       755.086
0.868889584                                       755.086
0.869167362                                       755.086
0.86944514                                        755.126
0.869722918                                       755.126
0.870000696                                       755.126
0.870278474                                       755.126
0.870556252                                       755.217
0.87083403                                        755.217
0.871111808                                       755.217
0.871389586                                       755.301
0.871667364                                       755.301
0.871945142                                       755.301
0.87222292                                        755.301
0.872500698                                       755.37
0.872778476                                       755.37
0.873056254                                       755.37
0.873334032                                       755.401
0.87361181                                        755.401
0.873889588                                       755.401
0.874167366                                       755.401
0.874445144                                       755.472
0.874722922                                       755.472
0.8750007                                         755.472
0.875278478                                       755.572
0.875556256                                       755.572
0.875834034                                       755.572
0.876111812                                       755.64
0.87638959                                        755.64
0.876667368                                       755.64
0.876945146                                       755.64
0.877222924                                       755.667
0.877500702                                       755.667
0.87777848                                        755.667
0.878056258                                       755.744
0.878334036                                       755.744
0.878611814                                       755.744
0.878889592                                       755.744
0.87916737                                        755.793
0.879445148                                       755.793
0.879722926                                       755.793
0.880000704                                       755.843
0.880278482                                       755.843
0.88055626                                        755.843
0.880834038                                       755.843
0.881111816                                       755.913
0.881389594                                       755.913
0.881667372                                       755.913
0.88194515                                        755.957
0.882222928                                       755.957
0.882500706                                       755.957
0.882778484                                       755.957
0.883056262                                       756.01
0.88333404                                        756.01
0.883611818                                       756.01
0.883889596                                       756.069
0.884167374                                       756.069
0.884445152                                       756.069
0.88472293                                        756.069
0.885000708                                       756.118
0.885278486                                       756.118
0.885556264                                       756.118
0.885834042                                       756.176
0.88611182                                        756.176
0.886389598                                       756.176
0.886667376                                       756.176
0.886945154                                       756.213
0.887222932                                       756.213
0.88750071                                        756.213
0.887778488                                       756.249
0.888056266                                       756.249
0.888334044                                       756.249
0.888611822                                       756.249
0.8888896                                         756.293
0.889167378                                       756.293
0.889445156                                       756.293
0.889722934                                       756.367
0.890000712                                       756.367
0.89027849                                        756.367
0.890556268                                       756.367
0.890834046                                       756.429
0.891111824                                       756.429
0.891389602                                       756.429
0.89166738                                        756.506
0.891945158                                       756.506
0.892222936                                       756.506
0.892500714                                       756.506
0.892778492                                       756.56
0.89305627                                        756.56
0.893334048                                       756.56
0.893611826                                       756.575
0.893889604                                       756.575
0.894167382                                       756.575
0.89444516                                        756.575
0.894722938                                       756.631
0.895000716                                       756.631
0.895278494                                       756.631
0.895556272                                       756.657
0.89583405                                        756.657
0.896111828                                       756.657
0.896389606                                       756.711
0.896667384                                       756.711
0.896945162                                       756.711
0.89722294                                        756.711
0.897500718                                       756.772
0.897778496                                       756.772
0.898056274                                       756.772
0.898334052                                       756.746
0.89861183                                        756.746
0.898889608                                       756.746
0.899167386                                       756.746
0.899445164                                       756.815
0.899722942                                       756.815
0.90000072                                        756.815
0.900278498                                       756.907
0.900556276                                       756.907
0.900834054                                       756.907
0.901111832                                       756.907
0.90138961                                        756.95
0.901667388                                       756.95
0.901945166                                       756.95
0.902222944                                       757.03
0.902500722                                       757.03
0.9027785                                         757.03
0.903056278                                       757.03
0.903334056                                       757.098
0.903611834                                       757.098
0.903889612                                       757.098
0.90416739                                        757.119
0.904445168                                       757.119
0.904722946                                       757.119
0.905000724                                       757.119
0.905278502                                       757.158
0.90555628                                        757.158
0.905834058                                       757.158
0.906111836                                       757.208
0.906389614                                       757.208
0.906667392                                       757.208
0.90694517                                        757.208
0.907222948                                       757.268
0.907500726                                       757.268
0.907778504                                       757.268
0.908056282                                       757.3
0.90833406                                        757.3
0.908611838                                       757.3
0.908889616                                       757.3
0.909167394                                       757.373
0.909445172                                       757.373
0.90972295                                        757.373
0.910000728                                       757.396
0.910278506                                       757.396
0.910556284                                       757.396
0.910834062                                       757.396
0.91111184                                        757.475
0.911389618                                       757.475
0.911667396                                       757.475
0.911945174                                       757.551
0.912222952                                       757.551
0.91250073                                        757.551
0.912778508                                       757.551
0.913056286                                       757.583
0.913334064                                       757.583
0.913611842                                       757.583
0.91388962                                        757.621
0.914167398                                       757.621
0.914445176                                       757.621
0.914722954                                       757.684
0.915000732                                       757.684
0.91527851                                        757.684
0.915556288                                       757.684
0.915834066                                       757.727
0.916111844                                       757.727
0.916389622                                       757.727
0.9166674                                         757.778
0.916945178                                       757.778
0.917222956                                       757.778
0.917500734                                       757.778
0.917778512                                       757.838
0.91805629                                        757.838
0.918334068                                       757.838
0.918611846                                       757.887
0.918889624                                       757.887
0.919167402                                       757.887
0.91944518                                        757.887
0.919722958                                       757.893
0.920000736                                       757.893
0.920278514                                       757.893
0.920556292                                       757.936
0.92083407                                        757.936
0.921111848                                       757.936
0.921389626                                       757.936
0.921667404                                       757.991
0.921945182                                       757.991
0.92222296                                        757.991
0.922500738                                       758.042
0.922778516                                       758.042
0.923056294                                       758.042
0.923334072                                       758.042
0.92361185                                        758.097
0.923889628                                       758.097
0.924167406                                       758.097
0.924445184                                       758.152
0.924722962                                       758.152
0.92500074                                        758.152
0.925278518                                       758.152
0.925556296                                       758.205
0.925834074                                       758.205
0.926111852                                       758.205
0.92638963                                        758.242
0.926667408                                       758.242
0.926945186                                       758.242
0.927222964                                       758.242
0.927500742                                       758.319
0.92777852                                        758.319
0.928056298                                       758.319
0.928334076                                       758.381
0.928611854                                       758.381
0.928889632                                       758.381
0.92916741                                        758.381
0.929445188                                       758.399
0.929722966                                       758.399
0.930000744                                       758.399
0.930278522                                       758.462
0.9305563                                         758.462
0.930834078                                       758.462
0.931111856                                       758.509
0.931389634                                       758.509
0.931667412                                       758.509
0.93194519                                        758.509
0.932222968                                       758.566
0.932500746                                       758.566
0.932778524                                       758.566
0.933056302                                       758.611
0.93333408                                        758.611
0.933611858                                       758.611
0.933889636                                       758.611
0.934167414                                       758.637
0.934445192                                       758.637
0.93472297                                        758.637
0.935000748                                       758.689
0.935278526                                       758.689
0.935556304                                       758.689
0.935834082                                       758.689
0.93611186                                        758.727
0.936389638                                       758.727
0.936667416                                       758.727
0.936945194                                       758.764
0.937222972                                       758.764
0.93750075                                        758.764
0.937778528                                       758.764
0.938056306                                       758.803
0.938334084                                       758.803
0.938611862                                       758.803
0.93888964                                        758.86
0.939167418                                       758.86
0.939445196                                       758.86
0.939722974                                       758.86
0.940000752                                       758.896
0.94027853                                        758.896
0.940556308                                       758.896
0.940834086                                       758.896
0.941111864                                       758.896
0.941389642                                       758.896
0.94166742                                        758.896
0.941945198                                       758.951
0.942222976                                       758.951
0.942500754                                       758.951
0.942778532                                       759.038
0.94305631                                        759.038
0.943334088                                       759.038
0.943611866                                       759.038
0.943889644                                       759.118
0.944167422                                       759.118
0.9444452                                         759.118
0.944722978                                       759.176
0.945000756                                       759.176
0.945278534                                       759.176
0.945556312                                       759.176
0.94583409                                        759.214
0.946111868                                       759.214
0.946389646                                       759.214
0.946667424                                       759.288
0.946945202                                       759.288
0.94722298                                        759.288
0.947500758                                       759.288
0.947778536                                       759.312
0.948056314                                       759.312
0.948334092                                       759.312
0.94861187                                        759.315
0.948889648                                       759.315
0.949167426                                       759.315
0.949445204                                       759.315
0.949722982                                       759.373
0.95000076                                        759.373
0.950278538                                       759.373
0.950556316                                       759.396
0.950834094                                       759.396
0.951111872                                       759.396
0.95138965                                        759.396
0.951667428                                       759.403
0.951945206                                       759.403
0.952222984                                       759.403
0.952500762                                       759.429
0.95277854                                        759.429
0.953056318                                       759.429
0.953334096                                       759.429
0.953611874                                       759.448
0.953889652                                       759.448
0.95416743                                        759.448
0.954445208                                       759.487
0.954722986                                       759.487
0.955000764                                       759.487
0.955278542                                       759.487
0.95555632                                        759.521
0.955834098                                       759.521
0.956111876                                       759.521
0.956389654                                       759.582
0.956667432                                       759.582
0.95694521                                        759.582
0.957222988                                       759.582
0.957500766                                       759.585
0.957778544                                       759.585
0.958056322                                       759.585
0.9583341                                         759.636
0.958611878                                       759.636
0.958889656                                       759.636
0.959167434                                       759.636
0.959445212                                       759.674
0.95972299                                        759.674
0.960000768                                       759.674
0.960278546                                       759.653
0.960556324                                       759.653
0.960834102                                       759.653
0.96111188                                        759.653
0.961389658                                       759.699
0.961667436                                       759.699
0.961945214                                       759.699
0.962222992                                       759.739
0.96250077                                        759.739
0.962778548                                       759.739
0.963056326                                       759.739
0.963334104                                       759.736
0.963611882                                       759.736
0.96388966                                        759.736
0.964167438                                       759.736
0.964445216                                       759.736
0.964722994                                       759.736
0.965000772                                       759.736
0.96527855                                        759.755
0.965556328                                       759.755
0.965834106                                       759.755
0.966111884                                       759.755
0.966389662                                       759.804
0.96666744                                        759.804
0.966945218                                       759.804
0.967222996                                       759.819
0.967500774                                       759.819
0.967778552                                       759.819
0.96805633                                        759.819
0.968334108                                       759.826
0.968611886                                       759.826
0.968889664                                       759.826
0.969167442                                       759.903
0.96944522                                        759.903
0.969722998                                       759.903
0.970000776                                       759.903
0.970278554                                       759.97
0.970556332                                       759.97
0.97083411                                        759.97
0.971111888                                       759.993
0.971389666                                       759.993
0.971667444                                       759.993
0.971945222                                       759.97
0.972223                                          759.97
0.972500778                                       759.97
0.972778556                                       759.97
0.973056334                                       760.017
0.973334112                                       760.017
0.97361189                                        760.017
0.973889668                                       760.067
0.974167446                                       760.067
0.974445224                                       760.067
0.974723002                                       760.067
0.97500078                                        760.075
0.975278558                                       760.075
0.975556336                                       760.075
0.975834114                                       760.151
0.976111892                                       760.151
0.97638967                                        760.151
0.976667448                                       760.151
0.976945226                                       760.219
0.977223004                                       760.219
0.977500782                                       760.219
0.97777856                                        760.301
0.978056338                                       760.301
0.978334116                                       760.301
0.978611894                                       760.301
0.978889672                                       760.29
0.97916745                                        760.29
0.979445228                                       760.29
0.979723006                                       760.343
0.980000784                                       760.343
0.980278562                                       760.343
0.98055634                                        760.343
0.980834118                                       760.364
0.981111896                                       760.364
0.981389674                                       760.364
0.981667452                                       760.369
0.98194523                                        760.369
0.982223008                                       760.369
0.982500786                                       760.369
0.982778564                                       760.399
0.983056342                                       760.399
0.98333412                                        760.399
0.983611898                                       760.465
0.983889676                                       760.465
0.984167454                                       760.465
0.984445232                                       760.465
0.98472301                                        760.509
0.985000788                                       760.509
0.985278566                                       760.509
0.985556344                                       760.548
0.985834122                                       760.548
0.9861119                                         760.548
0.986389678                                       760.548
0.986667456                                       760.545
0.986945234                                       760.545
0.987223012                                       760.545
0.98750079                                        760.602
0.987778568                                       760.602
0.988056346                                       760.602
0.988334124                                       760.602
0.988611902                                       760.671
0.98888968                                        760.671
0.989167458                                       760.671
0.989445236                                       760.733
0.989723014                                       760.733
0.990000792                                       760.733
0.99027857                                        760.733
0.990556348                                       760.759
0.990834126                                       760.759
0.991111904                                       760.759
0.991389682                                       760.804
0.99166746                                        760.804
0.991945238                                       760.804
0.992223016                                       760.804
0.992500794                                       760.792
0.992778572                                       760.792
0.99305635                                        760.792
0.993334128                                       760.849
0.993611906                                       760.849
0.993889684                                       760.849
0.994167462                                       760.849
0.99444524                                        760.907
0.994723018                                       760.907
0.995000796                                       760.907
0.995278574                                       760.903
0.995556352                                       760.903
0.99583413                                        760.903
0.996111908                                       760.903
0.996389686                                       760.921
0.996667464                                       760.921
0.996945242                                       760.921
0.99722302                                        760.986
0.997500798                                       760.986
0.997778576                                       760.986
0.998056354                                       760.986
0.998334132                                       761.05
0.99861191                                        761.05
0.998889688                                       761.05
0.999167466                                       761.077
0.999445244                                       761.077
0.999723022                                       761.077
1.0000008                                         761.077
1.000278578                                       761.137
1.000556356                                       761.137
1.000834134                                       761.137
1.001111912                                       761.212
1.00138969                                        761.212
1.001667468                                       761.212
1.001945246                                       761.212
1.002223024                                       761.215
1.002500802                                       761.215
1.00277858                                        761.215
1.003056358                                       761.27
1.003334136                                       761.27
1.003611914                                       761.27
1.003889692                                       761.29
1.00416747                                        761.29
1.004445248                                       761.29
1.004723026                                       761.29
1.005000804                                       761.392
1.005278582                                       761.392
1.00555636                                        761.392
1.005834138                                       761.45
1.006111916                                       761.45
1.006389694                                       761.45
1.006667472                                       761.45
1.00694525                                        761.452
1.007223028                                       761.452
1.007500806                                       761.452
1.007778584                                       761.499
1.008056362                                       761.499
1.00833414                                        761.499
1.008611918                                       761.499
1.008889696                                       761.567
1.009167474                                       761.567
1.009445252                                       761.567
1.00972303                                        761.629
1.010000808                                       761.629
1.010278586                                       761.629
1.010556364                                       761.629
1.010834142                                       761.709
1.01111192                                        761.709
1.011389698                                       761.709
1.011667476                                       761.741
1.011945254                                       761.741
1.012223032                                       761.741
1.01250081                                        761.741
1.012778588                                       761.781
1.013056366                                       761.781
1.013334144                                       761.781
1.013611922                                       761.861
1.0138897                                         761.861
1.014167478                                       761.861
1.014445256                                       761.861
1.014723034                                       761.915
1.015000812                                       761.915
1.01527859                                        761.915
1.015556368                                       761.984
1.015834146                                       761.984
1.016111924                                       761.984
1.016389702                                       761.984
1.01666748                                        762.001
1.016945258                                       762.001
1.017223036                                       762.001
1.017500814                                       762.07
1.017778592                                       762.07
1.01805637                                        762.07
1.018334148                                       762.07
1.018611926                                       762.123
1.018889704                                       762.123
1.019167482                                       762.123
1.01944526                                        762.155
1.019723038                                       762.155
1.020000816                                       762.155
1.020278594                                       762.155
1.020556372                                       762.206
1.02083415                                        762.206
1.021111928                                       762.206
1.021389706                                       762.256
1.021667484                                       762.256
1.021945262                                       762.256
1.02222304                                        762.256
1.022500818                                       762.289
1.022778596                                       762.289
1.023056374                                       762.289
1.023334152                                       762.355
1.02361193                                        762.355
1.023889708                                       762.355
1.024167486                                       762.355
1.024445264                                       762.383
1.024723042                                       762.383
1.02500082                                        762.383
1.025278598                                       762.407
1.025556376                                       762.407
1.025834154                                       762.407
1.026111932                                       762.407
1.02638971                                        762.46
1.026667488                                       762.46
1.026945266                                       762.46
1.027223044                                       762.514
1.027500822                                       762.514
1.0277786                                         762.514
1.028056378                                       762.514
1.028334156                                       762.523
1.028611934                                       762.523
1.028889712                                       762.523
1.02916749                                        762.555
1.029445268                                       762.555
1.029723046                                       762.555
1.030000824                                       762.555
1.030278602                                       762.597
1.03055638                                        762.597
1.030834158                                       762.597
1.031111936                                       762.604
1.031389714                                       762.604
1.031667492                                       762.604
1.03194527                                        762.604
1.032223048                                       762.646
1.032500826                                       762.646
1.032778604                                       762.646
1.033056382                                       762.665
1.03333416                                        762.665
1.033611938                                       762.665
1.033889716                                       762.665
1.034167494                                       762.687
1.034445272                                       762.687
1.03472305                                        762.687
1.035000828                                       762.704
1.035278606                                       762.704
1.035556384                                       762.704
1.035834162                                       762.704
1.03611194                                        762.718
1.036389718                                       762.718
1.036667496                                       762.718
1.036945274                                       762.739
1.037223052                                       762.739
1.03750083                                        762.739
1.037778608                                       762.739
1.038056386                                       762.74
1.038334164                                       762.74
1.038611942                                       762.74
1.03888972                                        762.764
1.039167498                                       762.764
1.039445276                                       762.764
1.039723054                                       762.764
1.040000832                                       762.783
1.04027861                                        762.783
1.040556388                                       762.783
1.040834166                                       762.803
1.041111944                                       762.803
1.041389722                                       762.803
1.0416675                                         762.803
1.041945278                                       762.841
1.042223056                                       762.841
1.042500834                                       762.841
1.042778612                                       762.867
1.04305639                                        762.867
1.043334168                                       762.867
1.043611946                                       762.898
1.043889724                                       762.898
1.044167502                                       762.898
1.04444528                                        762.898
1.044723058                                       762.927
1.045000836                                       762.927
1.045278614                                       762.927
1.045556392                                       762.974
1.04583417                                        762.974
1.046111948                                       762.974
1.046389726                                       762.974
1.046667504                                       762.999
1.046945282                                       762.999
1.04722306                                        762.999
1.047500838                                       763.005
1.047778616                                       763.005
1.048056394                                       763.005
1.048334172                                       763.005
1.04861195                                        763.025
1.048889728                                       763.025
1.049167506                                       763.025
1.049445284                                       763.025
1.049723062                                       763.069
1.05000084                                        763.069
1.050278618                                       763.069
1.050556396                                       763.064
1.050834174                                       763.064
1.051111952                                       763.064
1.05138973                                        763.095
1.051667508                                       763.095
1.051945286                                       763.095
1.052223064                                       763.095
1.052500842                                       763.177
1.05277862                                        763.177
1.053056398                                       763.177
1.053334176                                       763.279
1.053611954                                       763.279
1.053889732                                       763.279
1.05416751                                        763.279
1.054445288                                       763.32
1.054723066                                       763.32
1.055000844                                       763.32
1.055278622                                       763.343
1.0555564                                         763.343
1.055834178                                       763.343
1.056111956                                       763.343
1.056389734                                       763.371
1.056667512                                       763.371
1.05694529                                        763.371
1.057223068                                       763.402
1.057500846                                       763.402
1.057778624                                       763.402
1.058056402                                       763.402
1.05833418                                        763.422
1.058611958                                       763.422
1.058889736                                       763.422
1.059167514                                       763.445
1.059445292                                       763.445
1.05972307                                        763.445
1.060000848                                       763.445
1.060278626                                       763.46
1.060556404                                       763.46
1.060834182                                       763.46
1.06111196                                        763.524
1.061389738                                       763.524
1.061667516                                       763.524
1.061945294                                       763.524
1.062223072                                       763.586
1.06250085                                        763.586
1.062778628                                       763.586
1.063056406                                       763.608
1.063334184                                       763.608
1.063611962                                       763.608
1.06388974                                        763.608
1.064167518                                       763.624
1.064445296                                       763.624
1.064723074                                       763.624
1.065000852                                       763.644
1.06527863                                        763.644
1.065556408                                       763.644
1.065834186                                       763.644
1.066111964                                       763.67
1.066389742                                       763.67
1.06666752                                        763.67
1.066945298                                       763.706
1.067223076                                       763.706
1.067500854                                       763.706
1.067778632                                       763.706
1.06805641                                        763.745
1.068334188                                       763.745
1.068611966                                       763.745
1.068889744                                       763.675
1.069167522                                       763.675
1.0694453                                         763.675
1.069723078                                       763.675
1.070000856                                       763.609
1.070278634                                       763.609
1.070556412                                       763.609
1.07083419                                        763.636
1.071111968                                       763.636
1.071389746                                       763.636
1.071667524                                       763.636
1.071945302                                       763.681
1.07222308                                        763.681
1.072500858                                       763.681
1.072778636                                       763.671
1.073056414                                       763.671
1.073334192                                       763.671
1.07361197                                        763.671
1.073889748                                       763.634
1.074167526                                       763.634
1.074445304                                       763.634
1.074723082                                       763.672
1.07500086                                        763.672
1.075278638                                       763.672
1.075556416                                       763.672
1.075834194                                       763.718
1.076111972                                       763.718
1.07638975                                        763.718
1.076667528                                       763.76
1.076945306                                       763.76
1.077223084                                       763.76
1.077500862                                       763.76
1.07777864                                        763.757
1.078056418                                       763.757
1.078334196                                       763.757
1.078611974                                       763.758
1.078889752                                       763.758
1.07916753                                        763.758
1.079445308                                       763.758
1.079723086                                       763.834
1.080000864                                       763.834
1.080278642                                       763.834
1.08055642                                        763.844
1.080834198                                       763.844
1.081111976                                       763.844
1.081389754                                       763.844
1.081667532                                       763.842
1.08194531                                        763.842
1.082223088                                       763.842
1.082500866                                       763.859
1.082778644                                       763.859
1.083056422                                       763.859
1.0833342                                         763.859
1.083611978                                       763.414
1.083889756                                       763.414
