phase,simulation_id,time_s,model_T8_K,observed_T8_K,model_T12_K,observed_T12_K,model_T11_K,observed_T11_K,model_T9_K,observed_T9_K,model_T10_K,observed_T10_K,model_T3_K,observed_T3_K,model_T2_K,observed_T2_K
heating_training,E67,0.0,293.3685,296.62199999999996,293.3685,296.25,293.3685,296.35299999999995,293.3685,296.22499999999997,293.3685,296.43399999999997,293.3685000000001,296.686,293.3685,293.39799999999997
heating_training,E67,50.0,374.25362840616526,383.55999999999995,331.30835177848087,341.47999999999996,307.91339043302804,308.99899999999997,392.59671038144415,316.138,332.3057521293591,300.25399999999996,304.6636497448841,299.786,293.36967329587014,293.414
heating_training,E67,100.0,452.28215188998206,540.75,386.82520787063544,473.256,342.4337614442942,376.486,498.7440808120039,420.83,407.0029397333409,346.76099999999997,335.45235382370134,327.39099999999996,293.376423477346,293.438
heating_training,E67,150.0,519.3985662449227,664.299,445.3480930628735,589.1769999999999,386.3169614948525,445.365,582.1083398104131,529.854,482.2746933061212,403.433,376.1455693497702,354.489,293.3924670107656,293.471
heating_training,E67,200.0,574.6425301876424,748.8409999999999,500.0363761897083,676.7909999999999,431.984201880814,499.078,641.1826596061408,618.247,544.6235877056491,448.715,419.30474450156817,378.13699999999994,293.42916995794656,293.50899999999996
heating_training,E67,250.0,619.0738961507377,809.804,548.0566324424127,746.2349999999999,475.0451854444878,544.2439999999999,681.1597547963833,691.87,591.7213092833385,487.053,460.47803164698513,398.99399999999997,293.50901214028437,293.53999999999996
heating_training,E67,300.0,654.4103126650621,854.7379999999999,588.7371128168965,803.725,513.390053800737,584.703,707.7657526340483,752.739,625.5960742159632,521.4689999999999,497.42401376102606,420.99299999999994,293.6620708442765,293.59299999999996
heating_training,E67,350.0,682.322197129645,882.3009999999999,622.4933502021087,844.107,546.3744510537385,616.0509999999999,725.5918620018434,795.891,649.4864572851634,548.444,529.3689672156871,442.34799999999996,293.91970332452763,293.645
heating_training,E67,400.0,704.2185206739582,903.242,650.1331170339712,877.372,574.1559805394577,644.2819999999999,737.7039735630384,831.799,666.3505577559614,572.938,556.3774854255835,461.29599999999994,294.30866988904063,293.70799999999997
heating_training,E67,450.0,721.373241064394,918.233,672.5661175700499,900.886,597.2323411900882,666.63,746.0989958747933,857.492,678.3575660894339,592.479,578.8764822823596,478.52299999999997,294.8473245783207,293.78099999999995
heating_training,E67,500.0,734.797974361386,930.434,690.7004683881859,919.933,616.2445547607601,685.787,752.1290782990892,878.2909999999999,687.0915707463199,609.479,597.4535373172824,494.013,295.5442272046023,293.83799999999997
heating_training,E67,550.0,745.310758696139,938.485,705.3289111450822,935.644,631.8413084337288,703.467,756.6011347142373,895.824,693.6169295637152,625.688,612.7212010823658,510.158,296.3984944906241,293.935
heating_training,E67,600.0,753.5776027899707,945.481,717.1381229582972,947.425,644.6165178312137,718.056,760.0586663973097,908.976,698.6383534656318,639.185,625.2451251233476,522.261,297.4014083514727,294.03099999999995
heating_training,E67,650.0,760.1022336670164,950.697,726.7003435162243,957.418,655.0948340557317,730.835,762.8454321033028,919.996,702.64017296727,651.1659999999999,635.5301375984353,536.413,298.53844919775634,294.145
heating_training,E67,700.0,765.2301658323246,955.255,734.4628900059876,966.3199999999999,663.720481259349,743.392,765.1260033461889,930.026,705.9419054231915,663.016,644.0107801798879,550.509,299.79138931515445,294.32599999999996
heating_training,E67,750.0,769.2627807863316,955.7379999999999,740.770385807244,972.053,670.8430661103537,753.972,766.9863778584753,936.941,708.7023819877801,673.497,651.0290088862275,562.942,301.1401714627791,294.496
heating_training,E67,800.0,772.4415299107319,959.4789999999999,745.913731178501,977.4549999999999,676.7459712846842,763.094,768.5355847271941,942.962,711.0397206215288,682.845,656.8593718438434,574.229,302.56432078989997,294.692
heating_training,E67,850.0,775.0064108905345,961.689,750.138007263524,982.935,681.6596408504205,772.385,769.8842696602775,949.114,713.0387688415424,692.27,661.7219094102574,586.5219999999999,304.0440214181534,294.95399999999995
heating_training,E67,900.0,777.0995239762397,962.116,753.6553761969603,986.364,685.7884146795253,780.284,771.1331459544258,953.384,714.8175547086222,700.508,665.8135334860763,596.6769999999999,305.56088831454986,295.22999999999996
heating_training,E67,950.0,778.7733989102876,963.689,756.6006990266602,989.629,689.2983551709553,787.754,772.2483296410177,957.206,716.4481748882058,708.5129999999999,669.3019889367505,606.607,307.0985507601332,295.532
heating_training,E67,1000.0,780.1391591229315,965.2819999999999,759.0710126314827,994.1569999999999,692.297850426563,794.189,773.2172571722247,961.788,717.9083621172801,715.48,672.2935934705455,614.825,308.6423804465544,295.83
heating_training,E67,1050.0,781.2376773852865,963.408,761.1628009993923,997.732,694.883191108617,801.0699999999999,774.0831290653543,964.0079999999999,719.2373338549351,723.037,674.8821624258824,622.938,310.17985035149826,296.166
heating_training,E67,1100.0,782.1648130490644,963.127,762.9437545649981,998.2529999999999,697.1232039580682,807.693,774.8589775115379,966.021,720.4286521126926,730.351,677.1329880540618,631.546,311.7005865064906,296.543
heating_training,E67,1150.0,782.9493336741077,960.8299999999999,764.4910346769494,997.732,699.0876714056911,812.467,775.6057725430007,966.443,721.5365316412524,735.948,679.112528188301,638.8399999999999,313.195998469525,296.935
heating_training,E67,1200.0,783.6065073010736,959.7379999999999,765.8398866842512,997.293,700.830444638145,816.3919999999999,776.2882996204379,966.6179999999999,722.576702199042,740.795,680.8762243328358,645.547,314.65927851449,297.36499999999995
heating_training,E67,1250.0,784.1730510502863,959.459,767.0242883454476,998.155,702.3869903415715,820.221,776.9158968681072,967.732,723.5437779096491,745.568,682.4584992237111,651.79,316.08516862253464,297.842
heating_training,E67,1300.0,784.648581866586,958.593,768.073196270589,999.324,703.7913454008333,824.156,777.4943528680251,969.259,724.456812993673,750.065,683.8935407853025,657.969,317.46988412391903,298.337
heating_training,E67,1350.0,785.0866739639181,959.971,769.0087111724732,1000.691,705.0628048225406,827.909,778.0353063555435,970.793,725.3003459407928,754.442,685.1983153366104,663.902,318.810795841899,298.86499999999995
heating_training,E67,1400.0,785.5053532227291,961.14,769.8700618540184,1001.857,706.2292554167822,831.9259999999999,778.5940017136277,972.268,726.1103157095811,758.939,686.3975921115374,670.017,320.10617779021396,299.448
heating_training,E67,1450.0,785.8567958295388,959.132,770.6614415546914,1002.353,707.3182667901982,835.31,779.1182889362743,973.086,726.9144913651756,763.0429999999999,687.5231403103048,675.245,321.35512636463454,300.01399999999995
heating_training,E67,1500.0,786.1663500642147,960.8729999999999,771.3737918855734,1003.879,708.3301327358872,838.6809999999999,779.5701006635791,974.5799999999999,727.6646953482709,767.0519999999999,688.5764350582618,680.717,322.55729429638654,300.644
heating_training,E67,1550.0,786.4390586955363,960.36,772.0243181725098,1003.5219999999999,709.2714328824231,841.977,779.990525496184,974.894,728.367010127328,770.9179999999999,689.5618689686831,685.712,323.71287501852976,301.243
heating_training,E67,1600.0,786.707894363535,958.961,772.6239822607005,1003.0849999999999,710.1488105232162,844.481,780.3943280299897,974.788,729.021604739133,774.1279999999999,690.4840296956727,690.2339999999999,324.8224385282118,301.84999999999997
heating_training,E67,1650.0,786.9193729084064,957.069,773.1807498853962,1002.448,710.9788447097761,846.79,780.7730667251337,974.446,729.6657605490742,777.208,691.361534795676,694.6769999999999,325.88678887937715,302.51099999999997
heating_training,E67,1700.0,787.1556381368139,955.092,773.6909793916623,1000.703,711.7527108701761,848.728,781.1215137959698,973.215,730.2448829723251,779.741,692.1828457982917,698.333,326.9068384216046,303.11699999999996
heating_training,E67,1750.0,787.3157458080917,954.569,774.1737648207026,999.749,712.493882392474,850.108,781.4622543264697,972.321,730.8377093215494,781.96,692.9739860858715,701.8389999999999,327.88371306646854,303.736
heating_training,E67,1800.0,787.4674094456428,954.257,774.5962112188249,999.802,713.1860075531339,851.733,781.7133742202697,972.346,731.3590996562252,784.309,693.7200557997926,705.354,328.8186755415152,304.39799999999997
heating_training,E67,1850.0,787.6043911147187,955.423,774.993486836341,1000.2869999999999,713.8361385169916,853.41,781.980579540526,972.794,731.8511716014257,786.5849999999999,694.4235565151719,708.4549999999999,329.7130895984935,305.012
heating_training,E67,1900.0,787.7533178066086,956.5889999999999,775.3658024947293,1001.2049999999999,714.4511100371556,855.321,782.2433794903587,973.619,732.3183318249955,788.891,695.0914088181022,711.199,330.568488830687,305.64099999999996
heating_training,E67,1950.0,787.8647319442463,955.79,775.7196004657184,1002.038,715.0442663535005,857.5169999999999,782.4983285221006,974.564,732.7941947099716,791.4449999999999,695.7392132793049,714.434,331.3865605534164,306.32899999999995
heating_training,E67,2000.0,787.9649383775544,954.0029999999999,776.0375483201251,1001.9,715.6081563943023,859.3389999999999,782.7013387473405,974.6419999999999,733.2345282690451,793.648,696.360739712735,717.367,332.169060545144,306.96999999999997
heating_training,E67,2050.0,788.0687629608898,952.7099999999999,776.3381344613106,1001.518,716.1437506792074,860.814,782.9116766052838,974.4119999999999,733.649878697738,795.635,696.9537016204445,720.104,332.91767111693866,307.613
heating_training,E67,2100.0,788.1907783154394,953.5169999999999,776.6306942674238,1001.712,716.6581929406874,862.091,783.1401366943443,974.4929999999999,734.0554043550064,797.485,697.5239610236247,722.6320000000001,333.63408056643516,308.293
heating_training,E67,2150.0,788.3141853756574,954.617,776.9217875952238,1001.542,717.1608601698783,863.542,783.3854059913882,974.592,734.4702427050338,799.309,698.0814083640211,724.988,334.31985290997,308.94
heating_training,E67,2200.0,788.4260156509091,952.0889999999999,777.202002984587,1001.03,717.6531172462812,864.771,783.61215465398,974.2049999999999,734.8838446353726,801.012,698.6294447599493,727.544,334.97648344230674,309.602
heating_training,E67,2250.0,788.540453286648,952.5509999999999,777.4699286835389,1000.208,718.1301810030565,865.6659999999999,783.8252869747241,973.494,735.2778856595944,802.425,699.1624919556708,729.6089999999999,335.60530993083,310.21799999999996
heating_training,E67,2300.0,788.6389295291235,950.836,777.7274679660611,999.5509999999999,718.5949248643443,866.4019999999999,784.0279069567497,972.929,735.6650031827231,803.709,699.6838985746062,731.569,336.20766197066416,310.83
heating_training,E67,2350.0,788.7646815852702,950.7719999999999,777.9761177744062,999.535,719.042354588988,867.215,784.2317126017564,972.891,736.0254735562017,805.009,700.1866887676015,733.453,336.7848793105381,311.46799999999996
heating_training,E67,2400.0,788.8809623687719,949.99,778.2290324785031,999.3349999999999,719.4840224562097,868.174,784.4577268174259,972.744,736.4005117264056,806.313,700.6825155787581,735.324,337.3382349217031,312.058
heating_training,E67,2450.0,788.9388422826356,948.415,778.456177384678,998.304,719.9191900978492,868.793,784.613043202985,971.823,736.7731219104888,807.472,701.1768211720552,736.95,337.8689466630913,312.635
heating_training,E67,2500.0,788.9858490071892,949.93,778.64665793557,998.3,720.3280679722866,869.323,784.7070855627665,971.576,737.0865046304508,808.4359999999999,701.6481172459697,738.574,338.3781630057491,313.253
heating_training,E67,2550.0,789.0556456834893,950.8629999999999,778.8284924407167,999.054,720.7120799016411,870.217,784.8297668211474,972.1469999999999,737.3680363073241,809.571,702.0922659293244,740.123,338.8670477834615,313.80899999999997
heating_training,E67,2600.0,789.1385441179926,951.547,779.01500529215,999.8829999999999,721.0858040211328,871.331,784.9892246483745,972.901,737.6602742494846,810.9,702.5235775109363,741.78,339.33668942258475,314.41499999999996
heating_training,E67,2650.0,789.2352617500698,952.322,779.205402254044,1000.2049999999999,721.4554034702132,872.4159999999999,785.1648699619769,973.263,737.9647077652969,812.178,702.9492993397491,743.4369999999999,339.78813672301715,314.96799999999996
heating_training,E67,2700.0,789.2837369096688,950.365,779.3871345874244,999.963,721.8260564823936,873.252,785.3087570670485,973.2049999999999,738.2879177523942,813.3249999999999,703.3789575735713,744.865,340.22234420275333,315.508
heating_training,E67,2750.0,789.3583879384944,949.35,779.548024848288,999.095,722.1785702332622,873.845,785.4182455353725,972.489,738.5625708858124,814.295,703.7912477821418,746.278,340.6402214832157,316.078
heating_training,E67,2800.0,789.4755793773251,947.946,779.7280488253522,998.558,722.5226219165455,874.2049999999999,785.603563632901,971.971,738.8399781013119,815.009,704.189880124052,747.461,341.042667334686,316.616
heating_training,E67,2850.0,789.5391922798946,948.2139999999999,779.9098135042634,998.358,722.8764415226677,874.54,785.7707471662441,971.699,739.1612102662634,815.673,704.6002442785773,748.614,341.43052454832304,317.13199999999995
heating_training,E67,2900.0,789.5846151523247,948.404,780.0599958093111,998.432,723.2179787230083,875.098,785.8569243341666,971.762,739.4409313981357,816.438,705.0025376791816,749.8820000000001,341.80445528918193,317.662
heating_training,E67,2950.0,789.6339798227501,946.838,780.1995503562389,998.067,723.5411256162182,875.509,785.9484817230505,971.437,739.6865194445412,817.115,705.385596973294,751.028,342.16505287402566,318.145
heating_training,E67,3000.0,789.686797637274,945.62,780.3349386308165,998.304,723.853082150487,876.05,786.0505341141654,971.6329999999999,739.9260064394549,817.889,705.7564112790774,751.943,342.5128721673604,318.652
heating_training,E67,3050.0,789.7367060142287,947.942,780.4667130870902,998.97,724.1585535408951,876.524,786.1546457098633,972.026,740.1682719294986,818.6089999999999,706.1206353046896,752.847,342.8486284478141,319.13399999999996
heating_training,E67,3100.0,789.7977101616269,946.183,780.5960936256963,999.471,724.4574462365357,877.3389999999999,786.2631796341842,972.59,740.406404509324,819.4929999999999,706.4776512486654,753.822,343.1730674050023,319.59799999999996
heating_training,E67,3150.0,789.83536359826,947.278,780.7222775867689,999.0939999999999,724.7551651194087,877.976,786.3643973391116,972.338,740.6558906301142,820.345,706.8345786956313,755.016,343.48685099613994,320.12399999999997
heating_training,E67,3200.0,789.8860357695189,946.712,780.8369984402239,998.256,725.0429193820638,878.293,786.4470252894608,971.739,740.8818314632117,820.92,707.1819700990827,755.913,343.79062454748254,320.575
heating_training,E67,3250.0,789.9414049802012,946.56,780.956666328883,997.847,725.3258209231757,878.362,786.5549141362765,971.3,741.1104183799158,821.3059999999999,707.5228613411416,756.631,344.08487866905915,321.03999999999996
heating_training,E67,3300.0,790.0070397445373,947.1229999999999,781.077703166071,997.579,725.6064473838336,878.6089999999999,786.6677277270904,971.0,741.3412533152743,821.7379999999999,707.8606072538112,757.373,344.3700617565039,321.50699999999995
heating_training,E67,3350.0,790.0953132727899,945.468,781.2084564456824,997.482,725.886298036852,878.8199999999999,786.8068281182966,970.9019999999999,741.5763864425035,822.167,708.1952402446663,758.0419999999999,344.6465961305816,321.94399999999996
heating_training,E67,3400.0,790.1341240267557,942.838,781.3369869697591,996.877,726.1733066161055,879.087,786.9206293733621,970.444,741.8363328162055,822.624,708.5392472437616,758.7639999999999,344.91484160035134,322.38899999999995
heating_training,E67,3450.0,790.1566816324276,944.692,781.4366756494088,996.117,726.4482254405472,879.1039999999999,786.9637395732844,969.77,742.0540431377677,822.9069999999999,708.8747211126861,759.396,345.1751109395275,322.77299999999997
heating_training,E67,3500.0,790.1816542676409,943.771,781.5271741484809,996.322,726.70727805346,879.177,787.0135135788996,969.855,742.2429859790248,823.1519999999999,709.1936061106358,759.736,345.42766566230836,323.16999999999996
heating_training,E67,3550.0,790.229426198869,944.607,781.6188467781024,996.293,726.9564720086897,879.411,787.0884238337977,969.709,742.4251830179204,823.495,709.5004469583921,760.3009999999999,345.6728423377856,323.56399999999996
heating_training,E67,3600.0,790.2470950527669,944.8389999999999,781.7113466645156,997.088,727.2077534968652,879.794,787.1639073887947,970.3489999999999,742.6326564384677,823.967,709.8100862722424,760.7919999999999,345.9110833115163,323.986
heating_training,E67,3650.0,790.2643386404854,943.7909999999999,781.7867321094776,997.481,727.4505879136251,880.332,787.201275212336,970.731,742.8183743602762,824.55,710.1132266350274,761.45,346.14282398429555,324.371
heating_training,E67,3700.0,790.3311931228956,944.542,781.8727548088301,996.97,727.6841406029905,880.832,787.2909563557745,970.539,742.9913360704749,825.101,710.4031008536272,762.155,346.3684414076325,324.76599999999996
heating_training,E67,3750.0,790.4068326550175,943.56,781.9824304372481,995.617,727.9269426692921,880.688,787.4324173607739,969.3439999999999,743.2047859549384,825.312,710.6989567352047,762.6869999999999,346.58825290017614,325.17199999999997
heating_training,E67,3800.0,790.4567622314304,944.3199999999999,782.0905400791179,995.655,728.1794877272432,880.5079999999999,787.5409454443283,969.244,743.4378912789131,825.357,711.0065333802581,763.005,346.8024648782873,325.522
heating_training,E67,3850.0,790.4721548353123,940.545,782.1796201217745,994.0799999999999,728.4291833045547,880.6419999999999,787.5919570373321,968.088,743.6523946710532,825.591,711.3150003595596,763.524,347.0113017937883,325.881
heating_training,E67,3900.0,790.4971869457368,939.569,782.2527132266882,992.978,728.663795519371,879.994,787.6239887970677,966.722,743.8251282762893,825.341,711.6089012278211,763.718,347.2150322910112,326.238
heating_training,E67,3929.0,790.4975713841648,931.6279999999999,782.2919187330434,991.103,728.7905797813415,878.055,787.6436865836218,966.6659999999999,743.9153233348729,824.995,711.7685893332383,763.414,347.3309392517721,326.43699999999995
heating_validation,E68,0.0,293.44449999999995,294.839,293.44449999999995,293.585,293.44449999999995,293.493,293.44449999999995,293.60699999999997,293.44449999999995,293.66999999999996,293.44450000000006,293.688,293.44449999999995,293.464
heating_validation,E68,50.0,380.28392938981125,395.04499999999996,330.6851246978802,350.197,306.40700967030546,307.61699999999996,390.0229819765676,319.7,327.5924388326307,299.80699999999996,302.98435879267817,298.01399999999995,293.4456555287332,293.45799999999997
heating_validation,E68,100.0,466.8383831113839,552.832,387.74151667449183,472.90599999999995,339.2089678003321,368.618,500.8909671324742,416.08799999999997,398.9867936284904,342.68899999999996,331.48480046758937,321.91999999999996,293.4522818183448,293.453
heating_validation,E68,150.0,543.0410935233442,675.702,450.31959978261085,577.13,382.96010993427166,425.735,593.8884250059476,511.938,475.96577956017705,389.541,371.22438067733765,344.582,293.4679758293761,293.471
heating_validation,E68,200.0,607.0089514080055,766.255,510.8458352308433,661.876,430.446897372427,473.04699999999997,664.0567285381165,595.0799999999999,544.0217561701321,429.431,415.2907616074828,364.28999999999996,293.50416988824054,293.491
heating_validation,E68,250.0,659.3711868431116,835.5649999999999,565.6389796031568,735.066,476.94829153549597,515.683,714.5488281145994,670.4159999999999,598.8272268565917,465.121,459.02365172872845,380.299,293.5842842083772,293.53299999999996
heating_validation,E68,300.0,701.6407121223605,881.4789999999999,613.3252955596332,788.904,519.7948296080351,549.395,750.1616559542567,727.527,640.7851441602054,494.042,499.6942279127218,400.67499999999995,293.74086476996615,293.561
heating_validation,E68,350.0,735.4919398159585,916.164,653.8332297387249,831.0559999999999,557.7781621659667,577.912,775.2654877613766,773.017,672.1013689549117,519.087,535.9878191881248,417.221,294.00936236714426,293.60799999999995
heating_validation,E68,400.0,762.4106360509023,942.081,687.7098398236316,867.308,590.626039202178,604.1379999999999,793.1334680306614,812.697,695.3184598962558,541.9739999999999,567.5306112554306,433.42499999999995,294.421809839785,293.654
heating_validation,E68,450.0,783.772939812769,960.31,715.7411280362469,894.127,618.5619510615544,625.505,806.0294818242671,842.568,712.5669309165372,560.814,594.4601880012387,449.365,295.00220983788915,293.719
heating_validation,E68,500.0,800.668741050015,975.043,738.7965772180671,916.249,642.0693102220112,644.059,815.562067291137,867.606,725.5474592711516,577.731,617.1906423935243,465.08299999999997,295.7642757554879,293.77299999999997
heating_validation,E68,550.0,814.0048925637388,987.1809999999999,757.67441090169,935.992,661.7197341065952,662.0509999999999,822.7291476418678,889.398,735.4796867372021,594.005,636.2437651923896,481.10799999999995,296.71113431497884,293.87899999999996
heating_validation,E68,600.0,824.5913759854361,995.86,773.108153778799,950.818,678.074029781903,677.008,828.266297900362,906.635,743.1947903743685,607.8820000000001,652.1366089587026,494.669,297.8365306389057,293.94599999999997
heating_validation,E68,650.0,833.0084163737376,1001.882,785.7503995171846,963.369,691.6733771381033,690.625,832.7086076302573,921.51,749.3473026065293,620.785,665.3767051959773,508.187,299.1266983960705,294.063
heating_validation,E68,700.0,839.7005447171862,1008.092,796.1212963066182,974.073,702.9989976288518,703.0319999999999,836.3289979558659,934.0029999999999,754.3820506789316,632.66,676.4247645444523,520.0699999999999,300.5626262603875,294.202
heating_validation,E68,750.0,845.0962167782923,1014.1949999999999,804.6585903801143,984.3729999999999,712.4475459639774,715.1869999999999,839.3538242405209,945.99,758.5603517378413,644.352,685.6576461634533,531.421,302.12218808746024,294.36199999999997
heating_validation,E68,800.0,849.4299581326887,1016.922,811.734255924628,992.417,720.3716727395555,725.847,841.9670731444188,955.442,762.1387510534696,654.643,693.414402991668,541.423,303.78189845708664,294.544
heating_validation,E68,850.0,852.9466663775772,1021.178,817.6166431925808,999.259,727.0512434078074,735.652,844.208727729919,963.351,765.2378536103452,664.125,699.9670200175464,551.072,305.518371719299,294.762
heating_validation,E68,900.0,855.7981894605957,1023.201,822.5429546193479,1005.557,732.7172195942795,745.316,846.1802218769963,970.703,767.9689267044478,673.9639999999999,705.5384088579445,561.0989999999999,307.30938475311405,295.02
heating_validation,E68,950.0,858.0558423434467,1025.897,826.6740309383914,1010.572,737.5603165952616,753.717,847.8668372444894,976.497,770.4137233026479,682.37,710.3186243413851,570.2429999999999,309.13451640843743,295.303
heating_validation,E68,1000.0,859.9439762879961,1026.396,830.146887659255,1015.091,741.7055013565762,761.5989999999999,849.3150243027173,981.7719999999999,772.5410220372235,690.374,714.4240334993763,579.226,310.97558699144736,295.60699999999997
heating_validation,E68,1050.0,861.5122031408554,1027.413,833.1208797392924,1018.453,745.2854544109193,768.923,850.6742828805151,985.965,774.4619749474136,697.924,717.9783357458631,587.683,312.8165760895303,295.924
heating_validation,E68,1100.0,862.802459720051,1027.013,835.6720469550181,1022.05,748.4095609165944,776.098,851.885315169449,990.1129999999999,776.2253775892079,705.4259999999999,721.0919672840444,596.165,314.643743213271,296.29999999999995
heating_validation,E68,1150.0,863.9033026006912,1028.73,837.8768437965738,1024.893,751.1500828827308,782.4590000000001,852.9810765560852,993.514,777.8263277689797,712.0840000000001,723.8334571035921,603.776,316.445691184352,296.671
heating_validation,E68,1200.0,864.8209742540066,1028.179,839.8040077869052,1027.579,753.5784547632298,788.486,853.9950944915807,996.617,779.3137012597367,718.473,726.2723419714811,611.028,318.2130762392328,297.075
heating_validation,E68,1250.0,865.5410964521486,1029.731,841.4795112323848,1029.9560000000001,755.7492995783671,794.54,854.8716000082326,999.439,780.7021996448876,724.93,728.4666233863963,618.469,319.93855150754683,297.543
heating_validation,E68,1300.0,866.1701920993809,1029.464,842.9354505835284,1031.835,757.6859298655065,799.831,855.6313052434135,1001.6569999999999,781.944670936974,730.614,730.4360207280737,625.131,321.61654706055094,298.01399999999995
heating_validation,E68,1350.0,866.7149890444263,1030.103,844.2333614124375,1033.409,759.4293689752179,804.7049999999999,856.3694628796566,1003.528,783.0979352572779,736.0039999999999,732.2165676001555,631.488,323.24310971524403,298.51399999999995
heating_validation,E68,1400.0,867.2380825707818,1029.7350000000001,845.4013150358503,1035.338,761.0118981088132,809.6419999999999,857.0781322309007,1005.683,784.1722333073935,741.509,733.8383412220826,638.159,324.8155383757153,299.08299999999997
heating_validation,E68,1450.0,867.7181238940418,1030.451,846.4801585224204,1037.199,762.4700508504347,814.081,857.8005191573006,1007.7479999999999,785.2168187071579,746.544,735.3365011932976,643.996,326.33211314299115,299.659
heating_validation,E68,1500.0,868.1342727338857,1030.5929999999998,847.4683924017934,1039.097,763.8295898553342,818.427,858.4688252809259,1009.8,786.2367901796964,751.4169999999999,736.7406249668448,649.711,327.7920020861237,300.24199999999996
heating_validation,E68,1550.0,868.5237763810953,1029.632,848.373487017146,1040.425,765.096260020399,822.6229999999999,859.0852104833281,1011.337,787.1986798103551,756.208,738.0556411856616,655.159,329.1951115966841,300.85999999999996
heating_validation,E68,1600.0,868.8405953099468,1030.75,849.2077499665627,1041.3249999999998,766.286201686853,826.682,859.6597457752777,1012.5079999999999,788.1281971998359,760.9110000000001,739.2984070094502,660.7249999999999,330.5418840912762,301.50699999999995
heating_validation,E68,1650.0,869.1676231022184,1028.946,849.969145399812,1042.136,767.3955500829549,830.2719999999999,860.1767942374355,1013.5559999999999,788.9777743517279,765.027,740.4630880477704,665.653,331.83312914726577,302.14099999999996
heating_validation,E68,1700.0,869.4233002044228,1028.345,850.6844410519976,1042.711,768.4448498270883,833.588,860.6908309712386,1014.328,789.8122172529979,768.944,741.5698959311056,670.44,333.0699319055668,302.77099999999996
heating_validation,E68,1750.0,869.6918816702625,1026.7269999999999,851.3353484531112,1043.1399999999999,769.4291141057653,836.944,861.1354275135237,1014.9499999999999,790.5764797557683,772.896,742.6142567673977,675.229,334.253610573011,303.44599999999997
heating_validation,E68,1800.0,869.9592345779661,1025.9,851.961709919987,1043.2559999999999,770.3596309219058,839.8349999999999,861.6171214740692,1015.2669999999999,791.3127485934627,776.336,743.6029839720283,679.421,335.3857118903228,304.096
heating_validation,E68,1850.0,870.2023821635302,1026.317,852.5540450616807,1043.476,771.2510496582837,842.487,862.0715978103053,1015.621,792.039248356849,779.555,744.5538460528726,683.434,336.46793917511354,304.736
heating_validation,E68,1900.0,870.4757835496943,1026.498,853.1192803668428,1044.1619999999998,772.1001576880553,845.069,862.5192938710137,1016.304,792.7267403282302,782.63,745.46166533153,687.222,337.5021190333216,305.399
heating_validation,E68,1950.0,870.673783645683,1025.5169999999998,853.6637128119081,1044.616,772.9262573129706,847.762,862.9565354125167,1016.901,793.4337016217917,785.837,746.3490659324059,691.112,338.4902794746662,306.09499999999997
heating_validation,E68,2000.0,870.8715015934911,1027.63,854.1555138629407,1045.509,773.7146262744996,850.1809999999999,863.3023619266738,1017.737,794.0826310925698,788.771,747.2033637262639,694.623,339.4345394880952,306.784
heating_validation,E68,2050.0,871.0529895685834,1025.6,854.6256563338532,1046.0169999999998,774.4671562816575,852.625,863.6608306698073,1018.422,794.7010657136083,791.5609999999999,748.0222495751763,697.979,340.3370476130915,307.46999999999997
heating_validation,E68,2100.0,871.2391508230683,1025.167,855.0683587257306,1046.6309999999999,775.1882494626964,855.009,863.996970406574,1019.034,795.2911908100892,794.389,748.8105543623617,701.365,341.19990322302306,308.21099999999996
heating_validation,E68,2150.0,871.4309742209668,1025.0639999999999,855.4982636377788,1047.626,775.8823805746135,857.216,864.3468300012305,1019.982,795.8653060949009,796.952,749.5710016799657,704.461,342.02513635147875,308.883
heating_validation,E68,2200.0,871.522427141405,1024.94,855.8974962866956,1048.7060000000001,776.5627835037907,859.387,864.6400992723826,1021.062,796.4559544303668,799.4929999999999,750.3230887984693,707.429,342.8145617685834,309.532
heating_validation,E68,2250.0,871.6669232939938,1025.132,856.2477433113826,1049.38,777.200177800548,861.6229999999999,864.8598388115635,1021.803,796.9529815963177,802.0849999999999,751.0344293137514,710.468,343.56989341346855,310.21999999999997
heating_validation,E68,2300.0,871.8365781919374,1024.155,856.6094648884882,1050.548,777.8089623757347,863.691,865.1747389009072,1022.927,797.439905325584,804.384,751.7116501968349,713.307,344.29278853562164,310.849
heating_validation,E68,2350.0,871.9605630960733,1021.971,856.9585728609827,1050.1999999999998,778.4098466752893,865.794,865.464349622945,1022.891,797.9551876724571,806.789,752.3823884765144,716.086,344.9848324648011,311.479
heating_validation,E68,2400.0,872.1166288946266,1022.4019999999999,857.2858946350708,1049.499,778.9880531171757,867.304,865.7220686251294,1022.353,798.4318058203316,808.817,753.0311347544666,718.674,345.6475487469699,312.138
heating_validation,E68,2450.0,872.2879182430255,1021.048,857.6199592722355,1049.186,779.5508376947705,868.846,866.0267746816561,1022.193,798.9062285847472,810.778,753.6614596747647,721.239,346.28252448755524,312.81199999999995
heating_validation,E68,2500.0,872.383043524965,1019.6039999999999,857.9376036496063,1048.1399999999999,780.1118523554971,870.055,866.2864954274573,1021.31,799.4074559364246,812.477,754.2938090311512,723.516,346.8912188110316,313.45399999999995
heating_validation,E68,2550.0,872.5221304093664,1019.983,858.2225610004984,1047.688,780.6460772781996,871.0459999999999,866.4889445304952,1020.797,799.8415653523368,813.915,754.9011368575433,725.625,347.47507486120105,314.10299999999995
heating_validation,E68,2600.0,872.6639213198728,1018.603,858.5176404061589,1047.466,781.164755753015,872.212,866.7561478257496,1020.6619999999999,800.2757151433584,815.457,755.4896664985242,727.703,348.0354781840848,314.782
heating_validation,E68,2650.0,872.7527917334681,1018.454,858.7942908272163,1046.9850000000001,781.6792510593407,873.273,866.9756056174,1020.2339999999999,800.7256268733571,816.918,756.0772091820882,729.56,348.5737493182496,315.409
heating_validation,E68,2700.0,872.8448876293608,1019.115,859.042783081588,1047.399,782.173502771724,874.242,867.1472128981616,1020.449,801.1332730976159,818.2289999999999,756.6471135611527,731.212,349.09113893068786,316.04699999999997
heating_validation,E68,2750.0,872.9246043914922,1017.5849999999999,859.2808448650718,1047.7730000000001,782.6499713221044,875.4259999999999,867.3273375335829,1020.8489999999999,801.5242778708014,819.669,757.1992883398149,733.0070000000001,349.5888533886708,316.67699999999996
heating_validation,E68,2800.0,873.0160718117647,1019.063,859.5054588860721,1047.777,783.1097149699623,876.625,867.4980566080744,1020.896,801.8961875221095,821.1619999999999,757.7345879228484,734.852,350.06799268682107,317.32399999999996
heating_validation,E68,2850.0,873.1414242551798,1019.736,859.7343169304744,1048.066,783.5555577374405,877.723,867.7048904735751,1021.178,802.2591947071985,822.481,758.2530641587445,736.457,350.52956419749717,317.924
heating_validation,E68,2900.0,873.2726001773054,1018.736,859.9732628420462,1048.107,783.9991847825706,878.77,867.9409071319284,1021.289,802.6423688429538,823.769,758.7670815347495,738.115,350.97452848506464,318.52799999999996
heating_validation,E68,2950.0,873.3635817850151,1015.645,860.2049043466268,1047.7350000000001,784.4448280486979,879.8059999999999,868.146772641304,1021.048,803.0435786200377,825.069,759.2851939313467,739.767,351.40374113479726,319.15
heating_validation,E68,3000.0,873.4459034782196,1016.404,860.4145037096519,1047.163,784.879423215208,880.5219999999999,868.3028463453489,1020.513,803.415780640018,826.117,759.7949614283921,741.222,351.81802614328666,319.72299999999996
heating_validation,E68,3050.0,873.5015460068557,1017.018,860.6098593900887,1047.087,785.3013329048428,881.126,868.4448836271443,1020.41,803.7704737609644,827.0369999999999,760.2935470844551,742.539,352.2182108688761,320.304
heating_validation,E68,3100.0,873.5778611563644,1016.8919999999999,860.7891565419843,1047.717,785.7054273137273,881.924,868.571610831485,1020.896,804.0920477891001,828.014,760.7744237332892,743.845,352.605108192166,320.856
heating_validation,E68,3150.0,873.6667736485809,1016.826,860.9735690015569,1047.85,786.0984616975444,882.8969999999999,868.7363987091741,1021.125,804.4118100426737,829.1519999999999,761.2417977999248,745.2639999999999,352.97946919764127,321.44399999999996
heating_validation,E68,3200.0,873.7283261638421,1018.3059999999999,861.1531106998843,1047.476,786.4898816827854,883.653,868.8895956712422,1020.802,804.7484045930082,830.158,761.7083789228585,746.499,353.34195807325443,321.99899999999997
heating_validation,E68,3250.0,873.7929108411059,1016.966,861.318229911441,1047.6770000000001,786.8716120708958,884.297,869.014568629389,1020.987,805.0659628491345,831.0169999999999,762.1664695773561,747.679,353.69324108525757,322.51399999999995
heating_validation,E68,3300.0,873.8626626771974,1015.3779999999999,861.4815128214099,1047.286,787.2435308748244,885.004,869.1526368696369,1020.6949999999999,805.3732340748847,831.989,762.6138375260033,748.893,354.0338614531646,323.08799999999997
heating_validation,E68,3350.0,873.9427674580666,1015.978,861.6441823812335,1047.426,787.6091379095463,885.538,869.2977726522977,1020.736,805.6782792455042,832.7339999999999,763.0538428619979,749.9649999999999,354.36436731933054,323.616
heating_validation,E68,3400.0,874.0487549582011,1015.73,861.8134851953262,1047.7289999999998,787.9701964576013,886.2579999999999,869.4657005685474,1020.9929999999999,805.9830316424348,833.568,763.4871552414262,751.078,354.6852963835805,324.14099999999996
heating_validation,E68,3450.0,874.1321858924815,1015.622,861.988419486361,1047.6999999999998,788.335138447292,886.895,869.6400102584904,1020.9739999999999,806.3101997933439,834.365,763.924064445233,752.1279999999999,354.9971559036485,324.63899999999995
heating_validation,E68,3500.0,874.2021367584175,1016.595,862.1502706701683,1047.8229999999999,788.6979029322813,887.489,869.7737154075286,1021.0509999999999,806.6290733374326,835.168,764.3609101112935,753.1479999999999,355.30040973949417,325.16499999999996
heating_validation,E68,3550.0,874.2792033994256,1017.6039999999999,862.305672071937,1048.5819999999999,789.0517163548571,888.139,869.9032687253637,1021.65,806.9271529011556,835.947,764.7888177824107,754.0840000000001,355.5955310934511,325.654
heating_validation,E68,3600.0,874.3791029032396,1016.004,862.4644486651422,1048.614,789.3984430987567,888.914,870.0532417937641,1021.851,807.2164489028123,836.8059999999999,765.2076645335699,755.073,355.8829438020732,326.12699999999995
heating_validation,E68,3650.0,874.477306133161,1015.6329999999999,862.6308064050129,1048.299,789.745850735791,889.4549999999999,870.2217935485846,1021.581,807.5201507953378,837.555,765.6258463759303,755.9590000000001,356.1630443594686,326.615
heating_validation,E68,3700.0,874.5993561513873,1015.7959999999999,862.8000154187912,1048.364,790.0920102857249,889.927,870.3927456818997,1021.645,807.821439784689,838.1999999999999,766.0416197244286,756.807,356.4362406255216,327.10799999999995
heating_validation,E68,3750.0,874.7060427155678,1016.387,862.9774641667755,1048.81,790.4421404587195,890.42,870.577367263579,1021.965,808.139518567213,838.831,766.4606091922201,757.64,356.70287020023346,327.54499999999996
heating_validation,E68,3800.0,874.7565063910522,1015.217,863.1373492254062,1048.286,790.7949188962232,891.0319999999999,870.7027987362477,1021.68,808.4617814258163,839.552,766.8861601820271,758.5129999999999,356.9632074460999,327.991
heating_validation,E68,3850.0,874.8017960872469,1013.906,863.2699235015403,1047.297,791.1329555553755,891.295,870.7749645166789,1020.8589999999999,808.7387918987848,840.058,767.3000187121196,759.313,357.2175421636655,328.453
heating_validation,E68,3900.0,874.9057944577371,1015.438,863.4053554210419,1047.375,791.4524150008692,891.334,870.8921053956741,1020.659,808.9801296668375,840.369,767.691676374463,760.172,357.46620991522093,328.89099999999996
heating_validation,E68,3950.0,874.9845002564515,1013.4449999999999,863.557063574566,1047.6779999999999,791.7759053097905,891.7479999999999,871.054130422714,1020.985,809.2611562215994,840.861,768.0849237258087,760.7929999999999,357.7095034025629,329.306
heating_validation,E68,4000.0,875.0553579506626,1013.126,863.695830415148,1047.328,792.0992647849906,892.161,871.1706868779388,1020.682,809.5413181394065,841.414,768.4799772528784,761.515,357.9475918623169,329.712
heating_validation,E68,4050.0,875.1392853438987,1014.764,863.8340963017822,1047.824,792.4158113791262,892.435,871.2968495753952,1020.986,809.8069904649598,841.846,768.8673939831763,762.137,358.18065367093266,330.123
heating_validation,E68,4100.0,875.2386056943609,1014.823,863.9780955523407,1048.376,792.7298370008052,892.978,871.4418175915652,1021.5699999999999,810.0742399961484,842.428,769.2505739423548,762.784,358.4088820097714,330.517
heating_validation,E68,4150.0,875.3481470362593,1016.023,864.1303028515335,1048.568,793.0454617635455,893.438,871.6036004582477,1021.6469999999999,810.3515031624283,842.9879999999999,769.6338289418883,763.337,358.6325303966161,330.919
heating_validation,E68,4200.0,875.4235294021073,1015.677,864.2813319102695,1049.309,793.3665770807978,894.0269999999999,871.7493247272108,1022.4209999999999,810.6456401666143,843.597,770.0237259095685,763.98,358.8518090171113,331.311
heating_validation,E68,4250.0,875.458184446165,1014.665,864.4098236564967,1048.719,793.6846816465409,894.535,871.8334174070454,1022.059,810.9256828116817,844.184,770.4146658468984,764.644,359.0668827113883,331.68899999999996
heating_validation,E68,4300.0,875.5392668318481,1013.51,864.5261663088062,1048.134,793.9847653801414,894.726,871.9144602113907,1021.559,811.1561028176737,844.552,770.7869009521572,765.3019999999999,359.2779737571589,332.06399999999996
heating_validation,E68,4350.0,875.6094088509682,1012.933,864.6565654318258,1047.5149999999999,794.2827839387171,894.793,872.047891451738,1020.951,811.4058487122593,844.786,771.1542657151911,765.7629999999999,359.48527327299485,332.412
heating_validation,E68,4400.0,875.67240893688,1013.62,864.7785407890225,1047.13,794.5806597526869,894.828,872.152436205237,1020.521,811.6601371913183,845.014,771.5225699441509,766.23,359.68889168458134,332.79699999999997
heating_validation,E68,4450.0,875.6510452697082,1013.62,864.8823590081746,1047.687,794.8790138774604,895.007,872.2102581512153,1020.8919999999999,811.9243233295662,845.257,771.8956956333753,766.65,359.88897867020273,333.14099999999996
heating_validation,E68,4500.0,875.7505313593796,1015.025,864.9670362497012,1048.116,795.1491595769963,895.356,872.2541505065159,1021.293,812.1021543716502,845.66,772.2386907925459,767.094,360.0856323822045,333.465
heating_validation,E68,4550.0,875.8452531134877,1014.7669999999999,865.1004956320319,1048.487,795.4251441292874,895.843,872.4433374055376,1021.678,812.3396866971858,846.156,772.5798595041666,767.641,360.2789348699945,333.835
heating_validation,E68,4600.0,875.9087593837186,1013.584,865.2249358046083,1048.301,795.7150368076536,896.165,872.5666963852693,1021.5319999999999,812.6108514657882,846.571,772.9377165740152,768.0999999999999,360.46899481484706,334.176
heating_validation,E68,4650.0,875.9372044909958,1015.307,865.3352599830655,1048.875,796.0041873336133,896.439,872.6490583776475,1021.9499999999999,812.8704046627035,846.866,773.298047479665,768.554,360.6559253329996,334.495
heating_validation,E68,4700.0,875.9661325233783,1014.095,865.427227054975,1048.844,796.2819677106118,896.8199999999999,872.6985821549332,1022.0559999999999,813.0947704846378,847.3,773.6486966925295,768.961,360.8398517269431,334.798
heating_validation,E68,4750.0,876.0039668055971,1013.514,865.5172917237311,1048.556,796.5493563655158,897.069,872.7665330007163,1021.812,813.3036122229789,847.6619999999999,773.9877731826732,769.405,361.02085418363754,335.11899999999997
heating_validation,E68,4800.0,876.0537333068952,1013.4639999999999,865.609606134298,1048.435,796.8121541987101,897.268,872.8504018680064,1021.696,813.5137985771453,847.91,774.320763953334,769.872,361.1990320744332,335.419
heating_validation,E68,4850.0,876.15540423595,1012.265,865.7158420993004,1048.068,797.0720903853351,897.39,872.9754988784789,1021.374,813.7244251450545,848.1179999999999,774.647260491473,770.219,361.37446721418644,335.721
heating_validation,E68,4900.0,876.2371847405911,1013.434,865.8426739024062,1047.9180000000001,797.3443212185117,897.3919999999999,873.1359258165777,1021.161,813.9788714959982,848.2909999999999,774.9840090031383,770.525,361.5472334586003,336.03499999999997
heating_validation,E68,4950.0,876.3032118149447,1013.168,865.9605376590904,1047.992,797.6230090306884,897.5939999999999,873.2478872833757,1021.2479999999999,814.2370380321469,848.5079999999999,775.3295862103239,770.8779999999999,361.71739976501914,336.32
heating_validation,E68,5000.0,876.4094701370904,1012.943,866.0813663264955,1047.974,797.8963980203472,897.706,873.3723159311697,1021.167,814.4704725445351,848.713,775.6682863217831,771.114,361.8850541721251,336.58399999999995
heating_validation,E68,5050.0,876.4758879529953,1012.2379999999999,866.2122161697768,1048.0839999999998,798.1773963280508,897.948,873.5135851430238,1021.329,814.7317120932564,848.967,776.0140655846478,771.4849999999999,362.0502298719701,336.85499999999996
heating_validation,E68,5100.0,876.56959354648,1012.384,866.3306738265527,1047.478,798.4544130281337,898.127,873.6161436144038,1020.843,814.9684906933694,849.207,776.3569901178172,771.788,362.21304520866295,337.15999999999997
heating_validation,E68,5150.0,876.6323820735837,1012.415,866.4563124376562,1047.7089999999998,798.7331175404537,898.112,873.7417776935131,1021.031,815.2179372015373,849.3059999999999,776.7009516480962,772.063,362.3736397394513,337.41099999999994
heating_validation,E68,5200.0,876.6670053791329,1013.091,866.5611168746608,1047.6680000000001,799.0093323439276,898.308,873.8084479096608,1020.932,815.4560906784105,849.512,777.0457010441728,772.352,362.5320611166705,337.686
heating_validation,E68,5250.0,876.634216300465,1012.251,866.6400704148872,1047.5720000000001,799.2772582980809,898.468,873.8240988704111,1020.928,815.6778209665282,849.7049999999999,777.3864605188749,772.576,362.6884062139243,337.93499999999995
heating_validation,E68,5300.0,876.6132803786948,1011.759,866.6851290278235,1047.666,799.5213864698661,898.567,873.7899204548917,1020.947,815.8406067160147,849.8679999999999,777.7060598473813,772.894,362.8427168282912,338.21299999999997
heating_validation,E68,5350.0,876.6321247374187,1013.081,866.7358414220384,1047.592,799.7469350469809,898.721,873.818719647029,1020.827,815.9842630076377,850.0559999999999,778.0032117388058,773.123,362.9950498406213,338.46999999999997
heating_validation,E68,5362.0,876.6427581894702,1012.649,866.7477223942257,1047.717,799.7952549297678,898.751,873.8276267336807,1020.928,816.0101006559372,850.0989999999999,778.06653050009,773.207,363.03131992871647,338.52
heating_training,E69,0.0,297.293,317.638,297.293,337.873,297.293,361.47999999999996,297.293,344.65799999999996,297.293,372.239,297.29299999999995,381.022,297.293,326.62
heating_training,E69,50.0,388.8597525252937,450.529,333.7043086954085,403.87699999999995,309.0371232652955,375.92499999999995,390.96077557344506,377.097,327.8473991925877,376.729,305.5862008670883,383.818,297.2941427159539,326.07599999999996
heating_training,E69,100.0,482.3923079696866,605.89,391.2767395886885,520.0709999999999,340.1296022346009,429.397,503.8012231985286,469.57399999999996,395.7015174972649,413.349,332.0713679992556,405.503,297.3006342163489,325.484
heating_training,E69,150.0,566.3000976938109,728.616,456.2202712147689,624.925,382.9826329107677,485.703,602.867513611681,565.3689999999999,472.2042474176928,457.52799999999996,370.3776568805395,430.92499999999995,297.3158427795472,324.779
heating_training,E69,200.0,637.8337840390507,808.941,520.6812320893556,703.774,430.89372673538276,529.101,681.106551458085,642.26,542.9126052452078,493.313,414.18597659422556,450.582,297.3511209096781,324.118
heating_training,E69,250.0,697.2416516365814,870.637,580.406785171862,770.5989999999999,479.12263868859907,567.9849999999999,739.9032258921361,710.447,602.4395624078131,525.736,458.91282488990373,468.57099999999997,297.43042996363,323.42199999999997
heating_training,E69,300.0,745.775156971412,912.973,633.4949740704933,819.39,524.7205183870042,597.854,783.1441134725741,762.25,650.078260014164,551.305,501.6263993634812,483.20799999999997,297.5880567972748,322.777
heating_training,E69,350.0,785.0556647102369,946.02,679.4307477902437,859.0079999999999,566.1091400022009,622.684,814.7305715876099,804.327,687.1441766091094,572.8499999999999,540.6911094024731,495.62699999999995,297.8626354563181,322.198
heating_training,E69,400.0,816.7605396268126,972.026,718.5002311786312,892.893,602.6484545287337,645.3299999999999,837.9651731823396,841.3539999999999,715.5826086626748,592.732,575.3748870560886,508.09399999999994,298.29050179748265,321.61199999999997
heating_training,E69,450.0,842.1871897025826,989.41,751.380347915974,917.9209999999999,634.3361162972394,663.4939999999999,855.3547415387521,868.807,737.4528303506847,608.96,605.5863294240296,518.924,298.90047342191576,321.116
heating_training,E69,500.0,862.477294994707,1002.538,778.8182913132351,937.465,661.4912069993853,679.274,868.4855097125374,890.329,754.4048584631864,623.031,631.5758320354778,529.084,299.71088795753104,320.65
heating_training,E69,550.0,878.7320598366779,1013.3199999999999,801.597647989553,954.161,684.5510793993604,693.9110000000001,878.5634215004883,909.237,767.6205292877447,636.329,653.7163693426183,539.137,300.72871078633,320.176
heating_training,E69,600.0,891.6947827722727,1022.308,820.4837075628434,967.117,704.0410094465394,705.883,886.5119171426788,924.173,778.1131305173126,647.4659999999999,672.4803053566337,548.192,301.9504081963254,319.779
heating_training,E69,650.0,902.0513229482785,1028.505,836.1070715907574,978.232,720.4704811535606,716.7149999999999,892.8233416600266,936.917,786.5634545764476,657.678,688.3398757930973,556.8389999999999,303.3636520515862,319.402
heating_training,E69,700.0,910.4275126915799,1036.351,849.0545761871167,988.632,734.2951820999646,727.241,897.9833203826907,948.525,793.4395882031264,667.636,701.7134881449837,565.684,304.9494281362212,319.068
heating_training,E69,750.0,917.1643981090672,1043.0839999999998,859.8311989068004,997.3589999999999,745.9561677271499,736.366,902.3324882257851,958.673,799.1970215475928,676.548,713.0163569045977,573.578,306.6842764801644,318.79999999999995
heating_training,E69,800.0,922.6083724500276,1048.444,868.8105411118228,1005.636,755.8219116383286,745.4739999999999,905.9796006835481,968.209,804.0900264590181,685.605,722.6017569316076,581.759,308.5424630701673,318.568
heating_training,E69,850.0,927.0147792599722,1051.295,876.3260061702766,1012.459,764.1975749420919,753.46,909.1018214293824,975.952,808.3031299904267,693.5519999999999,730.7597185151632,589.047,310.4976617040462,318.40099999999995
heating_training,E69,900.0,930.6143880777375,1054.47,882.641235548558,1018.28,771.3386456512566,760.847,911.7933401155711,982.808,811.9670254077298,701.038,737.7335876909599,596.0989999999999,312.5241655642087,318.28299999999996
heating_training,E69,950.0,933.5857875830208,1059.433,887.985244437875,1023.757,777.4584585669837,768.298,914.1673370035829,989.2139999999999,815.1906728717702,708.544,743.725564108468,603.447,314.5979518011969,318.236
heating_training,E69,1000.0,936.0698933689099,1061.3890000000001,892.54189378198,1028.726,782.7371011599786,774.761,916.2924238656323,994.8919999999999,818.0636985971485,715.073,748.9071462742413,610.017,316.6969607723905,318.20799999999997
heating_training,E69,1050.0,938.1312257688705,1062.7559999999999,896.456986051427,1032.655,787.3279508683871,780.874,918.2109036081805,999.572,820.6704209414755,721.304,753.4268923854094,616.3109999999999,318.80190658431013,318.23199999999997
heating_training,E69,1100.0,939.869552479575,1061.3319999999999,899.8347942546739,1036.213,791.3468073658128,787.055,919.9234293816068,1003.837,823.0357165614533,727.601,757.3970824201779,622.934,320.8958125395026,318.291
heating_training,E69,1150.0,941.3455904844708,1060.7150000000001,902.7754249307113,1038.6799999999998,794.8885692406668,792.326,921.4852929816908,1007.006,825.1955652005287,733.039,760.9079365064703,628.873,322.96439631475613,318.38599999999997
heating_training,E69,1200.0,942.5281685732905,1065.538,905.3420361719162,1041.166,798.0407724963327,797.204,922.8805122594298,1009.9639999999999,827.2073871202829,738.2049999999999,764.0480600868376,634.546,324.99597304178906,318.51099999999997
heating_training,E69,1250.0,943.5798110593321,1065.57,907.5778195294058,1044.345,800.845296691205,802.172,924.0969438433223,1013.538,829.0116756185428,743.525,766.8554508113385,640.271,326.9811098552759,318.679
heating_training,E69,1300.0,944.4642544392474,1066.005,909.5692438025447,1046.984,803.3638063069617,806.761,925.2654422015752,1016.5369999999999,830.6918743130605,748.409,769.3864962667667,645.52,328.91264027877423,318.899
heating_training,E69,1350.0,945.2193952168803,1067.894,911.3316350452382,1049.4969999999998,805.6442770368324,811.0889999999999,926.3028281122658,1019.334,832.2591907150685,753.085,771.6907709932964,650.5840000000001,330.7853093256624,319.16499999999996
heating_training,E69,1400.0,946.0155933166784,1067.9180000000001,912.9251127167904,1051.923,807.7040635764217,815.658,927.3124689706382,1022.124,833.6713400474171,757.924,773.7765342336866,655.9269999999999,332.5954331565616,319.474
heating_training,E69,1450.0,946.6645590793984,1067.732,914.4101964112168,1053.275,809.6124500352835,819.631,928.3592662444113,1023.84,835.0869979050109,762.2349999999999,775.7137007374744,660.7090000000001,334.3405862964621,319.806
heating_training,E69,1500.0,947.2415582290199,1068.743,915.7432582605124,1054.595,811.38617681809,823.236,929.2412530151397,1025.3890000000001,836.4315982832878,766.256,777.526095949072,665.262,336.0193548324345,320.14599999999996
heating_training,E69,1550.0,947.7640125678699,1068.467,916.9669335986101,1056.1680000000001,813.0301843100873,826.9309999999999,930.0833199466863,1027.1689999999999,837.6877778613309,770.362,779.2142654120013,669.875,337.63125323481506,320.546
heating_training,E69,1600.0,948.2486524671727,1069.703,918.0915264880964,1057.452,814.5624099243573,830.175,930.8684822794813,1028.654,838.8713489766209,773.9590000000001,780.7948357077796,674.018,339.17656482779574,320.916
heating_training,E69,1650.0,948.6408977002945,1070.156,919.128468314328,1058.7289999999998,816.0019191625369,833.303,931.6003960251428,1030.13,840.0121593148629,777.49,782.2883705962433,677.9459999999999,340.6560640605668,321.306
heating_training,E69,1700.0,949.0453853289628,1068.554,920.0744260646397,1060.007,817.3445854404033,836.569,932.253302394236,1031.653,841.0562251703192,781.135,783.6889249042969,682.0909999999999,342.0709252697563,321.70399999999995
heating_training,E69,1750.0,949.4097209791508,1069.117,920.9694986057892,1060.9569999999999,818.6086623260195,839.419,932.9247574031766,1032.694,842.0621365914391,784.2629999999999,785.0117523956025,685.747,343.42268889222817,322.102
heating_training,E69,1800.0,949.7302131794955,1068.426,921.7977532374582,1062.005,819.8085746134136,842.289,933.5294692280492,1033.849,843.0351917137409,787.444,786.2746161456828,689.487,344.71333365839894,322.553
heating_training,E69,1850.0,950.1485314867416,1069.088,922.5832388280082,1062.692,820.9334384930878,844.8149999999999,934.1376995313918,1034.653,843.9204920330972,790.286,787.460467297418,692.803,345.94507733329976,322.998
heating_training,E69,1900.0,950.4885712742274,1069.288,923.3626590068488,1063.655,822.0225463202056,847.222,934.8113594065652,1035.673,844.8472397691913,793.034,788.6093476677083,696.044,347.120319156066,323.424
heating_training,E69,1950.0,950.7749823542857,1069.245,924.0777946758984,1064.443,823.0772975550146,849.747,935.3553851659335,1036.565,845.7553819045455,795.898,789.7309775541037,699.285,348.241501816459,323.91299999999995
heating_training,E69,2000.0,951.036359232657,1069.52,924.7437389590242,1065.2069999999999,824.0824758715786,852.002,935.8553152451094,1037.405,846.6016620605843,798.465,790.8073518959179,702.135,349.3110680034581,324.37
heating_training,E69,2050.0,951.2529427158004,1069.391,925.3623556210106,1065.5079999999998,825.042618895311,854.132,936.3111489156953,1037.8629999999998,847.4058892377233,800.942,791.8423557245691,704.9839999999999,350.33142404754915,324.81399999999996
heating_training,E69,2100.0,951.4441104558067,1068.801,925.9313602122946,1065.951,825.9561714367986,856.2669999999999,936.7163185850658,1038.3829999999998,848.159310164742,803.317,792.8342771225684,708.171,351.30489758611526,325.29499999999996
heating_training,E69,2150.0,951.6621350464595,1066.931,926.4661047150709,1066.646,826.8201004809357,858.0799999999999,937.1141661757291,1039.086,848.8540685398735,805.443,793.7764485477514,710.537,352.2336794550291,325.729
heating_training,E69,2200.0,951.8366998409044,1068.433,926.9806696012515,1067.1419999999998,827.6513123699153,859.989,937.5225063595195,1039.71,849.5461720167572,807.592,794.6861269998332,713.518,353.11982343457015,326.14799999999997
heating_training,E69,2250.0,951.948421344148,1067.106,927.4487195770788,1067.405,828.4535445499715,861.86,937.8537059923777,1040.059,850.222431753559,809.72,795.5718605865732,716.373,353.96530027843255,326.611
heating_training,E69,2300.0,952.1338532153641,1067.391,927.881085466235,1067.373,829.2073377545453,863.443,938.1619768755323,1040.145,850.8166628424598,811.5989999999999,796.4090747702406,718.721,354.7721282891179,327.058
heating_training,E69,2350.0,952.3263931797902,1067.375,928.321778588667,1067.969,829.9333290408906,864.86,938.5516793844786,1040.652,851.415191401204,813.338,797.2142947067763,720.8489999999999,355.54245603587856,327.491
heating_training,E69,2400.0,952.4856241879536,1068.03,928.7459227575035,1069.003,830.6476891689905,866.548,938.9105656895554,1041.596,852.0351872793854,815.281,798.0092867983059,723.1389999999999,356.27834093673033,327.981
heating_training,E69,2450.0,952.6263802462885,1067.509,929.1446323216393,1069.251,831.3431316233873,868.139,939.2278460442437,1042.022,852.6369525180191,817.131,798.7881937505396,725.232,356.9817550754901,328.43399999999997
heating_training,E69,2500.0,952.7948682570994,1066.172,929.5257359741813,1069.251,832.0121789364181,869.559,939.53642630787,1042.079,853.1991394534003,818.817,799.5405791516683,727.2629999999999,357.65448334520556,328.86199999999997
heating_training,E69,2550.0,952.9405975638649,1066.212,929.9013573044463,1069.04,832.6649451716245,870.914,939.860551517782,1041.982,853.7617937143943,820.447,800.2761864331283,729.303,358.29816559985437,329.32099999999997
heating_training,E69,2600.0,953.0933850377851,1066.502,930.2572134051265,1069.301,833.2996691715167,871.972,940.1512973315708,1042.222,854.3035900090994,821.762,800.9945488115405,731.001,358.9142974074163,329.717
heating_training,E69,2650.0,953.2087760797099,1065.513,930.600792481601,1069.674,833.919257245724,873.237,940.4366083296178,1042.625,854.8402826203876,823.275,801.6988265683826,732.877,359.5042254227861,330.126
heating_training,E69,2700.0,953.3145020472281,1064.786,930.9164989397134,1069.645,834.5193047828825,874.41,940.6726034731811,1042.726,855.3487307608773,824.673,802.3858609004059,734.508,360.06924550950043,330.52599999999995
heating_training,E69,2750.0,953.4295073241416,1064.24,931.2182658163465,1069.74,835.0961643754337,875.405,940.9108084145614,1042.782,855.8270528037567,825.88,803.0495940439298,736.0429999999999,360.6107022156735,330.918
heating_training,E69,2800.0,953.4672946785314,1065.086,931.5013002466394,1070.202,835.6628497129648,876.459,941.1250499008835,1043.1419999999998,856.3187577648947,827.116,803.7060920197554,737.597,361.12996069668714,331.32599999999996
heating_training,E69,2850.0,953.5302434168835,1064.433,931.7461917126153,1070.647,836.2030011597061,877.461,941.2724292988147,1043.5929999999998,856.7550325034537,828.302,804.3389590508821,739.0609999999999,361.6283706188488,331.70599999999996
heating_training,E69,2900.0,953.6275628058665,1066.9180000000001,931.9933164524599,1070.786,836.7177795445866,878.482,941.4771801720402,1043.809,857.1644254253929,829.477,804.9432948979003,740.5139999999999,362.10713561202493,332.104
heating_training,E69,2950.0,953.7460594620796,1065.462,932.2456675321328,1070.7869999999998,837.2221199400984,879.486,941.7107585253444,1043.899,857.5842207795473,830.6709999999999,805.5342875549492,741.968,362.56735319877623,332.542
heating_training,E69,3000.0,953.8870967167721,1064.28,932.5055639898503,1070.801,837.7210250675984,880.336,941.9660780814864,1043.905,858.0143077454879,831.7189999999999,806.1175407495801,743.255,363.0100162626063,332.89799999999997
heating_training,E69,3050.0,954.0064472040623,1064.182,932.7689536569931,1070.649,838.2210818474124,881.121,942.2230611735117,1043.838,858.4653697057612,832.682,806.7017138992875,744.5129999999999,363.43601733544983,333.26399999999995
heating_training,E69,3100.0,954.0793994464044,1064.4279999999999,933.0151496480236,1070.21,838.7199923299727,881.879,942.428964966912,1043.482,858.9188238469224,833.645,807.2880329060339,745.768,363.8462269309989,333.65799999999996
heating_training,E69,3150.0,954.1305497798453,1063.149,933.2348038513888,1070.223,839.2054591324243,882.39,942.5823184610524,1043.4679999999998,859.339135754311,834.43,807.8642399161472,746.797,364.24148642067547,333.981
heating_training,E69,3200.0,954.1975126305715,1063.277,933.4385322153556,1070.8400000000001,839.6699128797605,883.0749999999999,942.7282547236471,1043.9879999999998,859.7182691916671,835.221,808.419560944323,747.845,364.62254630853977,334.304
heating_training,E69,3250.0,954.2961858153061,1063.849,933.6431684626542,1070.83,840.1174108165894,883.893,942.9051456370179,1044.1039999999998,860.0791744630748,836.1859999999999,808.9551526232303,748.983,364.9900655367227,334.643
heating_training,E69,3300.0,954.3844018010442,1063.1190000000001,933.8531456155778,1070.87,840.5604533527369,884.53,943.1042943203881,1044.1129999999998,860.457799411085,837.0219999999999,809.4846809247466,749.915,365.34463258889684,334.967
heating_training,E69,3350.0,954.4516734750442,1065.5520000000001,934.053315115531,1071.4479999999999,841.0011419233622,885.138,943.2760390282692,1044.554,860.8439653485901,837.773,810.0132536552009,750.851,365.68697835007345,335.29499999999996
heating_training,E69,3400.0,954.546270975559,1064.987,934.2459219161699,1072.5079999999998,841.4310205517907,885.958,943.4401088176252,1045.5459999999998,861.207772955708,838.685,810.5309209618396,751.826,366.0178917126681,335.64
heating_training,E69,3450.0,954.6552744786961,1063.798,934.4468269892837,1072.566,841.8548712807377,886.821,943.6372632305957,1045.779,861.5724103575853,839.6229999999999,811.0404474198139,752.851,366.3381315427116,335.972
heating_training,E69,3500.0,954.7096453575554,1064.588,934.6433716457401,1071.775,842.282826234945,887.468,943.8161644306354,1045.126,861.962222020298,840.396,811.5555942956289,753.74,366.64830541308083,336.298
heating_training,E69,3550.0,954.7504500019824,1064.557,934.8144612831635,1071.636,842.7025240068813,887.853,943.9332147297299,1044.946,862.3266430189758,840.989,812.0658915967618,754.6099999999999,366.9489317759631,336.644
heating_training,E69,3600.0,954.753907116689,1065.21,934.9694119907157,1071.6100000000001,843.1103026376057,888.252,944.0348144885346,1044.942,862.6723853960676,841.547,812.5663514714194,755.355,367.24050185646286,336.96099999999996
heating_training,E69,3650.0,954.8098931839704,1063.774,935.1078417052973,1071.661,843.4969960183362,888.752,944.122065674571,1045.01,862.9712306466006,842.1759999999999,813.0451009835714,756.085,367.5234424647777,337.25699999999995
heating_training,E69,3700.0,954.9009817398982,1063.313,935.2657414137743,1071.587,843.8726168259083,889.1469999999999,944.2866739470354,1044.9589999999998,863.2719719722977,842.764,813.5077712241603,756.796,367.7981093691747,337.54499999999996
heating_training,E69,3750.0,954.9439580498262,1061.5259999999998,935.4280917930754,1071.644,844.2554364118448,889.643,944.4494782765227,1045.087,863.6149782329177,843.408,813.9774761163195,757.558,368.06474657101376,337.811
heating_training,E69,3800.0,955.0203421681434,1064.2579999999998,935.5768239183535,1071.3919999999998,844.6312360357973,889.999,944.5722736397367,1044.82,863.9336157085471,843.928,814.4410406831315,758.204,368.3235954642936,338.08899999999994
heating_training,E69,3850.0,955.026469409087,1062.23,935.7273090059396,1071.545,845.0086394482207,890.3009999999999,944.7082352605981,1044.981,864.2743355804621,844.424,814.9072661982013,758.755,368.5750159654389,338.364
heating_training,E69,3900.0,955.0529678774727,1062.867,935.8484211455337,1071.679,845.3743909646565,890.691,944.7717693085555,1044.99,864.5763071476442,844.9069999999999,815.3646755042147,759.357,368.8194425511501,338.616
heating_training,E69,3950.0,955.0997849535655,1064.321,935.9764025563984,1071.8609999999999,845.726986215261,891.084,944.8852522961706,1045.173,864.8611365755114,845.423,815.8065737660355,759.961,369.0572958975108,338.902
heating_training,E69,4000.0,955.1548318297521,1064.0349999999999,936.107989034969,1072.3539999999998,846.0772254667878,891.495,945.0110116386153,1045.645,865.156401548979,845.9399999999999,816.2445749244007,760.518,369.28898900981164,339.17199999999997
heating_training,E69,4050.0,955.2108917700822,1064.319,936.2430439357354,1072.5369999999998,846.4273226982222,891.991,945.1441522456357,1045.862,865.460656640869,846.483,816.6817485694352,761.127,369.51489665988373,339.428
heating_training,E69,4100.0,955.3134409628249,1062.324,936.3845041058553,1072.31,846.773846697916,892.418,945.2919561103346,1045.713,865.7563612381581,847.005,817.1131957798044,761.731,369.7353066486487,339.67699999999996
heating_training,E69,4150.0,955.3338489696508,1061.3229999999999,936.5339165033864,1072.04,847.1317621970084,892.6999999999999,945.4484918836245,1045.5079999999998,866.0960430466159,847.382,817.5567641855597,762.246,369.95044797386254,339.90599999999995
heating_training,E69,4200.0,955.2273008478486,1060.1509999999998,936.6329702078068,1071.788,847.4925810512582,892.92,945.4598305558046,1045.288,866.4319213731372,847.7139999999999,818.0128278581927,762.702,370.1603911196913,340.111
heating_training,E69,4250.0,955.1851473794005,1061.217,936.6837859808295,1071.318,847.8155484024221,893.146,945.3997781129596,1044.926,866.6524928025747,847.992,818.4345051411783,763.203,370.36515943941913,340.29999999999995
heating_training,E69,4300.0,955.2678110303873,1060.057,936.7631931945073,1070.8890000000001,848.1074954966886,893.216,945.4829072027788,1044.501,866.8302819652915,848.265,818.8156235327939,763.607,370.56482769124375,340.527
heating_training,E69,4350.0,955.3467333050404,1061.37,936.8859834347015,1071.213,848.4115333039484,893.324,945.6685396167157,1044.65,867.0894258573483,848.451,819.2017668380984,763.893,370.75962641691547,340.74
heating_training,E69,4400.0,955.4169285653609,1061.725,937.0136341781902,1071.8020000000001,848.7321942056993,893.614,945.8216350887005,1045.159,867.3917939556428,848.7959999999999,819.6050600569021,764.2819999999999,370.949826228159,340.95899999999995
heating_training,E69,4450.0,955.4709737259192,1063.234,937.1425839485426,1072.23,849.060366459404,894.024,945.9585905039005,1045.587,867.7018623928608,849.2189999999999,820.0171756857972,764.78,371.1357196939408,341.20899999999995
heating_training,E69,4500.0,955.5138356050845,1061.925,937.2644021737067,1072.003,849.3898682172547,894.385,946.0679774354102,1045.496,868.002712578843,849.607,820.4320315545383,765.194,371.31758297233034,341.41499999999996
heating_training,E69,4550.0,955.5635143479942,1061.3600000000001,937.3819275015034,1071.67,849.7148734111938,894.631,946.1708004170432,1045.204,868.2858257900356,849.913,820.8425855895908,765.626,371.49559589425604,341.633
heating_training,E69,4600.0,955.6810521506203,1062.541,937.5095125277658,1071.3809999999999,850.0319794550235,894.739,946.3078138066224,1044.916,868.5475888409593,850.107,821.2417835212294,765.9639999999999,371.66994159331927,341.83899999999994
heating_training,E69,4650.0,955.748146248214,1059.9679999999998,937.6577072550533,1070.937,850.3609819281652,894.861,946.4863594916159,1044.571,868.8574322885432,850.326,821.6509988516258,766.308,371.84078460796184,342.048
heating_training,E69,4700.0,955.8476003647521,1058.67,937.7929065534347,1070.865,850.6902390502268,894.939,946.6096108879307,1044.431,869.1498936655396,850.467,822.0617110042373,766.606,372.0082247380566,342.234
heating_training,E69,4750.0,955.9500865758725,1056.397,937.9435357968406,1070.6999999999998,851.0190234892252,895.018,946.7783032138084,1044.289,869.44407236581,850.622,822.4696006032516,766.875,372.1722962633452,342.373
heating_training,E69,4800.0,955.9691095152805,1061.962,938.0828809128551,1070.556,851.3572592093791,895.069,946.8992368762042,1044.192,869.7648585285721,850.761,822.8901194363793,767.121,372.3329938514132,342.54999999999995
heating_training,E69,4850.0,955.9765168855117,1060.995,938.1874892083802,1071.003,851.6847011322025,895.233,946.9383980398944,1044.529,870.0422104915575,850.962,823.3045507043785,767.322,372.49044787041794,342.73299999999995
heating_training,E69,4900.0,955.9860124155341,1059.02,938.281932421678,1071.4009999999998,851.9955612165822,895.534,946.9894387573253,1044.899,870.2863733804147,851.2379999999999,823.7026025445975,767.627,372.6448941405223,342.899
heating_training,E69,4950.0,956.0028552597936,1059.2440000000001,938.3707777974652,1070.909,852.29621548193,895.727,947.0487415018106,1044.511,870.521924362546,851.492,824.0896813067616,767.909,372.7966068783188,343.082
heating_training,E69,5000.0,956.0109327768141,1060.884,938.457994594776,1070.666,852.5921192191262,895.8489999999999,947.1175561645728,1044.292,870.7631046294033,851.656,824.4716485599116,768.223,372.94580844954226,343.293
heating_training,E69,5050.0,956.0337644890403,1061.4589999999998,938.5413172673383,1070.937,852.8824859117329,895.891,947.1841066790856,1044.472,870.9987108584489,851.761,824.847634420528,768.428,373.09260287190074,343.442
heating_training,E69,5100.0,956.0600602725276,1060.5900000000001,938.6296328827518,1071.083,853.1703292793816,896.1,947.2704241569043,1044.6419999999998,871.2392758083239,851.978,825.2198654204332,768.6759999999999,373.2369862627419,343.609
heating_training,E69,5150.0,956.0619762507404,1060.885,938.7150722215574,1070.9270000000001,853.4599151048157,896.268,947.3453317836636,1044.5079999999998,871.4914177869617,852.18,825.5943545928803,768.899,373.3789772476548,343.769
heating_training,E69,5200.0,956.0295244615104,1059.3519999999999,938.7854941397192,1071.186,853.7472207222843,896.437,947.3826909653308,1044.762,871.738186731658,852.3679999999999,825.9689352588501,769.121,373.51854342809776,343.895
heating_training,E69,5250.0,956.0124996994596,1057.077,938.8411485213941,1071.1709999999998,854.0219850350293,896.607,947.3993717772155,1044.7669999999998,871.9521020745319,852.574,826.3316887044601,769.373,373.65555788534914,344.019
heating_training,E69,5300.0,956.0172289849257,1060.281,938.9012134777699,1070.978,854.2865674939428,896.707,947.4487383612961,1044.603,872.1541923759503,852.701,826.6819526509545,769.576,373.78987257038153,344.12699999999995
heating_training,E69,5350.0,956.0791615621378,1058.899,938.9751717235021,1070.749,854.5467316802691,896.788,947.5386246210522,1044.388,872.3575154799714,852.821,827.0239415372988,769.736,373.9214570407877,344.269
heating_training,E69,5363.0,956.0853784863956,1058.429,938.9948650423374,1070.73,854.6088235193184,896.755,947.5635866402562,1044.378,872.4036727063891,852.837,827.1055896908048,769.76,373.9552470751553,344.308
heating_validation,E70,0.0,293.4835,294.94599999999997,293.4835,293.65799999999996,293.4835,293.539,293.4835,293.64,293.4835,293.731,293.4835,293.736,293.4835,293.491
heating_validation,E70,50.0,388.5962335376989,444.51099999999997,329.2573129312121,370.727,304.50229642785104,313.39099999999996,384.8029450934353,333.43399999999997,321.85025238685716,303.28299999999996,301.0844213101902,298.885,293.4846527966218,293.486
heating_validation,E70,100.0,487.61612248293886,620.742,386.9076225608949,486.856,334.3723952664136,367.85999999999996,498.1937240465318,428.88199999999995,386.9898031569003,343.33099999999996,326.23064346170145,321.75,293.49123787514714,293.49699999999996
heating_validation,E70,150.0,577.746108571611,757.4549999999999,453.1926138124151,586.8879999999999,376.3441461497164,417.83399999999995,600.8997922753015,522.46,462.4168375029543,383.921,363.37228602883,345.743,293.5066960067062,293.51599999999996
heating_validation,E70,250.0,725.7143687332016,932.858,592.7967349779456,739.613,482.91055409338185,496.128,762.044476429447,676.858,609.7982184427633,450.424,460.9515372144539,382.03299999999996,293.6220673464893,293.536
heating_validation,E70,300.0,778.5233387984972,982.757,647.567922923114,792.6809999999999,527.7610906362098,525.079,804.2308939719497,732.62,653.4605461833083,476.32599999999996,502.48464565796894,396.99399999999997,293.78072011151727,293.57599999999996
heating_validation,E70,350.0,821.8111608117867,1020.457,695.9583558400925,834.975,569.5700960183341,549.6289999999999,838.2112759681361,778.4359999999999,691.2586715804593,498.534,541.524734398133,410.842,294.0584479959225,293.621
heating_validation,E70,400.0,857.0570215360269,1049.318,737.8727507263542,871.733,607.3585679420459,572.405,864.8483903888675,818.185,722.3293767661664,519.182,577.0386671209629,424.94499999999994,294.49429182965196,293.67499999999995
heating_validation,E70,450.0,885.6478914103058,1069.81,773.7035101003804,899.677,640.7968013508072,591.1469999999999,885.5878307080385,848.879,747.3105971292636,536.1679999999999,608.6260439852437,437.67099999999994,295.120744696291,293.71
heating_validation,E70,500.0,908.8775361982708,1087.024,804.0772089319607,922.985,669.9474954191156,607.838,901.8265064723403,874.463,767.2397565446277,551.5999999999999,636.275544876007,449.193,295.9603832961827,293.78999999999996
heating_validation,E70,550.0,927.6608824130656,1100.558,829.7113143818524,943.013,695.1296402295106,622.944,914.7446875933307,896.424,783.2566461831989,565.626,660.2416134334619,460.303,297.0245732175247,293.86899999999997
heating_validation,E70,600.0,942.8461675965516,1111.3519999999999,851.2543000940714,961.141,716.7554192991322,637.674,925.0693186632309,916.4879999999999,796.2433652554813,579.673,680.8873250900397,471.68399999999997,298.3136180134554,293.96799999999996
heating_validation,E70,650.0,955.1234466922438,1120.307,869.3330508142078,975.86,735.2546503940922,650.46,933.448091450773,932.694,806.8788282327927,592.072,698.598829510187,481.972,299.8180209719063,294.08299999999997
heating_validation,E70,750.0,973.7504820914909,1134.176,898.220181575957,1000.866,765.6720425472272,674.169,947.3349977509522,960.87,824.5862744785873,615.492,727.8483555972396,502.224,303.3977501357356,294.39099999999996
heating_validation,E70,800.0,980.3186918453694,1139.52,908.7551209005117,1010.887,776.9254394477148,684.525,951.5912302940333,972.1759999999999,830.0135097917132,625.797,738.6951261412603,511.424,305.4234272069177,294.57599999999996
heating_validation,E70,850.0,985.710265610111,1143.311,917.6857252087514,1019.877,786.6119581451036,694.2049999999999,955.51941121799,982.771,835.0823565055501,635.49,748.0564216151865,519.808,307.5692182291805,294.79999999999995
heating_validation,E70,900.0,990.2041618988663,1147.384,925.2882389145162,1028.205,794.9696914320489,703.9069999999999,959.0573219904753,992.813,839.6529589316945,645.182,756.1538211653167,528.27,309.8068783989989,295.07
heating_validation,E70,950.0,993.9108415489578,1151.516,931.8008172940188,1035.321,802.2207386923362,712.468,962.2443383149429,1001.196,843.7805403013471,653.669,763.1978528495679,536.6389999999999,312.10923345636905,295.37399999999997
heating_validation,E70,1000.0,996.995806620159,1154.282,937.3886909361405,1041.846,808.5420664239657,720.597,965.0482872438969,1008.731,847.4907605849811,661.718,769.3585042920979,545.289,314.451208017475,295.705
heating_validation,E70,1050.0,999.5906346175365,1156.71,942.2137160946608,1048.136,814.0751742172246,729.039,967.5538317637418,1015.909,850.8211571544115,670.063,774.7682814891256,553.9939999999999,316.8101153357444,296.094
heating_validation,E70,1150.0,1003.888384558156,1158.74,950.4555839006539,1058.426,823.7245046267867,743.595,972.3394857352151,1027.438,857.1812287170522,684.806,784.2560495138998,569.246,321.50170429443006,296.90299999999996
heating_validation,E70,1200.0,1005.4644254387966,1158.404,953.602583667655,1063.013,827.4564836268535,750.928,973.9593907756475,1032.5520000000001,859.3567650616861,692.316,787.9395367239166,577.348,323.8028813060653,297.378
heating_validation,E70,1250.0,1006.9054266037773,1162.326,956.4002752183227,1066.6970000000001,830.8130929547679,757.3879999999999,975.5573409337406,1036.6709999999998,861.504210913593,699.074,791.2639234830442,584.508,326.0577900201467,297.86199999999997
heating_validation,E70,1300.0,1008.1392322702372,1163.876,958.9265302416843,1070.483,833.862144110805,763.5519999999999,977.1436005908215,1040.733,863.6040688374437,705.549,794.2940176167109,591.287,328.25715240704955,298.38399999999996
heating_validation,E70,1350.0,1009.1867942240467,1165.039,961.1868939184843,1074.3400000000001,836.6523873583191,769.8499999999999,978.5732196272056,1044.851,865.6140085043074,712.171,797.0816390723163,597.556,330.3939318601359,299.001
heating_validation,E70,1400.0,1010.1255364344597,1165.778,963.2184525045578,1077.6190000000001,839.2035495030124,775.3889999999999,979.8807207323662,1048.335,867.478515618756,718.0419999999999,799.6434951741204,603.162,332.46315594064635,299.589
heating_validation,E70,1450.0,1011.0178608838594,1165.144,965.0686448555539,1080.658,841.54197958396,780.8309999999999,981.124922985865,1051.645,869.2045461010641,723.9259999999999,802.0000227225274,609.1959999999999,334.461392289767,300.23499999999996
heating_validation,E70,1500.0,1011.8021402767372,1166.025,966.7739021208515,1083.473,843.710064669302,786.319,982.328328046491,1054.641,870.8603060795734,729.779,804.1929266016931,615.2919999999999,336.38656130905116,300.936
heating_validation,E70,1550.0,1012.5178687016173,1167.391,968.333839842994,1086.342,845.7292180775559,791.288,983.4262886541206,1057.6399999999999,872.4303219420182,735.159,806.2451620250927,620.901,338.2376789912228,301.63899999999995
heating_validation,E70,1650.0,1013.9504953637281,1165.874,971.3177346170805,1090.902,849.6324529007418,801.013,985.7233102151939,1062.585,875.643116555871,745.7090000000001,810.2388097073338,631.87,341.71841167314744,303.13199999999995
heating_validation,E70,1700.0,1014.5283370699282,1166.473,972.5351958297,1092.615,851.2359424390396,805.2669999999999,986.5562022301796,1064.472,876.8093604123018,750.45,811.8859098057068,636.915,343.3499561986499,303.85999999999996
heating_validation,E70,1750.0,1015.0193416100129,1167.978,973.6773681836521,1094.851,852.7714022836117,809.63,987.3921107874663,1066.7849999999999,878.0427405593425,755.232,813.4721507243568,642.0999999999999,344.9109968102204,304.645
heating_validation,E70,1800.0,1015.4620382663894,1166.618,974.7333024754485,1096.9299999999998,854.2332398023251,813.746,988.1604117990482,1068.903,879.2459599253515,759.622,814.9925137224277,646.909,346.4034914694268,305.381
heating_validation,E70,1850.0,1015.8863762311407,1167.1039999999998,975.7196501214652,1098.44,855.6178495543165,817.669,988.8971170620291,1070.5529999999999,880.3858159647864,763.9069999999999,816.4401999310331,651.526,347.8297324830437,306.147
heating_validation,E70,1900.0,1016.2697368099945,1167.007,976.6471033846117,1099.816,856.9358823459212,821.665,989.607467519782,1072.058,881.4835714248211,768.28,817.825001198267,656.29,349.1922013136963,306.966
heating_validation,E70,1950.0,1016.6345477061781,1166.469,977.515129025244,1100.991,858.1911738890793,825.1949999999999,990.2712788849838,1073.341,882.530390546975,772.1289999999999,819.1505255639618,660.698,350.49343902633393,307.72799999999995
heating_validation,E70,2050.0,1017.2767119126645,1163.059,979.2096683811986,1102.5810000000001,860.7190504305851,832.004,991.6312083521765,1075.1799999999998,884.7394034991256,779.711,821.8454580861794,669.479,352.9224386963827,309.35499999999996
heating_validation,E70,2100.0,1017.5515541305195,1163.538,979.897418193839,1103.152,861.7684278066374,835.033,992.0975188624544,1075.813,885.5218284918568,783.086,822.9711002335304,673.297,354.05530181004156,310.15299999999996
heating_validation,E70,2150.0,1017.8074527339496,1163.31,980.5550615187526,1103.905,862.7802427689726,838.04,992.597078845782,1076.65,886.34155647102,786.505,824.0616989293042,677.18,355.13709647667474,310.984
heating_validation,E70,2200.0,1018.0679280667016,1162.07,981.1808230833917,1104.618,863.7558680911077,840.744,993.0889425032568,1077.384,887.1560584247803,789.572,825.1180806272423,680.655,356.17027615433193,311.775
heating_validation,E70,2250.0,1018.219939967482,1162.241,981.774721700284,1105.5259999999998,864.7089037448292,843.388,993.5596606670714,1078.2869999999998,887.992775506312,792.5559999999999,826.1570256661934,684.0029999999999,357.1573004700433,312.55699999999996
heating_validation,E70,2300.0,1018.4144588708126,1161.844,982.3101435062123,1106.444,865.6186693862028,846.146,993.9351810073882,1079.203,888.7542503411179,795.708,827.15726169642,687.5809999999999,358.1005913666576,313.423
heating_validation,E70,2350.0,1018.6313397017361,1163.577,982.8385999945514,1107.3629999999998,866.486832897159,848.6129999999999,994.3757865141492,1080.1190000000001,889.4772180279042,798.555,828.1139748059122,690.9259999999999,359.0025602812687,314.214
heating_validation,E70,2400.0,1018.8351357806989,1162.529,983.3516381157287,1108.123,867.3319832808118,851.092,994.8117069537476,1080.932,890.2040489325257,801.284,829.0473299981635,694.1579999999999,359.8653993083292,315.00899999999996
heating_validation,E70,2450.0,1019.0998950544426,1161.458,983.8517047147544,1108.4209999999998,868.1479770979405,853.554,995.2461197991616,1081.346,890.8970617159416,804.087,829.9500531278453,697.614,360.6910697779233,315.832
heating_validation,E70,2550.0,1019.6093854186698,1160.27,984.9384271341494,1109.138,869.8822116295204,857.848,996.2801751624896,1082.145,892.5012111024607,808.999,831.8708608686023,703.66,362.23861670168003,317.39
heating_validation,E70,2600.0,1019.8489269763062,1158.969,985.3912071518753,1109.396,870.6212603714263,859.8009999999999,996.6288076965062,1082.437,893.0855521015797,811.231,832.6933127919675,706.326,362.9642151706918,318.16299999999995
heating_validation,E70,2650.0,1020.1007477743301,1160.449,985.8443800821763,1109.8319999999999,871.3490429637645,861.786,997.0281268798974,1082.865,893.7065057518884,813.486,833.5045860258191,709.131,363.66015533491117,318.952
heating_validation,E70,2700.0,1020.2326365995963,1158.951,986.2817109824933,1110.1,872.0804228938955,863.606,997.4043001150613,1083.165,894.3834372841324,815.562,834.32465909638,711.598,364.32816151276046,319.66999999999996
heating_validation,E70,2750.0,1020.3059602521507,1159.917,986.6600756576569,1110.505,872.7954596709818,865.331,997.6514723548205,1083.566,895.023353362372,817.646,835.1373344165518,714.031,364.96977704847245,320.38899999999995
heating_validation,E70,2800.0,1020.450358929985,1158.1190000000001,987.0069611643046,1110.975,873.4669793206475,867.127,997.8888199753051,1084.066,895.5668891742362,819.84,835.9073900513013,716.508,365.5863959058021,321.13
heating_validation,E70,2850.0,1020.6032973800709,1158.304,987.3602926124358,1111.339,874.1130884715235,868.795,998.1995027655536,1084.433,896.1017344372499,821.858,836.6484771106984,718.7570000000001,366.1792646080369,321.823
heating_validation,E70,2950.0,1020.8808847915278,1157.05,988.0854971673598,1112.04,875.4781785180561,871.9929999999999,998.8424073407937,1085.19,897.3264125063682,825.747,838.2230644552643,723.13,367.29841663354716,323.20799999999997
heating_validation,E70,3000.0,1021.0049577173294,1156.7269999999999,988.3892969686127,1112.1999999999998,876.0594548310276,873.4689999999999,999.0729123693009,1085.373,897.777621205808,827.4789999999999,838.8965936083636,725.126,367.8269248742562,323.87
heating_validation,E70,3050.0,1021.0926841959905,1156.6799999999998,988.6847202319308,1112.591,876.6367162094034,874.827,999.3152266293112,1085.734,898.2720533615246,829.097,839.5686771101261,727.029,368.33621426123557,324.53499999999997
heating_validation,E70,3100.0,1021.2210427815239,1157.667,988.9640129984266,1112.989,877.199849037332,876.323,999.5386785389856,1086.114,898.7489975904934,830.809,840.2278413276607,729.093,368.82744816845803,325.253
heating_validation,E70,3150.0,1021.3431687705332,1157.512,989.2503146706829,1113.434,877.7543973301679,877.616,999.8063295854606,1086.562,899.2339547117676,832.346,840.8774021836648,730.899,369.3016638417181,325.899
heating_validation,E70,3200.0,1021.5095339491542,1157.79,989.5329408327713,1113.874,878.3000005154303,878.922,1000.0669133236463,1087.016,899.7080568462584,833.847,841.5168159561896,732.637,369.75967023959527,326.517
heating_validation,E70,3250.0,1021.673954656534,1157.179,989.8291095052704,1113.9479999999999,878.8430636293049,880.2909999999999,1000.3690990107405,1087.156,900.1970744098235,835.381,842.1519536060878,734.443,370.20222677884993,327.18199999999996
heating_validation,E70,3300.0,1021.8524065130463,1157.521,990.1238729601907,1114.232,879.3856286599347,881.4119999999999,1000.6559288823645,1087.408,900.6904801401407,836.701,842.7863031647618,736.064,370.63024027752886,327.80499999999995
heating_validation,E70,3350.0,1021.9559423241825,1157.568,990.4155669195295,1114.617,879.9331979332649,882.52,1000.9323871451813,1087.7869999999998,901.2083761515354,838.005,843.4280557436251,737.637,371.04455808740295,328.402
heating_validation,E70,3450.0,1022.034828595398,1156.4850000000001,990.9197090731525,1114.992,881.0826270118671,884.793,1001.2867519294729,1088.19,902.2577455439954,840.535,844.8024324637923,740.73,371.83528775733356,329.61699999999996
heating_validation,E70,3500.0,1022.1466938909937,1156.405,991.126899738552,1114.953,881.5557104981051,885.8109999999999,1001.428073587683,1088.1979999999999,902.5906559996093,841.696,845.3720144125305,742.1859999999999,372.2131877447322,330.22499999999997
heating_validation,E70,3550.0,1022.2556972636036,1154.9009999999998,991.35446530161,1115.1480000000001,882.024335916815,886.737,1001.6554986325194,1088.382,902.9748224225284,842.749,845.9342692833112,743.5129999999999,372.58019657085833,330.78
heating_validation,E70,3600.0,1022.3866814325958,1155.599,991.5814089209385,1115.292,882.4938933104407,887.607,1001.8732707185032,1088.5149999999999,903.3830249569737,843.763,846.4970652562612,744.799,372.9367337705775,331.315
heating_validation,E70,3650.0,1022.4927670506222,1154.9279999999999,991.8149392902433,1115.618,882.9664983977768,888.588,1002.1078465928662,1088.827,903.81434344803,844.847,847.0632073307495,746.13,373.2831779783062,331.865
heating_validation,E70,3700.0,1022.5788488432287,1155.561,992.0356973825513,1115.7559999999999,883.4396868167595,889.501,1002.3019471774942,1088.991,904.2467014661856,845.8489999999999,847.632203561563,747.376,373.6199083194423,332.36899999999997
heating_validation,E70,3750.0,1022.6117957785677,1154.5459999999998,992.2409403109052,1115.576,883.9095557323532,890.3589999999999,1002.4664446664567,1088.902,904.6742558024333,846.805,848.2011953006522,748.5229999999999,373.94730847958726,332.88599999999997
heating_validation,E70,3850.0,1022.7280886860107,1153.8339999999998,992.618894415415,1115.6109999999999,884.8730432453093,891.807,1002.7486122590741,1088.944,905.5053767743062,848.519,849.3859977484829,750.75,374.5757612538615,333.914
heating_validation,E70,3900.0,1022.778780945289,1153.4479999999999,992.7873433777039,1115.635,885.285835137742,892.509,1002.8876205304131,1088.982,905.8224775879308,849.3149999999999,849.8939455298495,751.77,374.8776075093674,334.388
heating_validation,E70,3950.0,1022.894621273719,1152.877,992.9604756026998,1115.768,885.6933325926244,893.207,1003.0507568193406,1089.109,906.1525730983375,850.159,850.3950565490243,752.838,375.17168570426537,334.91299999999995
heating_validation,E70,4000.0,1022.9694729246612,1152.274,993.1535316286436,1115.9270000000001,886.1103117711845,893.932,1003.2659833615949,1089.246,906.5350709269147,850.9399999999999,850.9047305746989,753.837,375.45837205359555,335.388
heating_validation,E70,4050.0,1022.9736324441492,1152.07,993.3254782505802,1115.903,886.5380258727046,894.567,1003.405225786759,1089.24,906.9422768482117,851.658,851.4302885567548,754.7729999999999,375.7380388839873,335.864
heating_validation,E70,4100.0,1022.9554846543821,1153.181,993.4678142617729,1116.0810000000001,886.9565000150236,895.179,1003.4834748869437,1089.403,907.3133493484102,852.4159999999999,851.9515934921412,755.721,376.01102499124005,336.364
heating_validation,E70,4150.0,1022.9637526821177,1152.607,993.595681824215,1116.341,887.3563423898419,895.816,1003.559735562604,1089.656,907.6400683934912,853.098,852.4548858234392,756.5709999999999,376.2777003868103,336.83
heating_validation,E70,4200.0,1022.9896321978956,1152.036,993.7265185228381,1116.541,887.7444247026332,896.4879999999999,1003.6706726009587,1089.859,907.9577590212073,853.824,852.9445780221217,757.449,376.5384030098556,337.29699999999997
heating_validation,E70,4250.0,1023.0630023579782,1151.5520000000001,993.8650143251878,1116.4270000000001,888.1257062725979,897.1039999999999,1003.8087066929534,1089.829,908.2739393447714,854.543,853.4246066243832,758.329,376.7934316563577,337.77799999999996
heating_validation,E70,4350.0,1023.2975872487143,1151.282,994.2369997683501,1116.623,888.9757506251816,898.163,1004.2495665883686,1089.946,909.0643311434538,855.735,854.4793597537684,759.9069999999999,377.2874518762389,338.63699999999994
heating_validation,E70,4400.0,1023.431004049678,1153.3629999999998,994.4112585614884,1116.5839999999998,889.3530547653702,898.6859999999999,1004.4287658337375,1089.964,909.3780257526129,856.357,854.9445388258265,760.7049999999999,377.52683592730534,339.086
heating_validation,E70,4450.0,1023.5187867876116,1152.061,994.5978394526128,1116.8319999999999,889.7467552202958,899.226,1004.6312425370572,1090.1979999999999,909.751463542134,856.929,855.4272947197079,761.432,377.7614765208429,339.508
heating_validation,E70,4500.0,1023.6234648846712,1151.933,994.7731605703649,1116.9189999999999,890.1444625369569,899.726,1004.7903138354202,1090.2649999999999,910.1193992522542,857.4929999999999,855.9164635308275,762.13,377.9916780993959,339.904
heating_validation,E70,4550.0,1023.7964527707452,1152.588,994.9628292946578,1117.143,890.5363407642161,900.185,1004.9952495536569,1090.452,910.4651563971331,858.0559999999999,856.3971317316872,762.7829999999999,378.2176975710678,340.313
heating_validation,E70,4600.0,1023.8408173568305,1153.37,995.1641560504901,1117.4119999999998,890.9481239614265,900.6999999999999,1005.2152961255487,1090.749,910.8785006718236,858.595,856.8992116715093,763.4549999999999,378.439756017679,340.707
heating_validation,E70,4650.0,1023.8544076125742,1153.078,995.317591569703,1117.712,891.3592121325381,901.216,1005.2943589748006,1091.042,911.2606066646683,859.1709999999999,857.4080968767156,764.1469999999999,378.65808688156164,341.11199999999997
heating_validation,E70,4750.0,1023.9696914791613,1151.1390000000001,995.6232170765102,1117.741,892.1888276931934,902.168,1005.5341308225741,1091.136,911.9667330303764,860.235,858.4502722130978,765.3969999999999,379.08445366716603,341.849
heating_validation,E70,4800.0,1023.9992342423649,1152.259,995.7576921198748,1117.797,892.548987167975,902.6,1005.6432435896218,1091.173,912.2495175477359,860.711,858.9028626276408,766.02,379.29273333200774,342.23299999999995
heating_validation,E70,4850.0,1024.091839342076,1152.746,995.8907810100727,1118.011,892.9034384711717,902.986,1005.7601411459007,1091.367,912.5344138189593,861.144,859.3492203702228,766.557,379.49782674794596,342.58399999999995
heating_validation,E70,4900.0,1024.2254155406154,1151.778,996.0514646123471,1118.186,893.2586130629815,903.396,1005.9559671892529,1091.566,912.8410928029797,861.596,859.7922912952432,767.111,379.69973879757333,342.93199999999996
heating_validation,E70,4950.0,1024.293510905154,1151.951,996.2231366051882,1118.277,893.6322215494163,903.831,1006.1530298324292,1091.657,913.2061916993371,862.069,860.2543727010832,767.701,379.898537873914,343.29499999999996
heating_validation,E70,5000.0,1024.368236692968,1151.895,996.3766650015395,1118.432,894.0085587144713,904.2139999999999,1006.2840461103876,1091.8249999999998,913.5566578656691,862.506,860.722494421616,768.202,380.0943469052192,343.64799999999997
heating_validation,E70,5050.0,1024.390143023836,1152.268,996.5264787489999,1118.509,894.385035941529,904.581,1006.4167727941563,1091.897,913.9064304790606,862.909,861.1927536868359,768.712,380.28733931103875,343.97499999999997
heating_validation,E70,5100.0,1024.477420438568,1152.4569999999999,996.6595028312483,1118.741,894.7487405150598,904.901,1006.5136283064774,1092.1309999999999,914.2102943844013,863.318,861.6506327270588,769.2149999999999,380.47762713773915,344.291
heating_validation,E70,5150.0,1024.5722053693594,1152.539,996.8145233334988,1118.936,895.1082133145682,905.3249999999999,1006.6880877356066,1092.311,914.5221009697768,863.745,862.1007535567176,769.721,380.6653001198994,344.63199999999995
heating_validation,E70,5250.0,1024.7155288267609,1150.594,997.1430991784868,1118.9470000000001,895.9094856181209,906.083,1007.0144548849004,1092.368,915.2743465810589,864.5509999999999,863.102108784369,770.693,381.03319245479463,345.27599999999995
heating_validation,E70,5300.0,1024.735863527085,1152.1329999999998,997.27651093852,1118.578,896.2598835424361,906.295,1007.1127722233797,1092.0729999999999,915.5621982954266,864.862,863.5420753600412,771.085,381.21352269736064,345.563
heating_validation,E70,5350.0,1024.8521205207571,1153.192,997.4033370173777,1118.99,896.5982589161721,906.518,1007.2133379562769,1092.353,915.8254984496224,865.124,863.9696548956814,771.49,381.3915081898506,345.875
heating_validation,E70,5400.0,1024.9682114479065,1152.045,997.5639067551269,1119.437,896.9409329112103,906.9209999999999,1007.4151662207561,1092.821,916.128589187799,865.509,864.3973853543438,771.934,381.5672687499109,346.187
heating_validation,E70,5450.0,1025.0343638189538,1151.5079999999998,997.7220369495802,1119.355,897.2997396255732,907.289,1007.5794178774942,1092.775,916.4755919916803,865.903,864.8430997826815,772.361,381.7408954058735,346.47799999999995
heating_validation,E70,5500.0,1025.1128012122817,1151.742,997.8682694416702,1119.31,897.6577023476074,907.549,1007.7071268764721,1092.7440000000001,916.8030719600251,866.2239999999999,865.2902911846588,772.7429999999999,381.9124566212679,346.76199999999994
heating_validation,E70,5550.0,1025.1346372831358,1152.242,998.0110636429126,1119.614,898.017199021395,907.841,1007.8344750104527,1092.946,917.1366372284168,866.512,865.7407615789128,773.124,382.08199641280237,347.05199999999996
heating_validation,E70,5650.0,1025.2101718711958,1150.7350000000001,998.2582826963431,1119.344,898.7633859051718,908.345,1008.0081951900685,1092.835,917.7846657578453,867.124,866.6918557380667,773.8969999999999,382.41534236291653,347.59999999999997
heating_validation,E70,5700.0,1025.2128113573135,1151.301,998.3680265606234,1119.387,899.0868702562277,908.5319999999999,1008.0966448314614,1092.871,918.0400061929076,867.36,867.1044083490734,774.222,382.5792403390144,347.88599999999997
heating_validation,E70,5750.0,1025.2598766535855,1152.009,998.4698090425421,1119.548,899.4055887871106,908.81,1008.1736624071494,1092.9560000000001,918.2962630410351,867.626,867.5129555725433,774.567,382.74129109602586,348.147
heating_validation,E70,5800.0,1025.4288527850183,1152.196,998.6002918634093,1119.759,899.7156339177686,909.019,1008.3398976853285,1093.167,918.5414029102991,867.898,867.9070756370006,774.873,382.90150106974534,348.412
heating_validation,E70,5850.0,1025.5462011879463,1152.0149999999999,998.7728710461171,1119.998,900.0486007103425,909.3,1008.5889594236869,1093.399,918.8710007609387,868.198,868.3200646248677,775.2239999999999,383.05986577876314,348.662
heating_validation,E70,5900.0,1025.5710658147277,1152.1129999999998,998.9259729101451,1120.05,900.4048430742404,909.581,1008.7345025806201,1093.4470000000001,919.2413340478228,868.467,868.7621171886018,775.538,383.21640783238706,348.902
heating_validation,E70,5950.0,1025.6679673903368,1151.789,999.0570799592613,1120.086,900.7484302703078,909.8,1008.8281654552255,1093.513,919.5424486185316,868.735,869.194209938282,775.858,383.37114931293524,349.14799999999997
heating_validation,E70,6000.0,1025.730443187984,1151.963,999.2055723895294,1120.202,901.090805135672,910.033,1008.9884544873782,1093.6219999999998,919.8531015545195,868.983,869.6230984149084,776.142,383.52420949012,349.39799999999997
heating_validation,E70,6050.0,1025.7573447163907,1152.679,999.3354451511204,1120.377,901.4364530601488,910.281,1009.0881772009985,1093.778,920.1692412741388,869.23,870.0579059059955,776.452,383.6757074686857,349.631
heating_validation,E70,6150.0,1025.894952528204,1151.066,999.5989069830183,1119.962,902.1548447562129,910.631,1009.3189911166651,1093.4859999999999,920.794112435598,869.683,870.9706670473441,777.044,383.9742419707814,350.11899999999997
heating_validation,E70,6200.0,1026.0669262457352,1152.3220000000001,999.734736171465,1119.9189999999999,902.4605281106151,910.786,1009.4703467085237,1093.422,921.0161806638806,869.845,871.3558643699114,777.31,384.1213689668498,350.35499999999996
heating_validation,E70,6250.0,1026.1623115108807,1151.8310000000001,999.9077256885971,1120.054,902.790120947784,910.942,1009.7037384430882,1093.548,921.3376050298072,870.0409999999999,871.7626085446116,777.549,384.26707658512044,350.58899999999994
heating_validation,E70,6300.0,1026.2691102571564,1151.894,1000.061375685452,1120.281,903.1313551585204,911.122,1009.8455697194163,1093.726,921.6654740519222,870.2139999999999,872.1848553990696,777.7729999999999,384.41137494407633,350.803
heating_validation,E70,6350.0,1026.3719917368076,1151.6419999999998,1000.2230754378517,1120.291,903.4731753218911,911.332,1010.0156777425888,1093.783,921.985601611994,870.454,872.607987756224,778.0409999999999,384.55427658329586,351.03099999999995
heating_validation,E70,6400.0,1026.3685172976577,1150.62,1000.369471469561,1120.2559999999999,903.8252246271938,911.504,1010.1360903897381,1093.77,922.3303003185852,870.644,873.0454922005814,778.2829999999999,384.69587272515673,351.229
heating_validation,E70,6450.0,1026.4371475494174,1150.891,1000.4829373905046,1119.969,904.159302504941,911.669,1010.1862071131733,1093.548,922.6041267307482,870.823,873.4681511596378,778.506,384.8362506062932,351.43899999999996
heating_validation,E70,6550.0,1026.7636594883616,1150.183,1000.8329057506479,1120.0369999999998,904.8715751826409,911.9069999999999,1010.6139154207818,1093.5929999999998,923.234277303338,871.107,874.3538513602196,778.948,385.1134924377931,351.83099999999996
heating_validation,E70,6600.0,1026.7939438826245,1150.574,1000.9890444258245,1119.8229999999999,905.204156657263,911.991,1010.7616224464523,1093.3980000000001,923.543201466884,871.249,874.7645458071466,779.142,385.2502753381925,352.02099999999996
heating_validation,E70,6650.0,1026.7525377733039,1150.8919999999998,1001.100692397496,1119.769,905.5416772724059,912.0699999999999,1010.7935706467409,1093.353,923.855457422833,871.39,875.1890672515372,779.353,385.3858346728479,352.24
heating_validation,E70,6700.0,1026.8101668406061,1152.554,1001.1915898050908,1120.2379999999998,905.8525041602242,912.1659999999999,1010.8213443024339,1093.714,924.0870850578666,871.496,875.5881770090884,779.53,385.5202798704854,352.42199999999997
heating_validation,E70,6702.0,1026.8122836668003,1152.474,1001.1948008781777,1120.277,905.8633258957833,912.173,1010.822334173134,1093.725,924.0931924026781,871.483,875.6021101379747,779.518,385.52563550005397,352.421
heating_training,E71,0.0,293.758,303.734,293.758,307.638,293.758,305.654,293.758,307.28999999999996,293.758,304.23499999999996,293.7579999999999,303.241,293.758,293.61699999999996
heating_training,E71,50.0,394.17027177963314,314.317,328.3877618636418,308.688,303.692729981291,306.623,381.17220616758203,305.181,318.9759779079693,303.01099999999997,300.37561300435067,302.849,293.7591738204079,293.642
heating_training,E71,100.0,501.54299752287415,543.252,385.58081799459416,420.43899999999996,331.5260806177806,336.19599999999997,493.98907465442426,373.44399999999996,379.6097394483935,321.029,323.40191289464025,311.23299999999995,293.7658825894317,293.674
heating_training,E71,200.0,697.9922426619462,834.843,537.1027602151746,614.327,430.88344861149744,427.092,709.9640755031843,550.7729999999999,541.0618939024935,393.775,411.70435372735324,351.95899999999995,293.81711338344235,293.71999999999997
heating_training,E71,250.0,770.4974767253755,919.466,601.0677736802454,684.318,477.03995357153747,461.46,772.1694749008427,621.241,595.6134574763515,423.534,453.3768660313026,368.68399999999997,293.89656112029803,293.762
heating_training,E71,300.0,831.5242137953603,982.526,660.6933761768734,744.075,523.2411182104303,491.787,825.0410627657336,683.353,646.5335463394788,450.417,495.53824927308426,383.62199999999996,294.05552051659106,293.823
heating_training,E71,350.0,882.2678568536473,1024.551,714.5407992300284,788.496,567.3667716787274,515.5169999999999,868.0122770341426,730.9649999999999,690.7163952027859,471.625,536.1340171456013,396.00699999999995,294.33638939395644,293.876
heating_training,E71,400.0,924.1468992321719,1057.44,762.1372252105381,824.337,608.1906738986173,535.585,902.2784035523902,770.026,727.7375981017066,490.13199999999995,573.9408435385686,407.144,294.7820130719395,293.929
heating_training,E71,450.0,958.6799586907408,1081.466,803.6020233209721,853.899,645.1006537495749,553.059,929.4961441386891,803.055,758.1864203676768,506.292,608.3082384988465,417.364,295.4301698146362,293.99199999999996
heating_training,E71,550.0,1011.6384085199563,1118.474,872.8440967076208,900.981,709.9536468588038,583.43,972.4600960663103,855.209,807.8481275279581,534.6769999999999,669.1494423186142,437.013,297.4384265423691,294.15099999999995
heating_training,E71,600.0,1030.4403556713573,1131.28,898.4152733188673,918.9549999999999,734.4928281058571,596.1089999999999,984.7979742219928,875.025,822.3953674692494,546.681,692.2551917892215,446.53499999999997,298.8220843732603,294.24699999999996
heating_training,E71,650.0,1045.9323088891738,1143.059,920.2886839719536,935.4599999999999,755.9165250832073,608.47,995.7958951724755,893.534,835.4534465506756,558.685,712.4913451048659,456.905,300.45542043089654,294.35299999999995
heating_training,E71,700.0,1058.7315608339823,1151.771,938.9788240207947,949.192,774.5652885716404,619.2929999999999,1005.3334089503117,908.7819999999999,846.8620546877019,569.218,730.1570963458973,466.635,302.3235331320004,294.481
heating_training,E71,750.0,1069.3181551125344,1158.328,954.9594604794574,961.1949999999999,790.7798253422998,629.313,1013.5613366121339,921.8969999999999,856.7576860488939,579.0509999999999,745.5587456814013,475.87399999999997,304.40405515822744,294.63399999999996
heating_training,E71,850.0,1085.9371936081773,1170.3519999999999,981.4054773458834,982.5029999999999,818.3563547728933,648.539,1028.10562897118,945.443,874.4499589517038,597.995,771.8810365690846,493.818,309.0885905596857,295.029
heating_training,E71,900.0,1091.9397220643032,1174.5140000000001,991.2435201281249,991.364,828.7683817718363,657.096,1032.6983576163218,955.264,880.0877156255136,606.691,781.8481948542947,501.548,311.62994135600263,295.245
heating_training,E71,950.0,1097.022146154185,1179.19,999.7592512979962,999.477,837.9075764732131,665.287,1037.0538303474323,964.524,885.4678164141067,615.011,790.621707025116,508.84799999999996,314.26177505258323,295.493
heating_training,E71,1000.0,1101.3290601111123,1183.402,1007.1654577472535,1007.482,845.9564753014354,673.6610000000001,1041.0685744732832,973.736,890.4391426081891,623.423,798.3706843490448,516.278,316.954236846439,295.784
heating_training,E71,1050.0,1104.9168797575603,1187.579,1013.6249492830841,1014.467,853.0841881521937,681.066,1044.6941504444708,981.663,895.0121516840964,630.825,805.2567869031457,522.66,319.6798276989644,296.106
heating_training,E71,1100.0,1107.9622106940635,1190.426,1019.2594277704223,1020.861,859.412957629215,688.204,1047.8992088694074,989.138,899.1600430787985,638.0840000000001,811.3949144627799,527.364,322.414274267853,296.462
heating_training,E71,1200.0,1113.287471631893,1194.4099999999999,1029.0833983890075,1032.351,870.6465738099123,701.939,1054.0914585806065,1002.294,907.0474519120598,652.1569999999999,822.3496032866619,541.837,327.8289767506705,297.352
heating_training,E71,1250.0,1115.29525024892,1196.865,1032.890955112103,1037.347,875.0368373829521,708.143,1056.2398897160149,1007.922,909.7636393497943,658.577,826.6445907939501,548.25,330.4766724117195,297.84799999999996
heating_training,E71,1300.0,1117.0992854696808,1197.933,1036.3153960313455,1041.966,879.0355154353067,714.096,1058.3629948111493,1013.096,912.4959797341074,664.778,830.5708595536213,554.449,333.06767222279586,298.356
heating_training,E71,1350.0,1118.7136500245301,1199.504,1039.4201884358474,1046.538,882.6916065675434,720.345,1060.417908897221,1018.129,915.1320485858997,671.278,834.1743189419701,560.96,335.5924840757724,298.95599999999996
heating_training,E71,1400.0,1120.1245085238445,1201.916,1042.2399695703155,1050.5839999999998,886.0564903098962,725.905,1062.3430012775375,1022.52,917.65318737212,677.121,837.5051371834769,566.779,338.0437957883719,299.53299999999996
heating_training,E71,1500.0,1122.6656382965689,1203.217,1047.4375395162874,1057.953,892.4207568347707,736.8389999999999,1066.1319544483483,1030.504,922.754553945724,688.646,843.8573944955614,578.316,342.70606149136285,300.79699999999997
heating_training,E71,1550.0,1123.6751511261336,1204.882,1049.5093978056966,1061.195,894.9859231588891,741.814,1067.456450669398,1033.961,924.5413751711135,693.847,846.4292273561064,583.674,344.911110697542,301.445
heating_training,E71,1600.0,1124.6234541365818,1206.316,1051.4332907789685,1064.301,897.3899100379739,746.623,1068.8129107818665,1037.269,926.369857511883,698.9739999999999,848.8494459595403,588.851,347.0303279922294,302.126
heating_training,E71,1650.0,1125.4840864318967,1206.953,1053.2286018299933,1067.4650000000001,899.6539832263162,751.546,1070.14911329731,1040.65,928.1790452354144,704.256,851.1387303479771,594.233,349.06378520716714,302.87199999999996
heating_training,E71,1700.0,1126.2658710705105,1206.895,1054.8986747874633,1070.2469999999998,901.7929312006265,756.0419999999999,1071.4101124907324,1043.57,929.9326231130729,709.0429999999999,853.312118556374,599.17,351.0123935570752,303.601
heating_training,E71,1750.0,1127.0736943063275,1207.315,1056.4594328377814,1072.79,903.8045225934036,760.326,1072.6079367170132,1046.243,931.5761622972386,713.5889999999999,855.363398179315,603.939,352.87773126262255,304.339
heating_training,E71,1850.0,1128.4838820682355,1206.772,1059.5447108293106,1077.297,907.8342947248909,768.689,1075.1781732098173,1051.051,935.1279950915056,722.555,859.5027271655086,613.332,356.36710091809925,305.895
heating_training,E71,1900.0,1129.0125674230542,1208.074,1060.7858690142746,1079.217,909.5097696281888,772.5329999999999,1076.0235417243027,1053.066,936.4116578131717,726.693,861.2364520373122,617.673,357.9961614423678,306.669
heating_training,E71,1950.0,1129.6182400031985,1208.083,1061.9526620376578,1081.2379999999998,911.099211812175,776.172,1076.8860038533965,1055.161,937.6792598947022,730.671,862.8883825016609,621.866,359.5518434953809,307.42999999999995
heating_training,E71,2000.0,1130.1381418391848,1208.563,1063.086833138526,1083.2150000000001,912.6284399471434,780.019,1077.826671402056,1057.216,938.9765454917824,734.835,864.482899406583,626.249,361.03709628356916,308.262
heating_training,E71,2050.0,1130.5462225486597,1208.615,1064.1459493303569,1084.933,914.1137736146904,783.506,1078.6657728282287,1059.013,940.2837406661214,738.603,866.0417257748334,630.236,362.4549240633437,309.048
heating_training,E71,2150.0,1131.40486561687,1209.452,1066.1911604215934,1088.304,917.0950284042178,790.273,1080.3192280905596,1062.473,942.9280109273344,745.895,869.2056574741503,638.056,365.10049363600683,310.66999999999996
heating_training,E71,2200.0,1131.8654912242328,1209.193,1067.049130818242,1089.78,918.3284634243691,793.401,1080.9594972101572,1064.01,943.850099523694,749.28,870.517077504737,641.6669999999999,366.3342581308722,311.46999999999997
heating_training,E71,2250.0,1132.2396054002133,1208.712,1067.9030210854796,1091.186,919.5390187814257,796.385,1081.700576501975,1065.434,944.8847429072479,752.573,871.8073194320533,645.203,367.5125725781413,312.26099999999997
heating_training,E71,2300.0,1132.5290138844562,1209.059,1068.7034651260126,1092.38,920.7316973108143,799.289,1082.3503934275484,1066.6680000000001,945.9562695755388,755.7149999999999,873.0870435675293,648.624,368.6382258650169,313.043
heating_training,E71,2350.0,1132.8447234311516,1210.304,1069.4528397945471,1093.6779999999999,921.8791820530258,802.204,1082.9430646184978,1068.0430000000001,946.9596852027965,758.95,874.3266191099681,652.145,369.7139438601049,313.888
heating_training,E71,2450.0,1133.532401272955,1209.473,1070.9951326472035,1096.1129999999998,924.231706374452,807.559,1084.303892672936,1070.513,949.0877844282634,764.731,876.8834649529674,658.48,371.72628530116117,315.44899999999996
heating_training,E71,2500.0,1133.845014725276,1210.255,1071.6432617544044,1097.085,925.2267262471604,810.068,1084.803075223582,1071.498,949.8712920986762,767.48,877.9687852146659,661.482,372.66785061795184,316.21799999999996
heating_training,E71,2550.0,1134.1431454657788,1209.755,1072.2799943709165,1098.246,926.2046698714299,812.674,1085.3464264147676,1072.643,950.7131465135286,770.304,879.0390577368554,664.606,373.5694442031662,317.027
heating_training,E71,2600.0,1134.5048070894009,1210.232,1072.9009435079654,1099.201,927.1576781485053,815.016,1085.8895334461504,1073.638,951.5432867903013,772.8389999999999,880.0842578367341,667.422,374.43329890935445,317.80199999999996
heating_training,E71,2650.0,1134.878252599918,1210.9099999999999,1073.5285860760957,1100.096,928.0924072976811,817.281,1086.4855932227892,1074.562,952.379775892551,775.2629999999999,881.1097633097365,670.162,375.26155572818413,318.556
heating_training,E71,2700.0,1135.2304449277913,1210.451,1074.1485710744948,1101.194,929.0194164070529,819.616,1087.0683051479084,1075.6509999999998,953.2335347077258,777.768,882.1281607046882,673.017,376.0562705408445,319.344
heating_training,E71,2800.0,1135.7785619951774,1210.089,1075.4052604140966,1102.884,931.0038648168791,823.8349999999999,1088.2111313472872,1077.338,955.1376817415627,782.242,884.32884118667,678.108,377.5527854371616,320.839
heating_training,E71,2850.0,1136.0098280736172,1208.403,1075.916543321567,1103.5720000000001,931.8453644749294,825.848,1088.5817771562938,1078.028,955.8131438211526,784.4079999999999,885.2689184745236,680.5360000000001,378.25826017742367,321.54999999999995
heating_training,E71,2900.0,1136.165231450684,1209.424,1076.4068403481808,1104.157,932.6749833113719,827.865,1088.9733071383969,1078.6619999999998,956.5378057593896,786.677,886.2022786755197,683.0699999999999,378.93747342735685,322.327
heating_training,E71,2950.0,1136.4283818174615,1208.532,1076.8638364047883,1104.79,933.4718596628531,829.664,1089.3253037302595,1079.321,957.2068747443358,788.685,887.1034275688468,685.3340000000001,379.5919363392195,323.02599999999995
heating_training,E71,3000.0,1136.7165431298483,1208.746,1077.3408338123324,1105.375,934.2452698601298,831.41,1089.7862184607384,1079.905,957.8742755674807,790.622,887.9776776945589,687.524,380.2229792787938,323.734
heating_training,E71,3100.0,1137.3842534869411,1209.0259999999998,1078.3816181463492,1106.586,935.9089114139961,834.8919999999999,1090.8204949097185,1081.1419999999998,959.4324556258674,794.434,889.8570257603469,691.823,381.41965131294387,325.15799999999996
heating_training,E71,3150.0,1137.586938952252,1207.908,1078.8324765875693,1107.137,936.6398638179741,836.47,1091.209124488694,1081.7179999999998,960.0628192284515,796.199,890.6850552531978,693.838,381.98760706199135,325.818
heating_training,E71,3200.0,1137.7581482669539,1209.2469999999998,1079.2516960336386,1107.589,937.3716514078983,838.121,1091.542665417594,1082.158,960.7275966068459,798.0079999999999,891.5199836201476,695.902,382.5368531806715,326.542
heating_training,E71,3250.0,1137.9216976076445,1207.847,1079.650656350084,1108.1309999999999,938.0883532834342,839.568,1091.869422394314,1082.724,961.3711900969702,799.632,892.3435759242774,697.751,383.0685236696796,327.188
heating_training,E71,3300.0,1138.1223297011795,1208.204,1080.0358815978511,1108.5140000000001,938.784968867148,841.002,1092.1968426580484,1083.099,961.9821330543406,801.2479999999999,893.1473120983695,699.5509999999999,383.5835742847002,327.84799999999996
heating_training,E71,3350.0,1138.3403875097445,1208.368,1080.423626505032,1108.976,939.4667535119797,842.422,1092.559699530864,1083.56,962.5849388565671,802.8009999999999,893.9349139782184,701.345,384.0829372565319,328.47999999999996
heating_training,E71,3450.0,1138.6913514698397,1207.3,1081.238302209386,1109.8609999999999,940.9400715052278,845.138,1093.3319846822067,1084.431,963.9815330540524,805.8439999999999,895.6441268853824,704.8399999999999,385.0378444769618,329.77099999999996
heating_training,E71,3500.0,1138.8086344168878,1206.661,1081.5721447132373,1110.094,941.5752562882325,846.4309999999999,1093.5826526021235,1084.69,964.5033867624659,807.25,896.3858498451993,706.441,385.494855321066,330.388
heating_training,E71,3550.0,1138.958449569036,1208.1390000000001,1081.8901600988534,1110.466,942.1975249552805,847.7049999999999,1093.835177599709,1085.024,965.0316144240933,808.68,897.1167149328015,708.0909999999999,385.9391691917684,331.03799999999995
heating_training,E71,3600.0,1139.1394960281916,1207.182,1082.2119051809414,1110.8919999999998,942.8068265552126,848.852,1094.1313388940112,1085.4679999999998,965.5592463027559,809.959,897.8336077636641,709.597,386.3714224405118,331.631
heating_training,E71,3650.0,1139.308157463801,1207.74,1082.538132146233,1111.217,943.4140328309288,850.0079999999999,1094.448535988129,1085.788,966.1090432754575,811.2189999999999,898.5478124833962,711.064,386.7921635279738,332.231
heating_training,E71,3750.0,1139.6212717036467,1207.607,1083.2203468734904,1112.011,944.7294727053467,852.2379999999999,1095.099252976302,1086.551,967.3555738887299,813.709,900.1018999758667,713.909,387.6013018466042,333.38
heating_training,E71,3800.0,1139.740264542201,1207.473,1083.5084821535079,1112.42,945.2984199767266,853.292,1095.331667470663,1086.94,967.8238151327085,814.8489999999999,900.7767156870805,715.246,387.99063286234804,333.952
heating_training,E71,3850.0,1139.8275745249916,1207.272,1083.7861914871764,1112.71,945.8676274849099,854.3389999999999,1095.5648733559763,1087.251,968.329482597015,815.982,901.4549745995679,716.558,388.3704706489092,334.496
heating_training,E71,3900.0,1139.8320319808165,1207.413,1084.0434943326634,1112.9969999999998,946.4381768520517,855.4069999999999,1095.7675744991252,1087.531,968.8574421239841,817.138,902.1398153961844,717.8779999999999,388.7412880682448,335.061
heating_training,E71,3950.0,1139.8624258495765,1208.3319999999999,1084.2675463405049,1113.387,946.991911352479,856.323,1095.9115456362388,1087.936,969.3403318331042,818.1859999999999,902.8112842726025,719.087,389.1034697703752,335.59999999999997
heating_training,E71,4000.0,1139.8679749455212,1206.7359999999999,1084.4866643397256,1113.749,947.5304163999238,857.278,1096.0886495151149,1088.318,969.8087437518462,819.2379999999999,903.4685512451238,720.276,389.45736783520454,336.142
heating_training,E71,4100.0,1140.0771644582026,1207.163,1084.9450451642576,1114.042,948.6427093524096,859.112,1096.502991349416,1088.615,970.7756504801124,821.2769999999999,904.8338448201196,722.637,390.14155080572107,337.19399999999996
heating_training,E71,4150.0,1140.178842226896,1206.137,1085.16632643253,1114.2440000000001,949.1272092282911,859.915,1096.7254601667526,1088.841,971.1677024387898,822.1899999999999,905.4253178745834,723.681,390.4722670294421,337.688
heating_training,E71,4200.0,1140.3015418438968,1206.346,1085.3962315285505,1114.4769999999999,949.6199181209726,860.7479999999999,1096.9622818552232,1089.047,971.6089048901896,823.127,906.024505469659,724.778,390.7957059167949,338.20599999999996
heating_training,E71,4250.0,1140.4477218040104,1206.261,1085.6379605396608,1114.658,950.1171615346989,861.505,1097.2212588800262,1089.254,972.0682246736507,823.996,906.6276251192103,725.78,391.1121355232754,338.69
heating_training,E71,4300.0,1140.5323268359841,1205.922,1085.8855549693264,1114.8229999999999,950.6273152160605,862.218,1097.4815497734492,1089.4389999999999,972.5649471428009,824.802,907.2453648955089,726.736,391.4218664173483,339.16099999999994
heating_training,E71,4400.0,1140.815113291352,1206.05,1086.3888913226735,1115.135,951.7238634544133,863.7189999999999,1097.9587178027632,1089.7469999999998,973.5965987208718,826.429,908.5813121913508,728.625,392.02268172937363,340.118
heating_training,E71,4450.0,1140.9478825611798,1206.624,1086.622207878171,1115.436,952.2014278157678,864.404,1098.1829893565553,1090.033,973.992397678534,827.194,909.1613460866462,729.557,392.3144151928134,340.58399999999995
heating_training,E71,4500.0,1141.0688847064007,1205.1619999999998,1086.860533923378,1115.606,952.6885171535657,865.068,1098.420225499795,1090.219,974.4376619096785,827.933,909.7517755356906,730.406,392.6008112863985,341.017
heating_training,E71,4550.0,1141.154278047965,1205.0079999999998,1087.0950313063147,1115.6970000000001,953.1833626752579,865.73,1098.644784738587,1090.321,974.9067503449874,828.667,910.3526053703281,731.259,392.8820950954641,341.48199999999997
heating_training,E71,4600.0,1141.2900459549608,1205.424,1087.3202304531176,1115.8339999999998,953.6720702978828,866.3439999999999,1098.8473256427685,1090.464,975.34880345726,829.372,910.9479832685599,732.102,393.1585509834375,341.91999999999996
heating_training,E71,4650.0,1141.3628993066648,1205.144,1087.5542797034248,1115.9499999999998,954.1644164388001,866.923,1099.0853368476387,1090.601,975.8132555758742,830.0409999999999,911.54781289843,732.899,393.43035568732023,342.34
heating_training,E71,4750.0,1141.5280190309336,1205.525,1087.9991299680883,1116.4180000000001,955.2176974691288,868.071,1099.4680453477836,1091.029,976.7917339799252,831.324,912.843132013324,734.406,393.9607192053602,343.16099999999994
heating_training,E71,4800.0,1141.6160795819007,1206.152,1088.1967664970532,1116.743,955.6697106002798,868.7099999999999,1099.6398753436754,1091.358,977.1517274201842,831.948,913.3996001191376,735.1469999999999,394.21955103880214,343.568
heating_training,E71,4850.0,1141.7562711692374,1205.7559999999999,1088.4020950815454,1117.027,956.1195884727059,869.271,1099.8421669910035,1091.663,977.5346236702838,832.574,913.9523375323872,735.825,394.47429228656205,343.95
heating_training,E71,4900.0,1141.882290936501,1205.578,1088.6245590077535,1117.27,956.5764256946514,869.804,1100.087763635616,1091.9270000000001,977.955757212949,833.1619999999999,914.5109498187423,736.509,394.7250361514475,344.337
heating_training,E71,4950.0,1141.9581083610574,1206.146,1088.842219264584,1117.3719999999998,957.045025506023,870.367,1100.3031083437224,1092.07,978.4078364668719,833.788,915.0834261122094,737.2049999999999,394.9718938221159,344.724
heating_training,E71,5050.0,1142.1381613079973,1205.289,1089.274502472235,1117.827,958.0524098946416,871.4019999999999,1100.696221516401,1092.54,979.3551239558152,834.911,916.3244947002299,738.5039999999999,395.45447294548626,345.48499999999996
heating_training,E71,5100.0,1142.2178939607977,1205.404,1089.4645449969241,1117.716,958.4885187168072,871.933,1100.8605815135165,1092.4470000000001,979.7100439631415,835.483,916.862300593927,739.165,395.6904886896097,345.876
heating_training,E71,5150.0,1142.2366948882488,1205.449,1089.6506639359566,1117.789,958.9329917368955,872.355,1101.0265970398518,1092.512,980.1151904376659,835.941,917.4114410266168,739.76,395.9231139690886,346.222
heating_training,E71,5200.0,1142.3580685400561,1205.664,1089.8225836450908,1117.916,959.36535136045,872.751,1101.1631788016593,1092.6399999999999,980.4816298340368,836.418,917.9486124959747,740.2929999999999,396.15241993298804,346.568
heating_training,E71,5250.0,1142.4852445614551,1205.266,1090.0244316601786,1118.057,959.7954455433943,873.177,1101.3981417762814,1092.809,980.8652412729264,836.86,918.4804504495817,740.8389999999999,396.3784600373226,346.92699999999996
heating_training,E71,5350.0,1142.685490522574,1205.777,1090.461712683262,1118.226,960.7677424275255,874.007,1101.8515895882138,1092.9879999999998,981.8113905540827,837.785,919.6778348936032,741.938,396.82098784300496,347.59999999999997
heating_training,E71,5400.0,1142.8775907202685,1204.388,1090.6556313474214,1118.399,961.1825828105091,874.415,1102.0284979318287,1093.17,982.1337051809764,838.201,920.18883481171,742.4559999999999,397.03766307757155,347.92199999999997
heating_training,E71,5450.0,1142.96203009068,1204.078,1090.8780249699082,1118.3319999999999,961.6168461869456,874.764,1102.288309661659,1093.1390000000001,982.5491562207139,838.627,920.7197344398322,742.95,397.2514210226251,348.22499999999997
heating_training,E71,5500.0,1143.0758401440064,1205.1480000000001,1091.0737401001002,1118.47,962.058192389191,875.154,1102.44987909746,1093.233,982.9636508465,839.054,921.2610271254628,743.449,397.4624103061511,348.568
heating_training,E71,5550.0,1143.1297609636854,1205.269,1091.2753281274236,1118.666,962.5011736715435,875.495,1102.6487862357221,1093.444,983.3845302427538,839.415,921.8063942507385,743.928,397.6707815873053,348.865
heating_training,E71,5600.0,1143.1627436244592,1204.579,1091.4520561471081,1118.821,962.9442370422296,875.865,1102.7805514195973,1093.6039999999998,983.7955370040378,839.804,922.3550319390366,744.351,397.87660153161187,349.15999999999997
heating_training,E71,5700.0,1143.3250331557126,1205.04,1091.822383660319,1118.7759999999998,963.8696799578612,876.5319999999999,1103.1165440764823,1093.637,984.6269628204104,840.5749999999999,923.5108026748304,745.2639999999999,398.28074312831836,349.782
heating_training,E71,5750.0,1143.4063856682292,1205.255,1091.9908017959697,1119.024,964.2719540329964,876.881,1103.2708231753757,1093.788,984.9505331714632,840.906,924.0123262906159,745.6869999999999,398.4791837982831,350.05699999999996
heating_training,E71,5800.0,1143.544082650671,1204.191,1092.1685216174524,1119.1,964.6748739156433,877.18,1103.453391885613,1093.877,985.2966536167953,841.263,924.5131780072523,746.0840000000001,398.67517276916567,350.317
heating_training,E71,5850.0,1143.6075583203924,1204.75,1092.3623251374486,1119.239,965.0924920433971,877.51,1103.6729336089693,1094.011,985.6993360752468,841.632,925.0294391943349,746.5360000000001,398.8687063237785,350.604
heating_training,E71,5900.0,1143.6851899683377,1205.656,1092.5367759593726,1119.348,965.514386783684,877.775,1103.82221829968,1094.1480000000001,986.0956110048,841.963,925.5526820892206,746.901,399.05983354078046,350.866
heating_training,E71,6000.0,1143.8780468029054,1204.347,1092.9335116370078,1119.6619999999998,966.42698395108,878.481,1104.2284469686804,1094.462,986.956062260256,842.658,926.6860615638064,747.685,399.4351722506434,351.40999999999997
heating_training,E71,6050.0,1143.8843220075428,1204.362,1093.0999041917567,1119.516,966.8336816848728,878.717,1104.3641014320126,1094.3690000000001,987.3094301088287,842.942,927.1920384322005,748.046,399.61953473820495,351.67199999999997
heating_training,E71,6100.0,1143.8999856431037,1203.795,1093.2419997743252,1119.525,967.2380384329728,878.958,1104.4513215556453,1094.364,987.662545920136,843.211,927.6997670862074,748.3779999999999,399.80175587469995,351.916
heating_training,E71,6150.0,1143.8965511433587,1203.099,1093.3808645038212,1119.413,967.6361111514451,879.174,1104.5623430788362,1094.3,988.011960968696,843.466,928.2029528605852,748.713,399.9818917884381,352.16999999999996
heating_training,E71,6200.0,1143.926208945696,1204.359,1093.5104517272978,1119.5,968.0263517796981,879.434,1104.6622207520202,1094.338,988.3463993751569,843.704,928.6984902908906,749.064,400.1599379426218,352.42699999999996
heating_training,E71,6250.0,1144.0008621261393,1204.476,1093.6509135209185,1119.686,968.4086063716928,879.6419999999999,1104.8061599731786,1094.533,988.6722707266846,843.9599999999999,929.1838455483031,749.3589999999999,400.335862972149,352.66099999999994
heating_training,E71,6350.0,1144.1263518586945,1203.9270000000001,1093.9927865357479,1119.657,969.2644894591593,880.088,1105.1866420943188,1094.528,989.4867951742984,844.485,930.2608212260459,749.988,400.68116255347593,353.115
heating_training,E71,6400.0,1144.1433542601358,1203.7669999999998,1094.135478626958,1119.627,969.6441730956519,880.314,1105.305015351357,1094.503,989.8105192196571,844.727,930.7392833585819,750.276,400.8505367271558,353.349
heating_training,E71,6450.0,1144.2287875738975,1202.719,1094.271849267581,1119.6329999999998,970.0188729713988,880.53,1105.4179120403949,1094.509,990.1272258993137,844.949,931.2135362185332,750.554,401.01781210724914,353.558
heating_training,E71,6500.0,1144.2858732125605,1203.894,1094.4271151097685,1119.483,970.3979279897709,880.6709999999999,1105.592827962805,1094.388,990.4736903716017,845.149,931.6912800153257,750.822,401.18305525790583,353.765
heating_training,E71,6550.0,1144.3641678272684,1204.4009999999998,1094.5771280929398,1119.663,970.7813415805505,880.872,1105.73766983957,1094.492,990.8262989987346,845.361,932.1737080519988,751.1089999999999,401.3463292106916,354.005
heating_training,E71,6650.0,1144.494594856068,1204.828,1094.9253697320014,1120.042,971.6326538100095,881.2429999999999,1106.108418938244,1094.891,991.6455078200256,845.7869999999999,933.2415787334164,751.575,401.6672005718192,354.417
heating_training,E71,6700.0,1144.5047770989024,1204.763,1095.067564761438,1120.268,972.0094053492011,881.531,1106.2191521355237,1095.0819999999999,991.9670047947899,846.044,933.7156474802416,751.854,401.824916638025,354.60999999999996
heating_training,E71,6750.0,1144.5775782446708,1204.367,1095.198921019136,1120.269,972.3795911189098,881.715,1106.3172802143993,1095.132,992.2774892911484,846.2719999999999,934.1844982226285,752.105,401.98087706417897,354.787
heating_training,E71,6800.0,1144.6644327517297,1203.4479999999999,1095.3493766489328,1120.268,972.7479771477153,881.924,1106.4837585748955,1095.149,992.6008302108407,846.494,934.6496618510939,752.3679999999999,402.135106335416,354.97799999999995
heating_training,E71,6850.0,1144.7241153228802,1203.5639999999999,1095.5041068763433,1120.2179999999998,973.125704052283,882.077,1106.6479343377225,1095.12,992.9554426940961,846.669,935.1241986565483,752.585,402.2876121807801,355.164
heating_training,E71,6900.0,1144.7909782166735,1203.159,1095.654492362285,1120.2350000000001,973.5058169945298,882.24,1106.7927942880515,1095.15,993.3082042876756,846.851,935.6022330749826,752.8119999999999,402.43840428456656,355.35699999999997
heating_training,E71,7000.0,1144.9370949075421,1204.245,1095.9907111189993,1120.312,974.3381416901417,882.52,1107.1383252832204,1095.24,994.0963958730026,847.183,936.6483359136979,753.218,402.73497994373344,355.71
heating_training,E71,7050.0,1144.9749138064478,1203.5,1096.1351100635097,1120.3719999999998,974.7048610114771,882.7049999999999,1107.262097362381,1095.307,994.4048083142005,847.369,937.1095441828556,753.444,402.88087645409087,355.88699999999994
heating_training,E71,7084.0,1144.960549249214,1203.298,1096.2250745923159,1120.348,974.9494218000316,882.823,1107.3322523697773,1095.306,994.6197702543446,847.476,937.4179589214383,753.56,402.9792140624471,356.00399999999996
heating_training,E72,0.0,294.0745,295.56,294.0745,294.102,294.0745,294.015,294.0745,294.229,294.0745,294.226,294.0745,294.17999999999995,294.0745,294.07599999999996
heating_training,E72,50.0,340.922525529629,373.46,318.8285944575883,362.34299999999996,305.19005127488924,324.21099999999996,358.71159809288815,328.62899999999996,324.36819061554706,307.11899999999997,303.5450532317279,304.986,294.0752254453665,294.07399999999996
heating_training,E72,100.0,384.67921790382917,453.884,352.2627047940351,454.865,328.63226268856226,387.39599999999996,420.0573578909852,404.428,373.7362277791881,351.84299999999996,325.44839501302124,338.248,294.0794008821729,294.046
heating_training,E72,150.0,421.6083183886532,515.521,385.62892912796804,527.652,356.0943868324633,439.84399999999994,464.2330301969172,472.907,417.9590585217136,393.721,351.77263965958997,364.9,294.0893082939907,294.043
heating_training,E72,200.0,451.61579607226486,566.458,415.5834234908616,587.3820000000001,382.93928842976646,484.692,493.43239116813714,532.14,451.16506003227005,430.62699999999995,377.8020272656512,387.02099999999996,294.1116224556478,294.056
heating_training,E72,250.0,475.5576973347986,600.6179999999999,441.11068362054175,631.105,407.046867859386,519.356,512.123474015623,576.909,474.25610365010806,459.476,401.32391799775996,407.085,294.1587664831467,294.08
heating_training,E72,300.0,494.48946195243997,625.5519999999999,462.2606306953343,662.649,427.7234893457435,546.762,524.065882011422,610.781,489.8060950279293,483.17499999999995,421.57113014371015,423.78,294.24630635297547,294.12
heating_training,E72,350.0,509.362004423701,644.915,479.503152892716,688.435,445.00264048979284,570.3979999999999,531.8162656743635,638.979,500.2449152537784,503.76099999999997,438.530035766766,441.294,294.3892840995501,294.154
heating_training,E72,400.0,521.0342528033193,660.424,493.4288210883316,707.871,459.21891804198793,588.377,536.9975718692616,660.075,507.33752777453174,519.235,452.50184116200273,455.501,294.5993443975114,294.215
heating_training,E72,450.0,530.1925245323913,671.613,504.6336048570569,722.509,470.8219209369571,603.733,540.6275606385541,676.726,512.3105393249468,532.96,463.91440629398966,470.66999999999996,294.88343819154875,294.27099999999996
heating_training,E72,500.0,537.3927017372191,681.039,513.6370804890506,734.97,480.2571509579175,617.3599999999999,543.2909997870224,690.972,515.9323777818024,545.644,473.1993496101759,484.707,295.24356845891066,294.344
heating_training,E72,550.0,543.0825262425583,687.9459999999999,520.8864892516775,744.2629999999999,487.9272712316311,628.391,545.3589945205332,701.685,518.687954860565,556.144,480.74835709716154,496.54499999999996,295.67747303617443,294.423
heating_training,E72,600.0,547.6310054284831,693.515,526.7582076805373,751.25,494.1799944266471,637.449,547.0777472598056,709.749,520.8860645470245,565.315,486.8995928792728,507.08,296.1796026831805,294.52099999999996
heating_training,E72,650.0,551.3110883114285,698.5070000000001,531.5608271559241,756.723,499.31256520601755,645.352,548.5988938539526,716.5409999999999,522.741067435028,573.3820000000001,491.94436874127376,516.4449999999999,296.7421915710765,294.62699999999995
heating_training,E72,700.0,554.3240289581145,704.932,535.5301081832938,763.856,503.56478493079493,653.028,549.9869239019197,724.288,524.3765872380911,581.29,496.11988151554846,525.539,297.35625696378304,294.76
heating_training,E72,750.0,556.784487727227,707.6379999999999,538.8347501691209,768.467,507.12415936197397,659.949,551.2351212690235,729.995,525.8582946480972,588.575,499.61506261865054,533.712,298.0124410328068,294.892
heating_training,E72,800.0,558.8302150582588,708.393,541.6032001421826,770.241,510.1216575135451,665.681,552.3576233012143,733.479,527.1825623114715,594.95,502.5578402769382,541.6469999999999,298.70148963520535,295.019
heating_training,E72,850.0,560.5347327611614,710.553,543.9493547285391,770.93,512.673017203582,669.906,553.3879060222943,735.2629999999999,528.3955590227226,600.3009999999999,505.06273331875843,548.774,299.4146810561815,295.178
heating_training,E72,900.0,561.9335390587459,711.989,545.935980087862,772.8779999999999,514.8610482034927,673.469,554.2799080760738,737.701,529.4982859173915,604.787,507.2151881359446,554.634,300.1439522774523,295.34499999999997
heating_training,E72,950.0,563.1079008588148,713.896,547.6226708027169,774.5039999999999,516.7398767646346,677.169,555.0586536321165,740.002,530.4701206499792,609.28,509.06598978539637,560.228,300.88221393332793,295.501
heating_training,E72,1000.0,564.0933321274503,717.2090000000001,549.0713598209086,777.149,518.3684269777582,680.702,555.7633644778838,742.7159999999999,531.3522780125978,613.44,510.6727406639193,565.664,301.6232903997411,295.67699999999996
heating_training,E72,1050.0,564.9406904079189,719.933,550.3241920783196,779.527,519.7890272512524,684.7829999999999,556.4060583767669,745.646,532.150562698124,617.928,512.0760295800936,571.3489999999999,302.36192085481355,295.899
heating_training,E72,1100.0,565.6701202214474,721.0909999999999,551.422112338088,781.153,521.043384458537,688.1279999999999,557.0059510061791,747.813,532.8956123164924,621.819,513.317341410851,576.26,303.0937771720463,296.114
heating_training,E72,1150.0,566.3244665946618,721.613,552.3949010016307,782.594,522.1600877543815,691.095,557.5760682115315,749.6769999999999,533.5888310563711,625.4449999999999,514.4237118291826,580.81,303.8153783440581,296.35299999999995
heating_training,E72,1200.0,566.9297485978477,724.1769999999999,553.279653549153,784.7249999999999,523.170690045811,694.277,558.1526794350978,752.06,534.259129760378,629.142,515.4247746674358,585.413,304.5240734706799,296.628
heating_training,E72,1250.0,567.5106718885643,724.68,554.1020570283629,785.3199999999999,524.1010110978244,696.92,558.7462462698734,753.2339999999999,534.9205388682075,632.577,516.3452795730639,589.245,305.2177286961261,296.89799999999997
heating_training,E72,1300.0,568.0562431443066,726.819,554.8766323204758,787.651,524.9738966220201,699.364,559.3410090184617,755.362,535.5884369890931,635.622,517.209682558315,592.576,305.8947227018561,297.17699999999996
heating_training,E72,1350.0,568.568270656062,727.116,555.6024843471694,788.184,525.7963468951634,702.315,559.9071650098767,756.825,536.2402560109894,639.1569999999999,518.0259939744108,596.443,306.5538866961697,297.508
heating_training,E72,1400.0,569.0342522662186,728.573,556.2799271634691,788.674,526.5731230518959,704.068,560.4310049970475,757.512,536.8679029396241,641.707,518.7998984648133,599.887,307.1944187695855,297.82
heating_training,E72,1450.0,569.4517782405823,728.538,556.9026422234467,789.1759999999999,527.3020873373259,705.915,560.8940219035265,758.3820000000001,537.4517556157575,644.1569999999999,519.5299024199769,603.03,307.81573851508386,298.133
heating_training,E72,1500.0,569.8425674425578,728.813,557.4782029846499,789.994,527.9823672107226,707.636,561.3236577104041,759.3489999999999,537.987118604801,646.391,520.21290145232,605.987,308.4175237999982,298.455
heating_training,E72,1550.0,570.2004238010446,727.467,558.0154959638677,789.542,528.6224589964382,709.221,561.7309177142627,759.517,538.4960661757443,648.729,520.8573574009278,608.8340000000001,308.99962772087025,298.787
heating_training,E72,1600.0,570.524721976713,729.074,558.5118635125243,790.153,529.2242390282843,710.519,562.1003128038315,760.25,538.9732600932895,650.604,521.465792270338,611.5360000000001,309.56202980125516,299.101
heating_training,E72,1650.0,570.8324295992254,730.12,558.9745849255557,791.237,529.78923926987,711.967,562.4516583974671,761.266,539.4188156588262,652.578,522.0383711693204,613.903,310.1048575767208,299.429
heating_training,E72,1700.0,571.1291850876542,732.126,559.4141722376946,792.5409999999999,530.3253358649814,713.583,562.8017370418402,762.447,539.850198060786,654.608,522.5823546795408,616.208,310.62844356998073,299.74399999999997
heating_training,E72,1750.0,571.4225515029835,732.5619999999999,559.8366254486466,794.53,530.8389489885019,715.7349999999999,563.1536530330545,764.4749999999999,540.2744916922212,656.919,523.1040981872917,618.807,311.1332500034668,300.11699999999996
heating_training,E72,1800.0,571.7097844419084,732.9849999999999,560.2465107983969,795.189,531.3361344454819,717.537,563.5065516138959,765.51,540.698190218627,659.105,523.6099164356008,621.269,311.61989784903847,300.47799999999995
heating_training,E72,1850.0,571.9911075584328,734.403,560.643440469057,795.4979999999999,531.8188437552883,718.905,563.8522247076017,766.16,541.1162194038457,660.9369999999999,524.1019789886076,623.499,312.0890182139867,300.83299999999997
heating_training,E72,1900.0,572.2615640740931,734.14,561.0272287799803,795.5319999999999,532.2881653454281,720.0519999999999,564.1861452345852,766.502,541.5264580303916,662.6289999999999,524.5816185968655,625.679,312.54123244139987,301.222
heating_training,E72,1950.0,572.5382766447817,733.7,561.4016757230455,794.035,532.7432054096699,720.483,564.5215878353324,765.506,541.9229187518903,663.8209999999999,525.046476317603,627.38,312.9771145868016,301.58099999999996
heating_training,E72,2000.0,572.8136469557925,733.575,561.7735403287027,793.433,533.1904734245467,720.825,564.8663014729732,765.1479999999999,542.3232018594886,664.652,525.5031650464902,628.9359999999999,313.39724086992874,301.926
heating_training,E72,2050.0,573.0751151687116,732.991,562.1348378450398,793.621,533.6299923065618,721.1679999999999,565.1918353810541,765.134,542.7192822227418,665.575,525.9533544036115,630.194,313.8021796191271,302.30899999999997
heating_training,E72,2100.0,573.3025807438717,734.7139999999999,562.4737719343156,794.953,534.0568546092782,722.213,565.4710265609476,766.25,543.0963773368168,666.806,526.3938517090709,631.659,314.192495140712,302.666
heating_training,E72,2150.0,573.5151971706749,733.3019999999999,562.7862803131551,794.398,534.4612291264266,723.239,565.7140171658834,766.3199999999999,543.4325771645089,668.218,526.8133564673377,633.285,314.5687323798512,303.01599999999996
heating_training,E72,2200.0,573.7208040202611,733.1679999999999,563.0840711285862,794.2869999999999,534.8463743785803,723.602,565.9561387918086,766.189,543.7486787247452,669.0409999999999,527.2133048321199,634.535,314.93141375345147,303.335
heating_training,E72,2250.0,573.9064167578721,735.1659999999999,563.3655750946526,794.446,535.2168258598964,724.135,566.1818221443054,766.367,544.0561212185695,669.9839999999999,527.5997082320569,635.7929999999999,315.2809834459805,303.69399999999996
heating_training,E72,2300.0,574.0872212549591,733.492,563.6304480545134,794.7429999999999,535.5699838644445,724.8309999999999,566.3945746434422,766.693,544.3437031536972,670.951,527.9692459517581,636.846,315.61794688848755,304.03799999999995
heating_training,E72,2350.0,574.2468910474289,733.7049999999999,563.8808723290516,795.1229999999999,535.910828276071,725.515,566.5925546886102,767.067,544.6270602695975,671.909,528.3280522919506,637.978,315.94287308916876,304.387
heating_training,E72,2400.0,574.4308670771378,736.6579999999999,564.123566668709,797.554,536.2355415562678,726.708,566.8040367964393,768.949,544.8899905890797,673.086,528.6691926641753,639.1479999999999,316.2564123933356,304.75399999999996
heating_training,E72,2450.0,574.621237145491,737.174,564.3765277310811,798.584,536.5604110332551,728.173,567.053584664013,770.162,545.179884577747,674.603,529.0091009786487,640.54,316.55917750945355,305.11499999999995
heating_training,E72,2500.0,574.8140043816879,736.799,564.6290830970786,799.538,536.8854293356382,729.2909999999999,567.2993860649468,771.131,545.4776774543205,675.887,529.3494629504663,641.728,316.8517352530715,305.453
heating_training,E72,2550.0,575.0176023903745,739.3199999999999,564.8853579002699,801.947,537.2094189088225,730.723,567.5561797982119,773.044,545.7770089892095,677.304,529.6878895447495,642.983,317.13456224649156,305.817
heating_training,E72,2600.0,575.2079646302841,740.728,565.1407634920399,804.242,537.5349741736474,732.555,567.8029581568285,775.211,546.0834607863407,678.999,530.028730340952,644.3340000000001,317.40807292409977,306.13
heating_training,E72,2650.0,575.3862329500723,741.0319999999999,565.3838989799115,806.232,537.8541621730672,734.44,568.0192289997684,777.3489999999999,546.3722041615825,680.779,530.3646979457101,645.885,317.67265685124863,306.436
heating_training,E72,2700.0,575.560674652774,741.152,565.6182490815454,806.536,538.1639023006508,735.674,568.2264089800624,777.942,546.6433560131181,682.222,530.6913801585491,647.29,317.92870989675146,306.74199999999996
heating_training,E72,2750.0,575.6985879512034,740.226,565.8354554449676,805.154,538.4655687969533,736.626,568.3963480067437,777.7729999999999,546.9053314004223,683.434,531.0126407003359,648.9849999999999,318.17659970861473,307.067
heating_training,E72,2800.0,575.8251655343662,738.3969999999999,566.0276755020676,802.654,538.7474701573514,735.736,568.5294389936897,775.578,547.1269857114432,683.4179999999999,531.3155826039324,649.6479999999999,318.4166639336952,307.366
heating_training,E72,2850.0,575.9431620771365,738.203,566.2081523567524,801.524,539.0143722566147,734.971,568.6637939958456,774.443,547.3354059980945,683.172,531.6036276834989,649.997,318.64925963527503,307.69
heating_training,E72,2900.0,576.0606822174108,736.2349999999999,566.3791725104021,799.307,539.2693448730008,734.3399999999999,568.7990609698944,772.739,547.5357941621811,683.092,531.8796011589247,650.498,318.8747765252352,308.01
heating_training,E72,2950.0,576.1709653058737,738.183,566.5441988611774,799.3729999999999,539.5169797247596,733.822,568.9352818021298,772.392,547.7381675132151,682.8879999999999,532.1485191819669,650.567,319.0935521833939,308.32099999999997
heating_training,E72,3000.0,576.2829552139104,739.169,566.703038247775,800.636,539.7569708341277,734.064,569.0705134374764,773.082,547.9351837954125,683.1859999999999,532.4097037156447,650.887,319.3059132122519,308.628
heating_training,E72,3050.0,576.3971400658035,737.7919999999999,566.8613775084266,800.3919999999999,539.9926357565787,734.894,569.2152182005217,773.443,548.1349871873798,684.045,532.6660584920402,651.824,319.51213587290414,308.926
heating_training,E72,3100.0,576.5122589937571,737.963,567.0187179205086,798.812,540.2257303706465,734.5989999999999,569.3622058248816,772.135,548.337314802829,684.2049999999999,532.919679509965,652.367,319.7124895574268,309.24199999999996
heating_training,E72,3150.0,576.6266470327372,737.231,567.1748931198736,798.288,540.4565459383439,734.231,569.5090884204111,771.567,548.5399999523531,684.15,533.1708894148912,652.662,319.9072082423485,309.55499999999995
heating_training,E72,3200.0,576.7457090311185,738.578,567.3310946282998,797.723,540.6850769910599,733.992,569.6595297291217,771.04,548.7415761222428,684.18,533.4193931407427,652.896,320.096495363582,309.84499999999997
heating_training,E72,3214.0,576.7763126119233,737.656,567.3710572427594,797.899,540.7431827248693,733.977,569.693046408665,771.112,548.7857610573822,684.1869999999999,533.4825411720026,652.9549999999999,320.14855401723247,309.928
heating_validation,E73,0.0,295.45849999999996,303.36899999999997,295.45849999999996,307.25399999999996,295.45849999999996,312.529,295.45849999999996,310.394,295.45849999999996,315.89799999999997,295.4585,317.337,295.45849999999996,305.697
heating_validation,E73,50.0,349.75744170624193,392.937,320.0104047150804,368.455,304.4539368835808,330.962,359.01036300809517,340.856,319.31942820593457,323.31899999999996,302.2550325416991,321.92999999999995,295.45922648038163,305.51599999999996
heating_validation,E73,100.0,403.85542370089456,498.575,356.69357553363045,468.585,326.68582297658816,387.46,429.2246870828189,421.967,367.34595341509873,363.22499999999997,321.943607507066,348.27599999999995,295.46339314041415,305.316
heating_validation,E73,150.0,451.64462170679985,573.7929999999999,396.2975277126085,544.684,355.6689889362516,434.78499999999997,486.83177919610256,492.655,417.37792247439654,400.965,348.7082979360606,372.02099999999996,295.4732554919306,305.096
heating_validation,E73,200.0,491.9121895018774,633.126,434.2576597735885,606.717,386.5350108189372,474.0,529.8408399648648,553.153,460.35702550693395,433.18399999999997,377.7655637672785,392.22799999999995,295.4958037747749,304.905
heating_validation,E73,250.0,525.0458603296512,678.6279999999999,468.4498954520158,658.078,416.3161765873173,507.31899999999996,560.6837614542205,604.692,494.1994737916286,460.739,406.11727142002127,409.043,295.5449251308203,304.71099999999996
heating_validation,E73,300.0,551.8913895110372,714.9559999999999,498.1441891093784,701.4110000000001,443.46879408219496,537.565,582.504640402766,649.015,519.7501579477796,486.134,432.15705317360033,425.885,295.6392287580692,304.525
heating_validation,E73,350.0,573.427742223183,740.957,523.3275968719971,734.049,467.3618996267565,561.082,597.9127768944506,682.383,538.672046456835,506.293,455.1908494169405,440.48799999999994,295.79830435639957,304.371
heating_validation,E73,400.0,590.6468768125026,759.2149999999999,544.3671930102901,759.249,487.8980570492775,581.4179999999999,608.9139913519003,709.6859999999999,552.6010036893912,523.939,475.06179234298276,453.71,296.0391372027517,304.222
heating_validation,E73,450.0,604.3475980828846,776.419,561.7872955952683,781.612,505.2920402438403,599.555,616.935117273312,733.511,562.9508726118834,540.0889999999999,491.9393819684696,466.55999999999995,296.37382771641774,304.10299999999995
heating_validation,E73,500.0,615.2023130919962,788.013,576.1092355458882,798.3389999999999,519.8849863292598,614.63,622.864399938846,752.028,570.7499213895749,553.574,506.13359208110313,477.941,296.80867953978316,303.991
heating_validation,E73,550.0,623.8197275242927,797.6089999999999,587.8375766750752,812.01,532.0464347377849,627.7929999999999,627.3433850210748,767.223,576.7063715808142,565.7819999999999,517.9864128566245,488.73199999999997,297.3442365810588,303.918
heating_validation,E73,600.0,630.6905693573801,803.773,597.4421558691945,822.821,542.1488268084324,640.237,630.8503236441402,780.05,581.353317644592,577.616,527.8469595334775,499.465,297.9762066789838,303.83799999999997
heating_validation,E73,650.0,636.1564378999768,810.72,605.3161264560196,831.487,550.5425513576212,650.247,633.6660502507218,789.9019999999999,585.0861065715322,587.185,536.0516925125878,508.428,298.6964754803885,303.78
heating_validation,E73,700.0,640.4740677072168,816.16,611.76599688924,838.875,557.5256449999364,659.3,635.9247008731056,798.545,588.1480905411509,596.054,542.8913015705317,517.0029999999999,299.49433978526406,303.73699999999997
heating_validation,E73,750.0,643.9251938663548,820.4879999999999,617.0529241603725,846.183,563.3359277454597,668.103,637.76010261823,806.958,590.666770924418,604.728,548.59314247858,525.401,300.3576474804668,303.7
heating_validation,E73,800.0,646.6796137617146,824.189,621.412061991159,851.728,568.1888981142953,675.7429999999999,639.313675114587,813.463,592.7948786433217,612.473,553.3642952363658,532.853,301.27380967057513,303.693
heating_validation,E73,850.0,648.8942936036901,827.0169999999999,625.0161292151591,856.581,572.260038004862,682.776,640.6290011423716,819.137,594.6173002383771,619.825,557.3755331057982,540.435,302.23047392499825,303.70599999999996
heating_validation,E73,900.0,650.6836200642019,828.785,628.0168500401203,860.6179999999999,575.6953235935905,689.2159999999999,641.7755730062207,823.994,596.2076222816291,626.637,560.7680225812813,547.636,303.2160137747289,303.73299999999995
heating_validation,E73,950.0,652.1551511999444,829.8389999999999,630.5332364586175,863.997,578.613440972063,695.52,642.7917636628504,828.189,597.612821270683,633.3199999999999,563.6565346557821,554.924,304.21995646618893,303.822
heating_validation,E73,1000.0,653.3652121838402,832.9689999999999,632.6649927522798,867.2579999999999,581.1157165153335,700.87,643.7139995367523,831.794,598.8849517433089,638.982,566.1398641895893,561.3889999999999,305.23300835727696,303.93899999999996
heating_validation,E73,1050.0,654.3986203904183,834.2959999999999,634.4870318182352,870.257,583.2778835162505,705.997,644.5585945908185,835.227,600.0369591610877,644.217,568.2907471592155,567.7860000000001,306.24707681127484,304.07
heating_validation,E73,1100.0,655.2672937818085,835.968,636.0677002213122,873.184,585.170439366014,711.229,645.355844287233,838.6329999999999,601.1154406976939,649.557,570.1784759258794,574.351,307.2552796628512,304.25899999999996
heating_validation,E73,1150.0,656.0029836735633,836.55,637.4403833086428,874.9739999999999,586.8412482823563,715.861,646.0735678700913,841.1859999999999,602.1169770676552,654.521,571.8514348436341,580.356,308.2518154043492,304.443
heating_validation,E73,1200.0,656.5952357608041,836.471,638.6358601569935,876.3349999999999,588.328673808084,719.848,646.7100871852977,843.062,603.0523162193728,659.12,573.3487437959616,585.838,309.2318624456227,304.64
heating_validation,E73,1250.0,657.0750520135326,836.694,639.6672395483088,876.911,589.6535248658374,723.526,647.2424840149785,844.3199999999999,603.897823602905,663.366,574.691223431882,591.0799999999999,310.1914971979822,304.842
heating_validation,E73,1300.0,657.5163234709096,836.8009999999999,640.5736979890305,878.881,590.8323728005954,727.072,647.7394344215587,846.384,604.6487089145766,667.495,575.8898303893158,596.233,311.1276090653359,305.061
heating_validation,E73,1350.0,657.9056915198058,838.9979999999999,641.3929265148578,880.505,591.899864560963,730.476,648.2395104378572,848.262,605.36492058079,671.354,576.9779252980358,600.828,312.03777947678554,305.287
heating_validation,E73,1400.0,658.2430723311808,840.097,642.1291888622728,882.851,592.8773784782907,733.8679999999999,648.6987704955235,850.663,606.0505997708258,675.088,577.9791733266096,605.3019999999999,312.92031870636254,305.537
heating_validation,E73,1450.0,658.5553850624692,842.406,642.7974758008826,884.87,593.775821478114,737.47,649.1328965911424,852.958,606.696620006857,679.247,578.9033140675089,609.825,313.77422186541264,305.856
heating_validation,E73,1500.0,658.818953555838,842.286,643.4089361438032,887.639,594.6118310953196,740.8969999999999,649.5420853561092,855.81,607.3237197688138,682.999,579.7679117079084,614.12,314.5990417932384,306.179
heating_validation,E73,1550.0,659.0732325346859,841.381,643.9656289045447,887.372,595.3879337152788,744.1289999999999,649.9165098065513,856.375,607.9070423430563,686.605,580.5744613324507,618.4179999999999,315.3946882955241,306.501
heating_validation,E73,1600.0,659.3229229375194,842.332,644.4907692964388,886.8629999999999,596.1151410026386,746.46,650.3035039235219,856.274,608.4678195773072,689.691,581.3314806893778,622.4,316.1612165669844,306.861
heating_validation,E73,1650.0,659.5621450288925,842.446,644.9873792858135,887.438,596.8048260523631,748.469,650.6837629329,856.999,609.0178373234844,692.327,582.0513216284127,625.755,316.8988404817156,307.202
heating_validation,E73,1700.0,659.784511352299,841.5,645.4566923518271,887.903,597.4626049466156,750.5889999999999,651.0476706462031,857.733,609.5553980109747,694.961,582.7403573744386,628.9929999999999,317.6080030825917,307.572
heating_validation,E73,1750.0,659.99500517646,843.369,645.8987868238924,888.6,598.090192468027,752.7159999999999,651.3901707317282,858.557,610.0724501690457,697.606,583.4003944890995,632.327,318.28932582410323,307.953
heating_validation,E73,1800.0,660.1925586497188,841.5889999999999,646.3172192511012,888.997,598.6900713323954,754.741,651.7173286991685,859.196,610.5700780474181,700.0360000000001,584.0336359595196,635.2919999999999,318.94355686068695,308.33599999999996
heating_validation,E73,1850.0,660.3705256880994,841.692,646.7108058375716,889.427,599.2645745395333,756.596,652.0211175829018,859.75,611.0491155892439,702.297,584.6429747428117,638.165,319.57151026157374,308.70899999999995
heating_validation,E73,1900.0,660.516965418481,841.548,647.0751562112032,889.4689999999999,599.8137111854279,758.285,652.2891462271373,860.012,611.5054158939913,704.458,585.2292398200925,640.826,320.1740099167539,309.043
heating_validation,E73,1950.0,660.6492039529098,842.307,647.4086015343528,890.2099999999999,600.3335424297306,759.991,652.5234120164023,860.726,611.9258338055793,706.654,585.7878998652609,643.547,320.7518491179809,309.436
heating_validation,E73,2000.0,660.7949852532095,843.848,647.7252136989957,890.65,600.8250347053422,761.669,652.7640013354135,861.303,612.3168420699261,708.7349999999999,586.3171869635383,645.9559999999999,321.30588708828907,309.793
heating_validation,E73,2050.0,660.9246071987357,843.5749999999999,648.0316087451861,891.5319999999999,601.2996113888487,763.1959999999999,653.0106871557819,862.086,612.7106615122188,710.665,586.8295142292088,648.115,321.8370241486917,310.15999999999997
heating_validation,E73,2100.0,661.0441490083626,842.812,648.3182358115251,892.212,601.7571000283119,765.011,653.2308557670863,862.9789999999999,613.0921778962265,712.774,587.3262774321284,650.546,322.3462766402723,310.58
heating_validation,E73,2150.0,661.1587142258331,843.3589999999999,648.5906474734478,892.6759999999999,602.197332516673,766.472,653.4437977461422,863.525,613.4595211142827,714.6569999999999,587.8064444185595,652.64,322.8347252048847,310.998
heating_validation,E73,2200.0,661.2964210282925,843.632,648.8562956167085,893.16,602.6210281612352,767.98,653.6669427197972,864.1619999999999,613.8110862256141,716.42,588.2688564298369,654.829,323.3034422337395,311.397
heating_validation,E73,2250.0,661.4086229432738,842.535,649.1190629207287,892.889,603.0388886985177,769.24,653.8953085648552,864.136,614.1777733785658,717.9939999999999,588.7258211138815,656.865,323.7533800095256,311.78499999999997
heating_validation,E73,2300.0,661.5171037649422,842.362,649.3627922983413,892.465,603.4440125909655,770.348,654.0863805428287,863.9259999999999,614.5245000743174,719.461,589.1717755927339,658.96,324.18540149827425,312.21
heating_validation,E73,2350.0,661.5940209191306,842.8059999999999,649.5922701354604,892.0509999999999,603.836994274819,771.0989999999999,654.261202905952,863.5799999999999,614.8615093508198,720.6569999999999,589.607133230862,660.616,324.6003483329405,312.602
heating_validation,E73,2400.0,661.6844531199259,840.5269999999999,649.8020131083576,892.055,604.2099804265314,771.996,654.4117925997208,863.6469999999999,615.1621047547817,721.848,590.0227680012829,662.3340000000001,324.9989165551506,312.96099999999996
heating_validation,E73,2450.0,661.7779087829097,841.986,650.0116001064349,892.4929999999999,604.5697388658128,772.942,654.5892046190785,863.978,615.4579506324284,723.077,590.4232985281452,663.992,325.38171691172215,313.30699999999996
heating_validation,E73,2500.0,661.818889564835,841.1129999999999,650.2037957983367,892.775,604.9233125833767,773.998,654.7283651841003,864.4159999999999,615.7619921761076,724.363,590.8205590802081,665.463,325.7493222120146,313.65099999999995
heating_validation,E73,2550.0,661.8569703134391,841.3299999999999,650.3663956401067,892.957,605.2560831909044,774.8889999999999,654.8171825591578,864.536,616.0235660093822,725.5219999999999,591.1994599013575,666.872,326.1024298793876,314.01
heating_validation,E73,2600.0,661.9123178423307,841.558,650.5240650625091,893.711,605.5703773710891,775.9079999999999,654.9320118974255,865.271,616.265347654266,726.7159999999999,591.5582069640996,668.3199999999999,326.4418527089929,314.404
heating_validation,E73,2650.0,661.9704238533894,842.739,650.6816390740897,894.332,605.876983703257,776.915,655.0641951291184,865.8829999999999,616.5156750580767,727.895,591.9082911312025,669.7439999999999,326.76836923172726,314.769
heating_validation,E73,2700.0,662.0317210158526,842.706,650.8365013004798,893.5509999999999,606.1782665588912,777.79,655.1971336901914,865.502,616.7695350895274,729.026,592.2528074298535,671.107,327.0827131877304,315.15299999999996
heating_validation,E73,2750.0,662.1166736347797,841.0079999999999,650.9947190647772,893.049,606.4736948202753,778.318,655.346676236854,865.137,617.0198896269509,729.8409999999999,592.5897522550728,672.308,327.38546283515876,315.519
heating_validation,E73,2800.0,662.1962026497579,840.255,651.1595367891988,892.029,606.7705134903018,778.7049999999999,655.510237696858,864.3629999999999,617.2865511725953,730.595,592.9272999226309,673.509,327.67712381246974,315.919
heating_validation,E73,2850.0,662.285994670904,840.6519999999999,651.3220434795353,891.554,607.0649464834803,778.867,655.6631984459397,863.8199999999999,617.547898827367,731.0799999999999,593.262321093957,674.424,327.95821253029476,316.26399999999995
heating_validation,E73,2900.0,662.3366971988155,840.762,651.4796216220782,891.5849999999999,607.3600088935938,779.268,655.7996656485371,863.8249999999999,617.8179292592602,731.688,593.5996069915288,675.348,328.2291983388982,316.609
heating_validation,E73,2950.0,662.3718009488363,839.183,651.6132184160901,891.098,607.643961719727,779.7529999999999,655.8815944256735,863.509,618.057144934261,732.393,593.9286035392072,676.3399999999999,328.49054919713757,316.98499999999996
heating_validation,E73,3000.0,662.4008980553696,840.384,651.734766178974,891.096,607.9134675003778,780.059,655.9585318317879,863.413,618.2716510847048,732.8979999999999,594.2434129024375,677.174,328.74274545111723,317.32099999999997
heating_validation,E73,3050.0,662.4513931610928,841.418,651.851787669837,891.6419999999999,608.1699667306126,780.524,656.0472595540425,863.804,618.4693178869109,733.5029999999999,594.543703129928,677.9549999999999,328.98618983107986,317.635
heating_validation,E73,3100.0,662.4830717119304,840.3009999999999,651.9702182934554,891.9309999999999,608.4239174056304,781.204,656.1487000266403,864.198,618.6826629673867,734.288,594.8411193755105,678.8409999999999,329.22126774341393,317.957
heating_validation,E73,3150.0,662.495066722076,840.577,652.0724408347852,891.81,608.6717539992068,781.729,656.2120589862822,864.146,618.8881309709494,735.01,595.1346077076156,679.707,329.4483917995783,318.292
heating_validation,E73,3200.0,662.5153747280654,838.497,652.1651129966576,891.7479999999999,608.9073261110414,782.2159999999999,656.2707242023877,864.223,619.0714326681201,735.598,595.4157474998804,680.508,329.66795233561595,318.594
heating_validation,E73,3250.0,662.5567255899228,838.862,652.2616246123788,891.584,609.1351844523131,782.5219999999999,656.3561644173121,864.012,619.2509946059442,736.114,595.6870883462888,681.185,329.8802956577359,318.885
heating_validation,E73,3300.0,662.5901833295258,839.4069999999999,652.3627904510056,891.529,609.3637233366666,782.858,656.4535618420243,863.971,619.4469594301645,736.625,595.9583441669598,681.941,330.08572193839615,319.174
heating_validation,E73,3350.0,662.5927709620615,839.663,652.4523787331038,891.649,609.5911054082471,783.2529999999999,656.516075670282,864.146,619.644242668915,737.141,596.2306448348971,682.594,330.2844492099863,319.45
heating_validation,E73,3400.0,662.614169947422,838.375,652.5306986213435,891.725,609.806624820972,783.623,656.5641963111124,864.184,619.8118022528969,737.643,596.4911760704346,683.134,330.4767338538916,319.702
heating_validation,E73,3450.0,662.6536312851632,838.0889999999999,652.6181601052969,892.0029999999999,610.0176105873059,784.017,656.6504439404988,864.425,619.9828807358997,738.1479999999999,596.7448515058746,683.7429999999999,330.66295014572324,319.97299999999996
heating_validation,E73,3500.0,662.7195417343964,840.078,652.716701297712,893.038,610.2304603341736,784.489,656.7626713711634,865.144,620.1669717331663,738.692,596.9983326678789,684.336,330.84353167110515,320.27299999999997
heating_validation,E73,3550.0,662.7904689447286,839.971,652.8289566655064,893.409,610.4510961851964,785.225,656.8968364413623,865.716,620.3745012717915,739.412,597.2583323648214,685.01,331.01887375250715,320.53999999999996
heating_validation,E73,3600.0,662.8415866551937,839.29,652.9402760079236,893.529,610.6787954612882,785.7099999999999,657.009224332361,865.845,620.593803843009,740.009,597.5268815855948,685.664,331.18930312367786,320.82399999999996
heating_validation,E73,3650.0,662.902500448193,841.198,653.0459440460563,894.322,610.9036218425606,786.148,657.1043868871391,866.415,620.7951218779018,740.5519999999999,597.7931157882972,686.1469999999999,331.35514001846394,321.109
heating_validation,E73,3700.0,662.9798778528493,842.485,653.1590544259831,896.206,611.1269311324137,786.935,657.2226933226257,867.976,620.9932440327833,741.258,598.0561107329754,686.7539999999999,331.5166742167014,321.354
heating_validation,E73,3750.0,663.0255492865613,842.605,653.2714787841657,897.435,611.354939518644,788.0849999999999,657.3291678095482,869.31,621.2064201901616,742.242,598.3248641800653,687.5419999999999,331.67410419066505,321.592
heating_validation,E73,3800.0,663.0519490165331,840.8349999999999,653.3652371516647,897.4739999999999,611.5772365445267,788.989,657.3873798477675,869.689,621.398463662042,743.0999999999999,598.5904876577421,688.3879999999999,331.8275856987425,321.816
heating_validation,E73,3850.0,663.0712685789794,840.322,653.4473637070732,896.535,611.7885687946834,789.249,657.4342759964351,868.99,621.5671300336861,743.596,598.8457500731378,689.0429999999999,331.97726176933054,322.058
heating_validation,E73,3900.0,663.1237935684373,838.903,653.5294593849758,895.112,611.989090748657,789.189,657.5022693215034,867.906,621.7185518034771,743.7919999999999,599.0881456564255,689.483,332.1233139754584,322.29499999999996
heating_validation,E73,3950.0,663.1587708538979,839.712,653.6200288918885,895.366,612.1924134623446,788.9599999999999,657.5942319342693,867.7869999999999,621.895476509672,743.775,599.3323585155424,689.846,332.26592500970276,322.52299999999997
heating_validation,E73,4000.0,663.1880038107704,840.0409999999999,653.7000889530058,895.071,612.3933772361596,789.1419999999999,657.6549076330076,867.598,622.0662106714121,744.0419999999999,599.5755912584029,690.192,332.4052236783389,322.756
heating_validation,E73,4050.0,663.1996431508271,840.6419999999999,653.773894195721,896.097,612.5901051042057,789.42,657.7067973731026,868.372,622.2316028989136,744.3599999999999,599.8153657847304,690.574,332.5413165979519,322.965
heating_validation,E73,4100.0,663.1976664354062,841.3439999999999,653.8338981340485,896.63,612.7792486613439,789.968,657.7326786321802,868.884,622.381849197274,744.857,600.0489165439866,691.019,332.6743341750407,323.166
heating_validation,E73,4150.0,663.2186522581239,842.251,653.8903523833773,897.365,612.9577154144635,790.463,657.7694284798013,869.563,622.5132429058053,745.371,600.2706121726486,691.432,332.8043628096856,323.385
heating_validation,E73,4200.0,663.2849488350228,840.2339999999999,653.9643643248271,897.778,613.1336249798433,791.167,657.8629769698167,870.1619999999999,622.652330627203,746.008,600.4856419312531,692.0509999999999,332.9315516355173,323.59999999999997
heating_validation,E73,4250.0,663.3475541347105,841.168,654.057438905049,897.405,613.321415710109,791.417,657.9881756364731,869.795,622.8320422352622,746.364,600.7107670048482,692.586,333.0560161552957,323.801
heating_validation,E73,4300.0,663.3884144656255,841.096,654.1464721726576,897.095,613.5169909942348,791.576,658.0785300975011,869.6569999999999,623.0221691021679,746.6289999999999,600.9456366276743,692.8889999999999,333.17786120305794,324.008
heating_validation,E73,4350.0,663.4573459277484,840.227,654.2345494703048,896.891,613.7087266491494,791.669,658.1664280854211,869.441,623.1905056566229,746.8340000000001,601.1760284442433,693.2919999999999,333.297194296192,324.227
heating_validation,E73,4400.0,663.488774241594,840.683,654.3268625439487,896.8629999999999,613.9060779601214,791.717,658.2585324653966,869.376,623.3778117941565,746.988,601.412490140836,693.546,333.4141476275697,324.426
heating_validation,E73,4450.0,663.4966602034343,839.596,654.3958770334564,896.494,614.0981006904657,791.9069999999999,658.2875600143111,869.153,623.5422736878261,747.222,601.647155759334,693.9169999999999,333.5288389236347,324.621
heating_validation,E73,4500.0,663.5332619480374,839.511,654.4601737091967,896.297,614.276936304613,791.942,658.3297805129173,868.9739999999999,623.6755844126208,747.3489999999999,601.8673329789108,694.208,333.64143954361623,324.823
heating_validation,E73,4550.0,663.5803693281348,837.692,654.5360473127286,895.172,614.4548852948598,791.8829999999999,658.4122563432894,868.132,623.8227154874538,747.443,602.0842466460826,694.575,333.7520773453185,325.051
heating_validation,E73,4572.0,663.5967578334851,837.694,654.5678059249258,894.482,614.5287722355135,791.76,658.4427141654967,867.5509999999999,623.8816091043373,747.4,602.1741507277994,694.626,333.8001735053557,325.12
heating_training,E74,0.0,293.93899999999996,295.561,293.93899999999996,294.243,293.93899999999996,294.05699999999996,293.93899999999996,294.191,293.93899999999996,294.125,293.93899999999996,294.08799999999997,293.93899999999996,293.87899999999996
heating_training,E74,50.0,354.3599344617218,391.716,317.6261665874017,351.337,301.4206480304416,308.75199999999995,354.19653278527596,323.70099999999996,313.2399307944687,301.13599999999997,299.13891738785884,297.69399999999996,293.9397339486425,293.863
heating_training,E74,100.0,417.8749110356785,502.76099999999997,355.278465640346,439.308,321.69439126611024,352.388,427.4650639324268,394.82599999999996,357.2961047248198,332.69599999999997,316.4050587574607,316.37399999999997,293.9439352763246,293.86899999999997
heating_training,E74,150.0,476.45751237898963,600.0039999999999,398.2284910463269,519.002,349.9384659592925,395.89799999999997,493.1712595283383,467.955,407.5532538381199,367.801,341.71946782938204,338.086,293.95378786010247,293.86199999999997
heating_training,E74,200.0,527.7331876127097,672.164,441.59940776450003,581.7429999999999,381.82825824139144,429.871,546.9287677740369,528.356,454.6447895873737,396.284,370.95107803557835,355.342,293.9762424608993,293.85999999999996
heating_training,E74,250.0,571.4057385918891,729.309,482.62696010399003,634.7059999999999,414.3278474722514,459.254,589.1644362430623,580.316,495.13456328130786,421.456,401.12790559808406,370.315,294.0256939476815,293.88599999999997
heating_training,E74,300.0,607.9649675560988,775.7829999999999,519.9334867952979,681.179,445.5222967608172,485.86699999999996,621.8256833132154,627.717,528.4883394420489,444.42699999999996,430.3389814722719,384.26599999999996,294.1224679551732,293.9
heating_training,E74,350.0,638.2718763682414,809.006,552.9801844057663,716.899,474.33066102592437,507.31899999999996,646.957781007806,664.692,555.3629847035622,463.10699999999997,457.4789728760441,396.38199999999995,294.2893050141772,293.931
heating_training,E74,400.0,663.2447288307077,834.749,581.7546319619695,746.5039999999999,500.25109930090827,526.072,666.398745712506,696.1569999999999,576.8203019182308,479.80899999999997,482.0072323112772,407.68499999999995,294.5476233226956,293.976
heating_training,E74,450.0,683.686907239882,856.736,606.513567840307,772.788,523.1697013319689,543.5999999999999,681.569524855693,724.468,593.9708803647361,495.711,503.77149622588763,418.90099999999995,294.914729472482,294.036
heating_training,E74,500.0,700.3836894752512,873.03,627.6284412257022,793.405,543.1822762144325,558.231,693.4932268629791,746.8599999999999,607.7256395170907,509.25699999999995,522.8323549374498,429.01099999999997,295.40217326066477,294.09999999999997
heating_training,E74,550.0,714.04875757342,885.572,645.5431214582696,811.059,560.4999925718747,571.3599999999999,703.0025019803015,766.064,618.8180766643882,521.5319999999999,539.3656291293097,438.36699999999996,296.01524441889,294.176
heating_training,E74,600.0,725.2091863715393,896.818,660.7051387367427,825.895,575.4085772178402,583.2349999999999,710.7170096639823,782.348,627.8788522428667,532.601,553.6276173187897,447.407,296.7533217395353,294.262
heating_training,E74,650.0,734.3453505544938,906.271,673.5119113855675,839.78,588.2032542654775,594.852,717.031959327563,797.454,635.3615315762077,543.6389999999999,565.8905603277309,456.65299999999996,297.61071974419707,294.38599999999997
heating_training,E74,700.0,741.784474508258,913.651,684.3291111644662,850.7579999999999,599.1739502390113,604.855,722.2744410438457,809.56,641.6328873758474,553.3,576.4258801833125,464.806,298.5778807348636,294.503
heating_training,E74,750.0,747.8930219387557,920.55,693.4574981720222,860.665,608.5737379514729,614.0989999999999,726.631634690226,820.523,646.9163843717832,562.423,585.4708554632954,472.731,299.6424464749771,294.644
heating_training,E74,800.0,752.9506900815122,926.356,701.1907921333511,870.012,616.6319300570766,623.4449999999999,730.3512665427698,831.1809999999999,651.4115497928467,571.682,593.237910299484,480.96799999999996,300.7904146902806,294.82
heating_training,E74,850.0,757.1805795901671,930.2049999999999,707.7708495300639,877.259,623.5590833653006,631.5899999999999,733.5768355938937,839.523,655.2898912255787,579.7629999999999,599.924584581246,488.484,302.00702922834887,294.99899999999997
heating_training,E74,900.0,760.6550888913195,932.9119999999999,713.3952745268258,883.8829999999999,629.5481263931423,639.094,736.403647756901,846.906,658.7165878882881,587.304,605.7172244193628,495.74699999999996,303.2774186414744,295.188
heating_training,E74,950.0,763.5441476623797,936.531,718.197808962956,889.866,634.7422769026546,646.226,738.825411709809,853.483,661.7357720058953,594.467,610.7544214888682,503.029,304.58724739135437,295.37399999999997
heating_training,E74,1000.0,765.9646970665016,939.774,722.3250789927941,896.09,639.2604531305681,653.483,740.960433834172,860.233,664.4050710868149,601.9079999999999,615.1470646230214,510.557,305.9231748505668,295.597
heating_training,E74,1050.0,767.967539699255,942.84,725.8851094322976,901.256,643.2145201883479,660.025,742.8430993835926,865.997,666.8015324884482,608.5070000000001,619.0030228006563,517.424,307.2731454053693,295.837
heating_training,E74,1100.0,769.6899318707235,944.704,728.9651350793955,905.866,646.684171442537,666.226,744.5015167830923,871.215,668.9356839106437,614.843,622.3967683198285,524.007,308.6265271954105,296.087
heating_training,E74,1150.0,771.1408714217812,945.935,731.6608177058506,910.2909999999999,649.7515791264775,672.481,746.0240761847259,876.2429999999999,670.8820475804971,621.226,625.4059828046378,530.789,309.97417731690234,296.40299999999996
heating_training,E74,1200.0,772.4295483230844,948.741,734.0253245830027,914.001,652.4764496651901,677.996,747.3920312395015,880.358,672.647379717747,626.762,628.0872381118626,536.864,311.30840368922054,296.74199999999996
heating_training,E74,1250.0,773.5402325558485,949.886,736.1317704638989,917.621,654.919263579717,683.259,748.6862898136087,884.29,674.2912863727214,632.299,630.4978278490657,542.726,312.62282034156954,297.099
heating_training,E74,1300.0,774.4852644738226,952.439,738.0026765743394,920.877,657.1284312922924,688.2729999999999,749.8493585331295,887.9549999999999,675.8318043705243,637.62,632.6873383277075,548.326,313.912205838244,297.488
heating_training,E74,1350.0,775.3615746707341,953.602,739.6761758934181,924.202,659.1267958465916,693.415,750.9167879577185,891.826,677.2407269419239,643.073,634.6749081408337,554.092,315.17245801536683,297.93199999999996
heating_training,E74,1400.0,776.1552058416951,953.12,741.2020918126991,927.2099999999999,660.9516831460307,698.016,751.9548543681143,895.3489999999999,678.5681732346735,648.028,636.4946046422102,559.401,316.4003282202675,298.35699999999997
heating_training,E74,1450.0,776.9029705746293,953.262,742.5970987953804,929.317,662.6310286666387,702.424,752.9329494415072,897.9399999999999,679.822047613445,652.733,638.1737732845772,564.477,317.5933967706287,298.81399999999996
heating_training,E74,1500.0,777.5864977488052,953.7909999999999,743.8886857745605,931.235,664.1895775415098,706.798,753.8798900519844,900.231,681.0240921608927,657.421,639.7363769394979,569.621,318.7498539529786,299.299
heating_training,E74,1550.0,778.2083900939588,954.697,745.08075563312,933.197,665.6453997913407,710.637,754.7612367001483,902.366,682.1749487382582,661.704,641.2014670792123,574.218,319.86843823066613,299.76
heating_training,E74,1600.0,778.7781406272932,954.6039999999999,746.1844087387476,935.0459999999999,667.0084302554375,714.39,755.5861931936346,904.449,683.2680463235665,665.787,642.578645669264,578.637,320.9484464724917,300.22799999999995
heating_training,E74,1650.0,779.2921778073548,955.846,747.2078105292431,936.939,668.289180355686,717.995,756.3565471980993,906.492,684.3083963538346,669.74,643.878222101438,582.856,321.98963495187195,300.717
heating_training,E74,1700.0,779.721256854773,955.875,748.1519428466896,938.935,669.4983886792581,721.779,757.0594287619195,908.699,685.3065475184651,673.8889999999999,645.112412288423,587.144,322.99214714715504,301.263
heating_training,E74,1750.0,780.1002354334054,957.015,749.0131960669304,940.7869999999999,670.6355270395561,725.1279999999999,757.6788515142014,910.668,686.2388952724261,677.611,646.2807165013157,591.098,323.956589907218,301.791
heating_training,E74,1800.0,780.4553323826767,957.198,749.8092963692711,942.587,671.7021740552868,728.4459999999999,758.2621045013414,912.667,687.1058212005015,681.327,647.3821714965902,595.0139999999999,324.8838000462768,302.332
heating_training,E74,1850.0,780.8138751286031,956.805,750.5556573805889,944.105,672.7061689265835,731.623,758.8310604547904,914.342,687.9219048312218,684.863,648.4222826886942,598.805,325.77477566511845,302.87399999999997
heating_training,E74,1900.0,781.1605414494709,957.794,751.2674704579167,945.555,673.6606036410329,734.775,759.4036764954152,915.927,688.7147964611719,688.42,649.4134323940458,602.627,326.6305868557479,303.477
heating_training,E74,1950.0,781.474247590032,958.918,751.9422063511091,947.424,674.5760266286737,737.6679999999999,759.9501021818475,917.814,689.49472196277,691.6279999999999,650.3677008914524,606.124,327.4523531043975,304.034
heating_training,E74,2000.0,781.785303787777,959.7379999999999,752.579230663906,949.035,675.4513328492102,740.5609999999999,760.463275616512,919.571,690.240207501325,694.771,651.2837178323347,609.502,328.241196532612,304.58299999999997
heating_training,E74,2050.0,782.0939110936096,961.824,753.1908397662019,950.838,676.2902035166203,743.5429999999999,760.9732172612192,921.401,690.958957341964,698.078,652.1638245896886,612.992,328.99823607394296,305.179
heating_training,E74,2100.0,782.3950845994773,961.463,753.7786437691798,952.615,677.0988053527282,746.2860000000001,761.4704606700354,923.3109999999999,691.6599667828375,701.098,653.0143062686236,616.145,329.724672294486,305.715
heating_training,E74,2150.0,782.7129793477212,961.573,754.3467265164581,953.989,677.8779221872593,748.938,761.9597558540494,924.798,692.3358348393812,704.149,653.8351629486102,619.231,330.42162768789535,306.24699999999996
heating_training,E74,2200.0,782.9298072703713,959.587,754.8929910091288,954.832,678.6424237196969,751.54,762.4283488714998,925.899,693.0305960101074,707.12,654.6447071182749,622.355,331.09025696710717,306.786
heating_training,E74,2250.0,783.1536491701955,958.659,755.3861104078687,954.6569999999999,679.3746656320434,753.92,762.7953193548221,926.066,693.6654228400402,710.076,655.4265205698775,625.4110000000001,331.73173212384904,307.37699999999995
heating_training,E74,2300.0,783.4356955016654,959.8249999999999,755.8693338547372,955.188,680.0679196121566,755.822,763.2050570792408,926.611,694.2450709097601,712.401,656.1670811854115,628.077,332.3472966052066,307.93499999999995
heating_training,E74,2350.0,783.671227387994,959.761,756.3499695160192,955.9209999999999,680.7478318398695,757.76,763.641474598218,927.4209999999999,694.8504598338201,714.684,656.8936777553465,630.6659999999999,332.9382104895029,308.52099999999996
heating_training,E74,2400.0,783.8578321942349,959.4839999999999,756.7974339140503,956.6419999999999,681.4146152201068,759.781,764.0079092918126,928.177,695.4528772668164,717.03,657.6112241567635,633.338,333.50576457745774,309.12399999999997
heating_training,E74,2450.0,784.0351397242252,959.919,757.2137784225504,957.285,682.0560337624198,761.6479999999999,764.3346484926884,928.884,696.0147970080121,719.1659999999999,658.306230932778,635.806,334.0511473008905,309.705
heating_training,E74,2500.0,784.1992646813853,958.009,757.6087281801094,957.74,682.6728662547525,763.482,764.6518605922413,929.48,696.549033490745,721.2059999999999,658.9778317720494,638.213,334.57547985535155,310.268
heating_training,E74,2550.0,784.357083750168,956.789,757.9827824848999,957.328,683.2673111319783,765.151,764.9532296390486,929.323,697.0613809397935,723.143,659.6279239734857,640.578,335.0797906187589,310.83799999999997
heating_training,E74,2600.0,784.5271099724648,955.0079999999999,758.3427833998447,957.105,683.8396247878121,766.575,765.2540402038865,929.199,697.5513155582775,724.881,660.2555829505849,642.769,335.5649852431269,311.383
heating_training,E74,2650.0,784.6547398679116,955.905,758.6905491393063,956.549,684.3987827185399,767.977,765.5503860692112,928.783,698.0457716433702,726.603,660.8710788395589,644.9939999999999,336.03183358736123,311.96799999999996
heating_training,E74,2700.0,784.7636415353298,956.26,759.0095821500854,957.0559999999999,684.9405445348565,769.178,765.795116773203,929.1659999999999,698.5184148899136,728.074,661.4717266461206,646.892,336.4811166280891,312.517
heating_training,E74,2750.0,784.9054993217455,957.033,759.3140480120046,957.6569999999999,685.4571962393259,770.538,766.0406346189231,929.755,698.9516357575475,729.62,662.0467713580219,648.7539999999999,336.91355343275063,313.04699999999997
heating_training,E74,2800.0,785.0201637611964,957.252,759.6155324870288,958.163,685.9615518705174,772.0409999999999,766.3064676905079,930.304,699.3921336155917,731.297,662.60898074952,650.72,337.32987221314863,313.58599999999996
heating_training,E74,2850.0,785.1118571183315,956.031,759.8959892061781,958.509,686.4550523066779,773.3399999999999,766.5315195645236,930.709,699.8275853203338,732.789,663.1624464404733,652.489,337.7308994159092,314.10699999999997
heating_training,E74,2900.0,785.2058827328805,955.906,760.1603883277,959.05,686.9318945271045,774.595,766.7422500537414,931.188,700.2399040354746,734.175,663.7002735101277,654.182,338.11752159234896,314.61899999999997
heating_training,E74,2950.0,785.3605493431622,956.761,760.4228054416866,959.534,687.3895905507593,775.8889999999999,766.9745151249509,931.728,700.6239045645875,735.663,664.2166471301739,655.8889999999999,338.49053016991047,315.18499999999995
heating_training,E74,3050.0,785.5827865909887,958.629,761.0072759817334,961.2769999999999,688.3887714092674,778.3409999999999,767.5484097609267,933.3299999999999,701.5755350819696,738.364,665.3427299089809,658.998,339.1986605282092,316.17199999999997
heating_training,E74,3100.0,785.7036036601108,959.286,761.2427335648164,962.276,688.8125730579309,779.7570000000001,767.7189926882244,934.342,701.9075954163792,739.8589999999999,665.8237094913709,660.654,339.5350555026423,316.678
heating_training,E74,3150.0,785.8601123341547,957.422,761.4872832745831,963.2289999999999,689.227727616569,781.076,767.9465581493074,935.27,702.2554375331007,741.245,666.2941850153954,662.21,339.8604293994041,317.145
heating_training,E74,3200.0,785.9728111904127,957.759,761.7365374502402,963.371,689.6481936070448,782.3499999999999,768.1892301812683,935.62,702.6447847999486,742.5799999999999,666.7702892912745,663.771,340.1752344620147,317.57399999999996
heating_training,E74,3250.0,786.0801122889977,956.394,761.9686192806556,962.702,690.0654137128,783.393,768.3854671076137,935.206,703.0265298051861,743.777,667.2455347995433,665.211,340.47993637408655,318.02799999999996
heating_training,E74,3300.0,786.1748010798029,951.4639999999999,762.1943075304705,962.134,690.4747248308684,784.21,768.5823884507707,934.736,703.3958554776937,744.795,667.7136955375265,666.633,340.7749663529666,318.50699999999995
heating_training,E74,3350.0,786.2338748397443,954.501,762.4048877858556,961.199,690.8779328934621,784.825,768.7520710160849,933.9159999999999,703.7598674320826,745.606,668.1777631879403,667.8499999999999,341.0607161241295,318.93499999999995
heating_training,E74,3400.0,786.326830493151,955.3679999999999,762.6004120567152,961.199,691.2650781660997,785.3729999999999,768.9033179555703,933.8389999999999,704.0879416866984,746.328,668.626065727268,668.948,341.33754603703306,319.388
heating_training,E74,3450.0,786.4119579836214,953.947,762.8013134029947,961.437,691.6441659315802,786.025,769.0908983935961,934.019,704.4189598385435,747.1279999999999,669.0649599168305,670.03,341.6058405091346,319.815
heating_training,E74,3500.0,786.4779730805383,953.543,762.9925603302631,961.549,692.0204418319776,786.8149999999999,769.2559331300888,934.135,704.7565588771458,748.0319999999999,669.5020922994053,671.2059999999999,341.8660836623617,320.268
heating_training,E74,3550.0,786.5345104298674,955.669,763.1731411825883,961.981,692.3896870465674,787.4789999999999,769.4049965110257,934.419,705.0846331810186,748.8299999999999,669.9334382789559,672.245,342.1187837369992,320.691
heating_training,E74,3600.0,786.6233211698553,955.167,763.3491615051496,962.6659999999999,692.7478576583405,788.2909999999999,769.5575703647539,935.086,705.3923045201825,749.698,670.3529465498493,673.249,342.36440080137015,321.096
heating_training,E74,3650.0,786.6956434999729,954.413,763.5313038002703,963.095,693.1039938823059,789.1759999999999,769.7356640251057,935.562,705.7131685119465,750.664,670.7694873082244,674.357,342.6033181370884,321.53999999999996
heating_training,E74,3700.0,786.7569433187047,955.47,763.7035867387634,963.446,693.4583000238176,789.956,769.8857145805755,935.8969999999999,706.0347468280847,751.5,671.1852729444164,675.323,342.83589833458916,321.929
heating_training,E74,3750.0,786.8310313573605,956.042,763.8715437922095,964.09,693.8050190103528,790.73,770.0346750659787,936.491,706.3412376057626,752.319,671.5933995980109,676.305,343.06241795391884,322.31399999999996
heating_training,E74,3800.0,786.9115272642536,957.683,764.0411129412829,964.86,694.1468064608694,791.535,770.1954809637026,937.213,706.6449481362265,753.19,671.9956701893882,677.202,343.2831242090558,322.69599999999997
heating_training,E74,3850.0,787.0603758226805,956.202,764.2189479035476,965.702,694.4810237796694,792.52,770.3796192484393,938.091,706.9334853266924,754.136,672.3873033214442,678.318,343.49821137192737,323.07
heating_training,E74,3900.0,787.2050413166476,951.713,764.4219885189334,964.9639999999999,694.8216763138012,793.328,770.6211735159951,937.703,707.2546450701572,754.9939999999999,672.7820291549003,679.2829999999999,343.70780655579574,323.424
heating_training,E74,3950.0,787.3077669885911,948.1899999999999,764.6213583537242,963.579,695.1730642694969,793.773,770.8247714185835,936.622,707.6007839653864,755.592,673.1889271796175,680.179,343.9119999415117,323.76099999999997
heating_training,E74,4000.0,787.3967487064788,952.256,764.8063076870045,962.302,695.5221465596908,793.889,770.9857996229944,935.3299999999999,707.9289776671071,755.919,673.5957732121472,680.987,344.11086990420097,324.15
heating_training,E74,4050.0,787.4295914287197,951.7819999999999,764.9764297624628,962.175,695.8675773671431,793.997,771.1199304142233,935.1,708.2497699417136,756.188,674.0016230833279,681.5989999999999,344.30462010821327,324.49899999999997
heating_training,E74,4100.0,787.4451143378794,952.814,765.1176896260752,962.371,696.2005081417392,794.2909999999999,771.1981522489538,935.178,708.5378792722748,756.565,674.3981464692549,682.2349999999999,344.4936094227417,324.83799999999997
heating_training,E74,4150.0,787.478371536048,952.146,765.2475156124754,962.864,696.5154690193456,794.716,771.2830660749083,935.563,708.7926094730888,757.053,674.7767001719363,682.901,344.67817511027187,325.173
heating_training,E74,4200.0,787.5090037714074,953.593,765.3756356315079,963.007,696.821028726051,795.271,771.3872151043728,935.765,709.0463491610705,757.642,675.144939006255,683.6289999999999,344.8586321273351,325.524
heating_training,E74,4250.0,787.5375938544378,952.667,765.4982687584263,962.946,697.1207157218422,795.749,771.4877775015442,935.7429999999999,709.3012893084664,758.178,675.5072001459118,684.303,345.0351789379165,325.85499999999996
heating_training,E74,4300.0,787.5625600944442,951.021,765.6170403751322,962.745,697.4150284340292,796.135,771.5883461196254,935.62,709.5550371692908,758.6469999999999,675.8640872480299,684.944,345.2079268903026,326.162
heating_training,E74,4350.0,787.598210729774,951.4879999999999,765.732757893546,962.7239999999999,697.7034867554992,796.4689999999999,771.6887209579279,935.543,709.8027477133561,759.076,676.2146664958742,685.556,345.3769623032124,326.489
heating_training,E74,4400.0,787.6273611586086,950.4879999999999,765.8492671641917,962.99,697.9888295825721,796.8439999999999,771.7969537263864,935.802,710.0531964938345,759.4929999999999,676.5615557232874,686.097,345.5423125516704,326.758
heating_training,E74,4450.0,787.7233353224142,951.235,765.9694306989496,963.175,698.2659049838304,797.293,771.9170261688289,935.98,710.2843824555086,759.971,676.8977874887856,686.678,345.70392914536046,327.036
heating_training,E74,4500.0,787.7549467134212,951.8,766.1068643454109,963.471,698.5525691833811,797.7239999999999,772.0778084696061,936.2139999999999,710.5601606851131,760.438,677.2424904996235,687.239,345.86182064412515,327.311
heating_training,E74,4550.0,787.7678093810069,951.972,766.2191928400912,963.866,698.8405294509733,798.165,772.1553330802836,936.639,710.8277807942577,760.906,677.592088070565,687.7819999999999,346.01614464893896,327.59799999999996
heating_training,E74,4600.0,787.7963078491058,952.876,766.3261445128549,964.3,699.1179843131825,798.577,772.2389286091129,936.9259999999999,711.0667633019852,761.351,677.9314245663711,688.28,346.16715973972407,327.86199999999997
heating_training,E74,4650.0,787.842726343705,952.864,766.4354920189776,964.817,699.3894389398847,799.079,772.3399994980103,937.459,711.2990863189045,761.847,678.2633062085179,688.867,346.3150837992506,328.131
heating_training,E74,4700.0,787.8712076770468,950.684,766.5479412021609,964.013,699.6616610274132,799.557,772.4505850235763,936.996,711.5443232667775,762.371,678.5954737489385,689.463,346.4600541803471,328.41499999999996
heating_training,E74,4750.0,787.9026281385519,949.914,766.6535980153852,963.5799999999999,699.9316249182122,799.7289999999999,772.5416028063989,936.536,711.7842837813489,762.653,678.9258890071758,689.97,346.6021448962967,328.71799999999996
heating_training,E74,4800.0,787.9008691061523,947.813,766.7553462645499,962.8589999999999,700.2002351024074,799.879,772.6283261634351,935.965,712.0269570931787,762.875,679.2556845260178,690.387,346.74136654202755,328.97799999999995
heating_training,E74,4850.0,787.9059956910369,946.559,766.842514562227,962.387,700.4612059205897,799.949,772.6835915281471,935.507,712.2492048676887,763.031,679.5789412949607,690.837,346.87767517485713,329.262
heating_training,E74,4900.0,787.9677421004603,949.269,766.9358858594917,961.8489999999999,700.7105147140356,799.983,772.7726668765491,934.937,712.4485975313511,763.154,679.8878326404433,691.19,347.011043300484,329.519
heating_training,E74,4950.0,788.0446263009807,951.6709999999999,767.0499151305143,962.144,700.9616926118575,800.057,772.9146174347355,935.116,712.6699598908901,763.2829999999999,680.1951038904671,691.487,347.14144206440807,329.755
heating_training,E74,5000.0,788.1003405753983,951.834,767.1697485298788,962.836,701.2225681564133,800.353,773.0507390431469,935.685,712.9205768917808,763.583,680.5119203248387,691.829,347.2689915851457,330.02099999999996
heating_training,E74,5050.0,788.1456984171641,951.713,767.2845670447392,963.552,701.4871408284387,800.725,773.1614360976308,936.307,713.172357620098,763.954,680.8337090442415,692.1759999999999,347.39396938489057,330.229
heating_training,E74,5100.0,788.1472667491814,951.637,767.3907021336756,963.693,701.7533369201899,801.15,773.2496420513834,936.549,713.4247235797728,764.366,681.1592098331349,692.579,347.5166111184866,330.453
heating_training,E74,5150.0,788.1684387945726,952.592,767.4806118665946,963.975,702.0106539533056,801.462,773.3049689725626,936.773,713.6463013002332,764.704,681.4772056028138,692.952,347.6371468157953,330.66999999999996
heating_training,E74,5200.0,788.2043891714831,950.034,767.5761949475809,964.201,702.2605941588351,801.852,773.3943000782373,937.071,713.8581583581965,765.0909999999999,681.7862408787782,693.385,347.75574429093007,330.907
heating_training,E74,5250.0,788.2634018649101,949.9879999999999,767.6772526474028,963.49,702.5086495910269,802.097,773.4986874705081,936.566,714.0732157538503,765.395,682.0916192176796,693.779,347.87247081351677,331.125
heating_training,E74,5300.0,788.3325376935134,950.967,767.7892078223598,963.317,702.758735121988,802.161,773.6266989382422,936.2909999999999,714.2999324758383,765.534,682.3973022290995,694.055,347.9873170199688,331.33
heating_training,E74,5350.0,788.4141553221114,951.784,767.9081031492326,963.68,703.0122501319364,802.327,773.7601961147562,936.591,714.5348679237923,765.708,682.7051667369414,694.373,348.1002043446196,331.49
heating_training,E74,5400.0,788.4438074779495,950.884,768.0278460996586,964.068,703.2733489374373,802.597,773.8839604088229,936.917,714.790031551696,765.9929999999999,683.0215557350555,694.6279999999999,348.2110187420839,331.652
heating_training,E74,5450.0,788.4400927105107,951.067,768.124652852247,964.701,703.5330252314158,802.891,773.9434306960968,937.482,715.0308818546971,766.309,683.3400443542492,694.935,348.31976518821614,331.827
heating_training,E74,5500.0,788.4557886523652,951.1899999999999,768.2087117599881,964.866,703.7798476058152,803.27,773.9918736329837,937.76,715.2357952713298,766.656,683.6464793399451,695.276,348.42660782398946,332.029
heating_training,E74,5550.0,788.4815933137569,951.446,768.2956578107369,964.821,704.0191416284277,803.55,774.0674864534186,937.72,715.434415333826,766.958,683.9440293226296,695.62,348.53175834383615,332.25399999999996
heating_training,E74,5600.0,788.5263023855573,950.768,768.3862344559014,965.071,704.255855817136,803.773,774.1567369018284,937.937,715.636646001189,767.182,684.2376135937776,695.932,348.63540182210795,332.45099999999996
heating_training,E74,5650.0,788.5712607067151,950.929,768.4845391549522,964.509,704.4943606733403,803.989,774.2642761542326,937.5699999999999,715.8516219812552,767.431,684.5318513689803,696.247,348.7376543079562,332.642
heating_training,E74,5700.0,788.5756377779556,947.8679999999999,768.578729285393,963.884,704.7378941511513,804.082,774.3523245856485,937.05,716.0819211373241,767.566,684.8323327483706,696.544,348.8385361667573,332.825
heating_training,E74,5750.0,788.6217985580006,949.025,768.6628906526205,963.0509999999999,704.9738152549952,803.9789999999999,774.4168358350031,936.27,716.2834469007769,767.596,685.1255685984532,696.78,348.93802350734416,333.024
heating_training,E74,5800.0,788.6304498701224,948.381,768.7565668824251,962.843,705.2110002208628,803.91,774.5156068248037,936.014,716.5006576635619,767.586,685.4191201555705,696.949,349.0361009764426,333.20899999999995
heating_training,E74,5850.0,788.6324239022807,948.817,768.8336704439351,962.559,705.4462103811959,803.925,774.5653383787159,935.755,716.7090810421878,767.627,685.7125401400247,697.15,349.1327971417994,333.383
heating_training,E74,5900.0,788.6571494146781,947.2959999999999,768.9104414377731,962.24,705.6730715309939,803.942,774.6298043898827,935.442,716.8988305439627,767.683,685.996879656447,697.343,349.2280915253765,333.573
heating_training,E74,5950.0,788.7203101631735,949.023,768.9972318484989,962.107,705.8961062905179,803.919,774.7256526328651,935.235,717.0868200657839,767.701,686.2747869986175,697.49,349.32201028874636,333.74199999999996
heating_training,E74,6000.0,788.7783512111212,949.501,769.0987925750289,962.385,706.1249891236997,803.962,774.8514949739845,935.4069999999999,717.2994464247281,767.775,686.5566415596749,697.613,349.41458156308494,333.92699999999996
heating_training,E74,6015.0,788.800703635368,948.538,769.1266389581759,962.509,706.1879847834635,804.0,774.8787113911388,935.491,717.349345031659,767.8009999999999,686.6337975608816,697.672,349.44210253201913,333.964
heating_validation,E75,0.0,293.989,295.551,293.989,294.193,293.989,294.042,293.989,294.188,293.989,294.12199999999996,293.9889999999999,294.09999999999997,293.989,293.94399999999996
heating_validation,E75,50.0,357.8384493056822,398.05999999999995,317.0163022328599,350.034,300.72933949627907,307.512,351.9080656872629,324.29699999999997,311.1149126590481,300.98199999999997,298.49266491940097,297.56899999999996,293.98973230717695,293.938
heating_validation,E75,100.0,426.9581841459835,512.8019999999999,354.60781294667055,432.506,319.72702392359645,345.801,425.33664185289945,391.575,352.4050868137586,328.9,314.36261860685147,313.294,293.99391894853323,293.933
heating_validation,E75,150.0,492.2204079226535,610.047,398.5923559290262,504.436,346.9743858744959,382.461,493.90319579426284,457.152,401.3918306821001,358.433,338.4146863942273,331.063,294.0036943983718,293.945
heating_validation,E75,200.0,550.604161552943,687.853,444.1299051398478,565.025,378.54853379811584,413.586,552.3852720855483,515.274,449.0215632232039,384.402,366.9511643704261,346.26199999999994,294.02591210795117,293.942
heating_validation,E75,250.0,601.3440582390596,751.592,488.2944770383553,619.22,411.54431240133204,441.94499999999994,600.3874371351867,569.4639999999999,491.57118563408,408.625,397.1641605519226,360.115,294.0750216469346,293.977
heating_validation,E75,300.0,644.7068680341966,797.235,529.4386907411468,660.8879999999999,444.0031269412217,464.28599999999994,639.1295139327534,611.846,528.0112705410841,428.11899999999997,427.1345530425015,371.186,294.1719449938636,293.996
heating_validation,E75,350.0,681.3161390437942,834.3679999999999,566.7744063857566,697.712,474.723821685534,484.822,670.2634194856396,649.816,558.5857755052998,446.29699999999997,455.66690827474923,381.875,294.340744396314,294.03299999999996
heating_validation,E75,450.0,739.3037064160433,883.9689999999999,632.3379815462122,750.1949999999999,531.8394594197937,516.309,719.5126324162392,704.702,609.3957792568636,475.12699999999995,509.10145370540414,400.272,294.98488149695453,294.135
heating_validation,E75,500.0,760.204665067626,901.629,657.0686345132245,770.828,553.9466163851046,529.497,733.621216480994,726.72,624.3563484444965,487.572,529.8467105257021,408.99199999999996,295.49515927806283,294.197
heating_validation,E75,550.0,777.6627874359942,917.208,678.5884303232243,789.482,573.5915597029161,542.1949999999999,746.1360445965748,746.8689999999999,637.7824153097357,499.42999999999995,548.3252356046769,417.865,296.1444043324525,294.274
heating_validation,E75,600.0,792.1781975220333,928.404,697.231080133104,804.545,590.9377517463492,552.976,756.9255391545871,763.329,649.5016855968133,509.563,564.6766536422086,426.27299999999997,296.9349237660997,294.36899999999997
heating_validation,E75,650.0,804.2462328449453,939.333,713.3203631780727,817.6,606.1814535885592,562.8599999999999,766.094153358405,777.6579999999999,659.6055990810593,519.083,579.0766207053935,434.05199999999996,297.863334330195,294.46799999999996
heating_validation,E75,700.0,814.3121153404254,948.332,727.1829663201503,829.4259999999999,619.5302821407527,571.9590000000001,773.8846522716779,790.489,668.278326430044,527.991,591.7115911686833,441.64199999999994,298.9215392849004,294.577
heating_validation,E75,750.0,822.6738557851418,956.853,739.1257932828145,840.643,631.2065936924379,581.096,780.5433296610964,802.9,675.7646775173453,536.967,602.7857887636118,449.753,300.0979813413594,294.72499999999997
heating_validation,E75,800.0,829.7185986976325,962.374,749.4086823843314,850.04,641.4066219926372,589.2439999999999,786.2288604021227,813.294,682.2212941456982,545.017,612.4781462725247,457.46899999999994,301.37861075276055,294.892
heating_validation,E75,850.0,835.6966205042886,968.3249999999999,758.3013926539721,858.254,650.3193492039524,596.74,791.1992949924039,822.414,687.8298211565626,552.646,620.9601734322416,465.075,302.74790448054455,295.06199999999995
heating_validation,E75,900.0,840.7576451378493,971.685,766.0172573518063,866.364,658.1333042313333,604.448,795.5746865205934,831.418,692.7772349970763,560.3019999999999,628.4085079948659,472.432,304.18962204114774,295.262
heating_validation,E75,950.0,844.9953485564068,976.723,772.7243584094963,873.17,665.0125479268672,611.2429999999999,799.4211057942565,838.838,697.1956627183267,567.105,634.9805625514012,479.034,305.68764610198923,295.44399999999996
heating_validation,E75,1000.0,848.6442861534965,980.428,778.55747992369,879.616,671.0748799743754,617.7729999999999,802.778593776565,845.853,701.1110611257537,573.766,640.7854273603857,485.311,307.2265531105933,295.65599999999995
heating_validation,E75,1050.0,851.7511871301301,982.8109999999999,783.6715524669097,885.382,676.4385975803053,624.063,805.8077261649719,852.1659999999999,704.6282810429292,580.113,645.9329518394559,490.938,308.7920345453538,295.86699999999996
heating_validation,E75,1100.0,854.45795334896,986.4879999999999,788.1606572525561,890.98,681.2028118620448,630.423,808.5002894744825,858.524,707.7956545457837,586.603,650.5159018943992,497.41099999999994,310.37113540098244,296.142
heating_validation,E75,1150.0,856.8468338027404,989.762,792.1368723738923,895.995,685.4503274043361,636.011,810.9667402271496,864.067,710.6650885861919,592.441,654.6103285176396,503.13699999999994,311.9524145989942,296.426
heating_validation,E75,1250.0,861.1362052784592,994.568,799.2465238888506,905.236,693.1202181070249,646.662,815.8392783033893,874.0029999999999,716.291096429353,603.4929999999999,662.0298321953263,514.471,315.0836220501236,297.10499999999996
heating_validation,E75,1300.0,862.7371747951147,997.638,802.0330804483292,909.629,696.1541644675268,652.044,817.5298118606513,878.8489999999999,718.2744388833199,609.123,664.9741736520501,520.131,316.6181460845303,297.505
heating_validation,E75,1350.0,864.1192805121649,999.75,804.5500670141034,913.597,698.9496614623953,656.929,819.168527753166,883.254,720.2956659269706,614.2139999999999,667.6994705196564,525.182,318.12385686617495,297.909
heating_validation,E75,1400.0,865.3785968502267,1000.752,806.8283231715566,917.403,701.5185942585505,661.621,820.708564550572,887.3299999999999,722.2181449135392,619.15,670.2143009795623,529.774,319.596164020345,298.33
heating_validation,E75,1450.0,866.5288785244182,1001.106,808.9130070483594,920.843,703.886111317444,666.497,822.1836032470529,891.1859999999999,724.0308930959307,624.185,672.5396196446363,534.95,321.03145883453817,298.803
heating_validation,E75,1500.0,867.5776755691493,1001.611,810.8278551207562,923.8249999999999,706.0804981492554,670.874,823.575807471926,894.49,725.7471891272143,628.681,674.7019640623809,539.7339999999999,322.4269455957466,299.25899999999996
heating_validation,E75,1550.0,868.4989133357348,1002.802,812.5910104664761,926.444,708.1264622821187,675.0229999999999,824.8804870615802,897.487,727.3836876920495,633.006,676.726336835558,544.213,323.7805058434169,299.72299999999996
heating_validation,E75,1600.0,869.355965939428,1003.076,814.2093173146294,929.144,710.0337464766407,678.98,826.074433367596,900.313,728.9163049403801,637.18,678.6212983323383,548.5699999999999,325.09066134546214,300.179
heating_validation,E75,1650.0,870.1659046659069,1006.083,815.7129502845422,931.872,711.8140563935048,683.077,827.2162126854573,903.268,730.3543164426578,641.555,680.3958711424319,553.055,326.35650965753035,300.69899999999996
heating_validation,E75,1700.0,870.8200060336177,1008.199,817.1114929621513,934.608,713.497039818299,686.7929999999999,828.2939433456224,906.1229999999999,731.7584727534078,645.53,682.081859125294,557.152,327.57769665655263,301.195
heating_validation,E75,1750.0,871.4613599731756,1009.7239999999999,818.388130534469,937.235,715.0760160960555,690.412,829.2350844505955,908.851,733.0583253022758,649.412,683.6719115632749,561.05,328.75440788095807,301.71799999999996
heating_validation,E75,1800.0,872.092640288083,1009.413,819.5910098106782,939.851,716.5558333929139,694.2090000000001,830.1774078086222,911.659,734.2733124671064,653.486,685.1665220742362,565.197,329.88721258993354,302.29699999999997
heating_validation,E75,1850.0,872.6883761837805,1009.828,820.7275281355198,941.915,717.9591123705403,697.5709999999999,831.0917254885512,913.9399999999999,735.4494420267164,657.154,686.5875766717373,568.909,330.97698078468215,302.84
heating_validation,E75,1900.0,873.2374677121741,1010.2959999999999,821.8010905500184,943.775,719.2969416838004,700.7860000000001,831.9649011356784,916.034,736.5916496963728,660.685,687.9473318972662,572.538,332.0246782575581,303.38899999999995
heating_validation,E75,1950.0,873.7355752756326,1012.159,822.8115670233358,945.704,720.5756769472797,704.0409999999999,832.7839423990091,918.174,737.6962107944263,664.211,689.2527844887662,575.9369999999999,333.0314101255234,303.998
heating_validation,E75,2050.0,874.7357559710521,1012.2959999999999,824.7967767660616,949.262,723.1418915421143,709.906,834.4594472211178,922.1179999999999,739.9909514958762,670.515,691.8919789122998,582.4929999999999,334.9269140397761,305.111
heating_validation,E75,2100.0,875.1442956349797,1014.526,825.6192042915112,951.138,724.2133636714784,712.68,835.0705263759851,924.098,740.8261151334978,673.5229999999999,692.9981598353759,585.642,335.81827799366255,305.668
heating_validation,E75,2150.0,875.5353399783621,1014.009,826.4058833800577,953.196,725.251011253929,715.704,835.7010455481394,926.3009999999999,741.70291346808,676.835,694.0736913129059,589.024,336.6738170366571,306.27299999999997
heating_validation,E75,2200.0,875.9184076126083,1013.276,827.1600813428619,954.702,726.2538490425859,718.409,836.3290725878876,927.947,742.575671773765,679.809,695.1169372402909,592.068,337.4948704829577,306.794
heating_validation,E75,2250.0,876.2960841913043,1012.1659999999999,827.8859218265916,955.794,727.223434327327,721.009,836.9485234928655,929.244,743.4307611202347,682.616,696.1287456165929,595.069,338.2827624502727,307.35699999999997
heating_validation,E75,2300.0,876.6182881011812,1012.487,828.5831498197647,956.643,728.1672118969739,723.44,837.548461270958,930.241,744.2810268147754,685.307,697.117802122679,597.948,339.03882055912595,307.917
heating_validation,E75,2350.0,876.9447490597647,1011.938,829.2407576841634,957.462,729.0787038464466,725.863,838.094064398712,931.235,745.0916128177529,688.0229999999999,698.0774408533105,600.794,339.76440530257344,308.527
heating_validation,E75,2400.0,877.2347731949056,1012.035,829.8745881715337,958.242,729.9609259308155,727.957,838.6380576665019,932.0889999999999,745.8805278357431,690.502,699.0100916670939,603.394,340.4609507315278,309.08599999999996
heating_validation,E75,2450.0,877.4896202601759,1012.28,830.4723782935764,959.02,730.8172374755843,729.9839999999999,839.1337255954768,932.9309999999999,746.6483141102797,692.863,699.9199715101096,605.8879999999999,341.12981916149886,309.662
heating_validation,E75,2500.0,877.7196172768425,1012.655,831.0367296967464,959.952,731.6441889147358,732.077,839.5967427977826,933.92,747.3838188831475,695.2819999999999,700.8035878653739,608.495,341.772355051016,310.27
heating_validation,E75,2550.0,877.9609736918036,1011.2669999999999,831.5718675206507,960.814,732.4392294995135,734.0319999999999,840.0368472441282,934.842,748.0798246407554,697.469,701.656708542695,610.896,342.3899078186677,310.84499999999997
heating_validation,E75,2600.0,878.2335604076198,1012.126,832.0926236140799,961.428,733.2038362549707,735.891,840.4890076635978,935.504,748.7446663268689,699.5409999999999,702.4787774759509,613.231,342.9837123719503,311.417
heating_validation,E75,2650.0,878.5017367285403,1012.0269999999999,832.607110123439,962.1999999999999,733.9490997518002,737.662,840.9586117377962,936.284,749.4089969714447,701.534,703.2808427504858,615.4549999999999,343.55497789508127,311.981
heating_validation,E75,2700.0,878.7119198445483,1011.947,833.104849714755,963.036,734.6843775771009,739.544,841.4047616826108,937.189,750.0865815112857,703.624,704.0749846966313,617.827,344.10484079431535,312.572
heating_validation,E75,2750.0,878.904834602309,1012.434,833.5710892796534,963.5509999999999,735.4017248826785,741.226,841.7933144424362,937.756,750.7391948297924,705.498,704.8542295145622,619.9,344.63431315587684,313.118
heating_validation,E75,2850.0,879.417695800499,1012.406,834.5333562457812,964.888,736.8721537449571,744.4649999999999,842.665211800551,939.155,752.0803865083698,709.0419999999999,706.4595710561172,623.958,345.6358903501774,314.19899999999996
heating_validation,E75,2900.0,879.6458961888379,1012.486,834.9519278987275,965.654,737.5006066274784,746.1179999999999,843.0182095995482,939.9259999999999,752.5903066612128,710.872,707.1460093647053,626.0219999999999,346.10985001078035,314.768
heating_validation,E75,2950.0,879.8312213735954,1012.151,835.3650620058125,966.1279999999999,738.1296954099677,747.613,843.3882210213991,940.491,753.1588804628524,712.5139999999999,707.8349367558067,627.883,346.5671034996101,315.27799999999996
heating_validation,E75,3000.0,879.9888404273839,1012.353,835.7569871014314,966.615,738.7530922073303,749.031,843.7224730854961,940.991,753.7344851954647,714.085,708.5214838314125,629.712,347.0084861721042,315.78799999999995
heating_validation,E75,3050.0,880.187259192313,1011.092,836.1330208030881,967.062,739.3577946131076,750.406,844.044326491382,941.495,754.2744500263922,715.6089999999999,709.1901338885918,631.462,347.4348108388624,316.30899999999997
heating_validation,E75,3100.0,880.3125533777194,1012.48,836.5063267658874,967.582,739.9563836756626,751.797,844.3879697729482,942.012,754.830503927381,717.163,709.854117090918,633.251,347.8467478097457,316.828
heating_validation,E75,3150.0,880.4056242919237,1012.4689999999999,836.8446698208506,968.381,740.5446368547515,753.122,844.6523653899831,942.795,755.3700306773145,718.595,710.5114737052729,634.8889999999999,348.2448658101869,317.286
heating_validation,E75,3200.0,880.4953906652694,1014.044,837.1605349249762,969.199,741.1109756466215,754.471,844.8994894044228,943.607,755.8697666614779,720.045,711.1491365129469,636.487,348.62969237746574,317.76099999999997
heating_validation,E75,3250.0,880.6322686226869,1012.391,837.463330398114,969.6949999999999,741.653397207035,755.885,845.1486161659386,944.212,756.3321160167019,721.583,711.7620644634649,638.17,349.00180856612656,318.26
heating_validation,E75,3300.0,880.781753963843,1012.217,837.7716460152084,969.983,742.1816412307583,757.076,845.4396939784165,944.519,756.7937737072627,722.903,712.3588733620193,639.663,349.36189567289114,318.736
heating_validation,E75,3350.0,880.937176822463,1012.341,838.0787805734359,970.41,742.7037743292158,758.165,845.7322305947316,944.924,757.2648942719611,724.1279999999999,712.9485991050493,641.101,349.7105874649412,319.202
heating_validation,E75,3400.0,881.1226715077183,1012.6469999999999,838.3870357538993,970.8299999999999,743.2181478820768,759.2860000000001,846.0314911567477,945.37,757.7310591711911,725.3409999999999,713.5294204475506,642.506,350.0484685520271,319.67199999999997
heating_validation,E75,3450.0,881.2714025355307,1010.9159999999999,838.6995048902387,971.196,743.7330803790754,760.4359999999999,846.343358531886,945.77,758.2166506902502,726.6099999999999,714.1107995665175,644.011,350.37605658266125,320.168
heating_validation,E75,3500.0,881.4642153397325,1011.9689999999999,839.0009534227028,971.2189999999999,744.2401490055656,761.442,846.6214871209222,945.856,758.6811557734343,727.712,714.6840943434763,645.313,350.6938031633399,320.60699999999997
heating_validation,E75,3550.0,881.6654726346112,1011.348,839.3140427022165,971.404,744.7411311562424,762.347,846.9411502162884,946.044,759.1439852692449,728.736,715.2497219191287,646.557,351.00214513407093,321.032
heating_validation,E75,3650.0,882.1085764202786,1011.251,839.9964779910838,972.177,745.8306196358764,764.185,847.6337949629175,946.769,760.1982132905753,730.742,716.4786805775626,649.0139999999999,351.59234689121513,321.881
heating_validation,E75,3700.0,882.2171397311298,1011.11,840.289173189482,972.598,746.3120514004004,765.1089999999999,847.8846397276277,947.1899999999999,760.6238882281311,731.736,717.0233986333545,650.169,351.8750106201335,322.291
heating_validation,E75,3750.0,882.3183433919822,1010.1619999999999,840.5531740280004,972.8199999999999,746.7904273388441,766.026,848.0806567523058,947.452,761.0560421227717,732.702,717.5691512048231,651.319,352.1499117341969,322.66299999999995
heating_validation,E75,3800.0,882.4336764454649,1010.7429999999999,840.808441986615,972.978,747.2548455189359,766.924,848.2925497286516,947.6419999999999,761.4661772623944,733.694,718.1021312674503,652.482,352.4173577702939,323.078
heating_validation,E75,3850.0,882.5352949904956,1011.342,841.0583339118581,973.346,747.7118058742159,767.721,848.5131213190646,947.996,761.876941868793,734.564,718.628021864181,653.498,352.67765993819455,323.476
heating_validation,E75,3900.0,882.6110326774384,1010.8299999999999,841.2970634766623,973.81,748.1637444638054,768.53,848.7191014386283,948.4069999999999,762.2894858920682,735.432,719.1503813094117,654.525,352.93118127301847,323.86899999999997
heating_validation,E75,3950.0,882.7324592272714,1010.586,841.5252225076376,974.047,748.6024671633279,769.354,848.9136867679274,948.675,762.6746573038462,736.3340000000001,719.6594187836133,655.573,353.1783203913718,324.27299999999997
heating_validation,E75,4000.0,882.8094666027303,1010.911,841.7596791091012,974.29,749.0387904757379,770.0799999999999,849.1431009670507,948.895,763.0768501564961,737.143,720.1660519680652,656.5409999999999,353.41942956478533,324.652
heating_validation,E75,4050.0,882.8904999252544,1011.9309999999999,841.9767255143564,974.6809999999999,749.4706906864856,770.795,849.3259525768015,949.24,763.4713623693518,737.925,720.6695021562448,657.4459999999999,353.6548350088895,325.02299999999997
heating_validation,E75,4100.0,882.9435041713098,1012.528,842.1895365508368,975.27,749.8963291324413,771.492,849.5170023227624,949.7769999999999,763.8613675596473,738.707,721.1677948158509,658.322,353.8847915853653,325.39099999999996
heating_validation,E75,4150.0,883.0149862161862,1012.92,842.3882368829148,975.881,750.3125603002931,772.31,849.6807762851628,950.408,764.2323199818932,739.558,721.6571540803691,659.294,354.1095068027995,325.768
heating_validation,E75,4200.0,883.1105943158467,1012.274,842.5898548370117,976.51,750.7181781034594,773.095,849.8707851268417,950.9739999999999,764.5896062568911,740.357,722.1346370648404,660.178,354.32915022601446,326.10699999999997
heating_validation,E75,4250.0,883.1942497502183,1011.674,842.7946105840454,976.704,751.122037121473,773.875,850.0727422494957,951.29,764.9585732731363,741.1759999999999,722.6095183390922,661.0619999999999,354.543876884266,326.45599999999996
heating_validation,E75,4300.0,883.2379057492169,1014.5409999999999,842.99170131496,976.963,751.5269706886502,774.508,850.2537802403821,951.487,765.3386772296017,741.875,723.0868115613401,661.852,354.7538572995377,326.787
heating_validation,E75,4350.0,883.2939688324232,1012.255,843.1740012017946,977.752,751.9240987426314,775.239,850.4032526337929,952.222,765.6977972425445,742.637,723.5574278243745,662.72,354.95923817490956,327.164
heating_validation,E75,4450.0,883.6374161742525,1013.93,843.6104879538534,978.106,752.7528108326549,776.5360000000001,850.8669295304034,952.601,766.4466128834164,744.01,724.535555644702,664.29,355.35698260051925,327.798
heating_validation,E75,4500.0,883.7569993108634,1011.659,843.8220196792796,978.345,753.1253908535464,777.1859999999999,851.0905468805917,952.9159999999999,766.7762674171066,744.702,724.9713939529279,665.096,355.54969054880127,328.13199999999995
heating_validation,E75,4550.0,883.7917003345156,1011.1089999999999,844.0249936514923,978.0749999999999,753.5161390792581,777.741,851.2806450155388,952.718,767.1650638398895,745.323,725.4291988866495,665.847,355.73854160897855,328.453
heating_validation,E75,4600.0,883.8731995735687,1012.284,844.2050346441276,978.105,753.8998980388609,778.172,851.4159185624222,952.682,767.517602894529,745.836,725.8827895089712,666.4849999999999,355.92376571857375,328.78099999999995
heating_validation,E75,4650.0,883.9108756810567,1012.3349999999999,844.3912409616453,978.4159999999999,754.2806350399019,778.65,851.5941306831294,952.927,767.8733460607647,746.347,726.333988726133,667.154,356.1055746851092,329.082
heating_validation,E75,4700.0,883.9818165282308,1013.09,844.5610150206003,978.566,754.6549863493935,779.142,851.730237672884,953.073,768.2096847619575,746.903,726.7794527032871,667.823,356.28419406543674,329.418
heating_validation,E75,4750.0,884.049763147576,1013.334,844.7386312802527,978.9879999999999,755.023543438559,779.653,851.9061455760509,953.405,768.5432550692963,747.434,727.2184102176848,668.4459999999999,356.4598105373627,329.72299999999996
heating_validation,E75,4800.0,884.0807026420488,1012.668,844.9093876138653,979.146,755.3943047340744,780.17,852.0623471172369,953.617,768.8909320996491,747.988,727.660554304661,669.064,356.63255527804955,330.02599999999995
heating_validation,E75,4850.0,884.1343301935664,1010.954,845.0685263509735,979.1619999999999,755.7577588603775,780.6949999999999,852.1948208911565,953.655,769.2179577220523,748.555,728.0961852286288,669.746,356.80255870270344,330.346
heating_validation,E75,4900.0,884.2467199154007,1012.651,845.2352370333994,978.981,756.1105519252769,781.068,852.3609272432722,953.467,769.5244821707144,749.002,728.5188612519778,670.297,356.96992950929877,330.615
heating_validation,E75,4950.0,884.2960079206183,1012.053,845.4150015638029,979.3349999999999,756.4708886180299,781.453,852.5595501250389,953.741,769.8698452865995,749.434,728.9483371402374,670.844,357.1347548934854,330.92199999999997
heating_validation,E75,5000.0,884.393346298649,1012.098,845.579831918239,979.456,756.8280425501894,781.872,852.7039254277935,953.881,770.1964217437416,749.877,729.3750717173482,671.377,357.297116806909,331.192
heating_validation,E75,5050.0,884.5694338465007,1012.043,845.7653399087143,979.679,757.1754589228784,782.325,852.9130518315603,954.0989999999999,770.5018984869307,750.363,729.788249773734,671.969,357.4569853117141,331.46099999999996
heating_validation,E75,5100.0,884.714407873791,1011.404,845.9744743285869,979.795,757.533637352792,782.7639999999999,853.1665295636043,954.2139999999999,770.8498798660416,750.823,730.2093760710549,672.519,357.6142208325511,331.66999999999996
heating_validation,E75,5150.0,884.7885320748911,1009.989,846.1748201883363,979.555,757.9053277508978,783.162,853.3679049018701,954.074,771.2262835293818,751.25,730.646273731601,673.06,357.76862859497777,331.868
heating_validation,E75,5250.0,884.8599497926862,1010.847,846.5293215268882,979.245,758.6934938075972,783.722,853.6451760941991,953.684,771.9781103599156,751.915,731.5884440506626,673.9739999999999,358.06865577688836,332.28799999999995
heating_validation,E75,5300.0,884.8805775697072,1009.996,846.6713972019727,979.393,759.026784362772,783.9929999999999,853.7403147645392,953.864,772.24070350842,752.2239999999999,731.9900697544289,674.393,358.21449591554733,332.52299999999997
heating_validation,E75,5350.0,884.9048302382522,1009.375,846.8051714163803,979.3249999999999,759.3533100200846,784.3009999999999,853.8396635753211,953.813,772.5132305073329,752.5619999999999,732.3859374222909,674.8199999999999,358.3578043213442,332.76599999999996
heating_validation,E75,5400.0,884.9237908030382,1009.3149999999999,846.9356728371316,979.183,759.6752241133021,784.5840000000001,853.9491874559293,953.726,772.7928840700624,752.877,732.7777643553827,675.269,358.498783879494,333.044
heating_validation,E75,5450.0,885.0028975435284,1008.4,847.0658375053558,978.898,759.9887684808899,784.816,854.0673207806855,953.516,773.0590640033226,753.1610000000001,733.1599963210779,675.654,358.6375616435795,333.274
heating_validation,E75,5500.0,885.0965905149538,1008.995,847.2157494318342,978.765,760.3024571869033,785.015,854.2420024957124,953.337,773.341967544031,753.3979999999999,733.5397971692523,676.0519999999999,358.77417793032674,333.52
heating_validation,E75,5550.0,885.1374101483993,1008.727,847.3692651446098,978.65,760.6276064573944,785.242,854.4083371240652,953.228,773.6611067297235,753.6469999999999,733.9315374963461,676.441,358.90865988019084,333.75699999999995
heating_validation,E75,5600.0,885.1941424976909,1008.269,847.5100619618346,978.536,760.952225563921,785.447,854.5315460196413,953.106,773.9660133729465,753.884,734.3242647817119,676.776,359.0409913444198,333.964
heating_validation,E75,5650.0,885.2618995615878,1007.2189999999999,847.6552054648544,978.37,761.272434293855,785.645,854.675717291016,952.9689999999999,774.2590758671553,754.114,734.7120175330131,677.127,359.17115414983175,334.167
heating_validation,E75,5700.0,885.3113261656723,1005.882,847.8005062291317,978.2869999999999,761.5938145273282,785.819,854.8186694748815,952.8249999999999,774.5590231265594,754.347,735.1008040642972,677.463,359.2990843347479,334.341
heating_validation,E75,5750.0,885.347961243418,1008.066,847.9388297696204,978.283,761.9142572945486,786.044,854.9429499547872,952.745,774.8559850956372,754.602,735.4894485002453,677.822,359.4247089933806,334.52599999999995
heating_validation,E75,5800.0,885.384953228575,1008.316,848.0710834268053,978.462,762.230160669336,786.2429999999999,855.0584115188699,952.922,775.1420100046857,754.8299999999999,735.874039692871,678.0899999999999,359.5479785076577,334.692
heating_validation,E75,5850.0,885.3331151332688,1008.447,848.1941265526718,978.692,762.5489115458073,786.4599999999999,855.1594174544992,953.127,775.4450661812159,755.068,736.2639017946985,678.367,359.66899916439013,334.88
heating_validation,E75,5900.0,885.3402329171872,1009.747,848.2887239005025,978.967,762.8531900816299,786.693,855.1969815617286,953.374,775.7009741891549,755.3019999999999,736.6410870013693,678.623,359.78799932939523,335.06199999999995
heating_validation,E75,5950.0,885.4149766686005,1009.443,848.4011008764369,979.309,763.1417517072549,786.9929999999999,855.3144668220057,953.726,775.9330628686109,755.5909999999999,736.9989499579534,678.954,359.90514768802393,335.265
heating_validation,E75,6050.0,885.4422879256048,1007.441,848.676703822582,979.129,763.80215350679,787.509,855.6222368486467,953.649,776.5788244771666,756.1189999999999,737.8072025345604,679.56,360.13410538142347,335.645
heating_validation,E75,6100.0,885.5160558070513,1008.384,848.7861889474107,978.85,764.0836957936459,787.649,855.703187714736,953.414,776.797854439052,756.298,738.1537735744064,679.813,360.2458960273137,335.811
heating_validation,E75,6150.0,885.562302507026,1009.095,848.9134019474358,979.029,764.3690296353788,787.76,855.8462564230696,953.524,777.0537107296772,756.463,738.5033115254237,680.059,360.35587563035165,335.964
heating_validation,E75,6200.0,885.6080858324693,1008.1279999999999,849.0330895601734,979.4159999999999,764.6592550418374,787.9839999999999,855.9563896027014,953.8629999999999,777.3232901178627,756.678,738.8585910641367,680.336,360.463951725891,336.094
heating_validation,E75,6250.0,885.6575816040937,1009.254,849.1552404671974,979.554,764.9485186927672,788.268,856.0775179639945,954.007,777.5898176763204,756.96,739.2131418546784,680.604,360.57004116513764,336.215
heating_validation,E75,6300.0,885.7136478501662,1007.917,849.2784527024495,979.672,765.2381377145747,788.494,856.199850407795,954.1519999999999,777.8572273786235,757.208,739.5677946303488,680.853,360.6741504334164,336.365
heating_validation,E75,6350.0,885.8067056141443,1008.725,849.4077213717177,979.689,765.526114034426,788.678,856.3363963352966,954.178,778.1191213101808,757.393,739.9195854845798,681.066,360.77644878079144,336.517
heating_validation,E75,6351.0,885.8083443282914,1008.725,849.409977528656,979.689,765.5311280830717,788.678,856.3381903642315,954.178,778.1225342191836,757.393,739.9257102983173,681.066,360.7784776100381,336.517
heating_training,E76,0.0,293.91499999999996,295.539,293.91499999999996,294.173,293.91499999999996,293.988,293.91499999999996,294.034,293.91499999999996,294.09299999999996,293.9150000000001,294.05899999999997,293.91499999999996,293.84799999999996
heating_training,E76,50.0,362.05200893668194,388.98499999999996,316.01502248671363,338.00899999999996,299.8487033249976,303.316,348.7271652812494,316.23699999999997,308.7343577099755,298.755,297.72019504080583,297.16299999999995,293.91573761587387,293.84299999999996
heating_training,E76,100.0,438.3968758190006,511.162,353.03790302022054,416.14199999999994,317.22003295503384,334.74199999999996,421.14574852006683,378.296,346.44414886484606,321.602,311.918856969785,307.73299999999995,293.9199465236792,293.851
heating_training,E76,200.0,589.3591291990055,700.3,454.93142322468157,544.614,381.71948421405284,397.027,567.9972436756891,497.96399999999994,451.3450814058257,373.34499999999997,369.0146405418655,336.02799999999996,293.9516496719288,293.892
heating_training,E76,250.0,647.6588193388039,763.457,499.4241459352495,591.7249999999999,412.33300241283405,420.307,613.7646365110425,544.708,488.16604812609353,393.48799999999994,396.52599274232637,346.83099999999996,294.0001152597929,293.89
heating_training,E76,300.0,698.843070320296,812.036,542.4743190046652,630.901,443.7096783485574,440.054,655.6056791608664,584.457,523.8884424349696,410.849,424.96979817479826,356.32899999999995,294.09619791455395,293.917
heating_training,E76,350.0,743.2507285467011,851.872,582.8816253477247,665.641,474.47272446045076,458.176,692.0388665400494,620.162,556.2566657927528,427.121,453.01472702054576,365.84499999999997,294.2649727467256,293.933
heating_training,E76,400.0,781.4237067707828,881.778,620.0362693849446,692.524,503.75689448542505,472.745,723.1594644275903,648.804,584.7231334388584,440.529,479.81870285367285,374.131,294.53209132844063,293.97299999999996
heating_training,E76,500.0,844.2548651566922,926.023,687.4002414227433,736.017,559.4968975671682,497.871,776.5442835950153,695.319,635.3523323706064,463.83399999999995,531.0937308511436,389.94,295.4494904858297,294.072
heating_training,E76,550.0,867.3349123713332,941.799,713.3851351949132,752.6610000000001,581.5038046967081,508.155,792.8298523199397,713.287,651.1660193627695,473.48199999999997,551.3846917269929,397.16099999999994,296.13096660615344,294.14799999999997
heating_training,E76,600.0,887.029565138205,954.999,736.4841823452086,767.079,601.4758579626443,517.4689999999999,807.8052483822452,728.824,665.9553634813064,482.50199999999995,569.8357634000417,403.948,296.97152998159845,294.239
heating_training,E76,650.0,903.7569094302532,966.6999999999999,756.9422358857446,779.8689999999999,619.4899845403773,526.069,821.1575258149538,742.745,679.3002907193513,490.79599999999994,586.5109381639179,410.59999999999997,297.9714915686971,294.334
heating_training,E76,700.0,918.0941727926522,976.573,774.9885601523719,792.0989999999999,635.6550497484641,534.675,832.8288611460805,756.112,691.1206232559465,499.17499999999995,601.4985351980125,417.67199999999997,299.12584283925446,294.47999999999996
heating_training,E76,750.0,930.3736645431267,985.573,790.911592170503,802.184,650.1150502086966,542.171,843.0972490355139,767.095,701.5514160020714,506.59799999999996,614.9268053632198,423.998,300.42520715833155,294.59999999999997
heating_training,E76,850.0,950.8508971006528,999.5509999999999,818.6720554723479,820.409,675.9110107244226,556.149,861.8073898072363,787.167,720.793625525949,520.581,638.9470634778212,435.96,303.40546568513196,294.93899999999996
heating_training,E76,900.0,958.4217387054961,1005.175,829.3044248910078,827.944,685.9174856458109,562.383,867.8752242106485,795.443,727.1051518161213,526.924,648.2841851122408,441.664,305.05472416960964,295.12399999999997
heating_training,E76,950.0,964.9706581717546,1009.88,838.7393728529374,835.0169999999999,694.9246047197942,568.4,873.6680855873303,803.222,733.239741613933,533.0989999999999,656.7065052503852,447.38699999999994,306.7872677169257,295.347
heating_training,E76,1000.0,970.7288228661816,1015.2819999999999,847.128613359502,841.577,703.0230428417896,574.204,879.0235415885758,810.459,738.9288245761759,539.057,664.2933104433315,452.95899999999995,308.58582381368274,295.556
heating_training,E76,1050.0,975.7477075569259,1019.6619999999999,854.6212456276314,848.199,710.322941081589,580.179,883.9555794030929,817.776,744.1667524642553,545.281,671.146573472219,458.71299999999997,310.43362938312623,295.804
heating_training,E76,1150.0,984.3830082582284,1026.875,868.0206771081665,859.345,723.6464039494429,590.682,893.4005242451125,829.934,754.395893465573,556.0419999999999,683.7087288747719,468.96,314.2149314836786,296.32899999999995
heating_training,E76,1200.0,987.679875710515,1031.3229999999999,873.242673691173,864.7429999999999,728.8982755573034,595.952,896.573200445024,835.837,757.872882475429,561.501,688.6747036734013,474.23,316.12081023538855,296.669
heating_training,E76,1250.0,990.6908817322333,1034.601,877.9738580887233,869.581,733.7015704887201,600.663,899.7124629145934,841.058,761.3237704614401,566.3969999999999,693.226412154106,478.93399999999997,318.02099370483256,296.99699999999996
heating_training,E76,1300.0,993.3763331692679,1036.819,882.2930037288763,874.218,738.1132394796676,605.296,902.7563387960205,846.0609999999999,764.6482603426783,571.274,697.4189603714872,483.56399999999996,319.90551059943823,297.36199999999997
heating_training,E76,1350.0,995.8175698081326,1038.5529999999999,886.2321289219173,878.75,742.1795469112701,610.0229999999999,905.5917027007356,850.999,767.7950922651331,576.134,701.292869632784,488.4,321.7658189620059,297.772
heating_training,E76,1450.0,1000.4330918559862,1042.328,893.6233146137099,886.3249999999999,749.8891885458341,618.461,911.345374328192,859.323,774.1540057840792,584.9,708.6705381724257,497.14099999999996,325.3864252770835,298.60299999999995
heating_training,E76,1500.0,1002.2212134868223,1044.969,896.5948084276177,889.824,753.0147949421216,622.462,913.375288463589,863.1129999999999,776.4225322381536,589.01,711.6725896517951,501.26599999999996,327.1360163021101,299.043
heating_training,E76,1550.0,1003.8857868659537,1045.7269999999999,899.3528636505603,893.452,755.954349095535,626.603,915.4033900903995,867.058,778.7450022510221,593.309,714.5047797503545,505.609,328.8397693374275,299.522
heating_training,E76,1600.0,1005.3977120430598,1047.009,901.927507907331,896.5989999999999,758.7216626587383,630.335,917.3899813076522,870.461,781.0212607995343,597.1959999999999,717.1819312884123,509.55199999999996,330.494783446408,299.96099999999996
heating_training,E76,1650.0,1006.8083191809284,1049.282,904.32357872794,899.568,761.3293209361451,633.989,919.2602901251529,873.688,783.2030482973169,601.078,719.7127172037183,513.3979999999999,332.0989581479877,300.421
heating_training,E76,1750.0,1009.5127737990823,1052.658,908.973050455225,905.3389999999999,766.4622393277195,641.208,923.1308061581674,879.881,787.7259725182213,608.6579999999999,724.7256972912587,521.0519999999999,335.15009892414935,301.418
heating_training,E76,1800.0,1010.5856996357252,1053.632,910.8702167706615,908.077,768.5821526942693,644.518,924.5002811180938,882.781,789.3569660648757,612.1610000000001,726.8051772401557,524.583,336.5963302415066,301.914
heating_training,E76,1850.0,1011.6361505455412,1054.817,912.6611794032427,910.669,770.6054572765847,647.751,925.8940830787953,885.509,791.0327104384501,615.538,728.7960798516609,528.039,337.99005042154454,302.43699999999995
heating_training,E76,1900.0,1012.558298155432,1055.683,914.3676833129967,913.276,772.5470359241006,651.104,927.299911954207,888.274,792.7176298157453,619.0419999999999,730.716471535495,531.6099999999999,339.3320644362617,303.00199999999995
heating_training,E76,1950.0,1013.4537268904552,1056.632,915.9693725688169,915.559,774.4055956135378,654.111,928.6027630274599,890.684,794.3454476486833,622.229,732.5605261903149,534.8789999999999,340.6234215510782,303.548
heating_training,E76,2050.0,1015.2106729550989,1059.371,919.1660167105906,919.9739999999999,778.1542117267006,660.055,931.3913260844263,895.374,797.7728784895033,628.441,736.3056554419168,541.3009999999999,343.059123429171,304.67699999999996
heating_training,E76,2100.0,1015.9202126788402,1059.56,920.4845958484484,922.082,779.7237362946139,662.7860000000001,932.3803952040846,897.603,799.0241947255199,631.351,737.8806876360393,544.2429999999999,344.2062312373259,305.19899999999996
heating_training,E76,2150.0,1016.6190751028975,1060.99,921.7446149931012,924.05,781.240047979551,665.4639999999999,933.4007838667569,899.621,800.322286443709,634.197,739.407909072909,547.142,345.3081224710801,305.729
heating_training,E76,2200.0,1017.3333761713233,1061.7669999999998,922.9561573144164,925.994,782.6999265003437,668.044,934.4279824266499,901.644,801.6018779081757,636.941,740.8820033069011,549.953,346.36632240423864,306.25699999999995
heating_training,E76,2250.0,1018.0072861033282,1062.0639999999999,924.1295779451967,927.972,784.1136951587133,670.7439999999999,935.4588514324615,903.691,802.8703757472115,639.795,742.314269764738,552.873,347.3823743988145,306.80999999999995
heating_training,E76,2300.0,1018.6653022142706,1061.763,925.2554210880916,929.578,785.4843726714134,673.226,936.4428905800706,905.414,804.1112756945658,642.4839999999999,743.7065439737903,555.597,348.35786127969504,307.351
heating_training,E76,2400.0,1019.9387077184042,1063.0349999999999,927.5482799732815,932.427,788.3209901814552,677.9549999999999,938.5318676006294,908.497,806.7897782125143,647.683,746.6078542242052,560.904,350.1938020468725,308.453
heating_training,E76,2450.0,1020.4779761167114,1062.387,928.502099358744,933.807,789.5194243082502,680.137,939.2711288981018,909.98,807.766728005077,650.063,747.8383644180681,563.3589999999999,351.05754039453666,308.989
heating_training,E76,2500.0,1021.0271837764129,1063.1399999999999,929.4272808296595,934.981,790.6867414740123,682.249,940.0536203645684,911.242,808.7849425223818,652.358,749.0407590321872,565.748,351.8872057304378,309.505
heating_training,E76,2550.0,1021.4734975789305,1062.5169999999998,930.3286467415942,936.2239999999999,791.8358486564196,684.2909999999999,940.854595188266,912.5509999999999,809.842356586061,654.579,750.2311300628637,568.046,352.68428704232906,310.022
heating_training,E76,2600.0,1021.9370193356275,1063.108,931.1798259112531,937.336,792.9551669373691,686.4169999999999,941.5765259561891,913.8,810.8669169320041,656.886,751.3940916856086,570.471,353.4504048048324,310.62199999999996
heating_training,E76,2700.0,1022.956552102158,1063.962,932.9503588889932,939.512,795.2688788652026,690.149,943.2192047880426,916.105,813.0433703346458,660.881,753.81164811548,574.788,354.8961378480906,311.67699999999996
heating_training,E76,2750.0,1023.2844520060354,1063.493,933.6986825280137,940.511,796.2664424173262,692.067,943.8263743103521,917.1709999999999,813.8918157709955,662.94,754.8606423561445,577.01,355.5786959142477,312.24
heating_training,E76,2800.0,1023.6000431050231,1063.042,934.4028431446495,941.329,797.2493455667034,693.799,944.3936260718783,918.045,814.7763868162154,664.805,755.8991377637382,579.0229999999999,356.2360913924752,312.768
heating_training,E76,2850.0,1023.9565869052719,1063.458,935.081402206374,942.1229999999999,798.1999446107031,695.438,944.970792659598,918.882,815.6261302797101,666.593,756.907776518906,580.9749999999999,356.869498984718,313.294
heating_training,E76,2900.0,1024.398244115284,1063.96,935.7490030532705,943.024,799.1168370955196,697.049,945.5723834927874,919.795,816.4375385850499,668.3199999999999,757.880381836273,582.844,357.4800696103198,313.792
heating_training,E76,3000.0,1025.192120104087,1065.431,937.1996751884441,945.054,801.0796790008051,700.318,947.0063932030073,921.8299999999999,818.3369371925513,671.8599999999999,759.9698954195793,586.644,358.63692628302647,314.846
heating_training,E76,3050.0,1025.4838654084695,1065.202,937.8030084116866,945.92,801.9294482850385,701.816,947.487878244092,922.741,819.0642520158849,673.491,760.8794688820739,588.4,359.1852819696504,315.33399999999995
heating_training,E76,3100.0,1025.740573078578,1065.342,938.3819575833362,946.687,802.7710087346223,703.313,947.973766401624,923.509,819.8307200117788,675.112,761.785814584836,590.108,359.7149250355559,315.82599999999996
heating_training,E76,3150.0,1026.0124832559645,1065.4209999999998,938.9367991894434,947.528,803.5941729944465,704.824,948.4475986003483,924.375,820.5822746445735,676.765,762.675914643587,591.8879999999999,360.2269980217193,316.35799999999995
heating_training,E76,3200.0,1026.2942131852888,1066.3400000000001,939.4799949779161,948.292,804.3974082024504,706.2159999999999,948.9359733732359,925.167,821.3153776437364,678.241,763.5473198104067,593.49,360.7223413880256,316.83599999999996
heating_training,E76,3300.0,1026.7908388152355,1066.195,940.6113232836303,949.894,806.1045239883056,708.9659999999999,950.0018899075261,926.833,822.9567098669354,681.201,765.4105408156679,596.697,361.6656384131246,317.76
heating_training,E76,3350.0,1027.0407904939284,1066.478,941.0836154842315,950.635,806.8305851815504,710.2439999999999,950.3739996696439,927.579,823.5500904186999,682.586,766.2052036316101,598.182,362.11476080638914,318.18499999999995
heating_training,E76,3400.0,1027.2369425162212,1065.628,941.555335216268,951.316,807.5523749578322,711.555,950.8015821227569,928.288,824.2010854709786,683.949,766.9993781727426,599.6669999999999,362.5496460661197,318.62899999999996
heating_training,E76,3450.0,1027.4838892987093,1066.028,942.0063214638891,951.8439999999999,808.2622633157094,712.828,951.1945615668591,928.856,824.8465747131352,685.345,767.7809317812,601.1669999999999,362.9709881732506,319.092
heating_training,E76,3500.0,1027.7860343987695,1066.5079999999998,942.4625460637687,952.506,808.9540178193341,713.962,951.6327325004851,929.471,825.4718767866302,686.558,768.5436657096499,602.501,363.37951253000426,319.52299999999997
heating_training,E76,3550.0,1028.0839807567365,1066.501,942.9277413347427,953.158,809.6417200695512,715.106,952.1010686535444,930.145,826.1154194252681,687.799,769.3013475444278,603.8399999999999,363.77589206119836,319.965
heating_training,E76,3650.0,1028.4988171730258,1066.51,943.9076661688039,954.308,811.1564009519482,717.3589999999999,953.0672113013704,931.324,827.6329760278784,690.265,770.9793961252354,606.497,364.53454654547863,320.83599999999996
heating_training,E76,3700.0,1028.6678924395626,1066.403,944.3088854509228,954.711,811.8088841528622,718.4069999999999,953.3763793389911,931.774,828.1871240421232,691.4,771.7062187042065,607.736,364.89783081222527,321.262
heating_training,E76,3750.0,1028.9029158769415,1066.609,944.6998082020253,955.1129999999999,812.4456035079538,719.3879999999999,953.7089542145187,932.197,828.7424399714333,692.4590000000001,772.4172591042058,608.919,365.2511145328477,321.668
heating_training,E76,3800.0,1029.1039617791737,1066.679,945.0996541937989,955.679,813.0778405993284,720.419,954.0980690774425,932.76,829.3252759872435,693.577,773.1254091596036,610.1659999999999,365.5948062173033,322.09299999999996
heating_training,E76,3850.0,1029.2818348922688,1066.1190000000001,945.4874145663082,956.22,813.7102984926859,721.377,954.45833656801,933.289,829.924649937967,694.593,773.8345949068788,611.316,365.9292670124464,322.45099999999996
heating_training,E76,3950.0,1029.7955413097286,1066.345,946.3126645099409,957.015,815.0470216923669,723.213,955.263149371694,934.1129999999999,831.1984658600859,696.55,775.3383999866938,613.486,366.5716761706267,323.178
heating_training,E76,4000.0,1029.9163125274172,1066.371,946.6787259366533,957.425,815.637582968687,724.115,955.5970326643238,934.521,831.7222347067678,697.5419999999999,776.0053988088682,614.574,366.88042660030357,323.57599999999996
heating_training,E76,4050.0,1030.1279876911324,1066.2379999999998,947.0206865259552,957.7909999999999,816.2228198412067,724.954,955.8793101011539,934.8729999999999,832.2499175133502,698.4369999999999,776.665732692498,615.594,367.18148586456095,323.945
heating_training,E76,4100.0,1030.3642392701643,1066.487,947.381346009224,958.097,816.7982025013476,725.7529999999999,956.2457491531153,935.209,832.7765554497917,699.284,777.316927850355,616.5609999999999,367.47528957684455,324.32
heating_training,E76,4150.0,1030.5604404423789,1066.0520000000001,947.7465332977105,958.449,817.3813185141071,726.5899999999999,956.6172246239094,935.595,833.340422293781,700.173,777.9759091414404,617.5899999999999,367.7621821389655,324.73299999999995
heating_training,E76,4250.0,1030.8932318988227,1065.751,948.5051554239334,959.093,818.6584480157455,728.085,957.35735902131,936.254,834.6131802574838,701.7919999999999,779.4268529695462,619.424,368.3165573946113,325.447
heating_training,E76,4300.0,1031.0362002261643,1065.7849999999999,948.8249398196359,959.3199999999999,819.2099480215586,728.8019999999999,957.6196038686643,936.5079999999999,835.0816192053865,702.554,780.0556715943738,620.309,368.5845647526886,325.77799999999996
heating_training,E76,4350.0,1031.2314480954428,1065.62,949.1413484048151,959.5649999999999,819.7538107906835,729.529,957.9033011801381,936.7819999999999,835.5632469126365,703.345,780.676434130302,621.227,368.84670195721833,326.10799999999995
heating_training,E76,4400.0,1031.3842329575155,1066.8,949.4674739912069,959.944,820.2995321476797,730.218,958.231209726456,937.135,836.0768077331962,704.067,781.3007670888335,622.082,369.10305314112736,326.42499999999995
heating_training,E76,4450.0,1031.515259543068,1066.4479999999999,949.7818512179915,960.43,820.8486348904105,730.932,958.5248836843872,937.576,836.6045233985566,704.807,781.9296241362869,622.9,369.3537497523695,326.746
heating_training,E76,4550.0,1031.7656171908086,1067.193,950.4350294320609,961.22,822.0298018262846,732.309,959.1486064898037,938.346,837.7557535209714,706.261,783.2914052418546,624.502,369.8392791694838,327.38899999999995
heating_training,E76,4600.0,1031.906895471951,1067.2640000000001,950.7132105719605,961.64,822.5368868140828,732.938,959.3790126800458,938.7429999999999,838.1757949024422,706.9459999999999,783.8769501237434,625.248,370.07469000432,327.705
heating_training,E76,4650.0,1032.0400953089738,1067.579,950.9981162519678,961.8919999999999,823.0446105657682,733.611,959.6533685949569,939.01,838.6360758383464,707.671,784.4643967066407,626.0419999999999,370.30551756831346,328.032
heating_training,E76,4700.0,1032.219897457091,1067.3029999999999,951.2816022418319,962.223,823.549939513786,734.2049999999999,959.9262448104365,939.34,839.1022643055057,708.306,785.0480196253081,626.775,370.531918249741,328.327
heating_training,E76,4750.0,1032.367896920509,1066.358,951.5772266844028,962.507,824.0585622439282,734.8,960.2370736281147,939.61,839.5902810385081,708.932,785.6362475062297,627.47,370.75405170177584,328.63199999999995
heating_training,E76,4850.0,1032.778532055993,1066.0529999999999,952.2098372974209,963.044,825.164076889547,735.929,960.8770548177853,940.168,840.6699710521957,710.1610000000001,786.9136884624673,628.858,371.1857702532577,329.15599999999995
heating_training,E76,4900.0,1032.8597014673846,1067.984,952.4947254058142,963.3729999999999,825.6564818915464,736.502,961.147844633685,940.4789999999999,841.1148558511529,710.755,787.4841448570461,629.538,371.3953763328783,329.416
heating_training,E76,4950.0,1032.9746532988727,1066.952,952.7573203991079,963.728,826.1515816180722,737.077,961.3639904362144,940.819,841.575732518913,711.351,788.0580100956942,630.172,371.60090785959846,329.686
heating_training,E76,5000.0,1033.1284685684525,1067.107,953.0253787469717,963.8779999999999,826.6376140149854,737.603,961.6220275194332,940.985,842.0214268754241,711.902,788.6235766357686,630.7819999999999,371.80258868151975,329.942
heating_training,E76,5050.0,1033.2588340781729,1067.3319999999999,953.3003792538403,964.116,827.1266968966435,738.125,961.902651586727,941.208,842.4879365915974,712.473,789.1923171040869,631.41,372.00067501400486,330.245
heating_training,E76,5100.0,1033.277175285429,1066.913,953.5684461577115,964.385,827.6283568237988,738.588,962.1630804166931,941.475,842.9917378569189,712.978,789.7780664657184,632.002,372.19544827197524,330.522
heating_training,E76,5200.0,1033.4357303124482,1066.798,954.0654367417718,964.61,828.6799364024305,739.53,962.5767429737682,941.72,843.9888641167654,713.989,791.0185980024933,633.131,372.57570452465944,331.066
heating_training,E76,5250.0,1033.5594035577055,1067.385,954.2932142686095,964.838,829.1254728564398,739.9459999999999,962.7860938894519,941.894,844.3448084229638,714.4359999999999,791.5439178114972,633.659,372.7613691065799,331.308
heating_training,E76,5300.0,1033.6496505499745,1066.606,954.5354519945276,965.039,829.5785471369336,740.372,963.0418086875229,942.134,844.7612826530514,714.899,792.0771386213294,634.189,372.94402582507837,331.537
heating_training,E76,5350.0,1033.7228825277425,1066.547,954.7717656535675,965.182,830.0390584040701,740.798,963.2715623108035,942.298,845.204197528824,715.365,792.6188136613902,634.741,373.123585410263,331.777
heating_training,E76,5400.0,1033.8850647088366,1066.974,955.0047438129051,965.387,830.4904551466719,741.2570000000001,963.4938167415628,942.5,845.6175869857609,715.813,793.1496663013378,635.242,373.2999383025253,331.993
heating_training,E76,5500.0,1034.2767876629885,1067.016,955.584300216394,965.8439999999999,831.4857139391253,742.073,964.1530044915268,942.91,846.5972519501402,716.685,794.3121364275548,636.1949999999999,373.64326300671866,332.442
heating_training,E76,5550.0,1034.4638042203628,1067.063,955.8406542200438,965.982,831.9269424945226,742.479,964.3942306415183,943.047,846.9850325191459,717.111,794.8258747514305,636.6769999999999,373.8105611977097,332.68399999999997
heating_training,E76,5600.0,1034.62900104862,1067.263,956.1070765553463,966.1569999999999,832.3793130404387,742.844,964.6692725195212,943.2049999999999,847.4201372110568,717.505,795.3523871010256,637.122,373.9752971186392,332.90999999999997
heating_training,E76,5650.0,1034.7621692954929,1067.637,956.371381983171,966.375,832.8422514171455,743.171,964.9324254634084,943.3969999999999,847.8799537376514,717.8789999999999,795.8912427126535,637.553,374.1377121217446,333.13399999999996
heating_training,E76,5700.0,1034.8949961170545,1067.848,956.6286480255284,966.592,833.3072488152225,743.54,965.1774908442954,943.629,848.3341652527234,718.247,796.4336664285001,637.983,374.2979651237739,333.361
heating_training,E76,5800.0,1035.1420498500624,1068.529,957.1773257032228,967.083,834.3199638761383,744.2729999999999,965.7207628872923,944.095,849.3352567326926,719.0229999999999,797.619493320885,638.8309999999999,374.61250296028095,333.791
heating_training,E76,5850.0,1035.2408384131986,1067.943,957.4106029560751,967.381,834.7605519495651,744.621,965.9168279636982,944.377,849.7118597570559,719.394,798.1366233258603,639.237,374.76682076743714,333.943
heating_training,E76,5900.0,1035.3537538590995,1067.76,957.6408073052037,967.579,835.2002349055174,745.026,966.1251195319912,944.572,850.1096281561887,719.818,798.6537054339889,639.689,374.9190390299442,334.104
heating_training,E76,5950.0,1035.3676438706977,1067.246,957.870879422983,967.7379999999999,835.6484192403924,745.372,966.3477026138576,944.75,850.5460518283397,720.165,799.1833085771619,640.074,375.0690798237402,334.275
heating_training,E76,6000.0,1035.3691051409464,1067.917,958.0723243428242,967.848,836.0959441074012,745.6949999999999,966.4988692860087,944.852,850.9733061199489,720.498,799.7147042482959,640.4459999999999,375.2169985693576,334.457
heating_training,E76,6100.0,1035.377510825104,1067.866,958.4765573508633,968.101,837.0336151130726,746.285,966.8501722594788,945.111,851.8546708837863,721.1389999999999,800.8411713425313,641.1610000000001,375.5070551154184,334.86899999999997
heating_training,E76,6150.0,1035.4748880362306,1067.6979999999999,958.6486559027784,968.2429999999999,837.4283662386349,746.588,966.9863196441514,945.2579999999999,852.1590527800472,721.45,801.3156207468855,641.529,375.649334738353,335.078
heating_training,E76,6200.0,1035.5718551722773,1068.174,958.8446367294179,968.4069999999999,837.8237743093057,746.872,967.2049146030058,945.385,852.5074127628998,721.752,801.790255013287,641.858,375.78972642165627,335.28099999999995
heating_training,E76,6250.0,1035.6575340194488,1068.71,959.0451875034364,968.672,838.2289501578016,747.149,967.4185209019331,945.612,852.8945507903394,722.0229999999999,802.2740144857023,642.182,375.92813032624775,335.471
heating_training,E76,6300.0,1035.7911499457978,1068.54,959.248809847286,968.881,838.6342615857922,747.448,967.6301732996162,945.816,853.2777489336711,722.346,802.7569541192819,642.5139999999999,376.06448820390494,335.64099999999996
heating_training,E76,6400.0,1035.9217276433512,1068.4969999999998,959.7186963795087,969.114,839.552219057504,748.019,968.1425779148606,946.044,854.213788405077,722.935,803.848330738566,643.154,376.3310381239512,335.99899999999997
heating_training,E76,6450.0,1035.991739263722,1067.444,959.908217710076,969.193,839.9528439384195,748.269,968.2889792998023,946.155,854.5578914107874,723.2139999999999,804.3259979981946,643.476,376.4613645420055,336.183
heating_training,E76,6500.0,1036.051801808198,1066.938,960.0995832266229,969.199,840.3536146561902,748.53,968.4657687027628,946.177,854.9235762949255,723.476,804.8059008238454,643.7860000000001,376.58982878144474,336.36699999999996
heating_training,E76,6550.0,1036.160071695524,1066.991,960.2882155416639,969.1089999999999,840.7509546778209,748.74,968.641064867367,946.083,855.285912793581,723.707,805.2812043883007,644.0709999999999,376.7164855011114,336.53099999999995
heating_training,E76,6600.0,1036.2446353625937,1067.8319999999999,960.4895491681276,969.0989999999999,841.1505117426394,748.948,968.8576170411734,946.066,855.6649064206921,723.9179999999999,805.7593503569283,644.338,376.8413231025222,336.69399999999996
heating_training,E76,6650.0,1036.3940744246831,1067.78,960.6885522186965,969.2909999999999,841.5484284992586,749.127,969.0551404033818,946.208,856.035599068061,724.14,806.2333961398865,644.6089999999999,376.9643728691402,336.847
heating_training,E76,6750.0,1036.7061623987374,1068.2069999999999,961.1832268595384,969.711,842.4365502631435,749.586,969.623160791774,946.619,856.9228896623383,724.627,807.2843991497024,645.13,377.20529748662125,337.171
heating_training,E76,6800.0,1036.8280591375233,1068.501,961.3976535146884,969.779,842.8324583839517,749.803,969.8193563535511,946.678,857.2762034979895,724.853,807.7521716445971,645.392,377.3234025185862,337.306
heating_training,E76,6850.0,1036.8713676836758,1067.705,961.6107215417461,969.891,843.2413749181275,750.011,970.0234687086877,946.781,857.6776402955169,725.066,808.2370740579552,645.631,377.4401119499231,337.448
heating_training,E76,6900.0,1036.8994252552807,1067.272,961.8024825133784,969.9119999999999,843.6529861485955,750.2249999999999,970.1765020450205,946.832,858.0766847337193,725.287,808.7273026003154,645.891,377.55556932193963,337.57899999999995
heating_training,E76,6950.0,1036.8863340320222,1068.299,961.9837751524893,969.853,844.0611188394934,750.383,970.3273705197262,946.798,858.4650480195415,725.487,809.2175628527493,646.1179999999999,377.66979895445627,337.702
heating_training,E76,7050.0,1037.098506269852,1068.665,962.3529451341523,970.313,844.8998250330238,750.752,970.6590251258745,947.184,859.2235577313991,725.877,810.2308571684051,646.5809999999999,377.8943863718057,337.91099999999994
heating_training,E76,7100.0,1037.1516021156579,1068.137,962.5359194184463,970.491,845.2695562797988,750.986,970.8540335753919,947.3489999999999,859.5413928615261,726.1289999999999,810.6760841413244,646.8340000000001,378.00461860604645,338.025
heating_training,E76,7144.0,1037.1813267182893,1067.693,962.6908483202388,970.472,845.5999711180775,751.1579999999999,971.0017347029296,947.353,859.8515720564775,726.308,811.0724612521398,647.019,378.10050638664995,338.123
heating_training,E77,0.0,295.3565,310.26,295.3565,317.86199999999997,295.3565,319.984,295.3565,318.99399999999997,295.3565,321.865,295.35650000000004,322.57,295.3565,308.08399999999995
heating_training,E77,50.0,327.96636436417106,346.686,310.756654864671,346.442,301.2637683380847,329.808,335.1677254818395,333.02299999999997,311.1146696232964,325.60999999999996,299.9383003458878,325.294,295.35692942019546,307.83299999999997
heating_training,E77,100.0,360.32858374202647,383.27,333.2809669284899,392.364,315.51287117496923,358.804,377.7553535765196,369.07599999999996,341.6820513233621,344.88699999999994,312.7682583086507,339.876,295.3593953477878,307.59499999999997
heating_training,E77,150.0,388.9222433583276,414.554,357.2671354725891,431.01599999999996,333.7246456594599,386.082,411.99611186672644,403.24199999999996,372.60984964945425,365.55199999999996,329.813448099852,355.041,295.3652633742611,307.33099999999996
heating_training,E77,200.0,413.052245503093,442.467,380.04537801522224,465.436,352.8121051103874,410.928,437.22278155458866,435.465,398.5363803062874,385.241,347.99038176524107,368.95899999999995,295.3787072466288,307.09
heating_training,E77,250.0,432.9264766310941,462.21899999999994,400.4279093957329,490.384,370.99883931365014,429.941,455.1532810826128,459.856,418.55527528380566,400.849,365.48021184583394,380.08099999999996,295.4077972058626,306.88199999999995
heating_training,E77,300.0,449.06248328098945,477.556,418.0383415013457,510.346,387.41146902236414,445.645,467.75400976639037,480.022,433.4216607944651,414.16599999999994,381.3624496148488,389.953,295.4630371342908,306.68399999999997
heating_training,E77,350.0,462.0518996096886,490.54099999999994,432.9235226688233,526.992,401.7350344169642,459.188,476.6390123948779,496.95399999999995,444.2923962937289,425.93499999999995,395.28149229455863,399.06899999999996,295.5551845120417,306.491
heating_training,E77,400.0,472.45588448854994,501.03,445.331589139543,540.175,413.97114621706686,470.032,482.9912481667414,510.437,452.2409030196533,435.388,407.20726559539855,406.751,295.69324659668837,306.32399999999996
heating_training,E77,450.0,480.7404515631877,508.92099999999994,455.57886867650546,550.858,424.28387540323564,479.489,487.6090840645465,521.6949999999999,458.1198167995075,443.79699999999997,417.28240739767426,414.01699999999994,295.8833467850251,306.176
heating_training,E77,500.0,487.31946127685586,514.259,463.9837255760953,558.2059999999999,432.89529253758985,487.24899999999997,491.0156937229518,529.991,462.5246976159187,450.95899999999995,425.7126301818234,420.655,296.12838119452397,306.046
heating_training,E77,550.0,492.5557970769859,518.91,470.8566313876261,564.922,440.0435546709242,494.068,493.5984588180365,537.476,465.88057708327074,457.34399999999994,432.72154677271556,426.92099999999994,296.4281700479742,305.91499999999996
heating_training,E77,600.0,496.73278623092324,523.649,476.47716858873855,569.947,445.9634718390828,499.437,495.6232274774388,542.8979999999999,468.50177346439267,462.501,438.5330968494449,432.272,296.77996797496405,305.804
heating_training,E77,650.0,500.0550568462546,527.077,481.0747868630908,574.2919999999999,450.8675580337996,504.38199999999995,497.2398362114482,547.8,470.60587871841574,467.24299999999994,443.3540535719722,437.23299999999995,297.1790074924914,305.66299999999995
heating_training,E77,700.0,502.6938104757724,529.94,484.83397177462996,578.4,454.9328225182338,509.13599999999997,498.53688479419407,552.3,472.32197608299776,471.86899999999997,447.35711582431736,442.205,297.6192519999581,305.532
heating_training,E77,750.0,504.8103585714955,533.538,487.9158972628516,582.267,458.3067099763977,513.152,499.6056382889587,556.271,473.7376616620807,475.80499999999995,450.6841184329435,446.45099999999996,298.09405596041177,305.417
heating_training,E77,800.0,506.5084600698321,536.864,490.4565614332756,585.899,461.12019644287096,517.064,500.5140554710909,560.086,474.94021663267137,479.61899999999997,453.4628301779253,450.566,298.59667271274924,305.33599999999996
heating_training,E77,850.0,507.8705692581982,539.5899999999999,492.55634573785125,589.371,463.47837401806504,521.0219999999999,501.2832264410206,563.746,475.97773946522426,483.495,455.79698115186693,454.772,299.12061265066995,305.239
heating_training,E77,900.0,508.98921372342306,541.467,494.3044047214723,592.191,465.4642450105181,524.429,501.9568986085815,566.861,476.87861040163386,486.91999999999996,457.76612226169203,458.514,299.65983728840234,305.17499999999995
heating_training,E77,950.0,509.89214975094615,543.962,495.7727646247519,594.925,467.15423818045235,527.632,502.55826996191956,569.804,477.6922082239303,490.109,459.44639503574234,462.131,300.208993523901,305.12899999999996
heating_training,E77,1000.0,510.6529295214683,545.738,497.011696110549,597.69,468.5992284212667,530.8820000000001,503.09214283752107,572.7159999999999,478.414545580102,493.335,460.88654211355737,465.86,300.7633049315043,305.114
heating_training,E77,1050.0,511.28606193248885,547.813,498.0751598179652,599.99,469.8511289725194,533.663,503.59409870111637,575.2149999999999,479.0850019456594,496.254,462.1373713338843,469.158,301.3186480880811,305.09799999999996
heating_training,E77,1100.0,511.8288963047866,549.265,498.99153802673084,601.858,470.94435579931206,536.363,504.05084678808913,577.422,479.7007793649174,499.04699999999997,463.2328534536302,472.299,301.8714554742845,305.09
heating_training,E77,1150.0,512.2873212757282,550.64,499.7919122606344,603.692,471.9104800618651,538.886,504.47791056994373,579.404,480.2796514102497,501.71399999999994,464.20419731328894,475.356,302.41874116600525,305.08799999999997
heating_training,E77,1200.0,512.6886270997237,552.3119999999999,500.4935790351863,605.905,472.76975262753024,541.256,504.86869608340965,581.675,480.81537615161994,504.18499999999995,465.071111858445,478.144,302.95803558006526,305.118
heating_training,E77,1250.0,513.0551355711849,553.281,501.122578910406,608.0989999999999,473.5416575905519,543.655,505.2521227626039,583.961,481.3186401275193,506.75699999999995,465.8510745045898,480.84399999999994,303.4873547167943,305.12699999999995
heating_training,E77,1300.0,513.3609859850418,554.211,501.6877515081279,609.337,474.24640759772797,546.117,505.60800206188446,585.675,481.808115392541,509.361,466.56649144935886,483.784,304.0050359199212,305.13599999999997
heating_training,E77,1350.0,513.6424581660758,554.9449999999999,502.192073497172,609.958,474.8868693178216,547.703,505.9263061318013,586.491,482.2550894876324,511.41999999999996,467.21915867290005,486.116,304.50980944066123,305.15799999999996
heating_training,E77,1400.0,513.8818794686409,557.683,502.6514478846333,612.011,475.4771591040081,549.48,506.23034362384954,588.281,482.6854960435083,513.4269999999999,467.823346548784,488.327,305.0007651089125,305.2
heating_training,E77,1450.0,514.0959974213621,557.866,503.06367112968184,613.553,476.0204825257533,551.573,506.4983620982927,590.072,483.08378913629247,515.559,468.3824995261047,490.70799999999997,305.47735504200654,305.25399999999996
heating_training,E77,1500.0,514.3047978931127,558.941,503.4454159529324,614.476,476.52330866023027,553.358,506.7670619946451,591.191,483.45828314153454,517.5999999999999,468.9009134753974,493.08299999999997,305.9392504404765,305.30499999999995
heating_training,E77,1550.0,514.4912719924326,559.9749999999999,503.8021742362489,615.863,476.99686991381645,554.922,507.02947245328096,592.5799999999999,483.82786079917685,519.39,469.3908835921804,495.04499999999996,306.38630647108425,305.36199999999997
heating_training,E77,1600.0,514.6647316727972,561.0419999999999,504.13172742686766,617.093,477.44235344787836,556.576,507.27054255536143,593.9449999999999,484.17908001366015,521.174,469.8538348336465,497.06899999999996,306.81849397685437,305.428
heating_training,E77,1650.0,514.8167046054233,561.144,504.43823860637144,617.952,477.86375924443274,558.0909999999999,507.496403803711,594.977,484.5176020002345,522.9069999999999,470.2939299473051,498.981,307.2359090520978,305.49699999999996
heating_training,E77,1700.0,514.9646966088351,561.457,504.72259845488344,617.8979999999999,478.26085352944557,559.275,507.70683289022645,595.328,484.83443726273816,524.468,470.71030332267793,500.855,307.6387824644561,305.587
heating_training,E77,1750.0,515.1066879413487,563.345,504.9936901583058,619.623,478.63909087527844,560.526,507.9195798278923,596.703,485.1431479145966,525.814,471.10781266022883,502.43899999999996,308.02745750656106,305.678
heating_training,E77,1800.0,515.2376031404701,564.684,505.24964364267424,621.171,479.00154154703466,561.986,508.12043901718016,598.15,485.44421042203584,527.405,471.490245931357,504.14,308.40230139373523,305.75
heating_training,E77,1850.0,515.3741038267696,564.384,505.49438278204013,621.938,479.3478567718876,563.633,508.3194224739676,599.223,485.731301876909,529.1479999999999,471.8561609268122,505.99199999999996,308.76366938725596,305.84299999999996
heating_training,E77,1900.0,515.5060039085529,564.555,505.7332766724855,622.2929999999999,479.6836763091435,564.703,508.52318650017446,599.843,486.01869961420397,530.434,472.2113725410858,507.56999999999994,309.1119572462571,305.938
heating_training,E77,1950.0,515.6261773878114,563.377,505.96066188469894,621.825,480.00957611288356,565.5039999999999,508.7111184566606,599.8299999999999,486.3006052598847,531.531,472.5576050217164,508.938,309.44760360954473,306.043
heating_training,E77,2000.0,515.7390710965734,565.2729999999999,506.17573892607385,622.4079999999999,480.32344121369977,566.039,508.88478603586844,600.18,486.5688866189628,532.3399999999999,472.892367443303,510.157,309.7710510440353,306.145
heating_training,E77,2050.0,515.8464175051711,564.99,506.38050195618564,622.999,480.6253645697064,566.983,509.05071963535124,600.88,486.8250705368813,533.3879999999999,473.2154087294112,511.35299999999995,310.0826906080015,306.236
heating_training,E77,2100.0,515.9520370584166,566.31,506.5766194985119,624.136,480.91631491106284,567.951,509.21205720475666,601.8889999999999,487.07145051111263,534.421,473.52743302753356,512.5409999999999,310.38294284760053,306.32899999999995
heating_training,E77,2150.0,516.046934770924,567.174,506.76428131953884,625.0999999999999,481.19822328943536,569.04,509.36607365063645,602.8409999999999,487.3126651732812,535.575,473.8307897781305,513.778,310.67223402150637,306.42199999999997
heating_training,E77,2200.0,516.159372699714,569.21,506.94674715667287,626.6659999999999,481.46877037112324,570.26,509.5235893391816,604.1959999999999,487.53883488856576,536.845,474.12157997503897,515.015,310.95092877088683,306.53
heating_training,E77,2250.0,516.2710260255162,565.941,507.1328249380979,626.047,481.73606646306393,571.569,509.69900683357383,604.622,487.77521296118084,538.1949999999999,474.408146634413,516.501,311.21938971254474,306.614
heating_training,E77,2300.0,516.3511244242675,565.2049999999999,507.3066633474306,624.823,482.00048291843893,571.486,509.84175918365406,603.524,488.01384873541923,538.607,474.6941892345777,517.4209999999999,311.4780127639575,306.71
heating_training,E77,2350.0,516.412117555223,564.169,507.45883457509785,623.087,482.25178782448864,571.276,509.94302038266744,602.28,488.2246759240352,538.771,474.96928719901854,518.208,311.72722609073196,306.804
heating_training,E77,2400.0,516.4711427882758,562.924,507.5977862635881,621.699,482.4875610407083,570.789,510.0372476675809,601.092,488.41130173317777,538.7249999999999,475.2289193551861,518.7,311.9674438241452,306.92499999999995
heating_training,E77,2450.0,516.5315193920787,563.449,507.7304035391546,620.726,482.71230569948415,570.3009999999999,510.13767369584895,600.025,488.5904133976698,538.616,475.4770324041136,519.0219999999999,312.1990814064469,307.008
heating_training,E77,2500.0,516.5947186203002,563.232,507.8595377468707,620.777,482.9298607882828,570.396,510.2439715560989,600.068,488.76928333715045,538.838,475.7175675400912,519.463,312.4225628427538,307.13199999999995
heating_training,E77,2550.0,516.6669428825057,564.861,507.98873644021455,621.981,483.14248794027566,570.861,510.3601794811651,600.8789999999999,488.9491754137035,539.303,475.95231661964317,520.029,312.6382874940484,307.239
heating_training,E77,2600.0,516.7345092538342,564.656,508.1182356630434,622.438,483.3539946740379,571.612,510.4796104960314,601.412,489.1371759406452,540.056,476.1860035813366,520.787,312.84661424481465,307.35699999999997
heating_training,E77,2650.0,516.795381362407,564.4639999999999,508.2417638505592,622.393,483.56230804879414,572.0709999999999,510.5852889622876,601.489,489.3216829199457,540.654,476.417263208374,521.481,313.04794091523127,307.48499999999996
heating_training,E77,2700.0,516.8606902036692,565.156,508.3617413328952,623.011,483.7656133590973,572.5229999999999,510.6892768114491,601.952,489.4988029741793,541.159,476.64358091842706,522.125,313.24265650300106,307.618
heating_training,E77,2750.0,516.9323242740008,565.7139999999999,508.48286147693574,623.1479999999999,483.96621080260087,572.94,510.8021669158222,602.056,489.6761255129557,541.7139999999999,476.8666537211983,522.7249999999999,313.4312390336364,307.738
heating_training,E77,2800.0,517.0121032127302,565.164,508.60674915978495,623.199,484.1658108373386,573.414,510.9236797539609,602.29,489.85585761854145,542.271,477.0879662381255,523.362,313.614052942886,307.85799999999995
heating_training,E77,2850.0,517.0764013653876,565.313,508.7291124935737,623.4359999999999,484.36618204633436,573.673,511.03735135538966,602.511,490.04125586978677,542.645,477.31061122998597,523.848,313.79129704332115,307.94399999999996
heating_training,E77,2900.0,517.1407171887913,565.319,508.84344456642407,623.03,484.5611055575753,573.904,511.13320427295184,602.276,490.21225397549046,543.0,477.5283654037451,524.3299999999999,313.9631112717666,308.06899999999996
heating_training,E77,2950.0,517.1874726864662,564.928,508.9518988925433,623.1379999999999,484.752098036187,574.0519999999999,511.22031778048955,602.3879999999999,490.3800831492157,543.287,477.74296026661557,524.739,314.1297628361866,308.18499999999995
heating_training,E77,3000.0,517.2411872457108,564.679,509.05161815010655,622.6669999999999,484.9341082120779,574.156,511.29636615910897,602.0139999999999,490.5291519392006,543.528,477.94847111323435,525.13,314.291483793735,308.27599999999995
heating_training,E77,3041.0,517.2888532623542,565.544,509.13364851907517,623.3499999999999,485.0769520591464,574.299,511.36955806608404,602.429,490.6460114163607,543.727,478.10924338457124,525.356,314.4205281076611,308.37
heating_validation,E78,0.0,294.32149999999996,295.871,294.32149999999996,294.484,294.32149999999996,294.279,294.32149999999996,294.42199999999997,294.32149999999996,294.36499999999995,294.3215,294.347,294.32149999999996,294.179
heating_validation,E78,50.0,330.1403294689463,335.716,309.40096854352566,323.96299999999997,299.3679972993292,302.85799999999995,332.792161889055,309.332,307.46428294541226,298.21799999999996,297.9298126066154,296.46099999999996,294.32194737700195,294.19399999999996
heating_validation,E78,100.0,367.3868247713549,378.948,332.7846282519034,372.39599999999996,312.7336256248804,330.118,377.7965995315378,347.21999999999997,336.4027357207631,317.24899999999997,309.5341036349462,309.018,294.32453741712123,294.20399999999995
heating_validation,E78,150.0,401.56792679907727,419.0,358.94845674379224,417.12699999999995,330.955404377461,358.618,416.9819221805424,387.101,368.38748822582323,339.794,326.15124434452514,324.234,294.33071457024795,294.215
heating_validation,E78,200.0,431.4278034486479,449.211,384.95681175664765,450.703,351.12133988223565,381.044,448.2673796635573,419.03999999999996,397.45786341758526,358.30999999999995,344.9424161586857,336.614,294.3446852416217,294.229
heating_validation,E78,250.0,456.8177791483066,475.2,409.2512501278927,479.303,371.30684829692734,400.006,472.3862745334989,446.678,421.76460945245765,374.29499999999996,363.98160712190264,347.30899999999997,294.37481096192727,294.243
heating_validation,E78,300.0,478.06800654873325,498.313,431.1032226776179,505.282,390.3706912699942,417.52,490.7349315455254,472.27,441.2783995199834,389.26099999999997,382.10287880754396,357.816,294.4324886553692,294.255
heating_validation,E78,350.0,495.6661127056313,516.12,450.28647392854276,525.376,407.7270809608788,431.58,504.6894699288378,492.45899999999995,456.66335880561945,401.491,398.68960452806795,366.82399999999996,294.5299734492554,294.287
heating_validation,E78,400.0,510.13519206224544,531.6659999999999,466.8501986696252,543.7239999999999,423.1497679626699,444.871,515.3600700325975,511.068,468.72841740415987,413.248,413.486610384869,375.80699999999996,294.6783922625826,294.317
heating_validation,E78,450.0,521.9732522676545,543.231,480.98993163479486,558.045,436.62831337162754,455.676,523.5967077860516,525.717,478.21035086146463,422.91099999999994,426.45796003641885,383.60499999999996,294.88622866702394,294.378
heating_validation,E78,500.0,531.6419442800238,552.94,492.9672690008851,570.04,448.27240623636817,465.24299999999994,530.0307221119524,538.267,485.7084852760484,431.575,437.69115193302065,390.90599999999995,295.15861491287626,294.40999999999997
heating_validation,E78,550.0,539.5074050250612,561.3489999999999,503.06355093401794,580.3969999999999,458.25797715916855,473.705,535.128856875041,549.104,491.7092131393422,439.36199999999997,447.3447441443345,397.65999999999997,295.49726986876306,294.474
heating_validation,E78,600.0,545.9317087510155,568.345,511.54452518103284,589.828,466.77534704078096,481.904,539.2120933425452,559.137,496.55172086160655,446.97499999999997,455.59382632623704,404.568,295.90088539688105,294.537
heating_validation,E78,650.0,551.1982549331406,574.9110000000001,518.6724542020314,597.517,474.0220188597811,488.71,542.5657430455542,567.117,500.5178555245667,453.352,462.6220436629264,410.48799999999994,296.36566322111224,294.63399999999996
heating_validation,E78,700.0,555.5161019851879,579.665,524.6685385549386,604.535,480.1889906781317,495.48299999999995,545.3597442855854,574.719,503.8272733322794,459.70899999999995,468.6114803235169,416.629,296.8860335423508,294.715
heating_validation,E78,750.0,559.0686719711643,582.768,529.718777136786,609.5419999999999,485.44235028868326,501.042,547.7094279392804,580.344,506.62339224053164,465.10699999999997,473.72103574120257,422.179,297.4551708477977,294.79699999999997
heating_validation,E78,800.0,562.0115405119474,586.15,533.985890411301,614.0319999999999,489.9260484881207,506.062,549.7167180982472,585.352,509.01264788821777,470.02,478.0879540365598,427.432,298.0655215560529,294.897
heating_validation,E78,850.0,564.4332070415933,589.829,537.6031142025862,618.7249999999999,493.7686563583794,511.003,551.4466291589658,590.364,511.0905962688609,474.846,481.8370248189233,432.65599999999995,298.7093047044951,295.00199999999995
heating_validation,E78,900.0,566.4290746083803,592.4929999999999,540.6708880628131,622.576,497.0722336987572,515.4259999999999,552.9239901127806,594.5360000000001,512.9046392541362,479.24899999999997,485.06767646889455,437.417,299.37891123411475,295.10799999999995
heating_validation,E78,950.0,568.0803056299129,595.429,543.2818397509399,626.17,499.92130791919436,519.533,554.201083775305,598.414,514.4950077064831,483.376,487.86076910450464,441.85299999999995,300.067237178246,295.203
heating_validation,E78,1000.0,569.4777838764162,598.877,545.516282821883,630.0619999999999,502.3870005130719,523.7239999999999,555.3241063498449,602.471,515.8940001007246,487.54999999999995,490.2833449579098,446.402,300.76778964702896,295.337
heating_validation,E78,1050.0,570.6945433032822,600.997,547.4526720516542,633.265,504.5344420483819,527.598,556.3559119468001,605.9929999999999,517.1452735056639,491.46399999999994,492.39610147560035,450.59999999999997,301.4748363198042,295.45399999999995
heating_validation,E78,1100.0,571.7418316003939,602.914,549.1492780023095,636.2719999999999,506.42618386672245,531.376,557.3171725085414,609.303,518.3018548428399,495.29599999999994,494.2606296191356,454.79099999999994,302.18341172499635,295.61899999999997
heating_validation,E78,1150.0,572.6429026095108,605.75,550.6392374659149,639.345,508.1068325367277,534.729,558.1885040144595,612.447,519.3747266716217,498.73,495.921923800619,458.55899999999997,302.88922732923925,295.791
heating_validation,E78,1200.0,573.4125527553459,607.957,551.9533349368623,642.25,509.60959778141023,538.0999999999999,558.9770937795079,615.553,520.3694997684263,502.14599999999996,497.41275542369965,462.215,303.588678745511,295.96299999999997
heating_validation,E78,1250.0,574.0881536889132,610.1659999999999,553.1164435765402,645.106,510.9586415159105,541.6189999999999,559.6896425526708,618.6569999999999,521.2834512193958,505.71799999999996,498.75596180140445,466.051,304.27872998276996,296.178
heating_validation,E78,1300.0,574.6919604411291,611.6769999999999,554.1586108553087,647.4639999999999,512.1770795894165,544.6859999999999,560.356982780445,621.238,522.130026902255,508.846,499.9726346309521,469.48199999999997,304.95695830299707,296.366
heating_validation,E78,1350.0,575.2178442023322,612.488,555.0973031065371,649.701,513.2877934403198,547.653,560.9769035508044,623.662,522.9281017782299,511.86799999999994,501.0858008974507,472.798,305.6213004870257,296.56
heating_validation,E78,1400.0,575.6820362525395,615.425,555.9421247003736,652.329,514.3042304838983,550.597,561.5400454063638,626.246,523.6733831573468,514.904,502.1088785424581,476.154,306.2701154519806,296.77099999999996
heating_validation,E78,1450.0,576.1109985616376,616.142,556.7104246462707,654.4079999999999,515.2369007195964,553.377,562.0686285845536,628.517,524.3660843520223,517.799,503.0506465236202,479.22299999999996,306.9021467215195,296.96
heating_validation,E78,1500.0,576.4731271302079,615.885,557.4130074446658,655.807,516.1023083183017,556.027,562.5639325595538,630.245,525.0309852143871,520.5419999999999,503.9284315273504,482.32599999999996,307.51647497033844,297.15099999999995
heating_validation,E78,1550.0,576.8100321468742,617.31,558.0493270551074,656.738,516.9026961421156,558.343,563.0057853832109,631.4159999999999,525.6448232691442,523.073,504.7441135782836,485.269,308.1124525070437,297.371
heating_validation,E78,1600.0,577.1498962196742,616.0319999999999,558.6444003039038,657.928,517.6457396942892,560.402,563.4510401176884,632.737,526.2195839521956,525.316,505.5022282567211,487.88,308.68969332835326,297.58799999999997
heating_validation,E78,1650.0,577.4672451745793,615.931,559.2084772504043,657.762,518.3479176513868,562.173,563.8978117481457,633.015,526.7869134738546,527.405,506.2198816025837,490.433,309.24809892557954,297.82399999999996
heating_validation,E78,1700.0,577.750930243764,615.799,559.7359037971813,657.88,519.015670028498,563.723,564.3121691145614,633.3820000000001,527.3415279962524,529.31,506.9053031397369,492.828,309.7877143243802,298.06
heating_validation,E78,1750.0,578.0045357174539,617.766,560.2259332329065,658.615,519.6490249363745,565.073,564.6904914447316,634.063,527.8702405461619,530.997,507.5587071019223,494.89,310.3086515403467,298.28099999999995
heating_validation,E78,1800.0,578.2239972923088,618.506,560.6795678922952,660.096,520.2494994991279,566.854,565.0347910821965,635.5129999999999,528.3722932846631,533.001,508.18178901803674,497.145,310.811170045469,298.541
heating_validation,E78,1850.0,578.4342253489954,618.211,561.0995950847484,660.762,520.816190973451,568.5709999999999,565.3512861393434,636.42,528.8395969383407,534.9179999999999,508.77256277770596,499.246,311.2957134281435,298.792
heating_validation,E78,1900.0,578.6421179505609,619.703,561.498439745597,661.876,521.3535161760993,570.055,565.6684258525576,637.43,529.2847974961713,536.684,509.33404025371664,501.20099999999996,311.76275334211783,299.036
heating_validation,E78,1950.0,578.8320390686561,620.111,561.8778705498162,663.034,521.8688880604867,571.794,565.9770538484869,638.688,529.7224473058285,538.617,509.8743606060621,503.328,312.2128118773955,299.303
heating_validation,E78,2000.0,579.0154159005361,620.53,562.2362601760512,663.586,522.3627660552031,573.296,566.267110368628,639.39,530.1434863018114,540.265,510.3941284207013,505.24299999999994,312.6464469973181,299.55699999999996
heating_validation,E78,2050.0,579.1923206494646,620.712,562.5792489781575,664.395,522.8372142546389,574.652,566.5518190970348,640.241,530.5509941147745,541.7719999999999,510.89481235978354,507.032,313.0642091321864,299.793
heating_validation,E78,2100.0,579.3787275947702,621.395,562.91006588574,665.0,523.2937910733141,576.077,566.8338217028139,641.0029999999999,530.9441170308629,543.354,511.37733511331817,508.86799999999994,313.4666295487847,300.08099999999996
heating_validation,E78,2150.0,579.5523696623372,621.053,563.2332446273246,665.804,523.7384258706871,577.342,567.1186584159651,641.832,531.3377458980121,544.784,511.8479981314241,510.51699999999994,313.8542941592376,300.32599999999996
heating_validation,E78,2200.0,579.7259635890063,622.037,563.5431668081858,666.256,524.1702808245727,578.545,567.3863379318532,642.377,531.7201237157287,546.165,512.3064881224218,512.1469999999999,314.227786035038,300.578
heating_validation,E78,2250.0,579.888708420181,622.179,563.844441242169,666.699,524.5910700315077,579.761,567.651227413079,642.939,532.0966765069192,547.546,512.7543387027463,513.756,314.58772270021075,300.85999999999996
heating_validation,E78,2300.0,580.0746040425096,623.18,564.13768585993,667.7639999999999,524.9987893175335,580.866,567.9122528005788,643.886,532.4563577744931,548.777,513.1885862224764,515.199,314.93475167419615,301.11899999999997
heating_validation,E78,2350.0,580.22401243973,624.112,564.4281138593911,668.88,525.4026075904168,582.183,568.1789636754752,644.972,532.8298493884377,550.191,513.6196072812149,516.735,315.26952281960723,301.399
heating_validation,E78,2400.0,580.3564516666539,624.904,564.6955001198526,669.62,525.7957788257339,583.435,568.3955324080929,645.8199999999999,533.1846015346409,551.527,514.0425291594797,518.1759999999999,315.5926064817053,301.65299999999996
heating_validation,E78,2450.0,580.4909905570306,625.77,564.9508267383229,670.948,526.1733582429986,584.601,568.6073893278225,646.999,533.514613059612,552.755,514.4500364718109,519.498,315.9045352305451,301.9
heating_validation,E78,2500.0,580.6451868181558,626.065,565.2017889673634,671.923,526.5379651151839,585.9849999999999,568.8297340674372,648.0989999999999,533.8311096502343,554.189,514.843434964319,520.9749999999999,316.2057951738012,302.192
heating_validation,E78,2550.0,580.7877718979838,625.1769999999999,565.4527796770251,672.231,526.8979730330619,587.154,569.0640336750158,648.689,534.157940800241,555.4459999999999,515.2319406347356,522.353,316.4969662504393,302.46099999999996
heating_validation,E78,2600.0,580.9133613924208,625.731,565.6921382392784,672.4939999999999,527.2526500025748,588.009,569.2734984400175,648.983,534.4824174194646,556.4749999999999,515.6164984618607,523.5799999999999,316.77863211987983,302.712
heating_validation,E78,2650.0,581.0440987546322,627.142,565.921866594335,673.189,527.596938317219,588.9069999999999,569.4724058976084,649.614,534.7896017990182,557.5329999999999,515.9909728557947,524.804,317.0512341290238,302.981
heating_validation,E78,2700.0,581.18929139553,626.402,566.1506142202257,673.509,527.9322309563657,589.814,569.6834387150617,650.121,535.0875522922416,558.5509999999999,516.3553161639862,525.961,317.315190062047,303.22299999999996
heating_validation,E78,2750.0,581.3207132642328,626.477,566.3780733139824,673.874,528.2643123115812,590.592,569.8970408371805,650.501,535.3922952231347,559.4449999999999,516.7163291215165,527.0129999999999,317.5708385582438,303.46299999999997
heating_validation,E78,2800.0,581.453438405739,626.454,566.5970429848164,674.026,528.5897955693376,591.4079999999999,570.0933293443405,650.823,535.6870155353699,560.373,517.0711208568725,528.112,317.81844669521945,303.705
heating_validation,E78,2850.0,581.5567910543659,625.8299999999999,566.8084575081097,673.978,528.9103860327536,592.038,570.2796477372226,650.906,535.9811994046435,561.1569999999999,517.4220398107601,529.0459999999999,318.0582789369761,303.926
heating_validation,E78,2900.0,581.6503908931056,625.778,567.0019007459317,673.961,529.2203394797823,592.6189999999999,570.4315041454742,650.967,536.254559534151,561.893,517.7638317478896,530.0129999999999,318.2906421022375,304.167
heating_validation,E78,2950.0,581.7538885945613,625.615,567.1882354047046,674.1379999999999,529.5169606382709,593.1659999999999,570.5871771951314,651.2239999999999,536.5070987749878,562.577,518.0915839702806,530.855,318.5157602713,304.36199999999997
heating_validation,E78,3000.0,581.8387014305291,626.281,567.3691765460923,674.982,529.8068744751035,593.7919999999999,570.743349781262,651.867,536.7617234953799,563.277,518.412774014725,531.6959999999999,318.7337876416318,304.57099999999997
heating_validation,E78,3050.0,581.9160120102736,627.375,567.5370919882904,675.333,530.0880867164628,594.512,570.8775510074992,652.271,537.0059202370418,564.0840000000001,518.7262698115792,532.535,318.9450300938704,304.794
heating_validation,E78,3100.0,582.0046815629784,627.4079999999999,567.7001319233206,675.92,530.3592978129249,595.338,571.0167533860136,652.906,537.2379090822945,564.943,519.0292890318536,533.492,319.1498570258263,305.03499999999997
heating_validation,E78,3150.0,582.1028621501704,626.722,567.8647907421207,675.969,530.6251781210877,595.962,571.1711380840335,653.0909999999999,537.4712460916162,565.6759999999999,519.3259535260025,534.3409999999999,319.3486714755605,305.25699999999995
heating_validation,E78,3200.0,582.197423420878,627.213,568.0298026239634,676.031,530.8895389621409,596.488,571.3289561064535,653.202,537.7117539950248,566.3299999999999,519.6208425500678,535.163,319.54180275840605,305.498
heating_validation,E78,3250.0,582.2768786890593,625.8019999999999,568.1894319316744,676.0429999999999,531.152255992694,596.9839999999999,571.4737727406914,653.3399999999999,537.95404900815,566.921,519.9149053292873,535.9269999999999,319.7294939867899,305.736
heating_validation,E78,3300.0,582.352460353728,625.9649999999999,568.3404618482663,675.671,531.4091625520191,597.29,571.602623059952,653.048,538.1847143214821,567.3779999999999,520.2038174863853,536.5799999999999,319.91196116790377,305.93499999999995
heating_validation,E78,3350.0,582.4206041176418,626.884,568.4858902133598,675.865,531.6600471496488,597.614,571.7275606051568,653.1859999999999,538.4078064812876,567.837,520.4869357649158,537.1859999999999,320.08937300351374,306.16499999999996
heating_validation,E78,3400.0,582.4655779593638,627.576,568.6210377321186,676.669,531.905751336564,598.085,571.8351726400585,653.822,538.6266195606485,568.367,520.7660987401316,537.7819999999999,320.26194647961404,306.37699999999995
heating_validation,E78,3450.0,582.5316763952303,628.299,568.7470617825913,677.3399999999999,532.1403891968732,598.7719999999999,571.9340249453132,654.5,538.822948698131,569.0409999999999,521.0339902318469,538.433,320.42989692553004,306.575
heating_validation,E78,3500.0,582.6069727633519,627.995,568.879379083319,678.01,532.3703980435379,599.5419999999999,572.0625586774853,655.213,539.0229456656597,569.8,521.2955901798377,539.165,320.59344023826134,306.79999999999995
heating_validation,E78,3550.0,582.6796130067444,627.944,569.0121379188264,678.366,532.6003788284406,600.124,572.1911995591322,655.603,539.2320826282057,570.4459999999999,521.556977403392,539.837,320.75281675383775,307.006
heating_validation,E78,3600.0,582.7364660741474,629.747,569.1409861185272,678.825,532.8300183300687,600.616,572.3092689422324,655.989,539.4448951745507,571.005,521.8188435260569,540.412,320.908248612718,307.226
heating_validation,E78,3650.0,582.7816682348436,630.987,569.2602661229597,680.192,533.0557151725191,601.386,572.4067276059159,657.135,539.6492043105914,571.713,522.0779559273252,541.059,321.0599714695685,307.428
heating_validation,E78,3700.0,582.8469540647437,630.239,569.3761703424613,680.7909999999999,533.2736171410734,602.213,572.5070047107384,657.851,539.8371445071713,572.511,522.3286449391071,541.785,321.208200869479,307.62699999999995
heating_validation,E78,3750.0,582.9022586010809,629.8299999999999,569.4958105793756,680.726,533.490738976407,602.76,572.62321587801,657.944,540.0343431767164,573.1569999999999,522.5779622640008,542.472,321.353140390663,307.83299999999997
heating_validation,E78,3800.0,582.9865364074948,629.991,569.6145670478751,681.026,533.7040655793912,603.171,572.7373972259008,658.2049999999999,540.2231327205908,573.635,522.8227203081913,543.0809999999999,321.49498820910605,308.04699999999997
heating_validation,E78,3850.0,583.054602274048,629.056,569.7421003285375,680.903,533.9209443084638,603.577,572.873673059717,658.269,540.4297726530939,574.098,523.0702774524376,543.64,321.63391812217424,308.239
heating_validation,E78,3900.0,583.1197683391979,629.825,569.8619485717205,680.807,534.1375991104503,603.809,572.9826356040843,658.1669999999999,540.6323253922048,574.471,523.3186972247986,544.1579999999999,321.77005913220876,308.45899999999995
heating_validation,E78,3950.0,583.2110549157776,629.479,569.9857533691319,680.762,534.3503539606461,604.1189999999999,573.1070753012177,658.222,540.8247535498062,574.832,523.5619313717955,544.601,321.90358458033154,308.65799999999996
heating_validation,E78,4000.0,583.3008437118172,629.1669999999999,570.1183112934494,680.5989999999999,534.5661293297858,604.3299999999999,573.2508886939634,658.113,541.0300571922003,575.145,523.8070469747115,545.066,322.03467589622977,308.84
heating_validation,E78,4050.0,583.4037194679223,629.7729999999999,570.2527887191385,680.69,534.7834016711787,604.534,573.3909787899001,658.153,541.2362242902551,575.4369999999999,524.0532689902857,545.4459999999999,322.1634072798097,309.05199999999996
heating_validation,E78,4100.0,583.4916077242931,630.23,570.3914176392789,681.252,535.0044626747034,604.912,573.5359467439855,658.634,541.4523361380449,575.805,524.3032589747111,545.895,322.2899067036403,309.241
heating_validation,E78,4150.0,583.5778296089212,629.5219999999999,570.5239295327618,681.425,535.2248486082318,605.3009999999999,573.6597596787697,658.856,541.6609989134157,576.238,524.5533866660043,546.354,322.4143033844448,309.421
heating_validation,E78,4200.0,583.6504137251575,630.598,570.6535306533597,681.893,535.443545836977,605.662,573.7795007229142,659.227,541.8658311589916,576.635,524.8022448728734,546.771,322.536700437156,309.609
heating_validation,E78,4250.0,583.7308412564752,630.415,570.7771819265411,681.9649999999999,535.6573191629797,606.0509999999999,573.888664698399,659.3820000000001,542.0578325924192,577.06,525.0463267287267,547.236,322.65719211145796,309.791
heating_validation,E78,4300.0,583.8280868240595,630.035,570.9055296199286,681.891,535.8676025896546,606.323,574.0172956334443,659.384,542.2463997836402,577.415,525.2855105335666,547.6610000000001,322.7758716059793,309.96799999999996
heating_validation,E78,4350.0,583.9118989414284,629.593,571.0370368505435,681.808,536.0804334017454,606.5509999999999,574.1514143353678,659.409,542.4479314432648,577.6959999999999,525.5270456490634,548.02,322.8928209842207,310.16299999999995
heating_validation,E78,4400.0,583.9840635859808,630.2819999999999,571.1614303647872,681.983,536.2927672405586,606.7339999999999,574.26390212431,659.499,542.646998360995,577.9359999999999,525.769189114654,548.364,323.0081404978609,310.337
heating_validation,E78,4450.0,584.0614669690549,631.779,571.2817533412439,682.627,536.5004669185645,607.011,574.3720594876866,659.968,542.8344001556965,578.237,526.0067268843593,548.644,323.1219116822869,310.50699999999995
heating_validation,E78,4500.0,584.1276663017812,632.5519999999999,571.4003345371842,683.457,536.7056430952366,607.555,574.481082020581,660.75,543.0206985886161,578.728,526.2416004100735,549.054,323.23413761541667,310.644
heating_validation,E78,4550.0,584.2082885498461,631.739,571.5149939968179,684.212,536.9052279548757,608.111,574.5846370256673,661.5029999999999,543.1949656437391,579.271,526.4703930967388,549.515,323.3446271883351,310.77099999999996
heating_validation,E78,4600.0,584.2826425309224,631.718,571.633100669511,684.213,537.1032611413816,608.549,574.7017569656165,661.625,543.3738247983223,579.7049999999999,526.6967687690415,549.972,323.4532067387248,310.88
heating_validation,E78,4650.0,584.3261554096689,630.425,571.7418680746738,684.122,537.3008819450888,608.856,574.7930915991417,661.692,543.5559577825632,580.046,526.9242720647325,550.372,323.5597866826817,311.003
heating_validation,E78,4700.0,584.3783738761339,630.228,571.8390443915953,683.602,537.4899921611484,608.904,574.8645807915269,661.27,543.7166851999904,580.2249999999999,527.1440092038393,550.683,323.6644335821959,311.161
heating_validation,E78,4750.0,584.42309489364,630.785,571.9359169693762,683.394,537.6745504046391,608.9110000000001,574.9490400700566,661.049,543.8766097151625,580.322,527.3587666747611,550.912,323.767318835112,311.31399999999996
heating_validation,E78,4800.0,584.4768457411791,631.202,572.0284315175278,683.5509999999999,537.8546361039109,609.028,575.0283627880955,661.1949999999999,544.0311269438195,580.491,527.5689768133391,551.127,323.86856930057496,311.457
heating_validation,E78,4850.0,584.4995458091812,630.233,572.1184347752853,683.906,538.0346718563122,609.298,575.1066510070407,661.5429999999999,544.1952411296414,580.751,527.779843522615,551.433,323.96828330547544,311.61199999999997
heating_validation,E78,4900.0,584.5186102625718,629.971,572.1935912295003,683.0319999999999,538.2082272997392,609.415,575.1526151778074,660.92,544.3432382223435,580.98,527.9857780685418,551.73,324.0665605484836,311.78099999999995
heating_validation,E78,4950.0,584.5362983102165,632.137,572.2651656057868,683.7629999999999,538.3746601760839,609.404,575.2055555877447,661.247,544.4814319621892,581.0039999999999,528.1843366681395,551.848,324.1634597285082,311.916
heating_validation,E78,5000.0,584.5799782739683,631.932,572.3368725057582,684.603,538.5348337590949,609.816,575.268834896876,662.0509999999999,544.6114038457553,581.3789999999999,528.375358023676,552.124,324.2589513658162,312.03799999999995
heating_validation,E78,5050.0,584.6185764281436,631.8489999999999,572.4169962820438,684.903,538.6964404255867,610.289,575.3562948466268,662.424,544.7566307106599,581.8019999999999,528.5665530031008,552.508,324.35299021608284,312.144
heating_validation,E78,5100.0,584.6291613252779,631.124,572.4896863552564,684.798,538.8599895932797,610.5509999999999,575.4175580172191,662.421,544.9088988475108,582.103,528.7611819619771,552.833,324.44551776734,312.27099999999996
heating_validation,E78,5150.0,584.6526165344872,633.068,572.5535975920648,685.25,539.0165937472149,610.707,575.4624450067387,662.72,545.0408822362035,582.27,528.949294005535,553.027,324.53649958162276,312.37899999999996
heating_validation,E78,5200.0,584.7118911977121,633.848,572.6269703940579,686.2819999999999,539.1684386135687,611.1379999999999,575.5422292103337,663.53,545.1673301815943,582.664,529.1301579722259,553.3340000000001,324.62592561557574,312.506
heating_validation,E78,5250.0,584.738024633294,633.2429999999999,572.707671380584,686.9359999999999,539.3277540695697,611.703,575.6335007679822,664.271,545.3227200775071,583.141,529.3183735137675,553.69,324.71385425715096,312.631
heating_validation,E78,5300.0,584.7591453704067,632.299,572.775464179526,686.403,539.4857776494648,612.0419999999999,575.6838805066452,664.0509999999999,545.4674899240943,583.547,529.5071696643435,554.098,324.800387485519,312.751
heating_validation,E78,5350.0,584.7830288546111,632.064,572.8423580883792,686.227,539.6393504913561,612.0609999999999,575.741370797308,663.877,545.6019076072918,583.649,529.6911982047236,554.318,324.88559161929015,312.88599999999997
heating_validation,E78,5381.0,584.80292744173,631.689,572.881856952005,685.819,539.7290610951,612.092,575.7750656828258,663.635,545.6750420466823,583.704,529.798628746606,554.4549999999999,324.9377626019253,312.95899999999995
heating_training,E79,0.0,295.85450000000003,299.974,295.85450000000003,301.267,295.85450000000003,302.44399999999996,295.85450000000003,301.828,295.85450000000003,303.04699999999997,295.8545,303.267,295.85450000000003,300.508
heating_training,E79,50.0,333.5331053493285,335.207,310.63245915398556,323.995,300.4384350234805,307.335,333.19772710203057,312.45599999999996,307.62338468488787,304.796,298.9951211064562,304.253,295.8549393435508,300.42999999999995
heating_training,E79,100.0,373.7294061406402,382.953,334.2120259639593,373.77299999999997,313.1461039974031,331.942,378.85617953646636,350.74399999999997,335.2075846920974,321.888,309.81071576020463,314.45599999999996,295.85744580766954,300.334
heating_training,E79,150.0,411.38319392095735,423.04499999999996,361.25506506962785,414.405,331.03607999182736,355.99699999999996,420.19404390491206,386.461,367.0425291724913,340.97799999999995,325.8892756291742,326.813,295.86330832330884,300.238
heating_training,E79,200.0,444.9180877353849,458.456,388.7698151898811,449.971,351.37966697520466,377.448,454.50617957603816,419.28099999999995,397.118680251622,358.616,344.60990854469816,338.25,295.8766871374927,300.144
heating_training,E79,250.0,474.0124214695932,489.625,415.0606107057006,482.197,372.24962745854543,397.323,482.03381644811,450.32099999999997,423.21609858097816,375.426,364.06586811945635,349.40999999999997,295.906130581841,300.048
heating_training,E79,300.0,498.8396782721605,514.004,439.25020081873816,507.438,392.431394355028,413.18999999999994,503.8659686395886,475.149,444.9792498402971,389.10799999999995,383.0337325088725,358.774,295.9635085368592,299.99399999999997
heating_training,E79,350.0,519.7931727971862,534.0909999999999,460.95891362430757,528.973,411.23365170738333,427.15599999999995,521.1477153842341,496.48199999999997,462.8041002602095,401.30199999999996,400.8038015518579,367.407,296.06200822524454,299.936
heating_training,E79,400.0,537.3505672865592,552.271,480.1119343280627,548.6089999999999,428.3174659193941,440.164,534.8787713648205,516.133,477.3062778198711,412.801,417.0154250278212,375.76,296.2138993930705,299.87899999999996
heating_training,E79,450.0,551.9731344516417,567.1659999999999,496.8100046078734,564.362,443.5757758238693,450.91099999999994,545.8638131787884,532.227,489.11416500903397,422.395,431.54043380106737,383.02,296.4290030591876,299.84999999999997
heating_training,E79,500.0,564.1191241901004,577.086,511.24140572581166,577.832,457.03735752370454,460.706,554.7113689028607,546.149,498.7600295353501,431.17699999999996,444.387933983014,389.96,296.71387082973706,299.832
heating_training,E79,550.0,574.208176356039,587.736,523.6455207923321,589.5070000000001,468.8100630719504,469.81499999999994,561.9147996474333,558.3979999999999,506.68261084058304,439.55499999999995,455.6466977073121,396.88,297.071483306535,299.811
heating_training,E79,600.0,582.5896720272754,595.8489999999999,534.2737064001819,599.248,479.0480513010424,477.42099999999994,567.8516810239778,568.6089999999999,513.247776633023,446.53,465.4544452245808,402.95899999999995,297.501455874503,299.796
heating_training,E79,650.0,589.528681784992,602.5619999999999,543.3617823074125,607.693,487.92469651199553,484.35299999999995,572.7901377914981,577.553,518.7514065734053,452.986,473.97218796510634,408.754,298.0006423163433,299.774
heating_training,E79,700.0,595.2983900239001,609.702,551.120184715709,615.733,495.60344651630453,491.14799999999997,576.9174012103273,586.0039999999999,523.3926033810612,459.352,481.352357460772,414.667,298.56371787575495,299.765
heating_training,E79,750.0,600.0948834837761,616.212,557.7509723718662,622.601,502.243027517263,497.097,580.4194482184865,593.2139999999999,527.3480353074098,464.932,487.7435580886632,419.955,299.1838969311269,299.76
heating_training,E79,800.0,604.1137020032616,621.0429999999999,563.4230002868871,628.91,507.9866774807664,502.681,583.4084577859884,599.823,530.7437399281665,470.24699999999996,493.2807085841205,425.05999999999995,299.85352391478386,299.774
heating_training,E79,850.0,607.4809371441962,625.6189999999999,568.2926675499756,634.828,512.9666067458211,508.21399999999994,586.003814096544,606.1379999999999,533.6971481490435,475.566,498.0889085100454,430.231,300.5646163430382,299.80899999999997
heating_training,E79,900.0,610.3359477479926,629.922,572.4841370050681,640.255,517.2957204336506,513.12,588.2653515071479,611.775,536.2835765101322,480.316,502.2753564654189,434.897,301.3091862348226,299.86499999999995
heating_training,E79,950.0,612.7647661392773,633.9639999999999,576.113886928515,644.881,521.0747202838832,517.7379999999999,590.2757648343551,616.7049999999999,538.5774489265023,484.798,505.93542295279684,439.32899999999995,302.07959462010126,299.92499999999995
heating_training,E79,1000.0,614.8069862555247,636.8299999999999,579.2663090207666,649.6959999999999,524.393260052643,522.39,592.0570573295942,621.767,540.6423150446897,489.258,509.1567341700935,443.966,302.8685896644389,300.01099999999997
heating_training,E79,1050.0,616.5680840753528,640.423,582.0092030989877,653.7059999999999,527.3146131929433,526.508,593.6269961893258,625.947,542.487295619376,493.34,511.99914692675134,448.109,303.669503449938,300.109
heating_training,E79,1100.0,618.1073638494129,642.944,584.4199314968611,657.356,529.8978812856335,530.4749999999999,595.0603109463646,629.8409999999999,544.1507479835462,497.36799999999994,514.5170383920781,452.152,304.47627754916334,300.181
heating_training,E79,1150.0,619.426913227196,645.2919999999999,586.5499545492854,660.958,532.2015135225663,534.496,596.3672119717667,633.6659999999999,545.6825364206833,501.43999999999994,516.7678665588677,456.318,305.28357107302844,300.28999999999996
heating_training,E79,1200.0,620.5942358734978,647.271,588.4349635248954,663.987,534.2629512070654,538.0409999999999,597.5427072612051,636.905,547.0801466181238,505.014,518.7874127434783,460.073,306.08667927002506,300.38399999999996
heating_training,E79,1250.0,621.6150231792391,649.431,590.1206180113942,666.71,536.1198783862093,541.6289999999999,598.6342265084725,639.9590000000001,548.3739946915698,508.67199999999997,520.6113564554919,463.92199999999997,306.881606552369,300.508
heating_training,E79,1300.0,622.5291471948733,651.935,591.6308189982078,669.5799999999999,537.8014103745851,544.798,599.6307183831005,642.912,549.5710198875696,511.894,522.2678090346342,467.38199999999995,307.6651066598778,300.64099999999996
heating_training,E79,1350.0,623.3225658612627,653.973,592.9947756599637,672.509,539.3355061814132,548.171,600.55823050994,646.01,550.6956337943942,515.2909999999999,523.7841605101341,470.966,308.4345169643168,300.80499999999995
heating_training,E79,1400.0,624.0527144078192,655.3389999999999,594.2256098388228,674.723,540.7376905354912,551.136,601.4017807406989,648.461,551.7352403878951,518.347,525.174737731395,474.19499999999994,309.1877359279671,300.959
heating_training,E79,1450.0,624.7322054856058,656.4929999999999,595.3562619865603,676.886,542.0264941148675,553.988,602.2161601824045,650.81,552.7094632388872,521.256,526.4555389142089,477.45399999999995,309.92310648948313,301.126
heating_training,E79,1500.0,625.3262187425694,657.7829999999999,596.396570813323,678.8019999999999,543.2251066012151,556.6669999999999,602.982871506336,652.855,553.6478994813494,524.035,527.6509489288941,480.467,310.6393756485103,301.29499999999996
heating_training,E79,1550.0,625.8615057125871,660.356,597.3470566685223,681.0519999999999,544.3409094987594,559.421,603.677147888841,655.1189999999999,554.532591218128,526.894,528.7688473670024,483.544,311.33565363870616,301.50199999999995
heating_training,E79,1600.0,626.3960806040446,661.2909999999999,598.2282101086373,682.924,545.3772003280709,561.941,604.3408309449409,657.144,555.3519764670507,529.578,529.8093249461336,486.306,312.0113663418098,301.693
heating_training,E79,1650.0,626.8760046313299,662.578,599.0596768223265,685.037,546.353794760904,564.521,605.0011477523848,659.297,556.1517927808778,532.3299999999999,530.7921104296342,489.15099999999995,312.6661713132312,301.89599999999996
heating_training,E79,1700.0,627.3159126909843,663.9939999999999,599.8309802277544,686.7059999999999,547.2774516508821,566.8589999999999,605.6024585892443,661.101,556.9200566258637,534.844,531.7256468396536,491.676,313.2999212773479,302.09099999999995
heating_training,E79,1750.0,627.6967828423539,665.063,600.5500409843283,688.5509999999999,548.1525341684049,569.122,606.1656769202301,662.999,557.6576608761372,537.284,532.6143676028992,494.15999999999997,313.912683261864,302.29499999999996
heating_training,E79,1800.0,628.0832761223542,667.059,601.2172025208379,690.482,548.9760634561281,571.477,606.6821960216312,664.999,558.3405615297098,539.836,533.4537519395458,496.69599999999997,314.50465644826886,302.527
heating_training,E79,1850.0,628.4487873672905,666.766,601.8556643218144,692.072,549.7581480214699,573.693,607.2092515158593,666.785,559.0008088004448,542.163,534.2523030718727,499.06499999999994,315.076190320466,302.77099999999996
heating_training,E79,1900.0,628.7921353107832,667.983,602.458871620687,693.1869999999999,550.5065038570604,575.691,607.7054030692962,668.059,559.6433429304593,544.326,535.0189533929887,501.341,315.627727484883,302.97999999999996
heating_training,E79,1950.0,629.1342337394661,669.336,603.0334752422698,694.921,551.2211641148899,577.747,608.1857465221523,669.808,560.257965797605,546.5070000000001,535.752762093725,503.67099999999994,316.1597242160685,303.21299999999997
heating_training,E79,2000.0,629.4532517517894,669.758,603.5851200629871,696.288,551.9087696552822,579.662,608.6573483128686,671.355,560.8596128954421,548.546,536.460519957037,505.78599999999994,316.672591176661,303.42999999999995
heating_training,E79,2050.0,629.7527058926951,670.905,604.108732989433,697.462,552.5711817067572,581.49,609.0986098406512,672.6469999999999,561.4427982913429,550.481,537.1448115387952,507.86199999999997,317.1668364597671,303.647
heating_training,E79,2100.0,630.0275304851458,672.304,604.6063913703746,698.913,553.2087114997979,583.313,609.5168373397742,674.188,562.0049443029087,552.434,537.8058745966746,509.923,317.6429999938673,303.873
heating_training,E79,2150.0,630.2434132718652,672.7719999999999,605.0721416420222,700.497,553.8243119663114,585.135,609.8952741520568,675.789,562.5525051793713,554.258,538.448175353881,511.885,318.10153821077574,304.072
heating_training,E79,2200.0,630.4741050632564,672.28,605.5017478262976,701.184,554.4076300038483,586.872,610.2275535395876,676.737,563.0492012319153,556.068,539.0599129499805,513.88,318.5429464634075,304.274
heating_training,E79,2250.0,630.6629065842988,671.149,605.9146635491003,701.3979999999999,554.9676560806702,588.39,610.5706360567848,677.183,563.5358345932443,557.732,539.64925676554,515.814,318.96778396348884,304.491
heating_training,E79,2300.0,630.8448150594371,671.958,606.2957539957406,701.402,555.5037967499361,589.568,610.8678729147803,677.364,563.996564155511,559.053,540.2167118205706,517.489,319.3767138300986,304.702
heating_training,E79,2350.0,631.0337690002062,671.8119999999999,606.661889030145,701.995,556.0156898770772,590.7339999999999,611.1721257933307,677.971,564.4339146524744,560.386,540.7598685039427,519.13,319.7704500577445,304.953
heating_training,E79,2400.0,631.2288367937246,671.929,607.0174637671752,702.74,556.5098927311832,591.9559999999999,611.4807429607007,678.75,564.8631386577314,561.72,541.284923625471,520.729,320.14969083657263,305.19
heating_training,E79,2450.0,631.424296859387,671.544,607.3654944469484,702.699,556.9906915519682,593.1179999999999,611.7926978360723,678.958,565.2894563955932,563.0319999999999,541.7963014549146,522.26,320.5151015480214,305.431
heating_training,E79,2500.0,631.6158232990529,671.75,607.7048114639704,703.1769999999999,557.4603005625293,594.179,612.0985987257748,679.4369999999999,565.7118979708408,564.284,542.2965810462645,523.757,320.867187493429,305.642
heating_training,E79,2550.0,631.77979120922,671.749,608.0321355775627,703.719,557.9207555111537,595.217,612.3889664031109,680.001,566.1325233832223,565.478,542.7888715034628,525.153,321.2063594807581,305.859
heating_training,E79,2600.0,631.9365038716169,672.595,608.3410519789878,703.8820000000001,558.3677850557298,596.2339999999999,612.6496774850847,680.3389999999999,566.5341258599548,566.681,543.2691062820378,526.487,321.53309133258233,306.082
heating_training,E79,2650.0,632.1291297052378,673.232,608.643176330187,704.7529999999999,558.7975899421751,597.3019999999999,612.9175942774352,681.114,566.9095538265734,567.8689999999999,543.7310447363435,527.852,321.847916797761,306.315
heating_training,E79,2700.0,632.2601240947578,673.201,608.9431098913456,705.333,559.2246308887976,598.338,613.1962584161992,681.752,567.3071541652293,569.054,544.191033955815,529.111,322.15140016565203,306.52599999999995
heating_training,E79,2750.0,632.3509318522898,673.0429999999999,609.210329890055,705.827,559.6420109169062,599.315,613.3992661870446,682.313,567.688442191405,570.189,544.6453627184608,530.316,322.44403513834095,306.74899999999997
heating_training,E79,2800.0,632.4494131699785,674.383,609.4564853660147,706.489,560.038198623168,600.3389999999999,613.5837538798052,682.967,568.0289051894584,571.336,545.0796675799223,531.5799999999999,322.72631427216373,306.99399999999997
heating_training,E79,2850.0,632.5323219819225,673.989,609.6917208485094,707.281,560.4191795065409,601.319,613.7735356646461,683.7919999999999,568.3575836280578,572.394,545.4990287203744,532.747,322.9987284365227,307.214
heating_training,E79,2900.0,632.6442040729207,674.1389999999999,609.9153844470169,707.5809999999999,560.7840984447616,602.267,613.9565517630351,684.247,568.6659753041147,573.4169999999999,545.9018133727243,533.865,323.2617824388881,307.429
heating_training,E79,2950.0,632.7767642504418,673.64,610.1451897345728,708.097,561.1389295318486,603.171,614.1757921385816,684.805,568.9744877312677,574.42,546.2923990484468,535.035,323.51592216558254,307.65299999999996
heating_training,E79,3000.0,632.8860016451864,674.733,610.3746571430778,708.5989999999999,561.4929819628959,603.986,614.3960958489278,685.3119999999999,569.3011929417837,575.317,546.6822117553226,536.054,323.76150221184275,307.86199999999997
heating_training,E79,3050.0,632.9773498512598,675.289,610.5913984264544,709.355,561.8426159879273,604.884,614.5854492212765,686.072,569.623935445123,576.2570000000001,547.0691009927563,537.103,323.9988030933491,308.051
heating_training,E79,3100.0,633.053721294776,674.111,610.7959253795541,709.557,562.1834953573791,605.8209999999999,614.7567952759387,686.506,569.932433955645,577.2539999999999,547.4483937014521,538.212,324.2281040587445,308.26099999999997
heating_training,E79,3150.0,633.1509232268633,675.4069999999999,610.9912687363295,709.553,562.5119381990995,606.492,614.9211938772847,686.5840000000001,570.2187284056098,578.03,547.8150080771115,539.159,324.4496989547416,308.465
heating_training,E79,3200.0,633.2282746505273,675.747,611.1861014069293,710.16,562.8348355317792,607.174,615.0996631602167,687.127,570.5096996760722,578.815,548.175831663643,540.082,324.6639497270347,308.678
heating_training,E79,3250.0,633.2973862193953,675.739,611.3683528530418,710.486,563.1514021924007,607.9069999999999,615.2521085689548,687.529,570.7941217371149,579.588,548.5313775497848,540.961,324.87119339563145,308.887
heating_training,E79,3300.0,633.3668062527541,675.515,611.5440536191211,710.654,563.4592825136416,608.569,615.4028780625987,687.8199999999999,571.0673365956751,580.333,548.8784557389172,541.819,325.0717903640306,309.092
heating_training,E79,3350.0,633.434088350246,674.266,611.7144977978269,710.672,563.7603772692685,609.2090000000001,615.5519875426099,687.928,571.3355438161168,581.053,549.218759523433,542.6949999999999,325.26610454723703,309.303
heating_training,E79,3400.0,633.5087378212736,673.847,611.8810897959169,710.6189999999999,564.0547950836419,609.6949999999999,615.700897132767,687.94,571.5973120133713,581.643,549.5521053896663,543.4549999999999,325.4544464390666,309.49699999999996
heating_training,E79,3450.0,633.6056643836924,675.44,612.0495579483493,710.6610000000001,564.3432310036326,610.121,615.8621620102981,687.9649999999999,571.8539034007925,582.182,549.878261913243,544.1579999999999,325.63707070782243,309.703
heating_training,E79,3500.0,633.6901527239476,675.231,612.2224182772936,711.2049999999999,564.6321477410781,610.7159999999999,616.0360150905609,688.471,572.123501955778,582.825,550.204411843004,544.9269999999999,325.8142589016105,309.936
heating_training,E79,3550.0,633.7760890154308,675.1099999999999,612.3901634549276,711.442,564.9195531870821,611.298,616.1931017816341,688.707,572.3911361495727,583.451,550.5294512236211,545.6389999999999,325.9863153278011,310.12
heating_training,E79,3600.0,633.8728085986007,676.505,612.5587616995377,711.826,565.2031410473426,611.804,616.3563751583898,689.068,572.6522328935698,584.0219999999999,550.8501143587514,546.315,326.15346741809685,310.32
heating_training,E79,3650.0,633.9536718447167,676.345,612.7273038068719,712.108,565.4865929056184,612.4169999999999,616.5200971638322,689.449,572.9190828832641,584.684,551.1707136943113,547.027,326.31590981569366,310.50899999999996
heating_training,E79,3700.0,634.0473056529084,676.4459999999999,612.8902940522939,712.6099999999999,565.7660009911021,612.943,616.6699204018798,689.8979999999999,573.1757302638812,585.26,551.4874043412216,547.671,326.4738613942344,310.70399999999995
heating_training,E79,3750.0,634.1746480202701,675.194,613.0604890685447,712.449,566.0407135737753,613.508,616.8439620509808,689.91,573.4250257517378,585.906,551.7975687473977,548.3820000000001,326.6275806228924,310.90799999999996
heating_training,E79,3800.0,634.2848452019302,675.111,613.2396307578716,712.498,566.3201173045022,613.864,617.0360923674226,689.947,573.6949998387298,586.3299999999999,552.1116594667152,548.978,326.7773470171963,311.09499999999997
heating_training,E79,3850.0,634.372542117367,675.169,613.4111469934983,712.4849999999999,566.6023449034899,614.208,617.1983846963332,689.9839999999999,573.9693688914039,586.761,552.4300147250209,549.505,326.92339795501,311.269
heating_training,E79,3900.0,634.4625011289967,675.13,613.5748958228525,712.818,566.8796133774335,614.603,617.3446981286855,690.259,574.2271999946489,587.2249999999999,552.7440834945423,550.064,327.0658695199295,311.43899999999996
heating_training,E79,3950.0,634.5323846153726,675.242,613.7339654968348,713.227,567.1530161026053,615.065,617.4876726389065,690.641,574.480116961401,587.694,553.0547002021038,550.5889999999999,327.2048192240892,311.58
heating_training,E79,4000.0,634.5905098400364,675.335,613.8807875438977,713.55,567.4201643152838,615.515,617.6068812180846,690.992,574.7208841638053,588.1610000000001,553.3601046479531,551.1289999999999,327.3402379332292,311.715
heating_training,E79,4050.0,634.6507982926732,674.7919999999999,614.0200271379539,713.51,567.6784218344332,615.997,617.7215120293782,691.083,574.9465399443878,588.6859999999999,553.6567192791988,551.7090000000001,327.4721529255189,311.87
heating_training,E79,4100.0,634.7073416060447,673.894,614.1550559459332,713.114,567.9300642255322,616.322,617.8381353637213,690.852,575.1670041798415,589.094,553.9465466551876,552.2249999999999,327.60063766826397,312.02599999999995
heating_training,E79,4150.0,634.7679289584972,674.5699999999999,614.2857517889664,712.843,568.1758188656903,616.469,617.9525205743226,690.573,575.3823277879242,589.332,554.230254397145,552.649,327.7257813002117,312.167
heating_training,E79,4200.0,634.8452976091214,675.846,614.4174384076125,713.308,568.4163267660681,616.707,618.0772713376257,690.877,575.5936139307087,589.621,554.5077774943019,553.05,327.84767779080374,312.339
heating_training,E79,4250.0,634.884205416177,675.371,614.5488540656686,713.55,568.6588254559755,617.076,618.2033934305889,691.2049999999999,575.8214739039138,590.019,554.787835929704,553.461,327.9664957067527,312.48499999999996
heating_training,E79,4300.0,634.8869769993232,675.121,614.6608085976021,713.803,568.8985867119943,617.433,618.2808289029276,691.44,576.0427382923504,590.402,555.0679651164783,553.903,328.0823887354016,312.643
heating_training,E79,4350.0,634.8857365013278,675.304,614.7563259137912,713.921,569.1269734329568,617.795,618.335638171608,691.5899999999999,576.2376943446799,590.784,555.3381700780777,554.348,328.19552212903517,312.803
heating_training,E79,4400.0,634.9242576182237,676.0039999999999,614.8489908735982,714.204,569.3421960454164,618.096,618.40591690721,691.826,576.4094874775097,591.134,555.593842231923,554.729,328.30606177008804,312.95399999999995
heating_training,E79,4450.0,634.9845289609316,675.439,614.9542182521852,714.171,569.5538228200824,618.432,618.5195106028141,691.935,576.5902045355737,591.489,555.8433020123315,555.136,328.4141386168715,313.097
heating_training,E79,4500.0,635.0719876181572,676.039,615.0698639873557,714.217,569.7671962347531,618.682,618.6519688815869,691.9449999999999,576.7838671658726,591.7929999999999,556.0924985156387,555.5229999999999,328.5197748252556,313.236
heating_training,E79,4550.0,635.1055024313051,676.606,615.1912054099752,714.835,569.9902198697608,618.982,618.7866808247413,692.434,577.0085584638184,592.083,556.3519278785118,555.843,328.62292854390256,313.35999999999996
heating_training,E79,4600.0,635.1079330919496,676.6189999999999,615.290703836025,715.192,570.2128413499847,619.403,618.8554108050539,692.871,577.221608178611,592.499,556.6142123686358,556.229,328.72357578445354,313.479
heating_training,E79,4650.0,635.135950777594,676.8889999999999,615.3807692361761,715.693,570.4232913367131,619.824,618.9176689465954,693.313,577.4002035565928,592.9359999999999,556.8644617421054,556.6469999999999,328.82174449051524,313.60299999999995
heating_training,E79,4700.0,635.1759462642831,676.3779999999999,615.4763277811549,715.592,570.6280134897055,620.169,619.0090676823634,693.319,577.5760384302689,593.319,557.1073968593672,557.0139999999999,328.91755798749074,313.72799999999995
heating_training,E79,4750.0,635.1996711799828,676.578,615.5720270192998,715.805,570.8338044614727,620.405,619.1011164976118,693.4559999999999,577.7644175805164,593.614,557.3514380063905,557.361,329.0112331724977,313.871
heating_training,E79,4800.0,635.2481122180906,677.0889999999999,615.6649510873727,716.044,571.0360716651039,620.673,619.1864081552292,693.718,577.9441024844023,593.8969999999999,557.5916778799208,557.688,329.1029774958532,314.00399999999996
heating_training,E79,4850.0,635.3194613989508,676.829,615.7693228775915,716.31,571.2374733450464,620.9590000000001,619.304004209248,693.986,578.127142844717,594.2059999999999,557.8290922273851,558.0219999999999,329.19292490778435,314.12399999999997
heating_training,E79,4900.0,635.3610388293581,676.6669999999999,615.8785574657975,716.217,571.4458010438016,621.246,619.4238645978173,693.995,578.3322406243623,594.5070000000001,558.0734220961637,558.356,329.2811248132793,314.265
heating_training,E79,4950.0,635.3750156816434,675.8019999999999,615.9756884657643,715.798,571.6557372257023,621.396,619.5046139458401,693.707,578.535180424893,594.717,558.3214585493929,558.672,329.36760673956366,314.392
heating_training,E79,5000.0,635.3899257484159,675.13,616.0623264315739,715.574,571.858955600114,621.4559999999999,619.5673531180697,693.5139999999999,578.7169142621591,594.8340000000001,558.5637399491322,558.914,329.45242933033916,314.498
heating_training,E79,5050.0,635.4112541225817,675.463,616.1463864549239,715.236,572.0554578075241,621.502,619.6364910034771,693.2249999999999,578.8866825873708,594.934,558.7988512373914,559.137,329.5356131342278,314.611
heating_training,E79,5100.0,635.4325320628161,675.864,616.2296023116502,715.5619999999999,572.2483347112797,621.593,619.7106256788206,693.453,579.0553861857405,595.048,559.0298624959172,559.323,329.6171404759517,314.70799999999997
heating_training,E79,5150.0,635.5042427579372,676.707,616.317455684304,716.057,572.4354842523373,621.8199999999999,619.8003160333922,693.847,579.2134100019791,595.266,559.2531989356825,559.5319999999999,329.6969969735608,314.80499999999995
heating_training,E79,5200.0,635.5480745423058,676.315,616.4201011759336,716.3019999999999,572.6291577657865,622.179,619.9248934860113,694.149,579.4005049100379,595.6189999999999,559.481674953516,559.863,329.77517083241275,314.909
heating_training,E79,5230.0,635.5614351641776,676.213,616.4746651632305,716.108,572.7422548868642,622.325,619.9734346368906,694.063,579.5058018607517,595.766,559.61528532828,560.0329999999999,329.8212736245242,314.96
heating_validation,E80,0.0,294.288,295.969,294.288,294.645,294.288,294.544,294.288,294.71799999999996,294.288,294.654,294.28799999999995,294.585,294.288,294.35499999999996
heating_validation,E80,50.0,333.3813503251375,337.548,308.815386916677,322.27599999999995,298.56982848622584,301.268,330.69760077909604,308.774,305.15825401987183,297.763,297.14397333957385,296.393,294.2884547012725,294.363
heating_validation,E80,100.0,375.8987186156627,382.642,332.4331506159878,367.40999999999997,310.77585264694557,323.393,376.5549620446349,344.044,331.6616401573607,313.601,307.39485013862566,305.67199999999997,294.2910446978119,294.34499999999997
heating_validation,E80,150.0,416.41092675043797,427.794,359.977345316239,410.575,328.3176242599013,347.78,419.1727176663285,381.938,363.10673365389863,333.159,323.0005746706959,318.005,294.29703915424585,294.335
heating_validation,E80,200.0,453.0812223544075,464.30999999999995,388.47831060494127,445.429,348.6283117671976,368.067,455.54973682034324,414.313,393.58359604194703,350.05699999999996,341.52016801554373,328.87399999999997,294.310580532686,294.342
heating_validation,E80,250.0,485.35644553910055,495.288,416.173395107426,475.075,369.83287136871826,385.609,485.59068214081015,442.94499999999994,420.74015324763513,365.085,361.1157549368926,338.719,294.34026883609204,294.352
heating_validation,E80,300.0,513.3297733026787,522.971,442.0713172470193,501.984,390.68296731329355,401.89599999999996,510.0777009254869,469.563,443.97379395408467,379.26199999999994,380.5439813482638,348.11899999999997,294.3981992846849,294.385
heating_validation,E80,350.0,537.2669383659616,544.7339999999999,465.6999824631272,523.643,410.4301878917322,415.131,530.0282332886969,490.995,463.5099815422279,390.94,399.0474500996643,356.02799999999996,294.4980374978937,294.39799999999997
heating_validation,E80,400.0,557.6333146174997,562.8979999999999,486.87765127704205,542.22,428.66239435523136,426.93399999999997,546.2840075871727,509.75199999999995,479.8049182444352,401.412,416.20024190167703,363.467,294.6528198812042,294.42999999999995
heating_validation,E80,450.0,574.8662298453055,577.769,505.6407334392088,558.207,445.2017979261168,437.41099999999994,559.6374859889123,526.125,493.38989862819994,410.756,431.80707458252107,370.404,294.8733731786846,294.486
heating_validation,E80,500.0,589.4083362998563,591.277,522.1193628571677,572.828,460.02281298212216,447.412,570.6641578632859,541.284,504.7510431369207,419.76199999999994,445.8257596376067,377.426,295.16744239382547,294.539
heating_validation,E80,550.0,601.6667323038716,603.106,536.5095691028744,584.996,473.18744481335597,455.79499999999996,579.8481399626951,553.8,514.2969456813329,427.46999999999997,458.30178846261134,383.597,295.53930025120223,294.601
heating_validation,E80,600.0,611.9945970053227,612.611,549.0288253831907,595.607,484.81224310588243,463.542,587.5601856471588,564.9159999999999,522.3719908925133,434.623,469.3367178836102,389.41099999999994,295.9898425754491,294.67499999999995
heating_validation,E80,650.0,620.7060719806626,621.238,559.8960091003341,605.68,495.0377023596514,471.159,594.0876518411633,575.391,529.2502309740491,441.76599999999996,479.0575471869984,395.53,296.5170245067211,294.75399999999996
heating_validation,E80,700.0,628.0662501609951,629.169,569.3219312685612,614.086,504.01267573560534,477.706,599.6613988414091,584.0840000000001,535.1531249405506,447.905,487.6010829769581,401.07399999999996,297.11641078832463,294.83599999999996
heating_validation,E80,750.0,634.3090410595435,635.249,577.4996498494068,621.512,511.8829977996456,483.806,604.458293520312,591.886,540.2549359224989,453.678,495.10237607500886,406.388,297.78174099579746,294.931
heating_validation,E80,800.0,639.6126855654416,641.8389999999999,584.6048801962962,628.655,518.787851219236,489.83899999999994,608.6256416617823,599.377,544.7023537764578,459.397,501.6915727620495,411.789,298.50534864587587,295.02
heating_validation,E80,850.0,644.1295215776983,646.488,590.7873525709215,634.787,524.8542829098944,495.178,612.2638971418617,605.854,548.6094092179527,464.519,507.4884479784179,416.679,299.2788708850653,295.11699999999996
heating_validation,E80,900.0,647.9821363586785,650.1389999999999,596.1785711301636,640.105,530.1950482801691,500.173,615.4598166583676,611.5709999999999,552.0659240746903,469.31899999999996,512.5995499977411,421.346,300.0937497839087,295.212
heating_validation,E80,950.0,651.2701156633783,654.588,600.8894145092473,644.942,534.9094212113231,504.813,618.2763485899557,616.755,555.1437658919498,473.803,517.1191549519559,425.841,300.9415198836453,295.33099999999996
heating_validation,E80,1000.0,654.1271231003772,659.4649999999999,605.0175406985372,649.98,539.078051724579,509.53,620.7719047750278,622.044,557.8835508443345,478.51199999999994,521.1219790781847,430.465,301.8141182014003,295.45799999999997
heating_validation,E80,1050.0,656.5387480930734,662.895,608.6553283679619,654.432,542.7864691339288,513.828,623.0215211006873,626.69,560.3739439993279,482.745,524.6910121291919,434.652,302.70408682795886,295.60299999999995
heating_validation,E80,1100.0,658.660836240607,666.784,611.8525297896955,658.678,546.0889590063658,517.894,624.994463488192,631.1099999999999,562.6074067707519,486.81999999999994,527.8767687340312,438.456,303.60469344540917,295.756
heating_validation,E80,1150.0,660.5058178213898,670.077,614.6963745574047,663.0899999999999,549.0427659536174,522.116,626.8144458371842,635.711,564.6399213614886,490.985,530.7320352541276,442.643,304.50993971720163,295.92699999999996
heating_validation,E80,1200.0,662.1624240078434,671.814,617.228573360092,666.511,551.6965387056122,525.942,628.4595873848634,639.4359999999999,566.4931675199049,494.851,533.3023465070378,446.49699999999996,305.414496464948,296.133
heating_validation,E80,1250.0,663.6356338977342,674.468,619.5096063655213,669.784,554.0955291092578,529.4739999999999,630.0017417007141,642.8679999999999,568.208771910692,498.491,535.6303721724692,450.18999999999994,306.31376678700684,296.313
heating_validation,E80,1300.0,664.9440435390218,676.702,621.5663793203304,672.745,556.2796013227307,532.9079999999999,631.4166320688684,646.021,569.8108069120381,501.984,537.755294973418,453.78999999999996,307.2037876613314,296.524
heating_validation,E80,1350.0,666.1202299333485,678.602,623.4295095135998,675.929,558.27521277563,536.425,632.7227889845759,649.352,571.3018971124096,505.558,539.7021323087417,457.49899999999997,308.08116897642384,296.75399999999996
heating_validation,E80,1400.0,667.1497642509228,680.654,625.1236867916276,678.55,560.1099366249351,539.564,633.9314728263196,652.1099999999999,572.7042722567611,508.84299999999996,541.4980651447302,460.772,308.9430591267839,296.96
heating_validation,E80,1450.0,668.1063290667247,682.5,626.6631008375684,681.133,561.7967084361288,542.547,635.0326352357232,654.881,573.999944968797,511.991,543.1540702381519,463.967,309.78707976313996,297.159
heating_validation,E80,1500.0,668.9975393400978,684.748,628.0832524224764,683.875,563.3537744625272,545.72,636.089046752866,657.74,575.2111796109982,515.21,544.6858518560098,467.24899999999997,310.6112762960491,297.37
heating_validation,E80,1550.0,669.7986052867315,687.101,629.3963458467395,686.6179999999999,564.8046598818584,548.573,637.0860073150707,660.526,576.368729047598,518.158,546.1172962663198,470.211,311.41413661473825,297.566
heating_validation,E80,1600.0,670.5038504428901,688.651,630.6060246744239,689.2439999999999,566.1628062882852,551.424,638.0041897217087,663.27,577.4734800029998,521.103,547.4629455015641,473.17699999999996,312.1946161222202,297.77599999999995
heating_validation,E80,1650.0,671.1710430866491,689.759,631.7205364074532,691.623,567.4308057030771,554.348,638.8485100573264,665.8199999999999,578.5038004346794,524.161,548.7238407936269,476.28599999999994,312.95213494138375,298.025
heating_validation,E80,1700.0,671.8327211453285,691.24,632.7655823366706,693.568,568.6165732886154,556.9459999999999,639.6716637767369,667.963,579.4697477723552,526.896,549.904986424875,479.056,313.6864059211691,298.294
heating_validation,E80,1750.0,672.4107453328763,691.92,633.7536536928648,695.323,569.7424697104587,559.396,640.4777059333909,669.896,580.420611193761,529.4739999999999,551.02995620921,481.717,314.39740271488336,298.54499999999996
heating_validation,E80,1800.0,672.9433523877216,693.106,634.670597233149,697.056,570.8114043177991,561.692,641.2045788253163,671.798,581.3307380339331,531.9459999999999,552.1028800140235,484.32099999999997,315.0852413689885,298.832
heating_validation,E80,1850.0,673.4493241499849,694.259,635.5323983823926,698.7339999999999,571.8230749208079,564.06,641.8993543591868,673.613,582.1908787261702,534.4659999999999,553.1218300019708,487.006,315.75020609968897,299.116
heating_validation,E80,1900.0,673.9044170457444,695.825,636.3440516478845,700.3209999999999,572.7866444187413,566.202,642.5606328043697,675.268,583.0200749422127,536.7539999999999,554.0959503117529,489.426,316.39256325085466,299.393
heating_validation,E80,1950.0,674.3119018583395,696.722,637.102546395694,702.024,573.7052558363312,568.316,643.1705054135572,677.0039999999999,583.814329741536,539.01,555.0289519089378,491.768,317.01261829178895,299.662
heating_validation,E80,2000.0,674.6904802251199,697.601,637.8120530398488,703.467,574.5786054149314,570.527,643.7387374349698,678.598,584.5659091903653,541.3009999999999,555.9198978128398,494.224,317.6107998851536,299.95099999999996
heating_validation,E80,2050.0,675.052390932393,698.602,638.480445585208,704.995,575.4091161060328,572.495,644.2808593525994,680.192,585.2786985019457,543.3489999999999,556.7701516182462,496.447,318.1876366689026,300.23499999999996
heating_validation,E80,2100.0,675.4131385204743,700.146,639.1156081219423,706.4839999999999,576.2005621848157,574.404,644.8075623937026,681.751,585.9585602945577,545.345,557.5823943761641,498.563,318.7436999221073,300.501
heating_validation,E80,2150.0,675.7904609572952,701.054,639.7276337376051,708.063,576.9574721265366,576.318,645.3338530053258,683.3879999999999,586.6123245401042,547.3109999999999,558.3600129661406,500.63699999999994,319.2795723523644,300.774
heating_validation,E80,2200.0,676.1718877323813,701.749,640.3253548420602,709.5699999999999,577.6882838509263,578.325,645.8690783028613,685.0419999999999,587.2569334449897,549.394,559.1111895473293,502.852,319.795926589856,301.085
heating_validation,E80,2250.0,676.5359675653273,702.322,640.9072926070654,710.854,578.4001461925924,580.097,646.3957538766387,686.409,587.9003367433179,551.228,559.8440381439494,504.81399999999996,320.2934597699983,301.35799999999995
heating_validation,E80,2300.0,676.8623404206996,702.175,641.4669751620943,711.767,579.0953106827341,581.7819999999999,646.893795337704,687.538,588.5380379242455,553.005,560.562275829907,506.74699999999996,320.77277554064005,301.61499999999995
heating_validation,E80,2350.0,677.1609726678838,703.511,641.997946907607,712.925,579.7702173167975,583.454,647.3505928662256,688.73,589.1533607377063,554.765,561.2627255403766,508.679,321.2344333742859,301.893
heating_validation,E80,2400.0,677.4539816621648,703.894,642.5037745711651,714.1769999999999,580.4210181044797,585.0229999999999,647.7830930056567,690.009,589.7374956978987,556.4079999999999,561.9406201488918,510.447,321.6790432267637,302.174
heating_validation,E80,2450.0,677.7287662164198,703.816,642.9905065307412,714.978,581.0510194803778,586.547,648.2066676745453,690.9649999999999,590.3041869882474,558.045,562.5989454717133,512.209,322.10740253154677,302.46799999999996
heating_validation,E80,2500.0,677.9738150222512,704.572,643.4549010119395,715.903,581.663516112665,588.068,648.606824174452,691.899,590.8593686544294,559.642,563.2416568673567,513.992,322.5203595307554,302.774
heating_validation,E80,2550.0,678.215449247325,704.317,643.8962207414143,716.8309999999999,582.2555752908996,589.4369999999999,648.9821306042924,692.851,591.390333598178,561.131,563.8653654251362,515.623,322.91874710294076,303.051
heating_validation,E80,2600.0,678.4514291506418,704.429,644.3225340799432,717.322,582.8286436729388,590.751,649.3547874350859,693.5,591.9040699449182,562.573,564.470752551482,517.201,323.3032946239367,303.34099999999995
heating_validation,E80,2650.0,678.6968321143952,705.223,644.7353714659604,717.9169999999999,583.3843217084672,591.934,649.7205439072086,694.144,592.401903050434,563.8889999999999,565.0587580373125,518.73,323.6746464552354,303.621
heating_validation,E80,2700.0,678.9422064911575,705.4659999999999,645.1409483631111,718.6479999999999,583.9258554861373,593.208,650.0919902161378,694.949,592.8921729363634,565.2829999999999,565.632397666154,520.269,324.03332112903115,303.904
heating_validation,E80,2750.0,679.140302775922,704.9359999999999,645.5337225689177,719.343,584.4595022721583,594.375,650.4478181549075,695.7159999999999,593.3883438815321,566.53,566.1997082454676,521.68,324.3797545598064,304.16999999999996
heating_validation,E80,2800.0,679.3159417252128,705.476,645.9005435342934,719.8,584.9794485840818,595.5070000000001,650.7556191549189,696.298,593.8645871630821,567.751,566.7557006094464,523.081,324.7143234015456,304.407
heating_validation,E80,2850.0,679.4826646758866,705.568,646.2481486768213,720.5889999999999,585.4808019058196,596.669,651.0466536305183,697.092,594.3132429492654,569.012,567.2943794756777,524.479,325.03740154825437,304.668
heating_validation,E80,2900.0,679.6553154530562,705.558,646.5808979284088,721.135,585.9641589420368,597.761,651.3299987329897,697.7090000000001,594.7403178060355,570.183,567.8153212576725,525.76,325.34939992270813,304.918
heating_validation,E80,2950.0,679.8324945879411,705.76,646.9057706601366,721.697,586.4331030267687,598.7719999999999,651.6194241626164,698.318,595.1574448002251,571.2929999999999,568.3216588351438,526.991,325.65091754749983,305.188
heating_validation,E80,3000.0,680.0222512758176,706.122,647.225227340966,722.192,586.8908423598335,599.797,651.9124595167606,698.857,595.5691443423445,572.441,568.8162591813784,528.2819999999999,325.94258164589775,305.47499999999997
heating_validation,E80,3050.0,680.2341846982558,708.1479999999999,647.5447509513199,723.029,587.3394112119794,600.7639999999999,652.2178173213056,699.62,595.9768400039328,573.472,569.3005651787195,529.433,326.22496607973386,305.75199999999995
heating_validation,E80,3100.0,680.4443776366148,707.711,647.8670830390062,723.835,587.7841694885773,601.794,652.535703259419,700.49,596.3923571227505,574.55,569.7803404941939,530.583,326.4985191879261,306.024
heating_validation,E80,3150.0,680.6115998779667,708.145,648.1828689908328,724.449,588.2293364933242,602.775,652.8369583473137,701.1679999999999,596.8206026423783,575.614,570.2618977672734,531.712,326.76360866507605,306.296
heating_validation,E80,3200.0,680.7428745756399,707.512,648.4782742932543,725.073,588.6691393513619,603.8019999999999,653.0923495477836,701.835,597.2382383371282,576.7049999999999,570.7407201721068,532.896,327.02059523829985,306.57099999999997
heating_validation,E80,3250.0,680.8944923932306,707.707,648.7566436953906,725.2049999999999,589.0931097121352,604.665,653.3255077814767,702.114,597.6200990814509,577.654,571.2044799554739,533.934,327.2697854044525,306.82
heating_validation,E80,3300.0,681.0482417230268,708.807,649.032521314002,725.68,589.5047673085195,605.406,653.5770870849874,702.583,597.9894777802559,578.521,571.6551955184121,534.925,327.5114522277282,307.03299999999996
heating_validation,E80,3350.0,681.1672898150663,709.884,649.2992069571234,726.5139999999999,589.9108998680185,606.281,653.8171765944654,703.332,598.3637916589896,579.4179999999999,572.1012459481616,535.896,327.74575152886734,307.255
heating_validation,E80,3400.0,681.2670793429289,709.6379999999999,649.5478148819234,727.2439999999999,590.3079152606102,607.2529999999999,654.0245153446366,704.096,598.7260842756468,580.46,572.5399130553913,536.957,327.97291757281755,307.51599999999996
heating_validation,E80,3450.0,681.3497015833457,709.249,649.7817085383715,727.644,590.6934251043093,608.105,654.217175628217,704.592,599.0731263663647,581.377,572.9684669595159,537.9110000000001,328.19333374677706,307.763
heating_validation,E80,3500.0,681.4479437654098,709.539,650.0030359421445,727.8589999999999,591.0651172781261,608.827,654.3996592393313,704.886,599.3992154225159,582.1859999999999,573.3833673263722,538.797,328.4074337978178,308.00199999999995
heating_validation,E80,3550.0,681.5745762323664,709.528,650.2250413544302,728.2529999999999,591.4251593697571,609.559,654.604586223467,705.303,599.714777002933,583.006,573.7852381285719,539.76,328.61560398441213,308.27799999999996
heating_validation,E80,3600.0,681.7309659520125,709.163,650.4542874461055,728.4,591.7796312055116,610.223,654.8350986678682,705.527,600.0339836599392,583.75,574.1794649085396,540.607,328.81823737450554,308.51599999999996
heating_validation,E80,3650.0,681.8756617083488,709.239,650.6914953863569,728.611,592.1362676697808,610.829,655.0827914805109,705.7629999999999,600.3728620619753,584.439,574.5749856797717,541.4169999999999,329.01559087440563,308.76
heating_validation,E80,3700.0,682.023961664372,710.123,650.9256044519866,729.152,592.4931331461987,611.4079999999999,655.3134513213388,706.2159999999999,600.7137431226505,585.112,574.9708259494531,542.191,329.2078160502392,308.989
heating_validation,E80,3750.0,682.1669192433491,709.6759999999999,651.1600132084691,729.572,592.8484009572971,612.159,655.545232699718,706.707,601.0528683853394,585.89,575.3650658702171,543.048,329.39502640627825,309.2
heating_validation,E80,3800.0,682.2986207827909,708.419,651.3895411743287,729.776,593.201690593607,612.784,655.763943112598,706.9659999999999,601.388826861604,586.582,575.7576491565488,543.7929999999999,329.5772822596219,309.399
heating_validation,E80,3850.0,682.4138243135426,708.9179999999999,651.6115994591843,729.899,593.5511018023742,613.3299999999999,655.9684215845451,707.155,601.7180438236695,587.1869999999999,576.1471740927958,544.5039999999999,329.75457783248,309.55699999999996
heating_validation,E80,3900.0,682.5341228968821,708.496,651.8251836018271,730.142,593.8934749873844,613.915,656.1599391448053,707.4259999999999,602.0331728126495,587.822,576.5300353847392,545.2539999999999,329.92706943152916,309.78099999999995
heating_validation,E80,3950.0,682.6310711380017,708.9079999999999,652.0347070607826,730.266,594.2317609972545,614.396,656.3531449918786,707.554,602.3481904997968,588.394,576.9093861642107,545.912,330.09510296177973,309.98699999999997
heating_validation,E80,4000.0,682.710161385658,708.3299999999999,652.2312869647558,730.3599999999999,594.5651536927729,614.887,656.521256612258,707.74,602.6569339022597,588.9269999999999,577.285173062544,546.546,330.25901596320836,310.198
heating_validation,E80,4050.0,682.759623401201,709.726,652.4155885758003,730.453,594.8921510331481,615.298,656.6740619752684,707.824,602.9579038510674,589.432,577.6561490123479,547.1659999999999,330.41910107940544,310.424
heating_validation,E80,4100.0,682.7823578156941,708.842,652.5820793301095,730.9449999999999,595.2107461985712,615.8389999999999,656.7987638831411,708.274,603.2459244994507,589.991,578.0205941355637,547.825,330.57560911645726,310.662
heating_validation,E80,4150.0,682.8529885615976,709.798,652.7370386394207,730.972,595.5127936523933,616.307,656.9166568884123,708.405,603.4997171082898,590.501,578.367961602883,548.4169999999999,330.7286832906759,310.87399999999997
heating_validation,E80,4200.0,682.9416522966275,709.803,652.9024273964645,731.2249999999999,595.8065502303302,616.7729999999999,657.0817708017288,708.6320000000001,603.7545286294703,591.01,578.7047342958201,548.999,330.87838604473507,311.091
heating_validation,E80,4250.0,683.0287243529466,709.058,653.0708473932017,731.449,596.1003722917839,617.247,657.252059724768,708.873,604.0243205098216,591.5409999999999,579.0406139212446,549.615,331.0247702456653,311.30199999999996
heating_validation,E80,4300.0,683.1259856040224,708.788,653.2403222218579,731.2909999999999,596.3929104171544,617.655,657.4217682342595,708.827,604.296275328767,591.998,579.3746823288267,550.151,331.16785722072865,311.486
heating_validation,E80,4350.0,683.2100424749938,708.79,653.4115450413445,731.315,596.6860003567454,617.949,657.5942858896822,708.8489999999999,604.5747001080588,592.3689999999999,579.7092009867093,550.633,331.3076608358093,311.671
heating_validation,E80,4400.0,683.2712807305251,709.71,653.575774230347,731.5909999999999,596.9791635493336,618.3119999999999,657.7465279330522,709.088,604.8544540754756,592.755,580.0448245948421,551.108,331.44421529533713,311.856
heating_validation,E80,4450.0,683.3639888633818,710.8889999999999,653.733595940189,732.12,597.2648347352482,618.747,657.887666624554,709.5519999999999,605.11332942475,593.25,580.3727461761872,551.62,331.5776332912667,312.075
heating_validation,E80,4500.0,683.4432354506803,709.645,653.8979561937364,732.4069999999999,597.548808451445,619.223,658.0545516726073,709.894,605.3780708158208,593.73,580.6981771774448,552.117,331.7080896482245,312.245
heating_validation,E80,4550.0,683.5598233272659,709.921,654.0596053093525,732.355,597.8289396762968,619.6279999999999,658.2101904727176,709.932,605.6337285021305,594.174,581.0188852701493,552.615,331.83565521454483,312.42499999999995
heating_validation,E80,4600.0,683.6706752897004,711.1659999999999,654.2334306984366,732.79,598.1101787317998,619.962,658.399712938485,710.255,605.9008670382086,594.573,581.3394234657185,553.075,331.96045844258583,312.60499999999996
heating_validation,E80,4650.0,683.7418034129414,711.034,654.4024174358246,733.182,598.3972032201917,620.402,658.565877794693,710.6669999999999,606.1841397828006,595.012,581.6669427564635,553.5429999999999,332.0826327556911,312.78999999999996
heating_validation,E80,4700.0,683.7667813889848,711.268,654.5554476982875,733.3299999999999,598.6841115788013,620.808,658.6923821428277,710.829,606.4628620548929,595.452,581.9971308302661,553.99,332.20237528315937,312.964
heating_validation,E80,4750.0,683.7842577333496,711.18,654.68874190081,733.679,598.9615143443967,621.162,658.7833703266256,711.151,606.7141846067877,595.8409999999999,582.3197690653991,554.428,332.31985551263114,313.126
heating_validation,E80,4800.0,683.8318452305355,710.1379999999999,654.8155582498059,733.867,599.2252596721995,621.558,658.8817964609503,711.391,606.9379146576587,596.258,582.6281290156797,554.887,332.4351505632196,313.303
heating_validation,E80,4850.0,683.8988794168848,710.919,654.9480331356039,733.88,599.4817904710372,621.87,659.0099884659386,711.429,607.1595984580176,596.617,582.9274661696099,555.304,332.54825664916547,313.43399999999997
heating_validation,E80,4900.0,683.9694179630212,710.93,655.0852532792231,734.115,599.7375227096144,622.174,659.1508450825513,711.684,607.3920287972148,596.94,583.2248500888069,555.6859999999999,332.6591707490195,313.577
heating_validation,E80,4950.0,684.0055550811171,710.799,655.2210994215113,734.0999999999999,599.9962004400984,622.5429999999999,659.2847084040742,711.776,607.6392366799279,597.3340000000001,583.5258394917606,556.097,332.7678747659543,313.73199999999997
heating_validation,E80,5000.0,684.1051972958023,710.5070000000001,655.3507775217169,734.151,600.2470163919415,622.785,659.4014609266547,711.814,607.8612319212762,597.642,583.8181631272286,556.472,332.8744025376759,313.887
heating_validation,E80,5050.0,684.2094600471686,710.396,655.5011304100871,734.2539999999999,600.4985783967822,623.035,659.5783784868191,711.881,608.097228027458,597.914,584.1088247036722,556.785,332.9789012523596,314.036
heating_validation,E80,5100.0,684.2520158840106,709.853,655.6488762008184,734.223,600.7610505270579,623.3,659.7311790900873,711.922,608.3642127413285,598.2090000000001,584.4118167931133,557.137,333.081595422354,314.205
heating_validation,E80,5150.0,684.3287364850213,710.103,655.7824958697074,734.289,601.0186215715303,623.516,659.8431606205374,711.938,608.6051131780756,598.47,584.7109988882511,557.4659999999999,333.1827171795676,314.38199999999995
heating_validation,E80,5200.0,684.3912891586305,709.249,655.9243321832294,734.259,601.274326802235,623.749,659.9892583460881,711.967,608.8467037623261,598.758,585.0077002128813,557.789,333.28244728405355,314.542
heating_validation,E80,5250.0,684.4698471504696,710.627,656.0606630987759,734.424,601.5284747626316,623.912,660.1164778149351,712.057,609.0832835639249,598.961,585.3026588638163,558.059,333.3808876076954,314.68699999999995
heating_validation,E80,5300.0,684.5683808627482,710.876,656.2046447168877,734.7339999999999,601.7800242830042,624.184,660.2678669402338,712.375,609.3165171680129,599.241,585.5937212181234,558.365,333.47805937347783,314.84
heating_validation,E80,5350.0,684.6476956965322,711.101,656.3530348564958,735.115,602.035452417422,624.486,660.424812906425,712.7349999999999,609.5641085350318,599.54,585.8882732848898,558.672,333.5739657282527,314.969
heating_validation,E80,5400.0,684.7417631970042,710.814,656.4978153921469,735.423,602.2901778712085,624.824,660.565810744013,713.0609999999999,609.8056105275087,599.891,586.1821393362745,559.005,333.66857083723664,315.092
heating_validation,E80,5450.0,684.8686600822717,710.2529999999999,656.6506585328518,735.406,602.5423185399973,625.1179999999999,660.7286896755544,713.12,610.0405335234436,600.188,586.4718369816571,559.335,333.76188398135344,315.23699999999997
heating_validation,E80,5500.0,684.9965944689807,710.586,656.8149820451825,735.425,602.7986912425067,625.308,660.9137693091861,713.0989999999999,610.2899336344132,600.439,586.7643623704237,559.6189999999999,333.8539887441765,315.37199999999996
heating_validation,E80,5550.0,685.0938766404395,710.774,656.979857263875,735.7049999999999,603.0619721009717,625.53,661.0869281806537,713.358,610.5547238690098,600.665,587.0643907327614,559.8779999999999,333.9449648137639,315.49899999999997
heating_validation,E80,5600.0,685.137886146927,710.7829999999999,657.1318444659734,735.865,603.3284388993611,625.755,661.2219456196498,713.5519999999999,610.8210148140962,600.9179999999999,587.3701224195089,560.146,334.034816504745,315.616
heating_validation,E80,5650.0,685.1642143093497,710.5129999999999,657.2625996547479,735.951,603.5877623915981,626.04,661.3124781605627,713.6679999999999,611.0618796213483,601.1869999999999,587.6711629047495,560.457,334.12351791915967,315.72799999999995
heating_validation,E80,5700.0,685.1797344460147,710.386,657.3804723074677,735.731,603.8359909734468,626.223,661.3939927492924,713.5319999999999,611.2793766821306,601.4159999999999,587.96211499276,560.7429999999999,334.211048250615,315.851
heating_validation,E80,5750.0,685.2270353919507,709.885,657.4904550795573,735.646,604.0714052256445,626.3489999999999,661.4756011846753,713.467,611.4739117641747,601.5899999999999,588.2395720526831,560.967,334.29732000573347,315.966
heating_validation,E80,5800.0,685.3030290897469,709.384,657.608882304793,735.432,604.2993906353174,626.4739999999999,661.5945309309141,713.316,611.6666458808767,601.7349999999999,588.5074002592921,561.211,334.38225360443283,316.085
heating_validation,E80,5811.0,685.3183684974073,710.3340000000001,657.6328320224458,735.351,604.3445383061462,626.4849999999999,661.6156387295322,713.233,611.6993881744097,601.77,588.5603652076136,561.2539999999999,334.4007569739609,316.11899999999997
heating_training,E81,0.0,295.2925,300.84099999999995,295.2925,302.834,295.2925,303.662,295.2925,303.075,295.2925,303.926,295.2925,303.96799999999996,295.2925,299.68199999999996
heating_training,E81,50.0,336.56225696845326,342.306,309.3707797126175,326.51599999999996,299.13231985409544,308.46299999999997,330.1551853025896,314.686,304.89310503731025,305.97499999999997,297.7574433838817,305.15099999999995,295.2929498823055,299.609
heating_training,E81,100.0,382.7441220586922,390.14799999999997,332.83625590657323,368.91999999999996,310.5037094231816,326.58299999999997,375.82131759275643,347.19399999999996,329.5821813909491,319.034,307.1149667750059,311.813,295.29551151620456,299.532
heating_training,E81,150.0,427.82789059137224,435.95099999999996,360.82629129849414,409.42199999999997,327.313904646474,347.816,419.7645215158812,382.609,359.9958738650533,336.142,321.83366032484787,321.865,295.30143132420045,299.43399999999997
heating_training,E81,200.0,469.5820325275536,474.943,390.44344663815644,442.42199999999997,347.25737858779036,365.48699999999997,458.64231262141055,412.85799999999995,390.4825317056466,351.006,339.7578843174957,330.62699999999995,295.31476092050815,299.34999999999997
heating_training,E81,250.0,507.19944252133877,507.57099999999997,419.87585502686653,470.97499999999997,368.55532981297307,381.188,491.94981886800906,440.086,418.54682677376564,364.474,359.1658195114333,338.695,295.34404221844306,299.289
heating_training,E81,300.0,540.5306197331558,537.8119999999999,448.03557033885704,497.337,389.9680122454159,395.81399999999996,520.1569997576506,465.861,443.37383885600576,377.22999999999996,378.83995932536703,346.522,295.4015599202598,299.209
heating_training,E81,350.0,569.7395344688822,561.229,474.3159534704737,518.227,410.694574235438,407.748,543.9873234104411,486.80999999999995,464.942957892338,387.741,397.9856276159345,353.188,295.50150012036073,299.157
heating_training,E81,400.0,595.0809833986079,581.009,498.42795687191153,536.488,430.2628041730769,418.424,564.1644279418849,505.264,483.57088300632097,397.24199999999996,416.1300051008511,359.45799999999997,295.6580075300037,299.12399999999997
heating_training,E81,450.0,617.0321846614507,599.7,520.2646264149239,553.607,448.4051553576055,428.62,581.2521799266185,522.758,499.5979811003649,406.37399999999997,432.997564382057,365.791,295.8834540704852,299.07899999999995
heating_training,E81,500.0,635.9854721552663,613.9559999999999,539.8863709497803,567.4649999999999,465.01168355999044,437.253,595.8517539323605,536.962,513.4062966485251,414.182,448.4680013883838,371.404,296.18731176341737,299.077
heating_training,E81,550.0,652.3180165854689,627.046,557.4098149799026,579.671,480.0828712885217,445.049,608.3798249081278,549.463,525.357797850222,421.328,462.5299945895887,376.817,296.57566895396604,299.06899999999996
heating_training,E81,600.0,666.3937407863193,638.374,572.9950258239191,590.577,493.67458936773403,452.212,619.1901171092719,560.7139999999999,535.7428613656689,427.93499999999995,475.22784781964833,381.993,297.0511315233874,299.05699999999996
heating_training,E81,650.0,678.5037287240661,648.481,586.821768993452,600.881,505.88338070409,459.30199999999996,628.576152516592,571.535,544.8200069134172,434.542,486.6473511853023,387.4,297.6131034724548,299.077
heating_training,E81,700.0,688.937986858507,656.9,599.0639551663203,609.434,516.8202041383706,465.37399999999997,636.7498139041599,580.5409999999999,552.7888227867444,440.268,496.8885782741257,392.163,298.25830199483914,299.08099999999996
heating_training,E81,750.0,698.0137256970474,664.97,609.8975692020877,617.252,526.5934883902522,471.073,643.908052607321,588.749,559.7922004855124,445.65299999999996,506.04742569497165,396.799,298.9813026787549,299.099
heating_training,E81,800.0,705.8715262181231,672.633,619.5055688498562,625.053,535.3299539222476,476.84299999999996,650.2638001247504,596.838,566.0101001184446,451.139,514.2422614494911,401.602,299.7750595527183,299.11499999999995
heating_training,E81,850.0,712.6214600060136,679.367,628.0237996950406,631.675,543.1556773635763,481.91499999999996,655.8908636891514,603.723,571.5876074963637,456.02,521.593215523429,405.933,300.631482905844,299.15999999999997
heating_training,E81,900.0,718.4980055170087,685.5909999999999,635.5687083706472,637.935,550.1623354690507,486.735,660.850027743361,610.212,576.5701330629762,460.664,528.1834835013694,410.14199999999994,301.5419382599855,299.21599999999995
heating_training,E81,950.0,723.6884980853407,690.337,642.2761516563359,643.624,556.4338273417062,491.354,665.2908341568713,616.16,581.0187303273844,465.139,534.087819818708,414.26,302.4976158422183,299.286
heating_training,E81,1000.0,728.2436208283069,694.278,648.2679507066933,649.073,562.0678056207054,496.018,669.3226565018633,621.9549999999999,585.0475080480222,469.75199999999995,539.3980683425763,418.51599999999996,303.48987814851745,299.38399999999996
heating_training,E81,1050.0,732.2464034695552,697.46,653.6275748475484,653.502,567.1481359697956,500.063,672.963134384264,626.737,588.7230896750713,473.806,544.1933351909445,422.30899999999997,304.5104275936377,299.476
heating_training,E81,1100.0,735.7652594653349,701.663,658.4341044576365,657.655,571.7424287775164,503.902,676.2625622379641,631.116,592.0861899759255,477.65299999999996,548.5378003299994,426.006,305.551435189378,299.611
heating_training,E81,1150.0,738.8418160905808,705.616,662.7529158033915,662.063,575.9119883308176,507.84299999999996,679.2541737771589,635.7239999999999,595.1790853520436,481.62,552.4897896023975,429.854,306.6056580567637,299.75199999999995
heating_training,E81,1200.0,741.6706449156438,708.582,666.6381605087702,665.8979999999999,579.6923037321507,511.394,681.9565683736686,639.756,597.9837267471795,485.192,556.0767538838253,433.33399999999995,307.66657278377676,299.895
heating_training,E81,1250.0,744.2378763432067,711.9849999999999,670.1770598638902,669.5899999999999,583.1348303161254,514.837,684.5057828363523,643.5989999999999,600.569185929692,488.65999999999997,559.3475301235086,436.67999999999995,308.7282494512388,300.02799999999996
heating_training,E81,1300.0,746.5282464645904,715.024,673.4044597482516,673.1579999999999,586.295602321952,518.192,686.8690661869754,647.347,602.9981799607465,492.08399999999995,562.3563964057981,439.99399999999997,309.7853091286696,300.17999999999995
heating_training,E81,1350.0,748.5701107538124,717.962,676.3488633951997,676.722,589.2084453346865,521.6659999999999,689.041476615088,651.0809999999999,605.2757900934342,495.616,565.1368202350137,443.42699999999996,310.83318772870877,300.359
heating_training,E81,1400.0,750.4610211016576,720.454,679.0393872891691,679.932,591.8926862461404,524.8,691.0369798465772,654.5039999999999,607.3855627614668,498.806,567.7040850208971,446.54699999999997,311.86800594810563,300.537
heating_training,E81,1450.0,752.1654508487483,722.3599999999999,681.5206222185924,682.951,594.3787721286462,527.857,692.9242535788725,657.692,609.3687717709481,501.89799999999997,570.0882789068074,449.606,312.88655583406967,300.698
heating_training,E81,1500.0,753.7227886200441,724.0319999999999,683.8037083592462,685.607,596.6907421043754,530.81,694.6660442468825,660.585,611.2360311996356,504.907,572.3110168280049,452.602,313.88610668943727,300.876
heating_training,E81,1550.0,755.1627520863331,725.7819999999999,685.9155858638568,688.305,598.8434476349349,533.777,696.2991519226812,663.467,612.9879617976591,507.953,574.3860192089351,455.65999999999997,314.8644111559589,301.05899999999997
heating_training,E81,1600.0,756.4660162889687,728.429,687.8763563336485,690.756,600.8584127819112,536.452,697.8366584617961,666.068,614.6511878583302,510.729,576.3343265055573,458.42199999999997,315.81972102834334,301.265
heating_training,E81,1650.0,757.6682689019138,730.322,689.6946840912024,693.2860000000001,602.7481504327768,539.055,699.264913879778,668.689,616.2235512498593,513.443,578.1669750343992,461.11699999999996,316.75072543276093,301.465
heating_training,E81,1700.0,758.8304402155047,732.5840000000001,691.3906097233754,695.934,604.518511981188,541.816,700.6135731816078,671.4559999999999,617.6960057623129,516.307,579.8871628170563,463.92999999999995,317.6565108080003,301.693
heating_training,E81,1750.0,759.8993731334601,733.923,692.989019429364,698.258,606.1894966817897,544.319,701.9220235171069,673.922,619.1091534822274,518.924,581.5154452221698,466.51599999999996,318.5364836365709,301.911
heating_training,E81,1800.0,760.8659978603761,734.806,694.4867645097931,700.374,607.7765110594521,546.722,703.1461098438058,676.152,620.4746066678215,521.458,583.0673845992358,469.032,319.3902960808497,302.144
heating_training,E81,1850.0,761.7799055457327,736.605,695.8890676689123,702.438,609.2801281405913,549.193,704.2886058036854,678.329,621.7693798616017,524.077,584.5424420196815,471.635,320.2178969422778,302.392
heating_training,E81,1900.0,762.6522424112873,738.281,697.2124097790235,704.396,610.7056723555057,551.404,705.383350797047,680.3399999999999,622.9989877892147,526.3919999999999,585.944763855506,473.979,321.0193914482779,302.637
heating_training,E81,1950.0,763.4642206039987,739.825,698.4658869998558,706.37,612.0645182305585,553.588,706.4347299006779,682.344,624.1839081529307,528.652,587.2855690297931,476.27799999999996,321.79504018063005,302.894
heating_training,E81,2000.0,764.2052466815192,740.7149999999999,699.6508117032644,708.294,613.364767472655,555.736,707.4301538495376,684.357,625.3303680855757,530.8689999999999,588.5733649272075,478.513,322.54525691475015,303.135
heating_training,E81,2050.0,764.8838921705126,742.3199999999999,700.7676317612536,710.207,614.6091357061471,557.9369999999999,708.3630270998857,686.355,626.4319061113318,533.135,589.8108295601246,480.849,323.2704930798765,303.405
heating_training,E81,2100.0,765.5428566348386,743.075,701.8211261656024,711.848,615.7958284605055,559.951,709.241057562348,688.083,627.4751191188907,535.2239999999999,590.9944512050264,482.971,323.9712179131685,303.644
heating_training,E81,2150.0,766.2279837274024,743.846,702.8263997690045,713.304,616.9247999217852,561.877,710.0966501140845,689.6679999999999,628.4585045925868,537.2090000000001,592.1216720908928,485.00699999999995,324.64791612765276,303.888
heating_training,E81,2200.0,766.8216272991742,744.9449999999999,703.7990498366987,714.8209999999999,618.0159475132666,563.843,710.9580654073467,691.3309999999999,629.4387678682336,539.269,593.2155118311588,487.13199999999995,325.3011685659064,304.167
heating_training,E81,2250.0,767.4177019603567,745.733,704.7155690475274,716.2829999999999,619.0664936947618,565.596,711.7367844197275,692.856,630.3793798090921,541.0840000000001,594.2705950954794,489.029,325.93163786349885,304.39099999999996
heating_training,E81,2300.0,767.9788680667864,746.949,705.6001624195301,717.745,620.0771732394143,567.346,712.5155420537211,694.401,631.2872787842504,542.914,595.2893875461284,490.919,326.539937696764,304.63599999999997
heating_training,E81,2350.0,768.5287754062504,747.6379999999999,706.44488925967,719.335,621.0530644005361,569.202,713.2514679981159,696.055,632.166717130993,544.835,596.275003879129,492.895,327.126769446444,304.9
heating_training,E81,2400.0,769.0369283702582,748.2249999999999,707.2595167440404,720.575,621.9978262830311,570.884,713.9740187330415,697.403,633.0257799081867,546.607,597.2327037276716,494.679,327.69292165741587,305.159
heating_training,E81,2450.0,769.512384247438,748.809,708.036912352131,721.728,622.9142646446603,572.486,714.653486827802,698.6279999999999,633.8628401752494,548.296,598.1647543265696,496.441,328.2392031861515,305.42699999999996
heating_training,E81,2500.0,769.9921954882727,749.8399999999999,708.7816143985348,722.922,623.7982249815989,574.01,715.3049569448269,699.8489999999999,634.662599930556,549.894,599.0660410849955,498.11299999999994,328.76643963695835,305.681
heating_training,E81,2550.0,770.4826874896876,750.4839999999999,709.5043291272902,724.162,624.6519276314255,575.622,715.9529525887248,701.1479999999999,635.4336301506172,551.5989999999999,599.9377198874103,499.905,329.27543520904635,305.96299999999997
heating_training,E81,2600.0,770.91236120831,751.266,710.2086300157739,725.246,625.4871118995138,577.054,716.5973197245243,702.2629999999999,636.2071279379452,553.102,600.7935496838862,501.45899999999995,329.7669484581815,306.21799999999996
heating_training,E81,2650.0,771.2913950944505,751.6189999999999,710.8781444622595,726.364,626.3043491079512,578.469,717.1863114405924,703.404,636.9693825049452,554.578,601.6347199450437,503.008,330.2416890389136,306.49699999999996
heating_training,E81,2700.0,771.7038719355721,752.275,711.5156305933639,727.377,627.0914406560387,579.8399999999999,717.7383109392168,704.441,637.683056705505,556.006,602.4466193433765,504.49899999999997,330.7004247554379,306.75899999999996
heating_training,E81,2750.0,772.1058917040546,752.953,712.1414838636355,728.43,627.8544352516226,581.275,718.3104404573015,705.519,638.3781180917736,557.49,603.2355470107333,506.078,331.14390857391567,307.048
heating_training,E81,2800.0,772.5082303036652,753.271,712.7485206302493,729.344,628.5988105763097,582.554,718.8630528995641,706.4929999999999,639.0619153987029,558.8409999999999,604.0059864001244,507.503,331.57284756760316,307.313
heating_training,E81,2850.0,772.8607539598927,753.995,713.3413608122554,730.2570000000001,629.3296278404414,583.795,719.4113629966955,707.441,639.7460051665305,560.142,604.7654000825844,508.86899999999997,331.98784431972047,307.592
heating_training,E81,2900.0,773.1944420146887,754.1189999999999,713.9068080442512,731.2159999999999,630.0449292918208,585.125,719.9136812406246,708.441,640.4138626025189,561.51,605.5110978431975,510.312,332.38956468608427,307.86699999999996
heating_training,E81,2950.0,773.5789461843383,754.776,714.4538805074989,731.968,630.7350641492479,586.274,720.4037256653941,709.265,641.0401633637762,562.7570000000001,606.2311092735303,511.61699999999996,332.77861454038555,308.131
heating_training,E81,3000.0,773.8795016871419,755.495,714.9982685569239,732.899,631.416391252255,587.429,720.9221887143951,710.193,641.682982683785,563.969,606.9452053462354,512.908,333.1555813705547,308.409
heating_training,E81,3050.0,774.1252274110473,755.9659999999999,715.5080463354327,733.825,632.0893409794057,588.652,721.3652391077824,711.169,642.322294077387,565.278,607.6538890223405,514.236,333.5210505248485,308.692
heating_training,E81,3100.0,774.4206762045592,756.48,715.9906257305955,734.651,632.735601957129,589.7719999999999,721.7763152996685,712.021,642.9072874443518,566.448,608.3364021626012,515.4639999999999,333.8755502786661,308.95099999999996
heating_training,E81,3150.0,774.7521028364746,756.2909999999999,716.470680284601,735.415,633.3588668082122,590.848,722.2218837484481,712.817,643.4661470364198,567.588,608.9947838950734,516.681,334.2195853524662,309.224
heating_training,E81,3200.0,775.1055689913311,756.836,716.9506977678909,736.019,633.9692901512346,591.8689999999999,722.6848623126797,713.502,644.0250549316874,568.671,609.6385127114246,517.824,334.5536198500264,309.47999999999996
heating_training,E81,3250.0,775.4052140687398,757.442,717.4303102015502,736.771,634.5776953195221,592.9159999999999,723.1566160215345,714.277,644.6066739851659,569.788,610.2816736071148,519.024,334.8780831255449,309.758
heating_training,E81,3300.0,775.6471391623091,757.386,717.8889670407672,737.442,635.1841471178133,593.8789999999999,723.5784907639473,714.972,645.1945387010297,570.804,610.9256652283469,520.1129999999999,335.193421370917,309.998
heating_training,E81,3350.0,775.8991113627802,757.6869999999999,718.3236070636119,738.01,635.7754689901084,594.8109999999999,723.9595324519645,715.612,645.7487753361396,571.781,611.5559480445556,521.174,335.5000564669364,310.25899999999996
heating_training,E81,3400.0,776.1627081393862,758.267,718.7486658333423,738.539,636.3498736050376,595.738,724.3472957661692,716.1679999999999,646.2775206767164,572.756,612.1697351342191,522.241,335.79841602399665,310.52599999999995
heating_training,E81,3450.0,776.4678302053218,758.749,719.1679836260622,739.2819999999999,636.9089697350113,596.67,724.7398117448529,716.8979999999999,646.787671582095,573.737,612.7664247771895,523.3209999999999,336.0889179568185,310.792
heating_training,E81,3500.0,776.7586760165224,759.25,719.5921013225136,739.893,637.4613653454687,597.554,725.1600484320327,717.545,647.306025776758,574.6389999999999,613.356360752193,524.295,336.3719167137426,311.049
heating_training,E81,3550.0,777.0149156002574,759.774,720.0075795695105,740.621,638.0126139583417,598.422,725.5592292904881,718.24,647.8363699935855,575.539,613.9460770582303,525.232,336.6477396336678,311.298
heating_training,E81,3600.0,777.2359358551956,759.557,720.4085796943427,741.26,638.55914940432,599.274,725.931013680676,718.935,648.3623833271187,576.4369999999999,614.5332834875492,526.188,336.9167205536882,311.558
heating_training,E81,3650.0,777.4828693925209,759.185,720.7928482300111,741.655,639.092371103328,600.126,726.2756888848087,719.439,648.8595851369623,577.3399999999999,615.1072268383581,527.174,337.1791855279514,311.80899999999997
heating_training,E81,3700.0,777.6543016821968,759.4110000000001,721.1731059795759,741.97,639.6209304222045,600.8789999999999,726.6357404656031,719.775,649.3651305770816,578.116,615.6794193378136,528.056,337.4354063675337,312.065
heating_training,E81,3750.0,777.8336097872664,759.867,721.525237527619,742.322,640.1385932061748,601.569,726.9332104210324,720.163,649.8482494333065,578.8599999999999,616.2413111327467,528.89,337.68566787967956,312.28999999999996
heating_training,E81,3800.0,778.0384032594034,759.626,721.8704530584972,742.785,640.6382737374155,602.305,727.2454060878047,720.673,650.3008648842233,579.6379999999999,616.7853470807789,529.778,337.9301636326145,312.53
heating_training,E81,3850.0,778.2561208167241,759.972,722.2129246648966,743.231,641.1266960807833,602.971,727.5684875992011,721.135,650.746614786442,580.353,617.3169540143045,530.566,338.1689547480163,312.714
heating_training,E81,3900.0,778.4790115727278,760.47,722.5541159438981,743.669,641.6076095147681,603.653,727.8984821317109,721.607,651.1923510329667,581.063,617.8404322941915,531.3489999999999,338.40206845024534,312.911
heating_training,E81,3950.0,778.6888586545784,760.265,722.892588620799,744.2159999999999,642.08442281044,604.395,728.2272487372248,722.1569999999999,651.6426022887388,581.814,618.3599522460404,532.171,338.62961312502887,313.096
heating_training,E81,4000.0,778.9400977852163,759.875,723.2251444619706,744.516,642.5521570352531,605.028,728.5441653651244,722.54,652.0769296567977,582.501,618.8689390645858,532.913,338.8516540652108,313.268
heating_training,E81,4050.0,779.1750482189336,760.265,723.5648540213174,744.8,643.0164620205928,605.651,728.8888380149953,722.8779999999999,652.5178174242775,583.1569999999999,619.3745078955955,533.622,339.068214503731,313.445
heating_training,E81,4100.0,779.3995725292225,760.682,723.8980100860814,745.241,643.4800687190245,606.278,729.2121289065391,723.309,652.9636236791878,583.825,619.879363207337,534.367,339.27941774110775,313.64099999999996
heating_training,E81,4150.0,779.5362281215822,761.037,724.2235930938657,745.664,643.9464687916363,606.866,729.5238873827221,723.746,653.4242465438128,584.471,620.3905379806458,535.04,339.4854577437717,313.818
heating_training,E81,4200.0,779.6218963894571,760.528,724.5180316871098,745.976,644.4087161932262,607.4639999999999,729.763933502293,724.135,653.871189615676,585.083,620.9008921944679,535.7139999999999,339.6865241328144,313.99699999999996
heating_training,E81,4250.0,779.7114566168805,760.799,724.7882323675669,746.2439999999999,644.8537772369846,607.998,729.9745821888613,724.4,654.2772223981783,585.689,621.3960563982571,536.353,339.8828269975477,314.176
heating_training,E81,4300.0,779.8561441783155,759.8879999999999,725.0479462413626,746.525,645.2779127125177,608.563,730.1921886704448,724.71,654.6455084914404,586.308,621.8688826657384,537.053,340.07456653745726,314.364
heating_training,E81,4350.0,780.0093836499472,760.047,725.3143402273231,746.53,645.6912434849919,609.054,730.4513055705459,724.794,655.0141000694088,586.8389999999999,622.3297429236194,537.662,340.26191868470005,314.537
heating_training,E81,4400.0,780.13647291266,760.1679999999999,725.5790293781196,746.711,646.1037258837154,609.512,730.7091787136696,724.953,655.4007208289718,587.342,622.7898176055432,538.246,340.4450473963884,314.72799999999995
heating_training,E81,4450.0,780.2709782765451,760.75,725.8354932652475,747.0609999999999,646.5114702764049,609.948,730.948642956312,725.27,655.7826715696905,587.827,623.2451821817476,538.81,340.6241510476259,314.90999999999997
heating_training,E81,4500.0,780.4087487473164,761.3889999999999,726.0905792312732,747.4259999999999,646.913434257191,610.4559999999999,731.1941950302772,725.6389999999999,656.1586885819181,588.367,623.6947653193962,539.399,340.7993234749771,315.087
heating_training,E81,4550.0,780.50902925039,761.712,726.3418899932037,747.844,647.3148011589187,610.949,731.4356227824559,726.0029999999999,656.5430602561026,588.883,624.1448918963662,539.94,340.9706348231342,315.255
heating_training,E81,4600.0,780.6537622215188,761.275,726.5814233836306,748.202,647.7072517298775,611.434,731.6503905347649,726.402,656.9052302537034,589.4159999999999,624.5850721329213,540.5,341.1382024204728,315.41499999999996
heating_training,E81,4650.0,780.7690511349879,761.7059999999999,726.8283035672549,748.508,648.0965067264519,611.928,731.8998272227185,726.7059999999999,657.2732912753524,589.9459999999999,625.0227755060606,541.055,341.3021743001405,315.60499999999996
heating_training,E81,4700.0,780.8778175592254,761.4069999999999,727.0645130271442,748.7529999999999,648.4845624183747,612.393,732.1184971564429,726.972,657.6426849646534,590.43,625.4593327097874,541.601,341.4627071940896,315.77299999999997
heating_training,E81,4750.0,781.0393506710412,761.415,727.2988139967048,748.938,648.8627717689322,612.8019999999999,732.3412248227975,727.153,657.9895860599565,590.885,625.8847296624294,542.0889999999999,341.61997239485817,315.942
heating_training,E81,4800.0,781.2536919854298,762.094,727.5464118697901,749.155,649.2345454936108,613.182,732.603150736477,727.3789999999999,658.3310029405595,591.309,626.3008927729717,542.55,341.77412407039026,316.10799999999995
heating_training,E81,4850.0,781.3686387138168,761.679,727.8071806165984,749.4739999999999,649.6189516198294,613.6389999999999,732.8917174753793,727.694,658.7200504890246,591.771,626.7313958359158,543.0809999999999,341.9252726369958,316.28999999999996
heating_training,E81,4900.0,781.4905002988193,762.102,728.0443310826223,749.615,650.0048642269679,614.009,733.1006737772097,727.8599999999999,659.0996439942946,592.185,627.1640978551482,543.527,342.0735439682822,316.44899999999996
heating_training,E81,4950.0,781.6059348103624,762.223,728.2804863880228,749.914,650.3838048316572,614.361,733.3255182287513,728.125,659.4604916085922,592.582,627.5911779294323,543.9739999999999,342.2190742783032,316.599
heating_training,E81,5000.0,781.7036425266937,760.6679999999999,728.5087015672894,749.981,650.7600556808407,614.808,733.5360562052093,728.294,659.8187484819658,593.028,628.0159595722971,544.479,342.3619581962303,316.78
heating_training,E81,5050.0,781.8341548964855,761.223,728.7302133641743,749.787,651.1276556830594,615.097,733.7387277314403,728.175,660.1576034227336,593.362,628.431408888884,544.891,342.5022932944381,316.92999999999995
heating_training,E81,5100.0,781.9142375081339,760.063,728.9550017660652,749.894,651.4948605725017,615.3589999999999,733.9622636055608,728.262,660.5087513154907,593.675,628.8477095043899,545.284,342.64013603838794,317.082
heating_training,E81,5150.0,782.0540130490801,758.025,729.1657317035026,749.435,651.8537267820645,615.622,734.147231622941,727.988,660.8372750815687,593.978,629.2539673682115,545.691,342.775536567329,317.22799999999995
heating_training,E81,5200.0,782.2034044214629,756.902,729.3902516750732,748.592,652.2065359035339,615.77,734.3835635428911,727.305,661.1634903259608,594.181,629.6533563854954,546.069,342.9084560241148,317.35799999999995
heating_training,E81,5250.0,782.3255618108393,756.939,729.615575845641,748.149,652.5633970885324,615.81,734.6137118329843,726.863,661.5090607114163,594.299,630.0565033136779,546.3779999999999,343.0388569408877,317.479
heating_training,E81,5300.0,782.4393570147435,758.789,729.8349023152654,748.1949999999999,652.9201255201488,615.856,734.8251967204872,726.824,661.8537521714459,594.429,630.4601385989239,546.604,343.16679545916384,317.594
heating_training,E81,5350.0,782.5291203198177,760.444,730.0492750287797,748.826,653.2757318912386,616.113,735.0291964692783,727.2860000000001,662.1969446843707,594.6769999999999,630.8638957561728,546.909,343.292415273608,317.77799999999996
heating_training,E81,5400.0,782.6002558393819,762.002,730.2536138228219,749.525,653.6288379191933,616.4459999999999,735.2135326032585,727.881,662.5346466199753,594.999,631.2662261186136,547.2139999999999,343.41595885144636,317.95099999999996
heating_training,E81,5450.0,782.7018016063959,763.06,730.4502182157505,750.4159999999999,653.9733661834115,616.891,735.3891039982411,728.65,662.8518185149723,595.392,631.6595584370945,547.5419999999999,343.5376194773043,318.126
heating_training,E81,5500.0,782.8087197323401,762.1389999999999,730.65151892647,751.1089999999999,654.3128459876754,617.387,735.5891261340367,729.355,663.1665275071356,595.884,632.0472932561635,547.9749999999999,343.657556235883,318.30199999999996
heating_training,E81,5550.0,782.898247270513,760.8409999999999,730.8519445269668,751.035,654.6525648404578,617.7819999999999,735.7869066837294,729.442,663.4899789361829,596.278,632.4351864100308,548.346,343.7758039090229,318.445
heating_training,E81,5600.0,782.9985242809471,759.46,731.0472860725217,750.697,654.9888606888273,618.05,735.9722425643391,729.245,663.8065960050485,596.565,632.8193742055442,548.69,343.89218453479,318.532
heating_training,E81,5650.0,783.0688460841367,759.578,731.2422079152653,750.409,655.3241053158085,618.18,736.1630133017921,729.0139999999999,664.1269072322252,596.752,633.2033465264058,548.968,344.0065304032156,318.623
heating_training,E81,5700.0,783.1641548058409,757.881,731.4273913010612,750.035,655.6538566180799,618.308,736.3296004497114,728.745,664.4333001130476,596.9259999999999,633.5812480533804,549.251,344.1187494031604,318.705
heating_training,E81,5750.0,783.26767950283,757.558,731.6169986571269,749.526,655.9783306998418,618.385,736.5186761488297,728.345,664.7340650058705,597.055,633.9534508844422,549.486,344.2288278460076,318.793
heating_training,E81,5800.0,783.3706102627149,757.999,731.8072496130088,749.2529999999999,656.3020250706749,618.423,736.7086187446805,728.0360000000001,665.0397547688569,597.145,634.3242081654743,549.712,344.33684138652563,318.87899999999996
heating_training,E81,5850.0,783.4861424302144,757.992,731.9981278654091,749.279,656.62386072178,618.521,736.8994965145888,728.006,665.3439293052508,597.29,634.6925504242425,549.935,344.442865226217,319.005
heating_training,E81,5900.0,783.6299815711496,758.816,732.1934431022503,749.431,656.9432157363782,618.633,737.1005889928343,728.108,665.6445374149465,597.424,635.0570438268335,550.125,344.5469803836744,319.09
heating_training,E81,5950.0,783.7738085871312,759.309,732.3978542910877,749.6769999999999,657.264539898825,618.8340000000001,737.321118434752,728.323,665.9549362355922,597.6189999999999,635.4227467838391,550.348,344.6492904261685,319.219
heating_training,E81,5986.0,783.884787341087,760.0609999999999,732.5417275456506,749.902,657.4895443436617,618.9749999999999,737.466695267485,728.5039999999999,666.1655501265909,597.766,635.6779204107003,550.499,344.7219376430676,319.315
cooling_validation,C69,0.0,1060.44694702519,1060.472,1062.428641153348,1070.801,882.8721291869772,896.78,1044.828082760248,1044.384,855.60367107904,852.8969999999999,869.66547345861,769.855,370.9087194332652,344.40299999999996
cooling_validation,C69,50.0,957.5674792607481,811.433,1019.0326738132327,1028.6480000000001,891.7485551394489,894.765,943.192096830986,1015.497,895.2380658530943,852.217,880.5307893715858,770.963,376.9782552422184,344.586
cooling_validation,C69,100.0,854.9529466605647,685.5219999999999,950.4711377741523,914.28,879.8562257952395,876.684,814.7839826568697,918.829,862.1785892814011,840.9209999999999,875.1600948126343,771.962,380.860005358728,344.885
cooling_validation,C69,150.0,764.2261640877689,606.1289999999999,875.1338330099672,801.514,849.5494153404552,828.108,706.2555236167793,816.923,795.1574858100889,806.487,851.4653730358343,762.48,383.4786253622581,345.356
cooling_validation,C69,200.0,687.246394004137,554.2919999999999,802.3380936998751,719.448,809.1804614337725,775.637,624.1549454369687,740.804,724.3798064719508,766.3389999999999,816.511562947645,745.18,385.2025866143453,345.82399999999996
cooling_validation,C69,250.0,623.185345297591,515.413,736.1927700880497,655.578,765.52319365462,726.25,564.13217962472,680.204,662.8281448961909,727.049,777.017805385875,724.1189999999999,386.19445514865913,346.35799999999995
cooling_validation,C69,300.0,570.435424851632,483.679,678.1296875680983,603.103,722.7871193660909,680.6769999999999,520.447405602059,629.606,613.5054568485283,689.6179999999999,737.4125042905272,700.403,386.5426561972005,346.905
cooling_validation,C69,350.0,527.2923755419233,463.109,628.2435924763257,565.727,683.2235602204744,645.232,488.41546332211703,592.5409999999999,575.3687486551034,659.457,700.1894848014322,678.837,386.317614476165,347.33299999999997
cooling_validation,C69,400.0,492.1423187775267,445.575,585.9732543348812,536.664,647.8169664757556,614.728,464.57948973251445,562.71,546.2000815146243,632.443,666.5260069669454,657.4559999999999,385.59093083125566,347.697
cooling_validation,C69,450.0,463.56811004477663,431.586,550.4710277859629,515.05,616.7963854565675,591.529,446.51598305940036,540.171,523.8197516003956,611.2729999999999,636.8024606846366,639.3489999999999,384.4382438988631,347.878
cooling_validation,C69,500.0,440.35970851972303,419.912,520.821293388118,496.741,589.9884792851402,571.729,432.56462614213797,521.248,506.459823869788,592.8679999999999,610.9555895764584,622.719,382.9360716177323,347.921
cooling_validation,C69,550.0,421.50472418549185,408.865,496.13732312122346,481.081,567.0201253110542,553.655,421.5798134017338,504.256,492.78930740741333,575.682,588.6956832012522,606.332,381.15772436899715,347.82599999999996
cooling_validation,C69,600.0,406.1709353807689,399.815,475.61714380438667,468.08299999999997,547.4446195255837,539.019,412.7766095839463,490.504,481.84786107201967,561.403,569.6383488418427,592.262,379.17020332255606,347.628
cooling_validation,C69,650.0,393.68233638765366,392.924,458.5626131072539,457.351,530.810502677148,525.876,405.6154007186561,478.765,472.9573707126493,548.387,553.3800015525617,579.053,377.03247447732804,347.30999999999995
cooling_validation,C69,700.0,383.48312303241534,386.058,444.373553585205,446.9,516.6892813322922,513.2719999999999,399.6983457916141,467.38699999999994,465.61559024717366,535.775,539.5251757082884,566.0609999999999,374.79491327283074,346.84999999999997
cooling_validation,C69,750.0,375.1196795830766,379.91499999999996,432.53580738156177,438.30999999999995,504.6853952356983,502.64799999999997,394.71961135051237,458.03,459.43862646632556,525.019,527.7029827844992,554.573,372.49941167927847,346.36199999999997
cooling_validation,C69,800.0,368.23810914607424,374.657,422.62886140745337,430.441,494.4597977244225,492.86199999999997,390.48548287476416,449.51,454.1783234888603,515.025,517.5978023998103,543.7059999999999,370.1801267799432,345.82399999999996
cooling_validation,C69,850.0,362.5465574131818,368.811,414.3056101927832,421.794,485.72144691879765,482.784,386.8397403330351,440.336,449.6355425620932,504.86199999999997,508.9300513534289,532.574,367.86431234288375,345.2
cooling_validation,C69,900.0,357.8124327889471,365.29699999999997,407.2761324370906,415.676,478.21917497898573,474.13599999999997,383.6591380244506,433.23299999999995,445.659668408831,495.85799999999995,501.46140515256855,522.641,365.5732752163523,344.586
cooling_validation,C69,950.0,353.8463756432763,361.472,401.30379632665625,410.072,471.7417320582174,466.48699999999997,380.8487667824741,426.917,442.13118403739776,487.68399999999997,494.98710426989066,513.4839999999999,363.32336432082445,343.938
cooling_validation,C69,1000.0,350.502099885927,357.68399999999997,396.1966606103717,404.54999999999995,466.1146921885712,458.846,378.3439276756569,420.633,438.97165100715483,479.43399999999997,489.3415924487789,504.23799999999994,361.12673553602235,343.23699999999997
cooling_validation,C69,1050.0,347.65762344885025,354.78299999999996,391.7978890030722,399.90099999999995,461.1915221371604,452.181,376.08527217736804,415.21799999999996,436.1047441960533,472.131,484.3800233981272,496.06899999999996,358.9922391544973,342.54699999999997
cooling_validation,C69,1100.0,345.2236060086146,350.841,387.98403765929373,394.455,456.8572121657553,445.716,374.04589555068276,409.64799999999997,433.50201554997784,465.253,479.9965257302394,488.30999999999995,356.9259702080029,341.84799999999996
cooling_validation,C69,1150.0,343.12325777163045,347.83899999999994,384.6574959572728,389.429,453.01969397627795,438.76599999999996,372.1972207314044,404.037,431.12740793867056,457.91099999999994,476.09933033963284,480.032,354.9318074286498,341.072
cooling_validation,C69,1200.0,341.29262946487694,344.697,381.7327936163099,384.89,449.59749204865494,432.726,370.5036301711926,399.101,428.94295432741177,451.525,472.6104110350708,472.66999999999996,353.01182073267466,340.30699999999996
cooling_validation,C69,1250.0,339.67804451956226,342.038,379.13830067345526,380.294,446.5200157384843,426.43899999999996,368.9311350215052,394.003,426.90624664634754,444.893,469.4585108011014,465.19599999999997,351.1667223709287,339.49699999999996
cooling_validation,C69,1300.0,338.24198297371805,339.731,376.8165824036296,376.70799999999997,443.7296468686573,421.178,367.46247020863467,389.92199999999997,424.99604438055815,439.121,466.58922767663114,458.53499999999997,349.3962203628506,338.764
cooling_validation,C69,1350.0,336.9553994848175,337.58,374.7257965810459,372.868,441.1839839938003,415.495,366.09282354275064,385.524,423.2037832497415,432.91999999999996,463.9612086575311,451.34999999999997,347.69932378249064,337.929
cooling_validation,C69,1400.0,335.7880035888139,335.722,372.82299631368704,369.897,438.8369163779012,410.681,364.78894954151315,381.93399999999997,421.48402296763055,427.561,461.5236156886924,445.062,346.0744827210445,337.176
cooling_validation,C69,1450.0,334.7280546693395,333.90599999999995,371.081320371771,366.977,436.6608327197119,406.37,363.56214309121236,378.58799999999997,419.8545745169224,422.73699999999997,459.25695481986344,439.419,344.51984549330456,336.486
cooling_validation,C69,1500.0,333.7660666194343,331.998,369.4860282986437,363.83399999999995,434.64013617925485,401.98299999999995,362.42143149272374,375.099,418.32035643460426,418.01599999999996,457.14315743423305,434.0,343.0332753586464,335.82899999999995
cooling_validation,C69,1550.0,332.8853102320509,330.48499999999996,368.01548748728004,360.84999999999997,432.7516953305074,397.48799999999994,361.3467553071588,371.683,416.85821171961715,413.129,455.15777459233163,428.36,341.6124785935692,335.143
cooling_validation,C69,1600.0,332.07662505617094,329.365,366.65389938227366,358.83,430.9798007338536,393.83099999999996,360.3346970140577,369.10699999999997,415.46843833179463,408.98799999999994,453.2879894154361,423.383,340.2549616741761,334.471
cooling_validation,C69,1650.0,331.3277916364881,327.83,365.3865704845686,356.436,429.30850852562213,390.133,359.3726086370372,366.32899999999995,414.133251003384,404.782,451.5148365542815,418.42699999999996,338.9581846406556,333.772
cooling_validation,C69,1700.0,330.6345516678723,326.51099999999997,364.2031635519991,353.98499999999996,427.7280594397542,386.563,358.4636048097085,363.47299999999996,412.86179468943476,400.815,449.83323770587623,413.86,337.7195351786066,333.118
cooling_validation,C69,1750.0,329.9934107750245,325.371,363.0996991514027,351.893,426.2348968486982,383.205,357.61385356577546,360.996,411.65972532001666,397.067,448.2389724689524,409.474,336.5364190072099,332.479
cooling_validation,C69,1800.0,329.3964380527518,323.875,362.06606434377204,349.58799999999997,424.8180840049546,379.825,356.8083327147036,358.41099999999994,410.50819916548926,393.25,446.71927302958784,405.057,335.40625436927155,331.82
cooling_validation,C69,1850.0,328.83934460519913,322.782,361.0945962665767,347.49199999999996,423.46972098516346,376.64599999999996,356.043886011134,356.00699999999995,409.4055537303663,389.70799999999997,445.26819710946756,400.99199999999996,334.3265791592084,331.2
cooling_validation,C69,1900.0,328.31562945632203,321.29699999999997,360.1776990126824,344.885,422.18121350109715,372.836,355.3114310986579,353.164,408.3385474812902,385.577,443.8747721848212,395.977,333.294960282139,330.498
cooling_validation,C69,1950.0,327.82429257474763,320.30999999999995,359.31058952524126,342.907,420.94807926294,369.923,354.6142598980779,350.837,407.3147882736489,382.28599999999994,442.53789042751197,392.49,332.30904395683905,329.887
cooling_validation,C69,2000.0,327.36529110780896,319.34799999999996,358.49371153200434,341.30699999999996,419.77146498522563,367.25899999999996,353.96090775254316,348.937,406.344038027094,379.21299999999997,441.2590288937284,388.916,331.3665939999387,329.301
cooling_validation,C69,2050.0,326.9296615724935,318.37,357.71801582345665,339.67499999999995,418.64139200190533,364.673,353.3284997027029,347.056,405.39607249062,376.312,440.02338231329617,385.53,330.46542933418095,328.714
cooling_validation,C69,2100.0,326.51707100139885,317.424,356.9778897524684,337.76199999999994,417.55334487734143,361.878,352.7182577291037,344.99699999999996,404.4792720198893,373.207,438.8318110180863,381.981,329.60349335859854,328.102
cooling_validation,C69,2150.0,326.1289605243553,316.52299999999997,356.27670584585184,335.99199999999996,416.51162200348057,359.346,352.145306026854,343.091,403.6103836181346,370.383,437.68899012560763,378.78499999999997,328.77883606654615,327.553
cooling_validation,C69,2200.0,325.7592451717233,315.912,355.6082571911846,334.604,415.50847172984186,356.97299999999996,351.591701435305,341.40999999999997,402.76364923519725,367.67199999999997,436.5828370910181,375.68399999999997,327.98955547600144,327.003
cooling_validation,C69,2250.0,325.4054382566294,315.308,354.9669418946993,333.347,414.53744807997924,354.70399999999995,351.0531893764331,339.871,401.93647091870355,365.038,435.50947185586136,372.601,327.23386792649944,326.421
cooling_validation,C69,2300.0,325.06874877277266,314.66299999999995,354.3532411581374,332.179,413.59912156007135,352.71,350.53755697543704,338.481,401.1377307538445,362.712,434.46988003242456,369.91999999999996,326.51006083614544,325.893
cooling_validation,C69,2350.0,324.74710817560083,313.865,353.7648395996706,330.697,412.69025089433364,350.65599999999995,350.04021297043903,336.933,400.35969416242216,360.40599999999995,433.45910451636,367.275,325.81653778023644,325.385
cooling_validation,C69,2400.0,324.4421805035667,313.27099999999996,353.20237445925585,329.58099999999996,411.81241918789704,348.734,349.5687883673102,335.606,399.6159157803535,358.159,432.48238269138193,364.671,325.1517691441544,324.861
cooling_validation,C69,2450.0,324.153694698307,312.606,352.6664283186203,328.30699999999996,410.9658020279897,346.711,349.12198273250704,334.123,398.9008149110146,355.85299999999995,431.5368599212042,362.04999999999995,324.5142896514712,324.31399999999996
cooling_validation,C69,2483.0,323.975809471956,312.268,352.3359594045142,327.582,410.4398707798988,345.55899999999997,348.85630591166006,333.303,398.47291511755895,354.515,430.94753175757376,360.51599999999996,324.1078301700435,323.99
cooling_validation,C80,0.0,710.97849290294,710.9749999999999,728.3650612702235,735.393,618.7004942699341,626.529,713.4275206693515,713.218,603.1255134338259,601.828,611.5245946455613,561.342,331.9938907041669,316.166
cooling_validation,C80,50.0,671.0012011770337,627.64,707.7149461449785,719.223,624.7020167790204,625.0039999999999,671.620376787162,703.8340000000001,627.7594169085877,601.4079999999999,618.0143799418303,561.146,335.9328163388915,316.289
cooling_validation,C80,100.0,628.0273416896755,569.299,678.2454017752028,676.527,623.2362686293819,617.6189999999999,620.6015133509716,669.969,622.7738773332618,596.656,618.9551317601547,560.818,338.45052544824125,316.43699999999995
cooling_validation,C80,150.0,587.786655489819,531.454,645.7671100593093,634.1610000000001,614.3119260410032,602.0799999999999,574.8568012970046,632.938,601.4025927927627,585.287,612.7307159344416,557.1569999999999,340.13335094323764,316.589
cooling_validation,C80,200.0,551.9035599214791,503.275,613.4310954044192,598.239,600.3269862827236,583.8969999999999,537.1686174147942,600.17,574.70202841407,571.087,601.2047012313852,551.011,341.2634194064864,316.755
cooling_validation,C80,250.0,520.644048684127,478.811,582.8981611707363,566.075,583.6232411519978,565.06,506.93785162445624,570.203,548.5094719911227,555.827,586.588997548848,543.1659999999999,341.9900059024822,316.92499999999995
cooling_validation,C80,300.0,493.7391776880475,460.664,554.9605760861367,540.817,565.939105066895,548.828,482.78539668929375,546.2629999999999,525.1759474683391,542.387,570.6286237047423,535.428,342.39802231267095,317.097
cooling_validation,C80,350.0,470.73960641406063,446.49299999999994,529.9028494039903,520.172,548.4146298338648,534.2149999999999,463.3759970034135,526.275,505.2609281781926,530.028,554.5104996103349,527.607,342.54114895230083,317.24699999999996
cooling_validation,C80,400.0,451.16855227973366,432.82099999999997,507.7324632749666,501.64799999999997,531.7388436564372,520.489,447.6507329114409,508.211,488.5754979800786,518.175,538.975974289651,519.442,342.4581688871299,317.416
cooling_validation,C80,450.0,434.55660359900014,421.538,488.3017872792796,486.46,516.2871372956168,508.96799999999996,434.79259599260035,493.384,474.67824204141385,508.08299999999997,524.4472498505753,512.075,342.1807895184137,317.55199999999996
cooling_validation,C80,500.0,420.47485431672555,412.74199999999996,471.3810372487,473.381,502.2248616756671,498.467,424.1771278770126,480.41999999999996,463.0917998160264,498.804,511.1308020095113,504.92699999999996,341.737223788243,317.65099999999995
cooling_validation,C80,550.0,408.53299549564235,405.37399999999997,456.705739079602,462.432,489.58316249349286,489.07599999999996,415.32187298781497,469.34399999999994,453.3804293234877,490.35699999999997,499.0907358360581,498.081,341.15339239173704,317.74399999999997
cooling_validation,C80,600.0,398.39306295589824,397.83799999999997,444.0036769634648,452.359,478.3099801429846,480.2,407.85443866584205,459.144,445.17598954084724,482.22299999999996,488.30315082920026,491.178,340.4533092634574,317.80199999999996
cooling_validation,C80,650.0,389.7774642253313,391.753,433.02356794658147,443.67499999999995,468.3137673668472,472.524,401.51278670241436,450.39,438.1968159850376,475.169,478.69951108277513,485.01,339.65902360594623,317.849
cooling_validation,C80,700.0,382.441349982618,386.063,423.53506735508006,435.756,459.4828197568509,465.327,396.08746453721835,442.381,432.21652927470245,468.496,470.18496716589794,479.01599999999996,338.79050877145767,317.85299999999995
cooling_validation,C80,750.0,376.1777156552609,380.053,415.32750226676893,427.995,451.69570372550334,458.115,391.4061305631789,434.52799999999996,427.0511437873636,461.748,462.6531887907851,472.81499999999994,337.8655457268276,317.81199999999995
cooling_validation,C80,800.0,370.809316909772,375.93899999999996,408.2148151431553,421.64,444.83162887583524,451.822,387.3314448329208,427.942,422.5506120913396,455.81899999999996,455.9943259119111,467.236,336.8997347692664,317.769
cooling_validation,C80,850.0,366.19055233988377,372.227,402.03378251744005,416.051,438.7754453333793,446.12,383.75445038435976,422.14599999999996,418.5955373987888,450.318,450.1031240009325,461.92099999999994,335.90661684322225,317.71
cooling_validation,C80,900.0,362.2065257085865,368.49199999999996,396.6494164759629,410.726,433.42564467731415,440.43499999999995,380.60318291520326,416.53499999999997,415.1013287075684,444.80899999999997,444.885997612037,456.46799999999996,334.89776746873923,317.62
cooling_validation,C80,950.0,358.7569103367526,364.98499999999996,391.94598087739075,406.207,428.6915240701827,435.51599999999996,377.81318676710987,411.758,411.9963118182902,440.019,440.2573712191026,451.647,333.88297076556097,317.527
cooling_validation,C80,1000.0,355.75586151705414,361.93399999999997,387.82179039904787,401.717,424.4907243072507,430.784,375.3248786008032,407.116,409.2179194734863,435.393,436.1398754949537,446.97499999999997,332.8703842416162,317.423
cooling_validation,C80,1050.0,353.13824105569154,358.828,384.19367438972523,397.33099999999996,420.75323428297,425.94899999999996,373.09992405835237,402.519,406.7223975545513,430.609,432.4680159044102,442.09,331.86668582057086,317.28799999999995
cooling_validation,C80,1100.0,350.8421687701912,356.325,380.9897919495643,393.43399999999997,417.41714120178267,421.639,371.09849574264445,398.423,404.46675598696834,426.34799999999996,429.18185721172506,437.702,330.8772846982158,317.152
cooling_validation,C80,1150.0,348.8148496140076,353.599,378.14502036821784,389.95599999999996,414.42567996796527,417.586,369.27971037474407,394.74699999999996,402.41035374541184,422.316,426.22749080888514,433.471,329.90646274375587,317.003
cooling_validation,C80,1200.0,347.0141455159355,351.32899999999995,375.6055281763413,386.373,411.7301206899729,413.60299999999995,367.6158027129396,391.025,400.52209930125053,418.389,423.55827957742963,429.371,328.95754949879745,316.84799999999996
cooling_validation,C80,1250.0,345.40254539989036,348.95899999999995,373.3249516639752,382.823,409.2879155018879,409.48799999999994,366.0813101774588,387.33,398.7746206492144,414.30999999999995,421.13303178323423,425.075,328.0330760636226,316.655
cooling_validation,C80,1300.0,343.9554334252914,347.08299999999997,371.2665254963294,379.93499999999995,407.064601615964,405.88,364.6636916295316,384.179,397.1531880317616,410.688,418.9197519472279,421.21899999999994,327.1348659240549,316.48199999999997
cooling_validation,C80,1350.0,342.65629126305544,345.08,369.4048887848574,377.063,405.0352865562786,402.496,363.3633539216942,381.193,395.65407875435824,407.25199999999995,416.8948896629428,417.537,326.26422756545924,316.304
cooling_validation,C80,1400.0,341.48404533088717,342.78,367.71620274942927,373.953,403.1775130518671,398.895,362.1674014053153,377.986,394.26466361732935,403.663,415.0359061917161,413.69399999999996,325.4220055334689,316.09499999999997
cooling_validation,C80,1450.0,340.4155167805047,341.05699999999996,366.17424571814456,371.267,401.467211428265,395.604,361.0508417518105,375.155,392.96238706718304,400.352,413.3189838210518,410.169,324.608605480538,315.89
cooling_validation,C80,1500.0,339.43341649439435,339.303,364.75644305978363,368.671,399.88307469585425,392.472,359.99831721353087,372.486,391.7321534531045,397.18499999999995,411.7241501251711,406.73799999999994,323.8240867268458,315.66999999999996
cooling_validation,C80,1550.0,338.52812389660426,337.721,363.4474571266208,366.22799999999995,398.4099589022137,389.452,359.0081708840458,369.909,390.57059281095286,394.099,410.23750667978317,403.43899999999996,323.06820314978495,315.44599999999997
cooling_validation,C80,1600.0,337.68551176978656,335.717,362.2327331034311,363.53,397.0337582498003,386.306,358.07047969044015,367.20799999999997,389.46723735413195,390.929,408.84434840131786,400.015,322.3404810229162,315.188
cooling_validation,C80,1650.0,336.8943241634515,333.995,361.09736872573626,360.866,395.7405594159269,383.311,357.173484431907,364.539,388.41187655774223,387.957,407.53182273886125,396.841,321.64023092670124,314.918
cooling_validation,C80,1700.0,336.15375598468046,332.465,360.03466947974226,358.52099999999996,394.52315594181465,380.41099999999994,356.3247774775037,362.091,387.4100214222319,385.058,406.2943821226136,393.722,320.96664205582346,314.62699999999995
cooling_validation,C80,1750.0,335.45483550256324,330.808,359.0365091470957,355.96299999999997,393.3729043065948,377.41099999999994,355.5159918854997,359.48199999999997,386.4509363326584,382.046,405.1211967086707,390.49699999999996,320.31884414084664,314.323
cooling_validation,C80,1800.0,334.79398991153323,329.42499999999995,358.0929850816902,353.91099999999994,392.27974626583034,374.796,354.738197223585,357.303,385.52595747674627,379.356,404.0035804796738,387.567,319.6960369952709,314.072
cooling_validation,C80,1850.0,334.168818911217,328.25899999999996,357.199622370906,351.913,391.23778514754724,372.24,353.99364721945574,355.187,384.6339654348873,376.76,402.93521252488955,384.755,319.09749495508595,313.84999999999997
cooling_validation,C80,1900.0,333.57821646756406,326.89,356.35243558014963,349.913,390.2426682943401,369.854,353.2827337716273,353.15599999999995,383.77587836596393,374.28,401.9123593588673,382.042,318.5224350136033,313.631
cooling_validation,C80,1950.0,333.02167460964995,326.012,355.5491321773488,348.195,389.2913880418295,367.37,352.60667681797815,351.227,382.9518241237855,371.74899999999997,400.9317740240804,379.24899999999997,317.9700908318432,313.392
cooling_validation,C80,2000.0,332.4949870561851,324.606,354.7856672591751,346.328,388.3797275059105,365.16999999999996,351.9600407500563,349.35299999999995,382.1566797443779,369.44399999999996,399.9888218108901,376.739,317.439722070088,313.173
cooling_validation,C80,2050.0,331.9935314491975,323.74399999999997,354.0570471757683,344.71299999999997,387.5031290671116,362.942,351.33650344292823,347.57,381.3857536469113,367.162,399.07925631749697,374.26199999999994,316.9305479547945,312.96299999999997
cooling_validation,C80,2100.0,331.51982609103055,322.90799999999996,353.3627495551642,343.179,386.66103018263846,360.852,350.7428511965004,345.95399999999995,380.6460754332795,364.99899999999997,398.2039571293624,371.87699999999995,316.4417471485458,312.748
cooling_validation,C80,2150.0,331.07908423003846,322.02799999999996,352.7068872589797,341.68199999999996,385.85694730280994,358.77799999999996,350.1920934107063,344.33799999999997,379.94930298013855,362.82,397.36683248020375,369.448,315.9724973275134,312.522
cooling_validation,C80,2200.0,330.65969991199273,321.18199999999996,352.08373303970757,340.299,385.08557927959197,356.916,349.66370150572055,342.87399999999997,379.2748739208949,360.86899999999997,396.5592081132445,367.28299999999996,315.5220226003149,312.32599999999996
cooling_validation,C80,2250.0,330.2628219397399,320.503,351.4886169307582,339.018,384.3433089355118,355.101,349.1558516211499,341.48299999999995,378.6250087692199,358.984,395.78132114231767,365.168,315.0895680045494,312.09999999999997
cooling_validation,C80,2300.0,329.89001961075274,319.48199999999997,350.92421256797775,337.38199999999995,383.6318956830118,352.929,348.6780680815994,339.77099999999996,378.00533490593466,356.70399999999995,395.0335954454047,362.644,314.6743412787183,311.84
cooling_validation,C80,2350.0,329.53577369950585,318.655,350.3862403999611,336.07399999999996,382.94755008203754,351.212,348.21922495163386,338.416,377.4059424676577,354.913,394.31153171839463,360.664,314.2756074327069,311.63199999999995
cooling_validation,C80,2400.0,329.19891932866636,317.941,349.87186348812924,334.839,382.2877531448325,349.52,347.77760199647145,337.109,376.82607406427303,353.187,393.6138127092284,358.73499999999996,313.8926874526009,311.417
cooling_validation,C80,2450.0,328.8755268888076,317.294,349.3784204351038,333.671,381.6497269849117,347.89799999999997,347.34904582915954,335.87399999999997,376.26031846687687,351.46799999999996,392.9364890622237,356.85299999999995,313.52486445034253,311.217
cooling_validation,C80,2500.0,328.56529247045563,316.604,348.9029106478755,332.45099999999996,381.03066883490266,346.241,346.93166464761464,334.60299999999995,375.70763225639024,349.72499999999997,392.27790668270416,354.91999999999996,313.17146520565444,310.99699999999996
cooling_validation,C80,2550.0,328.2694311683993,316.001,348.4461216372751,331.363,380.43081501611545,344.746,346.5312282031793,333.453,375.1722304497965,348.16499999999996,391.63827589136207,353.19899999999996,312.8318811342572,310.782
cooling_validation,C80,2600.0,327.98829064688175,315.135,348.0084023532228,330.159,379.8505963820063,343.25399999999996,346.14959146933234,332.256,374.65657972125285,346.61199999999997,391.0182200200835,351.45899999999995,312.50551031441796,310.587
cooling_validation,C80,2650.0,327.71589306889416,314.568,347.58587668049955,329.042,379.28628366298534,341.75899999999996,345.77559526843214,331.097,374.1491679796232,345.08299999999997,390.4123685636008,349.774,312.1917595052348,310.39099999999996
cooling_validation,C80,2700.0,327.4564462308379,314.046,347.17820339403977,327.966,378.73771897024244,340.272,345.4153508849512,329.93699999999995,373.65771274576855,343.49899999999997,389.82340632213976,348.04499999999996,311.8900978009556,310.183
cooling_validation,C80,2750.0,327.210215071816,313.30699999999996,346.78804266753275,326.92699999999996,378.20686036254585,338.929,345.0743433483954,328.868,373.1849881956741,342.077,389.2515214107946,346.486,311.5999964700354,309.99
cooling_validation,C80,2800.0,326.972480955753,312.782,346.4115534015267,325.897,377.690557008264,337.57899999999995,344.7416603228035,327.784,372.7221561343568,340.692,388.69339140272467,344.95899999999995,311.3209481470187,309.792
cooling_validation,C80,2850.0,326.74309558012936,312.28799999999995,346.0472688042076,324.967,377.1875718445493,336.21299999999997,344.417602107129,326.78999999999996,372.2701185289442,339.269,388.14874400520034,343.392,311.05242486280696,309.59
cooling_validation,C80,2900.0,326.5209388898825,311.893,345.6941143661785,324.159,376.6965240613678,335.05999999999995,344.10070234559623,325.923,371.8258177970595,338.03499999999997,387.61536860821275,342.01199999999994,310.793948563884,309.412
cooling_validation,C80,2950.0,326.30311343160855,311.393,345.3491819615388,323.381,376.2145374121618,333.947,343.78593524753273,325.075,371.38445419903735,336.84499999999997,387.09032088976346,340.664,310.5450936236761,309.212
cooling_validation,C80,3000.0,326.093644352203,310.88399999999996,345.01387205952443,322.496,375.742988030564,332.75199999999995,343.48178324721613,324.15599999999995,370.955198878277,335.568,386.57672962252394,339.265,310.30543232712694,309.02
cooling_validation,C80,3050.0,325.89336396493985,310.44399999999996,344.69102609999743,321.654,375.2844064945574,331.621,343.19363073130415,323.311,370.54223140047304,334.394,386.076111147751,337.993,310.0745325095186,308.83099999999996
cooling_validation,C80,3100.0,325.6970250689168,310.029,344.37681842091945,320.88599999999997,374.83547016041865,330.56199999999995,342.90879430940754,322.49899999999997,370.1338088798826,333.293,385.5840355023244,336.75399999999996,309.85196221642445,308.65
cooling_validation,C80,3150.0,325.5037893239749,309.543,344.0688599075583,320.08799999999997,374.3940864929009,329.453,342.6256263383292,321.66499999999996,369.7293564010561,332.135,385.09981219940926,335.46099999999996,309.63733630119634,308.457
cooling_validation,C80,3200.0,325.3144700613222,308.921,343.7685354172151,319.155,373.9617544478625,328.409,342.35035448844906,320.81199999999995,369.3350920238796,331.05199999999996,384.6252481336042,334.30199999999996,309.4302220600631,308.25699999999995
cooling_validation,C80,3250.0,325.12332562994237,308.436,343.4730368401726,318.26099999999997,373.5362869319958,327.33299999999997,342.074458824463,319.93399999999997,368.94308112816856,329.96299999999997,384.1568561893565,333.133,309.2301213800288,308.054
cooling_validation,C80,3300.0,324.92926106066517,307.953,343.1795106613267,317.47799999999995,373.1155590109456,326.26,341.7952398870326,319.115,368.5523912016476,328.82899999999995,383.69401528177167,331.90599999999995,309.0365153096919,307.813
cooling_validation,C80,3350.0,324.7320858766368,307.48299999999995,342.8886101866645,316.625,372.70022098821664,325.222,341.517190511854,318.251,368.16654187181,327.789,383.23729024860694,330.789,308.84887409632097,307.55699999999996
cooling_validation,C80,3400.0,324.52959527471444,306.905,342.5983419019097,315.774,372.2885143806265,324.234,341.2355162984351,317.40999999999997,367.780568526788,326.75699999999995,382.78430890492797,329.681,308.66667194033494,307.30699999999996
cooling_validation,C80,3450.0,324.3213806466616,306.47799999999995,342.3059073067089,315.006,371.8770736613044,323.212,340.9456104266709,316.633,367.38798740418383,325.70399999999995,382.3314832137734,328.537,308.48946416566577,307.05199999999996
cooling_validation,C80,3500.0,324.11006435407893,306.27599999999995,342.0107567168148,314.429,371.4639971467114,322.35799999999995,340.6497318975429,316.00399999999996,366.98812906617985,324.78499999999997,381.87686431518586,327.50899999999996,308.3169907421318,306.85799999999995
cooling_validation,C80,3550.0,323.90554783957845,305.96999999999997,341.71825192097947,313.89099999999996,371.05320963068044,321.602,340.3645828004447,315.42699999999996,366.59626597748434,323.974,381.42589093501755,326.577,308.1491409059938,306.691
cooling_validation,C80,3600.0,323.70673744744505,305.748,341.4317545734849,313.394,370.64736898597516,320.775,340.0915448007223,314.82099999999997,366.2128686389962,323.09799999999996,380.9789135930688,325.62,307.9858301928343,306.49699999999996
cooling_validation,C80,3650.0,323.5108761927952,305.55699999999996,341.14822140961513,312.967,370.2442342572394,320.115,339.8196435892466,314.376,365.83035659596095,322.35799999999995,380.53398892313777,324.75699999999995,307.82691354907456,306.341
cooling_validation,C80,3682.0,323.39671747929185,305.84999999999997,340.9778219082134,313.269,370.00036674762805,320.183,339.66975812527835,314.292,365.6165458769225,322.157,380.265843567032,324.48199999999997,307.727462123367,306.22999999999996
cooling_validation,C81,0.0,760.190996580599,760.24,743.4450111903345,750.2529999999999,612.3968994156229,619.1189999999999,729.2159660521215,728.7719999999999,599.0384324378522,597.909,606.4363083125309,550.641,335.561383100131,319.387
cooling_validation,C81,50.0,721.822325308046,678.7049999999999,726.3923284019205,737.98,621.014480592514,617.7570000000001,696.6814858950639,721.62,629.0094308673092,597.634,614.1006967239913,550.2,339.4923406434142,319.51
cooling_validation,C81,100.0,679.7882329728776,622.566,702.0482355444498,705.432,624.4944050381165,613.462,655.237367143915,695.555,633.8120353168323,594.818,618.7237644235308,550.337,341.9991716133866,319.642
cooling_validation,C81,150.0,639.8321717078153,582.219,674.6980910803786,669.076,621.6587382327516,602.9559999999999,616.3495662644777,663.66,622.3253951553646,586.963,617.7363192008842,548.4739999999999,343.67647147500895,319.80199999999996
cooling_validation,C81,200.0,603.7389290193141,552.7529999999999,646.8317701956474,638.784,613.8203967029506,590.943,582.8237895658754,636.1679999999999,603.5037107845715,577.385,611.8670521559961,545.15,344.8069431960971,319.90299999999996
cooling_validation,C81,250.0,571.8817398950375,527.958,619.884599284446,611.6320000000001,602.6789753208328,578.476,554.7253858827709,611.1610000000001,582.796092443383,567.122,602.5843460005431,540.913,345.5410039456671,319.98299999999995
cooling_validation,C81,300.0,544.0810325108589,506.342,594.6223039195901,586.412,589.6839214178616,565.595,531.2993249812774,587.5409999999999,562.8902592102357,556.322,591.2585260397307,535.842,345.9649213022402,320.03999999999996
cooling_validation,C81,350.0,519.9540571818821,489.049,571.4068056007002,565.962,575.9086422248945,554.1679999999999,511.69618858728455,568.093,544.8601262319464,546.614,578.9465812299945,530.767,346.13300470694844,320.049
cooling_validation,C81,400.0,499.0472392369717,474.054,550.344726870807,548.01,562.0841420000875,543.6089999999999,495.1497914531092,550.9269999999999,528.9567142120401,537.495,566.3888734447344,525.593,346.0835786776175,320.03499999999997
cooling_validation,C81,450.0,480.9639862049592,461.173,531.4056706570054,531.487,548.6802073075435,533.078,481.0753089323572,534.842,515.0829374298957,528.283,554.0750780269293,519.973,345.8469548629248,320.03799999999995
cooling_validation,C81,500.0,465.33423971019135,449.318,514.4925188764433,517.89,535.9862942123647,524.095,469.0428771950061,521.655,503.0312680114927,520.324,542.3137293634433,514.769,345.4493006398394,320.053
cooling_validation,C81,550.0,451.8223730928491,439.47499999999997,499.4584795211791,505.628,524.1610101688325,515.746,458.6954391904435,509.628,492.5640052359615,512.847,531.2840039749094,509.667,344.91429437086333,320.04999999999995
cooling_validation,C81,600.0,440.1119645633329,429.71999999999997,486.13048956835166,493.783,513.2702703527286,507.35699999999997,449.73046256888284,498.00199999999995,483.44414265534596,505.312,521.0698945100058,504.235,344.26371040777406,320.037
cooling_validation,C81,650.0,429.94887020133103,421.48699999999997,474.3300708249979,483.68999999999994,503.3189937527469,499.965,441.91165421497925,488.039,475.4634348239801,498.62699999999995,511.69543079313587,499.227,343.51740419516466,319.99699999999996
cooling_validation,C81,700.0,421.10633662931576,413.955,463.8902355553049,473.97299999999996,494.2772435288382,492.53099999999995,435.05953630664095,478.36299999999994,468.447978003605,491.811,503.14416284958327,493.956,342.69350477352975,319.931
cooling_validation,C81,750.0,413.3957615228224,407.081,454.6513878305245,465.69499999999994,486.09221746741366,485.99399999999997,429.0218018147305,470.11699999999996,462.2519433953455,485.783,495.3773193795712,489.08899999999994,341.8083762010399,319.82899999999995
cooling_validation,C81,800.0,406.64142491855455,401.109,446.4658122333975,457.779,478.69807387767617,479.772,423.66648317903264,462.24699999999996,456.7472176583008,480.04699999999997,488.3384966968902,484.364,340.87655644846984,319.71099999999996
cooling_validation,C81,850.0,400.70252420080516,396.0,439.1963169892054,450.634,472.02154385319307,473.455,418.880866388461,454.89799999999997,451.8248556199371,474.149,481.96545117456753,479.35299999999995,339.9108326863668,319.58399999999995
cooling_validation,C81,900.0,395.46608286101815,391.561,432.7285418396077,444.707,465.99301849544423,468.042,414.59201520084144,448.788,447.4035721359405,469.032,476.19630429240533,474.842,338.9223174909704,319.447
cooling_validation,C81,950.0,390.81917881394276,386.90099999999995,426.95580202474105,438.631,460.5429672146954,462.568,410.71861632163143,442.575,443.4057117927859,463.83,470.9667466604946,470.162,337.92053657084716,319.268
cooling_validation,C81,1000.0,386.69245084015427,382.31899999999996,421.7889644785544,433.11699999999996,455.6087032129924,457.639,407.21245429263956,437.053,439.77882159865334,459.14,466.2228344981624,465.88699999999994,336.91354273173977,319.085
cooling_validation,C81,1050.0,383.02256711413236,378.34999999999997,417.16034337302716,427.83899999999994,451.13894170900096,452.84,404.0487677239754,431.71399999999994,436.48765022773915,454.553,461.915902264122,461.667,335.9081111972798,318.88399999999996
cooling_validation,C81,1100.0,379.72939991659723,374.751,412.9965636869695,422.549,447.0798763927798,447.79699999999997,401.1618674150064,426.298,433.47887309440466,449.74299999999994,457.99436923301965,457.18999999999994,334.9098554123534,318.66499999999996
cooling_validation,C81,1150.0,376.764481738598,371.49399999999997,409.23341947012756,418.18499999999995,443.38144781900996,443.417,398.50869411044266,421.779,430.71179794870017,445.46999999999997,454.41447755097164,453.13199999999995,333.92331050787357,318.43199999999996
cooling_validation,C81,1200.0,374.09106328222936,368.21,405.8251045783529,413.977,440.0040918890398,439.253,396.0758400188857,417.46999999999997,428.163080062873,441.43499999999995,451.1384931793469,449.231,332.9521462751436,318.222
cooling_validation,C81,1250.0,371.667637860511,365.58,402.7277755219436,409.65599999999995,436.9114944256623,434.865,393.83513360727284,413.014,425.8069307820943,437.144,448.1319191035321,445.091,331.9993399954029,317.94599999999997
cooling_validation,C81,1300.0,369.46203293980284,362.63199999999995,399.90203192179536,406.009,434.0706170652271,430.99299999999994,391.76080667409025,409.229,423.61970821933636,433.327,445.36421763879935,441.322,331.06707390757754,317.692
cooling_validation,C81,1350.0,367.44778029660426,359.976,397.3157114691249,402.282,431.45298402280787,427.212,389.8363359765308,405.472,421.58279572615754,429.633,442.80849569968115,437.654,330.1570692408437,317.43899999999996
cooling_validation,C81,1400.0,365.5952357021996,357.23499999999996,394.9377172563111,398.78499999999997,429.03162085433473,423.55999999999995,388.0375770550975,401.90299999999996,419.6741378058294,426.044,440.438332611084,434.06499999999994,329.2705712832052,317.179
cooling_validation,C81,1450.0,363.89263560961854,354.7,392.74440250632995,394.93399999999997,426.78498575946713,419.683,386.3574019540703,398.065,417.88482423965854,422.24299999999994,438.23564058382317,430.304,328.40840815659504,316.89
cooling_validation,C81,1500.0,362.3229888497584,352.405,390.71840475888365,391.75899999999996,424.69607582849875,416.206,384.79081379511166,394.836,416.20601698390266,418.81399999999996,436.1824113572867,426.847,327.57109743687346,316.618
cooling_validation,C81,1550.0,360.87096836756086,350.02,388.84021297366627,388.52599999999995,422.7478511974311,412.823,383.32218991382143,391.60999999999996,414.6256485178022,415.46799999999996,434.26329876868726,423.481,326.75893326503876,316.34299999999996
cooling_validation,C81,1600.0,359.5165365507239,347.719,387.09131446768237,385.145,420.92369245552754,409.25699999999995,381.93426775339793,388.166,413.12776101226245,411.96399999999994,432.4611006257225,419.942,325.97196856986534,316.04499999999996
cooling_validation,C81,1650.0,358.2573393323162,345.75199999999995,385.4581242832148,382.269,419.21077141800384,406.049,380.6244701578488,385.20899999999995,411.70865600461434,408.79499999999996,430.76622953169425,416.72499999999997,325.21006154276347,315.78799999999995
cooling_validation,C81,1700.0,357.0836183737839,343.907,383.93263214030736,379.37,417.6001147555488,402.91999999999996,379.3938150866611,382.255,410.3650602919753,405.71999999999997,429.16817374264434,413.57399999999996,324.47297225347785,315.5
cooling_validation,C81,1750.0,355.98475345846725,342.154,382.5025381638896,376.60799999999995,416.0813900418512,399.71399999999994,378.22918638003586,379.346,409.08853977408074,402.51,427.6577754680304,410.29699999999997,323.7602960356736,315.207
cooling_validation,C81,1800.0,354.9502936825532,340.211,381.1571482606836,374.07399999999996,414.64472074240314,396.82,377.121032492307,376.755,407.86966503301466,399.647,426.22499680483776,407.29599999999994,323.0715136201601,314.916
cooling_validation,C81,1850.0,353.9753469870272,338.52099999999996,379.8873837207087,371.37,413.2816493166224,393.794,376.0642754729667,374.048,406.70343284242375,396.631,424.86272328444295,404.202,322.4060389335068,314.63199999999995
cooling_validation,C81,1900.0,353.0556331794365,336.74699999999996,378.68748317226175,368.519,411.98597722233933,390.601,375.05867309266745,371.14599999999996,405.5873271746418,393.46299999999997,423.56460272075384,400.913,321.7632607371503,314.32
cooling_validation,C81,1950.0,352.1914900372742,335.47499999999997,377.5536917235021,366.29999999999995,410.7537212299834,387.92699999999996,374.10672814077935,368.82599999999996,404.52323332762955,390.787,422.3278816084284,398.097,321.1425311212598,314.032
cooling_validation,C81,2000.0,351.372632335376,333.88,376.48044728876795,364.157,409.5797028283718,385.34799999999996,373.20041428908365,366.639,403.5039688419235,388.17199999999997,421.1455740797635,395.359,320.54315672399105,313.768
cooling_validation,C81,2050.0,350.59371243011947,332.517,375.45935488767833,361.799,408.4572288465656,382.614,372.328688516555,364.23199999999997,402.5223337623792,385.45099999999996,420.012703851845,392.518,319.9644072634351,313.45799999999997
cooling_validation,C81,2100.0,349.8632345480366,331.58799999999997,374.4916398883277,360.07399999999996,407.3857502596058,380.71399999999994,371.5062108083615,362.11199999999997,401.58726617113683,382.971,418.93037146405493,389.678,319.4055628024571,313.159
cooling_validation,C81,2150.0,349.1644898397679,330.561,373.5717360134461,358.49,406.3602829090427,378.06899999999996,370.7181087911342,360.601,400.6856788426773,380.793,417.8892259794318,387.41999999999996,318.8659251018572,312.88199999999995
cooling_validation,C81,2200.0,348.4913104958614,329.30499999999995,372.68800993060034,356.38699999999994,405.3720314182169,375.65299999999996,369.9455026464219,358.519,399.80551620330556,378.35499999999996,416.8838565510395,384.84499999999997,318.3448088912208,312.58799999999997
cooling_validation,C81,2250.0,347.8515074568494,328.40099999999995,371.841635864735,354.827,404.41984690436516,373.49199999999996,369.20413201569204,356.82599999999996,398.95448970966123,376.179,415.9138395366756,382.498,317.8415686559902,312.322
cooling_validation,C81,2300.0,347.2431171592617,327.469,371.03304584512927,353.14799999999997,403.503220899855,371.418,368.4975731531832,355.05699999999996,398.1347428254199,374.058,414.9773665078902,380.246,317.3556076513249,312.061
cooling_validation,C81,2350.0,346.665672723348,326.24699999999996,370.2603881240571,351.354,402.62093496159173,369.22799999999995,367.8234808571388,353.236,397.34669699088613,371.84,414.0741976404271,377.88199999999995,316.8863165830294,311.768
cooling_validation,C81,2400.0,346.1123764330433,325.056,369.5207878839579,349.539,401.7706426387639,367.173,367.1757683522609,351.44899999999996,396.5853221595937,369.78599999999994,413.20086903620205,375.68899999999996,316.4330568050609,311.48199999999997
cooling_validation,C81,2450.0,345.5830126019918,324.33799999999997,368.810655972834,347.972,400.94964081014484,365.152,366.5503739594235,349.75,395.8483054694565,367.753,412.3561577067887,373.558,315.9951227229193,311.222
cooling_validation,C81,2500.0,345.07739460172564,323.14,368.1297936787455,346.308,400.1569558979573,363.14,365.9506053336008,348.11299999999994,395.13606807120846,365.683,411.5386342492356,371.33799999999997,315.5718793028075,310.942
cooling_validation,C81,2550.0,344.5847377142536,322.20399999999995,367.4721490266956,344.72499999999997,399.3877815325984,361.236,365.36226621623973,346.501,394.4374280113563,363.779,410.74197827452804,369.30899999999997,315.1627445117899,310.66499999999996
cooling_validation,C81,2600.0,344.1091557563584,321.35699999999997,366.8347016948472,343.25199999999995,398.6395539976634,359.37699999999995,364.7869136950222,345.018,393.7544248000311,361.88599999999997,409.9667731836152,367.301,314.76711836680226,310.39799999999997
cooling_validation,C81,2650.0,343.6544754323615,320.61899999999997,366.22112268501246,341.84999999999997,397.91404868301413,357.609,364.23709452042004,343.572,393.09413603852187,360.09,409.2136385304271,365.37899999999996,314.3844063448123,310.15099999999995
cooling_validation,C81,2700.0,343.2212203674847,319.88399999999996,365.63164692064396,340.51599999999996,397.2115217436956,355.804,363.71229290529993,342.154,392.4573496294365,358.274,408.482853324375,363.399,314.01408303257165,309.881
cooling_validation,C81,2750.0,342.8041810166787,318.99399999999997,365.0642557440614,339.13199999999995,396.5304287749603,354.14,363.2062501323468,340.78299999999996,391.83932502554734,356.599,407.7720453196063,361.57,313.6557053432931,309.62899999999996
cooling_validation,C81,2800.0,342.39770020911186,318.383,364.5136110990799,337.90099999999995,395.8666491543714,352.522,362.707485417989,339.493,391.2312161226702,354.96299999999997,407.07707807878216,359.804,313.30875919098025,309.38899999999995
cooling_validation,C81,2850.0,342.00440092795367,317.56899999999996,363.97833821646395,336.645,395.21843335019304,350.885,362.21906353612576,338.20099999999996,390.6342314185201,353.27799999999996,406.3975591532118,357.981,312.97285401181875,309.154
cooling_validation,C81,2900.0,341.6252448129707,317.09999999999997,363.4598709120699,335.479,394.5863698414627,349.344,361.74712408902855,336.981,390.05230279448307,351.72299999999996,405.7336528469613,356.28599999999994,312.64756347949583,308.899
cooling_validation,C81,2950.0,341.25919547715495,316.28999999999996,362.9575178824894,334.38599999999997,393.97004374434977,347.928,361.2898996137357,335.852,389.48493055750674,350.24399999999997,405.08478851169355,354.668,312.33246291557157,308.67699999999996
cooling_validation,C81,3000.0,340.90768185820207,315.68699999999995,362.4714254961035,333.248,393.3694961959154,346.49,360.84888651123714,334.691,388.9334565711893,348.79999999999995,404.451590211849,353.10799999999995,312.02715554704446,308.44899999999996
cooling_validation,C81,3050.0,340.5640139771998,314.993,361.99901430486796,332.066,392.78259132764174,344.98499999999996,360.4164670967913,333.462,388.3911617890658,347.25199999999995,403.8302577826654,351.447,311.73125380898716,308.19399999999996
cooling_validation,C81,3100.0,340.22980611093107,314.32599999999996,361.53792201988455,330.899,392.2076947508068,343.578,359.99116121825,332.311,387.8582813889421,345.84299999999996,403.2213871838639,349.921,311.44437756408513,307.97299999999996
cooling_validation,C81,3150.0,339.90050625404353,313.808,361.08707157736006,329.866,391.64332202347407,342.21299999999997,359.57132881995875,331.214,387.3311293703864,344.462,402.62145700818417,348.42999999999995,311.1661343509445,307.72499999999997
cooling_validation,C81,3200.0,339.5853737126418,313.409,360.64791514405607,329.00399999999996,391.0906918765409,340.873,359.1655858639474,330.251,386.81825800965487,343.05699999999996,402.0349826094821,346.923,310.8961729005114,307.5
cooling_validation,C81,3250.0,339.27950784315976,312.80199999999996,360.2226254643712,328.00699999999995,390.55094764180035,339.67499999999995,358.775427212162,329.284,386.31841256959433,341.82399999999996,401.45957586017926,345.55699999999996,310.6341843764375,307.275
cooling_validation,C81,3300.0,338.9873126282841,312.387,359.8100117677326,327.145,390.023938301318,338.491,358.39884892813126,328.405,385.8334310906229,340.59499999999997,400.89804030416184,344.22499999999997,310.379840718968,307.07
cooling_validation,C81,3350.0,338.70127448825224,311.842,359.4092935000691,326.168,389.50843609686507,337.22999999999996,358.0310759175168,327.375,385.35647485722814,339.304,400.3458338795623,342.83299999999997,310.1328813597904,306.84999999999997
cooling_validation,C81,3400.0,338.4272454147568,311.23199999999997,359.01923848957307,325.238,389.0040219016735,336.073,357.6733606870943,326.45399999999995,384.8914808316444,338.14799999999997,399.8062879968461,341.55699999999996,309.8930291194645,306.64
cooling_validation,C81,3450.0,338.161306813077,310.904,358.6415081311307,324.40099999999995,388.51124889769056,334.923,357.3279934282729,325.582,384.43698759460233,336.98199999999997,399.27671358324113,340.30699999999996,309.6600212351642,306.442
cooling_validation,C81,3500.0,337.8959785453191,310.423,358.2694333453825,323.652,388.02558313033427,333.883,356.9787517809818,324.789,383.98264379833296,335.87199999999996,398.753392039548,339.086,309.4335829700302,306.236
cooling_validation,C81,3550.0,337.63940785832324,310.08799999999997,357.9044329426508,322.80499999999995,387.5474407788978,332.75699999999995,356.6362301152791,323.918,383.535399061152,334.736,398.23880112258604,337.844,309.2134494941257,306.029
cooling_validation,C81,3600.0,337.396061704,309.767,357.55169729859784,322.162,387.0802576870582,331.787,356.3127879914815,323.2,383.1034996928731,333.71999999999997,397.73526456272475,336.72799999999995,308.9994498997745,305.83299999999997
cooling_validation,C81,3650.0,337.15981630534975,309.388,357.20936368215797,321.465,386.6231175697678,330.835,355.99878963679294,322.488,382.68093630936215,332.717,397.2405312708713,335.64599999999996,308.79139957549285,305.65299999999996
cooling_validation,C81,3700.0,336.930238341279,309.043,356.8751021562436,320.786,386.17450884354747,329.899,355.68987647100096,321.774,382.2653553464733,331.769,396.75445746027196,334.585,308.58910679566475,305.472
cooling_validation,C81,3750.0,336.7097853190211,308.58099999999996,356.5503808339364,320.03299999999996,385.7352493135508,328.92699999999996,355.3915281309325,321.03,381.8599236300257,330.74899999999997,396.2779696586354,333.469,308.39237786320825,305.26599999999996
cooling_validation,C81,3800.0,336.49231412894426,308.193,356.2328528457782,319.32399999999996,385.30347879703965,328.003,355.0961845775504,320.315,381.4582293381686,329.806,395.8076028017551,332.46999999999997,308.20101686027573,305.114
cooling_validation,C81,3850.0,336.27818281429614,307.83299999999997,355.91976082872185,318.64799999999997,384.8770710552412,327.113,354.8004588460342,319.625,381.05830293578265,328.88,395.3428346938829,331.45799999999997,308.0148503421045,304.967
cooling_validation,C81,3900.0,336.0648350559978,307.518,355.6103725237951,317.947,384.4548390115406,326.173,354.5045931451919,318.933,380.6584500879474,327.93399999999997,394.8814308535146,330.404,307.83373376476084,304.801
cooling_validation,C81,3950.0,335.8610352261272,307.21299999999997,355.30720678910336,317.368,384.0388431726547,325.36699999999996,354.2188418144589,318.33099999999996,380.2683572954919,327.054,394.4279893382317,329.474,307.6575029507371,304.673
cooling_validation,C81,4000.0,335.6649427858597,306.92499999999995,355.01320547943953,316.78499999999997,383.63099391083773,324.58099999999996,353.9463127793898,317.73699999999997,379.8886478150969,326.24199999999996,393.981593581325,328.57,307.4860270741748,304.54499999999996
cooling_validation,C81,4050.0,335.4735976131698,306.664,354.7255165714858,316.2,383.2297857725507,323.755,353.67809764747244,317.128,379.51485573740376,325.366,393.541756305046,327.64,307.3191873841148,304.38899999999995
cooling_validation,C81,4100.0,335.29017908019455,306.43499999999995,354.44532448542486,315.681,382.83599304543293,323.03499999999997,353.4187177532285,316.596,379.14987978106467,324.606,393.1098059003871,326.801,307.1568463066752,304.256
cooling_validation,C81,4150.0,335.1116357805886,306.20799999999997,354.1721900193434,315.20899999999995,382.44916505009985,322.332,353.1654757961687,316.067,378.7908570826466,323.878,392.68401754800857,325.986,306.99888070976755,304.114
cooling_validation,C81,4200.0,334.939536436723,306.01399999999995,353.9056724116806,314.77299999999997,382.06930696926327,321.664,352.91875456244793,315.58799999999997,378.4395366977171,323.173,392.2659081757912,325.219,306.84515552725713,303.96999999999997
cooling_validation,C81,4250.0,334.767191942437,305.59999999999997,353.6446014655132,314.157,381.69572034196807,320.90599999999995,352.67461668861745,314.976,378.0925399672409,322.41499999999996,391.853283962067,324.40999999999997,306.6954467990604,303.77599999999995
cooling_validation,C81,4300.0,334.59325798292,305.284,353.3857119444015,313.56399999999996,381.32652402870434,320.179,352.4275402109024,314.399,377.74730749240666,321.683,391.4457595828637,323.637,306.5493589880475,303.568
cooling_validation,C81,4350.0,334.41501139336947,304.926,353.1274757483833,312.995,380.95993496955754,319.476,352.1760149619463,313.80199999999996,377.4001028863479,320.97299999999996,391.0404541989366,322.85499999999996,306.4065658029391,303.352
cooling_validation,C81,4400.0,334.23464582240564,304.49699999999996,352.86877017568213,312.38,380.59485653997154,318.763,351.9210805733518,313.207,377.0518665855406,320.25699999999995,390.63757245310893,322.116,306.26681926080806,303.149
cooling_validation,C81,4450.0,334.04929346229414,304.167,352.6088039402798,311.77,380.22980131003226,318.018,351.6612468726726,312.577,376.6989181393191,319.52799999999996,390.2338350583314,321.328,306.1299393691975,302.95099999999996
cooling_validation,C81,4500.0,333.8617424825695,303.87699999999995,352.3466457164312,311.212,379.8639541334104,317.317,351.39751907407856,311.99899999999997,376.3433654808465,318.837,389.8302407746074,320.585,305.99582585904966,302.755
cooling_validation,C81,4550.0,333.6772080040089,303.667,352.0861175851953,310.729,379.4997870099381,316.683,351.14021730674466,311.513,375.9923443259065,318.203,389.4289527093344,319.9,305.86437193881443,302.59299999999996
cooling_validation,C81,4600.0,333.4916743642492,303.35299999999995,351.82672326929344,310.21799999999996,379.1369856576169,316.034,350.8842271302077,310.966,375.6421356162795,317.53,389.0281973263506,319.171,305.73549443165274,302.40599999999995
cooling_validation,C81,4650.0,333.3116453545312,303.097,351.5699410930842,309.77099999999996,378.7770404647101,315.438,350.63474736154404,310.5,375.2987114971685,316.918,388.6319069196811,318.527,305.6091093158119,302.25399999999996
cooling_validation,C81,4700.0,333.1337695138899,302.87399999999997,351.31757485298175,309.32399999999996,378.4211400780711,314.85799999999995,350.39221237187877,310.03799999999995,374.9607551286599,316.317,388.2386915773387,317.86699999999996,305.4851274408543,302.087
cooling_validation,C81,4750.0,332.9515049878126,302.702,351.0641449074513,308.945,378.0654895603249,314.318,350.14149219690046,309.662,374.6177187089563,315.73699999999997,387.84481929245135,317.267,305.36343906037183,301.948
cooling_validation,C81,4800.0,332.77296085910604,302.51599999999996,350.81127427008875,308.56199999999995,377.7109072820865,313.779,349.8925830324696,309.274,374.2769056166168,315.16999999999996,387.4537434764562,316.63399999999996,305.24399643051845,301.804
cooling_validation,C81,4850.0,332.5985697434737,302.304,350.56245887694865,308.176,377.35958723029523,313.287,349.6518796624383,308.89,373.9414116066662,314.657,387.06521974656926,316.05499999999995,305.12676816196756,301.67999999999995
cooling_validation,C81,4900.0,332.42854986596376,302.185,350.31716330722594,307.85999999999996,377.0116964821947,312.80199999999996,349.41624738352095,308.537,373.6111654857061,314.14099999999996,386.68054277972783,315.50399999999996,305.01173818479856,301.534
cooling_validation,C81,4950.0,332.2576108964113,301.962,350.07383334511144,307.47799999999995,376.66600438967265,312.298,349.17987518919176,308.15,373.28075632222453,313.62399999999997,386.2969913571154,314.938,304.89886186873866,301.394
cooling_validation,C81,5000.0,332.0841691779822,301.695,349.8294892789606,307.08399999999995,376.3205487164575,311.80899999999997,348.9377986366931,307.738,372.94757023684133,313.13399999999996,385.91396153273945,314.429,304.788042517754,301.262
cooling_validation,C81,5050.0,331.91108608542555,301.34,349.5860918613286,306.539,375.976803682499,311.272,348.6980939683948,307.25899999999996,372.6176801934242,312.59299999999996,385.53362392541914,313.866,304.67911178567624,301.08799999999997
cooling_validation,C81,5100.0,331.7384777301982,300.97799999999995,349.3451963062401,306.022,375.6363831297687,310.727,348.46335081472984,306.80499999999995,372.2937329910003,312.04499999999996,385.15706000824247,313.32399999999996,304.5717947334649,300.912
cooling_validation,C81,5150.0,331.5622079135133,300.61899999999997,349.10513662921363,305.416,375.29845563352603,310.125,348.22765512713187,306.256,371.97171595866223,311.42999999999995,384.78300495695885,312.698,304.46581292214603,300.697
cooling_validation,C81,5200.0,331.3819481038863,300.50699999999995,348.8638088942896,305.061,374.9614274346422,309.626,347.98717963758827,305.861,371.6483220858397,310.9,384.4103890753298,312.154,304.3608782148242,300.529
cooling_validation,C81,5250.0,331.1990536754833,300.263,348.6213774655437,304.669,374.6245953912335,309.178,347.74428682965,305.53,371.3230221336167,310.42499999999995,384.03822324389444,311.642,304.2568427817697,300.37
cooling_validation,C81,5300.0,331.01841780341687,300.04499999999996,348.3799096313444,304.26099999999997,374.2893677463934,308.68399999999997,347.505510069143,305.133,371.0013806555545,309.91299999999995,383.6688114873546,311.091,304.1536423652921,300.207
cooling_validation,C81,5350.0,330.8403804772233,299.85499999999996,348.1413787847643,303.902,373.9570053288587,308.256,347.2730471383085,304.811,370.68438608489043,309.43199999999996,383.3020930424316,310.597,304.05123362606696,300.078
cooling_validation,C81,5400.0,330.659240519891,299.64799999999997,347.90270136541494,303.573,373.6252740361596,307.846,347.03672314601795,304.49399999999997,370.36468931912964,308.995,382.93517492651915,310.126,303.94960045235996,299.93199999999996
cooling_validation,C81,5450.0,330.4728052608399,299.404,347.6602968016281,303.188,373.29125762646623,307.42499999999995,346.7902557745325,304.16499999999996,370.0373186511931,308.56899999999996,382.56579196804734,309.657,303.8487207749895,299.81199999999995
cooling_validation,C81,5500.0,330.28643817473016,299.207,347.4161399515672,302.792,372.9559526201219,306.98199999999997,346.5430855704423,303.78499999999997,369.7088781939685,308.10999999999996,382.19609339071064,309.173,303.74858255262893,299.671
cooling_validation,C81,5550.0,330.1007985105079,299.116,347.17233070689105,302.53999999999996,372.62074393350633,306.618,346.29894669083933,303.517,369.38171513869827,307.69899999999996,381.82620640486704,308.76,303.64917257363015,299.558
cooling_validation,C81,5600.0,329.9143788130962,298.923,346.9279745928961,302.21799999999996,372.28531844564594,306.246,346.0541775671793,303.203,369.0544600685436,307.284,381.4561265523903,308.30199999999996,303.55049389187604,299.421
cooling_validation,C81,5650.0,329.7310558647738,298.81399999999996,346.68472380094795,301.976,371.9509502623424,305.88199999999995,345.81336306254553,302.91999999999996,368.73072610334344,306.92699999999996,381.0877956541881,307.91299999999995,303.4525215650285,299.28999999999996
cooling_validation,C81,5700.0,329.5508240340523,298.669,346.444020076561,301.707,371.6186395517658,305.52799999999996,345.5778286673224,302.618,368.4109033594177,306.542,380.72127169889274,307.50899999999996,303.35527852789346,299.145
cooling_validation,C81,5750.0,329.3726113358019,298.567,346.2051670851129,301.493,371.28815334804773,305.188,345.34431482109454,302.39099999999996,368.09336972568923,306.195,380.3565156196191,307.138,303.2587883487089,299.013
cooling_validation,C81,5800.0,329.196506687738,298.42199999999997,345.96803478111485,301.269,370.9593322260167,304.89,345.1124099384391,302.138,367.7774307687689,305.878,379.9934076331598,306.78,303.1630755966636,298.9
cooling_validation,C81,5850.0,329.0184697278757,298.27,345.73092893823485,301.001,370.6308946559781,304.566,344.87751903133056,301.87899999999996,367.4593488502944,305.52599999999995,379.6299866752437,306.412,303.0681585005173,298.77
cooling_validation,C81,5863.0,328.9768162452723,298.193,345.6750501522634,300.909,370.55356825017975,304.457,344.83065516249377,301.79999999999995,367.3960950160791,305.42499999999995,379.5447267762835,306.32,303.0436041858162,298.727
