ID,sensor,t,theta
C69,T8,0.0,1.0
C69,T8,6.0,0.9944261838476867
C69,T8,12.0,0.9378098747222524
C69,T8,18.0,0.8726568192334606
C69,T8,24.0,0.8169147315660551
C69,T8,30.0,0.7918829443988102
C69,T8,36.0,0.7471693959930961
C69,T8,42.0,0.7082887892616863
C69,T8,48.0,0.6904549332608474
C69,T8,54.0,0.6580995783104735
C69,T8,60.0,0.6286233958266624
C69,T8,66.0,0.6009035085474541
C69,T8,72.0,0.5890400092704595
C69,T8,78.0,0.5672603782756724
C69,T8,84.0,0.5458170869735703
C69,T8,90.0,0.5267098515136563
C69,T8,96.0,0.5180409249597885
C69,T8,102.0,0.500297370277219
C69,T8,108.0,0.4840235022673539
C69,T8,114.0,0.4766475858939239
C69,T8,120.0,0.46227397171198986
C69,T8,126.0,0.44802468543202123
C69,T8,132.0,0.4347072040594127
C69,T8,138.0,0.4289724159919234
C69,T8,144.0,0.41717958731183535
C69,T8,150.0,0.40539461092029233
C69,T8,156.0,0.3999712969650948
C69,T8,162.0,0.3889532274214637
C69,T8,168.0,0.3787452523127424
C69,T8,174.0,0.36928324461581247
C69,T8,180.0,0.3645470059083172
C69,T8,186.0,0.35387181963115844
C69,T8,192.0,0.3454135961532527
C69,T8,198.0,0.33755476403429474
C69,T8,204.0,0.3340696566349967
C69,T8,210.0,0.3259163636955951
C69,T8,216.0,0.31912675153353803
C69,T8,222.0,0.31578952890184075
C69,T8,228.0,0.3084607262596818
C69,T8,234.0,0.300973569131862
C69,T8,240.0,0.293012657261817
C69,T8,246.0,0.28944771826230986
C69,T8,252.0,0.28377836593269706
C69,T8,258.0,0.27829485109865315
C69,T8,264.0,0.2753450080351842
C69,T8,270.0,0.2702030677528553
C69,T8,276.0,0.2643661999342788
C69,T8,282.0,0.2586091637159115
C69,T8,288.0,0.2561474712570007
C69,T8,294.0,0.2504558707765099
C69,T8,300.0,0.24514248886094472
C69,T8,306.0,0.24092319248267333
C69,T8,312.0,0.2390059253628943
C69,T8,318.0,0.23480887713550086
C69,T8,324.0,0.23042991755681097
C69,T8,330.0,0.22866577006366265
C69,T8,336.0,0.2255431766522
C69,T8,342.0,0.2212833101164452
C69,T8,348.0,0.21822222629858637
C69,T8,354.0,0.21706008759390122
C69,T8,360.0,0.214352356760575
C69,T8,366.0,0.211075335007724
C69,T8,372.0,0.20942766312799582
C69,T8,378.0,0.20510628699863717
C69,T8,384.0,0.20265506425778648
C69,T8,390.0,0.19937542507542044
C69,T8,396.0,0.1980261401604087
C69,T8,402.0,0.19527522174008413
C69,T8,408.0,0.19261591335278652
C69,T8,414.0,0.18995267882121628
C69,T8,420.0,0.18834688581372894
C69,T8,426.0,0.1854533174848337
C69,T8,432.0,0.18301649060631595
C69,T8,438.0,0.18060191187867608
C69,T8,444.0,0.17952483963323027
C69,T8,450.0,0.17696761099701994
C69,T8,456.0,0.1741355522617285
C69,T8,462.0,0.17313569418697689
C69,T8,468.0,0.1706949411641865
C69,T8,474.0,0.1682751275775165
C69,T8,480.0,0.16619165368353137
C69,T8,486.0,0.1654862564292236
C69,T8,492.0,0.16347214441738747
C69,T8,498.0,0.1616896749176338
C69,T8,504.0,0.16057203251470462
C69,T8,510.0,0.15851473291587
C69,T8,516.0,0.15655296949433498
C69,T8,522.0,0.15487257974566856
C69,T8,528.0,0.15421560493738934
C69,T8,534.0,0.15239910885393998
C69,T8,540.0,0.1503221785337425
C69,T8,546.0,0.14907497336981793
C69,T8,552.0,0.14723230299121806
C69,T8,558.0,0.14567885857403187
C69,T8,564.0,0.1440743742813021
C69,T8,570.0,0.14335196373514641
C69,T8,576.0,0.14136533473321833
C69,T8,582.0,0.139548838649769
C69,T8,588.0,0.13783180488789185
C69,T8,594.0,0.13706751546949522
C69,T8,600.0,0.13538843443558637
C69,T8,606.0,0.13463330602049245
C69,T8,612.0,0.13412683340932904
C69,T8,618.0,0.1325393624084471
C69,T8,624.0,0.13122541279188862
C69,T8,630.0,0.12985911458502902
C69,T8,636.0,0.1293683465509559
C69,T8,642.0,0.12791959931437197
C69,T8,648.0,0.12637008104145842
C69,T8,654.0,0.12448814922013267
C69,T8,660.0,0.12399607247130195
C69,T8,666.0,0.12253816423141539
C69,T8,672.0,0.12162337261590306
C69,T8,678.0,0.12127656320515806
C69,T8,684.0,0.12005029747735396
C69,T8,690.0,0.1188711454808209
C69,T8,696.0,0.11787913969461443
C69,T8,702.0,0.11738444551626873
C69,T8,708.0,0.11622623295585614
C69,T8,714.0,0.11479188158160505
C69,T8,720.0,0.11410088018963005
C69,T8,726.0,0.11289162775367388
C69,T8,732.0,0.11189438710843719
C69,T8,738.0,0.11112617154576807
C69,T8,744.0,0.11058436363615133
C69,T8,750.0,0.10934501076077198
C69,T8,756.0,0.10849303745362107
C69,T8,762.0,0.1081357583248158
C69,T8,768.0,0.10699848520052362
C69,T8,774.0,0.10581148091544541
C69,T8,780.0,0.1047173953781517
C69,T8,786.0,0.10436142496410399
C69,T8,792.0,0.10365733642455371
C69,T8,798.0,0.10246378856568789
C69,T8,804.0,0.10164845927174773
C69,T8,810.0,0.09997330438211138
C69,T8,816.0,0.09902841232717594
C69,T8,822.0,0.09835442422704885
C69,T8,828.0,0.09781915989121968
C69,T8,834.0,0.09677087937043949
C69,T8,840.0,0.09580635659414113
C69,T8,846.0,0.09515723407440702
C69,T8,852.0,0.09481304209317708
C69,T8,858.0,0.09420448973092643
C69,T8,864.0,0.09345983103389277
C69,T8,870.0,0.09311956519693541
C69,T8,876.0,0.09241416794262756
C69,T8,882.0,0.09168259639316925
C69,T8,888.0,0.09111330547364441
C69,T8,894.0,0.09076911349241448
C69,T8,900.0,0.09021421843522241
C69,T8,906.0,0.08938580199370699
C69,T8,912.0,0.08885184637263539
C69,T8,918.0,0.08828124673835305
C69,T8,924.0,0.08737823355565849
C69,T8,930.0,0.0866375010028974
C69,T8,936.0,0.08636790576284653
C69,T8,942.0,0.08608260594570541
C69,T8,948.0,0.08520838448767645
C69,T8,954.0,0.08478959576526739
C69,T8,960.0,0.08449906108909604
C69,T8,966.0,0.08375440239206246
C69,T8,972.0,0.08311705830514611
C69,T8,978.0,0.08267209528758651
C69,T8,984.0,0.08188163157403933
C69,T8,990.0,0.08131364936927206
C69,T8,996.0,0.08080717675810858
C69,T8,1002.0,0.080250972986159
C69,T8,1008.0,0.07960446789594004
C69,T8,1014.0,0.07896319766475113
C69,T8,1020.0,0.07850514749961618
C69,T8,1026.0,0.0782735049875337
C69,T8,1032.0,0.07773824065170461
C69,T8,1038.0,0.07733646522114339
C69,T8,1044.0,0.07707472226963766
C69,T8,1050.0,0.07645439147456923
C69,T8,1056.0,0.07581181252862282
C69,T8,1062.0,0.075358997222518
C69,T8,1068.0,0.07423742867531616
C69,T8,1074.0,0.07305042439023796
C69,T8,1080.0,0.0724916031887734
C69,T8,1086.0,0.07222724280775267
C69,T8,1092.0,0.07178358850495048
C69,T8,1098.0,0.0712954379003925
C69,T8,1104.0,0.07089235375507369
C69,T8,1110.0,0.07054947048860126
C69,T8,1116.0,0.06982444251293059
C69,T8,1122.0,0.06898293892383982
C69,T8,1128.0,0.06879317528399823
C69,T8,1134.0,0.0684005608567397
C69,T8,1140.0,0.06788100109800095
C69,T8,1146.0,0.06754204397580109
C69,T8,1152.0,0.06736667619829227
C69,T8,1158.0,0.0668667471609165
C69,T8,1164.0,0.06583286250246907
C69,T8,1170.0,0.06558028055426612
C69,T8,1176.0,0.0651981358450678
C69,T8,1182.0,0.06467857608632906
C69,T8,1188.0,0.06398495726483906
C69,T8,1194.0,0.06363553042457892
C69,T8,1200.0,0.06325469443013824
C69,T8,1206.0,0.0625375187430127
C69,T8,1212.0,0.06213836074196654
C69,T8,1218.0,0.061616183553712726
C69,T8,1224.0,0.061078301788368566
C69,T8,1230.0,0.06072233137432079
C69,T8,1236.0,0.06041609212105918
C69,T8,1242.0,0.06015958402858366
C69,T8,1248.0,0.059964585529711935
C69,T8,1254.0,0.05960599768614916
C69,T8,1260.0,0.05941754276106507
C69,T8,1266.0,0.05901707604526134
C69,T8,1272.0,0.058424228260101026
C69,T8,1278.0,0.05793346022602789
C69,T8,1284.0,0.05770705257297548
C69,T8,1290.0,0.05734192115562507
C69,T8,1296.0,0.05698856817109244
C69,T8,1302.0,0.0567556169442524
C69,T8,1308.0,0.05627270119872439
C69,T8,1314.0,0.055843442758255125
C69,T8,1320.0,0.055556834226356426
C69,T8,1326.0,0.055477002626147146
C69,T8,1332.0,0.05520217252706622
C69,T8,1338.0,0.05416697915386129
C69,T8,1344.0,0.054059664543743974
C69,T8,1350.0,0.05394057150080888
C69,T8,1356.0,0.05372201613630168
C69,T8,1362.0,0.053468125473341156
C69,T8,1368.0,0.05328359669252963
C69,T8,1374.0,0.05282554652739468
C69,T8,1380.0,0.052436858244408795
C69,T8,1386.0,0.05224578588980963
C69,T8,1392.0,0.05211360569929927
C69,T8,1398.0,0.05168958211786007
C69,T8,1404.0,0.05136502085799304
C69,T8,1410.0,0.05126817596593593
C69,T8,1416.0,0.051041768312883595
C69,T8,1422.0,0.05071066347922887
C69,T8,1428.0,0.050298418330607435
C69,T8,1434.0,0.05021858673039823
C69,T8,1440.0,0.049744831988172936
C69,T8,1446.0,0.04927500339022028
C69,T8,1452.0,0.04913235348164964
C69,T8,1458.0,0.04854997541454953
C69,T8,1464.0,0.048250279735075556
C69,T8,1470.0,0.0478498130192719
C69,T8,1476.0,0.04759723107106887
C69,T8,1482.0,0.04733417940480572
C69,T8,1488.0,0.04718367720768994
C69,T8,1494.0,0.046891833816761104
C69,T8,1500.0,0.04663532572428558
C69,T8,1506.0,0.0461092223917592
C69,T8,1512.0,0.045669494233229656
C69,T8,1518.0,0.045440469150662174
C69,T8,1524.0,0.04528211466500127
C69,T8,1530.0,0.045159095477793613
C69,T8,1536.0,0.04499681484786006
C69,T8,1542.0,0.044898661241045454
C69,T8,1548.0,0.04473114575208184
C69,T8,1554.0,0.044600274276328976
C69,T8,1560.0,0.04441312806600238
C69,T8,1566.0,0.04419980756052532
C69,T8,1572.0,0.0440336007863192
C69,T8,1578.0,0.04387524630065823
C69,T8,1584.0,0.043625281781970345
C69,T8,1590.0,0.043514041027580455
C69,T8,1596.0,0.04331642509919366
C69,T8,1602.0,0.043037668855840094
C69,T8,1608.0,0.04293558910475291
C69,T8,1614.0,0.04273012088782091
C69,T8,1620.0,0.042433042637862003
C69,T8,1626.0,0.0421477428207208
C69,T8,1632.0,0.04205351535817875
C69,T8,1638.0,0.04172633666879666
C69,T8,1644.0,0.0415156335928346
C69,T8,1650.0,0.04118060261490737
C69,T8,1656.0,0.041032717847306666
C69,T8,1662.0,0.04080369276473919
C69,T8,1668.0,0.04035611231766451
C69,T8,1674.0,0.040229166986184214
C69,T8,1680.0,0.04001715519546464
C69,T8,1686.0,0.03974494252589871
C69,T8,1692.0,0.039603601332085715
C69,T8,1698.0,0.039526387161391514
C69,T8,1704.0,0.03938504596757844
C69,T8,1710.0,0.039210986904827196
C69,T8,1716.0,0.039006827402652766
C69,T8,1722.0,0.03873068858881426
C69,T8,1728.0,0.03847941535536881
C69,T8,1734.0,0.03830012143358742
C69,T8,1740.0,0.038229450836680924
C69,T8,1746.0,0.038090727072382924
C69,T8,1752.0,0.03782244054708956
C69,T8,1758.0,0.03755546273655376
C69,T8,1764.0,0.0373526119491369
C69,T8,1770.0,0.037149761161720044
C69,T8,1776.0,0.03693513194148534
C69,T8,1782.0,0.036850065482245994
C69,T8,1788.0,0.03663020140298122
C69,T8,1794.0,0.036280774562721156
C69,T8,1800.0,0.03600463574888273
C69,T8,1806.0,0.0359392000110063
C69,T8,1812.0,0.035737657938346934
C69,T8,1818.0,0.035571451164140816
C69,T8,1824.0,0.035504706711506885
C69,T8,1830.0,0.03524296376000123
C69,T8,1836.0,0.034973368519950365
C69,T8,1842.0,0.03476004801447323
C69,T8,1848.0,0.03466451183717369
C69,T8,1854.0,0.03436219872818464
C69,T8,1860.0,0.0340127718879245
C69,T8,1866.0,0.033764116083994114
C69,T8,1872.0,0.03370260649039032
C69,T8,1878.0,0.033576969873667595
C69,T8,1884.0,0.03334270993207006
C69,T8,1890.0,0.03309928898716973
C69,T8,1896.0,0.03293569964247869
C69,T8,1902.0,0.032630769103974576
C69,T8,1908.0,0.03243315317558778
C69,T8,1914.0,0.032149162073204146
C69,T8,1920.0,0.0320444648926019
C69,T8,1926.0,0.0319149021316066
C69,T8,1932.0,0.03173560820982522
C69,T8,1938.0,0.03159819316028471
C69,T8,1944.0,0.03145685196647165
C69,T8,1950.0,0.031339067638294055
C69,T8,1956.0,0.031138834280392262
C69,T8,1962.0,0.031113968699999217
C69,T8,1968.0,0.03107339854251583
C69,T8,1974.0,0.030980479794731355
C69,T8,1980.0,0.030869239040341397
C69,T8,1986.0,0.030607496088835742
C69,T8,1992.0,0.030326122415967178
C69,T8,1998.0,0.03014551977942822
C69,T8,2004.0,0.03007484918252172
C69,T8,2010.0,0.02999109143803988
C69,T8,2016.0,0.02983666309665154
C69,T8,2022.0,0.02978562322110795
C69,T8,2028.0,0.029656060460112654
C69,T8,2034.0,0.029468914249786062
C69,T8,2040.0,0.029245124026248723
C69,T8,2046.0,0.02903572966504415
C69,T8,2052.0,0.02873210784129761
C69,T8,2058.0,0.028636571663998068
C69,T8,2064.0,0.02858945793272697
C69,T8,2070.0,0.028500465329215064
C69,T8,2076.0,0.028287144823737925
C69,T8,2082.0,0.028228252659649202
C69,T8,2088.0,0.028017549583687136
C69,T8,2094.0,0.02778198092733202
C69,T8,2100.0,0.02756211684806725
C69,T8,2106.0,0.027534633838159135
C69,T8,2112.0,0.02743778894610202
C69,T8,2118.0,0.027215307437322252
C69,T8,2124.0,0.027037322230298363
C69,T8,2130.0,0.026842323731426636
C69,T8,2136.0,0.02660413764555653
C69,T8,2142.0,0.02648766203213643
C69,T8,2148.0,0.026448400589410618
C69,T8,2154.0,0.026352864412111075
C69,T8,2160.0,0.02621937550684314
C69,T8,2166.0,0.026168335631299548
C69,T8,2172.0,0.026075416883515
C69,T8,2178.0,0.02580189549919157
C69,T8,2184.0,0.02574038590558778
C69,T8,2190.0,0.02574038590558778
C69,T8,2196.0,0.025608205715077416
C69,T8,2202.0,0.02551921311156551
C69,T8,2208.0,0.02535693248163196
C69,T8,2214.0,0.025318979753663644
C69,T8,2220.0,0.025247000441999574
C69,T8,2226.0,0.025134450972852117
C69,T8,2232.0,0.02508210238255103
C69,T8,2238.0,0.024982640060978847
C69,T8,2244.0,0.024866164447558826
C69,T8,2250.0,0.02479287642113726
C69,T8,2256.0,0.024713044820927982
C69,T8,2262.0,0.02456908619759992
C69,T8,2268.0,0.024512811463026193
C69,T8,2274.0,0.024456536728452462
C69,T8,2280.0,0.024317812964154466
C69,T8,2286.0,0.024198719921219372
C69,T8,2292.0,0.02408747916682949
C69,T8,2298.0,0.0240482177241036
C69,T8,2304.0,0.02387023251707971
C69,T8,2310.0,0.023630737716452032
C69,T8,2316.0,0.023503792384971807
C69,T8,2322.0,0.023235505859678512
C69,T8,2328.0,0.023141278397136467
C69,T8,2334.0,0.02300255463283847
C69,T8,2340.0,0.022973762908172858
C69,T8,2346.0,0.022886079019418446
C69,T8,2352.0,0.022884770304660875
C69,T8,2358.0,0.02282587814057208
C69,T8,2364.0,0.0227224896747274
C69,T8,2370.0,0.022629570926942854
C69,T8,2376.0,0.02256937004809656
C69,T8,2382.0,0.022507860454492695
C69,T8,2388.0,0.022302392237560763
C69,T8,2394.0,0.022184607909383244
C69,T8,2400.0,0.022127024460051943
C69,T8,2406.0,0.021950347967785628
C69,T8,2412.0,0.021826020065820472
C69,T8,2418.0,0.021778906334549448
C69,T8,2424.0,0.021710853167157946
C69,T8,2430.0,0.021625786707918607
C69,T8,2436.0,0.021488371658378105
C69,T8,2442.0,0.021426862064774312
C69,T8,2448.0,0.021315621310384357
C69,T8,2454.0,0.021196528267449263
C69,T8,2460.0,0.02113501867384547
C69,T8,2466.0,0.021080052654029315
C69,T8,2472.0,0.020923006883125907
C69,T8,2478.0,0.020856262430491903
C69,T12,0.0,1.0
C69,T12,6.0,0.9978590911274217
C69,T12,12.0,0.9966956659801398
C69,T12,18.0,0.9946503103383035
C69,T12,24.0,0.990101201799043
C69,T12,30.0,0.9864043247772142
C69,T12,36.0,0.9761168573539132
C69,T12,42.0,0.9623507358276413
C69,T12,48.0,0.9542454975929155
C69,T12,54.0,0.9362763251738552
C69,T12,60.0,0.9165962334205568
C69,T12,66.0,0.895636503131236
C69,T12,72.0,0.8847679687642315
C69,T12,78.0,0.8633020646039514
C69,T12,84.0,0.8409167834127448
C69,T12,90.0,0.8193527435019723
C69,T12,96.0,0.808644325359455
C69,T12,102.0,0.7870699553696836
C69,T12,108.0,0.7659656039743742
C69,T12,114.0,0.755720748126945
C69,T12,120.0,0.735460880689818
C69,T12,126.0,0.7157730413772702
C69,T12,132.0,0.6969309772827799
C69,T12,138.0,0.6877152555556432
C69,T12,144.0,0.6697951510118286
C69,T12,150.0,0.6522805020687319
C69,T12,156.0,0.6439544583953989
C69,T12,162.0,0.6274314970362226
C69,T12,168.0,0.6115606219138691
C69,T12,174.0,0.5962643574358445
C69,T12,180.0,0.5889442052050559
C69,T12,186.0,0.5741825223152384
C69,T12,192.0,0.559982537471001
C69,T12,198.0,0.5463119691754712
C69,T12,204.0,0.5396154954642577
C69,T12,210.0,0.5264433534804379
C69,T12,216.0,0.5141505594714227
C69,T12,222.0,0.5081268321550304
C69,T12,228.0,0.4965778038339556
C69,T12,234.0,0.48521600819474087
C69,T12,240.0,0.4742622506759933
C69,T12,246.0,0.46897325022841707
C69,T12,252.0,0.45869998666374007
C69,T12,258.0,0.4486681886956687
C69,T12,264.0,0.4436916731378173
C69,T12,270.0,0.4342874274689459
C69,T12,276.0,0.4254177633882814
C69,T12,282.0,0.416709506791979
C69,T12,288.0,0.41253228109668877
C69,T12,294.0,0.40422302380172936
C69,T12,300.0,0.39608033903063167
C69,T12,306.0,0.38817395481664013
C69,T12,312.0,0.38441897110044093
C69,T12,318.0,0.3770742849320294
C69,T12,324.0,0.37016733586120765
C69,T12,330.0,0.3667609923112305
C69,T12,336.0,0.36014845049188526
C69,T12,342.0,0.3538742187597628
C69,T12,348.0,0.3478182099464981
C69,T12,354.0,0.34495548680385246
C69,T12,360.0,0.33943276831891983
C69,T12,366.0,0.334201874565714
C69,T12,372.0,0.3316735877306664
C69,T12,378.0,0.326725479890063
C69,T12,384.0,0.32190004173757447
C69,T12,390.0,0.31716628303620376
C69,T12,396.0,0.31488591809713634
C69,T12,402.0,0.31029032420237956
C69,T12,408.0,0.305878089209858
C69,T12,414.0,0.3017628439885627
C69,T12,420.0,0.29962839141535863
C69,T12,426.0,0.2955841654871827
C69,T12,432.0,0.2917039295631186
C69,T12,438.0,0.2879528196265441
C69,T12,444.0,0.2860701627289448
C69,T12,450.0,0.2823810332663654
C69,T12,456.0,0.2787861657746534
C69,T12,462.0,0.2769461204529259
C69,T12,468.0,0.2734377673728319
C69,T12,474.0,0.27005079272097826
C69,T12,480.0,0.26665090547037557
C69,T12,486.0,0.26499680157063316
C69,T12,492.0,0.2617763994426411
C69,T12,498.0,0.25873935621688443
C69,T12,504.0,0.257272484999002
C69,T12,510.0,0.2543322862638625
C69,T12,516.0,0.2514656893415921
C69,T12,522.0,0.2487592086438089
C69,T12,528.0,0.2474459973510392
C69,T12,534.0,0.24483248736424856
C69,T12,540.0,0.24233389950632367
C69,T12,546.0,0.24106071726967568
C69,T12,552.0,0.23851822657600444
C69,T12,558.0,0.2359718621027084
C69,T12,564.0,0.23351201204103042
C69,T12,570.0,0.2323305092555001
C69,T12,576.0,0.22999591140168715
C69,T12,582.0,0.22766002228799925
C69,T12,588.0,0.2252453663219427
C69,T12,594.0,0.2240586984969128
C69,T12,600.0,0.22173443072209897
C69,T12,606.0,0.21954058019464978
C69,T12,612.0,0.21852823245273084
C69,T12,618.0,0.21654227476513999
C69,T12,624.0,0.21461571503179422
C69,T12,630.0,0.21268140773919927
C69,T12,636.0,0.2117155453527766
C69,T12,642.0,0.20979544191880548
C69,T12,648.0,0.2078766297447092
C69,T12,654.0,0.20598106024836105
C69,T12,660.0,0.2049893726644405
C69,T12,666.0,0.20305506537184542
C69,T12,672.0,0.20117369973412114
C69,T12,678.0,0.200289186719817
C69,T12,684.0,0.1985459858887067
C69,T12,690.0,0.19682473647546955
C69,T12,696.0,0.19516030249672792
C69,T12,702.0,0.19438167279216528
C69,T12,708.0,0.1928734812582861
C69,T12,714.0,0.1912335812171675
C69,T12,720.0,0.1904200874959827
C69,T12,726.0,0.18870658564199497
C69,T12,732.0,0.18710671465699807
C69,T12,738.0,0.18556236784662178
C69,T12,744.0,0.18480568955993246
C69,T12,750.0,0.18328975046680385
C69,T12,756.0,0.18179576279154855
C69,T12,762.0,0.18106361844248228
C69,T12,768.0,0.17969359171521698
C69,T12,774.0,0.17820606033933617
C69,T12,780.0,0.17670819888445613
C69,T12,786.0,0.17596572445639064
C69,T12,792.0,0.17452338717613117
C69,T12,798.0,0.1731288265112429
C69,T12,804.0,0.17240959476092557
C69,T12,810.0,0.17090011196717145
C69,T12,816.0,0.16924084302792936
C69,T12,822.0,0.16770166125705266
C69,T12,828.0,0.16696047808886208
C69,T12,834.0,0.16550393694997872
C69,T12,840.0,0.16404093951172094
C69,T12,846.0,0.16261538860983515
C69,T12,852.0,0.1619633023730124
C69,T12,858.0,0.16075726564985907
C69,T12,864.0,0.15956414152545462
C69,T12,870.0,0.1589624144237528
C69,T12,876.0,0.15779124171722164
C69,T12,882.0,0.15667946696493573
C69,T12,888.0,0.15560126496939705
C69,T12,894.0,0.1550950910984376
C69,T12,900.0,0.1540633744583953
C69,T12,906.0,0.15304457041710187
C69,T12,912.0,0.1525241926875186
C69,T12,918.0,0.15143824313273058
C69,T12,924.0,0.15039619641368912
C69,T12,930.0,0.14928183914165333
C69,T12,936.0,0.1487343449546972
C69,T12,942.0,0.14775040493002603
C69,T12,948.0,0.14682715411947503
C69,T12,954.0,0.14584708787442854
C69,T12,960.0,0.14536286542134233
C69,T12,966.0,0.14442024571266782
C69,T12,972.0,0.14348149978361804
C69,T12,978.0,0.14300502488978117
C69,T12,984.0,0.142009463526236
C69,T12,990.0,0.14104747491943806
C69,T12,996.0,0.14015908812550926
C69,T12,1002.0,0.1396968170902962
C69,T12,1008.0,0.13869996446687607
C69,T12,1014.0,0.13774055837982793
C69,T12,1020.0,0.13682505512852627
C69,T12,1026.0,0.1364118519685594
C69,T12,1032.0,0.13556091171100257
C69,T12,1038.0,0.13482101980268688
C69,T12,1044.0,0.13444268065934217
C69,T12,1050.0,0.1336937499319021
C69,T12,1056.0,0.13291124644771482
C69,T12,1062.0,0.1324928782482484
C69,T12,1068.0,0.1314637441279558
C69,T12,1074.0,0.13034809559604513
C69,T12,1080.0,0.12912010745501856
C69,T12,1086.0,0.12856228318906324
C69,T12,1092.0,0.1275447704076448
C69,T12,1098.0,0.12666154865321552
C69,T12,1104.0,0.12582352099440766
C69,T12,1110.0,0.12539611397581688
C69,T12,1116.0,0.124546464978135
C69,T12,1122.0,0.12360513652933536
C69,T12,1128.0,0.12310025391825086
C69,T12,1134.0,0.12215505168982654
C69,T12,1140.0,0.12133251914951744
C69,T12,1146.0,0.12051902542833262
C69,T12,1152.0,0.12017167652198543
C69,T12,1158.0,0.11944340595254382
C69,T12,1164.0,0.11867123254735566
C69,T12,1170.0,0.11817926253502005
C69,T12,1176.0,0.11728054566209208
C69,T12,1182.0,0.11643606170390966
C69,T12,1188.0,0.11562385924259978
C69,T12,1194.0,0.1151732095462609
C69,T12,1200.0,0.11431064794983
C69,T12,1206.0,0.11348811540952089
C69,T12,1212.0,0.11305166957180582
C69,T12,1218.0,0.11214262261987872
C69,T12,1224.0,0.1112606921253243
C69,T12,1230.0,0.11041620816714195
C69,T12,1236.0,0.11005723792192076
C69,T12,1242.0,0.10929281207598196
C69,T12,1248.0,0.1086755898557814
C69,T12,1254.0,0.10809968795157757
C69,T12,1260.0,0.10778720306185258
C69,T12,1266.0,0.10717514588115162
C69,T12,1272.0,0.10651272956532971
C69,T12,1278.0,0.10578704151563784
C69,T12,1284.0,0.10542032371116723
C69,T12,1290.0,0.1047049657404745
C69,T12,1296.0,0.10407095714190032
C69,T12,1302.0,0.10374555965342637
C69,T12,1308.0,0.10305731814010649
C69,T12,1314.0,0.10236907662678668
C69,T12,1320.0,0.10171053409058937
C69,T12,1326.0,0.1014458258162356
C69,T12,1332.0,0.10088025399103093
C69,T12,1338.0,0.09967679978762731
C69,T12,1344.0,0.09933590718065469
C69,T12,1350.0,0.09878712173382363
C69,T12,1356.0,0.09832614195848553
C69,T12,1362.0,0.09786128840352275
C69,T12,1368.0,0.0976275703661665
C69,T12,1374.0,0.09708782373845973
C69,T12,1380.0,0.09651708687375544
C69,T12,1386.0,0.0959902528447977
C69,T12,1392.0,0.09573200086981833
C69,T12,1398.0,0.0952309920383585
C69,T12,1404.0,0.09467445903227811
C69,T12,1410.0,0.09441749831717368
C69,T12,1416.0,0.09391907200546358
C69,T12,1422.0,0.09343743207212718
C69,T12,1428.0,0.09294158828016695
C69,T12,1434.0,0.09267946252556292
C69,T12,1440.0,0.09215133723673023
C69,T12,1446.0,0.0915160373782811
C69,T12,1452.0,0.091180309810808
C69,T12,1458.0,0.0905902040479803
C69,T12,1464.0,0.08996006922903077
C69,T12,1470.0,0.08934284700883022
C69,T12,1476.0,0.08900066314198264
C69,T12,1482.0,0.08839506226065616
C69,T12,1488.0,0.08787081075144816
C69,T12,1494.0,0.08736592814036358
C69,T12,1500.0,0.0871218800240081
C69,T12,1506.0,0.08657825961667674
C69,T12,1512.0,0.0859403772384778
C69,T12,1518.0,0.08562401856912814
C69,T12,1524.0,0.08499130123042882
C69,T12,1530.0,0.08449674869834346
C69,T12,1536.0,0.0840486815217543
C69,T12,1542.0,0.08384078868189604
C69,T12,1548.0,0.0834611582786764
C69,T12,1554.0,0.08309185795445598
C69,T12,1560.0,0.08271481007098623
C69,T12,1566.0,0.082380373763388
C69,T12,1572.0,0.08217764596302926
C69,T12,1578.0,0.08179672429993476
C69,T12,1584.0,0.08144679287383777
C69,T12,1590.0,0.08124277381360409
C69,T12,1596.0,0.08086572593013434
C69,T12,1602.0,0.08047318292816574
C69,T12,1608.0,0.08027949394693129
C69,T12,1614.0,0.07987920338571336
C69,T12,1620.0,0.07947633030474568
C69,T12,1626.0,0.07902826312815654
C69,T12,1632.0,0.07884748674567103
C69,T12,1638.0,0.0784045846085815
C69,T12,1644.0,0.07799138144861462
C69,T12,1650.0,0.07756913946952344
C69,T12,1656.0,0.07733542143216718
C69,T12,1662.0,0.07687573291670402
C69,T12,1668.0,0.0763915104636178
C69,T12,1674.0,0.07614358856763766
C69,T12,1680.0,0.07564128847630289
C69,T12,1686.0,0.0751854737404644
C69,T12,1692.0,0.07475806672187361
C69,T12,1698.0,0.07458632915851239
C69,T12,1704.0,0.07421315505466732
C69,T12,1710.0,0.07391487402356621
C69,T12,1716.0,0.07370310740408319
C69,T12,1722.0,0.07327957416511709
C69,T12,1728.0,0.07287024478477487
C69,T12,1734.0,0.07243250768718494
C69,T12,1740.0,0.07224914878494963
C69,T12,1746.0,0.07188759601997856
C69,T12,1752.0,0.0715105481365088
C69,T12,1758.0,0.07115028663141267
C69,T12,1764.0,0.07095918016992801
C69,T12,1770.0,0.07050853047358906
C69,T12,1776.0,0.07013406510986911
C69,T12,1782.0,0.06994683242800906
C69,T12,1788.0,0.06956461950503968
C69,T12,1794.0,0.06917853280244564
C69,T12,1800.0,0.06872659184623182
C69,T12,1806.0,0.06851740774649862
C69,T12,1812.0,0.06810162206678191
C69,T12,1818.0,0.06774265182156065
C69,T12,1824.0,0.06756704047857476
C69,T12,1830.0,0.06720290519385388
C69,T12,1836.0,0.06680261463263594
C69,T12,1842.0,0.0663881202127942
C69,T12,1848.0,0.06620088753093414
C69,T12,1854.0,0.06579930570984134
C69,T12,1860.0,0.0653706074313757
C69,T12,1866.0,0.0648915500177891
C69,T12,1872.0,0.06467590961868133
C69,T12,1878.0,0.06427432779758853
C69,T12,1884.0,0.06447705559794727
C69,T12,1890.0,0.06326972761491899
C69,T12,1896.0,0.06303084453806312
C69,T12,1902.0,0.06265379665459336
C69,T12,1908.0,0.062270292471749054
C69,T12,1914.0,0.06186225435128177
C69,T12,1920.0,0.061649196471923816
C69,T12,1926.0,0.061272148588454055
C69,T12,1932.0,0.060939003540730695
C69,T12,1938.0,0.060760809677995006
C69,T12,1944.0,0.06039796565314906
C69,T12,1950.0,0.06009968462204797
C69,T12,1956.0,0.059779452173073636
C69,T12,1962.0,0.05963483106708519
C69,T12,1968.0,0.05939853050997913
C69,T12,1974.0,0.05914544357449945
C69,T12,1980.0,0.059038269004882994
C69,T12,1986.0,0.05875160931265591
C69,T12,1992.0,0.058435250643306326
C69,T12,1998.0,0.058248017961446276
C69,T12,2004.0,0.057864513778602036
C69,T12,2010.0,0.05755332014875192
C69,T12,2016.0,0.0572808643151488
C69,T12,2022.0,0.05715432084740892
C69,T12,2028.0,0.056903816431678966
C69,T12,2034.0,0.05661715673945196
C69,T12,2040.0,0.05630467184972697
C69,T12,2046.0,0.05614197310549003
C69,T12,2052.0,0.05574555632389677
C69,T12,2058.0,0.05536076088117759
C69,T12,2064.0,0.05518385827831677
C69,T12,2070.0,0.05489203354659015
C69,T12,2076.0,0.0546040825944882
C69,T12,2082.0,0.05443751007062659
C69,T12,2088.0,0.0541650542370234
C69,T12,2094.0,0.05381770533067622
C69,T12,2100.0,0.05345615256570515
C69,T12,2106.0,0.05328054122271926
C69,T12,2112.0,0.052986133971242834
C69,T12,2118.0,0.052708513098140106
C69,T12,2124.0,0.05256001821252699
C69,T12,2130.0,0.05218942662843164
C69,T12,2136.0,0.051843368981959397
C69,T12,2142.0,0.051466321098489635
C69,T12,2148.0,0.051324282512251
C69,T12,2154.0,0.051037622820023915
C69,T12,2160.0,0.050806487302417463
C69,T12,2166.0,0.05065024485755501
C69,T12,2172.0,0.05041523556032381
C69,T12,2178.0,0.050124702088472056
C69,T12,2184.0,0.04982125601787143
C69,T12,2190.0,0.04972828530687887
C69,T12,2196.0,0.04950231482877196
C69,T12,2202.0,0.049286674429664196
C69,T12,2208.0,0.04906070395155728
C69,T12,2214.0,0.048932869223942535
C69,T12,2220.0,0.04872497638408419
C69,T12,2226.0,0.048502879685602025
C69,T12,2232.0,0.048396996375860514
C69,T12,2238.0,0.04820201613475112
C69,T12,2244.0,0.04797733691651915
C69,T12,2250.0,0.04775524021803691
C69,T12,2256.0,0.047640318089171116
C69,T12,2262.0,0.047425968949938294
C69,T12,2268.0,0.04723357122857871
C69,T12,2274.0,0.047113484060213304
C69,T12,2280.0,0.04688493106235666
C69,T12,2286.0,0.0466718731829987
C69,T12,2292.0,0.04644461144501692
C69,T12,2298.0,0.04634518443464989
C69,T12,2304.0,0.046129544035542126
C69,T12,2310.0,0.04586612702106322
C69,T12,2316.0,0.04572279717494972
C69,T12,2322.0,0.045393525906851105
C69,T12,2328.0,0.04506296337887762
C69,T12,2334.0,0.04478017746627529
C69,T12,2340.0,0.044652342738660464
C69,T12,2346.0,0.044405712102555256
C69,T12,2352.0,0.04423655705894377
C69,T12,2358.0,0.0441151786307035
C69,T12,2364.0,0.04395118862659163
C69,T12,2370.0,0.043757499645357176
C69,T12,2376.0,0.04358576208199596
C69,T12,2382.0,0.04347729625250464
C69,T12,2388.0,0.04327973349164544
C69,T12,2394.0,0.04302535529629082
C69,T12,2400.0,0.04289235552917646
C69,T12,2406.0,0.042659928751695074
C69,T12,2412.0,0.042419754414964345
C69,T12,2418.0,0.04216795873935952
C69,T12,2424.0,0.04206465794936782
C69,T12,2430.0,0.04187484274775804
C69,T12,2436.0,0.04166824116777455
C69,T12,2442.0,0.041575270456782
C69,T12,2448.0,0.04134929997867509
C69,T12,2454.0,0.04112203824069331
C69,T12,2460.0,0.040936096818708204
C69,T12,2466.0,0.04085087366696506
C69,T12,2472.0,0.0406352332678573
C69,T12,2478.0,0.040409262789750384
C69,T11,0.0,1.0
C69,T11,6.0,0.9967922264422807
C69,T11,12.0,0.9965623859692979
C69,T11,18.0,0.996647327013661
C69,T11,24.0,0.9968438572731682
C69,T11,30.0,0.9969687705737025
C69,T11,36.0,0.9971536422584933
C69,T11,42.0,0.9971286595983863
C69,T11,48.0,0.9969371258709004
C69,T11,54.0,0.9961460083008504
C69,T11,60.0,0.9945704352034449
C69,T11,66.0,0.9919722385523327
C69,T11,72.0,0.9902451039836125
C69,T11,78.0,0.986072999745769
C69,T11,84.0,0.9805418387981124
C69,T11,90.0,0.974084653915829
C69,T11,96.0,0.9704954784138118
C69,T11,102.0,0.9622695211959633
C69,T11,108.0,0.9531325296395521
C69,T11,114.0,0.9483341933883631
C69,T11,120.0,0.9380513304883843
C69,T11,126.0,0.9271155874042797
C69,T11,132.0,0.9157834527798133
C69,T11,138.0,0.9099241862294204
C69,T11,144.0,0.8979957987837369
C69,T11,150.0,0.885626051009499
C69,T11,156.0,0.8795202888793853
C69,T11,162.0,0.8669256971641861
C69,T11,168.0,0.8543860673012219
C69,T11,174.0,0.8418697545876906
C69,T11,180.0,0.8357290167334271
C69,T11,186.0,0.8230294978457791
C69,T11,192.0,0.8105414988137022
C69,T11,198.0,0.7982350404450685
C69,T11,204.0,0.7920843095267625
C69,T11,210.0,0.7796462758148994
C69,T11,216.0,0.7677145573478683
C69,T11,222.0,0.761755360157048
C69,T11,228.0,0.750071802780412
C69,T11,234.0,0.738328287019519
C69,T11,240.0,0.72688955971193
C69,T11,246.0,0.7213517367215785
C69,T11,252.0,0.7105542310233985
C69,T11,258.0,0.6998583214763198
C69,T11,264.0,0.694442080765155
C69,T11,270.0,0.6839393704562358
C69,T11,276.0,0.6738596998584593
C69,T11,282.0,0.663856642751677
C69,T11,288.0,0.6590416513937504
C69,T11,294.0,0.6494782891048486
C69,T11,300.0,0.6400781468619783
C69,T11,306.0,0.6309394897948933
C69,T11,312.0,0.626540876105414
C69,T11,318.0,0.6177536417904983
C69,T11,324.0,0.6093095026743836
C69,T11,330.0,0.605080771073631
C69,T11,336.0,0.5967782003647882
C69,T11,342.0,0.5888220558760939
C69,T11,348.0,0.5810441210294949
C69,T11,354.0,0.5772967220134676
C69,T11,360.0,0.5699235062605996
C69,T11,366.0,0.5627251691284796
C69,T11,372.0,0.5592059450747616
C69,T11,378.0,0.5524323131644581
C69,T11,384.0,0.5459351560260036
C69,T11,390.0,0.5395012882931531
C69,T11,396.0,0.5364717243775293
C69,T11,402.0,0.5302393834362074
C69,T11,408.0,0.5241802556049596
C69,T11,414.0,0.5185275123781167
C69,T11,420.0,0.5156045411456155
C69,T11,426.0,0.5099784460895531
C69,T11,432.0,0.5045971811025379
C69,T11,438.0,0.4993857982042493
C69,T11,444.0,0.4967542913396613
C69,T11,450.0,0.4916012013149552
C69,T11,456.0,0.486601338272238
C69,T11,462.0,0.48415303758176675
C69,T11,468.0,0.4793413772451875
C69,T11,474.0,0.47464130612375255
C69,T11,480.0,0.4699129213208631
C69,T11,486.0,0.467622844144402
C69,T11,492.0,0.4630826620476505
C69,T11,498.0,0.458624089973915
C69,T11,504.0,0.45652221550359207
C69,T11,510.0,0.45221520490117134
C69,T11,516.0,0.44797314921502857
C69,T11,522.0,0.4439109686816548
C69,T11,528.0,0.44189070423434773
C69,T11,534.0,0.43792345780938
C69,T11,540.0,0.4341510761332459
C69,T11,546.0,0.43220909068760677
C69,T11,552.0,0.42852165005583603
C69,T11,558.0,0.4249408021071877
C69,T11,564.0,0.4213832713079723
C69,T11,570.0,0.41958785080162686
C69,T11,576.0,0.41601366489567376
C69,T11,582.0,0.4126043645464258
C69,T11,588.0,0.4091584229623545
C69,T11,594.0,0.40749790882058584
C69,T11,600.0,0.4041452358342469
C69,T11,606.0,0.40085418674283785
C69,T11,612.0,0.3992153242398287
C69,T11,618.0,0.39595591985122186
C69,T11,624.0,0.3928180977418016
C69,T11,630.0,0.38973523748461647
C69,T11,636.0,0.3881879780686657
C69,T11,642.0,0.38519672089853896
C69,T11,648.0,0.382255429048626
C69,T11,654.0,0.3793690990509482
C69,T11,660.0,0.3779284323181199
C69,T11,666.0,0.3750504298738108
C69,T11,672.0,0.3722207272390418
C69,T11,678.0,0.37083335684777485
C69,T11,684.0,0.3680486230011981
C69,T11,690.0,0.365305526921466
C69,T11,696.0,0.3625774204377981
C69,T11,702.0,0.36126333251617787
C69,T11,708.0,0.3586484807583278
C69,T11,714.0,0.35606860472462715
C69,T11,720.0,0.3548228027406323
C69,T11,726.0,0.35227457140973384
C69,T11,732.0,0.34974299518557317
C69,T11,738.0,0.3472847014310593
C69,T11,744.0,0.3460205788296527
C69,T11,750.0,0.34356894711783387
C69,T11,756.0,0.34114896010881707
C69,T11,762.0,0.3399431303809933
C69,T11,768.0,0.3376413946298155
C69,T11,774.0,0.33528136600505526
C69,T11,780.0,0.33295131657242316
C69,T11,786.0,0.33181876931424603
C69,T11,792.0,0.329543681733849
C69,T11,798.0,0.32727025966412576
C69,T11,804.0,0.3261310503632535
C69,T11,810.0,0.32390426259239646
C69,T11,816.0,0.32166415073614896
C69,T11,822.0,0.3194007217304684
C69,T11,828.0,0.3182598469189224
C69,T11,834.0,0.31600641097728466
C69,T11,840.0,0.3137746266744062
C69,T11,846.0,0.31156116298893927
C69,T11,852.0,0.3104852430936711
C69,T11,858.0,0.3083383998351559
C69,T11,864.0,0.3061699049378814
C69,T11,870.0,0.3050906540212655
C69,T11,876.0,0.30301043118970183
C69,T11,882.0,0.30097018061430925
C69,T11,888.0,0.2989865574018255
C69,T11,894.0,0.29802888876439626
C69,T11,900.0,0.29608190678673585
C69,T11,906.0,0.2941832246186154
C69,T11,912.0,0.2932455421092717
C69,T11,918.0,0.29138017015462697
C69,T11,924.0,0.2895980737336717
C69,T11,930.0,0.287835963440802
C69,T11,936.0,0.2869182670595438
C69,T11,942.0,0.28510452593578656
C69,T11,948.0,0.2833424156429168
C69,T11,954.0,0.2815753088180257
C69,T11,960.0,0.2807159053103501
C69,T11,966.0,0.27902707748712713
C69,T11,972.0,0.2773132670037973
C69,T11,978.0,0.27646885309218594
C69,T11,984.0,0.27479001833300565
C69,T11,990.0,0.2731211766378681
C69,T11,996.0,0.2714839796455326
C69,T11,1002.0,0.27061624858448813
C69,T11,1008.0,0.26899903772023814
C69,T11,1014.0,0.2673601752172288
C69,T11,1020.0,0.26579792620521386
C69,T11,1026.0,0.26501846720988026
C69,T11,1032.0,0.2633779391961972
C69,T11,1038.0,0.26180236609879187
C69,T11,1044.0,0.2610045864860465
C69,T11,1050.0,0.25951561994367833
C69,T11,1056.0,0.2579916776771605
C69,T11,1062.0,0.257290497683495
C69,T11,1068.0,0.25575822786360825
C69,T11,1074.0,0.2542792543852828
C69,T11,1080.0,0.25274865007606984
C69,T11,1086.0,0.2519442084206294
C69,T11,1092.0,0.250322001024358
C69,T11,1098.0,0.24874809343762658
C69,T11,1104.0,0.24712921706270274
C69,T11,1110.0,0.24635475459939046
C69,T11,1116.0,0.24477585048063766
C69,T11,1122.0,0.243250242703446
C69,T11,1128.0,0.24248577330417653
C69,T11,1134.0,0.24091519673879258
C69,T11,1140.0,0.23940790957901265
C69,T11,1146.0,0.23791228099394937
C69,T11,1152.0,0.23717279425478663
C69,T11,1158.0,0.23565717954163784
C69,T11,1164.0,0.23423982995824263
C69,T11,1170.0,0.23352032934716535
C69,T11,1176.0,0.23213795548791966
C69,T11,1182.0,0.23068229915902733
C69,T11,1188.0,0.22924829446889425
C69,T11,1194.0,0.22852546283646938
C69,T11,1200.0,0.2271131097850956
C69,T11,1206.0,0.2256724430522673
C69,T11,1212.0,0.22497792510129686
C69,T11,1218.0,0.22359388573137742
C69,T11,1224.0,0.2221998532974153
C69,T11,1230.0,0.22076751411795592
C69,T11,1236.0,0.22007965820968078
C69,T11,1242.0,0.21869062230773997
C69,T11,1248.0,0.2173398931512963
C69,T11,1254.0,0.2159991570588955
C69,T11,1260.0,0.21534461136409602
C69,T11,1266.0,0.21408381978403704
C69,T11,1272.0,0.21279471452252374
C69,T11,1278.0,0.21157556070930947
C69,T11,1284.0,0.21093600461057413
C69,T11,1290.0,0.20971685079735986
C69,T11,1296.0,0.20852101413357876
C69,T11,1302.0,0.20787979252416966
C69,T11,1308.0,0.20663565605084858
C69,T11,1314.0,0.2054048436629179
C69,T11,1320.0,0.20421900006317947
C69,T11,1326.0,0.20365106092341712
C69,T11,1332.0,0.20240359342874842
C69,T11,1338.0,0.20007687501746382
C69,T11,1344.0,0.19952225996309184
C69,T11,1350.0,0.1984146953650216
C69,T11,1356.0,0.1972871446388658
C69,T11,1362.0,0.19617125248742653
C69,T11,1368.0,0.19560664436901176
C69,T11,1374.0,0.19450740732431046
C69,T11,1380.0,0.19349311132397234
C69,T11,1386.0,0.19247215328093914
C69,T11,1392.0,0.19195751048273801
C69,T11,1398.0,0.1909132352902718
C69,T11,1404.0,0.1898656290764579
C69,T11,1410.0,0.189334331171519
C69,T11,1416.0,0.18829838353242156
C69,T11,1422.0,0.18725077731860776
C69,T11,1428.0,0.18623648131826973
C69,T11,1434.0,0.18573682811613274
C69,T11,1440.0,0.18476416988263944
C69,T11,1446.0,0.18371989469017314
C69,T11,1452.0,0.18321691046668864
C69,T11,1458.0,0.18216763874220102
C69,T11,1464.0,0.18113169110310356
C69,T11,1470.0,0.1800574367185091
C69,T11,1476.0,0.17954279392030806
C69,T11,1482.0,0.17855348058007678
C69,T11,1488.0,0.17753252253704366
C69,T11,1494.0,0.1764482750884064
C69,T11,1500.0,0.1759103151407722
C69,T11,1506.0,0.17489102260841283
C69,T11,1512.0,0.17389837824683405
C69,T11,1518.0,0.173383735448633
C69,T11,1524.0,0.1723494533202094
C69,T11,1530.0,0.171353477937283
C69,T11,1536.0,0.1703158647875119
C69,T11,1542.0,0.16982787016009146
C69,T11,1548.0,0.16890850826815948
C69,T11,1554.0,0.167992477397575
C69,T11,1560.0,0.16709976367642362
C69,T11,1566.0,0.1661953913805557
C69,T11,1572.0,0.1657690206480655
C69,T11,1578.0,0.1648862999909568
C69,T11,1584.0,0.16405354465406186
C69,T11,1590.0,0.16362717392157158
C69,T11,1596.0,0.16277443245659123
C69,T11,1602.0,0.16192668752363215
C69,T11,1608.0,0.16153029598327015
C69,T11,1614.0,0.16069587513570135
C69,T11,1620.0,0.15986978184150158
C69,T11,1626.0,0.15900704731247836
C69,T11,1632.0,0.1586323074108757
C69,T11,1638.0,0.15779955207398075
C69,T11,1644.0,0.15701842756797327
C69,T11,1650.0,0.15617401365636177
C69,T11,1656.0,0.1557576359879143
C69,T11,1662.0,0.15490656003360762
C69,T11,1668.0,0.15406048061132238
C69,T11,1674.0,0.15363577538950596
C69,T11,1680.0,0.15278469943519926
C69,T11,1686.0,0.1519236304168499
C69,T11,1692.0,0.15108421303725983
C69,T11,1698.0,0.15063452515533649
C69,T11,1704.0,0.14977845266900855
C69,T11,1710.0,0.1490006591843486
C69,T11,1716.0,0.14858594702657496
C69,T11,1722.0,0.14777151230709165
C69,T11,1728.0,0.14699871535445314
C69,T11,1734.0,0.14618927716699123
C69,T11,1740.0,0.1457912201159555
C69,T11,1746.0,0.1450467368447714
C69,T11,1752.0,0.1442672778494377
C69,T11,1758.0,0.14352112906757974
C69,T11,1764.0,0.1431613787620412
C69,T11,1770.0,0.14236026812794816
C69,T11,1776.0,0.14163910200619714
C69,T11,1782.0,0.14125270352987793
C69,T11,1788.0,0.14046325147050154
C69,T11,1794.0,0.13974208534875052
C69,T11,1800.0,0.13900592963093536
C69,T11,1806.0,0.13860620706922577
C69,T11,1812.0,0.1378284135845659
C69,T11,1818.0,0.1370489545892322
C69,T11,1824.0,0.1366525630488702
C69,T11,1830.0,0.13591973835240265
C69,T11,1836.0,0.1351735895705448
C69,T11,1842.0,0.13444576140609857
C69,T11,1848.0,0.13408601110055995
C69,T11,1854.0,0.13334152782937586
C69,T11,1860.0,0.1325987100688655
C69,T11,1866.0,0.1318192510735319
C69,T11,1872.0,0.13145117321462432
C69,T11,1878.0,0.13065839013390032
C69,T11,1884.0,0.13505533831270566
C69,T11,1890.0,0.12823340659286217
C69,T11,1896.0,0.12799190754516265
C69,T11,1902.0,0.12736567553181768
C69,T11,1908.0,0.1266861471769114
C69,T11,1914.0,0.1259799706512244
C69,T11,1920.0,0.12564686851646645
C69,T11,1926.0,0.12493236443741061
C69,T11,1932.0,0.12425117057183055
C69,T11,1938.0,0.12390141333033461
C69,T11,1944.0,0.12319856782599523
C69,T11,1950.0,0.12251404293906766
C69,T11,1956.0,0.12181452845607588
C69,T11,1962.0,0.12150974000277233
C69,T11,1968.0,0.12086185635066804
C69,T11,1974.0,0.12019731759182586
C69,T11,1980.0,0.11986254994639405
C69,T11,1986.0,0.11928461774258899
C69,T11,1992.0,0.1186683787932867
C69,T11,1998.0,0.11837025238267826
C69,T11,2004.0,0.11773902383731195
C69,T11,2010.0,0.11710113324925045
C69,T11,2016.0,0.11647656674657922
C69,T11,2022.0,0.11618510237866597
C69,T11,2028.0,0.11555387383329956
C69,T11,2034.0,0.11496095203343036
C69,T11,2040.0,0.11436136819086597
C69,T11,2046.0,0.11407490035497415
C69,T11,2052.0,0.11347198549106217
C69,T11,2058.0,0.11285408103108614
C69,T11,2064.0,0.11254429604576126
C69,T11,2070.0,0.11188975035096177
C69,T11,2076.0,0.1112601873162692
C69,T11,2082.0,0.11094540579892288
C69,T11,2088.0,0.11035081848837992
C69,T11,2094.0,0.10974124158177274
C69,T11,2100.0,0.10911500956842778
C69,T11,2106.0,0.10882854173253588
C69,T11,2112.0,0.1082123027832337
C69,T11,2118.0,0.1076193809833644
C69,T11,2124.0,0.10732125457275604
C69,T11,2130.0,0.10671334317682271
C69,T11,2136.0,0.10614373852638659
C69,T11,2142.0,0.10551084447034634
C69,T11,2148.0,0.10523770071984481
C69,T11,2154.0,0.10459814462110956
C69,T11,2160.0,0.10401854690663064
C69,T11,2166.0,0.1037170894746746
C69,T11,2172.0,0.10315248135625991
C69,T11,2178.0,0.10257788017380236
C69,T11,2184.0,0.10200827552336622
C69,T11,2190.0,0.10175678341162393
C69,T11,2196.0,0.10118384773984021
C69,T11,2202.0,0.10067087045231293
C69,T11,2208.0,0.10015789316478566
C69,T11,2214.0,0.09989973901034817
C69,T11,2220.0,0.09937676865877809
C69,T11,2226.0,0.09886379137125081
C69,T11,2232.0,0.09864727498365813
C69,T11,2238.0,0.09812763565343566
C69,T11,2244.0,0.09766129266477452
C69,T11,2250.0,0.09716663599465888
C69,T11,2256.0,0.09691347837224285
C69,T11,2262.0,0.09642215272347479
C69,T11,2268.0,0.09595914075616126
C69,T11,2274.0,0.09573263130452578
C69,T11,2280.0,0.09524630218777917
C69,T11,2286.0,0.0947782936884442
C69,T11,2292.0,0.09431861274247816
C69,T11,2298.0,0.09410542737623308
C69,T11,2304.0,0.09363741887689811
C69,T11,2310.0,0.09313443465341352
C69,T11,2316.0,0.09290126315908295
C69,T11,2322.0,0.09241659955301008
C69,T11,2328.0,0.09193027043626338
C69,T11,2334.0,0.09141562763806235
C69,T11,2340.0,0.09118412165440554
C69,T11,2346.0,0.0906278410893597
C69,T11,2352.0,0.09015483605800338
C69,T11,2358.0,0.08989001986087079
C69,T11,2364.0,0.08943200442557851
C69,T11,2370.0,0.0889973061397194
C69,T11,2376.0,0.08855927683251259
C69,T11,2382.0,0.08828446757133733
C69,T11,2388.0,0.08787475194558504
C69,T11,2394.0,0.08745004672376862
C69,T11,2400.0,0.08722353727213315
C69,T11,2406.0,0.08675552877279817
C69,T11,2412.0,0.08629251680548454
C69,T11,2418.0,0.08584949096625649
C69,T11,2424.0,0.08562131600394728
C69,T11,2430.0,0.0851499764832647
C69,T11,2436.0,0.08471527819740549
C69,T11,2442.0,0.084505423852508
C69,T11,2448.0,0.08403908086384687
C69,T11,2454.0,0.0836160411527042
C69,T11,2460.0,0.08320132899493048
C69,T11,2466.0,0.08298647811801163
C69,T11,2472.0,0.08255511085350002
C69,T11,2478.0,0.08213873318505255
C69,T9,0.0,1.0
C69,T9,6.0,0.9999425149403149
C69,T9,12.0,0.9991965460262642
C69,T9,18.0,0.9978008622515887
C69,T9,24.0,0.9948931877210142
C69,T9,30.0,0.9924427199442133
C69,T9,36.0,0.9851675177394386
C69,T9,42.0,0.974735984699406
C69,T9,48.0,0.9683725222784715
C69,T9,54.0,0.9537793382896215
C69,T9,60.0,0.937313210844526
C69,T9,66.0,0.91937252477542
C69,T9,72.0,0.9099529961582127
C69,T9,78.0,0.8911059177526792
C69,T9,84.0,0.8711826655553699
C69,T9,90.0,0.8517072620788618
C69,T9,96.0,0.8419735709261672
C69,T9,102.0,0.8222241107697658
C69,T9,108.0,0.8027620759117889
C69,T9,114.0,0.7932890728204561
C69,T9,120.0,0.7745222061261109
C69,T9,126.0,0.7561510505402944
C69,T9,132.0,0.738382819650243
C69,T9,138.0,0.7296410799925764
C69,T9,144.0,0.7125947545032193
C69,T9,150.0,0.6959160660234748
C69,T9,156.0,0.6879577274117469
C69,T9,162.0,0.672147999136542
C69,T9,168.0,0.6569371849715426
C69,T9,174.0,0.6423119162982177
C69,T9,180.0,0.6352826966744203
C69,T9,186.0,0.621045117938505
C69,T9,192.0,0.6073783792138797
C69,T9,198.0,0.594155478624496
C69,T9,204.0,0.5876716986367788
C69,T9,210.0,0.5748351511229518
C69,T9,216.0,0.5627886889643291
C69,T9,222.0,0.5568971387775519
C69,T9,228.0,0.5454455801435755
C69,T9,234.0,0.5341851927545976
C69,T9,240.0,0.52338067525754
C69,T9,246.0,0.5181669140303033
C69,T9,252.0,0.5080816282102335
C69,T9,258.0,0.49816746070736523
C69,T9,264.0,0.49319968206110615
C69,T9,270.0,0.4837641111016612
C69,T9,276.0,0.4748726429164431
C69,T9,282.0,0.46615897735769235
C69,T9,288.0,0.46197861034293125
C69,T9,294.0,0.4536700139256812
C69,T9,300.0,0.4454991142793044
C69,T9,306.0,0.43755815487166716
C69,T9,312.0,0.4337601303469034
C69,T9,318.0,0.42623894556115133
C69,T9,324.0,0.41913753539728454
C69,T9,330.0,0.41561089382870775
C69,T9,336.0,0.4087608136932308
C69,T9,342.0,0.4022543070540103
C69,T9,348.0,0.3959483296927602
C69,T9,354.0,0.3929403905232007
C69,T9,360.0,0.3870715669879268
C69,T9,366.0,0.38146075779030836
C69,T9,372.0,0.378736233333614
C69,T9,378.0,0.37349840859302114
C69,T9,384.0,0.36844239706445464
C69,T9,390.0,0.36337836436476967
C69,T9,396.0,0.3609706761672688
C69,T9,402.0,0.3560684037518135
C69,T9,408.0,0.35133457592985323
C69,T9,414.0,0.34687346792593315
C69,T9,420.0,0.3445834235715084
C69,T9,426.0,0.34018247435097965
C69,T9,432.0,0.33596467520433065
C69,T9,438.0,0.3319286892697083
C69,T9,444.0,0.32990200670035164
C69,T9,450.0,0.32593687444394576
C69,T9,456.0,0.32210008092544073
C69,T9,462.0,0.3201776735806291
C69,T9,468.0,0.31640772315478094
C69,T9,474.0,0.3127527428483029
C69,T9,480.0,0.30912984722630005
C69,T9,486.0,0.30738925309351506
C69,T9,492.0,0.3039535181309514
C69,T9,498.0,0.3006394375970235
C69,T9,504.0,0.29906461433402726
C69,T9,510.0,0.2957358283197147
C69,T9,516.0,0.2924605167795277
C69,T9,522.0,0.2893670184513675
C69,T9,528.0,0.28787107003770646
C69,T9,534.0,0.2849446794411883
C69,T9,540.0,0.2821292483784806
C69,T9,546.0,0.2806961324719171
C69,T9,552.0,0.2779234809885098
C69,T9,558.0,0.2751842510514309
C69,T9,564.0,0.27245571600917706
C69,T9,570.0,0.2711188541560395
C69,T9,576.0,0.26847053082497396
C69,T9,582.0,0.26594920936995653
C69,T9,588.0,0.26335970796042907
C69,T9,594.0,0.26210305781847976
C69,T9,600.0,0.25953895678416194
C69,T9,606.0,0.2570564043228854
C69,T9,612.0,0.25585322865506155
C69,T9,618.0,0.2535364470635742
C69,T9,624.0,0.25132661442033777
C69,T9,630.0,0.2491983303501428
C69,T9,636.0,0.24811814597280765
C69,T9,642.0,0.2460099148304097
C69,T9,648.0,0.24384553549017993
C69,T9,654.0,0.24173329376222252
C69,T9,660.0,0.24066647800341873
C69,T9,666.0,0.2385462151043426
C69,T9,672.0,0.2364553631660354
C69,T9,678.0,0.2354620748091542
C69,T9,684.0,0.23344073968721019
C69,T9,690.0,0.23148892138162938
C69,T9,696.0,0.229590577550174
C69,T9,702.0,0.2286347213251806
C69,T9,708.0,0.2268633793697734
C69,T9,714.0,0.22510139544733804
C69,T9,720.0,0.22420436114388273
C69,T9,726.0,0.22234746002987463
C69,T9,732.0,0.22048387460660085
C69,T9,738.0,0.21869782717080904
C69,T9,744.0,0.21782753010441652
C69,T9,750.0,0.21612570496537237
C69,T9,756.0,0.214459975096363
C69,T9,762.0,0.21361374154332685
C69,T9,768.0,0.21201752849068065
C69,T9,774.0,0.21035714606908376
C69,T9,780.0,0.2087168165752839
C69,T9,786.0,0.20789732025931065
C69,T9,792.0,0.20630912837778323
C69,T9,798.0,0.2047356419766403
C69,T9,804.0,0.20396026210182044
C69,T9,810.0,0.2023841019769713
C69,T9,816.0,0.2006568764627175
C69,T9,822.0,0.19891494546807925
C69,T9,828.0,0.19807004877689638
C69,T9,834.0,0.19645244593459985
C69,T9,840.0,0.19484954857268796
C69,T9,846.0,0.19324264062521662
C69,T9,852.0,0.19247127133595623
C69,T9,858.0,0.19099002840267973
C69,T9,864.0,0.1895395332920255
C69,T9,870.0,0.18883099650986254
C69,T9,876.0,0.18744868135371828
C69,T9,882.0,0.1861158300861402
C69,T9,888.0,0.18482442153600928
C69,T9,894.0,0.18420010705059406
C69,T9,900.0,0.18297554159312
C69,T9,906.0,0.18175766044491173
C69,T9,912.0,0.1811654306439718
C69,T9,918.0,0.1799381914627915
C69,T9,924.0,0.1787430369660865
C69,T9,930.0,0.17752782954158447
C69,T9,936.0,0.17690485191802235
C69,T9,942.0,0.1756896444935203
C69,T9,948.0,0.1745319221287031
C69,T9,954.0,0.17339425269168304
C69,T9,960.0,0.1728113809237151
C69,T9,966.0,0.17168440638152008
C69,T9,972.0,0.17056812673415025
C69,T9,978.0,0.17001065534139184
C69,T9,984.0,0.16888100707549056
C69,T9,990.0,0.16775804311885503
C69,T9,996.0,0.1666658269848417
C69,T9,1002.0,0.1661310822435866
C69,T9,1008.0,0.16505624531366397
C69,T9,1014.0,0.16394263939000042
C69,T9,1020.0,0.1628584444271058
C69,T9,1026.0,0.16234508947550103
C69,T9,1032.0,0.16125822078890012
C69,T9,1038.0,0.16029434339278792
C69,T9,1044.0,0.1598438209482806
C69,T9,1050.0,0.15889197530884663
C69,T9,1056.0,0.15798023552500678
C69,T9,1062.0,0.15752570249494005
C69,T9,1068.0,0.15652038238138058
C69,T9,1074.0,0.15543485055663286
C69,T9,1080.0,0.15423835919807477
C69,T9,1086.0,0.15363409764045657
C69,T9,1092.0,0.152511133683821
C69,T9,1098.0,0.1514456547868704
C69,T9,1104.0,0.15042429233107332
C69,T9,1110.0,0.14990157934649645
C69,T9,1116.0,0.14891497529888098
C69,T9,1122.0,0.14793505556053116
C69,T9,1128.0,0.1474176900233669
C69,T9,1134.0,0.14633483192232546
C69,T9,1140.0,0.14535491218397562
C69,T9,1146.0,0.1444070771301011
C69,T9,1152.0,0.1439445229289155
C69,T9,1158.0,0.14301941452654426
C69,T9,1164.0,0.14217050724980193
C69,T9,1170.0,0.14167052091672852
C69,T9,1176.0,0.14070129607320375
C69,T9,1182.0,0.1397267237822664
C69,T9,1188.0,0.13878824676136384
C69,T9,1194.0,0.13828558670458413
C69,T9,1200.0,0.13734577282182844
C69,T9,1206.0,0.13640996952463208
C69,T9,1212.0,0.1359434047378871
C69,T9,1218.0,0.13500626457883771
C69,T9,1224.0,0.1340530820775506
C69,T9,1230.0,0.13309455212885096
C69,T9,1236.0,0.13266274575028747
C69,T9,1242.0,0.13176838517053846
C69,T9,1248.0,0.1309248253412087
C69,T9,1254.0,0.13014677174268263
C69,T9,1260.0,0.12974170260118195
C69,T9,1266.0,0.12898370193045294
C69,T9,1272.0,0.1282109957793394
C69,T9,1278.0,0.12743160531896014
C69,T9,1284.0,0.1270091569733687
C69,T9,1290.0,0.1262177347563113
C69,T9,1296.0,0.12545706036187598
C69,T9,1302.0,0.12507471787187865
C69,T9,1308.0,0.12430334858261827
C69,T9,1314.0,0.12354802163559554
C69,T9,1320.0,0.12277397862262887
C69,T9,1326.0,0.12242372081710683
C69,T9,1332.0,0.12169245738344062
C69,T9,1338.0,0.12028340499023359
C69,T9,1344.0,0.11990640994764881
C69,T9,1350.0,0.11919519944177964
C69,T9,1356.0,0.11852142106779828
C69,T9,1362.0,0.11789844344423617
C69,T9,1368.0,0.1175896283561614
C69,T9,1374.0,0.1169613032851867
C69,T9,1380.0,0.11632495704309322
C69,T9,1386.0,0.11568727393914663
C69,T9,1392.0,0.11536375337068731
C69,T9,1398.0,0.11471671223376875
C69,T9,1404.0,0.11406967109685019
C69,T9,1410.0,0.11374882425209716
C69,T9,1416.0,0.11310445683888481
C69,T9,1422.0,0.1124734580442039
C69,T9,1428.0,0.11187187021029202
C69,T9,1434.0,0.11156973943148293
C69,T9,1440.0,0.11096013042645217
C69,T9,1446.0,0.11027030971023316
C69,T9,1452.0,0.1099227256284174
C69,T9,1458.0,0.1092569684255549
C69,T9,1464.0,0.10857784260416105
C69,T9,1470.0,0.10789069561164832
C69,T9,1476.0,0.10754043780612628
C69,T9,1482.0,0.10685997512287923
C69,T9,1488.0,0.10622229201893264
C69,T9,1494.0,0.10559263008610484
C69,T9,1500.0,0.10525841462282044
C69,T9,1506.0,0.10463543699925833
C69,T9,1512.0,0.10399508017160546
C69,T9,1518.0,0.10364081178052402
C69,T9,1524.0,0.10296703340654265
C69,T9,1530.0,0.10234138205927425
C69,T9,1536.0,0.1017250887449778
C69,T9,1542.0,0.10144033717025955
C69,T9,1548.0,0.1009309928042141
C69,T9,1554.0,0.10042432216187493
C69,T9,1560.0,0.09991898838138895
C69,T9,1566.0,0.09945509731835024
C69,T9,1572.0,0.09921579904663858
C69,T9,1578.0,0.09869843350947441
C69,T9,1584.0,0.09824256361755448
C69,T9,1590.0,0.09798187555619259
C69,T9,1596.0,0.09751397390759449
C69,T9,1602.0,0.09700195581784282
C69,T9,1608.0,0.09676666813169055
C69,T9,1614.0,0.0962800504171485
C69,T9,1620.0,0.0957854115314876
C69,T9,1626.0,0.09527740402729533
C69,T9,1632.0,0.09503275830817116
C69,T9,1638.0,0.09450737159988806
C69,T9,1644.0,0.0940234276090523
C69,T9,1650.0,0.09353413617080389
C69,T9,1656.0,0.09326141635276389
C69,T9,1662.0,0.0926972606507398
C69,T9,1668.0,0.09214379984354086
C69,T9,1674.0,0.09185637454511625
C69,T9,1680.0,0.09128553453382655
C69,T9,1686.0,0.09075212665442466
C69,T9,1692.0,0.09022807680799473
C69,T9,1698.0,0.08997139933219231
C69,T9,1704.0,0.08946873927541261
C69,T9,1710.0,0.0890142062453458
C69,T9,1716.0,0.0887842660066061
C69,T9,1722.0,0.08829497456835778
C69,T9,1728.0,0.08779365137343119
C69,T9,1734.0,0.08730837052074225
C69,T9,1740.0,0.08707709342014944
C69,T9,1746.0,0.08661854980452323
C69,T9,1752.0,0.08615332187963141
C69,T9,1758.0,0.08571750491550854
C69,T9,1764.0,0.08550093329530029
C69,T9,1770.0,0.08500629440963937
C69,T9,1776.0,0.08453037158992241
C69,T9,1782.0,0.08431379996971407
C69,T9,1788.0,0.08384589832111597
C69,T9,1794.0,0.08341008135699308
C69,T9,1800.0,0.08294886401766059
C69,T9,1806.0,0.08271491319336158
C69,T9,1812.0,0.08220423196546302
C69,T9,1818.0,0.08173633031686484
C69,T9,1824.0,0.08153312731518794
C69,T9,1830.0,0.08109463662735886
C69,T9,1836.0,0.08063074556432007
C69,T9,1842.0,0.08017086508684075
C69,T9,1848.0,0.07995161974292621
C69,T9,1854.0,0.07951713964065651
C69,T9,1860.0,0.07905057485391151
C69,T9,1866.0,0.07853588304045349
C69,T9,1872.0,0.07831797455839212
C69,T9,1878.0,0.07780863019234667
C69,T9,1884.0,0.07704795579791136
C69,T9,1890.0,0.07668566623571114
C69,T9,1896.0,0.07642631503620242
C69,T9,1902.0,0.07593434987424781
C69,T9,1908.0,0.07547179567306221
C69,T9,1914.0,0.07500389402446403
C69,T9,1920.0,0.07475791144348676
C69,T9,1926.0,0.07430337841341994
C69,T9,1932.0,0.07388895123894729
C69,T9,1938.0,0.0736496529672357
C69,T9,1944.0,0.07322720462164425
C69,T9,1950.0,0.07282347234199668
C69,T9,1956.0,0.07241974006234911
C69,T9,1962.0,0.07224728488329434
C69,T9,1968.0,0.07189034276850668
C69,T9,1974.0,0.07151735831148123
C69,T9,1980.0,0.07135426116539843
C69,T9,1986.0,0.07102138256396721
C69,T9,1992.0,0.07067513534400457
C69,T9,1998.0,0.07049198527012472
C69,T9,2004.0,0.07010429533271488
C69,T9,2010.0,0.06968719443453594
C69,T9,2016.0,0.06933961035272018
C69,T9,2022.0,0.06917383948293108
C69,T9,2028.0,0.06886235067115003
C69,T9,2034.0,0.0685094191419217
C69,T9,2040.0,0.06814846644157457
C69,T9,2046.0,0.06799740105217003
C69,T9,2052.0,0.067608374252907
C69,T9,2058.0,0.06719261021658125
C69,T9,2064.0,0.06699074407675747
C69,T9,2070.0,0.06662177020529148
C69,T9,2076.0,0.06626616495235686
C69,T9,2082.0,0.06608836232588959
C69,T9,2088.0,0.06574211510592694
C69,T9,2094.0,0.06541057336634883
C69,T9,2100.0,0.06501619911967323
C69,T9,2106.0,0.0648223541509683
C69,T9,2112.0,0.06446942262173996
C69,T9,2118.0,0.06415392322439951
C69,T9,2124.0,0.06397612059793224
C69,T9,2130.0,0.06361650475943822
C69,T9,2136.0,0.06322079365090952
C69,T9,2142.0,0.0628331037134996
C69,T9,2148.0,0.06265931167259171
C69,T9,2154.0,0.06229835897224452
C69,T9,2160.0,0.061958796061547625
C69,T9,2166.0,0.061818425566968156
C69,T9,2172.0,0.061492231274802626
C69,T9,2178.0,0.06116470012078392
C69,T9,2184.0,0.060833158381205815
C69,T9,2190.0,0.060686103577360664
C69,T9,2196.0,0.060345203804810586
C69,T9,2202.0,0.06004975733526718
C69,T9,2208.0,0.0597810481027865
C69,T9,2214.0,0.05963934074635392
C69,T9,2220.0,0.059350578586076196
C69,T9,2226.0,0.0590791956298893
C69,T9,2232.0,0.058952193753841274
C69,T9,2238.0,0.05867680021209491
C69,T9,2244.0,0.058422796459998774
C69,T9,2250.0,0.05816344526049006
C69,T9,2256.0,0.05799366380514158
C69,T9,2262.0,0.05772361771080779
C69,T9,2268.0,0.057486993162802494
C69,T9,2274.0,0.05734929639192923
C69,T9,2280.0,0.05707657657388923
C69,T9,2286.0,0.05680920420326166
C69,T9,2292.0,0.05655787417487181
C69,T9,2298.0,0.05644424091735514
C69,T9,2304.0,0.056159489342636815
C69,T9,2310.0,0.05590414872868757
C69,T9,2316.0,0.055754420201136135
C69,T9,2322.0,0.0554335733563831
C69,T9,2328.0,0.05512475826830833
C69,T9,2334.0,0.05480524828540848
C69,T9,2340.0,0.054668888376388405
C69,T9,2346.0,0.05435071525534174
C69,T9,2352.0,0.05410205895065811
C69,T9,2358.0,0.0539389618045753
C69,T9,2364.0,0.05369966353286371
C69,T9,2370.0,0.05347908132709599
C69,T9,2376.0,0.05322908816055925
C69,T9,2382.0,0.05309807569895182
C69,T9,2388.0,0.05286278801279955
C69,T9,2394.0,0.0526061105369972
C69,T9,2400.0,0.05246172945685834
C69,T9,2406.0,0.052195693948083946
C69,T9,2412.0,0.05189757375483425
C69,T9,2418.0,0.051638222555325616
C69,T9,2424.0,0.05148983088962728
C69,T9,2430.0,0.05123047969011857
C69,T9,2436.0,0.050976475938022514
C69,T9,2442.0,0.05085482150938698
C69,T9,2448.0,0.0505861122769063
C69,T9,2454.0,0.05035349831446039
C69,T9,2460.0,0.05010350514792365
C69,T9,2466.0,0.04996848210075676
C69,T9,2472.0,0.04973987872387024
C69,T9,2478.0,0.049504591037718045
C69,T10,0.0,1.0
C69,T10,6.0,0.9996298515365492
C69,T10,12.0,0.9991824390734457
C69,T10,18.0,0.9990099427021287
C69,T10,24.0,0.9989937711673178
C69,T10,30.0,0.9990081458649276
C69,T10,36.0,0.9990333015857444
C69,T10,42.0,0.999035098422946
C69,T10,48.0,0.9989308818652753
C69,T10,54.0,0.9984888599137755
C69,T10,60.0,0.9975688792667518
C69,T10,66.0,0.995942741599649
C69,T10,72.0,0.994825108860491
C69,T10,78.0,0.9920418080358037
C69,T10,84.0,0.988293605634062
C69,T10,90.0,0.9838410430494425
C69,T10,96.0,0.9812823468749075
C69,T10,102.0,0.97543184494774
C69,T10,108.0,0.9687907346520368
C69,T10,114.0,0.965231200156423
C69,T10,120.0,0.9575227685631958
C69,T10,126.0,0.9492088028331581
C69,T10,132.0,0.9404366436168096
C69,T10,138.0,0.9358726771257148
C69,T10,144.0,0.9264752185633421
C69,T10,150.0,0.9166087854914515
C69,T10,156.0,0.911662092676497
C69,T10,162.0,0.9014704320711862
C69,T10,168.0,0.8912482252334541
C69,T10,174.0,0.88094875439607
C69,T10,180.0,0.8758421430702072
C69,T10,186.0,0.8652893181874511
C69,T10,192.0,0.8548478972111708
C69,T10,198.0,0.8444693655369329
C69,T10,204.0,0.839278302862613
C69,T10,210.0,0.8287308684914604
C69,T10,216.0,0.8185463952349543
C69,T10,222.0,0.8134595491183046
C69,T10,228.0,0.8034116354890912
C69,T10,234.0,0.7932738799998166
C69,T10,240.0,0.7833535418118897
C69,T10,246.0,0.778529033926618
C69,T10,252.0,0.7690884512714161
C69,T10,258.0,0.7597431009878789
C69,T10,264.0,0.7549653108698392
C69,T10,270.0,0.7457187866323689
C69,T10,276.0,0.7367974899283192
C69,T10,282.0,0.7279067394566904
C69,T10,288.0,0.723635657429394
C69,T10,294.0,0.7150665408167833
C69,T10,300.0,0.7066142186222516
C69,T10,306.0,0.6983469706594456
C69,T10,312.0,0.694354398398338
C69,T10,318.0,0.6863548791785135
C69,T10,324.0,0.6786464475852864
C69,T10,330.0,0.6747527013702459
C69,T10,336.0,0.6671269242882749
C69,T10,342.0,0.6597113771588462
C69,T10,348.0,0.6524198117963017
C69,T10,354.0,0.6489016045563161
C69,T10,360.0,0.6419855781688262
C69,T10,366.0,0.6351575968041959
C69,T10,372.0,0.6318154796099298
C69,T10,378.0,0.6253396783367383
C69,T10,384.0,0.6190884817136992
C69,T10,390.0,0.6128588471370751
C69,T10,396.0,0.6099120341270766
C69,T10,402.0,0.6038800516425863
C69,T10,408.0,0.5980313465526202
C69,T10,414.0,0.5925384152284954
C69,T10,420.0,0.5896616788693446
C69,T10,426.0,0.5841471854988053
C69,T10,432.0,0.5787800327787656
C69,T10,438.0,0.5736392815460798
C69,T10,444.0,0.5710069150462945
C69,T10,450.0,0.5658410080927915
C69,T10,456.0,0.5608709563942215
C69,T10,462.0,0.5583859305449362
C69,T10,468.0,0.5535650163340672
C69,T10,474.0,0.5488519123552711
C69,T10,480.0,0.5441100589812555
C69,T10,486.0,0.5418154978752997
C69,T10,492.0,0.5372227819889852
C69,T10,498.0,0.5327702194043658
C69,T10,504.0,0.5306032337396965
C69,T10,510.0,0.5262369193407356
C69,T10,516.0,0.5219119321974028
C69,T10,522.0,0.5177468635649785
C69,T10,528.0,0.515703859667193
C69,T10,534.0,0.5116394139180367
C69,T10,540.0,0.507734886679789
C69,T10,546.0,0.5057368037120341
C69,T10,552.0,0.5018897752642255
C69,T10,558.0,0.49810024560685573
C69,T10,564.0,0.4943592305539189
C69,T10,570.0,0.4924869261902492
C69,T10,576.0,0.4887315364397026
C69,T10,582.0,0.4851414557116682
C69,T10,588.0,0.48152082875121305
C69,T10,594.0,0.47977430299162876
C69,T10,600.0,0.47623273686802714
C69,T10,606.0,0.4727792157672852
C69,T10,612.0,0.47103089317049973
C69,T10,618.0,0.46758455941856253
C69,T10,624.0,0.464222677015083
C69,T10,630.0,0.46089852819282867
C69,T10,636.0,0.45924723480490914
C69,T10,642.0,0.4560201151915207
C69,T10,648.0,0.4528451038569676
C69,T10,654.0,0.4496988419176341
C69,T10,660.0,0.44816613978499464
C69,T10,666.0,0.4451097197057222
C69,T10,672.0,0.4420353312544374
C69,T10,678.0,0.4405673152610419
C69,T10,684.0,0.4375594097862022
C69,T10,690.0,0.4345838473809844
C69,T10,696.0,0.43166039325460204
C69,T10,702.0,0.4301833930752004
C69,T10,708.0,0.42735696815768387
C69,T10,714.0,0.4245341369145696
C69,T10,720.0,0.4231667438044424
C69,T10,726.0,0.42037445879374896
C69,T10,732.0,0.4176181105270797
C69,T10,738.0,0.41489410533003257
C69,T10,744.0,0.4135374932431126
C69,T10,750.0,0.4108566121388948
C69,T10,756.0,0.40820807410429866
C69,T10,762.0,0.406894586110208
C69,T10,768.0,0.4043736235168985
C69,T10,774.0,0.4017286791567049
C69,T10,780.0,0.3991717798193711
C69,T10,786.0,0.39791399377851827
C69,T10,792.0,0.3954002185340134
C69,T10,798.0,0.3928990211499174
C69,T10,804.0,0.3916681876670827
C69,T10,810.0,0.38924245744543795
C69,T10,816.0,0.38679157150297594
C69,T10,822.0,0.3843694349557334
C69,T10,828.0,0.38311164891488053
C69,T10,834.0,0.38068591869323554
C69,T10,840.0,0.3782512042855846
C69,T10,846.0,0.3758344582499457
C69,T10,852.0,0.3746377646739342
C69,T10,858.0,0.3722875016147405
C69,T10,864.0,0.3698563808814919
C69,T10,870.0,0.3686668746542853
C69,T10,876.0,0.36632379894389655
C69,T10,882.0,0.36403103467514164
C69,T10,888.0,0.3617742071504113
C69,T10,894.0,0.36066735543446077
C69,T10,900.0,0.3584590425141632
C69,T10,906.0,0.3562722916402804
C69,T10,912.0,0.3551959861567505
C69,T10,918.0,0.3530721245849104
C69,T10,924.0,0.3510039649663078
C69,T10,930.0,0.34894478953371155
C69,T10,936.0,0.34790981130580967
C69,T10,942.0,0.34583985485000607
C69,T10,948.0,0.3437716952314036
C69,T10,954.0,0.34175025338003284
C69,T10,960.0,0.3407278530125396
C69,T10,966.0,0.33878367516082125
C69,T10,972.0,0.33682691944869425
C69,T10,978.0,0.3358278779648168
C69,T10,984.0,0.3338567475550801
C69,T10,990.0,0.33188022663373984
C69,T10,996.0,0.32992526775881414
C69,T10,1002.0,0.3289477883213513
C69,T10,1008.0,0.3270269693532489
C69,T10,1014.0,0.3251079472223475
C69,T10,1020.0,0.32322845550987295
C69,T10,1026.0,0.3223264432348613
C69,T10,1032.0,0.3204128116155636
C69,T10,1038.0,0.3185836313447232
C69,T10,1044.0,0.31764029181408354
C69,T10,1050.0,0.31582548624085294
C69,T10,1056.0,0.31400888383042114
C69,T10,1062.0,0.31314640197383625
C69,T10,1068.0,0.31136034579582506
C69,T10,1074.0,0.3096317884082529
C69,T10,1080.0,0.30789424683467465
C69,T10,1086.0,0.30700481242007155
C69,T10,1092.0,0.3052528961488835
C69,T10,1098.0,0.30346683997087237
C69,T10,1104.0,0.30165203439764166
C69,T10,1110.0,0.3007428347738252
C69,T10,1116.0,0.2990034963630458
C69,T10,1122.0,0.2972731421382724
C69,T10,1128.0,0.2963819108864679
C69,T10,1134.0,0.2946012452200605
C69,T10,1140.0,0.2928619068092811
C69,T10,1146.0,0.2911315525845077
C69,T10,1152.0,0.2902744612395264
C69,T10,1158.0,0.2885584817123629
C69,T10,1164.0,0.2869017978128394
C69,T10,1170.0,0.28605189381666307
C69,T10,1176.0,0.2844473181959751
C69,T10,1182.0,0.28281938369167103
C69,T10,1188.0,0.2812166049081843
C69,T10,1194.0,0.2803882629584225
C69,T10,1200.0,0.2787998588725454
C69,T10,1206.0,0.2771773148798451
C69,T10,1212.0,0.2763759254881017
C69,T10,1218.0,0.27479470875102935
C69,T10,1224.0,0.2731919299675426
C69,T10,1230.0,0.2716035258816655
C69,T10,1236.0,0.27078955862951354
C69,T10,1242.0,0.26922451342725223
C69,T10,1248.0,0.26765407771338734
C69,T10,1254.0,0.2660926261855285
C69,T10,1260.0,0.2653361577238155
C69,T10,1266.0,0.2638286113119932
C69,T10,1272.0,0.2623192680629697
C69,T10,1278.0,0.260833283697562
C69,T10,1284.0,0.26010736146826974
C69,T10,1290.0,0.2586591106840877
C69,T10,1296.0,0.2572414061323264
C69,T10,1302.0,0.25651189022863163
C69,T10,1308.0,0.2550564520956447
C69,T10,1314.0,0.25365312224149306
C69,T10,1320.0,0.2522533860617439
C69,T10,1326.0,0.25157957211128695
C69,T10,1332.0,0.250140305513111
C69,T10,1338.0,0.24734802050241747
C69,T10,1344.0,0.24668139390076546
C69,T10,1350.0,0.24536970274387596
C69,T10,1356.0,0.2440382463777731
C69,T10,1362.0,0.24271218052327387
C69,T10,1368.0,0.24206891280523768
C69,T10,1374.0,0.24076620583435424
C69,T10,1380.0,0.23947787356108063
C69,T10,1386.0,0.23827399263626434
C69,T10,1392.0,0.2376253344066245
C69,T10,1398.0,0.23635317366816178
C69,T10,1404.0,0.23512234018532713
C69,T10,1410.0,0.23448625981609572
C69,T10,1416.0,0.23321948958923686
C69,T10,1422.0,0.2319347509903656
C69,T10,1428.0,0.23072727639114674
C69,T10,1434.0,0.23015767899836048
C69,T10,1440.0,0.22894840756194046
C69,T10,1446.0,0.22769960570709374
C69,T10,1452.0,0.2270725095238684
C69,T10,1458.0,0.22586683176185085
C69,T10,1464.0,0.2246827160462479
C69,T10,1470.0,0.22343930470300472
C69,T10,1476.0,0.22280681800817576
C69,T10,1482.0,0.2216532485249936
C69,T10,1488.0,0.22047452332099418
C69,T10,1494.0,0.2192311119777511
C69,T10,1500.0,0.21858964109691606
C69,T10,1506.0,0.2174055253813131
C69,T10,1512.0,0.21622500334011263
C69,T10,1518.0,0.21561407869169838
C69,T10,1524.0,0.21443175981329662
C69,T10,1530.0,0.21325842512090093
C69,T10,1536.0,0.21205095052168207
C69,T10,1542.0,0.21147955629169465
C69,T10,1548.0,0.21036731406414036
C69,T10,1554.0,0.2092856180690069
C69,T10,1560.0,0.20818775053906244
C69,T10,1566.0,0.2071114450555326
C69,T10,1572.0,0.20657239389516704
C69,T10,1578.0,0.20550866627204575
C69,T10,1584.0,0.20448267223014996
C69,T10,1590.0,0.2039579957673942
C69,T10,1596.0,0.20292301753949235
C69,T10,1602.0,0.20187546145118193
C69,T10,1608.0,0.2013669565232372
C69,T10,1614.0,0.20033916564414023
C69,T10,1620.0,0.19932215578825063
C69,T10,1626.0,0.1982745996999402
C69,T10,1632.0,0.19779843784161724
C69,T10,1638.0,0.19675986593931302
C69,T10,1644.0,0.1957913706878563
C69,T10,1650.0,0.19481029757599103
C69,T10,1656.0,0.1943143705084547
C69,T10,1662.0,0.19330095432696756
C69,T10,1668.0,0.19228394447107788
C69,T10,1674.0,0.191791611077944
C69,T10,1680.0,0.19077280438485314
C69,T10,1686.0,0.18976118504056716
C69,T10,1692.0,0.18871183211505557
C69,T10,1698.0,0.1881979366755071
C69,T10,1704.0,0.1871881141684223
C69,T10,1710.0,0.18622141575416676
C69,T10,1716.0,0.18572548868663055
C69,T10,1722.0,0.18474441557476518
C69,T10,1728.0,0.18379209185811946
C69,T10,1734.0,0.18282719028106506
C69,T10,1740.0,0.18234563791113856
C69,T10,1746.0,0.18140050154329765
C69,T10,1752.0,0.180473333547469
C69,T10,1758.0,0.1795641339236524
C69,T10,1764.0,0.17912390880935386
C69,T10,1770.0,0.17817158509270814
C69,T10,1776.0,0.177249807608483
C69,T10,1782.0,0.17682036351739183
C69,T10,1788.0,0.17589678919596552
C69,T10,1794.0,0.17498758957214905
C69,T10,1800.0,0.1740891709715398
C69,T10,1806.0,0.17365074269444244
C69,T10,1812.0,0.17269841897779672
C69,T10,1818.0,0.1717694541447667
C69,T10,1824.0,0.17132383851886462
C69,T10,1830.0,0.17042362308105413
C69,T10,1836.0,0.16949106457362173
C69,T10,1842.0,0.16860702067062222
C69,T10,1848.0,0.1681811702539335
C69,T10,1854.0,0.16727736114172054
C69,T10,1860.0,0.16639331723872114
C69,T10,1866.0,0.16548950812650817
C69,T10,1872.0,0.16503850198900238
C69,T10,1878.0,0.16411852134197852
C69,T10,1884.0,0.16268105158100374
C69,T10,1890.0,0.16179521084080306
C69,T10,1896.0,0.16122741028521806
C69,T10,1902.0,0.16030203912659058
C69,T10,1908.0,0.1594305730839996
C69,T10,1914.0,0.15851957662298183
C69,T10,1920.0,0.1580955230434943
C69,T10,1926.0,0.1572653842565313
C69,T10,1932.0,0.15646938537639155
C69,T10,1938.0,0.15605072230850775
C69,T10,1944.0,0.1552295677075508
C69,T10,1950.0,0.15438864789738055
C69,T10,1956.0,0.15353335338960056
C69,T10,1962.0,0.15316320492614963
C69,T10,1968.0,0.15236001869720497
C69,T10,1974.0,0.1515424577706506
C69,T10,1980.0,0.15111840419116307
C69,T10,1986.0,0.15038349777586463
C69,T10,1992.0,0.14963421666295657
C69,T10,1998.0,0.14927305238551164
C69,T10,2004.0,0.1485147870865975
C69,T10,2010.0,0.14773495974126863
C69,T10,2016.0,0.14697849127955567
C69,T10,2022.0,0.14659935863009857
C69,T10,2028.0,0.14589320161001976
C69,T10,2034.0,0.14511517110189218
C69,T10,2040.0,0.1443676868261852
C69,T10,2046.0,0.14404425612996596
C69,T10,2052.0,0.14329677185425901
C69,T10,2058.0,0.14254569390414978
C69,T10,2064.0,0.14216117074308904
C69,T10,2070.0,0.14142446749058943
C69,T10,2076.0,0.14063565595925448
C69,T10,2082.0,0.14027808535621208
C69,T10,2088.0,0.13952521056890158
C69,T10,2094.0,0.13880827252561542
C69,T10,2100.0,0.13807516294751826
C69,T10,2106.0,0.1376744682516465
C69,T10,2112.0,0.13695753020836035
C69,T10,2118.0,0.1362459826766778
C69,T10,2124.0,0.13587942788762924
C69,T10,2130.0,0.13515530249553825
C69,T10,2136.0,0.13445633282426425
C69,T10,2142.0,0.133746582129783
C69,T10,2148.0,0.13338721468953924
C69,T10,2154.0,0.13264332408823482
C69,T10,2160.0,0.13191021451013765
C69,T10,2166.0,0.13159936167432687
C69,T10,2172.0,0.13088781414264442
C69,T10,2178.0,0.1301834539597668
C69,T10,2184.0,0.1294916716372976
C69,T10,2190.0,0.12916464726667592
C69,T10,2196.0,0.12848005229301163
C69,T10,2202.0,0.12780264466815236
C69,T10,2208.0,0.1271701579733234
C69,T10,2214.0,0.12685032095150653
C69,T10,2220.0,0.12619806904746422
C69,T10,2226.0,0.12555839500383045
C69,T10,2232.0,0.1252691042144343
C69,T10,2238.0,0.12463661751960534
C69,T10,2244.0,0.12400772449917893
C69,T10,2250.0,0.12339679985076471
C69,T10,2256.0,0.12309852487536234
C69,T10,2262.0,0.12247681920374075
C69,T10,2268.0,0.12190362813655213
C69,T10,2274.0,0.12156941641712544
C69,T10,2280.0,0.12098364748952828
C69,T10,2286.0,0.12037272284111396
C69,T10,2292.0,0.11977796972751072
C69,T10,2298.0,0.11950844414732788
C69,T10,2304.0,0.118917284708127
C69,T10,2310.0,0.11835667150134682
C69,T10,2316.0,0.11804222499113366
C69,T10,2322.0,0.11744747187753032
C69,T10,2328.0,0.11687248397314043
C69,T10,2334.0,0.1162543719759213
C69,T10,2340.0,0.11597047169812875
C69,T10,2346.0,0.11532181346848891
C69,T10,2352.0,0.11472706035488557
C69,T10,2358.0,0.11442519170508085
C69,T10,2364.0,0.11384661012628851
C69,T10,2370.0,0.11327880957070352
C69,T10,2376.0,0.11272538371272825
C69,T10,2382.0,0.11239656250490528
C69,T10,2388.0,0.11187547971655189
C69,T10,2394.0,0.11133283488178387
C69,T10,2400.0,0.1110363567435829
C69,T10,2406.0,0.11051886762963196
C69,T10,2412.0,0.10993489553923598
C69,T10,2418.0,0.10938326651846189
C69,T10,2424.0,0.1091101472638767
C69,T10,2430.0,0.10853515935948681
C69,T10,2436.0,0.10798892085031635
C69,T10,2442.0,0.10771220792132871
C69,T10,2448.0,0.10716417257495707
C69,T10,2454.0,0.10659996569377454
C69,T10,2460.0,0.1060752892310187
C69,T10,2466.0,0.10580216997643352
C69,T10,2472.0,0.10527030616487286
C69,T10,2478.0,0.10476898858573291
C69,T3,0.0,1.0
C69,T3,6.0,0.9991235322131803
C69,T3,12.0,0.9978584618413605
C69,T3,18.0,0.9980569870750018
C69,T3,24.0,0.9987433775104632
C69,T3,30.0,0.9992418025651365
C69,T3,36.0,1.0001879653807877
C69,T3,42.0,1.0012460626366835
C69,T3,48.0,1.0017529355736394
C69,T3,54.0,1.002836376476383
C69,T3,60.0,1.0037973230860289
C69,T3,66.0,1.004616767667441
C69,T3,72.0,1.004961018870457
C69,T3,78.0,1.0053686291905923
C69,T3,84.0,1.005448884072277
C69,T3,90.0,1.0051532081923862
C69,T3,96.0,1.0049103315767614
C69,T3,102.0,1.0038965857028495
C69,T3,108.0,1.002509021037932
C69,T3,114.0,1.0016156574865474
C69,T3,120.0,0.9995015749453263
C69,T3,126.0,0.9968996272022855
C69,T3,132.0,0.9938689494334028
C69,T3,138.0,0.9921920448003064
C69,T3,144.0,0.9885003202428102
C69,T3,150.0,0.9844242170414557
C69,T3,156.0,0.9822805669122456
C69,T3,162.0,0.9776701351565165
C69,T3,168.0,0.9727999310205975
C69,T3,174.0,0.9677058580041894
C69,T3,180.0,0.9650827905554421
C69,T3,186.0,0.9595008523372139
C69,T3,192.0,0.9537499564733336
C69,T3,198.0,0.947887126169209
C69,T3,204.0,0.9449007997823098
C69,T3,210.0,0.9386873823634573
C69,T3,216.0,0.9325521078557188
C69,T3,222.0,0.9293714801763199
C69,T3,228.0,0.9230524642289349
C69,T3,234.0,0.916465228019077
C69,T3,240.0,0.9098822157503608
C69,T3,246.0,0.9066107733364238
C69,T3,252.0,0.9001101279199629
C69,T3,258.0,0.8935059959455403
C69,T3,264.0,0.8900972754445109
C69,T3,270.0,0.8833537534124252
C69,T3,276.0,0.8767369496145784
C69,T3,282.0,0.8700166592587698
C69,T3,288.0,0.8667156492568437
C69,T3,294.0,0.8600375983124484
C69,T3,300.0,0.8533194199272104
C69,T3,306.0,0.8466730485413745
C69,T3,312.0,0.8434121659802908
C69,T3,318.0,0.8368228177998625
C69,T3,324.0,0.8303897554416625
C69,T3,330.0,0.8271183130277253
C69,T3,336.0,0.820560644405857
C69,T3,342.0,0.8141824932824935
C69,T3,348.0,0.8077726626005706
C69,T3,354.0,0.8046321623620137
C69,T3,360.0,0.7984377526782971
C69,T3,366.0,0.7922348951122979
C69,T3,372.0,0.78915564202029
C69,T3,378.0,0.783138637864508
C69,T3,384.0,0.7772335681489703
C69,T3,390.0,0.7713116026688676
C69,T3,396.0,0.7684625543690604
C69,T3,402.0,0.7626166198295009
C69,T3,408.0,0.7568403803187732
C69,T3,414.0,0.7513830483642132
C69,T3,420.0,0.7485149923292705
C69,T3,426.0,0.7430386526395747
C69,T3,432.0,0.73762989600814
C69,T3,438.0,0.7323732012577919
C69,T3,444.0,0.7296909986330663
C69,T3,450.0,0.7243751687067399
C69,T3,456.0,0.7192156246026419
C69,T3,462.0,0.7166580282415845
C69,T3,468.0,0.7115449474900408
C69,T3,474.0,0.7065649208844478
C69,T3,480.0,0.7014898556031756
C69,T3,486.0,0.6990336338295096
C69,T3,492.0,0.6941296381644603
C69,T3,498.0,0.6892530981168293
C69,T3,504.0,0.6868919150188424
C69,T3,510.0,0.682131533352597
C69,T3,516.0,0.6773331362160802
C69,T3,522.0,0.6726804650489379
C69,T3,528.0,0.6703530734800816
C69,T3,534.0,0.6657722093123416
C69,T3,540.0,0.6613307352022645
C69,T3,546.0,0.6590561428976743
C69,T3,552.0,0.6546442363755862
C69,T3,558.0,0.6503273685291775
C69,T3,564.0,0.64601472462391
C69,T3,570.0,0.643866850553559
C69,T3,576.0,0.6395457587660088
C69,T3,582.0,0.6353598330949803
C69,T3,588.0,0.6311105483068323
C69,T3,594.0,0.6290703847355843
C69,T3,600.0,0.6249288104465395
C69,T3,606.0,0.6208991705977394
C69,T3,612.0,0.6188273274679316
C69,T3,618.0,0.6147850157957073
C69,T3,624.0,0.6107701597409014
C69,T3,630.0,0.6067890952152261
C69,T3,636.0,0.6047827231731083
C69,T3,642.0,0.600879801558547
C69,T3,648.0,0.5970317911788227
C69,T3,654.0,0.5932217962693699
C69,T3,660.0,0.5913400304909205
C69,T3,666.0,0.5875574911988863
C69,T3,672.0,0.5839777010816344
C69,T3,678.0,0.582247997184272
C69,T3,684.0,0.5786238556850365
C69,T3,690.0,0.5749976022152303
C69,T3,696.0,0.5713819085982771
C69,T3,702.0,0.5695930695249366
C69,T3,708.0,0.566023839260538
C69,T3,714.0,0.5625158561426884
C69,T3,720.0,0.5607988240687496
C69,T3,726.0,0.5573035127743238
C69,T3,732.0,0.5538018655681862
C69,T3,738.0,0.550410040831722
C69,T3,744.0,0.5487204643752019
C69,T3,750.0,0.5453307516093086
C69,T3,756.0,0.5419938381076813
C69,T3,762.0,0.5403042616511613
C69,T3,768.0,0.5370792825897786
C69,T3,774.0,0.5337212493824451
C69,T3,780.0,0.5304371351450841
C69,T3,786.0,0.5288193656879662
C69,T3,792.0,0.5255817148031596
C69,T3,798.0,0.5223799674180539
C69,T3,804.0,0.5207706458432186
C69,T3,810.0,0.5176090258989555
C69,T3,816.0,0.5144579658075454
C69,T3,822.0,0.511304793745565
C69,T3,828.0,0.5097271517292893
C69,T3,834.0,0.5065486360204612
C69,T3,840.0,0.5034461512521761
C69,T3,846.0,0.5003795699835921
C69,T3,852.0,0.49886951102557725
C69,T3,858.0,0.495859952962401
C69,T3,864.0,0.4927426844001215
C69,T3,870.0,0.49120305785411744
C69,T3,876.0,0.488199835702653
C69,T3,882.0,0.4852050614334714
C69,T3,888.0,0.4822483026345611
C69,T3,894.0,0.48081849855823117
C69,T3,900.0,0.47789130734731
C69,T3,906.0,0.475006355547802
C69,T3,912.0,0.47359133526546654
C69,T3,918.0,0.47073383908337685
C69,T3,924.0,0.46802418084123276
C69,T3,930.0,0.46533141836365394
C69,T3,936.0,0.4639628614338726
C69,T3,942.0,0.46125742713287
C69,T3,948.0,0.4585519928318671
C69,T3,954.0,0.4558887979422774
C69,T3,960.0,0.45457726421790373
C69,T3,966.0,0.4519710925337215
C69,T3,972.0,0.44936914479068063
C69,T3,978.0,0.44807450683087213
C69,T3,984.0,0.44546622317611934
C69,T3,990.0,0.4428832831682141
C69,T3,996.0,0.44034047060115156
C69,T3,1002.0,0.43902471293563644
C69,T3,1008.0,0.43648823628028577
C69,T3,1014.0,0.43398977509520675
C69,T3,1020.0,0.4315441131743939
C69,T3,1026.0,0.4303698575371125
C69,T3,1032.0,0.42785238861689756
C69,T3,1038.0,0.425417286548938
C69,T3,1044.0,0.4242007915002435
C69,T3,1050.0,0.42177202534399594
C69,T3,1056.0,0.4193390352466071
C69,T3,1062.0,0.4181711155210376
C69,T3,1068.0,0.4157550211882139
C69,T3,1074.0,0.41347409297191184
C69,T3,1080.0,0.41112558169734886
C69,T3,1086.0,0.4099618859129207
C69,T3,1092.0,0.40767884572604796
C69,T3,1098.0,0.4053852456863219
C69,T3,1104.0,0.4030177266766232
C69,T3,1110.0,0.4018244633042059
C69,T3,1116.0,0.3994738400590724
C69,T3,1122.0,0.3971380006079334
C69,T3,1128.0,0.39597641679407597
C69,T3,1134.0,0.39360467384323583
C69,T3,1140.0,0.39131318577408053
C69,T3,1146.0,0.3890576012046261
C69,T3,1152.0,0.3879023533024806
C69,T3,1158.0,0.38558340961590676
C69,T3,1164.0,0.3833700644578655
C69,T3,1170.0,0.3822042567028666
C69,T3,1176.0,0.38000358336824924
C69,T3,1182.0,0.37782191776876783
C69,T3,1188.0,0.37561913246357975
C69,T3,1194.0,0.37449978806113515
C69,T3,1200.0,0.37235402596135464
C69,T3,1206.0,0.3701808082441557
C69,T3,1212.0,0.36909314340027094
C69,T3,1218.0,0.3669853967707622
C69,T3,1224.0,0.36490932969981316
C69,T3,1230.0,0.36277412745288595
C69,T3,1236.0,0.3617434858144086
C69,T3,1242.0,0.35968431450802474
C69,T3,1248.0,0.3576082474370758
C69,T3,1254.0,0.3555342923366975
C69,T3,1260.0,0.3544909788747963
C69,T3,1266.0,0.35241702377441797
C69,T3,1272.0,0.35037052429145793
C69,T3,1278.0,0.3483535923964871
C69,T3,1284.0,0.3473546303165696
C69,T3,1290.0,0.34542428921499546
C69,T3,1296.0,0.3434981720545625
C69,T3,1302.0,0.3425013219452157
C69,T3,1308.0,0.34055197310850566
C69,T3,1314.0,0.33860473624236626
C69,T3,1320.0,0.33666805922908016
C69,T3,1326.0,0.3357683597659833
C69,T3,1332.0,0.3338337947232678
C69,T3,1338.0,0.33002168784324437
C69,T3,1344.0,0.3291029806450116
C69,T3,1350.0,0.32732681339509484
C69,T3,1356.0,0.3255105187043359
C69,T3,1362.0,0.32370267189585944
C69,T3,1368.0,0.3227755168153439
C69,T3,1374.0,0.32095077424230234
C69,T3,1380.0,0.3191682710806736
C69,T3,1386.0,0.3174786946241536
C69,T3,1392.0,0.3166317944253228
C69,T3,1398.0,0.31492321023366693
C69,T3,1404.0,0.3132188499831523
C69,T3,1410.0,0.3123550540197564
C69,T3,1416.0,0.31059578253440495
C69,T3,1422.0,0.3088724145487544
C69,T3,1428.0,0.3071743902099518
C69,T3,1434.0,0.30636550548139274
C69,T3,1440.0,0.30469704873057923
C69,T3,1446.0,0.3029948004506352
C69,T3,1452.0,0.30212889251666875
C69,T3,1458.0,0.3004350921190073
C69,T3,1464.0,0.2988257705441721
C69,T3,1470.0,0.29716153773449977
C69,T3,1476.0,0.29633364527080486
C69,T3,1482.0,0.29478557084251844
C69,T3,1488.0,0.29319736897338944
C69,T3,1494.0,0.29151201645801067
C69,T3,1500.0,0.290684123994316
C69,T3,1506.0,0.2890283390669263
C69,T3,1512.0,0.2874380252272267
C69,T3,1518.0,0.28661013276353187
C69,T3,1524.0,0.2850367146883976
C69,T3,1530.0,0.28345273676041
C69,T3,1536.0,0.28184763912671595
C69,T3,1542.0,0.2810429783392982
C69,T3,1548.0,0.2795181355872889
C69,T3,1554.0,0.2780207484526981
C69,T3,1560.0,0.27649168175954736
C69,T3,1566.0,0.27497317491924994
C69,T3,1572.0,0.2742170894549572
C69,T3,1578.0,0.27268379882066524
C69,T3,1584.0,0.271224427156346
C69,T3,1590.0,0.27044933395691745
C69,T3,1596.0,0.26899629820431026
C69,T3,1602.0,0.2675517103339855
C69,T3,1608.0,0.26685898398681224
C69,T3,1614.0,0.2653700447345041
C69,T3,1620.0,0.26396980824616306
C69,T3,1626.0,0.2625231084052676
C69,T3,1632.0,0.26185783767551296
C69,T3,1638.0,0.2604681610400252
C69,T3,1644.0,0.2591038280513852
C69,T3,1650.0,0.25779440629758216
C69,T3,1656.0,0.2570594405389959
C69,T3,1662.0,0.255695107550356
C69,T3,1668.0,0.254294871062015
C69,T3,1674.0,0.25360003274427106
C69,T3,1680.0,0.25221246807935405
C69,T3,1686.0,0.2508755907081324
C69,T3,1692.0,0.24949013801378608
C69,T3,1698.0,0.24884176304859648
C69,T3,1704.0,0.24744786247196737
C69,T3,1710.0,0.2461088731301753
C69,T3,1716.0,0.24543093057699658
C69,T3,1722.0,0.24407715744120995
C69,T3,1728.0,0.2427698476579775
C69,T3,1734.0,0.24144564211017985
C69,T3,1740.0,0.2407803713804251
C69,T3,1746.0,0.23950474115575235
C69,T3,1752.0,0.2382164391076559
C69,T3,1758.0,0.2370041680001027
C69,T3,1764.0,0.23639592047575547
C69,T3,1770.0,0.23510550645708828
C69,T3,1776.0,0.23385944382040466
C69,T3,1782.0,0.2332638681194815
C69,T3,1788.0,0.231998797747662
C69,T3,1794.0,0.23079497452239148
C69,T3,1800.0,0.22955735976799063
C69,T3,1806.0,0.22895122421421396
C69,T3,1812.0,0.2276882658129652
C69,T3,1818.0,0.2264696587937001
C69,T3,1824.0,0.22581494791679857
C69,T3,1830.0,0.22457733316239759
C69,T3,1836.0,0.2233397184079966
C69,T3,1842.0,0.22215067897672064
C69,T3,1848.0,0.22156355115808
C69,T3,1854.0,0.22037873566794536
C69,T3,1860.0,0.2191939201778106
C69,T3,1866.0,0.21793307374713253
C69,T3,1872.0,0.21737340154591028
C69,T3,1878.0,0.21610833117409078
C69,T3,1884.0,0.21601962841012354
C69,T3,1890.0,0.21129937418472056
C69,T3,1896.0,0.21109240106879681
C69,T3,1902.0,0.21038066698648777
C69,T3,1908.0,0.20947251964110822
C69,T3,1914.0,0.2084461019437723
C69,T3,1920.0,0.2079054374776858
C69,T3,1926.0,0.2068515641629315
C69,T3,1932.0,0.20576812326018806
C69,T3,1938.0,0.2052316827352429
C69,T3,1944.0,0.2040975545388037
C69,T3,1950.0,0.203016225606631
C69,T3,1956.0,0.2018504178516321
C69,T3,1962.0,0.2013245371795402
C69,T3,1968.0,0.20025165612964999
C69,T3,1974.0,0.1991618793151945
C69,T3,1980.0,0.1986169909079668
C69,T3,1986.0,0.19754833379921782
C69,T3,1992.0,0.1964986844256048
C69,T3,1998.0,0.19598547557693674
C69,T3,2004.0,0.19496328182074213
C69,T3,2010.0,0.19390096062370515
C69,T3,2016.0,0.19289143869093442
C69,T3,2022.0,0.19239090166569028
C69,T3,2028.0,0.19138137973291966
C69,T3,2034.0,0.1903275064181652
C69,T3,2040.0,0.18932220842653577
C69,T3,2046.0,0.18886179884213414
C69,T3,2052.0,0.18783538114479809
C69,T3,2058.0,0.18682797118259806
C69,T3,2064.0,0.18634855386306043
C69,T3,2070.0,0.18536015163599626
C69,T3,2076.0,0.18431683817409505
C69,T3,2082.0,0.1838036293254271
C69,T3,2088.0,0.1827856595103737
C69,T3,2094.0,0.18180148122445086
C69,T3,2100.0,0.18082152687966924
C69,T3,2106.0,0.1803167659132838
C69,T3,2112.0,0.17935793127420877
C69,T3,2118.0,0.17838431284113904
C69,T3,2124.0,0.17790067158046008
C69,T3,2130.0,0.17693972497081434
C69,T3,2136.0,0.17597666639059797
C69,T3,2142.0,0.17502416766323475
C69,T3,2148.0,0.17455742216712106
C69,T3,2154.0,0.17359013964576328
C69,T3,2160.0,0.17263341697725884
C69,T3,2166.0,0.1721772313339984
C69,T3,2172.0,0.17121839669492325
C69,T3,2178.0,0.17025322614413618
C69,T3,2184.0,0.16933240697533278
C69,T3,2190.0,0.1688952290672081
C69,T3,2196.0,0.16795329019269822
C69,T3,2202.0,0.1670725984647372
C69,T3,2208.0,0.16618345885449343
C69,T3,2214.0,0.16574416897579827
C69,T3,2220.0,0.16486558921840783
C69,T3,2226.0,0.16398489749044667
C69,T3,2232.0,0.16355827943517537
C69,T3,2238.0,0.16269025953063818
C69,T3,2244.0,0.16188771071379116
C69,T3,2250.0,0.16101124292697144
C69,T3,2256.0,0.1606099685185478
C69,T3,2262.0,0.1597567324080052
C69,T3,2268.0,0.15898586314971802
C69,T3,2274.0,0.15854234932988143
C69,T3,2280.0,0.15773557657189308
C69,T3,2286.0,0.15691190804933958
C69,T3,2292.0,0.15613259090876974
C69,T3,2298.0,0.15572709255920492
C69,T3,2304.0,0.15494143950692307
C69,T3,2310.0,0.15414311463121735
C69,T3,2316.0,0.15371227263480472
C69,T3,2322.0,0.15292873155309358
C69,T3,2328.0,0.15214941441252364
C69,T3,2334.0,0.15132996983111147
C69,T3,2340.0,0.15094559118725312
C69,T3,2346.0,0.1501155867529877
C69,T3,2352.0,0.14934471749470038
C69,T3,2358.0,0.14890331564543452
C69,T3,2364.0,0.14814300624000046
C69,T3,2370.0,0.14731511377630563
C69,T3,2376.0,0.14658225998829008
C69,T3,2382.0,0.1461640898153013
C69,T3,2388.0,0.14540378040986737
C69,T3,2394.0,0.14466670268071039
C69,T3,2400.0,0.14426331630171627
C69,T3,2406.0,0.14354313433712457
C69,T3,2412.0,0.1428018326668264
C69,T3,2418.0,0.14204152326139233
C69,T3,2424.0,0.14164869673525146
C69,T3,2430.0,0.14090739506495328
C69,T3,2436.0,0.14019143704150291
C69,T3,2442.0,0.13980705839764457
C69,T3,2448.0,0.13906153278620506
C69,T3,2454.0,0.13835402264503732
C69,T3,2460.0,0.13763595265101625
C69,T3,2466.0,0.1372726937128645
C69,T3,2472.0,0.1365356159837075
C69,T3,2478.0,0.1358323297836811
C80,T8,0.0,1.0
C80,T8,9.0,0.9915744895845657
C80,T8,18.0,0.9401906751361642
C80,T8,27.0,0.9039795217702585
C80,T8,36.0,0.8549892361452185
C80,T8,45.0,0.8253061075681791
C80,T8,54.0,0.7870313181845463
C80,T8,63.0,0.7630984379276149
C80,T8,72.0,0.7304920256568521
C80,T8,81.0,0.7108140401995987
C80,T8,90.0,0.6833342102879272
C80,T8,99.0,0.6588474953937994
C80,T8,108.0,0.6436170428709004
C80,T8,117.0,0.6224461118699003
C80,T8,126.0,0.6090240498362814
C80,T8,135.0,0.5897337486250652
C80,T8,144.0,0.5730946297423407
C80,T8,153.0,0.5625332440086753
C80,T8,162.0,0.5467826685221487
C80,T8,171.0,0.5362742582755193
C80,T8,180.0,0.5219347571255016
C80,T8,189.0,0.5127194303578914
C80,T8,198.0,0.4998632428448863
C80,T8,207.0,0.4916929779578988
C80,T8,216.0,0.47894274141896614
C80,T8,225.0,0.4666741002167258
C80,T8,234.0,0.4590239582933661
C80,T8,243.0,0.44796652936290743
C80,T8,252.0,0.4409545012606653
C80,T8,261.0,0.43053037019795715
C80,T8,270.0,0.42058301851857455
C80,T8,279.0,0.41403572991624055
C80,T8,288.0,0.4051189922573798
C80,T8,297.0,0.39997314608482093
C80,T8,306.0,0.3918173290579342
C80,T8,315.0,0.38640660545019456
C80,T8,324.0,0.3793054822106642
C80,T8,333.0,0.37189372997896736
C80,T8,342.0,0.3678122095004988
C80,T8,351.0,0.3607159022143355
C80,T8,360.0,0.3558325255002741
C80,T8,369.0,0.34909259876326315
C80,T8,378.0,0.3448762315905206
C80,T8,387.0,0.33855047684306533
C80,T8,396.0,0.332407728323553
C80,T8,405.0,0.3278301646482913
C80,T8,414.0,0.32184634258988754
C80,T8,423.0,0.31835236842218373
C80,T8,432.0,0.3129055251641922
C80,T8,441.0,0.3086265505976796
C80,T8,450.0,0.3030424526687307
C80,T8,459.0,0.29835171408934613
C80,T8,468.0,0.29527431988788144
C80,T8,477.0,0.29064137274889995
C80,T8,486.0,0.2875134110370824
C80,T8,495.0,0.2831381174032315
C80,T8,504.0,0.28017149012920595
C80,T8,513.0,0.2763090955289325
C80,T8,522.0,0.2736892168973255
C80,T8,531.0,0.2698653499239875
C80,T8,540.0,0.2662076333418083
C80,T8,549.0,0.26411991755724645
C80,T8,558.0,0.2605344402755712
C80,T8,567.0,0.25787603401702874
C80,T8,576.0,0.2544398512897282
C80,T8,585.0,0.2508567819847363
C80,T8,594.0,0.2482224554930286
C80,T8,603.0,0.24463457023466978
C80,T8,612.0,0.24246257526618686
C80,T8,621.0,0.23909863183938995
C80,T8,630.0,0.23686402947713697
C80,T8,639.0,0.23409004033778846
C80,T8,648.0,0.23132086715180689
C80,T8,657.0,0.2286889486367826
C80,T8,666.0,0.22577048089642635
C80,T8,675.0,0.2237140688087496
C80,T8,684.0,0.2209978711098042
C80,T8,693.0,0.2191629928770058
C80,T8,702.0,0.21657682591896743
C80,T8,711.0,0.2134199684869483
C80,T8,720.0,0.2114719153500274
C80,T8,729.0,0.20853659177288691
C80,T8,738.0,0.2070099345555718
C80,T8,747.0,0.2040408993048628
C80,T8,756.0,0.20239143527669115
C80,T8,765.0,0.19981730820206994
C80,T8,774.0,0.19832677063500687
C80,T8,783.0,0.1968145612777926
C80,T8,792.0,0.19490262779112344
C80,T8,801.0,0.1932411238795345
C80,T8,810.0,0.19125454311567813
C80,T8,819.0,0.1898193890123346
C80,T8,828.0,0.18765702595058556
C80,T8,837.0,0.18560542981627565
C80,T8,846.0,0.18484691716098503
C80,T8,855.0,0.1831878212260796
C80,T8,864.0,0.18177193093620375
C80,T8,873.0,0.1796505034780734
C80,T8,882.0,0.17858617778398306
C80,T8,891.0,0.17695356959259564
C80,T8,900.0,0.17530892151779093
C80,T8,909.0,0.1739147030180664
C80,T8,918.0,0.1722170794562254
C80,T8,927.0,0.17127796854967514
C80,T8,936.0,0.16975612728572698
C80,T8,945.0,0.16842451617977236
C80,T8,954.0,0.1662043616776202
C80,T8,963.0,0.16456693753286572
C80,T8,972.0,0.16357725911596285
C80,T8,981.0,0.16216859275613735
C80,T8,990.0,0.16123911375632097
C80,T8,999.0,0.1595174104276454
C80,T8,1008.0,0.15835676566621662
C80,T8,1017.0,0.1572250166249893
C80,T8,1026.0,0.15573688703460964
C80,T8,1035.0,0.15457624227318076
C80,T8,1044.0,0.1532181434237081
C80,T8,1053.0,0.15203823484881157
C80,T8,1062.0,0.15056455311853276
C80,T8,1071.0,0.14910772722503804
C80,T8,1080.0,0.14841422994020087
C80,T8,1089.0,0.14718375385495172
C80,T8,1098.0,0.14629521045875407
C80,T8,1107.0,0.14542352289934068
C80,T8,1116.0,0.14448922794615737
C80,T8,1125.0,0.14302999407597924
C80,T8,1134.0,0.1417802541772623
C80,T8,1143.0,0.1406822168096035
C80,T8,1152.0,0.13896292145761144
C80,T8,1161.0,0.13817069712875232
C80,T8,1170.0,0.13701968427405747
C80,T8,1179.0,0.13611187706439204
C80,T8,1188.0,0.13521610973814416
C80,T8,1197.0,0.13398081769952794
C80,T8,1206.0,0.13303689083961087
C80,T8,1215.0,0.132037580515974
C80,T8,1224.0,0.1310816137726395
C80,T8,1233.0,0.12972833087653365
C80,T8,1242.0,0.12896981822124307
C80,T8,1251.0,0.12827391295972235
C80,T8,1260.0,0.12758041567488532
C80,T8,1269.0,0.12644385068029104
C80,T8,1278.0,0.12538434093956766
C80,T8,1287.0,0.12493164132307677
C80,T8,1296.0,0.12415145687763497
C80,T8,1305.0,0.12342183994254591
C80,T8,1314.0,0.12231176269146976
C80,T8,1323.0,0.12107647065285368
C80,T8,1332.0,0.12027702239394422
C80,T8,1341.0,0.11952091771533702
C80,T8,1350.0,0.11893337140457229
C80,T8,1359.0,0.11767881555248841
C80,T8,1368.0,0.1168721433635286
C80,T8,1377.0,0.1158969128067263
C80,T8,1386.0,0.11485907485615411
C80,T8,1395.0,0.11409333827081314
C80,T8,1404.0,0.1131205156906944
C80,T8,1413.0,0.11237885887218789
C80,T8,1422.0,0.11162275419358082
C80,T8,1431.0,0.1110857753931687
C80,T8,1440.0,0.11019241604360425
C80,T8,1449.0,0.1092460812070035
C80,T8,1458.0,0.10875003801021038
C80,T8,1467.0,0.10789520628758123
C80,T8,1476.0,0.10705723040173633
C80,T8,1485.0,0.10619758272574037
C80,T8,1494.0,0.10564856404191095
C80,T8,1503.0,0.1046420297882237
C80,T8,1512.0,0.1038473974826812
C80,T8,1521.0,0.10340914572629102
C80,T8,1530.0,0.10258080174718001
C80,T8,1539.0,0.10205104687681825
C80,T8,1548.0,0.10121307099097347
C80,T8,1557.0,0.10061348479679132
C80,T8,1566.0,0.09965992603014022
C80,T8,1575.0,0.09867265558992076
C80,T8,1584.0,0.09812845285945829
C80,T8,1593.0,0.0972013818363252
C80,T8,1602.0,0.09638748571731504
C80,T8,1611.0,0.09531834406985774
C80,T8,1620.0,0.09470431001557489
C80,T8,1629.0,0.09377964696912533
C80,T8,1638.0,0.09303317419725203
C80,T8,1647.0,0.0924119162129188
C80,T8,1656.0,0.0915281887700881
C80,T8,1665.0,0.09114050452405068
C80,T8,1674.0,0.0906878049075598
C80,T8,1683.0,0.09011711443357932
C80,T8,1692.0,0.08906482862290628
C80,T8,1701.0,0.08830390799093213
C80,T8,1710.0,0.08751409163875656
C80,T8,1719.0,0.08648588559491813
C80,T8,1728.0,0.08590556321420376
C80,T8,1737.0,0.08537821632052553
C80,T8,1746.0,0.08491829277398416
C80,T8,1755.0,0.08443428946060832
C80,T8,1764.0,0.08369744859546892
C80,T8,1773.0,0.08317973360852444
C80,T8,1782.0,0.08255847562419122
C80,T8,1791.0,0.08186257036267053
C80,T8,1800.0,0.08123649642497036
C80,T8,1809.0,0.08073804525149368
C80,T8,1818.0,0.08001083629308815
C80,T8,1827.0,0.07936068258855325
C80,T8,1836.0,0.07910062110673932
C80,T8,1845.0,0.07865032946693198
C80,T8,1854.0,0.07828913296441256
C80,T8,1863.0,0.07756914793605739
C80,T8,1872.0,0.07702012925222797
C80,T8,1881.0,0.07600396309180683
C80,T8,1890.0,0.07535380938727207
C80,T8,1899.0,0.07513227553239357
C80,T8,1908.0,0.0746795759159027
C80,T8,1917.0,0.07451583350142717
C80,T8,1926.0,0.07427744380976442
C80,T8,1935.0,0.07382233621659014
C80,T8,1944.0,0.07324923776592598
C80,T8,1953.0,0.07283988172973749
C80,T8,1962.0,0.07243052569354887
C80,T8,1971.0,0.07145288716006318
C80,T8,1980.0,0.0710025955202557
C80,T8,1989.0,0.07019592333129589
C80,T8,1998.0,0.06978656729510727
C80,T8,2007.0,0.06938925114233607
C80,T8,2016.0,0.0692182847978102
C80,T8,2025.0,0.06883060055177276
C80,T8,2034.0,0.06832492544824574
C80,T8,2043.0,0.06797576882914375
C80,T8,2052.0,0.06727986356762304
C80,T8,2061.0,0.06691866706510376
C80,T8,2070.0,0.06661285402630403
C80,T8,2079.0,0.06631667289423819
C80,T8,2088.0,0.0660517954590573
C80,T8,2097.0,0.06554371237884674
C80,T8,2106.0,0.06519455575974475
C80,T8,2115.0,0.06476834388677188
C80,T8,2124.0,0.06438065964073446
C80,T8,2133.0,0.06411337422887016
C80,T8,2142.0,0.06386535263047353
C80,T8,2151.0,0.06342469289739995
C80,T8,2160.0,0.06305386448814677
C80,T8,2169.0,0.06278176312291553
C80,T8,2178.0,0.06234832731989231
C80,T8,2187.0,0.06189803568008497
C80,T8,2196.0,0.06144052011022701
C80,T8,2205.0,0.061320121276054004
C80,T8,2214.0,0.06091317321654879
C80,T8,2223.0,0.06051344908709406
C80,T8,2232.0,0.060287099278848615
C80,T8,2241.0,0.05994035063643004
C80,T8,2250.0,0.059752528455120045
C80,T8,2259.0,0.058941040312793284
C80,T8,2268.0,0.058334230188560765
C80,T8,2277.0,0.058028417149761036
C80,T8,2286.0,0.05775149983116285
C80,T8,2295.0,0.05763110099698971
C80,T8,2304.0,0.05723860079758533
C80,T8,2313.0,0.05703392277949109
C80,T8,2322.0,0.05657399923294986
C80,T8,2331.0,0.05612852354650933
C80,T8,2340.0,0.055690271790119164
C80,T8,2349.0,0.05530258754408173
C80,T8,2358.0,0.05512921322287244
C80,T8,2367.0,0.05488119162447581
C80,T8,2376.0,0.05460909025924457
C80,T8,2385.0,0.0540648875287821
C80,T8,2394.0,0.05373740269983131
C80,T8,2403.0,0.053412325847563925
C80,T8,2412.0,0.053053537321728045
C80,T8,2421.0,0.052916282650770655
C80,T8,2430.0,0.052730868446144066
C80,T8,2439.0,0.05249729470784827
C80,T8,2448.0,0.0520253312778896
C80,T8,2457.0,0.05186158886341421
C80,T8,2466.0,0.051517248197679034
C80,T8,2475.0,0.051151235741792804
C80,T8,2484.0,0.05093451784028126
C80,T8,2493.0,0.05059980908127998
C80,T8,2502.0,0.05036382736630064
C80,T8,2511.0,0.04996891919021286
C80,T8,2520.0,0.04972812152186658
C80,T8,2529.0,0.04946083611000229
C80,T8,2538.0,0.04915983902456951
C80,T8,2547.0,0.048950345053108316
C80,T8,2556.0,0.048625268200840795
C80,T8,2565.0,0.0483579827889765
C80,T8,2574.0,0.04780174017509673
C80,T8,2583.0,0.04757298239016789
C80,T8,2592.0,0.04718529814413046
C80,T8,2601.0,0.04677594210794184
C80,T8,2610.0,0.046568856113164046
C80,T8,2619.0,0.04634973023496897
C80,T8,2628.0,0.046152276146925075
C80,T8,2637.0,0.045740512134053044
C80,T8,2646.0,0.045528610185908445
C80,T8,2655.0,0.04522761310047566
C80,T8,2664.0,0.045015711152330926
C80,T8,2673.0,0.044743609787099695
C80,T8,2682.0,0.04450040414207
C80,T8,2691.0,0.0443824132845804
C80,T8,2700.0,0.04420422301000417
C80,T8,2709.0,0.04400195296859333
C80,T8,2718.0,0.04354202942205196
C80,T8,2727.0,0.04329882377702227
C80,T8,2736.0,0.042908731554301444
C80,T8,2745.0,0.04261495839891901
C80,T8,2754.0,0.04233563310363742
C80,T8,2763.0,0.04197684457780154
C80,T8,2772.0,0.041801062279908846
C80,T8,2781.0,0.041644543795483664
C80,T8,2790.0,0.04132669087326677
C80,T8,2799.0,0.041160540482107835
C80,T8,2808.0,0.04103532569456775
C80,T8,2817.0,0.040770448259387
C80,T8,2826.0,0.04045981926722032
C80,T8,2835.0,0.040409251756867576
C80,T8,2844.0,0.04015641420510413
C80,T8,2853.0,0.0399710000004774
C80,T8,2862.0,0.03970371458861312
C80,T8,2871.0,0.03952793229072042
C80,T8,2880.0,0.03939790154981338
C80,T8,2889.0,0.039188407578352194
C80,T8,2898.0,0.03906800874417905
C80,T8,2907.0,0.03881035523904866
C80,T8,2916.0,0.03869958831160941
C80,T8,2925.0,0.038533437920450476
C80,T8,2934.0,0.03820595309149955
C80,T8,2943.0,0.03789050814596606
C80,T8,2952.0,0.03778455717189376
C80,T8,2961.0,0.037644894524252966
C80,T8,2970.0,0.03739928090253974
C80,T8,2979.0,0.037218682651280095
C80,T8,2988.0,0.03696825307620005
C80,T8,2997.0,0.036698559687652225
C80,T8,3006.0,0.036484249762824085
C80,T8,3015.0,0.036219372327643204
C80,T8,3024.0,0.036077301703319
C80,T8,3033.0,0.03585335987175697
C80,T8,3042.0,0.03570406531738228
C80,T8,3051.0,0.03553069099617299
C80,T8,3060.0,0.035176718423704054
C80,T8,3069.0,0.03509725519314976
C80,T8,3078.0,0.03494555266209167
C80,T8,3087.0,0.03477940227093273
C80,T8,3096.0,0.034562684369421184
C80,T8,3105.0,0.034324294677758445
C80,T8,3114.0,0.03421111977363566
C80,T8,3123.0,0.03409794486951301
C80,T8,3132.0,0.033890858874735225
C80,T8,3141.0,0.03361153357945364
C80,T8,3150.0,0.033361104004373594
C80,T8,3159.0,0.03319495361321466
C80,T8,3168.0,0.03277596567029214
C80,T8,3177.0,0.032585735512298736
C80,T8,3186.0,0.032279922473499006
C80,T8,3195.0,0.03209691624555582
C80,T8,3204.0,0.03172127188293569
C80,T8,3213.0,0.03149733005137379
C80,T8,3222.0,0.031314323823430606
C80,T8,3231.0,0.030984431017796275
C80,T8,3240.0,0.030799016813169686
C80,T8,3249.0,0.03069547381578079
C80,T8,3258.0,0.030522099494571502
C80,T8,3267.0,0.03043059638059991
C80,T8,3276.0,0.03029815766300947
C80,T8,3285.0,0.03018016680551987
C80,T8,3294.0,0.02972746718902899
C80,T8,3303.0,0.029489077497366113
C80,T8,3312.0,0.02931570317615696
C80,T8,3321.0,0.02896654655705484
C80,T8,3330.0,0.028858187606299133
C80,T8,3339.0,0.028617389937952854
C80,T8,3348.0,0.02840067203644117
C80,T8,3357.0,0.028162282344778432
C80,T8,3366.0,0.027837205492511046
C80,T8,3375.0,0.027620487590999502
C80,T8,3384.0,0.02745192922315716
C80,T8,3393.0,0.02726169906516362
C80,T8,3402.0,0.02698478174656544
C80,T8,3411.0,0.0268427111222411
C80,T8,3420.0,0.02666211287098146
C80,T8,3429.0,0.026613953337312257
C80,T8,3438.0,0.026390011505750224
C80,T8,3447.0,0.026098646327051334
C80,T8,3456.0,0.025901192239007446
C80,T8,3465.0,0.025790425311568197
C80,T8,3474.0,0.02575430566131616
C80,T8,3483.0,0.025684474337495763
C80,T8,3492.0,0.025592971223524306
C80,T8,3501.0,0.025494244179502225
C80,T8,3510.0,0.025422004878998424
C80,T8,3519.0,0.02526067044120643
C80,T8,3528.0,0.025058400399795594
C80,T8,3537.0,0.024851314405017807
C80,T8,3546.0,0.024764627244413164
C80,T8,3555.0,0.02466590020039122
C80,T8,3564.0,0.024533461482800778
C80,T8,3573.0,0.024446774322196267
C80,T8,3582.0,0.024468446112347327
C80,T8,3591.0,0.024405838718577284
C80,T8,3600.0,0.024222832490634234
C80,T8,3609.0,0.024196344747116093
C80,T8,3618.0,0.024181896887015386
C80,T8,3627.0,0.024037418286007643
C80,T8,3636.0,0.023912203498467555
C80,T8,3645.0,0.023859228011431408
C80,T8,3654.0,0.023760500967409462
C80,T8,3663.0,0.02371956536379061
C80,T8,3672.0,0.0239868507756549
C80,T8,3681.0,0.024468446112347327
C80,T12,0.0,1.0
C80,T12,9.0,0.9979622674390912
C80,T12,18.0,0.9961656059177545
C80,T12,27.0,0.9928747588020908
C80,T12,36.0,0.9834593427282498
C80,T12,45.0,0.9741940274903685
C80,T12,54.0,0.957234907282003
C80,T12,63.0,0.9443671719810871
C80,T12,72.0,0.9239079731887502
C80,T12,81.0,0.9097166214252795
C80,T12,90.0,0.8877586885284354
C80,T12,99.0,0.8661236998544138
C80,T12,108.0,0.8516867285411908
C80,T12,117.0,0.8303587643043595
C80,T12,126.0,0.8164971795289823
C80,T12,135.0,0.7960448035019166
C80,T12,144.0,0.7762883495324825
C80,T12,153.0,0.7633569350890379
C80,T12,162.0,0.744980953959416
C80,T12,171.0,0.7330934226024189
C80,T12,180.0,0.7156203207436458
C80,T12,189.0,0.7045128588826217
C80,T12,198.0,0.6880768173450256
C80,T12,207.0,0.6776493577560011
C80,T12,216.0,0.6624118486509926
C80,T12,225.0,0.6475837054622381
C80,T12,234.0,0.6378931045224708
C80,T12,243.0,0.6240770048488996
C80,T12,252.0,0.6149276766206239
C80,T12,261.0,0.601782482198691
C80,T12,270.0,0.5890602992235543
C80,T12,279.0,0.5808297700517593
C80,T12,288.0,0.5689877237965685
C80,T12,297.0,0.561246159469188
C80,T12,306.0,0.5501182293123512
C80,T12,315.0,0.5430430217264286
C80,T12,324.0,0.5327451946775512
C80,T12,333.0,0.5229431552383593
C80,T12,342.0,0.516741261607112
C80,T12,351.0,0.5075350770015785
C80,T12,360.0,0.5016424820626115
C80,T12,369.0,0.49296165038293727
C80,T12,378.0,0.48729420669791035
C80,T12,387.0,0.4790386607201222
C80,T12,396.0,0.4709491353639259
C80,T12,405.0,0.46581841588020967
C80,T12,414.0,0.45799725262466884
C80,T12,423.0,0.4529484063242033
C80,T12,432.0,0.44567079003524407
C80,T12,441.0,0.44101311561031015
C80,T12,450.0,0.43386285760640764
C80,T12,459.0,0.42693547660135456
C80,T12,468.0,0.4225984721441528
C80,T12,477.0,0.41620326683022985
C80,T12,486.0,0.41208459086169713
C80,T12,495.0,0.406105574229299
C80,T12,504.0,0.4021961297290736
C80,T12,513.0,0.39657417114585264
C80,T12,522.0,0.39294446002173417
C80,T12,531.0,0.38764999417151635
C80,T12,540.0,0.3825329202183419
C80,T12,549.0,0.3792170562966849
C80,T12,558.0,0.3744866057088613
C80,T12,567.0,0.3715073315405686
C80,T12,576.0,0.36677915520783533
C80,T12,585.0,0.3622283707721456
C80,T12,594.0,0.35932642127692305
C80,T12,603.0,0.3547824596065041
C80,T12,612.0,0.35187596160110096
C80,T12,621.0,0.34755032841935085
C80,T12,630.0,0.34470750955647617
C80,T12,639.0,0.3405228801903246
C80,T12,648.0,0.336558853567932
C80,T12,657.0,0.33393663744881646
C80,T12,666.0,0.3299316742347985
C80,T12,675.0,0.3273663144929404
C80,T12,684.0,0.3234682412681666
C80,T12,693.0,0.32100977151555254
C80,T12,702.0,0.31734594656507964
C80,T12,711.0,0.31372760671641264
C80,T12,720.0,0.3113146220656047
C80,T12,729.0,0.3077781554001885
C80,T12,738.0,0.3054561409529924
C80,T12,747.0,0.30201746725645917
C80,T12,756.0,0.2997864230128751
C80,T12,765.0,0.2963886859079672
C80,T12,774.0,0.29420085251109884
C80,T12,783.0,0.2911192368637426
C80,T12,792.0,0.288299160551771
C80,T12,801.0,0.2864456426531767
C80,T12,810.0,0.28357098421903776
C80,T12,819.0,0.28181753354441674
C80,T12,828.0,0.2791111699869599
C80,T12,837.0,0.2763297560115234
C80,T12,846.0,0.2745854023572633
C80,T12,855.0,0.2720768989926628
C80,T12,864.0,0.2704985659599947
C80,T12,873.0,0.26806283875828374
C80,T12,882.0,0.2663548731854685
C80,T12,891.0,0.26395325981011203
C80,T12,900.0,0.26162442259764507
C80,T12,909.0,0.2601052201973248
C80,T12,918.0,0.25778093149503833
C80,T12,927.0,0.25635497355342046
C80,T12,936.0,0.2542217222787193
C80,T12,945.0,0.2528253296532752
C80,T12,954.0,0.2505669943486075
C80,T12,963.0,0.24818357501397337
C80,T12,972.0,0.24665754984838223
C80,T12,981.0,0.2445447668694938
C80,T12,990.0,0.24314382573386906
C80,T12,999.0,0.2411356584891344
C80,T12,1008.0,0.23905244082641983
C80,T12,1017.0,0.2377424698944071
C80,T12,1026.0,0.2357206571191307
C80,T12,1035.0,0.23439704065657613
C80,T12,1044.0,0.23244572978909891
C80,T12,1053.0,0.23116077566307955
C80,T12,1062.0,0.22911622033690007
C80,T12,1071.0,0.22718082925505495
C80,T12,1080.0,0.22591861767993857
C80,T12,1089.0,0.22410831062805997
C80,T12,1098.0,0.22293024649128476
C80,T12,1107.0,0.22118816709211508
C80,T12,1116.0,0.22011244443440328
C80,T12,1125.0,0.218463609493936
C80,T12,1134.0,0.21671698158458574
C80,T12,1143.0,0.21557530552925522
C80,T12,1152.0,0.21375817571210576
C80,T12,1161.0,0.21250051264717
C80,T12,1170.0,0.21072431942164585
C80,T12,1179.0,0.20955535230523176
C80,T12,1188.0,0.2078405639671458
C80,T12,1197.0,0.20623948838357475
C80,T12,1206.0,0.2051569429605921
C80,T12,1215.0,0.20352857631593743
C80,T12,1224.0,0.2024915159947607
C80,T12,1233.0,0.20082903552375156
C80,T12,1242.0,0.1997351188253174
C80,T12,1251.0,0.19816588281301056
C80,T12,1260.0,0.19722206695053612
C80,T12,1269.0,0.19574152688675095
C80,T12,1278.0,0.19426780958823675
C80,T12,1287.0,0.19331262245031083
C80,T12,1296.0,0.19200492577338849
C80,T12,1305.0,0.19116572564506792
C80,T12,1314.0,0.18982164088670075
C80,T12,1323.0,0.1883934086899924
C80,T12,1332.0,0.18739728496044114
C80,T12,1341.0,0.1859531329781008
C80,T12,1350.0,0.18506617349288393
C80,T12,1359.0,0.18371754022433612
C80,T12,1368.0,0.1827509818109587
C80,T12,1377.0,0.18135686344060492
C80,T12,1386.0,0.17990588869299373
C80,T12,1395.0,0.17898708963651264
C80,T12,1404.0,0.1775315663787208
C80,T12,1413.0,0.17659912179169784
C80,T12,1422.0,0.1752982478800464
C80,T12,1431.0,0.1744158369050101
C80,T12,1440.0,0.17318091639097732
C80,T12,1449.0,0.17188459098950648
C80,T12,1458.0,0.17106585915699854
C80,T12,1467.0,0.16984003566332698
C80,T12,1476.0,0.16904859489190263
C80,T12,1485.0,0.16768176758263248
C80,T12,1494.0,0.1668334704339507
C80,T12,1503.0,0.1655871786444664
C80,T12,1512.0,0.16434543536516275
C80,T12,1521.0,0.16354034906319653
C80,T12,1530.0,0.16241459279349815
C80,T12,1539.0,0.16161178074662244
C80,T12,1548.0,0.16042461958948584
C80,T12,1557.0,0.15969003519531907
C80,T12,1566.0,0.15847558297709902
C80,T12,1575.0,0.1572247426774341
C80,T12,1584.0,0.15637871978384257
C80,T12,1593.0,0.15516654182071288
C80,T12,1602.0,0.1542886793558571
C80,T12,1611.0,0.15291730353640634
C80,T12,1620.0,0.1519939559697446
C80,T12,1629.0,0.15071355035390588
C80,T12,1638.0,0.1494558872889701
C80,T12,1647.0,0.14863260694628166
C80,T12,1656.0,0.14741360621788085
C80,T12,1665.0,0.1466244397015469
C80,T12,1674.0,0.14547821513603576
C80,T12,1683.0,0.1448073098843974
C80,T12,1692.0,0.14370202191051176
C80,T12,1701.0,0.1425103122431947
C80,T12,1710.0,0.14175980806339566
C80,T12,1719.0,0.14048395095773752
C80,T12,1728.0,0.13966067061504897
C80,T12,1737.0,0.1384757837130029
C80,T12,1746.0,0.13775711910446808
C80,T12,1755.0,0.13674280133419445
C80,T12,1764.0,0.135821728022623
C80,T12,1773.0,0.1351576455362555
C80,T12,1782.0,0.13420928116360045
C80,T12,1791.0,0.13349971357542703
C80,T12,1800.0,0.13241261964226358
C80,T12,1809.0,0.13172352034990276
C80,T12,1818.0,0.13069328279399703
C80,T12,1827.0,0.12967896502372325
C80,T12,1836.0,0.12899896275172368
C80,T12,1845.0,0.1281552141132225
C80,T12,1854.0,0.12758665034064756
C80,T12,1863.0,0.1267474502123269
C80,T12,1872.0,0.12613340133794598
C80,T12,1881.0,0.12505540442514393
C80,T12,1890.0,0.12396603623689037
C80,T12,1899.0,0.12332014779124525
C80,T12,1908.0,0.1224081715000349
C80,T12,1917.0,0.12188054431908542
C80,T12,1926.0,0.12116642822073137
C80,T12,1935.0,0.12072749698830343
C80,T12,1944.0,0.11992241068633734
C80,T12,1953.0,0.11912414714964212
C80,T12,1962.0,0.11863745656031797
C80,T12,1971.0,0.11780053068708768
C80,T12,1980.0,0.11713872245581045
C80,T12,1989.0,0.1161676155322524
C80,T12,1998.0,0.11547851623989157
C80,T12,2007.0,0.11453242612232688
C80,T12,2016.0,0.11396841085993256
C80,T12,2025.0,0.11323837497594627
C80,T12,2034.0,0.112492419306328
C80,T12,2043.0,0.11198980893137175
C80,T12,2052.0,0.111225659221031
C80,T12,2061.0,0.11062525587719184
C80,T12,2070.0,0.10981334680995489
C80,T12,2079.0,0.10937668983261731
C80,T12,2088.0,0.10861026586718632
C80,T12,2097.0,0.10800531401316653
C80,T12,2106.0,0.10756638278073871
C80,T12,2115.0,0.10682952413148156
C80,T12,2124.0,0.10634510779724766
C80,T12,2133.0,0.10564918573961597
C80,T12,2142.0,0.105239819823362
C80,T12,2151.0,0.10460075414298775
C80,T12,2160.0,0.10391620336080755
C80,T12,2169.0,0.10352048297509543
C80,T12,2178.0,0.1028359321929151
C80,T12,2187.0,0.10239700096048729
C80,T12,2196.0,0.10161693146451456
C80,T12,2205.0,0.1011893715075381
C80,T12,2214.0,0.10059351667387956
C80,T12,2223.0,0.09992261142224122
C80,T12,2232.0,0.09955418209761258
C80,T12,2241.0,0.09891056790705771
C80,T12,2250.0,0.09854213858242919
C80,T12,2259.0,0.09755966038341979
C80,T12,2268.0,0.096818253223982
C80,T12,2277.0,0.09631109433884513
C80,T12,2286.0,0.09558788122012984
C80,T12,2295.0,0.09520125785477884
C80,T12,2304.0,0.0946326940822039
C80,T12,2313.0,0.09419376284977608
C80,T12,2322.0,0.09368660396463921
C80,T12,2331.0,0.09327268953820461
C80,T12,2340.0,0.09253355663385722
C80,T12,2349.0,0.09184673159658664
C80,T12,2358.0,0.09140780036415883
C80,T12,2367.0,0.09085060786703536
C80,T12,2376.0,0.09050037258312921
C80,T12,2385.0,0.08991816328001254
C80,T12,2394.0,0.08943374694577863
C80,T12,2403.0,0.08878558424504314
C80,T12,2412.0,0.08818063239102349
C80,T12,2421.0,0.0878099288113046
C80,T12,2430.0,0.08728230163035512
C80,T12,2439.0,0.08691159805063624
C80,T12,2448.0,0.08638169661459638
C80,T12,2457.0,0.08602236431032897
C80,T12,2466.0,0.08550838265992124
C80,T12,2475.0,0.08490343080590144
C80,T12,2484.0,0.08452135595073107
C80,T12,2493.0,0.08398463174942035
C80,T12,2502.0,0.0836071054044306
C80,T12,2511.0,0.08305673567257801
C80,T12,2520.0,0.08272469442939434
C80,T12,2529.0,0.08214930789154841
C80,T12,2538.0,0.0816330519860504
C80,T12,2547.0,0.08130101074286661
C80,T12,2556.0,0.08082114291881345
C80,T12,2565.0,0.0804481650840042
C80,T12,2574.0,0.07982047067908157
C80,T12,2583.0,0.07942929880354994
C80,T12,2592.0,0.07881979843934968
C80,T12,2601.0,0.07821484658532989
C80,T12,2610.0,0.07781912619961766
C80,T12,2619.0,0.07725283668213309
C80,T12,2628.0,0.07692989245931053
C80,T12,2637.0,0.07638407123763856
C80,T12,2646.0,0.07604293297409365
C80,T12,2655.0,0.07551075728296341
C80,T12,2664.0,0.0751264081727028
C80,T12,2673.0,0.0746306205630174
C80,T12,2682.0,0.07419396358567984
C80,T12,2691.0,0.07386192234249617
C80,T12,2700.0,0.07340707132443623
C80,T12,2709.0,0.07313870922378074
C80,T12,2718.0,0.0726747611853597
C80,T12,2727.0,0.07229268633018933
C80,T12,2736.0,0.07181281850613605
C80,T12,2745.0,0.07141482386533356
C80,T12,2754.0,0.07085080860293924
C80,T12,2763.0,0.07031408440162852
C80,T12,2772.0,0.06995930060754174
C80,T12,2781.0,0.0694726100182176
C80,T12,2790.0,0.06919515089720099
C80,T12,2799.0,0.06870163754260597
C80,T12,2808.0,0.06843100118686024
C80,T12,2817.0,0.06802845803587726
C80,T12,2826.0,0.06751902489565001
C80,T12,2835.0,0.06726658258062676
C80,T12,2844.0,0.06685494240928254
C80,T12,2853.0,0.06658658030862717
C80,T12,2862.0,0.06616356886183133
C80,T12,2871.0,0.06575420294557749
C80,T12,2880.0,0.06549038935510262
C80,T12,2889.0,0.06512650854065473
C80,T12,2898.0,0.06490135728671508
C80,T12,2907.0,0.06453747647226706
C80,T12,2916.0,0.0642418233105281
C80,T12,2925.0,0.06391205632243467
C80,T12,2934.0,0.06353452997744492
C80,T12,2943.0,0.06325707085642832
C80,T12,2952.0,0.0628022198383684
C80,T12,2961.0,0.06253840624789352
C80,T12,2970.0,0.06214950862745228
C80,T12,2979.0,0.06178107930282377
C80,T12,2988.0,0.06154683102852287
C80,T12,2997.0,0.0611101740511853
C80,T12,3006.0,0.06084636046071056
C80,T12,3015.0,0.06030736200430946
C80,T12,3024.0,0.06008675926055043
C80,T12,3033.0,0.05963418249758075
C80,T12,3042.0,0.05932488380530005
C80,T12,3051.0,0.05905197319446407
C80,T12,3060.0,0.058678995359654935
C80,T12,3069.0,0.0584083590039092
C80,T12,3078.0,0.05800354159783585
C80,T12,3087.0,0.057653306313929696
C80,T12,3096.0,0.057405412509086935
C80,T12,3105.0,0.057002869358103954
C80,T12,3114.0,0.05683002597124112
C80,T12,3123.0,0.056452499626251366
C80,T12,3132.0,0.05619323454595725
C80,T12,3141.0,0.05584527351714134
C80,T12,3150.0,0.055490489723054565
C80,T12,3159.0,0.0551948365613156
C80,T12,3168.0,0.05474225979834592
C80,T12,3177.0,0.05442841259588461
C80,T12,3186.0,0.05400994965926939
C80,T12,3195.0,0.05363469756937001
C80,T12,3204.0,0.053227605908206285
C80,T12,3213.0,0.052720447023069536
C80,T12,3222.0,0.052463456197865535
C80,T12,3231.0,0.051992685394173496
C80,T12,3240.0,0.0515583026719263
C80,T12,3249.0,0.05133542567307689
C80,T12,3258.0,0.05094880230772603
C80,T12,3267.0,0.050719102543605746
C80,T12,3276.0,0.050412078106415174
C80,T12,3285.0,0.050193749617746385
C80,T12,3294.0,0.04983669156856936
C80,T12,3303.0,0.049331806938522856
C80,T12,3312.0,0.0490839131336801
C80,T12,3321.0,0.04866545019706501
C80,T12,3330.0,0.04839253958622903
C80,T12,3339.0,0.04798317366997506
C80,T12,3348.0,0.047614744345346544
C80,T12,3357.0,0.04734865649978143
C80,T12,3366.0,0.0469210965428051
C80,T12,3375.0,0.046652734442149735
C80,T12,3384.0,0.04622062597499279
C80,T12,3393.0,0.045940892598885806
C80,T12,3402.0,0.045540623702993076
C80,T12,3411.0,0.04528363287778921
C80,T12,3420.0,0.04493339759388305
C80,T12,3429.0,0.044596807840518754
C80,T12,3438.0,0.04445352976982977
C80,T12,3447.0,0.04407600342484001
C80,T12,3456.0,0.04380081855891379
C80,T12,3465.0,0.04343921199955614
C80,T12,3474.0,0.04328001414323517
C80,T12,3483.0,0.043004829277308816
C80,T12,3492.0,0.04277058100300805
C80,T12,3501.0,0.04262048016704819
C80,T12,3510.0,0.042386231892747296
C80,T12,3519.0,0.042217937016065084
C80,T12,3528.0,0.04200870554775754
C80,T12,3537.0,0.04173124642674094
C80,T12,3546.0,0.04150836942789166
C80,T12,3555.0,0.04119679648052059
C80,T12,3564.0,0.04099666203257416
C80,T12,3573.0,0.04077605928881513
C80,T12,3582.0,0.040673717809751604
C80,T12,3591.0,0.040471309106714926
C80,T12,3600.0,0.040266626148588
C80,T12,3609.0,0.040146090628802124
C80,T12,3618.0,0.04000736106829376
C80,T12,3627.0,0.0398367919365213
C80,T12,3636.0,0.03962073770294276
C80,T12,3645.0,0.03952067047896961
C80,T12,3654.0,0.03926367965376574
C80,T12,3663.0,0.039104481797444766
C80,T12,3672.0,0.03967986833529058
C80,T12,3681.0,0.03998234426230053
C80,T11,0.0,1.0
C80,T11,9.0,0.996992507685786
C80,T11,18.0,0.9967386088371489
C80,T11,27.0,0.9966418854662391
C80,T11,36.0,0.9964816873831707
C80,T11,45.0,0.9961310651636242
C80,T11,54.0,0.9948585483150973
C80,T11,63.0,0.9933351552232742
C80,T11,72.0,0.9897805713423538
C80,T11,81.0,0.9866098583397301
C80,T11,90.0,0.9804195626015287
C80,T11,99.0,0.9730685864124146
C80,T11,108.0,0.9674888569530786
C80,T11,117.0,0.9581913229244131
C80,T11,126.0,0.9515687946224602
C80,T11,135.0,0.940995721139927
C80,T11,144.0,0.9299511212242102
C80,T11,153.0,0.9222344097888445
C80,T11,162.0,0.9105611079622168
C80,T11,171.0,0.9026962888651465
C80,T11,180.0,0.8907569977685177
C80,T11,189.0,0.8829616985942886
C80,T11,198.0,0.8711402891059556
C80,T11,207.0,0.8633873064064994
C80,T11,216.0,0.8518318861881674
C80,T11,225.0,0.8402885563911993
C80,T11,234.0,0.8326655457214018
C80,T11,243.0,0.8216269910163672
C80,T11,252.0,0.8142034722990709
C80,T11,261.0,0.803355341730514
C80,T11,270.0,0.7925857989008205
C80,T11,279.0,0.7855370832457985
C80,T11,288.0,0.7753116093774707
C80,T11,297.0,0.7684835439123353
C80,T11,306.0,0.758427335943099
C80,T11,315.0,0.7519166440387602
C80,T11,324.0,0.7423228946866844
C80,T11,333.0,0.7329860667885869
C80,T11,342.0,0.7270829185577725
C80,T11,351.0,0.7180634642204711
C80,T11,360.0,0.7122661071765894
C80,T11,369.0,0.7038239704594033
C80,T11,378.0,0.6982563314214315
C80,T11,387.0,0.6901194778436784
C80,T11,396.0,0.6820914380581983
C80,T11,405.0,0.6769046472931819
C80,T11,414.0,0.6691698002257711
C80,T11,423.0,0.6641794788079142
C80,T11,432.0,0.6567136436158454
C80,T11,441.0,0.6519137463344663
C80,T11,450.0,0.6446594935162616
C80,T11,459.0,0.6375805518078301
C80,T11,468.0,0.6329982821109975
C80,T11,477.0,0.6260704706696119
C80,T11,486.0,0.6216060825810751
C80,T11,495.0,0.6150500515966224
C80,T11,504.0,0.6107700424338817
C80,T11,513.0,0.6044558198767026
C80,T11,522.0,0.6003934382985079
C80,T11,531.0,0.5943149789579206
C80,T11,540.0,0.5883816046736972
C80,T11,549.0,0.5845338280747077
C80,T11,558.0,0.5788483074284396
C80,T11,567.0,0.5752876783368374
C80,T11,576.0,0.5698530339338657
C80,T11,585.0,0.5645241807178263
C80,T11,594.0,0.5610784106291788
C80,T11,603.0,0.5559309137335944
C80,T11,612.0,0.552566753989152
C80,T11,621.0,0.5476127038353863
C80,T11,630.0,0.5442908605657166
C80,T11,639.0,0.5393791268867237
C80,T11,648.0,0.5345036644718222
C80,T11,657.0,0.5312634315463574
C80,T11,666.0,0.5265118959504332
C80,T11,675.0,0.5234530193454233
C80,T11,684.0,0.5188405235951816
C80,T11,693.0,0.5158058278328992
C80,T11,702.0,0.5112265807414075
C80,T11,711.0,0.5067470796261662
C80,T11,720.0,0.5038302654721796
C80,T11,729.0,0.4994867815972794
C80,T11,738.0,0.4966153065234067
C80,T11,747.0,0.4922808904645293
C80,T11,756.0,0.4895907717111117
C80,T11,765.0,0.48537725986587105
C80,T11,774.0,0.4826266890056352
C80,T11,783.0,0.47859755608619053
C80,T11,792.0,0.47454424232401876
C80,T11,801.0,0.4719296887041241
C80,T11,810.0,0.4680879573158164
C80,T11,819.0,0.4656305791736494
C80,T11,828.0,0.4619490458684106
C80,T11,837.0,0.4582554221418081
C80,T11,846.0,0.4558222248423684
C80,T11,855.0,0.45224950532940267
C80,T11,864.0,0.4498858279528043
C80,T11,873.0,0.44652166820836164
C80,T11,882.0,0.4442396011759681
C80,T11,891.0,0.4408482379834575
C80,T11,900.0,0.43751128168708314
C80,T11,909.0,0.43532291542025825
C80,T11,918.0,0.4320736146787706
C80,T11,927.0,0.42996081354546856
C80,T11,936.0,0.4267991683588675
C80,T11,945.0,0.4247347289110201
C80,T11,954.0,0.42158819675112374
C80,T11,963.0,0.41849607148736406
C80,T11,972.0,0.4164346546448575
C80,T11,981.0,0.41345436577871175
C80,T11,990.0,0.41132645161870496
C80,T11,999.0,0.4083401175418773
C80,T11,1008.0,0.40535982867573156
C80,T11,1017.0,0.4033860673881116
C80,T11,1026.0,0.40042693675935215
C80,T11,1035.0,0.3984561980770734
C80,T11,1044.0,0.3955877456085414
C80,T11,1053.0,0.3937258207185355
C80,T11,1062.0,0.39084830043398094
C80,T11,1071.0,0.38809168436306324
C80,T11,1080.0,0.38622673686771636
C80,T11,1089.0,0.3834640755861167
C80,T11,1098.0,0.3815870376694063
C80,T11,1107.0,0.37879717293973836
C80,T11,1116.0,0.3770319714206419
C80,T11,1125.0,0.37447182469688367
C80,T11,1134.0,0.3718995875517619
C80,T11,1143.0,0.3701555442700518
C80,T11,1152.0,0.36756819409822544
C80,T11,1161.0,0.3658513542645837
C80,T11,1170.0,0.3632881849354848
C80,T11,1179.0,0.36150182517900187
C80,T11,1188.0,0.35895679148194826
C80,T11,1197.0,0.35640873517955374
C80,T11,1206.0,0.3547070083726166
C80,T11,1215.0,0.3522194041770406
C80,T11,1224.0,0.35053581300214887
C80,T11,1233.0,0.34809052528134576
C80,T11,1242.0,0.3464704088186132
C80,T11,1251.0,0.34397071420167347
C80,T11,1260.0,0.342435230688487
C80,T11,1269.0,0.340014123810411
C80,T11,1278.0,0.3376957855139264
C80,T11,1287.0,0.3361421663686942
C80,T11,1296.0,0.3337996472294823
C80,T11,1305.0,0.33236088708720507
C80,T11,1314.0,0.33013322695094793
C80,T11,1323.0,0.3278964989986681
C80,T11,1332.0,0.3264819196991183
C80,T11,1341.0,0.32430262124831594
C80,T11,1350.0,0.3228366576579703
C80,T11,1359.0,0.32067549483921337
C80,T11,1368.0,0.31923371209159523
C80,T11,1377.0,0.31705743624613375
C80,T11,1386.0,0.31486000216328597
C80,T11,1395.0,0.31341821941566783
C80,T11,1404.0,0.311214740122138
C80,T11,1413.0,0.30979411561190634
C80,T11,1422.0,0.30768131447860414
C80,T11,1431.0,0.3062153508882586
C80,T11,1440.0,0.3041357984137065
C80,T11,1449.0,0.30200486164835894
C80,T11,1458.0,0.30068700571971846
C80,T11,1467.0,0.29867999577334836
C80,T11,1476.0,0.29730168773788956
C80,T11,1485.0,0.2952614291327694
C80,T11,1494.0,0.2939314827827652
C80,T11,1503.0,0.2918882015723041
C80,T11,1512.0,0.2899114176793433
C80,T11,1521.0,0.2885844939346801
C80,T11,1530.0,0.2866590943325149
C80,T11,1539.0,0.28535030621989715
C80,T11,1548.0,0.2834097935910274
C80,T11,1557.0,0.282161457585228
C80,T11,1566.0,0.28022396756169904
C80,T11,1575.0,0.2783257714076022
C80,T11,1584.0,0.27708650321782546
C80,T11,1593.0,0.27519737487975127
C80,T11,1602.0,0.27390067718849725
C80,T11,1611.0,0.2719480741382638
C80,T11,1620.0,0.270675557289737
C80,T11,1629.0,0.26874108987154915
C80,T11,1638.0,0.2667945320319975
C80,T11,1647.0,0.26544040483926584
C80,T11,1656.0,0.26350896002641894
C80,T11,1665.0,0.2623029404953924
C80,T11,1674.0,0.2603654504718635
C80,T11,1683.0,0.25912618228208695
C80,T11,1692.0,0.25731261907753566
C80,T11,1701.0,0.2554567393982115
C80,T11,1710.0,0.2542265390244577
C80,T11,1719.0,0.2524462244786566
C80,T11,1728.0,0.25129158923842565
C80,T11,1737.0,0.2494054835056925
C80,T11,1746.0,0.24821457700137053
C80,T11,1755.0,0.24640705900750115
C80,T11,1764.0,0.24470230959522296
C80,T11,1773.0,0.24353558393362845
C80,T11,1782.0,0.24191546747089604
C80,T11,1791.0,0.24079105828407427
C80,T11,1800.0,0.23911048971452353
C80,T11,1809.0,0.2380072387650882
C80,T11,1818.0,0.23634178322224206
C80,T11,1827.0,0.23465516944200948
C80,T11,1836.0,0.23357005412461956
C80,T11,1845.0,0.23199225413666005
C80,T11,1854.0,0.230879935371202
C80,T11,1863.0,0.2292870223565379
C80,T11,1872.0,0.22828351738335276
C80,T11,1881.0,0.22676012429152986
C80,T11,1890.0,0.2252034825409568
C80,T11,1899.0,0.22417277411970352
C80,T11,1908.0,0.22255870286765297
C80,T11,1917.0,0.22153403965708154
C80,T11,1926.0,0.21998042051184932
C80,T11,1935.0,0.21904039025082353
C80,T11,1944.0,0.2176258109512737
C80,T11,1953.0,0.21616286996626896
C80,T11,1962.0,0.21521074928387976
C80,T11,1971.0,0.21385057688046624
C80,T11,1980.0,0.2129105466194406
C80,T11,1989.0,0.21145667345045874
C80,T11,1998.0,0.2105166431894331
C80,T11,2007.0,0.20901138572965547
C80,T11,2016.0,0.20800183554578863
C80,T11,2025.0,0.20656307540351135
C80,T11,2034.0,0.2051364056825978
C80,T11,2043.0,0.20416917197350384
C80,T11,2052.0,0.20285433865020422
C80,T11,2061.0,0.2018810597304284
C80,T11,2070.0,0.20050577430031047
C80,T11,2079.0,0.19964130917280756
C80,T11,2088.0,0.19826300113734877
C80,T11,2097.0,0.19696328084075373
C80,T11,2106.0,0.1961109061346147
C80,T11,2115.0,0.19483536668074697
C80,T11,2124.0,0.19400717281733526
C80,T11,2133.0,0.1927346559688085
C80,T11,2142.0,0.19186112302528308
C80,T11,2151.0,0.1906943973636884
C80,T11,2160.0,0.18940374488311623
C80,T11,2169.0,0.18866320657459115
C80,T11,2178.0,0.1874481192275417
C80,T11,2187.0,0.1866561966282212
C80,T11,2196.0,0.1854108832277626
C80,T11,2205.0,0.1846340736551465
C80,T11,2214.0,0.1834824610202566
C80,T11,2223.0,0.18221598938241154
C80,T11,2232.0,0.1814633606525229
C80,T11,2241.0,0.1803117480176328
C80,T11,2250.0,0.1795802775251306
C80,T11,2259.0,0.1776639457389881
C80,T11,2268.0,0.17651535570943905
C80,T11,2277.0,0.1757415687421638
C80,T11,2286.0,0.17451136836840994
C80,T11,2295.0,0.17378896569193028
C80,T11,2304.0,0.17261619481965393
C80,T11,2313.0,0.17180009137760593
C80,T11,2322.0,0.1708026316151028
C80,T11,2331.0,0.17007116112260046
C80,T11,2340.0,0.16892559369839222
C80,T11,2349.0,0.1678253653542979
C80,T11,2358.0,0.16706366880838638
C80,T11,2367.0,0.16594832743758747
C80,T11,2376.0,0.1652410377878124
C80,T11,2385.0,0.16413778683837707
C80,T11,2394.0,0.16342142937257945
C80,T11,2403.0,0.16233631405518953
C80,T11,2412.0,0.1613025830285954
C80,T11,2421.0,0.1605771577467749
C80,T11,2430.0,0.15951622327211246
C80,T11,2439.0,0.15876661714756465
C80,T11,2448.0,0.15780845125449341
C80,T11,2457.0,0.15710418421005934
C80,T11,2466.0,0.1561369505009654
C80,T11,2475.0,0.15513042292243942
C80,T11,2484.0,0.15445940453675552
C80,T11,2493.0,0.1534498543528887
C80,T11,2502.0,0.15279999420459126
C80,T11,2511.0,0.1517874214153834
C80,T11,2520.0,0.151210103795268
C80,T11,2529.0,0.15019753100606031
C80,T11,2538.0,0.14919100342753433
C80,T11,2547.0,0.1485925275700325
C80,T11,2556.0,0.1476706329410523
C80,T11,2565.0,0.1469905467393455
C80,T11,2574.0,0.14602935824093344
C80,T11,2583.0,0.1454036789353633
C80,T11,2592.0,0.14443342262092831
C80,T11,2601.0,0.14347525672785708
C80,T11,2610.0,0.14281028355285508
C80,T11,2619.0,0.14185816287046568
C80,T11,2628.0,0.1411841218794408
C80,T11,2637.0,0.14021991077568768
C80,T11,2646.0,0.1395912088647767
C80,T11,2655.0,0.13866024641977379
C80,T11,2664.0,0.13800131845545346
C80,T11,2673.0,0.1371549889599963
C80,T11,2682.0,0.13623611693635695
C80,T11,2691.0,0.1356104376307868
C80,T11,2700.0,0.1347580629246478
C80,T11,2709.0,0.13414749664578224
C80,T11,2718.0,0.13330418975566594
C80,T11,2727.0,0.13273896255691411
C80,T11,2736.0,0.13191379129884326
C80,T11,2745.0,0.13124881812384123
C80,T11,2754.0,0.1304024886283839
C80,T11,2763.0,0.12951082005281286
C80,T11,2772.0,0.12892745722201562
C80,T11,2781.0,0.12801463040905828
C80,T11,2790.0,0.1274524258156473
C80,T11,2799.0,0.12661818674155373
C80,T11,2808.0,0.1260348239107565
C80,T11,2817.0,0.12520663004734475
C80,T11,2826.0,0.12435123273586474
C80,T11,2835.0,0.12383134461722682
C80,T11,2844.0,0.12305151243926987
C80,T11,2853.0,0.12248930784585889
C80,T11,2862.0,0.12175179214267483
C80,T11,2871.0,0.12095684693801312
C80,T11,2880.0,0.12048532050482978
C80,T11,2889.0,0.1196873526948274
C80,T11,2898.0,0.1192007132349395
C80,T11,2907.0,0.11851760442789187
C80,T11,2916.0,0.11799771630925379
C80,T11,2925.0,0.11726926842209244
C80,T11,2934.0,0.11655593356163567
C80,T11,2943.0,0.11609347494447506
C80,T11,2952.0,0.11538014008401828
C80,T11,2961.0,0.11486025196538019
C80,T11,2970.0,0.11413482668355969
C80,T11,2979.0,0.1133882431643529
C80,T11,2988.0,0.1130013496807152
C80,T11,2997.0,0.11230917305764486
C80,T11,3006.0,0.11179533014968865
C80,T11,3015.0,0.1110003849450271
C80,T11,3024.0,0.11057419759195752
C80,T11,3033.0,0.10978227499263683
C80,T11,3042.0,0.10912032442297566
C80,T11,3051.0,0.10860950412036045
C80,T11,3060.0,0.10794150834001742
C80,T11,3069.0,0.10746695930149325
C80,T11,3078.0,0.10678989570512751
C80,T11,3087.0,0.10611283210876159
C80,T11,3096.0,0.1055868987794418
C80,T11,3105.0,0.1049309934204625
C80,T11,3114.0,0.1044776026193246
C80,T11,3123.0,0.10384890070841361
C80,T11,3132.0,0.10337132906454842
C80,T11,3141.0,0.10271542370556912
C80,T11,3150.0,0.1020564957412488
C80,T11,3159.0,0.10166657965227023
C80,T11,3168.0,0.10094719958113159
C80,T11,3177.0,0.10050589920135759
C80,T11,3186.0,0.09984697123703727
C80,T11,3195.0,0.09933615093442207
C80,T11,3204.0,0.09863792910066987
C80,T11,3213.0,0.09793668466157666
C80,T11,3222.0,0.09748027125509791
C80,T11,3231.0,0.09677902681600487
C80,T11,3240.0,0.09609591800895725
C80,T11,3249.0,0.09564857241850122
C80,T11,3258.0,0.09492616974202174
C80,T11,3267.0,0.09449393717827027
C80,T11,3276.0,0.09386523526735929
C80,T11,3285.0,0.09338161841281223
C80,T11,3294.0,0.09278011994996938
C80,T11,3303.0,0.09213932761769465
C80,T11,3312.0,0.0917252306859888
C80,T11,3321.0,0.09107234793235035
C80,T11,3330.0,0.09062500234189448
C80,T11,3339.0,0.08996909698291501
C80,T11,3348.0,0.08926785254382197
C80,T11,3357.0,0.08888398166552527
C80,T11,3366.0,0.08824016672790953
C80,T11,3375.0,0.08782304719086283
C80,T11,3384.0,0.08717923225324709
C80,T11,3393.0,0.08670770582006393
C80,T11,3402.0,0.08611527517324379
C80,T11,3411.0,0.0856135226866513
C80,T11,3420.0,0.08498482077574014
C80,T11,3429.0,0.0843863449182383
C80,T11,3438.0,0.08397829319721431
C80,T11,3447.0,0.08343422423584894
C80,T11,3456.0,0.08297781082937018
C80,T11,3465.0,0.08240351581459565
C80,T11,3474.0,0.08207707443777643
C80,T11,3483.0,0.08153905068709291
C80,T11,3492.0,0.08097080088300024
C80,T11,3501.0,0.08061111084743083
C80,T11,3510.0,0.08010935836083852
C80,T11,3519.0,0.07975571353595097
C80,T11,3528.0,0.07932952618288139
C80,T11,3537.0,0.07893356488322113
C80,T11,3546.0,0.07848621929276509
C80,T11,3555.0,0.07795121814742242
C80,T11,3564.0,0.07757943769048946
C80,T11,3573.0,0.0770897756252607
C80,T11,3582.0,0.07682076374991895
C80,T11,3591.0,0.07629180781525816
C80,T11,3600.0,0.07582632659275669
C80,T11,3609.0,0.07559056337616511
C80,T11,3618.0,0.07514321778570908
C80,T11,3627.0,0.07485909288366274
C80,T11,3636.0,0.07446010897866145
C80,T11,3645.0,0.07417598407661512
C80,T11,3654.0,0.0736802768007045
C80,T11,3663.0,0.07340824232002173
C80,T11,3672.0,0.07533666452752794
C80,T11,3681.0,0.07403694423093289
C80,T9,0.0,1.0
C80,T9,9.0,0.9999736545506698
C80,T9,18.0,0.9990659340691967
C80,T9,27.0,0.997339109617635
C80,T9,36.0,0.9916437024805835
C80,T9,45.0,0.9854453367654071
C80,T9,54.0,0.9730318400491169
C80,T9,63.0,0.9630301494669776
C80,T9,72.0,0.9463870106127427
C80,T9,81.0,0.9344621022294883
C80,T9,90.0,0.9155125390384237
C80,T9,99.0,0.8964168783556182
C80,T9,108.0,0.8834668924893279
C80,T9,117.0,0.8640958021089779
C80,T9,126.0,0.8513206542246077
C80,T9,135.0,0.8323543257476056
C80,T9,144.0,0.8138957459304246
C80,T9,153.0,0.8016930128087775
C80,T9,162.0,0.7840679072067748
C80,T9,171.0,0.7726579326058863
C80,T9,180.0,0.7558998317909369
C80,T9,189.0,0.7451796289543337
C80,T9,198.0,0.7292454221911697
C80,T9,207.0,0.7190904489947448
C80,T9,216.0,0.7041262337751076
C80,T9,225.0,0.6896194713574789
C80,T9,234.0,0.6800896038224377
C80,T9,243.0,0.6665025370905229
C80,T9,252.0,0.6574732330927584
C80,T9,261.0,0.6444202604699951
C80,T9,270.0,0.6317600745463392
C80,T9,279.0,0.6235546646003599
C80,T9,288.0,0.6117111876059447
C80,T9,297.0,0.6039368850126438
C80,T9,306.0,0.5926514525358622
C80,T9,315.0,0.5854854903180077
C80,T9,324.0,0.5750023965253777
C80,T9,333.0,0.5649695704122115
C80,T9,342.0,0.5586251072052945
C80,T9,351.0,0.5491838561816371
C80,T9,360.0,0.5430980573863267
C80,T9,369.0,0.5342531715338746
C80,T9,378.0,0.5284356173135643
C80,T9,387.0,0.5199284322207102
C80,T9,396.0,0.5116679363352221
C80,T9,405.0,0.5063293902845544
C80,T9,414.0,0.49838743483187864
C80,T9,423.0,0.4931973813138001
C80,T9,432.0,0.485643422478535
C80,T9,441.0,0.480817415169385
C80,T9,450.0,0.4734885901738521
C80,T9,459.0,0.4663465783644796
C80,T9,468.0,0.4617936057120259
C80,T9,477.0,0.45508270125533185
C80,T9,486.0,0.4507668376468513
C80,T9,495.0,0.4444583000526572
C80,T9,504.0,0.4403867306106944
C80,T9,513.0,0.4344111036944019
C80,T9,522.0,0.430550297847082
C80,T9,531.0,0.4249147667312356
C80,T9,540.0,0.419451678556461
C80,T9,549.0,0.4159118081828014
C80,T9,558.0,0.41078642076762467
C80,T9,567.0,0.4075579057042331
C80,T9,576.0,0.40259059098503847
C80,T9,585.0,0.39774302830825453
C80,T9,594.0,0.39462229008303246
C80,T9,603.0,0.38989208440781103
C80,T9,612.0,0.38681924699955317
C80,T9,621.0,0.38229261979642987
C80,T9,630.0,0.3792676832051362
C80,T9,639.0,0.3748416477176378
C80,T9,648.0,0.3705162039457644
C80,T9,657.0,0.3676996359082653
C80,T9,666.0,0.36350831442389187
C80,T9,675.0,0.36079473314286625
C80,T9,684.0,0.3566417323120641
C80,T9,693.0,0.3540191625832703
C80,T9,702.0,0.35001944436675403
C80,T9,711.0,0.34616582364197857
C80,T9,720.0,0.3436318704245688
C80,T9,729.0,0.3398644711703291
C80,T9,738.0,0.33738320885158
C80,T9,747.0,0.3337331665989028
C80,T9,756.0,0.3314075819352875
C80,T9,765.0,0.3277790950502441
C80,T9,774.0,0.3254247698964504
C80,T9,783.0,0.32200225652435355
C80,T9,792.0,0.3188000869102921
C80,T9,801.0,0.3167523269850697
C80,T9,810.0,0.31367948957681185
C80,T9,819.0,0.3117011858361875
C80,T9,828.0,0.308733730225251
C80,T9,837.0,0.3057566944509219
C80,T9,846.0,0.3037807857511457
C80,T9,855.0,0.30097379787703965
C80,T9,864.0,0.29914638170985286
C80,T9,873.0,0.29654297230784493
C80,T9,882.0,0.29468921069132775
C80,T9,891.0,0.2919899996553911
C80,T9,900.0,0.28943209602949915
C80,T9,909.0,0.28771724678217836
C80,T9,918.0,0.28517610844222396
C80,T9,927.0,0.28358819635985844
C80,T9,936.0,0.2811452546946808
C80,T9,945.0,0.27954776244892254
C80,T9,954.0,0.2771527216007091
C80,T9,963.0,0.2746762493636563
C80,T9,972.0,0.2730476215868712
C80,T9,981.0,0.270700481555622
C80,T9,990.0,0.26909819922816725
C80,T9,999.0,0.2668732062801771
C80,T9,1008.0,0.2645883373109814
C80,T9,1017.0,0.26311778223017845
C80,T9,1026.0,0.26092392481321486
C80,T9,1035.0,0.2594437895690191
C80,T9,1044.0,0.2573026230507163
C80,T9,1053.0,0.25586320350094005
C80,T9,1062.0,0.25365976592058365
C80,T9,1071.0,0.2515712903009415
C80,T9,1080.0,0.25010792034268314
C80,T9,1089.0,0.24809129594848747
C80,T9,1098.0,0.24674049291009506
C80,T9,1107.0,0.24473823876098863
C80,T9,1116.0,0.24348084231567663
C80,T9,1125.0,0.24165103110764155
C80,T9,1134.0,0.23977092404179395
C80,T9,1143.0,0.2385015523922409
C80,T9,1152.0,0.23660947012215228
C80,T9,1161.0,0.2353161480641171
C80,T9,1170.0,0.2333114988741624
C80,T9,1179.0,0.2320277569795201
C80,T9,1188.0,0.23016441519961003
C80,T9,1197.0,0.22833460399157496
C80,T9,1206.0,0.22714666373086115
C80,T9,1215.0,0.2253887037482724
C80,T9,1224.0,0.22416244283398715
C80,T9,1233.0,0.22242124813733605
C80,T9,1242.0,0.2212452830808633
C80,T9,1251.0,0.2194849280574264
C80,T9,1260.0,0.21836644398131064
C80,T9,1269.0,0.21670189059180248
C80,T9,1278.0,0.2150756578558655
C80,T9,1287.0,0.2139859142699284
C80,T9,1296.0,0.21242434763689316
C80,T9,1305.0,0.211468726338456
C80,T9,1314.0,0.20993111011390314
C80,T9,1323.0,0.20839828397104646
C80,T9,1332.0,0.20736362632461836
C80,T9,1341.0,0.20581642993667246
C80,T9,1350.0,0.20478656237194068
C80,T9,1359.0,0.20328008167841438
C80,T9,1368.0,0.2022597942770755
C80,T9,1377.0,0.20070780780743327
C80,T9,1386.0,0.19914384613354988
C80,T9,1395.0,0.1981475091406931
C80,T9,1404.0,0.19657396730341692
C80,T9,1413.0,0.19557044518801542
C80,T9,1422.0,0.19410228514806058
C80,T9,1431.0,0.19312989856368593
C80,T9,1440.0,0.1917407748717222
C80,T9,1449.0,0.19032530573042802
C80,T9,1458.0,0.18941279516725879
C80,T9,1467.0,0.1880428318020807
C80,T9,1476.0,0.18716624685163463
C80,T9,1485.0,0.1857819132413672
C80,T9,1494.0,0.18485024235141218
C80,T9,1503.0,0.18346830378199303
C80,T9,1512.0,0.1821175007436006
C80,T9,1521.0,0.1812169653846724
C80,T9,1530.0,0.17998830942953886
C80,T9,1539.0,0.17908537902976251
C80,T9,1548.0,0.1777609214407005
C80,T9,1557.0,0.1769873232467276
C80,T9,1566.0,0.17565568053512087
C80,T9,1575.0,0.1743360130277553
C80,T9,1584.0,0.1734857735266395
C80,T9,1593.0,0.17219963659114895
C80,T9,1602.0,0.171291916109676
C80,T9,1611.0,0.16990997754025688
C80,T9,1620.0,0.1689447760784268
C80,T9,1629.0,0.16758439287664165
C80,T9,1638.0,0.16623837991994567
C80,T9,1647.0,0.16532107927507997
C80,T9,1656.0,0.16399901672686626
C80,T9,1665.0,0.16317991275677718
C80,T9,1674.0,0.16188659069874187
C80,T9,1683.0,0.16109383217798334
C80,T9,1692.0,0.159889126631332
C80,T9,1701.0,0.15864610043110924
C80,T9,1710.0,0.15777909564405593
C80,T9,1719.0,0.156533674402985
C80,T9,1728.0,0.15564032416660142
C80,T9,1737.0,0.15432544674093218
C80,T9,1746.0,0.1535781939962897
C80,T9,1755.0,0.15239743885812035
C80,T9,1764.0,0.15127416470030827
C80,T9,1773.0,0.15053888715990685
C80,T9,1782.0,0.14946830390075544
C80,T9,1791.0,0.14871626107441638
C80,T9,1800.0,0.1475690365081222
C80,T9,1809.0,0.14681699368178314
C80,T9,1818.0,0.1457200649733013
C80,T9,1827.0,0.14460876601973044
C80,T9,1836.0,0.14386869839763244
C80,T9,1845.0,0.14283883083290064
C80,T9,1854.0,0.14216821939540095
C80,T9,1863.0,0.14119104272932984
C80,T9,1872.0,0.14054677674116042
C80,T9,1881.0,0.1394929587679465
C80,T9,1890.0,0.13838405485522365
C80,T9,1899.0,0.13763680211058105
C80,T9,1908.0,0.13660214446415295
C80,T9,1917.0,0.13593871814919786
C80,T9,1926.0,0.13505973815790348
C80,T9,1935.0,0.1344705581092429
C80,T9,1944.0,0.13359876324049327
C80,T9,1953.0,0.1326623022688418
C80,T9,1962.0,0.13214018336393135
C80,T9,1971.0,0.13122527775991383
C80,T9,1980.0,0.13056903656750335
C80,T9,1989.0,0.12955832932955721
C80,T9,1998.0,0.12887095260612003
C80,T9,2007.0,0.12785306024562929
C80,T9,2016.0,0.12719442401237066
C80,T9,2025.0,0.12627472832665668
C80,T9,2034.0,0.12541011858045165
C80,T9,2043.0,0.12484009885857686
C80,T9,2052.0,0.1239946494391575
C80,T9,2061.0,0.1233910991454077
C80,T9,2070.0,0.12247619354139017
C80,T9,2079.0,0.12196844488156894
C80,T9,2088.0,0.12109665001281932
C80,T9,2097.0,0.12038771792174803
C80,T9,2106.0,0.11988475934362326
C80,T9,2115.0,0.11907763057777536
C80,T9,2124.0,0.1185579067137131
C80,T9,2133.0,0.11778191347889191
C80,T9,2142.0,0.11722626400210634
C80,T9,2151.0,0.11651733191103518
C80,T9,2160.0,0.11576049900299981
C80,T9,2169.0,0.11527191066996426
C80,T9,2178.0,0.11453423808871453
C80,T9,2187.0,0.11403127951058963
C80,T9,2196.0,0.11324810115322385
C80,T9,2205.0,0.11271161200322408
C80,T9,2214.0,0.11202663032063503
C80,T9,2223.0,0.11126261229005505
C80,T9,2232.0,0.11082192477398371
C80,T9,2241.0,0.11013215300969822
C80,T9,2250.0,0.10967949028938584
C80,T9,2259.0,0.10856340125411851
C80,T9,2268.0,0.10787362948983302
C80,T9,2277.0,0.10730600480880638
C80,T9,2286.0,0.10656833222755667
C80,T9,2295.0,0.10604621332264623
C80,T9,2304.0,0.1053779969259947
C80,T9,2313.0,0.10491335900144126
C80,T9,2322.0,0.10429304342175394
C80,T9,2331.0,0.10385714598737907
C80,T9,2340.0,0.10308594283425433
C80,T9,2349.0,0.10233390000791541
C80,T9,2358.0,0.10187644720590658
C80,T9,2367.0,0.10120823080925503
C80,T9,2376.0,0.100769938334032
C80,T9,2385.0,0.10014722771349653
C80,T9,2394.0,0.09964187409452348
C80,T9,2403.0,0.09893533704430048
C80,T9,2412.0,0.0983054413012204
C80,T9,2421.0,0.09784319841751525
C80,T9,2430.0,0.0972276729195244
C80,T9,2439.0,0.09678698540345307
C80,T9,2448.0,0.09624570617175683
C80,T9,2457.0,0.09580262361483735
C80,T9,2466.0,0.09518230803515004
C80,T9,2475.0,0.09458354782309668
C80,T9,2484.0,0.09420513136907907
C80,T9,2493.0,0.09360397611617742
C80,T9,2502.0,0.09320160925367754
C80,T9,2511.0,0.09260284904162419
C80,T9,2520.0,0.09223401275099934
C80,T9,2529.0,0.09160172196707098
C80,T9,2538.0,0.09102212208180342
C80,T9,2547.0,0.09063652050524106
C80,T9,2556.0,0.09008326606930377
C80,T9,2565.0,0.08969526945189311
C80,T9,2574.0,0.08907974395390225
C80,T9,2583.0,0.08868695725479528
C80,T9,2592.0,0.0880498763891706
C80,T9,2601.0,0.08743435089117975
C80,T9,2610.0,0.08693857743559959
C80,T9,2619.0,0.08633502714184978
C80,T9,2628.0,0.08594703052443912
C80,T9,2637.0,0.08538659096595723
C80,T9,2646.0,0.08496027369497525
C80,T9,2655.0,0.084385463891404
C80,T9,2664.0,0.08397351686551137
C80,T9,2673.0,0.08347774340993121
C80,T9,2682.0,0.08290772368805628
C80,T9,2691.0,0.08256044276506538
C80,T9,2700.0,0.08202634865591375
C80,T9,2709.0,0.08167427765122641
C80,T9,2718.0,0.08115934386886058
C80,T9,2727.0,0.08082164310926244
C80,T9,2736.0,0.08028754900011081
C80,T9,2745.0,0.07988757717845925
C80,T9,2754.0,0.07930079217064695
C80,T9,2763.0,0.0787020319585936
C80,T9,2772.0,0.07834756591305794
C80,T9,2781.0,0.07777754619118316
C80,T9,2790.0,0.0774350553498887
C80,T9,2799.0,0.07686982570971036
C80,T9,2808.0,0.07653691503180868
C80,T9,2817.0,0.07606748702555878
C80,T9,2826.0,0.07551183754877333
C80,T9,2835.0,0.07523880289207693
C80,T9,2844.0,0.07478614017176467
C80,T9,2853.0,0.07448915510658616
C80,T9,2862.0,0.07401493701863995
C80,T9,2871.0,0.0735359288489973
C80,T9,2880.0,0.07326049915145273
C80,T9,2889.0,0.07281502155368509
C80,T9,2898.0,0.07254917201953329
C80,T9,2907.0,0.07211806466685486
C80,T9,2916.0,0.07178754902980146
C80,T9,2925.0,0.07137799704475699
C80,T9,2934.0,0.07097084010056066
C80,T9,2943.0,0.07066427487198938
C80,T9,2952.0,0.0702187972742216
C80,T9,2961.0,0.06991223204565032
C80,T9,2970.0,0.06945956932533806
C80,T9,2979.0,0.06906199254453464
C80,T9,2988.0,0.06879853805123114
C80,T9,2997.0,0.06840096127042772
C80,T9,3006.0,0.06808481587846353
C80,T9,3015.0,0.06757227713694587
C80,T9,3024.0,0.0673040325619459
C80,T9,3033.0,0.0668226293514551
C80,T9,3042.0,0.066429842652348
C80,T9,3051.0,0.06615680799565173
C80,T9,3060.0,0.06573528080636619
C80,T9,3069.0,0.06546224614966978
C80,T9,3078.0,0.06500718838850923
C80,T9,3087.0,0.06460003144431306
C80,T9,3096.0,0.06430544141998269
C80,T9,3105.0,0.06389349439409006
C80,T9,3114.0,0.06362285477824195
C80,T9,3123.0,0.06327078377355459
C80,T9,3132.0,0.06299056399431358
C80,T9,3141.0,0.062590592172662
C80,T9,3150.0,0.0622145707594924
C80,T9,3159.0,0.061955906347885344
C80,T9,3168.0,0.06153677419944797
C80,T9,3177.0,0.061227813930028525
C80,T9,3186.0,0.06083023714922511
C80,T9,3195.0,0.06042787028672524
C80,T9,3204.0,0.05999197285235036
C80,T9,3213.0,0.05951775476440415
C80,T9,3222.0,0.05920160937243997
C80,T9,3231.0,0.05879205738739549
C80,T9,3240.0,0.05833939466708311
C80,T9,3249.0,0.058068755051234995
C80,T9,3258.0,0.057656808025342364
C80,T9,3267.0,0.057410118817976356
C80,T9,3276.0,0.057000566832931886
C80,T9,3285.0,0.05672992721708377
C80,T9,3294.0,0.056363485967307066
C80,T9,3303.0,0.05594674885971798
C80,T9,3312.0,0.05562820842690551
C80,T9,3321.0,0.05518512586998602
C80,T9,3330.0,0.054904906090745144
C80,T9,3339.0,0.05448577394230777
C80,T9,3348.0,0.054037901303691835
C80,T9,3357.0,0.05378642201462938
C80,T9,3366.0,0.0533601047436474
C80,T9,3375.0,0.053072699841861776
C80,T9,3384.0,0.052612851999004784
C80,T9,3393.0,0.05233023717891561
C80,T9,3402.0,0.05191350007132653
C80,T9,3411.0,0.05158298443427314
C80,T9,3420.0,0.05122133326619288
C80,T9,3429.0,0.050874052343201845
C80,T9,3438.0,0.050651313544318094
C80,T9,3447.0,0.05027050204945218
C80,T9,3456.0,0.05003578804632723
C80,T9,3465.0,0.04965976663315777
C80,T9,3474.0,0.049439422875122034
C80,T9,3483.0,0.049147227891639965
C80,T9,3492.0,0.04883587258137223
C80,T9,3501.0,0.048656244517756256
C80,T9,3510.0,0.048347284248336814
C80,T9,3519.0,0.04817484130726544
C80,T9,3528.0,0.047892226487176136
C80,T9,3537.0,0.04766469760659593
C80,T9,3546.0,0.047360527418872804
C80,T9,3555.0,0.04704677706775691
C80,T9,3564.0,0.04681206306463197
C80,T9,3573.0,0.04650789287690884
C80,T9,3582.0,0.046361795385167874
C80,T9,3591.0,0.046069600401685805
C80,T9,3600.0,0.0458229111943198
C80,T9,3609.0,0.04568639386597159
C80,T9,3618.0,0.045456469944543235
C80,T9,3627.0,0.045305582371105685
C80,T9,3636.0,0.045070868367980736
C80,T9,3645.0,0.04493674608048082
C80,T9,3654.0,0.044680476709722056
C80,T9,3663.0,0.04447210815592738
C80,T9,3672.0,0.044244579275347175
C80,T9,3681.0,0.04455593458561491
C80,T10,0.0,1.0
C80,T10,9.0,0.9997092827772063
C80,T10,18.0,0.9994283650113603
C80,T10,27.0,0.9992879061284371
C80,T10,36.0,0.9991931780446053
C80,T10,45.0,0.9990494526760335
C80,T10,54.0,0.9983242928618733
C80,T10,63.0,0.9973802785092051
C80,T10,72.0,0.995103538011594
C80,T10,81.0,0.9929639899112566
C80,T10,90.0,0.9885901656267501
C80,T10,99.0,0.9831057362214572
C80,T10,108.0,0.9789279010759128
C80,T10,117.0,0.9717710310181427
C80,T10,126.0,0.9665544534360985
C80,T10,135.0,0.9581105880324764
C80,T10,144.0,0.9491473514106049
C80,T10,153.0,0.9428267016790737
C80,T10,162.0,0.9331056403865476
C80,T10,171.0,0.9264779410039755
C80,T10,180.0,0.9164008327756684
C80,T10,189.0,0.9097502679935509
C80,T10,198.0,0.8995849646527109
C80,T10,207.0,0.8928919355571514
C80,T10,216.0,0.8828605581279355
C80,T10,225.0,0.8728128482704727
C80,T10,234.0,0.866110019717965
C80,T10,243.0,0.8563628265402446
C80,T10,252.0,0.8497383936433218
C80,T10,261.0,0.8401251263772254
C80,T10,270.0,0.8305118591111289
C80,T10,279.0,0.8242140747791429
C80,T10,288.0,0.8150156511905167
C80,T10,297.0,0.8089040565405451
C80,T10,306.0,0.7997742291505552
C80,T10,315.0,0.7938553571538967
C80,T10,324.0,0.7851011756135844
C80,T10,333.0,0.7765005188987925
C80,T10,342.0,0.7711010181203835
C80,T10,351.0,0.7627486143149439
C80,T10,360.0,0.7573589129934831
C80,T10,369.0,0.7495062814923972
C80,T10,378.0,0.7443223687668468
C80,T10,387.0,0.7367016577468661
C80,T10,396.0,0.7291560758968212
C80,T10,405.0,0.724275946336662
C80,T10,414.0,0.7170210817094108
C80,T10,423.0,0.7122814110321746
C80,T10,432.0,0.7053009311994705
C80,T10,441.0,0.7006755875199623
C80,T10,450.0,0.6937833027997912
C80,T10,459.0,0.6870151445342961
C80,T10,468.0,0.6827295153623224
C80,T10,477.0,0.6761181484079971
C80,T10,486.0,0.6718292527503741
C80,T10,495.0,0.6655543338179339
C80,T10,504.0,0.6614352954140781
C80,T10,513.0,0.6553335002210547
C80,T10,522.0,0.6513647201570698
C80,T10,531.0,0.6454654470743071
C80,T10,540.0,0.639647836132779
C80,T10,549.0,0.6358815781790551
C80,T10,558.0,0.6303122201468789
C80,T10,567.0,0.6267680832173124
C80,T10,576.0,0.6213947143240983
C80,T10,585.0,0.6161422053999109
C80,T10,594.0,0.6127417938389166
C80,T10,603.0,0.6075938124555094
C80,T10,612.0,0.6042717965500997
C80,T10,621.0,0.5993165378200053
C80,T10,630.0,0.596066384598882
C80,T10,639.0,0.5911307247826835
C80,T10,648.0,0.5862701941364207
C80,T10,657.0,0.5830363733435441
C80,T10,666.0,0.5782477053815673
C80,T10,675.0,0.5752098737276533
C80,T10,684.0,0.5705289997921056
C80,T10,693.0,0.5675368989372825
C80,T10,702.0,0.5629311541716706
C80,T10,711.0,0.5584168710042409
C80,T10,720.0,0.555434569606366
C80,T10,729.0,0.5510182810084174
C80,T10,738.0,0.5481601060652185
C80,T10,747.0,0.5437993477233093
C80,T10,756.0,0.5410163019500458
C80,T10,765.0,0.5368025354623583
C80,T10,774.0,0.533967225918705
C80,T10,783.0,0.5298710529143948
C80,T10,792.0,0.5257128166827466
C80,T10,801.0,0.5230636968211073
C80,T10,810.0,0.5190557189293301
C80,T10,819.0,0.5165372584936657
C80,T10,828.0,0.5126762724561102
C80,T10,837.0,0.5088348853324508
C80,T10,846.0,0.506287026525942
C80,T10,855.0,0.5025795653139069
C80,T10,864.0,0.5001362340481779
C80,T10,873.0,0.4965920971186113
C80,T10,882.0,0.4941585653098305
C80,T10,891.0,0.4905817635237702
C80,T10,900.0,0.4870996898215415
C80,T10,909.0,0.48479028446743677
C80,T10,918.0,0.4813637410212475
C80,T10,927.0,0.47917519563616945
C80,T10,936.0,0.47584011378816243
C80,T10,945.0,0.47359930463269456
C80,T10,954.0,0.47031648655507735
C80,T10,963.0,0.4670271355061617
C80,T10,972.0,0.4648810544345254
C80,T10,981.0,0.46165703309859707
C80,T10,990.0,0.459484820141766
C80,T10,999.0,0.45634246094707176
C80,T10,1008.0,0.45309884069724715
C80,T10,1017.0,0.45104748770944275
C80,T10,1026.0,0.4479214609429953
C80,T10,1035.0,0.4457721133857098
C80,T10,1044.0,0.442783279016536
C80,T10,1053.0,0.4407155936004848
C80,T10,1062.0,0.43768429491786925
C80,T10,1071.0,0.43473792486213736
C80,T10,1080.0,0.4327551680729696
C80,T10,1089.0,0.42979573207464017
C80,T10,1098.0,0.4278031758285243
C80,T10,1107.0,0.42485353928714314
C80,T10,1116.0,0.42293611221096267
C80,T10,1125.0,0.4201595994089981
C80,T10,1134.0,0.41738635309268285
C80,T10,1143.0,0.4154754589878012
C80,T10,1152.0,0.41273487752797977
C80,T10,1161.0,0.4108795136791374
C80,T10,1170.0,0.40816833059016017
C80,T10,1179.0,0.40627050242787605
C80,T10,1188.0,0.40352665448240516
C80,T10,1197.0,0.4007991389651811
C80,T10,1206.0,0.39897643997283255
C80,T10,1215.0,0.3962750563408034
C80,T10,1224.0,0.39450462111884466
C80,T10,1233.0,0.3918391688289585
C80,T10,1242.0,0.3900720000926494
C80,T10,1251.0,0.3874751440013999
C80,T10,1260.0,0.38571450823638936
C80,T10,1269.0,0.3831437840303351
C80,T10,1278.0,0.38065145547986573
C80,T10,1287.0,0.3789496164565438
C80,T10,1296.0,0.3764670873630223
C80,T10,1305.0,0.37484037750963617
C80,T10,1314.0,0.3723709143587122
C80,T10,1323.0,0.3699831133490226
C80,T10,1332.0,0.3684054007803768
C80,T10,1341.0,0.36607639651237595
C80,T10,1350.0,0.36442028828814504
C80,T10,1359.0,0.36209128402014423
C80,T10,1368.0,0.36044497525286157
C80,T10,1377.0,0.3581747677265493
C80,T10,1386.0,0.3558130986020546
C80,T10,1395.0,0.3543105152033444
C80,T10,1404.0,0.35188351636586235
C80,T10,1413.0,0.35032866919676214
C80,T10,1422.0,0.3480845935556448
C80,T10,1431.0,0.34647421613050533
C80,T10,1440.0,0.34421707454679057
C80,T10,1449.0,0.3418815373074908
C80,T10,1458.0,0.34041161876527426
C80,T10,1467.0,0.33814467772461126
C80,T10,1476.0,0.33668455863934277
C80,T10,1485.0,0.33445681542647226
C80,T10,1494.0,0.3329378995995152
C80,T10,1503.0,0.3307820190709308
C80,T10,1512.0,0.3286000066571515
C80,T10,1521.0,0.32716601945707807
C80,T10,1530.0,0.3250754686414812
C80,T10,1539.0,0.3236349484701089
C80,T10,1548.0,0.32145620254197904
C80,T10,1557.0,0.3201038774831396
C80,T10,1566.0,0.31800352721059466
C80,T10,1575.0,0.3159293088232446
C80,T10,1584.0,0.31458351673570417
C80,T10,1593.0,0.3125615621187439
C80,T10,1602.0,0.3111014430334755
C80,T10,1611.0,0.30904355707437225
C80,T10,1620.0,0.30765530067338986
C80,T10,1629.0,0.30560068119993616
C80,T10,1638.0,0.3034807320134949
C80,T10,1647.0,0.302141472897253
C80,T10,1656.0,0.29997905939737
C80,T10,1665.0,0.29864633325242695
C80,T10,1674.0,0.2966178456641681
C80,T10,1683.0,0.2952720535766275
C80,T10,1692.0,0.2932370330170699
C80,T10,1701.0,0.2912575427135516
C80,T10,1710.0,0.28988888522646533
C80,T10,1719.0,0.28795512572203824
C80,T10,1728.0,0.2866779298331346
C80,T10,1737.0,0.2846657746731226
C80,T10,1746.0,0.28335918041337443
C80,T10,1755.0,0.2813796901098561
C80,T10,1764.0,0.27951452680406563
C80,T10,1773.0,0.27821119902996694
C80,T10,1782.0,0.2764146319228133
C80,T10,1791.0,0.27517336737605264
C80,T10,1800.0,0.2732984046133143
C80,T10,1809.0,0.2720930714086966
C80,T10,1818.0,0.2702736389019973
C80,T10,1827.0,0.26838234371101216
C80,T10,1836.0,0.2672488731906806
C80,T10,1845.0,0.26545230608352693
C80,T10,1854.0,0.26421430802241574
C80,T10,1863.0,0.2624177409152621
C80,T10,1872.0,0.2613365341653205
C80,T10,1881.0,0.25958896434290757
C80,T10,1890.0,0.25791325720478053
C80,T10,1899.0,0.2567177234571111
C80,T10,1908.0,0.2550256838907372
C80,T10,1917.0,0.2538628149995615
C80,T10,1926.0,0.252216506232279
C80,T10,1935.0,0.2510863021975969
C80,T10,1944.0,0.24946285882985988
C80,T10,1953.0,0.24783614897647355
C80,T10,1962.0,0.24685293679601317
C80,T10,1971.0,0.2451902956004837
C80,T10,1980.0,0.24414502019268525
C80,T10,1989.0,0.2425705741096887
C80,T10,1998.0,0.24146323547455223
C80,T10,2007.0,0.23987245696330906
C80,T10,2016.0,0.23872265401473064
C80,T10,2025.0,0.23711880956088993
C80,T10,2034.0,0.23553783050659483
C80,T10,2043.0,0.23451868698399128
C80,T10,2052.0,0.23301283709963158
C80,T10,2061.0,0.2319022319788458
C80,T10,2070.0,0.23040618155143416
C80,T10,2079.0,0.22944583477051939
C80,T10,2088.0,0.22786158923057478
C80,T10,2097.0,0.2264014701453063
C80,T10,2106.0,0.22542805742179398
C80,T10,2115.0,0.22396793833652548
C80,T10,2124.0,0.22304352289775387
C80,T10,2133.0,0.22158993678378397
C80,T10,2142.0,0.22066878783066163
C80,T10,2151.0,0.21928379791532873
C80,T10,2160.0,0.21784327774395637
C80,T10,2169.0,0.2169547936473277
C80,T10,2178.0,0.21558286967459236
C80,T10,2187.0,0.21469111909231423
C80,T10,2196.0,0.213338794033475
C80,T10,2205.0,0.2124111121090539
C80,T10,2214.0,0.2111339162201501
C80,T10,2223.0,0.2097195279339728
C80,T10,2232.0,0.2088735081507859
C80,T10,2241.0,0.2075636474053884
C80,T10,2250.0,0.20675355896434464
C80,T10,2259.0,0.2045486811510197
C80,T10,2268.0,0.20323555391997294
C80,T10,2277.0,0.20235686928029234
C80,T10,2286.0,0.20103067610664802
C80,T10,2295.0,0.20018465632346108
C80,T10,2304.0,0.19889112800631062
C80,T10,2313.0,0.19804837470877298
C80,T10,2322.0,0.19681037664766182
C80,T10,2331.0,0.19597415632142295
C80,T10,2340.0,0.19476555663115597
C80,T10,2349.0,0.19345569588575867
C80,T10,2358.0,0.19266193987296154
C80,T10,2367.0,0.19137494452710965
C80,T10,2376.0,0.1905321912295722
C80,T10,2385.0,0.18935298991014962
C80,T10,2394.0,0.18859189875384635
C80,T10,2403.0,0.1873473677214364
C80,T10,2412.0,0.18616163343071482
C80,T10,2421.0,0.18536461093226858
C80,T10,2430.0,0.18417887664154722
C80,T10,2439.0,0.18332305740141222
C80,T10,2448.0,0.18220265282367817
C80,T10,2457.0,0.1814448281530244
C80,T10,2466.0,0.18033095654658912
C80,T10,2475.0,0.17920075251190704
C80,T10,2484.0,0.17836779867131766
C80,T10,2493.0,0.17728985840702535
C80,T10,2502.0,0.17650916833682595
C80,T10,2511.0,0.1753724313308451
C80,T10,2520.0,0.1747126012296723
C80,T10,2529.0,0.17355299882414602
C80,T10,2538.0,0.17247179207420443
C80,T10,2547.0,0.17178256360218727
C80,T10,2556.0,0.17073402170873955
C80,T10,2565.0,0.1699239332676956
C80,T10,2574.0,0.168859058946001
C80,T10,2583.0,0.1681600310170358
C80,T10,2592.0,0.16708535723839296
C80,T10,2601.0,0.1659714856319577
C80,T10,2610.0,0.16523652636084954
C80,T10,2619.0,0.16415858609655723
C80,T10,2628.0,0.16350202248103393
C80,T10,2637.0,0.16238815087459868
C80,T10,2646.0,0.16165972457478908
C80,T10,2655.0,0.1605981167387438
C80,T10,2664.0,0.15984029206808983
C80,T10,2673.0,0.15883748097373332
C80,T10,2682.0,0.15787060122151975
C80,T10,2691.0,0.15718463923515189
C80,T10,2700.0,0.15617202868384714
C80,T10,2709.0,0.15550566561137558
C80,T10,2718.0,0.15443099183273296
C80,T10,2727.0,0.15382342550194997
C80,T10,2736.0,0.15292840843402256
C80,T10,2745.0,0.15217385024901806
C80,T10,2754.0,0.15122330292505132
C80,T10,2763.0,0.15021069237374657
C80,T10,2772.0,0.14955086227257378
C80,T10,2781.0,0.1485937819773083
C80,T10,2790.0,0.14790781999094063
C80,T10,2799.0,0.14700300346606512
C80,T10,2808.0,0.1463889041639834
C80,T10,2817.0,0.14543182386871809
C80,T10,2826.0,0.14441921331741311
C80,T10,2835.0,0.1438998420991633
C80,T10,2844.0,0.1429656272034434
C80,T10,2853.0,0.14235479438701135
C80,T10,2862.0,0.14145324434778514
C80,T10,2871.0,0.14054842782290963
C80,T10,2880.0,0.1399800593199191
C80,T10,2889.0,0.13914057250803094
C80,T10,2898.0,0.13854933860549498
C80,T10,2907.0,0.13774904962139928
C80,T10,2916.0,0.13715781571886332
C80,T10,2925.0,0.13628893053613078
C80,T10,2934.0,0.13544617723859334
C80,T10,2943.0,0.13494313844859035
C80,T10,2952.0,0.13412978352189708
C80,T10,2961.0,0.13355814853325726
C80,T10,2970.0,0.13270559577877175
C80,T10,2979.0,0.13187917490948095
C80,T10,2988.0,0.1314153339472704
C80,T10,2997.0,0.13059544604927856
C80,T10,3006.0,0.13005320943148313
C80,T10,3015.0,0.12914839290660762
C80,T10,3024.0,0.12863555465965637
C80,T10,3033.0,0.12773727110607963
C80,T10,3042.0,0.12700231183497127
C80,T10,3051.0,0.12643067684633164
C80,T10,3060.0,0.1256891846039245
C80,T10,3069.0,0.12512408258658345
C80,T10,3078.0,0.12436952440157895
C80,T10,3087.0,0.12353983704663886
C80,T10,3096.0,0.12306619662748024
C80,T10,3105.0,0.12225610818643647
C80,T10,3114.0,0.12178900073857643
C80,T10,3123.0,0.12103444255357193
C80,T10,3132.0,0.12047913999317914
C80,T10,3141.0,0.11975724666466832
C80,T10,3150.0,0.11905168576440432
C80,T10,3159.0,0.11852251508920623
C80,T10,3168.0,0.11781042121764367
C80,T10,3177.0,0.11731391539893925
C80,T10,3186.0,0.1165756896421816
C80,T10,3195.0,0.11598118925399635
C80,T10,3204.0,0.11522336458334237
C80,T10,3213.0,0.11438387777145421
C80,T10,3222.0,0.11391677032359437
C80,T10,3231.0,0.11317854456683671
C80,T10,3240.0,0.1124305193531308
C80,T10,3249.0,0.11195687893397217
C80,T10,3258.0,0.11115985643552595
C80,T10,3267.0,0.11063068576032786
C80,T10,3276.0,0.10994799025960948
C80,T10,3285.0,0.10941228661311281
C80,T10,3294.0,0.10870999219849829
C80,T10,3303.0,0.10798809886998748
C80,T10,3312.0,0.10753079087907551
C80,T10,3321.0,0.10679256512231784
C80,T10,3330.0,0.1063221911888087
C80,T10,3339.0,0.10560683083159665
C80,T10,3348.0,0.10485553913224145
C80,T10,3357.0,0.10439823114132966
C80,T10,3366.0,0.10366653835587059
C80,T10,3375.0,0.10321902982190687
C80,T10,3384.0,0.10249713649339623
C80,T10,3393.0,0.10201043013164007
C80,T10,3402.0,0.10132446814527221
C80,T10,3411.0,0.10082796232656799
C80,T10,3420.0,0.10011586845500522
C80,T10,3429.0,0.09942663998298808
C80,T10,3438.0,0.09900852981986874
C80,T10,3447.0,0.09829643594830598
C80,T10,3456.0,0.09782932850044612
C80,T10,3465.0,0.09714989948537704
C80,T10,3474.0,0.09676445417875137
C80,T10,3483.0,0.09609809110627983
C80,T10,3492.0,0.09549379126114652
C80,T10,3501.0,0.09504301624153333
C80,T10,3510.0,0.09439951856860739
C80,T10,3519.0,0.09403693866152733
C80,T10,3528.0,0.09348816907243311
C80,T10,3537.0,0.0930667924236643
C80,T10,3546.0,0.092560487148012
C80,T10,3555.0,0.09198231918807341
C80,T10,3564.0,0.09154461011105794
C80,T10,3573.0,0.0910056399789118
C80,T10,3582.0,0.09064306007183173
C80,T10,3591.0,0.09005509265494507
C80,T10,3600.0,0.08953245495104577
C80,T10,3609.0,0.08914047667312133
C80,T10,3618.0,0.08867990219656026
C80,T10,3627.0,0.08830425634688265
C80,T10,3636.0,0.08782734944207456
C80,T10,3645.0,0.08754643167622886
C80,T10,3654.0,0.08695519777369272
C80,T10,3663.0,0.08661874975180757
C80,T10,3672.0,0.08622023850258435
C80,T10,3681.0,0.0864586919549885
C80,T3,0.0,1.0
C80,T3,9.0,0.9990288097680747
C80,T3,18.0,0.9980086835942301
C80,T3,27.0,0.9980764410522711
C80,T3,36.0,0.998494278710193
C80,T3,45.0,0.9988932948519919
C80,T3,54.0,0.9994202973034243
C80,T3,63.0,0.9998004919291006
C80,T3,72.0,0.9999849427871018
C80,T3,81.0,0.999913421025836
C80,T3,90.0,0.9992697251744432
C80,T3,99.0,0.9980275051103528
C80,T3,108.0,0.9968643354139769
C80,T3,117.0,0.9945643461437962
C80,T3,126.0,0.9926972517444359
C80,T3,135.0,0.9894147793326562
C80,T3,144.0,0.9856354188952403
C80,T3,153.0,0.982883713238118
C80,T3,162.0,0.9783590207622477
C80,T3,171.0,0.9751668916278569
C80,T3,180.0,0.9700060319070432
C80,T3,189.0,0.9665842802759561
C80,T3,198.0,0.9611109833875076
C80,T3,207.0,0.9573730302855618
C80,T3,216.0,0.9516249392617231
C80,T3,225.0,0.9456735758637606
C80,T3,234.0,0.9416947073554452
C80,T3,243.0,0.9356906437123399
C80,T3,252.0,0.9315800245911662
C80,T3,261.0,0.925440446031978
C80,T3,270.0,0.9191841740728298
C80,T3,279.0,0.9149794473710432
C80,T3,288.0,0.9087834042634868
C80,T3,297.0,0.9045184487101086
C80,T3,306.0,0.8981981835961435
C80,T3,315.0,0.8940047498040306
C80,T3,324.0,0.8876468416578204
C80,T3,333.0,0.8813341051503041
C80,T3,342.0,0.8772686576678248
C80,T3,351.0,0.8709333353409615
C80,T3,360.0,0.8668038947036657
C80,T3,369.0,0.8606040872928848
C80,T3,378.0,0.8565160539910586
C80,T3,387.0,0.8504404685866873
C80,T3,396.0,0.844263246995254
C80,T3,405.0,0.8402467354546935
C80,T3,414.0,0.8342426718115877
C80,T3,423.0,0.8303466179742116
C80,T3,432.0,0.8243500829375551
C80,T3,441.0,0.8205255508614452
C80,T3,450.0,0.8145440730376868
C80,T3,459.0,0.8087169316461332
C80,T3,468.0,0.8048735780539006
C80,T3,477.0,0.7990238508430002
C80,T3,486.0,0.7952068473733391
C80,T3,495.0,0.7895340424139909
C80,T3,504.0,0.7857546819765752
C80,T3,513.0,0.780191041810738
C80,T3,522.0,0.7764982603474861
C80,T3,531.0,0.7709760275171187
C80,T3,540.0,0.7654914377189964
C80,T3,549.0,0.761866413713786
C80,T3,558.0,0.756479695799501
C80,T3,567.0,0.7531219373232313
C80,T3,576.0,0.7478632057185801
C80,T3,585.0,0.742634588539725
C80,T3,594.0,0.7392693014570061
C80,T3,603.0,0.7341347918587638
C80,T3,612.0,0.7308184407179639
C80,T3,621.0,0.725860853371274
C80,T3,630.0,0.7225068591982289
C80,T3,639.0,0.7176057363999068
C80,T3,648.0,0.7126632062661151
C80,T3,657.0,0.7093355622156414
C80,T3,666.0,0.7044269108108704
C80,T3,675.0,0.7012460745861528
C80,T3,684.0,0.6964390593684439
C80,T3,693.0,0.6932958661759716
C80,T3,702.0,0.688500143867936
C80,T3,711.0,0.6837270073792475
C80,T3,720.0,0.680583814186775
C80,T3,729.0,0.6759499569173938
C80,T3,738.0,0.6728293495442689
C80,T3,747.0,0.6682406639135816
C80,T3,756.0,0.6652480428500902
C80,T3,765.0,0.6606706501290767
C80,T3,774.0,0.657678029065585
C80,T3,783.0,0.653236151260654
C80,T3,792.0,0.6487302803009064
C80,T3,801.0,0.6457564807535375
C80,T3,810.0,0.6413823604066479
C80,T3,819.0,0.6385516043818107
C80,T3,828.0,0.634256534402636
C80,T3,837.0,0.6299351143008898
C80,T3,846.0,0.6271118868825015
C80,T3,855.0,0.6229259816968374
C80,T3,864.0,0.6201065185816739
C80,T3,873.0,0.6160824784346643
C80,T3,882.0,0.6133194798678685
C80,T3,891.0,0.6092577966886138
C80,T3,900.0,0.6052224636319309
C80,T3,909.0,0.602598744284442
C80,T3,918.0,0.5986236400793514
C80,T3,927.0,0.5960789710995774
C80,T3,936.0,0.5922055030815487
C80,T3,945.0,0.5896006052501825
C80,T3,954.0,0.5857384301418272
C80,T3,963.0,0.5819214266721663
C80,T3,972.0,0.5794256936343113
C80,T3,981.0,0.5757329121710594
C80,T3,990.0,0.5731581287654892
C80,T3,999.0,0.5694879331215844
C80,T3,1008.0,0.5657499800196383
C80,T3,1017.0,0.5632580112850074
C80,T3,1026.0,0.5595840513378781
C80,T3,1035.0,0.5570619681774515
C80,T3,1044.0,0.5535084659335069
C80,T3,1053.0,0.5510993118698154
C80,T3,1062.0,0.5475156952000746
C80,T3,1071.0,0.5440036002915997
C80,T3,1080.0,0.541650910776276
C80,T3,1089.0,0.5381614016871481
C80,T3,1098.0,0.5357296618041096
C80,T3,1107.0,0.5322062739859611
C80,T3,1116.0,0.5299552206576995
C80,T3,1125.0,0.5265447619362866
C80,T3,1134.0,0.5232020606729147
C80,T3,1143.0,0.5209208929188571
C80,T3,1152.0,0.5175593701393627
C80,T3,1161.0,0.515342195540122
C80,T3,1170.0,0.5120183157928727
C80,T3,1179.0,0.5097785553742845
C80,T3,1188.0,0.5065186687818523
C80,T3,1197.0,0.5032211391571748
C80,T3,1206.0,0.5010227860740565
C80,T3,1215.0,0.4977666637848487
C80,T3,1224.0,0.4956059537339755
C80,T3,1233.0,0.49238371017378835
C80,T3,1242.0,0.4902192358196907
C80,T3,1251.0,0.48704969250464686
C80,T3,1260.0,0.48496426851826396
C80,T3,1269.0,0.48177590368709755
C80,T3,1278.0,0.4787192894687891
C80,T3,1287.0,0.4766225725727327
C80,T3,1296.0,0.4735697226576489
C80,T3,1305.0,0.47157464194865445
C80,T3,1314.0,0.468495441910999
C80,T3,1323.0,0.465483999331385
C80,T3,1332.0,0.4635265616546357
C80,T3,1341.0,0.46068827702334947
C80,T3,1350.0,0.4586743747982324
C80,T3,1359.0,0.45574198258633314
C80,T3,1368.0,0.4537506661805633
C80,T3,1377.0,0.4509010886396034
C80,T3,1386.0,0.4480213966728474
C80,T3,1395.0,0.4461543022734867
C80,T3,1404.0,0.44322567436481186
C80,T3,1413.0,0.4413247012364304
C80,T3,1422.0,0.4385391168502873
C80,T3,1431.0,0.4366117935993342
C80,T3,1440.0,0.4337735089680478
C80,T3,1449.0,0.43093898863998603
C80,T3,1458.0,0.4291245944857686
C80,T3,1467.0,0.42631265997705364
C80,T3,1476.0,0.4244643870938155
C80,T3,1485.0,0.4216938599205705
C80,T3,1494.0,0.4198455870373324
C80,T3,1503.0,0.41714658162535323
C80,T3,1512.0,0.41446639772949667
C80,T3,1521.0,0.41270093951719766
C80,T3,1530.0,0.4100772201697088
C80,T3,1539.0,0.4082552974090424
C80,T3,1548.0,0.40560522793898185
C80,T3,1557.0,0.40384729833313215
C80,T3,1566.0,0.4012160503791942
C80,T3,1575.0,0.3986036239413789
C80,T3,1584.0,0.39695485912904016
C80,T3,1593.0,0.39445159748473607
C80,T3,1602.0,0.3927162536982333
C80,T3,1611.0,0.39008500574429544
C80,T3,1620.0,0.3883797763835888
C80,T3,1629.0,0.3859141577715298
C80,T3,1638.0,0.38333937436595983
C80,T3,1647.0,0.38156638754721195
C80,T3,1656.0,0.3789840755351927
C80,T3,1665.0,0.3774143610905689
C80,T3,1674.0,0.3749035708398155
C80,T3,1683.0,0.373168227053313
C80,T3,1692.0,0.3706950798348047
C80,T3,1701.0,0.368195582493725
C80,T3,1710.0,0.36649788173946746
C80,T3,1719.0,0.3641000205854499
C80,T3,1728.0,0.36252277753437684
C80,T3,1737.0,0.3600835090448895
C80,T3,1746.0,0.3584836801744694
C80,T3,1755.0,0.35603688307853276
C80,T3,1764.0,0.3536691363503113
C80,T3,1773.0,0.3520279001444214
C80,T3,1782.0,0.3497504966935884
C80,T3,1791.0,0.34818454655218883
C80,T3,1800.0,0.3458582071594371
C80,T3,1809.0,0.3443449572631808
C80,T3,1818.0,0.34206755381234755
C80,T3,1827.0,0.3397901503615145
C80,T3,1836.0,0.3382279645233396
C80,T3,1845.0,0.33601831853054775
C80,T3,1854.0,0.33448248281494447
C80,T3,1863.0,0.33224648669958096
C80,T3,1872.0,0.33078217274524374
C80,T3,1881.0,0.32863275560404404
C80,T3,1890.0,0.32649463137251805
C80,T3,1899.0,0.3250604318439767
C80,T3,1908.0,0.3228733716705321
C80,T3,1917.0,0.3214843437806849
C80,T3,1926.0,0.31941021270397574
C80,T3,1935.0,0.3179458987496383
C80,T3,1944.0,0.3159169393116231
C80,T3,1953.0,0.31375622926075014
C80,T3,1962.0,0.31243872313216886
C80,T3,1971.0,0.3104059993909294
C80,T3,1980.0,0.3091073147784707
C80,T3,1989.0,0.3070745910372313
C80,T3,1998.0,0.3057457919989763
C80,T3,2007.0,0.3038071758383497
C80,T3,2016.0,0.30236544770335955
C80,T3,2025.0,0.3004117743298348
C80,T3,2034.0,0.29837152198214634
C80,T3,2043.0,0.29703895864066693
C80,T3,2052.0,0.2951191639961629
C80,T3,2061.0,0.29381295077725533
C80,T3,2070.0,0.291832927281159
C80,T3,2079.0,0.2906170573396399
C80,T3,2088.0,0.2886332695403191
C80,T3,2097.0,0.28679628956675424
C80,T3,2106.0,0.2855841839284595
C80,T3,2115.0,0.2836606249807311
C80,T3,2124.0,0.28246357655533455
C80,T3,2133.0,0.2806303608849943
C80,T3,2142.0,0.2794031980338017
C80,T3,2151.0,0.2776527970344008
C80,T3,2160.0,0.27578946693826456
C80,T3,2169.0,0.2746752331838074
C80,T3,2178.0,0.2729436537005293
C80,T3,2187.0,0.27179554121705135
C80,T3,2196.0,0.26999243997250744
C80,T3,2205.0,0.2688405631858049
C80,T3,2214.0,0.2671880340702417
C80,T3,2223.0,0.2654263401611674
C80,T3,2232.0,0.2643121064067102
C80,T3,2241.0,0.2625805269234319
C80,T3,2250.0,0.2615415792334652
C80,T3,2259.0,0.2587861092731181
C80,T3,2268.0,0.25709217282208524
C80,T3,2277.0,0.25593653173215825
C80,T3,2286.0,0.2542538881907988
C80,T3,2295.0,0.25316600455891325
C80,T3,2304.0,0.2515887615078404
C80,T3,2313.0,0.25046323484370947
C80,T3,2322.0,0.24887093457973847
C80,T3,2331.0,0.24784327979944526
C80,T3,2340.0,0.24618698638065725
C80,T3,2349.0,0.2445871575102374
C80,T3,2358.0,0.24356326703316863
C80,T3,2367.0,0.24199355258854463
C80,T3,2376.0,0.24097719071792492
C80,T3,2385.0,0.23943382639587257
C80,T3,2394.0,0.23840617161557937
C80,T3,2403.0,0.23681387135160836
C80,T3,2412.0,0.23534955739727095
C80,T3,2421.0,0.23433319552665124
C80,T3,2430.0,0.23280865272072146
C80,T3,2439.0,0.23168689035981518
C80,T3,2448.0,0.23024139792160034
C80,T3,2457.0,0.22929279350902204
C80,T3,2466.0,0.22780212943211298
C80,T3,2475.0,0.22636792990357163
C80,T3,2484.0,0.22537415385229892
C80,T3,2493.0,0.22393242571730873
C80,T3,2502.0,0.22296499978860765
C80,T3,2511.0,0.2215270359568421
C80,T3,2520.0,0.22059725306038616
C80,T3,2529.0,0.21920069656408994
C80,T3,2538.0,0.21783801879681466
C80,T3,2547.0,0.21691576450680783
C80,T3,2556.0,0.2155944940750021
C80,T3,2565.0,0.21455554638503518
C80,T3,2574.0,0.21315522558551456
C80,T3,2583.0,0.21224426420518142
C80,T3,2592.0,0.21091546516692664
C80,T3,2601.0,0.2095603160061002
C80,T3,2610.0,0.20857030425805215
C80,T3,2619.0,0.20730926267783858
C80,T3,2628.0,0.20634936535558657
C80,T3,2637.0,0.20500174480120922
C80,T3,2646.0,0.20408701911765145
C80,T3,2655.0,0.20271304844070245
C80,T3,2664.0,0.20178702984747118
C80,T3,2673.0,0.20053728117693131
C80,T3,2682.0,0.1992160107451256
C80,T3,2691.0,0.19832387088091483
C80,T3,2700.0,0.19708541512004848
C80,T3,2709.0,0.19624973980420563
C80,T3,2718.0,0.19492094076595085
C80,T3,2727.0,0.19411914417912848
C80,T3,2736.0,0.19289574563116027
C80,T3,2745.0,0.19203372019274578
C80,T3,2754.0,0.1907576213996343
C80,T3,2763.0,0.1895681015806868
C80,T3,2772.0,0.18870231183904765
C80,T3,2781.0,0.18747138468463037
C80,T3,2790.0,0.18668464531070617
C80,T3,2799.0,0.18546877536918682
C80,T3,2808.0,0.18473850054363053
C80,T3,2817.0,0.18348498756986603
C80,T3,2826.0,0.18227288193157132
C80,T3,2835.0,0.18152378558989227
C80,T3,2844.0,0.1803493229838429
C80,T3,2853.0,0.17957011221636776
C80,T3,2862.0,0.17843329264256333
C80,T3,2871.0,0.17729647306875915
C80,T3,2880.0,0.176562433939978
C80,T3,2889.0,0.17539926424360214
C80,T3,2898.0,0.1747405111793115
C80,T3,2907.0,0.17364886324420128
C80,T3,2916.0,0.17283200944448102
C80,T3,2925.0,0.17184199769643274
C80,T3,2934.0,0.17072776394197572
C80,T3,2943.0,0.16997490329707202
C80,T3,2952.0,0.16896607003290137
C80,T3,2961.0,0.16824332381379395
C80,T3,2970.0,0.16715167587868374
C80,T3,2979.0,0.16613531400806403
C80,T3,2988.0,0.16548032524699804
C80,T3,2997.0,0.16444514186025555
C80,T3,3006.0,0.16376756727984235
C80,T3,3015.0,0.16258181176411926
C80,T3,3024.0,0.1619757589449719
C80,T3,3033.0,0.16087658240341285
C80,T3,3042.0,0.15992421368760992
C80,T3,3051.0,0.15924663910719672
C80,T3,3060.0,0.15822651293335235
C80,T3,3069.0,0.1575978742948578
C80,T3,3078.0,0.15653257648231944
C80,T3,3087.0,0.15553880043104673
C80,T3,3096.0,0.15483487572806187
C80,T3,3105.0,0.15386744979936082
C80,T3,3114.0,0.15325010407053996
C80,T3,3123.0,0.15227514953538981
C80,T3,3132.0,0.1515862820453031
C80,T3,3141.0,0.1506828492714188
C80,T3,3150.0,0.14971542334271776
C80,T3,3159.0,0.14911313482679503
C80,T3,3168.0,0.14822852356903332
C80,T3,3177.0,0.14752083456282405
C80,T3,3186.0,0.14666257342763397
C80,T3,3195.0,0.1459548844214247
C80,T3,3204.0,0.1450175729185197
C80,T3,3213.0,0.14406143989949213
C80,T3,3222.0,0.14347420859646756
C80,T3,3231.0,0.14251054697099091
C80,T3,3240.0,0.14154312104228986
C80,T3,3249.0,0.14095212543604066
C80,T3,3258.0,0.14000352102346214
C80,T3,3267.0,0.1393635894752941
C80,T3,3276.0,0.13845262809496095
C80,T3,3285.0,0.13783528236613987
C80,T3,3294.0,0.13694314250192932
C80,T3,3303.0,0.1360133596054734
C80,T3,3312.0,0.13539977817987695
C80,T3,3321.0,0.13453398843823802
C80,T3,3330.0,0.1339618143481112
C80,T3,3339.0,0.13309978890969668
C80,T3,3348.0,0.1321285986777712
C80,T3,3357.0,0.13153760307152176
C80,T3,3366.0,0.13066428472343378
C80,T3,3375.0,0.13015610378812392
C80,T3,3384.0,0.129226320891668
C80,T3,3393.0,0.12863156098219414
C80,T3,3402.0,0.12773942111798356
C80,T3,3411.0,0.12713713260206064
C80,T3,3420.0,0.126237464131401
C80,T3,3429.0,0.1253754386929865
C80,T3,3438.0,0.12481079320930871
C80,T3,3447.0,0.12392241764832258
C80,T3,3456.0,0.12337282937754294
C80,T3,3465.0,0.12246939660365866
C80,T3,3474.0,0.12203273742961467
C80,T3,3483.0,0.1211970621137718
C80,T3,3492.0,0.12041408704307202
C80,T3,3501.0,0.11978168410135302
C80,T3,3510.0,0.11900247333387788
C80,T3,3519.0,0.1184905280953436
C80,T3,3528.0,0.11779036769558318
C80,T3,3537.0,0.11725960094092633
C80,T3,3546.0,0.11654438332826797
C80,T3,3555.0,0.11583669432205847
C80,T3,3564.0,0.11527204883838091
C80,T3,3573.0,0.11454177401282441
C80,T3,3582.0,0.11412393635490298
C80,T3,3591.0,0.11335978280032598
C80,T3,3600.0,0.11267091531023928
C80,T3,3609.0,0.11220790601362342
C80,T3,3618.0,0.11154538864610834
C80,T3,3627.0,0.11107861504626827
C80,T3,3636.0,0.1103633974336097
C80,T3,3645.0,0.10993803116923942
C80,T3,3654.0,0.10928304240817321
C80,T3,3663.0,0.10878615438253686
C80,T3,3672.0,0.10887649765992528
C80,T3,3681.0,0.108387138240738
C81,T8,0.0,1.0
C81,T8,14.0,0.9637487618915281
C81,T8,28.0,0.9013458042842318
C81,T8,42.0,0.8491596280105707
C81,T8,56.0,0.8051029565835601
C81,T8,70.0,0.7679392012775099
C81,T8,84.0,0.7352058448886745
C81,T8,98.0,0.7064722134125897
C81,T8,112.0,0.6806808102838371
C81,T8,126.0,0.6576568074411981
C81,T8,140.0,0.636037825236887
C81,T8,154.0,0.6155125844399537
C81,T8,168.0,0.5968550190287184
C81,T8,182.0,0.5791824604989811
C81,T8,196.0,0.5617145787238408
C81,T8,210.0,0.5456325291412846
C81,T8,224.0,0.5299065318297462
C81,T8,238.0,0.5157710434653889
C81,T8,252.0,0.501445802693124
C81,T8,266.0,0.4883528865474952
C81,T8,280.0,0.4759400942009962
C81,T8,294.0,0.46453149718173886
C81,T8,308.0,0.4530141656366019
C81,T8,322.0,0.44219827838586506
C81,T8,336.0,0.4325955273160212
C81,T8,350.0,0.4218073567091361
C81,T8,364.0,0.41224937867936023
C81,T8,378.0,0.40225006639748456
C81,T8,392.0,0.39410990130319856
C81,T8,406.0,0.3857117582161392
C81,T8,420.0,0.3783455271001732
C81,T8,434.0,0.3712202175807642
C81,T8,448.0,0.3642548117758839
C81,T8,462.0,0.35672441284633494
C81,T8,476.0,0.3498997223102403
C81,T8,490.0,0.34224566450812216
C81,T8,504.0,0.3355169162007448
C81,T8,518.0,0.3297220055862164
C81,T8,532.0,0.3233578377479651
C81,T8,546.0,0.31759277582681544
C81,T8,560.0,0.31201320221451934
C81,T8,574.0,0.30638885556215517
C81,T8,588.0,0.3004830783722201
C81,T8,602.0,0.29531499031864505
C81,T8,616.0,0.28972262440918667
C81,T8,630.0,0.2851941512137273
C81,T8,644.0,0.27879160648398904
C81,T8,658.0,0.27475563672927894
C81,T8,672.0,0.26990522405523465
C81,T8,686.0,0.2658585940528893
C81,T8,700.0,0.2617032295246642
C81,T8,714.0,0.2580297081895529
C81,T8,728.0,0.25345432990449857
C81,T8,742.0,0.24936932301066608
C81,T8,756.0,0.24481952931993625
C81,T8,770.0,0.24057461871157498
C81,T8,784.0,0.2370546049424116
C81,T8,798.0,0.23431492130014922
C81,T8,812.0,0.2316477273418066
C81,T8,826.0,0.2279656778085872
C81,T8,840.0,0.22556499004112626
C81,T8,854.0,0.2228444948446074
C81,T8,868.0,0.22018369703484603
C81,T8,882.0,0.2171945635979185
C81,T8,896.0,0.21460838752160402
C81,T8,910.0,0.21159366949035197
C81,T8,924.0,0.20870474238119593
C81,T8,938.0,0.2065428441607648
C81,T8,952.0,0.20402276161978886
C81,T8,966.0,0.20123617288793147
C81,T8,980.0,0.19843465980938457
C81,T8,994.0,0.19538796103522676
C81,T8,1008.0,0.19321327051763326
C81,T8,1022.0,0.19074862126436068
C81,T8,1036.0,0.18798122097824668
C81,T8,1050.0,0.18579160611396392
C81,T8,1064.0,0.18327578767204208
C81,T8,1078.0,0.1809411934399198
C81,T8,1092.0,0.17942743827571264
C81,T8,1106.0,0.17759600773197456
C81,T8,1120.0,0.17540852491721878
C81,T8,1134.0,0.17348541624381755
C81,T8,1148.0,0.17156657166947045
C81,T8,1162.0,0.16987159229546378
C81,T8,1176.0,0.16775659916462776
C81,T8,1190.0,0.16554992790412862
C81,T8,1204.0,0.16367585636984952
C81,T8,1218.0,0.1621663653046965
C81,T8,1232.0,0.16024325663129516
C81,T8,1246.0,0.15907276144094343
C81,T8,1260.0,0.1574204230574779
C81,T8,1274.0,0.15548025798786017
C81,T8,1288.0,0.15419676417257455
C81,T8,1302.0,0.15228005164775446
C81,T8,1316.0,0.15042303650969188
C81,T8,1330.0,0.14873871738332056
C81,T8,1344.0,0.14742963897371034
C81,T8,1358.0,0.14597344914673357
C81,T8,1372.0,0.14450446702259442
C81,T8,1386.0,0.14278816715331724
C81,T8,1400.0,0.14077338035025275
C81,T8,1414.0,0.1389462139055689
C81,T8,1428.0,0.13781409560670407
C81,T8,1442.0,0.13618734181756303
C81,T8,1456.0,0.1351277132026181
C81,T8,1470.0,0.13382929504064311
C81,T8,1484.0,0.13225797453920557
C81,T8,1498.0,0.13047558113458976
C81,T8,1512.0,0.1292816333994404
C81,T8,1526.0,0.1279960075346278
C81,T8,1540.0,0.12617523723852508
C81,T8,1554.0,0.1248128575907386
C81,T8,1568.0,0.12355068427072362
C81,T8,1582.0,0.12212007903807148
C81,T8,1596.0,0.12080460447988012
C81,T8,1610.0,0.11974497586493506
C81,T8,1624.0,0.11873012029005812
C81,T8,1638.0,0.11719717668010747
C81,T8,1652.0,0.11601815329164751
C81,T8,1666.0,0.11482207350697116
C81,T8,1680.0,0.11354071174121268
C81,T8,1694.0,0.11242351778903723
C81,T8,1708.0,0.11157709412679745
C81,T8,1722.0,0.11033410925252585
C81,T8,1736.0,0.10945144074832619
C81,T8,1750.0,0.10861994143277579
C81,T8,1764.0,0.10746437058911333
C81,T8,1778.0,0.10653479699531854
C81,T8,1792.0,0.1052043980904378
C81,T8,1806.0,0.10387613123508417
C81,T8,1820.0,0.10319600743595443
C81,T8,1834.0,0.10243912985385091
C81,T8,1848.0,0.10112578734518668
C81,T8,1862.0,0.09990412296618559
C81,T8,1876.0,0.09891485198563328
C81,T8,1890.0,0.09774222474575445
C81,T8,1904.0,0.09698747921317792
C81,T8,1918.0,0.09603018897553138
C81,T8,1932.0,0.09521574605619736
C81,T8,1946.0,0.09444607617693147
C81,T8,1960.0,0.09362310505948931
C81,T8,1974.0,0.09282571853637167
C81,T8,1988.0,0.09199208717129415
C81,T8,2002.0,0.09070646130648154
C81,T8,2016.0,0.08967668138491534
C81,T8,2030.0,0.08918844204322027
C81,T8,2044.0,0.0885637515317939
C81,T8,2058.0,0.08767895097806724
C81,T8,2072.0,0.08711608990292538
C81,T8,2086.0,0.08623555344825273
C81,T8,2100.0,0.0860927061299402
C81,T8,2114.0,0.08605432923845331
C81,T8,2128.0,0.08522496197242992
C81,T8,2142.0,0.08438493445877127
C81,T8,2156.0,0.08338287118105671
C81,T8,2170.0,0.08268995508476458
C81,T8,2184.0,0.08211003761340635
C81,T8,2198.0,0.08132544338745108
C81,T8,2212.0,0.08105893719656954
C81,T8,2226.0,0.08073060156940348
C81,T8,2240.0,0.0800248931759491
C81,T8,2254.0,0.07910171573073543
C81,T8,2268.0,0.07870941861775786
C81,T8,2282.0,0.07811244475018313
C81,T8,2296.0,0.0773939440595665
C81,T8,2310.0,0.076724480508072
C81,T8,2324.0,0.07626395781022867
C81,T8,2338.0,0.07544738284136765
C81,T8,2352.0,0.07470542960595339
C81,T8,2366.0,0.07414683262986566
C81,T8,2380.0,0.07327056027424712
C81,T8,2394.0,0.07246251350349435
C81,T8,2408.0,0.07188259603213612
C81,T8,2422.0,0.07137516824469753
C81,T8,2436.0,0.07103190827084221
C81,T8,2450.0,0.0706353470588104
C81,T8,2464.0,0.0700831462313038
C81,T8,2478.0,0.06936038144163316
C81,T8,2492.0,0.06857578721567778
C81,T8,2506.0,0.06798947359573841
C81,T8,2520.0,0.0675118945016787
C81,T8,2534.0,0.06682537455396782
C81,T8,2548.0,0.06621987248828497
C81,T8,2562.0,0.06556959738253397
C81,T8,2576.0,0.06527324249827367
C81,T8,2590.0,0.06472743781934832
C81,T8,2604.0,0.06418376518994985
C81,T8,2618.0,0.0637168463435254
C81,T8,2632.0,0.06321155060561405
C81,T8,2646.0,0.0628064611954741
C81,T8,2660.0,0.062307561606143765
C81,T8,2674.0,0.06189394399789568
C81,T8,2688.0,0.06162956985654114
C81,T8,2702.0,0.06113919846531905
C81,T8,2716.0,0.0604739990128788
C81,T8,2730.0,0.05997083532449434
C81,T8,2744.0,0.05949538827996175
C81,T8,2758.0,0.05899648869063141
C81,T8,2772.0,0.058659624865357224
C81,T8,2786.0,0.058297176445758284
C81,T8,2800.0,0.057938992125213466
C81,T8,2814.0,0.05747846942737014
C81,T8,2828.0,0.05704139927432443
C81,T8,2842.0,0.05667042265661724
C81,T8,2856.0,0.05609263723478613
C81,T8,2870.0,0.05573232086471419
C81,T8,2884.0,0.05544236212903514
C81,T8,2898.0,0.05525047767160036
C81,T8,2912.0,0.05503727271889519
C81,T8,2926.0,0.05446801549517221
C81,T8,2940.0,0.05388170187523273
C81,T8,2954.0,0.053374274087794264
C81,T8,2968.0,0.05303954231204708
C81,T8,2982.0,0.05271333873440802
C81,T8,2996.0,0.05232743777001157
C81,T8,3010.0,0.05187544327027649
C81,T8,3024.0,0.05155137174216456
C81,T8,3038.0,0.051186791273038615
C81,T8,3052.0,0.05071134422850591
C81,T8,3066.0,0.05032117916505521
C81,T8,3080.0,0.04983293982336025
C81,T8,3094.0,0.04947049140376143
C81,T8,3108.0,0.049180532668082255
C81,T8,3122.0,0.04879676375321281
C81,T8,3136.0,0.048423655085978616
C81,T8,3150.0,0.04818486553894882
C81,T8,3164.0,0.04809318740928556
C81,T8,3178.0,0.04783307736698513
C81,T8,3192.0,0.04758789167137409
C81,T8,3206.0,0.047238235548937524
C81,T8,3220.0,0.04683741023785171
C81,T8,3234.0,0.04635769909426487
C81,T8,3248.0,0.04609972110149157
C81,T8,3262.0,0.04591423279263804
C81,T8,3276.0,0.0456903675922975
C81,T8,3290.0,0.04538548450992906
C81,T8,3304.0,0.045033696337965376
C81,T8,3318.0,0.04464139922498768
C81,T8,3332.0,0.04431945974640287
C81,T8,3346.0,0.04408706634795408
C81,T8,3360.0,0.043782183265585646
C81,T8,3374.0,0.04345384763841959
C81,T8,3388.0,0.043027437733009016
C81,T8,3402.0,0.04269270595726183
C81,T8,3416.0,0.04249868945030004
C81,T8,3430.0,0.042217258912729115
C81,T8,3444.0,0.04209360004016009
C81,T8,3458.0,0.04185054639407618
C81,T8,3472.0,0.0417183593233989
C81,T8,3486.0,0.041364439101908214
C81,T8,3500.0,0.04096787788987651
C81,T8,3514.0,0.040748276788590096
C81,T8,3528.0,0.04045192190432979
C81,T8,3542.0,0.040338923279396026
C81,T8,3556.0,0.04021100030777287
C81,T8,3570.0,0.03998073895885121
C81,T8,3584.0,0.03982723139290343
C81,T8,3598.0,0.03960549824209002
C81,T8,3612.0,0.039379500992222476
C81,T8,3626.0,0.03912578709850318
C81,T8,3640.0,0.03890192189816264
C81,T8,3654.0,0.03868232079687635
C81,T8,3668.0,0.038464851745116935
C81,T8,3682.0,0.03824951474288465
C81,T8,3696.0,0.038034177740652354
C81,T8,3710.0,0.03779965229267657
C81,T8,3724.0,0.03763548447909353
C81,T8,3738.0,0.037351921891995606
C81,T8,3752.0,0.037040642661045925
C81,T8,3766.0,0.03682956975786776
C81,T8,3780.0,0.036586516111783846
C81,T8,3794.0,0.036339198366645675
C81,T8,3808.0,0.036070560126237126
C81,T8,3822.0,0.03588293976785647
C81,T8,3836.0,0.03566333866657005
C81,T8,3850.0,0.03544586961481076
C81,T8,3864.0,0.03529875819744411
C81,T8,3878.0,0.03514098653244233
C81,T8,3892.0,0.03489366878730416
C81,T8,3906.0,0.03471884072608588
C81,T8,3920.0,0.034541880615340595
C81,T8,3934.0,0.03438837304939282
C81,T8,3948.0,0.034164507849052284
C81,T8,3962.0,0.03405150922411851
C81,T8,3976.0,0.03384683246952147
C81,T8,3990.0,0.03365708006161381
C81,T8,4004.0,0.03347372380228728
C81,T8,4018.0,0.03335219697924538
C81,T8,4032.0,0.033173104818972975
C81,T8,4046.0,0.03301320110444407
C81,T8,4060.0,0.03287035378613155
C81,T8,4074.0,0.03271258212112964
C81,T8,4088.0,0.032569734802817114
C81,T8,4102.0,0.032465264375991475
C81,T8,4116.0,0.032294700413827315
C81,T8,4130.0,0.03214758899646079
C81,T8,4144.0,0.032021798074364644
C81,T8,4158.0,0.031966364786661254
C81,T8,4172.0,0.03190879944943087
C81,T8,4186.0,0.03170199064530683
C81,T8,4200.0,0.03156767152510243
C81,T8,4214.0,0.03139710756293828
C81,T8,4228.0,0.031128469322529728
C81,T8,4242.0,0.030821454190634173
C81,T8,4256.0,0.030616777436037135
C81,T8,4270.0,0.0304121006814401
C81,T8,4284.0,0.03021382007542419
C81,T8,4298.0,0.030015539469408402
C81,T8,4312.0,0.029849239606298247
C81,T8,4326.0,0.02967867564413409
C81,T8,4340.0,0.029397245106563163
C81,T8,4354.0,0.029190436302439126
C81,T8,4368.0,0.028975099300206836
C81,T8,4382.0,0.028721385406487544
C81,T8,4396.0,0.02840157797742973
C81,T8,4410.0,0.028265126807698333
C81,T8,4424.0,0.02805192185499305
C81,T8,4438.0,0.027894150189991265
C81,T8,4452.0,0.027629776048636718
C81,T8,4466.0,0.027395250600660927
C81,T8,4480.0,0.02729078017383541
C81,T8,4494.0,0.027088235468765372
C81,T8,4508.0,0.026945388150452967
C81,T8,4522.0,0.026819597228356824
C81,T8,4536.0,0.026659693513827916
C81,T8,4550.0,0.026563751285110525
C81,T8,4564.0,0.026369734778148742
C81,T8,4578.0,0.026167190073078828
C81,T8,4592.0,0.025930532575576034
C81,T8,4606.0,0.025823930099223392
C81,T8,4620.0,0.025715195573343744
C81,T8,4634.0,0.025557423908341842
C81,T8,4648.0,0.025391124045231687
C81,T8,4662.0,0.025273861321243794
C81,T8,4676.0,0.0251757870429994
C81,T8,4690.0,0.024981770536037614
C81,T8,4704.0,0.024870903960630967
C81,T8,4718.0,0.024774961731913576
C81,T8,4732.0,0.024698207948939687
C81,T8,4746.0,0.024591605472587045
C81,T8,4760.0,0.024399721015152382
C81,T8,4774.0,0.024333627479813744
C81,T8,4788.0,0.024254741647312856
C81,T8,4802.0,0.02410976227947321
C81,T8,4816.0,0.023979707258323057
C81,T8,4830.0,0.02382833174190228
C81,T8,4844.0,0.023738785661766137
C81,T8,4858.0,0.023651371631156996
C81,T8,4872.0,0.023553297352912603
C81,T8,4886.0,0.023489335867100967
C81,T8,4900.0,0.02340405388601895
C81,T8,4914.0,0.02333369625162619
C81,T8,4928.0,0.023203641230475917
C81,T8,4942.0,0.023060793912163514
C81,T8,4956.0,0.02291155044526974
C81,T8,4970.0,0.022717533938308075
C81,T8,4984.0,0.022551234075197924
C81,T8,4998.0,0.02239985855877727
C81,T8,5012.0,0.022197313853707233
C81,T8,5026.0,0.021928675613298684
C81,T8,5040.0,0.021809280839783663
C81,T8,5054.0,0.021566227193699744
C81,T8,5068.0,0.02131038125045345
C81,T8,5082.0,0.021152609585451544
C81,T8,5096.0,0.020877575196461867
C81,T8,5110.0,0.020613201055107323
C81,T8,5124.0,0.020436240944362038
C81,T8,5138.0,0.02025928083361663
C81,T8,5152.0,0.02006526432665485
C81,T8,5166.0,0.01999917079131621
C81,T8,5180.0,0.0199543977512482
C81,T8,5194.0,0.019890436265436566
C81,T8,5208.0,0.019724136402326533
C81,T8,5222.0,0.019615401876446767
C81,T8,5236.0,0.01941925331995798
C81,T8,5250.0,0.01930625469502421
C81,T8,5264.0,0.019163407376711683
C81,T8,5278.0,0.018941674225898267
C81,T8,5292.0,0.01888197683914076
C81,T8,5306.0,0.018741261570355355
C81,T8,5320.0,0.018560037360555826
C81,T8,5334.0,0.018523792518595945
C81,T8,5348.0,0.018506736122379564
C81,T8,5362.0,0.01838307724981054
C81,T8,5376.0,0.01828713502109315
C81,T8,5390.0,0.01811443900940187
C81,T8,5404.0,0.01793321479960246
C81,T8,5418.0,0.017801027728925188
C81,T8,5432.0,0.017700821401153793
C81,T8,5446.0,0.017549445884733016
C81,T8,5460.0,0.017370353724460608
C81,T8,5474.0,0.017195525663242325
C81,T8,5488.0,0.01710384753357906
C81,T8,5502.0,0.017054810394456926
C81,T8,5516.0,0.016975924561955912
C81,T8,5530.0,0.016879982333238643
C81,T8,5544.0,0.016875718234184517
C81,T8,5558.0,0.016813888797900006
C81,T8,5572.0,0.01662840048904635
C81,T8,5586.0,0.016513269814585577
C81,T8,5600.0,0.016449308328774063
C81,T8,5614.0,0.016430119883030562
C81,T8,5628.0,0.01631712125809679
C81,T8,5642.0,0.016251027722758153
C81,T8,5656.0,0.016163613692149012
C81,T8,5670.0,0.016063407364377495
C81,T8,5684.0,0.01596959718518723
C81,T8,5698.0,0.015897107501267466
C81,T8,5712.0,0.01584167421356408
C81,T8,5726.0,0.015837410114509957
C81,T8,5740.0,0.015718015340995057
C81,T8,5754.0,0.01564978975612942
C81,T8,5768.0,0.015596488517953037
C81,T8,5782.0,0.015500546289235645
C81,T8,5796.0,0.015376887416666622
C81,T8,5810.0,0.015353434871869116
C81,T8,5824.0,0.01528947338605748
C81,T8,5838.0,0.015155154265853206
C81,T8,5852.0,0.015035759492338308
C81,T12,0.0,1.0
C81,T12,14.0,0.9973183471926174
C81,T12,28.0,0.9925127207969342
C81,T12,42.0,0.9811195086258444
C81,T12,56.0,0.964421808570127
C81,T12,70.0,0.9448202553931737
C81,T12,84.0,0.9236328019369561
C81,T12,98.0,0.9023603895372063
C81,T12,112.0,0.8804562311470902
C81,T12,126.0,0.8593232385521109
C81,T12,140.0,0.8385496876413058
C81,T12,154.0,0.8182052883170596
C81,T12,168.0,0.7986647313046935
C81,T12,182.0,0.7798648420051709
C81,T12,196.0,0.7616052044491337
C81,T12,210.0,0.7438749264643346
C81,T12,224.0,0.7263385291455446
C81,T12,238.0,0.7099414530438635
C81,T12,252.0,0.6941478032847047
C81,T12,266.0,0.678988077950362
C81,T12,280.0,0.6641006569222113
C81,T12,294.0,0.6499386545657574
C81,T12,308.0,0.636295119608294
C81,T12,322.0,0.6231264833608297
C81,T12,336.0,0.6104937419879523
C81,T12,350.0,0.5985341368599824
C81,T12,364.0,0.5869143675061405
C81,T12,378.0,0.5756191848852802
C81,T12,392.0,0.5647400832442816
C81,T12,406.0,0.5542226017219067
C81,T12,420.0,0.5442562641152653
C81,T12,434.0,0.5347212565296323
C81,T12,448.0,0.5256785751295955
C81,T12,462.0,0.5169147333390994
C81,T12,476.0,0.508303381960071
C81,T12,490.0,0.500018795748474
C81,T12,504.0,0.49179302726701396
C81,T12,518.0,0.4837633178860129
C81,T12,532.0,0.47630435833079066
C81,T12,546.0,0.4688584693822659
C81,T12,560.0,0.46175241620786933
C81,T12,574.0,0.4547639984937477
C81,T12,588.0,0.44796292614228644
C81,T12,602.0,0.4412969167266968
C81,T12,616.0,0.43478339772257474
C81,T12,630.0,0.4284027632198745
C81,T12,644.0,0.42079131325318486
C81,T12,658.0,0.4148790421571355
C81,T12,672.0,0.4092042204160861
C81,T12,686.0,0.4036012870118714
C81,T12,700.0,0.3981421302813263
C81,T12,714.0,0.39286378361009294
C81,T12,728.0,0.3877793176048687
C81,T12,742.0,0.3827057437718919
C81,T12,756.0,0.37763870524226395
C81,T12,770.0,0.3726108785327276
C81,T12,784.0,0.36763969111887934
C81,T12,798.0,0.36286456280548957
C81,T12,812.0,0.3584968017341636
C81,T12,826.0,0.35439698810013076
C81,T12,840.0,0.35027321168715325
C81,T12,854.0,0.3463476728090838
C81,T12,868.0,0.3426661185893625
C81,T12,882.0,0.33893446037730207
C81,T12,896.0,0.33528122580542485
C81,T12,910.0,0.3317238423493275
C81,T12,924.0,0.32812071176978974
C81,T12,938.0,0.32449797528020613
C81,T12,952.0,0.321151899965714
C81,T12,966.0,0.3177687912655798
C81,T12,980.0,0.3143551844831519
C81,T12,994.0,0.3109110796184305
C81,T12,1008.0,0.30742776293361757
C81,T12,1022.0,0.30419496621050135
C81,T12,1036.0,0.30093167140509175
C81,T12,1050.0,0.29764223538628753
C81,T12,1064.0,0.2945140035167494
C81,T12,1078.0,0.29128992053143155
C81,T12,1092.0,0.28820525735088404
C81,T12,1106.0,0.28544518090331805
C81,T12,1120.0,0.2827177809724949
C81,T12,1134.0,0.27993156331153435
C81,T12,1148.0,0.27728694388979397
C81,T12,1162.0,0.274677179419246
C81,T12,1176.0,0.27210009146544123
C81,T12,1190.0,0.2694511151748016
C81,T12,1204.0,0.26673460741622623
C81,T12,1218.0,0.26411177233898125
C81,T12,1232.0,0.261650141411002
C81,T12,1246.0,0.2591732614418759
C81,T12,1260.0,0.25696432891004317
C81,T12,1274.0,0.25471182768921974
C81,T12,1288.0,0.25232426353252485
C81,T12,1302.0,0.2500870113528483
C81,T12,1316.0,0.2477539080573918
C81,T12,1330.0,0.24534238112175202
C81,T12,1344.0,0.24304195434303863
C81,T12,1358.0,0.24088094736909588
C81,T12,1372.0,0.2388005424697859
C81,T12,1386.0,0.23660903741354958
C81,T12,1400.0,0.23435000088937744
C81,T12,1414.0,0.23205175254511362
C81,T12,1428.0,0.22970993551185906
C81,T12,1442.0,0.22759249722690705
C81,T12,1456.0,0.22546416676970726
C81,T12,1470.0,0.22344040116608546
C81,T12,1484.0,0.22155823380168368
C81,T12,1498.0,0.2190443204469154
C81,T12,1512.0,0.21703798231888988
C81,T12,1526.0,0.21556971749990053
C81,T12,1540.0,0.21298173737384807
C81,T12,1554.0,0.2109797561147215
C81,T12,1568.0,0.20903441415128313
C81,T12,1582.0,0.20705203880220244
C81,T12,1596.0,0.2051698714378007
C81,T12,1610.0,0.2032005666954173
C81,T12,1624.0,0.20152970747262078
C81,T12,1638.0,0.19972596374840232
C81,T12,1652.0,0.19790697098303717
C81,T12,1666.0,0.19610540569326831
C81,T12,1680.0,0.19427987762455445
C81,T12,1694.0,0.19245870642473972
C81,T12,1708.0,0.19085755710432853
C81,T12,1722.0,0.1892063037915779
C81,T12,1736.0,0.1876138682089647
C81,T12,1750.0,0.18603886010194787
C81,T12,1764.0,0.18448345790497703
C81,T12,1778.0,0.18294984005250148
C81,T12,1792.0,0.18136611820768644
C81,T12,1806.0,0.17966476090259637
C81,T12,1820.0,0.17794815455635962
C81,T12,1834.0,0.1765082093852141
C81,T12,1848.0,0.17501162491838082
C81,T12,1862.0,0.17342572463911632
C81,T12,1876.0,0.17180496940865914
C81,T12,1890.0,0.16949800732659726
C81,T12,1904.0,0.16808202493439686
C81,T12,1918.0,0.1666943621900403
C81,T12,1932.0,0.16529362883898668
C81,T12,1946.0,0.16390596609463026
C81,T12,1960.0,0.16258801325265904
C81,T12,1974.0,0.16125916823844014
C81,T12,1988.0,0.15992814478977174
C81,T12,2002.0,0.15856662325880977
C81,T12,2016.0,0.15701993479963702
C81,T12,2030.0,0.15564316422752827
C81,T12,2044.0,0.15437313694344704
C81,T12,2058.0,0.15314885678280601
C81,T12,2072.0,0.1519223981877155
C81,T12,2086.0,0.15070029646152397
C81,T12,2100.0,0.15002062491326773
C81,T12,2114.0,0.14930174154491985
C81,T12,2128.0,0.14838897751056299
C81,T12,2142.0,0.1472082660389127
C81,T12,2156.0,0.1459861643127213
C81,T12,2170.0,0.1446420702573556
C81,T12,2184.0,0.14348096469575133
C81,T12,2198.0,0.14230896696189924
C81,T12,2212.0,0.1411696457447902
C81,T12,2226.0,0.14027648762047926
C81,T12,2240.0,0.1394116491440121
C81,T12,2254.0,0.13830936131254537
C81,T12,2268.0,0.1372136087844272
C81,T12,2282.0,0.13621370737208874
C81,T12,2296.0,0.13519420004970437
C81,T12,2310.0,0.13417251429287053
C81,T12,2324.0,0.13314647166713758
C81,T12,2338.0,0.1320681466146157
C81,T12,2352.0,0.13102467651328648
C81,T12,2366.0,0.12991803181292064
C81,T12,2380.0,0.12882663615370146
C81,T12,2394.0,0.12767424432989527
C81,T12,2408.0,0.12654799371948353
C81,T12,2422.0,0.1254565980602645
C81,T12,2436.0,0.12454165559145801
C81,T12,2450.0,0.1236572112049451
C81,T12,2464.0,0.12279019429402847
C81,T12,2478.0,0.12191228521086428
C81,T12,2492.0,0.1208099973793974
C81,T12,2506.0,0.11977741945031588
C81,T12,2520.0,0.11873394934898666
C81,T12,2534.0,0.1178168284457307
C81,T12,2548.0,0.11679732112334634
C81,T12,2562.0,0.11580395501435646
C81,T12,2576.0,0.11485633602880693
C81,T12,2590.0,0.11401981720018399
C81,T12,2604.0,0.11313972968257019
C81,T12,2618.0,0.11221171660706641
C81,T12,2632.0,0.11136648404064528
C81,T12,2646.0,0.11049946712972865
C81,T12,2660.0,0.10972830133459183
C81,T12,2674.0,0.10887435503037249
C81,T12,2688.0,0.10809011862853837
C81,T12,2702.0,0.10741480394918124
C81,T12,2716.0,0.10654996547271421
C81,T12,2730.0,0.10567423482399951
C81,T12,2744.0,0.10478761200303699
C81,T12,2758.0,0.10403605211794605
C81,T12,2772.0,0.10316467833813045
C81,T12,2786.0,0.1024109400185899
C81,T12,2800.0,0.10171819786363637
C81,T12,2814.0,0.10100367136418757
C81,T12,2828.0,0.1002630036513442
C81,T12,2842.0,0.09950926533180378
C81,T12,2856.0,0.09878166822565769
C81,T12,2870.0,0.09799089652047499
C81,T12,2884.0,0.09725894254542981
C81,T12,2898.0,0.09662719655506341
C81,T12,2912.0,0.09608476637712823
C81,T12,2926.0,0.09541163013222059
C81,T12,2940.0,0.09471453110836808
C81,T12,2954.0,0.09387365541084591
C81,T12,2968.0,0.09314823673914945
C81,T12,2982.0,0.09244895928084733
C81,T12,2996.0,0.09173007591249945
C81,T12,3010.0,0.09103733375754604
C81,T12,3024.0,0.09033369943034482
C81,T12,3038.0,0.08968888283328125
C81,T12,3052.0,0.08900703285057551
C81,T12,3066.0,0.08828597104777802
C81,T12,3080.0,0.08759540732727422
C81,T12,3094.0,0.08681988466323819
C81,T12,3108.0,0.08615981902502783
C81,T12,3122.0,0.08550846712461567
C81,T12,3136.0,0.08487672113424928
C81,T12,3150.0,0.08421447706158944
C81,T12,3164.0,0.08369818809704861
C81,T12,3178.0,0.08318407756695739
C81,T12,3192.0,0.08269610825026065
C81,T12,3206.0,0.08218417615461893
C81,T12,3220.0,0.08158946354989481
C81,T12,3234.0,0.08095771755952841
C81,T12,3248.0,0.08027586757682269
C81,T12,3262.0,0.07972908052998828
C81,T12,3276.0,0.07923239747549335
C81,T12,3290.0,0.07868343199420959
C81,T12,3304.0,0.07816714302966876
C81,T12,3318.0,0.07760510694168771
C81,T12,3332.0,0.07697118251687182
C81,T12,3346.0,0.07641786016668883
C81,T12,3360.0,0.07584057503756099
C81,T12,3374.0,0.07531339390077248
C81,T12,3388.0,0.07477532059173628
C81,T12,3402.0,0.07413268242912233
C81,T12,3416.0,0.07356193260334307
C81,T12,3430.0,0.07300861025316008
C81,T12,3444.0,0.07252935467426141
C81,T12,3458.0,0.0721089168255004
C81,T12,3472.0,0.0716601593288953
C81,T12,3486.0,0.07118961748779494
C81,T12,3500.0,0.07067768539215322
C81,T12,3514.0,0.0701461473864656
C81,T12,3528.0,0.06964510746307169
C81,T12,3542.0,0.06915931658082443
C81,T12,3556.0,0.06878680428995325
C81,T12,3570.0,0.06833586835889867
C81,T12,3584.0,0.0679306795512843
C81,T12,3598.0,0.06755381039151404
C81,T12,3612.0,0.06711812350160623
C81,T12,3626.0,0.06667807974279932
C81,T12,3640.0,0.06623803598399243
C81,T12,3654.0,0.06580888439743321
C81,T12,3668.0,0.06536666220417682
C81,T12,3682.0,0.06496583026546156
C81,T12,3696.0,0.06449093155546198
C81,T12,3710.0,0.06408356431339828
C81,T12,3724.0,0.06370233828472889
C81,T12,3738.0,0.06327754356706877
C81,T12,3752.0,0.06279393111927101
C81,T12,3766.0,0.062364779532711793
C81,T12,3780.0,0.06192037890500579
C81,T12,3794.0,0.0614781567117494
C81,T12,3808.0,0.06102068547734622
C81,T12,3822.0,0.06059153389078701
C81,T12,3836.0,0.060149311697530496
C81,T12,3850.0,0.059776799406659316
C81,T12,3864.0,0.05934111251675151
C81,T12,3878.0,0.05899474143927481
C81,T12,3892.0,0.05858955263166045
C81,T12,3906.0,0.058169114782899434
C81,T12,3920.0,0.057800959360927356
C81,T12,3934.0,0.057413198028909394
C81,T12,3948.0,0.05708643286147845
C81,T12,3962.0,0.05674006178400175
C81,T12,3976.0,0.05636101418978198
C81,T12,3990.0,0.055997215636708876
C81,T12,4004.0,0.05565955829703037
C81,T12,4018.0,0.055324079391801353
C81,T12,4032.0,0.05497988674877413
C81,T12,4046.0,0.05464876471244421
C81,T12,4060.0,0.05428278772492162
C81,T12,4074.0,0.054003948115380646
C81,T12,4088.0,0.05365322016900484
C81,T12,4102.0,0.05331338439487672
C81,T12,4116.0,0.053078113474326484
C81,T12,4130.0,0.05273174239684978
C81,T12,4144.0,0.05239190662272166
C81,T12,4158.0,0.0521697063088686
C81,T12,4172.0,0.05190829417492401
C81,T12,4186.0,0.05164688204097931
C81,T12,4200.0,0.05133536591469515
C81,T12,4214.0,0.0510216713539615
C81,T12,4228.0,0.050692727752081064
C81,T12,4242.0,0.05030278798561362
C81,T12,4256.0,0.049867101095705815
C81,T12,4270.0,0.04957301244501805
C81,T12,4284.0,0.04917435894075228
C81,T12,4298.0,0.048771348567587657
C81,T12,4312.0,0.048462010875752984
C81,T12,4326.0,0.048117818232725894
C81,T12,4340.0,0.04777144715524918
C81,T12,4354.0,0.04738586425768071
C81,T12,4368.0,0.04702860100795632
C81,T12,4382.0,0.046627769069241064
C81,T12,4396.0,0.046211688089379144
C81,T12,4410.0,0.045847889536306044
C81,T12,4424.0,0.04547973411433397
C81,T12,4438.0,0.04509850808566459
C81,T12,4452.0,0.04479352726272914
C81,T12,4466.0,0.04440576593071118
C81,T12,4480.0,0.04406157328768396
C81,T12,4494.0,0.04373480812025314
C81,T12,4508.0,0.04339061547722592
C81,T12,4522.0,0.04312484647438212
C81,T12,4536.0,0.04282640095479525
C81,T12,4550.0,0.0425257770007589
C81,T12,4564.0,0.04225347269456651
C81,T12,4578.0,0.041968097781676816
C81,T12,4592.0,0.04161736983530102
C81,T12,4606.0,0.04134506552910862
C81,T12,4620.0,0.041070582788466745
C81,T12,4634.0,0.040811349088971646
C81,T12,4648.0,0.04048676235599031
C81,T12,4662.0,0.04021010118089882
C81,T12,4676.0,0.03993344000580733
C81,T12,4690.0,0.03969163378190851
C81,T12,4704.0,0.0394258647790647
C81,T12,4718.0,0.03917970168626678
C81,T12,4732.0,0.0389858210202578
C81,T12,4746.0,0.03873747949301039
C81,T12,4760.0,0.03846953205571697
C81,T12,4774.0,0.038242974872964935
C81,T12,4788.0,0.03802730986246058
C81,T12,4802.0,0.03780510954860752
C81,T12,4816.0,0.03757637393140599
C81,T12,4830.0,0.03733892457640615
C81,T12,4844.0,0.03706226340131478
C81,T12,4858.0,0.0368509552597094
C81,T12,4872.0,0.03666578833149862
C81,T12,4886.0,0.03648279983773732
C81,T12,4900.0,0.03627584856503104
C81,T12,4914.0,0.036095038505719365
C81,T12,4928.0,0.0358728381918663
C81,T12,4942.0,0.03566370848471053
C81,T12,4956.0,0.035402296350765826
C81,T12,4970.0,0.035129992044573434
C81,T12,4984.0,0.03487075834507834
C81,T12,4998.0,0.03462241681783093
C81,T12,5012.0,0.03433268503604214
C81,T12,5026.0,0.033990670827464535
C81,T12,5040.0,0.0336704409633823
C81,T12,5054.0,0.03333931892705238
C81,T12,5068.0,0.03302998123521783
C81,T12,5082.0,0.03269014546108971
C81,T12,5096.0,0.03236991559700748
C81,T12,5110.0,0.0319930464372372
C81,T12,5124.0,0.03160528510521924
C81,T12,5138.0,0.03131555332343045
C81,T12,5152.0,0.030951754770357474
C81,T12,5166.0,0.030638060209623823
C81,T12,5180.0,0.030420216764669862
C81,T12,5194.0,0.03025247731205535
C81,T12,5208.0,0.030069488818294056
C81,T12,5222.0,0.029799362946551274
C81,T12,5236.0,0.029568448894900016
C81,T12,5250.0,0.029324464236551703
C81,T12,5264.0,0.029102263922698764
C81,T12,5278.0,0.028823424313157663
C81,T12,5292.0,0.028511908186873627
C81,T12,5306.0,0.028339811865360016
C81,T12,5320.0,0.028141574330451936
C81,T12,5334.0,0.027877983762057742
C81,T12,5348.0,0.027714601178342207
C81,T12,5362.0,0.027501114602287467
C81,T12,5376.0,0.027337732018571932
C81,T12,5390.0,0.027141672918113466
C81,T12,5404.0,0.026854119570774288
C81,T12,5418.0,0.026671131077012994
C81,T12,5432.0,0.02642714641866468
C81,T12,5446.0,0.02616791271916946
C81,T12,5460.0,0.025917392757472443
C81,T12,5474.0,0.025655980623527735
C81,T12,5488.0,0.025462099957518754
C81,T12,5502.0,0.025235542774766716
C81,T12,5516.0,0.025072160191051306
C81,T12,5530.0,0.024889171697290012
C81,T12,5544.0,0.024743216589170874
C81,T12,5558.0,0.02456022809540958
C81,T12,5572.0,0.024392488642795068
C81,T12,5586.0,0.024176823632290716
C81,T12,5600.0,0.023985121400731224
C81,T12,5614.0,0.023871842809355268
C81,T12,5628.0,0.023732423004584714
C81,T12,5642.0,0.02358428946201609
C81,T12,5656.0,0.023416550009401578
C81,T12,5670.0,0.023259702729034753
C81,T12,5684.0,0.023057108325227577
C81,T12,5698.0,0.02292640225825522
C81,T12,5712.0,0.02282619427357644
C81,T12,5726.0,0.022664990124310516
C81,T12,5740.0,0.022499429106145618
C81,T12,5754.0,0.02236654460472365
C81,T12,5768.0,0.0222358385377513
C81,T12,5782.0,0.022142165856421103
C81,T12,5796.0,0.02194828519041212
C81,T12,5810.0,0.021784902606696712
C81,T12,5824.0,0.02165637497417397
C81,T12,5838.0,0.021519133603852904
C81,T12,5852.0,0.02133614511009161
C81,T11,0.0,1.0
C81,T11,14.0,0.9967064259625579
C81,T11,28.0,0.9965173504159639
C81,T11,42.0,0.9962550843352045
C81,T11,56.0,0.9951328294780017
C81,T11,70.0,0.9925986072325256
C81,T11,84.0,0.9883840523068351
C81,T11,98.0,0.9827483811761005
C81,T11,112.0,0.9754750718434153
C81,T11,126.0,0.9673082280727942
C81,T11,140.0,0.9581350144573989
C81,T11,154.0,0.9482603915562524
C81,T11,168.0,0.9380259151954591
C81,T11,182.0,0.927510875120365
C81,T11,196.0,0.9167640650204143
C81,T11,210.0,0.9059532132030684
C81,T11,224.0,0.89482825200993
C81,T11,238.0,0.8841119379658808
C81,T11,252.0,0.873420020766554
C81,T11,266.0,0.8629049806914603
C81,T11,280.0,0.852316750082201
C81,T11,294.0,0.8419389422586672
C81,T11,308.0,0.8316099281245771
C81,T11,322.0,0.821488287170622
C81,T11,336.0,0.8115953666359338
C81,T11,350.0,0.8019250673093319
C81,T11,364.0,0.7925139844578996
C81,T11,378.0,0.7832340346468466
C81,T11,392.0,0.7742376981556843
C81,T11,406.0,0.7652413616645221
C81,T11,420.0,0.7565255888876607
C81,T11,434.0,0.7479927924462128
C81,T11,448.0,0.7396734683960806
C81,T11,462.0,0.7315310214701815
C81,T11,476.0,0.7235715508796953
C81,T11,490.0,0.7158956936091004
C81,T11,504.0,0.7083113245062124
C81,T11,518.0,0.7008824852884256
C81,T11,532.0,0.6936427216172326
C81,T11,546.0,0.6864791980857956
C81,T11,560.0,0.6795047501009522
C81,T11,574.0,0.6725699469887818
C81,T11,588.0,0.6657998225784835
C81,T11,602.0,0.6591699800253356
C81,T11,616.0,0.6525675839224997
C81,T11,630.0,0.6461329161271261
C81,T11,644.0,0.6381886935645914
C81,T11,658.0,0.6320193414555673
C81,T11,672.0,0.6258499893465432
C81,T11,686.0,0.619909357656786
C81,T11,700.0,0.6139565275446679
C81,T11,714.0,0.6080463919108129
C81,T11,728.0,0.6023924231465368
C81,T11,742.0,0.5967933472828847
C81,T11,756.0,0.5912705115589882
C81,T11,770.0,0.5858727096642911
C81,T11,784.0,0.5804444117136914
C81,T11,798.0,0.5750466098189942
C81,T11,812.0,0.5697128496416917
C81,T11,826.0,0.5644919248712275
C81,T11,840.0,0.5595546134206542
C81,T11,854.0,0.5544831193241109
C81,T11,868.0,0.5497318338145412
C81,T11,882.0,0.5450049451496931
C81,T11,896.0,0.5403634454413716
C81,T11,910.0,0.5359445669411363
C81,T11,924.0,0.5314738451458674
C81,T11,938.0,0.5269817761114667
C81,T11,952.0,0.5225811952447729
C81,T11,966.0,0.5182050112228007
C81,T11,980.0,0.513914216157355
C81,T11,994.0,0.5097088100484355
C81,T11,1008.0,0.5054729078836137
C81,T11,1022.0,0.5012034600572995
C81,T11,1036.0,0.4970620956657747
C81,T11,1050.0,0.4929146320630694
C81,T11,1064.0,0.48876106924918367
C81,T11,1078.0,0.4846837465750536
C81,T11,1092.0,0.4805972750841529
C81,T11,1106.0,0.4765961925497784
C81,T11,1120.0,0.472744540689325
C81,T11,1134.0,0.46883799592824726
C81,T11,1148.0,0.4651083282914029
C81,T11,1162.0,0.4614305039495922
C81,T11,1176.0,0.45775267960778143
C81,T11,1190.0,0.4541388969833656
C81,T11,1204.0,0.4505342631757203
C81,T11,1218.0,0.44692048055130434
C81,T11,1232.0,0.443437830967268
C81,T11,1246.0,0.4398575940043446
C81,T11,1260.0,0.4363413987588157
C81,T11,1274.0,0.4330020806375199
C81,T11,1288.0,0.4296170184323707
C81,T11,1302.0,0.4262898987334358
C81,T11,1316.0,0.4230024239071739
C81,T11,1330.0,0.4196722546026489
C81,T11,1344.0,0.4163908789875673
C81,T11,1358.0,0.41317964430106097
C81,T11,1372.0,0.4099013182915697
C81,T11,1386.0,0.4067632741392288
C81,T11,1400.0,0.4036221803812975
C81,T11,1414.0,0.40053597952399056
C81,T11,1428.0,0.3973582904989766
C81,T11,1442.0,0.39417755186837244
C81,T11,1456.0,0.39107610298311424
C81,T11,1470.0,0.3879258604084125
C81,T11,1484.0,0.38491894929645104
C81,T11,1498.0,0.38119538087078714
C81,T11,1512.0,0.3782250650259084
C81,T11,1526.0,0.37599580333945437
C81,T11,1540.0,0.37232407820882407
C81,T11,1554.0,0.3694178040813401
C81,T11,1568.0,0.36649933153149533
C81,T11,1582.0,0.36356256134810927
C81,T11,1596.0,0.36074167617715164
C81,T11,1610.0,0.3578506500776189
C81,T11,1624.0,0.3550602609625635
C81,T11,1638.0,0.35227902066427885
C81,T11,1652.0,0.34955877247779865
C81,T11,1666.0,0.3468415738969086
C81,T11,1680.0,0.3440908296545262
C81,T11,1694.0,0.34135838304568505
C81,T11,1708.0,0.3387021765765996
C81,T11,1722.0,0.33603377168515325
C81,T11,1736.0,0.3334843014117256
C81,T11,1750.0,0.33090128547680536
C81,T11,1764.0,0.3282938726971636
C81,T11,1778.0,0.3258633370417548
C81,T11,1792.0,0.3233565612465903
C81,T11,1806.0,0.3208985791408692
C81,T11,1820.0,0.31842534900719727
C81,T11,1834.0,0.31590942439526215
C81,T11,1848.0,0.31343619426159003
C81,T11,1862.0,0.3109965097894106
C81,T11,1876.0,0.3086025694010843
C81,T11,1890.0,0.30495219150958564
C81,T11,1904.0,0.3025216558541767
C81,T11,1918.0,0.3001551619161625
C81,T11,1932.0,0.29780391600609957
C81,T11,1946.0,0.295541108658153
C81,T11,1960.0,0.293244755648714
C81,T11,1974.0,0.2908996089498314
C81,T11,1988.0,0.28872219055841114
C81,T11,2002.0,0.28654172256140076
C81,T11,2016.0,0.2843277089028978
C81,T11,2030.0,0.28208929839967295
C81,T11,2044.0,0.2798478382908579
C81,T11,2058.0,0.2776795687162083
C81,T11,2072.0,0.27561498573162646
C81,T11,2086.0,0.2734528153681573
C81,T11,2100.0,0.27295877926254086
C81,T11,2114.0,0.2700067610512037
C81,T11,2128.0,0.26789338437717825
C81,T11,2142.0,0.26593248798266383
C81,T11,2156.0,0.2640020876440518
C81,T11,2170.0,0.26194055426506013
C81,T11,2184.0,0.25998270747613583
C81,T11,2198.0,0.2580187614760315
C81,T11,2212.0,0.25600602178648324
C81,T11,2226.0,0.2541549111932171
C81,T11,2240.0,0.2523007509943606
C81,T11,2254.0,0.2504953844849476
C81,T11,2268.0,0.24871441482025672
C81,T11,2282.0,0.2468633042269904
C81,T11,2296.0,0.24502744166167517
C81,T11,2310.0,0.2432922160808376
C81,T11,2324.0,0.24148684957142477
C81,T11,2338.0,0.23972112793468478
C81,T11,2352.0,0.2379310094532229
C81,T11,2366.0,0.23612564294381008
C81,T11,2380.0,0.23436602051825056
C81,T11,2394.0,0.23257895164237902
C81,T11,2408.0,0.23079798197768808
C81,T11,2422.0,0.22902616112976765
C81,T11,2436.0,0.22731228278806145
C81,T11,2450.0,0.22550081706746816
C81,T11,2464.0,0.22385098044315674
C81,T11,2478.0,0.22225298711387914
C81,T11,2492.0,0.22055740640571422
C81,T11,2506.0,0.21889842096463216
C81,T11,2520.0,0.21725163394591107
C81,T11,2534.0,0.21554080520979504
C81,T11,2548.0,0.21392451424697617
C81,T11,2562.0,0.21228687604502555
C81,T11,2576.0,0.2106431386318946
C81,T11,2590.0,0.2090603933305681
C81,T11,2604.0,0.2075294913242754
C81,T11,2618.0,0.20595894444530985
C81,T11,2632.0,0.20434875269367145
C81,T11,2646.0,0.20287274358800272
C81,T11,2660.0,0.20141503211587541
C81,T11,2674.0,0.1998688820816316
C81,T11,2688.0,0.19840202179273364
C81,T11,2702.0,0.19699310401005
C81,T11,2716.0,0.19558418622736634
C81,T11,2730.0,0.1941173259384684
C81,T11,2744.0,0.1926840113110628
C81,T11,2758.0,0.19129949037310107
C81,T11,2772.0,0.18983567968979329
C81,T11,2786.0,0.18838711703443659
C81,T11,2800.0,0.1869842984629334
C81,T11,2814.0,0.1856607696367759
C81,T11,2828.0,0.1843067447547164
C81,T11,2842.0,0.18295271987265668
C81,T11,2856.0,0.18165663749681127
C81,T11,2870.0,0.18033920788183425
C81,T11,2884.0,0.17899128221095503
C81,T11,2898.0,0.17767385259597818
C81,T11,2912.0,0.17646925838783942
C81,T11,2926.0,0.17515792798404306
C81,T11,2940.0,0.17392893693118253
C81,T11,2954.0,0.17266640021682966
C81,T11,2968.0,0.1714069131080669
C81,T11,2982.0,0.1701870708719772
C81,T11,2996.0,0.16888183967936116
C81,T11,3010.0,0.16763760059854954
C81,T11,3024.0,0.16642080796804998
C81,T11,3038.0,0.165185717704009
C81,T11,3052.0,0.16399942112941165
C81,T11,3066.0,0.16279787652686337
C81,T11,3080.0,0.1615261909957397
C81,T11,3094.0,0.16030329915405966
C81,T11,3108.0,0.15913530021300373
C81,T11,3122.0,0.1579185075825042
C81,T11,3136.0,0.1567810046973505
C81,T11,3150.0,0.1555459144333095
C81,T11,3164.0,0.1544450068152385
C81,T11,3178.0,0.15331665274685546
C81,T11,3192.0,0.15228283645176938
C81,T11,3206.0,0.15125816897345393
C81,T11,3220.0,0.1501999558336461
C81,T11,3234.0,0.1491996852000524
C81,T11,3248.0,0.14806828152607918
C81,T11,3262.0,0.1470131179918615
C81,T11,3276.0,0.1459640536688243
C81,T11,3290.0,0.14490889013460664
C81,T11,3304.0,0.1439025202898326
C81,T11,3318.0,0.14288700162828796
C81,T11,3332.0,0.14187758217792362
C81,T11,3346.0,0.14083461706606692
C81,T11,3360.0,0.13974895747594684
C81,T11,3374.0,0.1387700340814849
C81,T11,3388.0,0.13783380516528596
C81,T11,3402.0,0.13682133610933145
C81,T11,3416.0,0.13580276784219647
C81,T11,3430.0,0.13475980273033974
C81,T11,3444.0,0.1338174746029603
C81,T11,3458.0,0.13292698977061487
C81,T11,3472.0,0.13190537189788956
C81,T11,3486.0,0.13099658943200268
C81,T11,3500.0,0.1301426998667399
C81,T11,3514.0,0.12919427252818017
C81,T11,3528.0,0.12828244045670295
C81,T11,3542.0,0.1273828068075867
C81,T11,3556.0,0.12650147079201188
C81,T11,3570.0,0.1256079363540761
C81,T11,3584.0,0.12476929481676444
C81,T11,3598.0,0.12391235564591135
C81,T11,3612.0,0.12310116055891158
C81,T11,3626.0,0.122289965471912
C81,T11,3640.0,0.12149401841286335
C81,T11,3654.0,0.1205821863413863
C81,T11,3668.0,0.11984113218296177
C81,T11,3682.0,0.11902688749037187
C81,T11,3696.0,0.11816994831951877
C81,T11,3710.0,0.1173435052045679
C81,T11,3724.0,0.11662989749645544
C81,T11,3738.0,0.11582175201504584
C81,T11,3752.0,0.1150288545615875
C81,T11,3766.0,0.11413836972924205
C81,T11,3780.0,0.11340036517640767
C81,T11,3794.0,0.11256172363909603
C81,T11,3808.0,0.11180847105831054
C81,T11,3822.0,0.11106131768870554
C81,T11,3836.0,0.11023182496816451
C81,T11,3850.0,0.10949687002092047
C81,T11,3864.0,0.10872531980659356
C81,T11,3878.0,0.10798731525375935
C81,T11,3892.0,0.10721881464502277
C81,T11,3906.0,0.1064228675859741
C81,T11,3920.0,0.10576720238407593
C81,T11,3934.0,0.10503529704242204
C81,T11,3948.0,0.10433388775667035
C81,T11,3962.0,0.10369042097713296
C81,T11,3976.0,0.10295851563547924
C81,T11,3990.0,0.10226930477208851
C81,T11,4004.0,0.10162888759814127
C81,T11,4018.0,0.10090308146766785
C81,T11,4032.0,0.1002565650825403
C81,T11,4046.0,0.09961614790859323
C81,T11,4060.0,0.09893303625638299
C81,T11,4074.0,0.09835056158865002
C81,T11,4088.0,0.09772539244265406
C81,T11,4102.0,0.09706057842398508
C81,T11,4116.0,0.09646285572830118
C81,T11,4130.0,0.09578584328727124
C81,T11,4144.0,0.09519117019717749
C81,T11,4158.0,0.09459649710708375
C81,T11,4172.0,0.09403232007289222
C81,T11,4186.0,0.09343459737720831
C81,T11,4200.0,0.09287956915978741
C81,T11,4214.0,0.09222390395788907
C81,T11,4228.0,0.09164142929015627
C81,T11,4242.0,0.09103760738329172
C81,T11,4256.0,0.09037279336462292
C81,T11,4270.0,0.0897872690912998
C81,T11,4284.0,0.08917124876207447
C81,T11,4298.0,0.0884942363210447
C81,T11,4312.0,0.08786296796386826
C81,T11,4326.0,0.08726219566259404
C81,T11,4340.0,0.08666752257250011
C81,T11,4354.0,0.086039303820914
C81,T11,4368.0,0.08544463073082026
C81,T11,4382.0,0.08479506474010239
C81,T11,4396.0,0.08416989559410641
C81,T11,4410.0,0.0835477760537006
C81,T11,4424.0,0.08293175572447527
C81,T11,4438.0,0.08228523933934773
C81,T11,4452.0,0.08176070717782905
C81,T11,4466.0,0.08111724039829164
C81,T11,4480.0,0.08054086494173933
C81,T11,4494.0,0.07989129895102146
C81,T11,4508.0,0.07934846915596151
C81,T11,4522.0,0.07880258975531142
C81,T11,4536.0,0.0782231646931686
C81,T11,4550.0,0.07768948371487946
C81,T11,4564.0,0.0771283562862781
C81,T11,4578.0,0.07666481623656402
C81,T11,4592.0,0.07612503604709422
C81,T11,4606.0,0.07554561098495159
C81,T11,4620.0,0.07506377330169625
C81,T11,4634.0,0.07456058837930915
C81,T11,4648.0,0.07398421292275667
C81,T11,4662.0,0.07349932563391101
C81,T11,4676.0,0.0729900415003436
C81,T11,4690.0,0.07247465815559555
C81,T11,4704.0,0.07202941573942291
C81,T11,4718.0,0.07150793318349438
C81,T11,4732.0,0.071080988400863
C81,T11,4746.0,0.07056255545052496
C81,T11,4760.0,0.07014475948466405
C81,T11,4774.0,0.06970256667408155
C81,T11,4788.0,0.06924817544113811
C81,T11,4802.0,0.06883342908086769
C81,T11,4816.0,0.06841563311500694
C81,T11,4830.0,0.06796429148765364
C81,T11,4844.0,0.06753734670502226
C81,T11,4858.0,0.06710735231680055
C81,T11,4872.0,0.06668040753416918
C81,T11,4886.0,0.06624126432917683
C81,T11,4900.0,0.0658539644192183
C81,T11,4914.0,0.06540872200304548
C81,T11,4928.0,0.0650183724874968
C81,T11,4942.0,0.06461887415517749
C81,T11,4956.0,0.06421022700608736
C81,T11,4970.0,0.06376193498432439
C81,T11,4984.0,0.06333194059610268
C81,T11,4998.0,0.06294769029173448
C81,T11,5012.0,0.06256953919854658
C81,T11,5026.0,0.06204195743143774
C81,T11,5040.0,0.06157231817054319
C81,T11,5054.0,0.06101424034753214
C81,T11,5068.0,0.06058119635372028
C81,T11,5082.0,0.06015730117667905
C81,T11,5096.0,0.05969071152137465
C81,T11,5110.0,0.059141782515134404
C81,T11,5124.0,0.05868434167660063
C81,T11,5138.0,0.05816590872626243
C81,T11,5152.0,0.057690170254187566
C81,T11,5166.0,0.05717783651502984
C81,T11,5180.0,0.05676918936593972
C81,T11,5194.0,0.056317847738586425
C81,T11,5208.0,0.05597324230689107
C81,T11,5222.0,0.055552396735440164
C81,T11,5236.0,0.055183394459023066
C81,T11,5250.0,0.054802193760245005
C81,T11,5264.0,0.05440574503351584
C81,T11,5278.0,0.05398184985647461
C81,T11,5292.0,0.05356710349620402
C81,T11,5306.0,0.05318590279742596
C81,T11,5320.0,0.05285349578809156
C81,T11,5334.0,0.05244789824459159
C81,T11,5348.0,0.05210024320730607
C81,T11,5362.0,0.051700744874986757
C81,T11,5376.0,0.05137443707683266
C81,T11,5390.0,0.051020682828366665
C81,T11,5404.0,0.05063338291840813
C81,T11,5418.0,0.05035891841528801
C81,T11,5432.0,0.04995332087178804
C81,T11,5446.0,0.04961176504568301
C81,T11,5460.0,0.04920311789659289
C81,T11,5474.0,0.048812768381044196
C81,T11,5488.0,0.048520006244382644
C81,T11,5502.0,0.048105259884112045
C81,T11,5516.0,0.04775760484682653
C81,T11,5530.0,0.04741604902072132
C81,T11,5544.0,0.047132435700830394
C81,T11,5558.0,0.046775631846774246
C81,T11,5572.0,0.046482869710112694
C81,T11,5586.0,0.046150462700778286
C81,T11,5600.0,0.04586075016970688
C81,T11,5614.0,0.04555274000509421
C81,T11,5628.0,0.045217283390169484
C81,T11,5642.0,0.044909273225556816
C81,T11,5656.0,0.044637858328026844
C81,T11,5670.0,0.04431460013546307
C81,T11,5684.0,0.044043185237933095
C81,T11,5698.0,0.043753472706861696
C81,T11,5712.0,0.04346071057020014
C81,T11,5726.0,0.04315879961676795
C81,T11,5740.0,0.042853839057745605
C81,T11,5754.0,0.042500084809279616
C81,T11,5768.0,0.042338455712997554
C81,T11,5782.0,0.042106685688140605
C81,T11,5796.0,0.04175598104526476
C81,T11,5810.0,0.041502863781276225
C81,T11,5824.0,0.04123144888374608
C81,T11,5838.0,0.04097528201416739
C81,T11,5852.0,0.040670321455144876
C81,T9,0.0,1.0
C81,T9,14.0,0.9996434809338511
C81,T9,28.0,0.996942163394184
C81,T9,42.0,0.9893912724034394
C81,T9,56.0,0.9768559706224966
C81,T9,70.0,0.9609314523345095
C81,T9,84.0,0.9428312535915625
C81,T9,98.0,0.9240865780751918
C81,T9,112.0,0.9043431920978784
C81,T9,126.0,0.8849403275363099
C81,T9,140.0,0.8656197366053913
C81,T9,154.0,0.8465322542946468
C81,T9,168.0,0.8280458265633713
C81,T9,182.0,0.8101284581107571
C81,T9,196.0,0.7926224578113912
C81,T9,210.0,0.7756123846745532
C81,T9,224.0,0.7587234366050607
C81,T9,238.0,0.7428309136178818
C81,T9,252.0,0.7274434593077476
C81,T9,266.0,0.7126639157129697
C81,T9,280.0,0.6980603462726374
C81,T9,294.0,0.6840418337613697
C81,T9,308.0,0.6704781115973052
C81,T9,322.0,0.6573874628094765
C81,T9,336.0,0.644783599669659
C81,T9,350.0,0.6327876472451981
C81,T9,364.0,0.621143643129628
C81,T9,378.0,0.6098150212648815
C81,T9,392.0,0.5989251920969341
C81,T9,406.0,0.5882387616269817
C81,T9,420.0,0.578130531950207
C81,T9,434.0,0.5684016751258729
C81,T9,448.0,0.5591321794060001
C81,T9,462.0,0.5500912215490428
C81,T9,476.0,0.5413153676130685
C81,T9,490.0,0.5328800350928388
C81,T9,504.0,0.5245635422613255
C81,T9,518.0,0.5163636037398994
C81,T9,532.0,0.5086550216237429
C81,T9,546.0,0.5009990032160566
C81,T9,560.0,0.49364922554467816
C81,T9,574.0,0.48643199983379076
C81,T9,588.0,0.4794547388789653
C81,T9,602.0,0.47260317374874344
C81,T9,616.0,0.46586359217135065
C81,T9,630.0,0.45928855785525724
C81,T9,644.0,0.45138343317699275
C81,T9,658.0,0.4452494769363273
C81,T9,672.0,0.4392937802287362
C81,T9,686.0,0.43348891851066973
C81,T9,700.0,0.42772062285066986
C81,T9,714.0,0.42215801126729446
C81,T9,728.0,0.416853647469014
C81,T9,742.0,0.4115492836707337
C81,T9,756.0,0.40627234441600313
C81,T9,770.0,0.4011005325782141
C81,T9,784.0,0.3959607160412333
C81,T9,798.0,0.3908894608631271
C81,T9,812.0,0.38615644172213676
C81,T9,826.0,0.3816770996089832
C81,T9,840.0,0.37733945097083743
C81,T9,854.0,0.37302008536172504
C81,T9,868.0,0.36895896753770757
C81,T9,882.0,0.36499612099474416
C81,T9,896.0,0.3610789820243639
C81,T9,910.0,0.35728753887858744
C81,T9,924.0,0.35347552732514853
C81,T9,938.0,0.34962466433501393
C81,T9,952.0,0.34593149247029137
C81,T9,966.0,0.3423114527217019
C81,T9,980.0,0.33872340827392056
C81,T9,994.0,0.33513536382613945
C81,T9,1008.0,0.3314878995340001
C81,T9,1022.0,0.32800726788178936
C81,T9,1036.0,0.3245723438021619
C81,T9,1050.0,0.3211099951789843
C81,T9,1064.0,0.31772306405056927
C81,T9,1078.0,0.3143544159511874
C81,T9,1092.0,0.3110840391328595
C81,T9,1106.0,0.30796449730405606
C81,T9,1120.0,0.3049980758434063
C81,T9,1134.0,0.3020042298392067
C81,T9,1148.0,0.29915436268864415
C81,T9,1162.0,0.2962542172082401
C81,T9,1176.0,0.29348205293106905
C81,T9,1190.0,0.29067103721720217
C81,T9,1204.0,0.28784630923156046
C81,T9,1218.0,0.2850170104886602
C81,T9,1232.0,0.2823339759780264
C81,T9,1246.0,0.27966236836053837
C81,T9,1260.0,0.2770958881599917
C81,T9,1274.0,0.27469624059937364
C81,T9,1288.0,0.2721503288064893
C81,T9,1302.0,0.2697232567023215
C81,T9,1316.0,0.26728247232637853
C81,T9,1330.0,0.2647822681060776
C81,T9,1344.0,0.2623232007011014
C81,T9,1358.0,0.25996011919854994
C81,T9,1372.0,0.2576381745113233
C81,T9,1386.0,0.25533908361038826
C81,T9,1400.0,0.2529805728650952
C81,T9,1414.0,0.25062891825568956
C81,T9,1428.0,0.2482178438019257
C81,T9,1442.0,0.24595074820179905
C81,T9,1456.0,0.2436996502520764
C81,T9,1470.0,0.2415171136612285
C81,T9,1484.0,0.2394534167590971
C81,T9,1498.0,0.23682980209282148
C81,T9,1512.0,0.23473182451125257
C81,T9,1526.0,0.23315034249987382
C81,T9,1540.0,0.2304924471541607
C81,T9,1554.0,0.2283441912427503
C81,T9,1568.0,0.2262370721466647
C81,T9,1582.0,0.22413452380783744
C81,T9,1596.0,0.22209139531336838
C81,T9,1610.0,0.22004826681889944
C81,T9,1624.0,0.21812397801314662
C81,T9,1638.0,0.21624311140134797
C81,T9,1652.0,0.21434167638188686
C81,T9,1666.0,0.21241053144024657
C81,T9,1680.0,0.2104999549062689
C81,T9,1694.0,0.2085482415569663
C81,T9,1708.0,0.2067267947895257
C81,T9,1722.0,0.2049167749152309
C81,T9,1736.0,0.20313417958448615
C81,T9,1750.0,0.20142928712713282
C81,T9,1764.0,0.1997175385338919
C81,T9,1778.0,0.19811091735759248
C81,T9,1792.0,0.19644030557967654
C81,T9,1806.0,0.19472170085054805
C81,T9,1820.0,0.1929368201411742
C81,T9,1834.0,0.19126620836325822
C81,T9,1848.0,0.18969615324502528
C81,T9,1862.0,0.18805525138928833
C81,T9,1876.0,0.18633893203878923
C81,T9,1890.0,0.18385015471163396
C81,T9,1904.0,0.18232580716598418
C81,T9,1918.0,0.18081745727073864
C81,T9,1932.0,0.17928168283194304
C81,T9,1946.0,0.1777893305871015
C81,T9,1960.0,0.17630383447814754
C81,T9,1974.0,0.17486861669903508
C81,T9,1988.0,0.1734402550558101
C81,T9,2002.0,0.17204617409202244
C81,T9,2016.0,0.17054010957540602
C81,T9,2030.0,0.1689860521075772
C81,T9,2044.0,0.16756226122161053
C81,T9,2058.0,0.16626188078161844
C81,T9,2072.0,0.16489979511863906
C81,T9,2086.0,0.16355827786332217
C81,T9,2100.0,0.16204307183218905
C81,T9,2114.0,0.1613163214281162
C81,T9,2128.0,0.1603747454329022
C81,T9,2142.0,0.15925262452598465
C81,T9,2156.0,0.15803223233801322
C81,T9,2170.0,0.156715854247617
C81,T9,2184.0,0.15541775918625417
C81,T9,2198.0,0.15418822548376604
C81,T9,2212.0,0.1529289818590989
C81,T9,2226.0,0.15184114163161874
C81,T9,2240.0,0.1507830113263176
C81,T9,2254.0,0.14967003193391676
C81,T9,2268.0,0.1484724935322369
C81,T9,2282.0,0.147316091945882
C81,T9,2296.0,0.14623739323291837
C81,T9,2310.0,0.1451244138405174
C81,T9,2324.0,0.14399086604045408
C81,T9,2338.0,0.14286645975490744
C81,T9,2352.0,0.1417580511197648
C81,T9,2366.0,0.14061079104792645
C81,T9,2380.0,0.13944067718979652
C81,T9,2394.0,0.1382705633316666
C81,T9,2408.0,0.13708673720176176
C81,T9,2422.0,0.13592119410089007
C81,T9,2436.0,0.13489505909639718
C81,T9,2450.0,0.133791221218513
C81,T9,2464.0,0.1328610721164448
C81,T9,2478.0,0.13192635225711838
C81,T9,2492.0,0.13081794362197574
C81,T9,2506.0,0.1297461010448997
C81,T9,2520.0,0.128649119302903
C81,T9,2534.0,0.12761612816252266
C81,T9,2548.0,0.12657171012899654
C81,T9,2562.0,0.12554786050313277
C81,T9,2576.0,0.12458343072162732
C81,T9,2590.0,0.12367613540585069
C81,T9,2604.0,0.12277798160459087
C81,T9,2618.0,0.12180212492993948
C81,T9,2632.0,0.12082855363391735
C81,T9,2646.0,0.1198686946096701
C81,T9,2660.0,0.11903224603139757
C81,T9,2674.0,0.11812495071562107
C81,T9,2688.0,0.1172336530502487
C81,T9,2702.0,0.11643148515141354
C81,T9,2716.0,0.11558589505862432
C81,T9,2730.0,0.11464888982066866
C81,T9,2744.0,0.11376444829118373
C81,T9,2758.0,0.11290057516936128
C81,T9,2772.0,0.11202756053302214
C81,T9,2786.0,0.11113626286764976
C81,T9,2800.0,0.11035009261921873
C81,T9,2814.0,0.1095639223707877
C81,T9,2828.0,0.10876403985058164
C81,T9,2842.0,0.1079892964952964
C81,T9,2856.0,0.10719398473234869
C81,T9,2870.0,0.10635753615407616
C81,T9,2884.0,0.10555308287661189
C81,T9,2898.0,0.10479890792898898
C81,T9,2912.0,0.10414071888379088
C81,T9,2926.0,0.10338882931479734
C81,T9,2940.0,0.10265979353209526
C81,T9,2954.0,0.10180506192478936
C81,T9,2968.0,0.10103488932676247
C81,T9,2982.0,0.10027385824325212
C81,T9,2996.0,0.09949225875207943
C81,T9,3010.0,0.09877922061978148
C81,T9,3024.0,0.09803418718667539
C81,T9,3038.0,0.09729600988945662
C81,T9,3052.0,0.09656697410675467
C81,T9,3066.0,0.09583793832405259
C81,T9,3080.0,0.09509061951231726
C81,T9,3094.0,0.09429530774936955
C81,T9,3108.0,0.09358455499570083
C81,T9,3122.0,0.09286237534888633
C81,T9,3136.0,0.0921539079738466
C81,T9,3150.0,0.09142944294840298
C81,T9,3164.0,0.09081239071852969
C81,T9,3178.0,0.09021590689631899
C81,T9,3192.0,0.08962399383136652
C81,T9,3206.0,0.08909150061077223
C81,T9,3220.0,0.08850187292444898
C81,T9,3234.0,0.08784368387925087
C81,T9,3248.0,0.08717863869816532
C81,T9,3262.0,0.08655473033240457
C81,T9,3276.0,0.08599938332551871
C81,T9,3290.0,0.0853754749597581
C81,T9,3304.0,0.08482241333150133
C81,T9,3318.0,0.08425335405284043
C81,T9,3332.0,0.08359287962901321
C81,T9,3346.0,0.08295297361284848
C81,T9,3360.0,0.08233820676160442
C81,T9,3374.0,0.08173486680350615
C81,T9,3388.0,0.0811566660103287
C81,T9,3402.0,0.08055104067360119
C81,T9,3416.0,0.07988371011388654
C81,T9,3430.0,0.07934893151466313
C81,T9,3444.0,0.07879358450777714
C81,T9,3458.0,0.07830908423839524
C81,T9,3472.0,0.07778116177505928
C81,T9,3486.0,0.07727609309801492
C81,T9,3500.0,0.07674588525604986
C81,T9,3514.0,0.07615397219109737
C81,T9,3528.0,0.07565118889268212
C81,T9,3542.0,0.0751255518079754
C81,T9,3556.0,0.0746044854805269
C81,T9,3570.0,0.07412684134703244
C81,T9,3584.0,0.07367662175708792
C81,T9,3598.0,0.07320811913811015
C81,T9,3612.0,0.07276247030542396
C81,T9,3626.0,0.07230996533685019
C81,T9,3640.0,0.07183917733924332
C81,T9,3654.0,0.07135924782711964
C81,T9,3668.0,0.07091588437306269
C81,T9,3682.0,0.07044509637545568
C81,T9,3696.0,0.0699628814847029
C81,T9,3710.0,0.06950352038024181
C81,T9,3724.0,0.06910814987739712
C81,T9,3738.0,0.0686579302874526
C81,T9,3752.0,0.06815514698903732
C81,T9,3766.0,0.06766379058376798
C81,T9,3780.0,0.067206714857936
C81,T9,3794.0,0.06672221458855397
C81,T9,3808.0,0.06629256340627192
C81,T9,3822.0,0.06583548768043994
C81,T9,3836.0,0.06536241430420384
C81,T9,3850.0,0.06494419001506757
C81,T9,3864.0,0.06451453883278538
C81,T9,3878.0,0.0641077414367949
C81,T9,3892.0,0.06370094404080442
C81,T9,3906.0,0.06322558528593922
C81,T9,3920.0,0.0628530685693861
C81,T9,3934.0,0.06248512261009134
C81,T9,3948.0,0.062089752107246654
C81,T9,3962.0,0.06171266463343521
C81,T9,3976.0,0.06125101815034489
C81,T9,3990.0,0.06092420900637507
C81,T9,4004.0,0.060576831454742776
C81,T9,4018.0,0.06016317792286472
C81,T9,4032.0,0.05981122961397409
C81,T9,4046.0,0.059431856761533536
C81,T9,4060.0,0.05909362072441793
C81,T9,4074.0,0.05876909695907721
C81,T9,4088.0,0.05842857554333237
C81,T9,4102.0,0.05802177814734189
C81,T9,4116.0,0.05773610581869689
C81,T9,4130.0,0.057338449937222966
C81,T9,4144.0,0.057009355414623916
C81,T9,4158.0,0.0566848316492832
C81,T9,4172.0,0.05635345174805504
C81,T9,4186.0,0.05606777941941004
C81,T9,4200.0,0.05571811648914851
C81,T9,4214.0,0.05539816348106614
C81,T9,4228.0,0.055057642065321294
C81,T9,4242.0,0.05463256164029758
C81,T9,4256.0,0.054193768943498845
C81,T9,4270.0,0.05382125222694573
C81,T9,4284.0,0.053430452481359386
C81,T9,4298.0,0.05303279659988547
C81,T9,4312.0,0.05268313366962407
C81,T9,4326.0,0.05228319240952104
C81,T9,4340.0,0.05191753182885538
C81,T9,4354.0,0.05151987594738159
C81,T9,4368.0,0.051163356881232615
C81,T9,4382.0,0.050758844863871375
C81,T9,4396.0,0.05039089890457647
C81,T9,4410.0,0.04997267461544021
C81,T9,4424.0,0.049584160248483104
C81,T9,4438.0,0.049184218988380074
C81,T9,4452.0,0.04883684143674778
C81,T9,4466.0,0.048441470933903094
C81,T9,4480.0,0.04806666883872088
C81,T9,4494.0,0.04769872287942598
C81,T9,4508.0,0.047376484492714505
C81,T9,4522.0,0.04703367769834043
C81,T9,4536.0,0.04669544166122482
C81,T9,4550.0,0.04640519857532147
C81,T9,4564.0,0.04607381867409332
C81,T9,4578.0,0.04579043172407742
C81,T9,4592.0,0.04540877349300776
C81,T9,4606.0,0.04503397139782542
C81,T9,4620.0,0.04473230141877628
C81,T9,4634.0,0.044478624390939546
C81,T9,4648.0,0.04415638600422807
C81,T9,4662.0,0.043831862238887354
C81,T9,4676.0,0.04352562150257988
C81,T9,4690.0,0.043244519931193215
C81,T9,4704.0,0.04299084290335648
C81,T9,4718.0,0.04273259511826127
C81,T9,4732.0,0.042542908692041054
C81,T9,4746.0,0.04225495098476695
C81,T9,4760.0,0.04201498622870511
C81,T9,4774.0,0.04173845541457678
C81,T9,4788.0,0.04154648360972734
C81,T9,4802.0,0.04128823582463226
C81,T9,4816.0,0.041025417282278834
C81,T9,4830.0,0.04079230866210444
C81,T9,4844.0,0.04053406087700936
C81,T9,4858.0,0.04027352771328517
C81,T9,4872.0,0.040047275228998355
C81,T9,4886.0,0.03982787888059899
C81,T9,4900.0,0.039603911774941276
C81,T9,4914.0,0.03934337861121709
C81,T9,4928.0,0.039169689835400874
C81,T9,4942.0,0.03889087364264332
C81,T9,4956.0,0.03867147729424395
C81,T9,4970.0,0.038353809664790815
C81,T9,4984.0,0.03806585195751658
C81,T9,4998.0,0.03778932114338826
C81,T9,5012.0,0.03758592244539302
C81,T9,5026.0,0.0372385448937606
C81,T9,5040.0,0.03694830180785739
C81,T9,5054.0,0.03661920728525833
C81,T9,5068.0,0.03634039109250078
C81,T9,5082.0,0.036050148006597435
C81,T9,5096.0,0.035739336513031746
C81,T9,5110.0,0.03538281744688277
C81,T9,5124.0,0.0350285837593629
C81,T9,5138.0,0.034699489236763845
C81,T9,5152.0,0.03439096312182727
C81,T9,5166.0,0.03407786624963234
C81,T9,5180.0,0.03379905005687479
C81,T9,5194.0,0.03357279757258797
C81,T9,5208.0,0.03339453803951355
C81,T9,5222.0,0.03316142941933915
C81,T9,5236.0,0.0329694576144897
C81,T9,5250.0,0.0327317782370571
C81,T9,5264.0,0.032496384238253594
C81,T9,5278.0,0.03221756804549604
C81,T9,5292.0,0.03195703488177186
C81,T9,5306.0,0.03173535315474338
C81,T9,5320.0,0.03158908892247709
C81,T9,5334.0,0.03135369492367359
C81,T9,5348.0,0.03120743069140743
C81,T9,5362.0,0.030933185255908217
C81,T9,5376.0,0.0307572111014629
C81,T9,5390.0,0.030546956267580083
C81,T9,5404.0,0.030313847647405818
C81,T9,5418.0,0.030147015007477185
C81,T9,5432.0,0.029900194115527894
C81,T9,5446.0,0.02969908079616176
C81,T9,5460.0,0.02945225990421247
C81,T9,5474.0,0.029223722041296547
C81,T9,5488.0,0.029011181828784625
C81,T9,5502.0,0.028743792529172862
C81,T9,5516.0,0.02857010375335678
C81,T9,5530.0,0.028396414977540568
C81,T9,5544.0,0.028186160143657882
C81,T9,5558.0,0.027982761445662644
C81,T9,5572.0,0.02781821418436312
C81,T9,5586.0,0.027617100864996986
C81,T9,5600.0,0.027413702167001747
C81,T9,5614.0,0.02723315725529809
C81,T9,5628.0,0.02704575620770698
C81,T9,5642.0,0.02685606978148677
C81,T9,5656.0,0.026718947063737165
C81,T9,5670.0,0.026499550715337793
C81,T9,5684.0,0.026289295881454976
C81,T9,5698.0,0.02612474862015545
C81,T9,5712.0,0.025994482038293423
C81,T9,5726.0,0.025834505534252237
C81,T9,5740.0,0.02562425070036942
C81,T9,5754.0,0.025475701089474025
C81,T9,5768.0,0.025340863750353656
C81,T9,5782.0,0.025206026411233155
C81,T9,5796.0,0.024984344684204678
C81,T9,5810.0,0.024822082801534258
C81,T9,5824.0,0.02468724546241389
C81,T9,5838.0,0.024543266608776832
C81,T9,5852.0,0.024367292454331516
C81,T10,0.0,1.0
C81,T10,14.0,0.9996185212885975
C81,T10,28.0,0.9994294121837998
C81,T10,42.0,0.9993576811440492
C81,T10,56.0,0.9986860177718366
C81,T10,70.0,0.9970427248611806
C81,T10,84.0,0.9940691472133271
C81,T10,98.0,0.9899217889150053
C81,T10,112.0,0.9843919778505758
C81,T10,126.0,0.9778514112260209
C81,T10,140.0,0.9703979040955457
C81,T10,154.0,0.9622270865675624
C81,T10,168.0,0.9536291433028805
C81,T10,182.0,0.9446660238358311
C81,T10,196.0,0.9353833751917091
C81,T10,210.0,0.9259996509915751
C81,T10,224.0,0.9162181455710043
C81,T10,238.0,0.9067431273202783
C81,T10,252.0,0.8972289830478694
C81,T10,266.0,0.8879006873784521
C81,T10,280.0,0.8784256691277257
C81,T10,294.0,0.8690680289420463
C81,T10,308.0,0.8597690777888904
C81,T10,322.0,0.8505744626935537
C81,T10,336.0,0.8415917802156633
C81,T10,350.0,0.8327525598172741
C81,T10,364.0,0.8240828855128411
C81,T10,378.0,0.8155208077680349
C81,T10,392.0,0.8071739231424814
C81,T10,406.0,0.7988042150042797
C81,T10,420.0,0.7907409940359226
C81,T10,434.0,0.7827038570820198
C81,T10,448.0,0.7749438627817007
C81,T10,462.0,0.7672588600229391
C81,T10,476.0,0.7597042773364515
C81,T10,490.0,0.7524040137908987
C81,T10,504.0,0.7452178678085859
C81,T10,518.0,0.7381164948732515
C81,T10,532.0,0.7312498780680108
C81,T10,546.0,0.7242919672121781
C81,T10,560.0,0.7175851149954735
C81,T10,574.0,0.7109891198402021
C81,T10,588.0,0.7044289902048058
C81,T10,602.0,0.6980873141904692
C81,T10,616.0,0.6916934701472228
C81,T10,630.0,0.6854691721979329
C81,T10,644.0,0.6778004719482054
C81,T10,658.0,0.6717978881217817
C81,T10,672.0,0.6657822622881308
C81,T10,686.0,0.6599590060610842
C81,T10,700.0,0.6540672792960938
C81,T10,714.0,0.6483450986250598
C81,T10,728.0,0.6426783464847425
C81,T10,742.0,0.6371941824456091
C81,T10,756.0,0.6317100184064758
C81,T10,770.0,0.6263562744396168
C81,T10,784.0,0.6210612195052811
C81,T10,798.0,0.6157107360402289
C81,T10,812.0,0.6104352441167343
C81,T10,826.0,0.6052543067456387
C81,T10,840.0,0.6002689994829545
C81,T10,854.0,0.5952869527220772
C81,T10,868.0,0.5904222840262464
C81,T10,882.0,0.5855967413520983
C81,T10,896.0,0.5809211817610654
C81,T10,910.0,0.5764216892676028
C81,T10,924.0,0.5718504657343895
C81,T10,938.0,0.5672890237065966
C81,T10,952.0,0.5628351782384301
C81,T10,966.0,0.5583813327702635
C81,T10,980.0,0.554018781352689
C81,T10,994.0,0.5496855744513761
C81,T10,1008.0,0.5453262835356084
C81,T10,1022.0,0.5410713286776602
C81,T10,1036.0,0.536813113317905
C81,T10,1050.0,0.5325875029762185
C81,T10,1064.0,0.52838471614718
C81,T10,1078.0,0.5241525848018797
C81,T10,1092.0,0.5199595794782614
C81,T10,1106.0,0.5158578682052355
C81,T10,1120.0,0.5118637534918359
C81,T10,1134.0,0.5077881262332647
C81,T10,1148.0,0.5039798601228558
C81,T10,1162.0,0.5001161654817301
C81,T10,1176.0,0.49628507585867343
C81,T10,1190.0,0.49252245677356055
C81,T10,1204.0,0.4888054847137437
C81,T10,1218.0,0.48505264713405133
C81,T10,1232.0,0.4813943641067578
C81,T10,1246.0,0.47769043405416844
C81,T10,1260.0,0.4739865040015789
C81,T10,1274.0,0.47044233853752526
C81,T10,1288.0,0.4669144755825061
C81,T10,1302.0,0.46338009162387334
C81,T10,1316.0,0.45995656472667357
C81,T10,1330.0,0.4564254412698474
C81,T10,1344.0,0.4530410403943299
C81,T10,1358.0,0.44963381600616453
C81,T10,1372.0,0.4462624571378745
C81,T10,1386.0,0.4429367452948805
C81,T10,1400.0,0.43963385696453433
C81,T10,1414.0,0.43641574168116665
C81,T10,1428.0,0.43301829879842163
C81,T10,1442.0,0.42973823398072364
C81,T10,1456.0,0.4264712111702528
C81,T10,1470.0,0.42319766735616854
C81,T10,1484.0,0.4200154175926762
C81,T10,1498.0,0.4160604289009587
C81,T10,1512.0,0.4129368681699898
C81,T10,1526.0,0.4105697438582117
C81,T10,1540.0,0.40665388118817647
C81,T10,1554.0,0.4036248750096065
C81,T10,1568.0,0.40058934782742256
C81,T10,1582.0,0.397482089605488
C81,T10,1596.0,0.39453459597208934
C81,T10,1610.0,0.3914469007609958
C81,T10,1624.0,0.3885189701384382
C81,T10,1638.0,0.38552256897793674
C81,T10,1652.0,0.38268267190416444
C81,T10,1666.0,0.3797384387725726
C81,T10,1680.0,0.37688549969157276
C81,T10,1694.0,0.3740129975997319
C81,T10,1708.0,0.3712611340747445
C81,T10,1722.0,0.36841145549555165
C81,T10,1736.0,0.36565307096695066
C81,T10,1750.0,0.3629012074419634
C81,T10,1764.0,0.3601689069278173
C81,T10,1778.0,0.35756376598413864
C81,T10,1792.0,0.35486080998625424
C81,T10,1806.0,0.35228827406064417
C81,T10,1820.0,0.34961140207721453
C81,T10,1834.0,0.3470127821371495
C81,T10,1848.0,0.3443456916591406
C81,T10,1862.0,0.3417796767371442
C81,T10,1876.0,0.3392397458296027
C81,T10,1890.0,0.33534018566860174
C81,T10,1904.0,0.33280677576467393
C81,T10,1918.0,0.3302048953228021
C81,T10,1932.0,0.32772691394959086
C81,T10,1946.0,0.32524893257637966
C81,T10,1960.0,0.32280355622123696
C81,T10,1974.0,0.3203483983606735
C81,T10,1988.0,0.31788671949649655
C81,T10,2002.0,0.315623931242538
C81,T10,2016.0,0.3132600674325666
C81,T10,2030.0,0.31085055659729943
C81,T10,2044.0,0.30844430626383906
C81,T10,2058.0,0.30610978697012947
C81,T10,2072.0,0.3038469987161707
C81,T10,2086.0,0.30153204243330234
C81,T10,2100.0,0.299194262637786
C81,T10,2114.0,0.29749554119641347
C81,T10,2128.0,0.2953012234803988
C81,T10,2142.0,0.2931623342951006
C81,T10,2156.0,0.2910756131387122
C81,T10,2170.0,0.2889008584335385
C81,T10,2184.0,0.2867978347681159
C81,T10,2198.0,0.28471763461534105
C81,T10,2212.0,0.28256570342281556
C81,T10,2226.0,0.2805409318007575
C81,T10,2240.0,0.27852594168411976
C81,T10,2254.0,0.27655333809097143
C81,T10,2268.0,0.27459051600324347
C81,T10,2282.0,0.2725983493992539
C81,T10,2296.0,0.2706159643006849
C81,T10,2310.0,0.2686922682346394
C81,T10,2324.0,0.26674574865594586
C81,T10,2338.0,0.26484813660435513
C81,T10,2352.0,0.26290161702566145
C81,T10,2366.0,0.26099096296684327
C81,T10,2380.0,0.259083569409832
C81,T10,2394.0,0.2571826968564345
C81,T10,2408.0,0.2552753032994231
C81,T10,2422.0,0.2533548677351844
C81,T10,2436.0,0.25143443217094563
C81,T10,2450.0,0.24957594614103723
C81,T10,2464.0,0.24773702312196985
C81,T10,2478.0,0.24594700763000546
C81,T10,2492.0,0.2441341686253929
C81,T10,2506.0,0.24235719514065598
C81,T10,2520.0,0.2405182721215886
C81,T10,2534.0,0.23877716415672703
C81,T10,2548.0,0.23702301418463798
C81,T10,2562.0,0.23525256170351463
C81,T10,2576.0,0.23351471424046005
C81,T10,2590.0,0.23174752226114348
C81,T10,2604.0,0.2300455403179642
C81,T10,2618.0,0.2283696423892397
C81,T10,2632.0,0.22669700496232217
C81,T10,2646.0,0.2250080650263702
C81,T10,2660.0,0.22343650315546526
C81,T10,2674.0,0.2217703867321613
C81,T10,2688.0,0.22018578285402884
C81,T10,2702.0,0.21866964951384046
C81,T10,2716.0,0.21711112965016283
C81,T10,2730.0,0.21555587028829196
C81,T10,2744.0,0.2139973504246145
C81,T10,2758.0,0.21250730109888072
C81,T10,2772.0,0.21099116775869234
C81,T10,2786.0,0.20935113534984334
C81,T10,2800.0,0.20787412803133706
C81,T10,2814.0,0.20634821318572816
C81,T10,2828.0,0.20486142436180133
C81,T10,2842.0,0.20347245059208013
C81,T10,2856.0,0.20201500628441527
C81,T10,2870.0,0.200583645991205
C81,T10,2884.0,0.19911642017811942
C81,T10,2898.0,0.19767527837948864
C81,T10,2912.0,0.1963156491260294
C81,T10,2926.0,0.19486146532017112
C81,T10,2940.0,0.19354096208839416
C81,T10,2954.0,0.19220415634758273
C81,T10,2968.0,0.19084452709412347
C81,T10,2982.0,0.1894783768370503
C81,T10,2996.0,0.1880633190528743
C81,T10,3010.0,0.1867134713048356
C81,T10,3024.0,0.1853962285748654
C81,T10,3038.0,0.18403333881959918
C81,T10,3052.0,0.18273239859866328
C81,T10,3066.0,0.18144450038495483
C81,T10,3080.0,0.18008813163330237
C81,T10,3094.0,0.17876110739791165
C81,T10,3108.0,0.17747320918420323
C81,T10,3122.0,0.17619509247591514
C81,T10,3136.0,0.1749365387784685
C81,T10,3150.0,0.17363559855753255
C81,T10,3164.0,0.17239660787092695
C81,T10,3178.0,0.17114457517709383
C81,T10,3192.0,0.1699577525193978
C81,T10,3206.0,0.1688524424068735
C81,T10,3220.0,0.16765583824375693
C81,T10,3234.0,0.16652444411677747
C81,T10,3248.0,0.16534088196088859
C81,T10,3262.0,0.1641638408086131
C81,T10,3276.0,0.16306505169970234
C81,T10,3290.0,0.16181301900586942
C81,T10,3304.0,0.16068162487888996
C81,T10,3318.0,0.1596447853043095
C81,T10,3332.0,0.15852317268275073
C81,T10,3346.0,0.15737873654854395
C81,T10,3360.0,0.15622451890891648
C81,T10,3374.0,0.15511920879639196
C81,T10,3388.0,0.1541377977525281
C81,T10,3402.0,0.15304879014903786
C81,T10,3416.0,0.15194021953470657
C81,T10,3430.0,0.15085121193121637
C81,T10,3444.0,0.14980785135302216
C81,T10,3458.0,0.14873188575675925
C81,T10,3472.0,0.14763961765146225
C81,T10,3486.0,0.14663212259314337
C81,T10,3500.0,0.14562788803663146
C81,T10,3514.0,0.14460735097108526
C81,T10,3528.0,0.14362267942541443
C81,T10,3542.0,0.14267713390142603
C81,T10,3556.0,0.14171854637021014
C81,T10,3570.0,0.140694748802857
C81,T10,3584.0,0.1397785477951302
C81,T10,3598.0,0.13883300227114162
C81,T10,3612.0,0.13787441473992573
C81,T10,3626.0,0.13695495323039214
C81,T10,3640.0,0.13608439924796134
C81,T10,3654.0,0.13512907221855225
C81,T10,3668.0,0.13426829974154197
C81,T10,3682.0,0.13340426676272493
C81,T10,3696.0,0.13244567923150888
C81,T10,3710.0,0.13157838575088507
C81,T10,3724.0,0.13075347879375013
C81,T10,3738.0,0.12985684079686455
C81,T10,3752.0,0.12892433728010344
C81,T10,3766.0,0.12803748078863839
C81,T10,3780.0,0.12710171677007054
C81,T10,3794.0,0.1262735493111288
C81,T10,3808.0,0.12540951633231176
C81,T10,3822.0,0.12455526485891526
C81,T10,3836.0,0.12364232435299521
C81,T10,3850.0,0.12283045940308795
C81,T10,3864.0,0.12193382140620218
C81,T10,3878.0,0.12115456147436346
C81,T10,3892.0,0.12035573853168349
C81,T10,3906.0,0.11950474756009376
C81,T10,3920.0,0.11866353809392473
C81,T10,3934.0,0.11785167314401727
C81,T10,3948.0,0.11708219471759908
C81,T10,3962.0,0.11635510281467012
C81,T10,3976.0,0.11548128833043238
C81,T10,3990.0,0.11474767542388949
C81,T10,4004.0,0.1140271045245741
C81,T10,4018.0,0.11329675211983818
C81,T10,4032.0,0.1125240131916132
C81,T10,4046.0,0.11178387928145657
C81,T10,4060.0,0.11111221590924418
C81,T10,4074.0,0.11036882149728076
C81,T10,4088.0,0.10964172959435163
C81,T10,4102.0,0.10889507468058145
C81,T10,4116.0,0.10828862134450594
C81,T10,4130.0,0.1075484874343495
C81,T10,4144.0,0.10686704255671639
C81,T10,4158.0,0.10620516068992433
C81,T10,4172.0,0.1055139343068707
C81,T10,4186.0,0.10484879193827204
C81,T10,4200.0,0.1042227755913555
C81,T10,4214.0,0.10354785171733613
C81,T10,4228.0,0.10287292784331659
C81,T10,4242.0,0.10225017199820699
C81,T10,4256.0,0.10154916410973265
C81,T10,4270.0,0.10089380324655452
C81,T10,4284.0,0.1002254003761489
C81,T10,4298.0,0.09951135048044707
C81,T10,4312.0,0.09882990560281414
C81,T10,4326.0,0.09821367076131812
C81,T10,4340.0,0.0976202594324701
C81,T10,4354.0,0.0969127305403822
C81,T10,4368.0,0.09624106716816962
C81,T10,4382.0,0.09554984078511598
C81,T10,4396.0,0.09488469841651714
C81,T10,4410.0,0.0942195560479183
C81,T10,4424.0,0.09360984221003621
C81,T10,4438.0,0.0928925318125276
C81,T10,4452.0,0.09233824650536186
C81,T10,4466.0,0.09167310413676304
C81,T10,4480.0,0.09100796176816438
C81,T10,4494.0,0.09038194542124782
C81,T10,4508.0,0.08975918957613806
C81,T10,4522.0,0.08919186226174501
C81,T10,4536.0,0.08856584591482847
C81,T10,4550.0,0.08801808161127647
C81,T10,4564.0,0.08739206526435993
C81,T10,4578.0,0.0868736454770697
C81,T10,4592.0,0.08621176361027783
C81,T10,4606.0,0.0856933438229876
C81,T10,4620.0,0.08512601650859439
C81,T10,4634.0,0.08455868919420136
C81,T10,4648.0,0.08396201736354637
C81,T10,4662.0,0.08340773205638083
C81,T10,4676.0,0.08286648875644259
C81,T10,4690.0,0.08228611943482206
C81,T10,4704.0,0.08173183412765633
C81,T10,4718.0,0.08121015383855933
C81,T10,4732.0,0.08072433906933764
C81,T10,4746.0,0.08015049075133068
C81,T10,4760.0,0.07967119698572274
C81,T10,4774.0,0.07917234020927374
C81,T10,4788.0,0.07864413891656281
C81,T10,4802.0,0.07812897963107937
C81,T10,4816.0,0.07770511439618799
C81,T10,4830.0,0.07718343410709098
C81,T10,4844.0,0.07667805632702807
C81,T10,4858.0,0.07619224155780638
C81,T10,4872.0,0.0756803427741299
C81,T10,4886.0,0.07527604055007955
C81,T10,4900.0,0.07477392327182361
C81,T10,4914.0,0.07431093201524994
C81,T10,4928.0,0.07391315079481334
C81,T10,4942.0,0.07346646204727413
C81,T10,4956.0,0.0729969497870867
C81,T10,4970.0,0.0724785299997963
C81,T10,4984.0,0.07205140426309814
C81,T10,4998.0,0.07161123651917248
C81,T10,5012.0,0.07116780827343987
C81,T10,5026.0,0.07066569099518391
C81,T10,5040.0,0.07015379221150743
C81,T10,5054.0,0.0695864648971142
C81,T10,5068.0,0.06912021313873376
C81,T10,5082.0,0.06858875134421605
C81,T10,5096.0,0.06809641557138062
C81,T10,5110.0,0.06752256725337383
C81,T10,5124.0,0.06699436596066309
C81,T10,5138.0,0.06639117312639455
C81,T10,5152.0,0.06593470287343443
C81,T10,5166.0,0.06543584609698544
C81,T10,5180.0,0.06489134229524024
C81,T10,5194.0,0.0644739980639626
C81,T10,5208.0,0.06399470429835466
C81,T10,5222.0,0.06350236852551923
C81,T10,5236.0,0.06301329325449076
C81,T10,5250.0,0.06265789855754324
C81,T10,5264.0,0.06219164679916279
C81,T10,5278.0,0.061715613535361626
C81,T10,5292.0,0.06125588278059493
C81,T10,5306.0,0.06079615202582803
C81,T10,5320.0,0.06044401783068747
C81,T10,5334.0,0.059997329083148074
C81,T10,5348.0,0.059589766357290956
C81,T10,5362.0,0.059159380118785826
C81,T10,5376.0,0.05872247287666695
C81,T10,5390.0,0.05836381767791264
C81,T10,5404.0,0.05789756591953219
C81,T10,5418.0,0.057551952728005375
C81,T10,5432.0,0.057124826991307026
C81,T10,5446.0,0.05670422225822261
C81,T10,5460.0,0.05629992003417227
C81,T10,5474.0,0.05585975229024662
C81,T10,5488.0,0.055543483614981556
C81,T10,5502.0,0.055109836874669464
C81,T10,5516.0,0.054721837159653584
C81,T10,5530.0,0.05435340045547875
C81,T10,5544.0,0.05394257722781467
C81,T10,5558.0,0.0535774010254468
C81,T10,5572.0,0.05319918281585145
C81,T10,5586.0,0.05282748560986965
C81,T10,5600.0,0.052416662382205756
C81,T10,5614.0,0.05214604073223654
C81,T10,5628.0,0.05174173850818639
C81,T10,5642.0,0.05144503284376239
C81,T10,5656.0,0.05113202467030411
C81,T10,5670.0,0.050773369471549805
C81,T10,5684.0,0.05044405878905726
C81,T10,5698.0,0.050124529611985234
C81,T10,5712.0,0.04976261391142415
C81,T10,5726.0,0.04941700071989733
C81,T10,5740.0,0.04911377405185958
C81,T10,5754.0,0.04873229534045744
C81,T10,5768.0,0.0485660097483076
C81,T10,5782.0,0.04825952257846306
C81,T10,5796.0,0.04784869935079917
C81,T10,5810.0,0.04758133820263692
C81,T10,5824.0,0.04728463253821291
C81,T10,5838.0,0.04692923784126557
C81,T10,5852.0,0.046665137194910104
C81,T3,0.0,1.0
C81,T3,14.0,0.9977527938840877
C81,T3,28.0,0.9975138114155
C81,T3,42.0,0.9979956309086202
C81,T3,56.0,0.9986431963073737
C81,T3,70.0,0.999098033908879
C81,T3,84.0,0.9991674159158883
C81,T3,98.0,0.9988282149927319
C81,T3,112.0,0.9977605029959774
C81,T3,126.0,0.9960105345969652
C81,T3,140.0,0.9937710375929426
C81,T3,154.0,0.9909071025258362
C81,T3,168.0,0.9876076026369494
C81,T3,182.0,0.9839380653773463
C81,T3,196.0,0.9798753634113572
C81,T3,210.0,0.9756045154243399
C81,T3,224.0,0.9709096662833776
C81,T3,238.0,0.9662340899221393
C81,T3,252.0,0.961284840088809
C81,T3,266.0,0.956293190140084
C81,T3,280.0,0.9509854666038724
C81,T3,294.0,0.9456546157319908
C81,T3,308.0,0.9402004190698707
C81,T3,322.0,0.9346691312888515
C81,T3,336.0,0.9290029340497584
C81,T3,350.0,0.92339455514984
C81,T3,364.0,0.9177245033548019
C81,T3,378.0,0.9119966332205891
C81,T3,392.0,0.9062880358661015
C81,T3,406.0,0.9005062019486596
C81,T3,420.0,0.8948053137060616
C81,T3,434.0,0.8889463886697206
C81,T3,448.0,0.8832879005425176
C81,T3,462.0,0.8774790847334611
C81,T3,476.0,0.8716933962600744
C81,T3,490.0,0.8660387626888159
C81,T3,504.0,0.8602916197748787
C81,T3,518.0,0.8546254225357854
C81,T3,532.0,0.8490632983072064
C81,T3,546.0,0.8434317920716181
C81,T3,560.0,0.837850395063314
C81,T3,574.0,0.8322381616074505
C81,T3,588.0,0.8266490554872569
C81,T3,602.0,0.8211254768181273
C81,T3,616.0,0.8155556434776581
C81,T3,630.0,0.8100243556966389
C81,T3,644.0,0.8031516824467729
C81,T3,658.0,0.7977668677916618
C81,T3,672.0,0.7923203802414315
C81,T3,686.0,0.7869317110303757
C81,T3,700.0,0.7815044962598704
C81,T3,714.0,0.7760695723774748
C81,T3,728.0,0.7707233032818137
C81,T3,742.0,0.7654271434134368
C81,T3,756.0,0.7601618199926198
C81,T3,770.0,0.754969733134757
C81,T3,784.0,0.7497660826090592
C81,T3,798.0,0.7445315956358017
C81,T3,812.0,0.7393510724457738
C81,T3,826.0,0.7341898220354707
C81,T3,840.0,0.7290594080727272
C81,T3,854.0,0.7239791033372682
C81,T3,868.0,0.7189566169409838
C81,T3,882.0,0.7139649669922589
C81,T3,896.0,0.7090195717148734
C81,T3,910.0,0.704197522227727
C81,T3,924.0,0.6994410001916447
C81,T3,938.0,0.6945572778093789
C81,T3,952.0,0.6897891921054617
C81,T3,966.0,0.6850442337372145
C81,T3,980.0,0.6802915662570772
C81,T3,994.0,0.6756429717874538
C81,T3,1008.0,0.6709018679751514
C81,T3,1022.0,0.666280255397143
C81,T3,1036.0,0.6616586428191343
C81,T3,1050.0,0.6570447393530157
C81,T3,1064.0,0.6524578177785119
C81,T3,1078.0,0.6478246415326684
C81,T3,1092.0,0.6432377199581645
C81,T3,1106.0,0.6386893439431102
C81,T3,1120.0,0.6342219136029
C81,T3,1134.0,0.6295925919130014
C81,T3,1148.0,0.6252870529224799
C81,T3,1162.0,0.6209198410368386
C81,T3,1176.0,0.6165449200393076
C81,T3,1190.0,0.6122933448320155
C81,T3,1204.0,0.6079762421736589
C81,T3,1218.0,0.6036938305188067
C81,T3,1232.0,0.5995154918744686
C81,T3,1246.0,0.5952716257790663
C81,T3,1260.0,0.591027759683664
C81,T3,1274.0,0.5868571301512159
C81,T3,1288.0,0.5827481735138871
C81,T3,1302.0,0.5786237986527787
C81,T3,1316.0,0.5745418239070647
C81,T3,1330.0,0.5704791219410753
C81,T3,1344.0,0.5664511109785909
C81,T3,1358.0,0.5624847729112258
C81,T3,1372.0,0.5585299985116955
C81,T3,1386.0,0.5545520967764955
C81,T3,1400.0,0.5506512861601945
C81,T3,1414.0,0.5468584031103529
C81,T3,1428.0,0.542953737938107
C81,T3,1442.0,0.539079909213421
C81,T3,1456.0,0.5352716079397992
C81,T3,1470.0,0.531397779215113
C81,T3,1484.0,0.5275856233855466
C81,T3,1498.0,0.5228291013494643
C81,T3,1512.0,0.5190786184150168
C81,T3,1526.0,0.5163303200262593
C81,T3,1540.0,0.5116585982209664
C81,T3,1554.0,0.5079774972935284
C81,T3,1568.0,0.5044775604955037
C81,T3,1582.0,0.5007000956694416
C81,T3,1596.0,0.49717317697980196
C81,T3,1610.0,0.4935267670558687
C81,T3,1624.0,0.4899728664746143
C81,T3,1638.0,0.4864420932290298
C81,T3,1652.0,0.48294601098695
C81,T3,1666.0,0.47941523774136524
C81,T3,1680.0,0.475965410170625
C81,T3,1694.0,0.4725040189320497
C81,T3,1708.0,0.4691505552599333
C81,T3,1722.0,0.465716145912973
C81,T3,1736.0,0.46234726401707676
C81,T3,1750.0,0.4590362004603551
C81,T3,1764.0,0.4556249184490644
C81,T3,1778.0,0.4523948005671868
C81,T3,1792.0,0.44911842801396984
C81,T3,1806.0,0.445907582911817
C81,T3,1820.0,0.4426813195858844
C81,T3,1834.0,0.4395090200431814
C81,T3,1848.0,0.43629432038508364
C81,T3,1862.0,0.4331258753983255
C81,T3,1876.0,0.4299458667437325
C81,T3,1890.0,0.42526643582654927
C81,T3,1904.0,0.4221018453957362
C81,T3,1918.0,0.41897580052437267
C81,T3,1932.0,0.4158459010970641
C81,T3,1946.0,0.4128354929040493
C81,T3,1960.0,0.40977112092780504
C81,T3,1974.0,0.4066836216158911
C81,T3,1988.0,0.40370790442638105
C81,T3,2002.0,0.4008092783557701
C81,T3,2016.0,0.39784897939004
C81,T3,2030.0,0.3949079532040344
C81,T3,2044.0,0.39196692701802904
C81,T3,2058.0,0.38904517361174845
C81,T3,2072.0,0.38621207499220184
C81,T3,2086.0,0.38334428536915055
C81,T3,2100.0,0.3795591114311987
C81,T3,2114.0,0.37738514187824046
C81,T3,2128.0,0.37484113495456595
C81,T3,2142.0,0.3721930550203777
C81,T3,2156.0,0.3695642478659141
C81,T3,2170.0,0.366885331484166
C81,T3,2184.0,0.3642256878821427
C81,T3,2198.0,0.361612298951459
C81,T3,2212.0,0.3589757826851054
C81,T3,2226.0,0.35644719398521074
C81,T3,2240.0,0.3538453687223619
C81,T3,2254.0,0.3513052163546324
C81,T3,2268.0,0.348776627654738
C81,T3,2282.0,0.3462942936261829
C81,T3,2296.0,0.34374257759061844
C81,T3,2310.0,0.34131420734529283
C81,T3,2324.0,0.3389166735475269
C81,T3,2338.0,0.33648059419031134
C81,T3,2352.0,0.33409076950443534
C81,T3,2366.0,0.33163156281155015
C81,T3,2380.0,0.32931112013268354
C81,T3,2394.0,0.3268210769922385
C81,T3,2408.0,0.32453147076093153
C81,T3,2422.0,0.32213779151911043
C81,T3,2436.0,0.31985203984374855
C81,T3,2450.0,0.31742366959842294
C81,T3,2464.0,0.31507239047199653
C81,T3,2478.0,0.31282518435608425
C81,T3,2492.0,0.31047775978560266
C81,T3,2506.0,0.3082498264494152
C81,T3,2520.0,0.30599491122161265
C81,T3,2534.0,0.30378239610920504
C81,T3,2548.0,0.3015428991051825
C81,T3,2562.0,0.29931882032493984
C81,T3,2576.0,0.29715641443981644
C81,T3,2590.0,0.2949708812190234
C81,T3,2604.0,0.2928123298898453
C81,T3,2618.0,0.29070388778795136
C81,T3,2632.0,0.28850679089932346
C81,T3,2646.0,0.28635594868203507
C81,T3,2660.0,0.284366997814435
C81,T3,2674.0,0.28225470115659623
C81,T3,2688.0,0.28022720472954654
C81,T3,2702.0,0.27826523575356144
C81,T3,2716.0,0.2762261756586769
C81,T3,2730.0,0.2741524245602877
C81,T3,2744.0,0.27221358291997205
C81,T3,2758.0,0.2703094322831613
C81,T3,2772.0,0.26833975419528594
C81,T3,2786.0,0.26630840321229143
C81,T3,2800.0,0.26440810713142554
C81,T3,2814.0,0.2624615563792201
C81,T3,2828.0,0.26054198751862945
C81,T3,2842.0,0.25872649166855266
C81,T3,2856.0,0.2568416138114667
C81,T3,2870.0,0.2550068451816651
C81,T3,2884.0,0.25320291299942316
C81,T3,2898.0,0.25132574425422693
C81,T3,2912.0,0.24957192129926964
C81,T3,2926.0,0.24771017077785332
C81,T3,2940.0,0.2459910388264005
C81,T3,2954.0,0.2442025248679387
C81,T3,2968.0,0.24246412013676108
C81,T3,2982.0,0.24078353374475783
C81,T3,2996.0,0.23902200167791054
C81,T3,3010.0,0.23726432416700813
C81,T3,3024.0,0.2355529013274455
C81,T3,3038.0,0.2338453330438277
C81,T3,3052.0,0.2321955830993843
C81,T3,3066.0,0.23050728759549108
C81,T3,3080.0,0.22881128297970812
C81,T3,3094.0,0.22712684203176
C81,T3,3108.0,0.22555418320621595
C81,T3,3122.0,0.22383505125476313
C81,T3,3136.0,0.2222623924292191
C81,T3,3150.0,0.22056638781343593
C81,T3,3164.0,0.21902841999139638
C81,T3,3178.0,0.2174441974980175
C81,T3,3192.0,0.21593706612353758
C81,T3,3206.0,0.2143682618539384
C81,T3,3220.0,0.21284571225567855
C81,T3,3234.0,0.2113732718847033
C81,T3,3248.0,0.20990083151372832
C81,T3,3262.0,0.20835900913574368
C81,T3,3276.0,0.20692896888016313
C81,T3,3290.0,0.20538329194623361
C81,T3,3304.0,0.20397252447037784
C81,T3,3318.0,0.2025039386553475
C81,T3,3332.0,0.20107775295571179
C81,T3,3346.0,0.19966313092391094
C81,T3,3360.0,0.19820996333266072
C81,T3,3374.0,0.19676450485330024
C81,T3,3388.0,0.1954154102725637
C81,T3,3402.0,0.19407402480371713
C81,T3,3416.0,0.1927287847789257
C81,T3,3430.0,0.19127176263173037
C81,T3,3444.0,0.18991495893910387
C81,T3,3458.0,0.18855815524647762
C81,T3,3472.0,0.18715509688251158
C81,T3,3486.0,0.18587538430878447
C81,T3,3500.0,0.18454941706371802
C81,T3,3514.0,0.18324657715432102
C81,T3,3528.0,0.18201697380787832
C81,T3,3542.0,0.18069486111875677
C81,T3,3556.0,0.17953078522337837
C81,T3,3570.0,0.178170126974807
C81,T3,3584.0,0.17697906918781386
C81,T3,3598.0,0.175780302288931
C81,T3,3612.0,0.17448517149142395
C81,T3,3626.0,0.17332495015199068
C81,T3,3640.0,0.1721762924803922
C81,T3,3654.0,0.17091585268638987
C81,T3,3668.0,0.16982886790991086
C81,T3,3682.0,0.16863395556697286
C81,T3,3696.0,0.16739278855269532
C81,T3,3710.0,0.16635205844755585
C81,T3,3724.0,0.16522652811162702
C81,T3,3738.0,0.16406245221624866
C81,T3,3752.0,0.16289837632087048
C81,T3,3766.0,0.16174200953738205
C81,T3,3780.0,0.16067044298468275
C81,T3,3794.0,0.15952949442497424
C81,T3,3808.0,0.1583962549771557
C81,T3,3822.0,0.15732854298040147
C81,T3,3836.0,0.15619144897663784
C81,T3,3850.0,0.15514686431555327
C81,T3,3864.0,0.15406758865096423
C81,T3,3878.0,0.15299987665420978
C81,T3,3892.0,0.15192060098962074
C81,T3,3906.0,0.1508181979893618
C81,T3,3920.0,0.14985841355906634
C81,T3,3934.0,0.14880226523014695
C81,T3,3948.0,0.14778466246067737
C81,T3,3962.0,0.14672851413175797
C81,T3,3976.0,0.1457340386979578
C81,T3,3990.0,0.1447665451557726
C81,T3,4004.0,0.14384145172898188
C81,T3,4018.0,0.14285083085112682
C81,T3,4032.0,0.14189490097677646
C81,T3,4046.0,0.14093126199053616
C81,T3,4060.0,0.14001002311969027
C81,T3,4074.0,0.1391581662558538
C81,T3,4088.0,0.13813285437449427
C81,T3,4102.0,0.1371961972798687
C81,T3,4116.0,0.1363867405314269
C81,T3,4130.0,0.13535371953817718
C81,T3,4144.0,0.13453655367784542
C81,T3,4158.0,0.13365386036644913
C81,T3,4172.0,0.13282127628233767
C81,T3,4186.0,0.13192316474716168
C81,T3,4200.0,0.13109828977493998
C81,T3,4214.0,0.1302310146873236
C81,T3,4228.0,0.1293714487115972
C81,T3,4242.0,0.1285581374072103
C81,T3,4256.0,0.12769471687553902
C81,T3,4270.0,0.12683129634386775
C81,T3,4284.0,0.1260680942667655
C81,T3,4298.0,0.1251391462840299
C81,T3,4312.0,0.12428343486424834
C81,T3,4326.0,0.12346241444797172
C81,T3,4340.0,0.12266837592330963
C81,T3,4354.0,0.12188975562242746
C81,T3,4368.0,0.12096851675158181
C81,T3,4382.0,0.12014749633530497
C81,T3,4396.0,0.11929178491552343
C81,T3,4410.0,0.11848232816708164
C81,T3,4424.0,0.1176651623067499
C81,T3,4438.0,0.11682872366669335
C81,T3,4452.0,0.1161002125930956
C81,T3,4466.0,0.11524064661736917
C81,T3,4480.0,0.11442348075703743
C81,T3,4494.0,0.11367569690371487
C81,T3,4508.0,0.11286624015527309
C81,T3,4522.0,0.11217242008518004
C81,T3,4536.0,0.11131670866539871
C81,T3,4550.0,0.1105959067036909
C81,T3,4564.0,0.10982885007064357
C81,T3,4578.0,0.10913503000055051
C81,T3,4592.0,0.10836797336750338
C81,T3,4606.0,0.10764717140579558
C81,T3,4620.0,0.10694564222381257
C81,T3,4634.0,0.10628265860127913
C81,T3,4648.0,0.10548476552067217
C81,T3,4662.0,0.10480250911841417
C81,T3,4676.0,0.10411254360426597
C81,T3,4690.0,0.10336861430688851
C81,T3,4704.0,0.10267864879274055
C81,T3,4718.0,0.10195013771914278
C81,T3,4732.0,0.10131799054416919
C81,T3,4746.0,0.10062417047407614
C81,T3,4760.0,0.10000358696693736
C81,T3,4774.0,0.09925580311361482
C81,T3,4788.0,0.09868147427781558
C81,T3,4802.0,0.09800692698744731
C81,T3,4816.0,0.09739790714814359
C81,T3,4830.0,0.09675805086127981
C81,T3,4844.0,0.09611819457441646
C81,T3,4858.0,0.0954590655078279
C81,T3,4872.0,0.09485390022446905
C81,T3,4886.0,0.09436051706351406
C81,T3,4900.0,0.09365127876964109
C81,T3,4914.0,0.0930345498184474
C81,T3,4928.0,0.09246022098264818
C81,T3,4942.0,0.09187432847901411
C81,T3,4956.0,0.0913308360907745
C81,T3,4970.0,0.09072181625147055
C81,T3,4984.0,0.09022843309051556
C81,T3,4998.0,0.0896232678071565
C81,T3,5012.0,0.08906821175108227
C81,T3,5026.0,0.08839751901665888
C81,T3,5040.0,0.08785788118436434
C81,T3,5054.0,0.08715635200238134
C81,T3,5068.0,0.08662056872603167
C81,T3,5082.0,0.08604238533428757
C81,T3,5096.0,0.08541794727120393
C81,T3,5110.0,0.08475881820461559
C81,T3,5124.0,0.08408041635830223
C81,T3,5138.0,0.08345983285116346
C81,T3,5152.0,0.08283539478807982
C81,T3,5166.0,0.08217626572149148
C81,T3,5180.0,0.08157880955002236
C81,T3,5194.0,0.0809235350393791
C81,T3,5208.0,0.08043786099031386
C81,T3,5222.0,0.07980185925939538
C81,T3,5236.0,0.0792545123152109
C81,T3,5250.0,0.07876498371020078
C81,T3,5264.0,0.07817138209467676
C81,T3,5278.0,0.0776009078148224
C81,T3,5292.0,0.07704970631469304
C81,T3,5306.0,0.07643297736349915
C81,T3,5320.0,0.0760166853214433
C81,T3,5334.0,0.0754385019296992
C81,T3,5348.0,0.0749297005449643
C81,T3,5362.0,0.07435922626510993
C81,T3,5376.0,0.07386584310415495
C81,T3,5390.0,0.07335318716347516
C81,T3,5404.0,0.07279813110740073
C81,T3,5418.0,0.07229703883455578
C81,T3,5432.0,0.07180365567360057
C81,T3,5446.0,0.07132183618048041
C81,T3,5460.0,0.07072823456495639
C81,T3,5474.0,0.07028110607534094
C81,T3,5488.0,0.06982241391789065
C81,T3,5502.0,0.06924808508209142
C81,T3,5516.0,0.06878168381275096
C81,T3,5530.0,0.06832684621124555
C81,T3,5544.0,0.06784888127407027
C81,T3,5558.0,0.0673169525536657
C81,T3,5572.0,0.06686982406405025
C81,T3,5586.0,0.06641498646254483
C81,T3,5600.0,0.06589076685403
C81,T3,5614.0,0.06555156593087355
C81,T3,5628.0,0.06505818276991834
C81,T3,5642.0,0.06460719972435802
C81,T3,5656.0,0.06426414424525646
C81,T3,5670.0,0.06375534286052156
C81,T3,5684.0,0.06330821437090589
C81,T3,5698.0,0.06294974066802464
C81,T3,5712.0,0.06254886684974852
C81,T3,5726.0,0.06212486569580294
C81,T3,5740.0,0.061693155429967186
C81,T3,5754.0,0.061242172384406865
C81,T3,5768.0,0.06088755323747026
C81,T3,5782.0,0.060567625094038596
C81,T3,5796.0,0.060135914828202845
C81,T3,5810.0,0.05974660467776176
C81,T3,5824.0,0.059322603523815964
C81,T3,5838.0,0.058971838932824455
C81,T3,5852.0,0.058609510673998125
